entityId	languageTag	alias
http://www.wikidata.org/entity/Q1000	fr	GA
http://www.wikidata.org/entity/Q1000	fr	la République gabonaise
http://www.wikidata.org/entity/Q1000	fr	Le Gabon
http://www.wikidata.org/entity/Q1000	fr	République du Gabon
http://www.wikidata.org/entity/Q1000	fr	République gabonaise
http://www.wikidata.org/entity/Q100188	fr	Cluj
http://www.wikidata.org/entity/Q100188	fr	Cluj Napoca
http://www.wikidata.org/entity/Q100188	fr	Klausenbourg
http://www.wikidata.org/entity/Q100188	fr	Klausenburg
http://www.wikidata.org/entity/Q100188	fr	Kolosvar
http://www.wikidata.org/entity/Q100188	fr	Kolosvár
http://www.wikidata.org/entity/Q100188	fr	Kolozsvar
http://www.wikidata.org/entity/Q100188	fr	Kolozsvár
http://www.wikidata.org/entity/Q1002996	fr	BYOB
http://www.wikidata.org/entity/Q1002996	fr	Construye tus propios bloques
http://www.wikidata.org/entity/Q1005	fr	GM
http://www.wikidata.org/entity/Q1005	fr	République de Gambie
http://www.wikidata.org/entity/Q1006	fr	Guinée-Conakry
http://www.wikidata.org/entity/Q1006	fr	République de Guinée
http://www.wikidata.org/entity/Q1007	fr	GB.
http://www.wikidata.org/entity/Q1007	fr	Guinee Bissau
http://www.wikidata.org/entity/Q1007	fr	Guinée Bissau
http://www.wikidata.org/entity/Q1007	fr	Guinée-bissao
http://www.wikidata.org/entity/Q1007	fr	Guinée-Bissao
http://www.wikidata.org/entity/Q1007	fr	la République de Guinée-Bissao
http://www.wikidata.org/entity/Q1007	fr	la République de Guinée-Bissau
http://www.wikidata.org/entity/Q1007	fr	République de Guinée-Bissau
http://www.wikidata.org/entity/Q1008	fr	CI
http://www.wikidata.org/entity/Q1008	fr	CIV
http://www.wikidata.org/entity/Q1008	fr	Cote d'ivoire
http://www.wikidata.org/entity/Q1008	fr	Côte d’Ivoire
http://www.wikidata.org/entity/Q1008	fr	Côte-d'Ivoire
http://www.wikidata.org/entity/Q1008	fr	Côte-d’Ivoire
http://www.wikidata.org/entity/Q1008	fr	république de Côte d’Ivoire
http://www.wikidata.org/entity/Q10086	fr	Mysuru
http://www.wikidata.org/entity/Q1009	fr	la République du Cameroun
http://www.wikidata.org/entity/Q1009	fr	République du Cameroun
http://www.wikidata.org/entity/Q1011	fr	Cabo Verde
http://www.wikidata.org/entity/Q1011	fr	Cap-V.
http://www.wikidata.org/entity/Q1011	fr	Cap-vert
http://www.wikidata.org/entity/Q1011	fr	îles du Cap-Vert
http://www.wikidata.org/entity/Q1011	fr	la République du Cap-Vert
http://www.wikidata.org/entity/Q1013	fr	le Royaume du Lesotho
http://www.wikidata.org/entity/Q1013	fr	LS
http://www.wikidata.org/entity/Q1014	fr	la République du Libéria
http://www.wikidata.org/entity/Q1014	fr	Libéria
http://www.wikidata.org/entity/Q101530	fr	Wielun
http://www.wikidata.org/entity/Q1016	fr	l’État de Libye
http://www.wikidata.org/entity/Q1016	fr	LY
http://www.wikidata.org/entity/Q10179	fr	langue zoulou
http://www.wikidata.org/entity/Q1019	fr	la République de Madagascar
http://www.wikidata.org/entity/Q1019	fr	MG
http://www.wikidata.org/entity/Q1019	fr	République de Madagascar
http://www.wikidata.org/entity/Q1020	fr	la République du Malawi
http://www.wikidata.org/entity/Q1020	fr	MW
http://www.wikidata.org/entity/Q1020	fr	République du Malawi
http://www.wikidata.org/entity/Q10206	fr	záparo
http://www.wikidata.org/entity/Q102225	fr	Harry Potter and the Goblet of Fire
http://www.wikidata.org/entity/Q102235	fr	Harry Potter and the Order of the Phoenix
http://www.wikidata.org/entity/Q102235	fr	Harry Potter et l'Ordre du phenix
http://www.wikidata.org/entity/Q102244	fr	Harry Potter and the Chamber of Secrets
http://www.wikidata.org/entity/Q102350	fr	Beuthen
http://www.wikidata.org/entity/Q102350	fr	Beuthen in Oberschlesien
http://www.wikidata.org/entity/Q102438	fr	Harry Potter a l'ecole des sorciers
http://www.wikidata.org/entity/Q102438	fr	Harry Potter à l’école des sorciers
http://www.wikidata.org/entity/Q102438	fr	Harry Potter and the Philosopher's Stone
http://www.wikidata.org/entity/Q102438	fr	Harry Potter and the Sorcerer's Stone
http://www.wikidata.org/entity/Q102448	fr	Harry Potter and the Prisoner of Azkaban
http://www.wikidata.org/entity/Q102448	fr	Harry Potter et le Prisonnier d’Azkaban
http://www.wikidata.org/entity/Q1025	fr	la République islamique de Mauritanie
http://www.wikidata.org/entity/Q1025	fr	République islamique de Mauritanie
http://www.wikidata.org/entity/Q10266010	fr	parintintin
http://www.wikidata.org/entity/Q1027	fr	Ile Maurice
http://www.wikidata.org/entity/Q1027	fr	île Maurice
http://www.wikidata.org/entity/Q1027	fr	la République de Maurice
http://www.wikidata.org/entity/Q1027	fr	MU
http://www.wikidata.org/entity/Q1027	fr	République de Maurice
http://www.wikidata.org/entity/Q1028	fr	Royaume du Maroc
http://www.wikidata.org/entity/Q1029	fr	la République du Mozambique
http://www.wikidata.org/entity/Q1029	fr	Moz.
http://www.wikidata.org/entity/Q1029	fr	MZ
http://www.wikidata.org/entity/Q1029	fr	république du Mozambique
http://www.wikidata.org/entity/Q1030	fr	la République de Namibie
http://www.wikidata.org/entity/Q1030	fr	République de Namibie
http://www.wikidata.org/entity/Q1031803	fr	UNIROMA2
http://www.wikidata.org/entity/Q1031803	fr	université de Rome 2
http://www.wikidata.org/entity/Q1031803	fr	université de Rome II
http://www.wikidata.org/entity/Q1031803	fr	Universite de Rome Tor Vergata
http://www.wikidata.org/entity/Q1031803	fr	université Rome 2
http://www.wikidata.org/entity/Q1031803	fr	Université Tor Vergata de Rome
http://www.wikidata.org/entity/Q1032	fr	la République du Niger
http://www.wikidata.org/entity/Q1032	fr	ne
http://www.wikidata.org/entity/Q1032	fr	NE
http://www.wikidata.org/entity/Q1032	fr	NIG
http://www.wikidata.org/entity/Q1032	fr	République du Niger
http://www.wikidata.org/entity/Q10322066	fr	karaja
http://www.wikidata.org/entity/Q10322118	fr	yawanawá
http://www.wikidata.org/entity/Q1033	fr	la République fédérale du Nigéria
http://www.wikidata.org/entity/Q1033	fr	ng
http://www.wikidata.org/entity/Q1033	fr	Nigéria
http://www.wikidata.org/entity/Q1033	fr	République fédérale du Nigeria
http://www.wikidata.org/entity/Q1033	fr	République fédérale du Nigéria
http://www.wikidata.org/entity/Q1033	fr	République fédérale nigériane
http://www.wikidata.org/entity/Q103474	fr	2001 : l'Odyssée de l'espace
http://www.wikidata.org/entity/Q103474	fr	2001 l'Odyssée de l'espace
http://www.wikidata.org/entity/Q103474	fr	sorti en
http://www.wikidata.org/entity/Q103569	fr	Alien - Le huitieme passager
http://www.wikidata.org/entity/Q103569	fr	Alien - Le Huitième Passager
http://www.wikidata.org/entity/Q103569	fr	Alien — Le huitième passager
http://www.wikidata.org/entity/Q103569	fr	Alien : le Huitième passager
http://www.wikidata.org/entity/Q103569	fr	Alien, le huitième passager
http://www.wikidata.org/entity/Q103569	fr	L'étranger : le huitième passager
http://www.wikidata.org/entity/Q1036	fr	République d'Ouganda
http://www.wikidata.org/entity/Q1036	fr	République de l'Ouganda
http://www.wikidata.org/entity/Q1037	fr	la République du Rwanda
http://www.wikidata.org/entity/Q1037	fr	République Rwandaise
http://www.wikidata.org/entity/Q103725	fr	Hafnarfjordur
http://www.wikidata.org/entity/Q103725	fr	Hafnarfjorður
http://www.wikidata.org/entity/Q103892	fr	Hindenburg
http://www.wikidata.org/entity/Q103892	fr	Hindenburg/Oberschlesien
http://www.wikidata.org/entity/Q1039	fr	la République démocratique de Sao Tomé-et-Principe
http://www.wikidata.org/entity/Q1039	fr	Saint-Thomas-et-Île-du-Prince
http://www.wikidata.org/entity/Q1039	fr	Saint-Thomas-et-Prince
http://www.wikidata.org/entity/Q1039	fr	São Tomé e Príncipe
http://www.wikidata.org/entity/Q1039	fr	São Tomé et Príncipe
http://www.wikidata.org/entity/Q1039	fr	Sao Tomé-et-Pr.
http://www.wikidata.org/entity/Q1039	fr	Sao Tomé-et-principe
http://www.wikidata.org/entity/Q1039346	fr	Shompen
http://www.wikidata.org/entity/Q1041	fr	la République du Sénégal
http://www.wikidata.org/entity/Q1041	fr	République du Sénégal
http://www.wikidata.org/entity/Q1041	fr	Sén.
http://www.wikidata.org/entity/Q1041	fr	Senegal
http://www.wikidata.org/entity/Q104123	fr	Fiction pulpeuse
http://www.wikidata.org/entity/Q1042	fr	la République des Seychelles
http://www.wikidata.org/entity/Q1042	fr	Repiblik Sesel
http://www.wikidata.org/entity/Q1042	fr	République des Seychelles
http://www.wikidata.org/entity/Q1042	fr	sc
http://www.wikidata.org/entity/Q104302	fr	Chorzow
http://www.wikidata.org/entity/Q104302	fr	Königshütte
http://www.wikidata.org/entity/Q1044	fr	République de Sierra Leone
http://www.wikidata.org/entity/Q1044	fr	SL
http://www.wikidata.org/entity/Q1045	fr	la République fédérale de Somalie
http://www.wikidata.org/entity/Q104712	fr	Elbing
http://www.wikidata.org/entity/Q104720	fr	Grünberg
http://www.wikidata.org/entity/Q104720	fr	Grünberg in Schlesien
http://www.wikidata.org/entity/Q104720	fr	Zielona Gora
http://www.wikidata.org/entity/Q104725	fr	Plock
http://www.wikidata.org/entity/Q1047293	fr	UCSC
http://www.wikidata.org/entity/Q1047293	fr	université de Santa Cruz
http://www.wikidata.org/entity/Q104731	fr	Gorzów
http://www.wikidata.org/entity/Q104731	fr	Lãdzberch
http://www.wikidata.org/entity/Q104731	fr	Landsberg
http://www.wikidata.org/entity/Q104731	fr	Landsberg an der Warthe
http://www.wikidata.org/entity/Q1049	fr	la République du Soudan
http://www.wikidata.org/entity/Q1049	fr	SD
http://www.wikidata.org/entity/Q1049202	fr	Gw basic
http://www.wikidata.org/entity/Q1049202	fr	Gwbasic
http://www.wikidata.org/entity/Q1050	fr	Ngwané
http://www.wikidata.org/entity/Q1050	fr	Royaume d'Eswatini
http://www.wikidata.org/entity/Q1050	fr	Royaume du Swaziland
http://www.wikidata.org/entity/Q1050	fr	Swaziland
http://www.wikidata.org/entity/Q1050	fr	sz
http://www.wikidata.org/entity/Q105031	fr	Home Alone
http://www.wikidata.org/entity/Q105031	fr	Home Alone 1
http://www.wikidata.org/entity/Q105031	fr	Maman j'ai raté l'avion
http://www.wikidata.org/entity/Q105031	fr	Maman, j'ai rate l'avion
http://www.wikidata.org/entity/Q105031	fr	Maman, j’ai raté l’avion
http://www.wikidata.org/entity/Q105031	fr	Maman, j'ai raté l'avion!
http://www.wikidata.org/entity/Q105048	fr	Slupsk
http://www.wikidata.org/entity/Q105048	fr	Stolp
http://www.wikidata.org/entity/Q105048	fr	Stôłpsk
http://www.wikidata.org/entity/Q105060	fr	Sosnowice
http://www.wikidata.org/entity/Q105084	fr	Gleiwitz
http://www.wikidata.org/entity/Q105198599	fr	xingoni
http://www.wikidata.org/entity/Q105198600	fr	chingoni
http://www.wikidata.org/entity/Q1052614	fr	Université d'État de l'utah
http://www.wikidata.org/entity/Q1052614	fr	Université d'État de Utah
http://www.wikidata.org/entity/Q1052614	fr	Université de l'État de l'Utah
http://www.wikidata.org/entity/Q1052614	fr	Utah State University
http://www.wikidata.org/entity/Q1053535	fr	Proce55ing
http://www.wikidata.org/entity/Q1056057	fr	Professional Development System
http://www.wikidata.org/entity/Q1056057	fr	Quick Basic
http://www.wikidata.org/entity/Q1056057	fr	Quick Basic Extended
http://www.wikidata.org/entity/Q1056373	fr	Universite Gallaudet
http://www.wikidata.org/entity/Q1057199	fr	Hokudai
http://www.wikidata.org/entity/Q1057199	fr	Université d'Hokkaido
http://www.wikidata.org/entity/Q1057199	fr	Université d’Hokkaido
http://www.wikidata.org/entity/Q1057199	fr	Université de Hokkaido
http://www.wikidata.org/entity/Q1062121	fr	Universite du Pacifique Sud
http://www.wikidata.org/entity/Q1062121	fr	University of the South Pacific
http://www.wikidata.org/entity/Q106274	fr	Liegnitz
http://www.wikidata.org/entity/Q106316	fr	Cercle des poètes disparus
http://www.wikidata.org/entity/Q106316	fr	Dead Poets Society
http://www.wikidata.org/entity/Q106316	fr	La Société des poètes disparus
http://www.wikidata.org/entity/Q106316	fr	Le Cercle des poetes disparus
http://www.wikidata.org/entity/Q1063665	fr	Université d'économie de Prague
http://www.wikidata.org/entity/Q1063665	fr	VŠE
http://www.wikidata.org/entity/Q1063665	fr	Vysoká škola ekonomická v Praze
http://www.wikidata.org/entity/Q1064482	fr	langue khitan
http://www.wikidata.org/entity/Q1064516	fr	C shell
http://www.wikidata.org/entity/Q1064573	fr	Khazar Université
http://www.wikidata.org/entity/Q106583	fr	Bielsko-Biala
http://www.wikidata.org/entity/Q1068112	fr	manadonais
http://www.wikidata.org/entity/Q10686	fr	Belfast, Irlande du Nord
http://www.wikidata.org/entity/Q106896	fr	Isafiordur
http://www.wikidata.org/entity/Q106896	fr	Isafjordur
http://www.wikidata.org/entity/Q106896	fr	Isafjördur
http://www.wikidata.org/entity/Q107106	fr	Jastrzebie Zdroj
http://www.wikidata.org/entity/Q107106	fr	Jastrzębie Zdroj
http://www.wikidata.org/entity/Q107106	fr	Jastrzebie-Zdroj
http://www.wikidata.org/entity/Q107106	fr	Jastrzębie-Zdrój
http://www.wikidata.org/entity/Q1072029	fr	université de Wales
http://www.wikidata.org/entity/Q1072029	fr	Université du Pays de Galles
http://www.wikidata.org/entity/Q1072029	fr	University of Wales
http://www.wikidata.org/entity/Q10723405	fr	Jarnango
http://www.wikidata.org/entity/Q10723405	fr	nhangu
http://www.wikidata.org/entity/Q107258515	fr	Gouvernement impérial d'Iran
http://www.wikidata.org/entity/Q107258515	fr	Gouvernement impérial de Perse
http://www.wikidata.org/entity/Q10729616	fr	arekuna
http://www.wikidata.org/entity/Q10729616	fr	aricuna
http://www.wikidata.org/entity/Q107401	fr	Sebasteia
http://www.wikidata.org/entity/Q107401	fr	Sebastia
http://www.wikidata.org/entity/Q1074103	fr	Université de Sciences et Technologie de Chine
http://www.wikidata.org/entity/Q1074103	fr	Université des Sciences et de Technologie de Chine
http://www.wikidata.org/entity/Q10751739	fr	tlahuica
http://www.wikidata.org/entity/Q107582	fr	Cesis
http://www.wikidata.org/entity/Q107582	fr	Césis
http://www.wikidata.org/entity/Q107582	fr	Wenden
http://www.wikidata.org/entity/Q1076606	fr	Université Joseph Ki-Zerbo
http://www.wikidata.org/entity/Q1076606	fr	université Joseph Ki-Zerbo de Ouagadougou
http://www.wikidata.org/entity/Q1076606	fr	université Ouaga 1
http://www.wikidata.org/entity/Q1077450	fr	langue onondaguienne
http://www.wikidata.org/entity/Q108155	fr	Koundouz
http://www.wikidata.org/entity/Q108155	fr	Kunduz
http://www.wikidata.org/entity/Q108672	fr	Dabrowa Gornicza
http://www.wikidata.org/entity/Q108672	fr	Dąbrowa Gornicza
http://www.wikidata.org/entity/Q108679	fr	Ruda
http://www.wikidata.org/entity/Q108679	fr	Ruda in Oberschlesien
http://www.wikidata.org/entity/Q108679	fr	Ruda Ślionska
http://www.wikidata.org/entity/Q10884275	fr	xiandao
http://www.wikidata.org/entity/Q109092	fr	Cill Chainnigh
http://www.wikidata.org/entity/Q109116	fr	Dictateur
http://www.wikidata.org/entity/Q109116	fr	The Great Dictator
http://www.wikidata.org/entity/Q109386	fr	Namp'o
http://www.wikidata.org/entity/Q109386	fr	Nampho
http://www.wikidata.org/entity/Q1094046	fr	City University, London
http://www.wikidata.org/entity/Q1095608	fr	Clarion (Langage)
http://www.wikidata.org/entity/Q10961975	fr	kiyombe
http://www.wikidata.org/entity/Q10975121	fr	sénoufo-senanri
http://www.wikidata.org/entity/Q10975121	fr	tyébara
http://www.wikidata.org/entity/Q10975121	fr	tyembara
http://www.wikidata.org/entity/Q10977626	fr	kiikiizo
http://www.wikidata.org/entity/Q110011	fr	Colberg
http://www.wikidata.org/entity/Q110011	fr	Kolberg
http://www.wikidata.org/entity/Q110011	fr	Kolobrzeg
http://www.wikidata.org/entity/Q11009194	fr	boulba
http://www.wikidata.org/entity/Q11010149	fr	beka
http://www.wikidata.org/entity/Q11010149	fr	yaka
http://www.wikidata.org/entity/Q11010783	fr	kerak
http://www.wikidata.org/entity/Q11013108	fr	motembo
http://www.wikidata.org/entity/Q11013108	fr	motembo-kunda-buja
http://www.wikidata.org/entity/Q11028974	fr	kissi méridional
http://www.wikidata.org/entity/Q11042324	fr	kamba
http://www.wikidata.org/entity/Q11056292	fr	chisena
http://www.wikidata.org/entity/Q11056292	fr	cisena
http://www.wikidata.org/entity/Q11057478	fr	ngong
http://www.wikidata.org/entity/Q110732	fr	Waldenburg
http://www.wikidata.org/entity/Q110812703	fr	ajem-turc
http://www.wikidata.org/entity/Q110812703	fr	moyen azéri
http://www.wikidata.org/entity/Q1109927	fr	Buyang
http://www.wikidata.org/entity/Q11124792	fr	kimoi
http://www.wikidata.org/entity/Q11124792	fr	moi
http://www.wikidata.org/entity/Q11124792	fr	moyé
http://www.wikidata.org/entity/Q11124792	fr	moyi
http://www.wikidata.org/entity/Q11129537	fr	Mendankwe-nkwen
http://www.wikidata.org/entity/Q11130292	fr	lontomba
http://www.wikidata.org/entity/Q1113311	fr	Pechaver
http://www.wikidata.org/entity/Q11134434	fr	enwan
http://www.wikidata.org/entity/Q111364697	fr	ancien môn
http://www.wikidata.org/entity/Q11150710	fr	birifor malba
http://www.wikidata.org/entity/Q11153465	fr	dagaari jula
http://www.wikidata.org/entity/Q11153465	fr	dagari dyoula
http://www.wikidata.org/entity/Q11153465	fr	jari
http://www.wikidata.org/entity/Q11153465	fr	wala
http://www.wikidata.org/entity/Q11153465	fr	yari
http://www.wikidata.org/entity/Q11154772	fr	monzombo
http://www.wikidata.org/entity/Q1115878	fr	Université de richmond
http://www.wikidata.org/entity/Q11164947	fr	indaaka
http://www.wikidata.org/entity/Q11164947	fr	ndaaka
http://www.wikidata.org/entity/Q11200640	fr	baïkéno
http://www.wikidata.org/entity/Q1121983	fr	Ilisimatusarfik
http://www.wikidata.org/entity/Q1121983	fr	Université de Nuuk
http://www.wikidata.org/entity/Q1122171	fr	école supérieure de technologie de Brno
http://www.wikidata.org/entity/Q1122171	fr	école supérieure technique de Brno
http://www.wikidata.org/entity/Q1122171	fr	école supérieure technique tchèque de Brno
http://www.wikidata.org/entity/Q1122171	fr	université des technologies de Brno
http://www.wikidata.org/entity/Q1122171	fr	université technique de Brno
http://www.wikidata.org/entity/Q112657	fr	Peja
http://www.wikidata.org/entity/Q11266334	fr	awyu d’Asue
http://www.wikidata.org/entity/Q112893	fr	mongo
http://www.wikidata.org/entity/Q11297920	fr	nchane
http://www.wikidata.org/entity/Q1129925	fr	Pontificia Universidad Católica de Chile
http://www.wikidata.org/entity/Q1129925	fr	Universidad Católica
http://www.wikidata.org/entity/Q1129925	fr	Universidad Católica de Chile
http://www.wikidata.org/entity/Q1129925	fr	Université catholique de Santiago
http://www.wikidata.org/entity/Q1129925	fr	Universite pontificale catholique du Chili
http://www.wikidata.org/entity/Q1131055	fr	Universidade Tecnológica Federal do Paraná
http://www.wikidata.org/entity/Q1131055	fr	Université technologique fédérale de Panará
http://www.wikidata.org/entity/Q1133013	fr	Académie de Kiev
http://www.wikidata.org/entity/Q1133013	fr	Universite nationale de Kiev-Mohyla-Academie
http://www.wikidata.org/entity/Q1133013	fr	Université nationale de Kiev-Mohyla-Académie
http://www.wikidata.org/entity/Q1138080	fr	Universite de Coventry
http://www.wikidata.org/entity/Q1138080	fr	Université de coventry
http://www.wikidata.org/entity/Q1138351	fr	Aleman coloniero
http://www.wikidata.org/entity/Q1138374	fr	Saint John's University
http://www.wikidata.org/entity/Q1138374	fr	Saint John's University, New York
http://www.wikidata.org/entity/Q1138374	fr	St. John's University
http://www.wikidata.org/entity/Q1138374	fr	St. John's University, New York
http://www.wikidata.org/entity/Q114	fr	Kénya
http://www.wikidata.org/entity/Q114	fr	la République du Kenya
http://www.wikidata.org/entity/Q1140136	fr	Oyala
http://www.wikidata.org/entity/Q114257	fr	Elbasani
http://www.wikidata.org/entity/Q1142924	fr	Universiti Malaya
http://www.wikidata.org/entity/Q1144000	fr	KUTV
http://www.wikidata.org/entity/Q1144000	fr	Université communiste des travailleurs de l'Est
http://www.wikidata.org/entity/Q1144565	fr	Universite d'Umea
http://www.wikidata.org/entity/Q1144565	fr	Université d'Umea
http://www.wikidata.org/entity/Q1144682	fr	Beijing waiguoyu daxue
http://www.wikidata.org/entity/Q1144682	fr	université d'études étrangères de Pékin
http://www.wikidata.org/entity/Q1144682	fr	université de langues étrangères de Pékin
http://www.wikidata.org/entity/Q1145414	fr	langues judéo-italiennes
http://www.wikidata.org/entity/Q1145992	fr	UGM
http://www.wikidata.org/entity/Q1146247	fr	Cics
http://www.wikidata.org/entity/Q1146247	fr	CICS
http://www.wikidata.org/entity/Q1148613	fr	Académie des arts de Tirana
http://www.wikidata.org/entity/Q1148613	fr	Académie des beaux-arts de Tirana
http://www.wikidata.org/entity/Q1148613	fr	université des beaux-arts de Tirana
http://www.wikidata.org/entity/Q115	fr	Ethiopie
http://www.wikidata.org/entity/Q115	fr	la République démocratique fédérale d’Éthiopie
http://www.wikidata.org/entity/Q115	fr	République fédérale démocratique d'Éthiopie
http://www.wikidata.org/entity/Q1152190	fr	Universite de Ritsumeikan
http://www.wikidata.org/entity/Q115276	fr	Antivari
http://www.wikidata.org/entity/Q1153276	fr	Malo
http://www.wikidata.org/entity/Q1153276	fr	Tamabo
http://www.wikidata.org/entity/Q1156	fr	Mumbai
http://www.wikidata.org/entity/Q11568	fr	Terre de Diemen
http://www.wikidata.org/entity/Q11568	fr	Terre de Van Diemen
http://www.wikidata.org/entity/Q115704900	fr	baloi
http://www.wikidata.org/entity/Q1158971	fr	gio
http://www.wikidata.org/entity/Q1158971	fr	yacouba
http://www.wikidata.org/entity/Q1160312	fr	D++
http://www.wikidata.org/entity/Q1163234	fr	Latin medieval
http://www.wikidata.org/entity/Q116341	fr	Koritsa
http://www.wikidata.org/entity/Q116341	fr	Koritza
http://www.wikidata.org/entity/Q116341	fr	Kortcha
http://www.wikidata.org/entity/Q1165219	fr	EBNF
http://www.wikidata.org/entity/Q1165219	fr	Forme de Backus-Naur étendue
http://www.wikidata.org/entity/Q117	fr	la République du Ghana
http://www.wikidata.org/entity/Q117	fr	République du Ghana
http://www.wikidata.org/entity/Q117040	fr	Santiago
http://www.wikidata.org/entity/Q11732224	fr	gusan
http://www.wikidata.org/entity/Q11732264	fr	kaguru
http://www.wikidata.org/entity/Q11732359	fr	kube
http://www.wikidata.org/entity/Q11732376	fr	washkuk
http://www.wikidata.org/entity/Q11732459	fr	moi
http://www.wikidata.org/entity/Q11732474	fr	wara
http://www.wikidata.org/entity/Q11732666	fr	kisuku
http://www.wikidata.org/entity/Q11736	fr	Tian Tzin
http://www.wikidata.org/entity/Q11736	fr	Tian-tzin
http://www.wikidata.org/entity/Q11736	fr	Tien-Tsin
http://www.wikidata.org/entity/Q11736	fr	Tientsin
http://www.wikidata.org/entity/Q117707514	fr	Le sifflé d'Aas
http://www.wikidata.org/entity/Q117707514	fr	Siular d'Aas
http://www.wikidata.org/entity/Q117790875	fr	vieux maldivien
http://www.wikidata.org/entity/Q1179603	fr	DePaul
http://www.wikidata.org/entity/Q1179603	fr	DePaul University
http://www.wikidata.org/entity/Q1185127	fr	créole de Louisiane
http://www.wikidata.org/entity/Q1187271	fr	PolyU
http://www.wikidata.org/entity/Q1187444	fr	université de Pecs
http://www.wikidata.org/entity/Q1187444	fr	université Janus Pannonius
http://www.wikidata.org/entity/Q118995	fr	Mouch
http://www.wikidata.org/entity/Q1190852	fr	universite d'Alger
http://www.wikidata.org/entity/Q1190852	fr	Université d’Alger 1
http://www.wikidata.org/entity/Q1190852	fr	université d'Alger Benyoucef Benkhedda
http://www.wikidata.org/entity/Q1191344	fr	Northern Illinois University
http://www.wikidata.org/entity/Q1191442	fr	UScript
http://www.wikidata.org/entity/Q1193547	fr	Tulane University
http://www.wikidata.org/entity/Q1193547	fr	Université de Tulane
http://www.wikidata.org/entity/Q1193547	fr	Universite Tulane
http://www.wikidata.org/entity/Q11959	fr	Alacant
http://www.wikidata.org/entity/Q11977	fr	Tichau
http://www.wikidata.org/entity/Q12009520	fr	náhuatl occidental
http://www.wikidata.org/entity/Q1202039	fr	RHUL
http://www.wikidata.org/entity/Q1202039	fr	Royal Holloway College
http://www.wikidata.org/entity/Q1202039	fr	Royal Holloway, University of London
http://www.wikidata.org/entity/Q1208217	fr	Langage Oz
http://www.wikidata.org/entity/Q120847304	fr	Langue judéo-malaise
http://www.wikidata.org/entity/Q1215876	fr	Latin hispérique
http://www.wikidata.org/entity/Q1218	fr	Al Quds
http://www.wikidata.org/entity/Q1218	fr	Hiérosolyme
http://www.wikidata.org/entity/Q1218	fr	Jerusalem
http://www.wikidata.org/entity/Q1218	fr	Salem
http://www.wikidata.org/entity/Q1218	fr	Solyme
http://www.wikidata.org/entity/Q1218	fr	ville sainte
http://www.wikidata.org/entity/Q1218	fr	ville trois fois sainte
http://www.wikidata.org/entity/Q1218	fr	Yerushaláyim
http://www.wikidata.org/entity/Q122803	fr	Erzeroum
http://www.wikidata.org/entity/Q122803	fr	Erzéroum
http://www.wikidata.org/entity/Q122803	fr	Theodosioupolis
http://www.wikidata.org/entity/Q122956986	fr	baoulé
http://www.wikidata.org/entity/Q123196	fr	Sderot
http://www.wikidata.org/entity/Q1232428	fr	Euskal Herriko Unibertsitatea
http://www.wikidata.org/entity/Q1232428	fr	Universite du Pays basque
http://www.wikidata.org/entity/Q1234776	fr	Dogon
http://www.wikidata.org/entity/Q1234776	fr	Tombo sò
http://www.wikidata.org/entity/Q123511	fr	Graudenz
http://www.wikidata.org/entity/Q1236136	fr	UNIBA
http://www.wikidata.org/entity/Q1236136	fr	université Aldo-Moro
http://www.wikidata.org/entity/Q1236136	fr	université Aldo-Moro de Bari
http://www.wikidata.org/entity/Q1236136	fr	université Benito-Mussolini
http://www.wikidata.org/entity/Q1236136	fr	université Mussolini
http://www.wikidata.org/entity/Q1238770	fr	Université d'Addis Abeba
http://www.wikidata.org/entity/Q1238770	fr	Université d’Addis Abeba
http://www.wikidata.org/entity/Q1243705	fr	Università di Modena e Reggio
http://www.wikidata.org/entity/Q1243705	fr	Université de Modène
http://www.wikidata.org/entity/Q1243705	fr	Universite de Modene et de Reggio d'Emilie
http://www.wikidata.org/entity/Q1245318	fr	Université de Messine
http://www.wikidata.org/entity/Q1245999	fr	UNISI
http://www.wikidata.org/entity/Q1245999	fr	universite de Sienne
http://www.wikidata.org/entity/Q1246	fr	Kossovo
http://www.wikidata.org/entity/Q1246	fr	la République du Kosovo
http://www.wikidata.org/entity/Q1246	fr	XK
http://www.wikidata.org/entity/Q1246397	fr	latin moderne
http://www.wikidata.org/entity/Q1246397	fr	latin vivant
http://www.wikidata.org/entity/Q1247135	fr	Universidad Carlos III de Madrid
http://www.wikidata.org/entity/Q1247135	fr	université Charles III
http://www.wikidata.org/entity/Q1247135	fr	université Charles III de Madrid
http://www.wikidata.org/entity/Q1247544	fr	University of Westminster
http://www.wikidata.org/entity/Q1248737	fr	UOG
http://www.wikidata.org/entity/Q1248821	fr	Universite de Catane
http://www.wikidata.org/entity/Q1248821	fr	Université de catane
http://www.wikidata.org/entity/Q1248821	fr	Université des études de Catane
http://www.wikidata.org/entity/Q1249005	fr	Universite de Dundee
http://www.wikidata.org/entity/Q12497929	fr	langue palembang
http://www.wikidata.org/entity/Q12497929	fr	langue palembangaise
http://www.wikidata.org/entity/Q12497929	fr	palembangais
http://www.wikidata.org/entity/Q125076	fr	Jamal malik
http://www.wikidata.org/entity/Q125076	fr	Le Pouilleux millionaire
http://www.wikidata.org/entity/Q125076	fr	Le Pouilleux millionnaire
http://www.wikidata.org/entity/Q125076	fr	Salim Malik
http://www.wikidata.org/entity/Q125076	fr	Slumdog Millionnaire
http://www.wikidata.org/entity/Q125080	fr	Mustasaari
http://www.wikidata.org/entity/Q125080	fr	Nikolainkaupunki
http://www.wikidata.org/entity/Q125080	fr	Wasa
http://www.wikidata.org/entity/Q1251039	fr	Universidad Catolica de la Santisima Concepcion
http://www.wikidata.org/entity/Q1251039	fr	Universidad Católica de la Santísima Concepción
http://www.wikidata.org/entity/Q1254148	fr	DrRacket
http://www.wikidata.org/entity/Q1254148	fr	DrScheme
http://www.wikidata.org/entity/Q1254148	fr	PLT Scheme
http://www.wikidata.org/entity/Q125434	fr	Gqeberha
http://www.wikidata.org/entity/Q125434	fr	iBhayi
http://www.wikidata.org/entity/Q125434	fr	PE
http://www.wikidata.org/entity/Q1256981	fr	San Francisco State University
http://www.wikidata.org/entity/Q1256981	fr	SFSU
http://www.wikidata.org/entity/Q1256981	fr	Universite d'Etat de San Francisco
http://www.wikidata.org/entity/Q1256981	fr	Université d'État de san francisco
http://www.wikidata.org/entity/Q126084	fr	Acco
http://www.wikidata.org/entity/Q126084	fr	Accre
http://www.wikidata.org/entity/Q126084	fr	Akka
http://www.wikidata.org/entity/Q126084	fr	Akko
http://www.wikidata.org/entity/Q126084	fr	Ptolémaïs
http://www.wikidata.org/entity/Q126084	fr	Saint-Jean-d'Acre
http://www.wikidata.org/entity/Q126084	fr	ʿAkka
http://www.wikidata.org/entity/Q126148	fr	Tingis
http://www.wikidata.org/entity/Q12627158	fr	arakajú
http://www.wikidata.org/entity/Q12628801	fr	awyu central
http://www.wikidata.org/entity/Q12628803	fr	bai de Jianchuan
http://www.wikidata.org/entity/Q12630425	fr	awyu d’Edera
http://www.wikidata.org/entity/Q12631978	fr	gǀwi
http://www.wikidata.org/entity/Q12633986	fr	awyu du Sud
http://www.wikidata.org/entity/Q126415	fr	Aïn al-Arab
http://www.wikidata.org/entity/Q126415	fr	Kobanê
http://www.wikidata.org/entity/Q126415	fr	Kobanî
http://www.wikidata.org/entity/Q12642164	fr	awyu du Nord
http://www.wikidata.org/entity/Q12642165	fr	bai de Bijiang
http://www.wikidata.org/entity/Q12643484	fr	tetun dili
http://www.wikidata.org/entity/Q12643657	fr	chinantèque du Nord-ouest
http://www.wikidata.org/entity/Q12645081	fr	kiksht
http://www.wikidata.org/entity/Q12645368	fr	zapotèque d'Ixtlán de l'Ouest
http://www.wikidata.org/entity/Q12645368	fr	zapotèque de Etla
http://www.wikidata.org/entity/Q12645368	fr	zapotèque de Santa Ana Yareni
http://www.wikidata.org/entity/Q12645368	fr	zapotèque de Teococuilco de Marcos Pérez
http://www.wikidata.org/entity/Q12645568	fr	Acoma-Laguna
http://www.wikidata.org/entity/Q12645588	fr	zapotèque d'Atepec
http://www.wikidata.org/entity/Q12645588	fr	zapotèque d'Ixtlán
http://www.wikidata.org/entity/Q1265294	fr	Université de Sankoré
http://www.wikidata.org/entity/Q126805	fr	Saint-Catharines
http://www.wikidata.org/entity/Q126805	fr	St. Catharines
http://www.wikidata.org/entity/Q126898	fr	Antibes Juan les pins
http://www.wikidata.org/entity/Q126898	fr	Antibes Juan-les-pins
http://www.wikidata.org/entity/Q126898	fr	Antion
http://www.wikidata.org/entity/Q127179148	fr	vieux-balinais
http://www.wikidata.org/entity/Q127367	fr	La Communauté de l'anneau
http://www.wikidata.org/entity/Q127367	fr	Le Seigneur des anneaux : La Communauté de l’anneau
http://www.wikidata.org/entity/Q127367	fr	Seigneur des anneaux : La Communauté de l'anneau
http://www.wikidata.org/entity/Q127367	fr	Seigneur des anneaux: La Communauté de l'anneau, Le
http://www.wikidata.org/entity/Q127367	fr	The Lord of the Rings: The Fellowship of the Ring
http://www.wikidata.org/entity/Q127623	fr	Helsinge
http://www.wikidata.org/entity/Q127623	fr	Vanda
http://www.wikidata.org/entity/Q127745	fr	université nationale eurasiatique
http://www.wikidata.org/entity/Q128147	fr	Hull
http://www.wikidata.org/entity/Q128147	fr	Kingston upon Hull
http://www.wikidata.org/entity/Q128147	fr	Kingston-upon-Hull,Hull
http://www.wikidata.org/entity/Q12825018	fr	Colon
http://www.wikidata.org/entity/Q1284877	fr	kitja
http://www.wikidata.org/entity/Q128518	fr	Gladiatore
http://www.wikidata.org/entity/Q1288385	fr	chumash obispeño
http://www.wikidata.org/entity/Q129352	fr	Stepanakert
http://www.wikidata.org/entity/Q129352	fr	Xankendi
http://www.wikidata.org/entity/Q129352	fr	Xankəndi
http://www.wikidata.org/entity/Q12952250	fr	bai de Dali
http://www.wikidata.org/entity/Q12952344	fr	gichuka
http://www.wikidata.org/entity/Q12952344	fr	gĩchuka
http://www.wikidata.org/entity/Q12952344	fr	kichuka
http://www.wikidata.org/entity/Q12952430	fr	peul de Gorgal
http://www.wikidata.org/entity/Q12952430	fr	peul du nord-est du Burkina Faso
http://www.wikidata.org/entity/Q12952447	fr	gbe kotafon
http://www.wikidata.org/entity/Q12952538	fr	kāgate
http://www.wikidata.org/entity/Q12952538	fr	syuba
http://www.wikidata.org/entity/Q12952577	fr	karen kayaw
http://www.wikidata.org/entity/Q12952582	fr	karen lahta
http://www.wikidata.org/entity/Q12952592	fr	karen manumanaw
http://www.wikidata.org/entity/Q12952719	fr	Lega de Shabunda
http://www.wikidata.org/entity/Q12952768	fr	malgache sakalave
http://www.wikidata.org/entity/Q12952768	fr	sakalave
http://www.wikidata.org/entity/Q12952883	fr	muria oriental
http://www.wikidata.org/entity/Q12952886	fr	muria occidental
http://www.wikidata.org/entity/Q12952905	fr	naga mao
http://www.wikidata.org/entity/Q12952908	fr	maring naga
http://www.wikidata.org/entity/Q12952908	fr	naga maring
http://www.wikidata.org/entity/Q12952910	fr	poumei
http://www.wikidata.org/entity/Q12952912	fr	naga rongmei
http://www.wikidata.org/entity/Q12952923	fr	dorro
http://www.wikidata.org/entity/Q12952967	fr	norra
http://www.wikidata.org/entity/Q12952969	fr	nubri
http://www.wikidata.org/entity/Q12953334	fr	yi de Guizhou
http://www.wikidata.org/entity/Q12953435	fr	chinantèque central
http://www.wikidata.org/entity/Q12953543	fr	haida méridional
http://www.wikidata.org/entity/Q12953566	fr	huave de Santa Maria del Mar
http://www.wikidata.org/entity/Q12953568	fr	huave de San Dionisio
http://www.wikidata.org/entity/Q12953579	fr	ifugao mayoyao
http://www.wikidata.org/entity/Q12953587	fr	júma
http://www.wikidata.org/entity/Q12953596	fr	unde kaili
http://www.wikidata.org/entity/Q12953602	fr	kalinga lubuagan
http://www.wikidata.org/entity/Q12953602	fr	lubuagan
http://www.wikidata.org/entity/Q12953626	fr	kashuyana
http://www.wikidata.org/entity/Q12953626	fr	kaxuiâna-xikuyána
http://www.wikidata.org/entity/Q12953626	fr	sikiyana
http://www.wikidata.org/entity/Q12953639	fr	kituba congolais
http://www.wikidata.org/entity/Q12953649	fr	kavet
http://www.wikidata.org/entity/Q12953681	fr	machineri
http://www.wikidata.org/entity/Q12953684	fr	itoto
http://www.wikidata.org/entity/Q12953684	fr	jojod
http://www.wikidata.org/entity/Q12953684	fr	maco-piaroa
http://www.wikidata.org/entity/Q12953684	fr	mako
http://www.wikidata.org/entity/Q12953684	fr	maku
http://www.wikidata.org/entity/Q12953684	fr	sáliba-maco
http://www.wikidata.org/entity/Q12953684	fr	wirö
http://www.wikidata.org/entity/Q12953684	fr	wotuja
http://www.wikidata.org/entity/Q12953787	fr	ong-ir
http://www.wikidata.org/entity/Q12953797	fr	palaung rumai
http://www.wikidata.org/entity/Q12953804	fr	parakana
http://www.wikidata.org/entity/Q12953806	fr	paranawat
http://www.wikidata.org/entity/Q12954000	fr	zapotèque de Rincon du Sud
http://www.wikidata.org/entity/Q129610	fr	Cathair na Gaillimhe
http://www.wikidata.org/entity/Q129610	fr	Gaillimh
http://www.wikidata.org/entity/Q129649	fr	Ismit
http://www.wikidata.org/entity/Q129649	fr	Isnikmid
http://www.wikidata.org/entity/Q129649	fr	Izmitk
http://www.wikidata.org/entity/Q12994	fr	Brugge
http://www.wikidata.org/entity/Q13018536	fr	palaung doré
http://www.wikidata.org/entity/Q13018598	fr	ngeq
http://www.wikidata.org/entity/Q130191	fr	Ville de Norwich
http://www.wikidata.org/entity/Q130212	fr	Albe Royale
http://www.wikidata.org/entity/Q130224860	fr	sace
http://www.wikidata.org/entity/Q130224860	fr	sace-khotanais
http://www.wikidata.org/entity/Q130224860	fr	saka
http://www.wikidata.org/entity/Q130469	fr	Mazar-e Sharif
http://www.wikidata.org/entity/Q130469	fr	Mazar-E-Charif
http://www.wikidata.org/entity/Q130469	fr	Mazar-e-Sharif
http://www.wikidata.org/entity/Q130469	fr	Mazar-i-Charif
http://www.wikidata.org/entity/Q130469	fr	Mazar-i-Sharif
http://www.wikidata.org/entity/Q130469	fr	Mazâr-I-Sharif
http://www.wikidata.org/entity/Q130469	fr	Mazari Sharif
http://www.wikidata.org/entity/Q130514	fr	Louksor
http://www.wikidata.org/entity/Q130514	fr	Louqsor
http://www.wikidata.org/entity/Q130514	fr	Luxor
http://www.wikidata.org/entity/Q1305486	fr	UCR
http://www.wikidata.org/entity/Q1305486	fr	Universidad de Costa Rica
http://www.wikidata.org/entity/Q130800	fr	COMMUNE DE PAPEETE
http://www.wikidata.org/entity/Q131074	fr	Le Retour du Roi
http://www.wikidata.org/entity/Q131074	fr	Le Seigneur des Anneaux III : Le Retour du Roi
http://www.wikidata.org/entity/Q131074	fr	Seigneur des anneaux : Le Retour du roi
http://www.wikidata.org/entity/Q131074	fr	The Lord of the Rings: The Return of the King
http://www.wikidata.org/entity/Q131127	fr	Banjaluka
http://www.wikidata.org/entity/Q131127	fr	BNX
http://www.wikidata.org/entity/Q131128	fr	Braunau sur Inn
http://www.wikidata.org/entity/Q131140	fr	Cobol 74
http://www.wikidata.org/entity/Q131140	fr	COmmon Business Oriented Language
http://www.wikidata.org/entity/Q131233	fr	Bairiki
http://www.wikidata.org/entity/Q131233	fr	Tarawa sud
http://www.wikidata.org/entity/Q131243	fr	Oranjestad (Aruba)
http://www.wikidata.org/entity/Q1312762	fr	SLU
http://www.wikidata.org/entity/Q131285970	fr	gwari occidental
http://www.wikidata.org/entity/Q131323	fr	Misratah
http://www.wikidata.org/entity/Q131323	fr	Misurata
http://www.wikidata.org/entity/Q131339	fr	Alémanique
http://www.wikidata.org/entity/Q131339	fr	Alemannisch
http://www.wikidata.org/entity/Q131392	fr	Led Zeppelin I
http://www.wikidata.org/entity/Q131495	fr	Sirnak
http://www.wikidata.org/entity/Q131495	fr	Şirnak
http://www.wikidata.org/entity/Q131495	fr	Sırnak
http://www.wikidata.org/entity/Q131605	fr	Meran
http://www.wikidata.org/entity/Q131605	fr	Méran
http://www.wikidata.org/entity/Q131605	fr	Merano
http://www.wikidata.org/entity/Q131612	fr	Wiener-Neustadt
http://www.wikidata.org/entity/Q131623074	fr	Universite al-Aqsa
http://www.wikidata.org/entity/Q131638	fr	Scodra
http://www.wikidata.org/entity/Q131638	fr	Scutari
http://www.wikidata.org/entity/Q131638	fr	Shkoder
http://www.wikidata.org/entity/Q131638	fr	Shkodra
http://www.wikidata.org/entity/Q131638	fr	Skadar
http://www.wikidata.org/entity/Q131818	fr	Wahran
http://www.wikidata.org/entity/Q131818	fr	Waran
http://www.wikidata.org/entity/Q13198	fr	créole de la Réunion
http://www.wikidata.org/entity/Q13198	fr	Kréol la Rényon
http://www.wikidata.org/entity/Q13198	fr	Kréol Rényoné
http://www.wikidata.org/entity/Q13198	fr	réunionnais
http://www.wikidata.org/entity/Q1321	fr	castillan
http://www.wikidata.org/entity/Q1323362	fr	Oberon-1
http://www.wikidata.org/entity/Q132671	fr	Palois
http://www.wikidata.org/entity/Q132671	fr	Paloise
http://www.wikidata.org/entity/Q132671	fr	Paloises
http://www.wikidata.org/entity/Q132671	fr	Paue
http://www.wikidata.org/entity/Q132679	fr	Amsterdam des tropiques
http://www.wikidata.org/entity/Q132679	fr	Guillaumeville
http://www.wikidata.org/entity/Q132679	fr	Zone historique de Willemstad, centre ville et port, Antilles néerlandaises
http://www.wikidata.org/entity/Q13272	fr	slave
http://www.wikidata.org/entity/Q13272	fr	slavé
http://www.wikidata.org/entity/Q13272	fr	slavey
http://www.wikidata.org/entity/Q132754	fr	Arbelès
http://www.wikidata.org/entity/Q132754	fr	Arbèles
http://www.wikidata.org/entity/Q132754	fr	Arbil
http://www.wikidata.org/entity/Q132754	fr	Irbil
http://www.wikidata.org/entity/Q13278	fr	kitemi
http://www.wikidata.org/entity/Q13278	fr	sonjo
http://www.wikidata.org/entity/Q13283	fr	langue socotri
http://www.wikidata.org/entity/Q13283	fr	langue soqotri
http://www.wikidata.org/entity/Q13283	fr	socotri
http://www.wikidata.org/entity/Q13297	fr	Nafaara
http://www.wikidata.org/entity/Q13301	fr	hottentot
http://www.wikidata.org/entity/Q13301	fr	nama
http://www.wikidata.org/entity/Q13307	fr	na
http://www.wikidata.org/entity/Q133073	fr	District de Dunedin
http://www.wikidata.org/entity/Q133073	fr	Dunedin District
http://www.wikidata.org/entity/Q13310	fr	langue navajo
http://www.wikidata.org/entity/Q13310	fr	navaho
http://www.wikidata.org/entity/Q13310	fr	nv
http://www.wikidata.org/entity/Q13311	fr	chidanda
http://www.wikidata.org/entity/Q13311	fr	chindau
http://www.wikidata.org/entity/Q13311	fr	ndzawu
http://www.wikidata.org/entity/Q13311	fr	njao
http://www.wikidata.org/entity/Q13311	fr	shona du Sud-Est
http://www.wikidata.org/entity/Q13311	fr	shona sud-oriental
http://www.wikidata.org/entity/Q13311	fr	sofala
http://www.wikidata.org/entity/Q133118	fr	Riha
http://www.wikidata.org/entity/Q133118	fr	Sanli Urfa
http://www.wikidata.org/entity/Q133118	fr	Sanliurfa
http://www.wikidata.org/entity/Q133118	fr	Şanliurfa
http://www.wikidata.org/entity/Q133118	fr	Şanlı Urfa
http://www.wikidata.org/entity/Q133118	fr	Sanlıurfa
http://www.wikidata.org/entity/Q133118	fr	Urfa
http://www.wikidata.org/entity/Q133123	fr	Pátra
http://www.wikidata.org/entity/Q13313	fr	kimeru
http://www.wikidata.org/entity/Q133132	fr	Commune
http://www.wikidata.org/entity/Q133132	fr	Commune de 1871
http://www.wikidata.org/entity/Q13315	fr	mitchif
http://www.wikidata.org/entity/Q13338	fr	Bordeaux-I
http://www.wikidata.org/entity/Q13338	fr	université Bordeaux 1
http://www.wikidata.org/entity/Q13338	fr	université Bordeaux I - sciences et technologies
http://www.wikidata.org/entity/Q13345	fr	balengue
http://www.wikidata.org/entity/Q13345	fr	molendji
http://www.wikidata.org/entity/Q13345	fr	molengue
http://www.wikidata.org/entity/Q1334586	fr	Elisp
http://www.wikidata.org/entity/Q13349	fr	mnw
http://www.wikidata.org/entity/Q13351	fr	innu
http://www.wikidata.org/entity/Q13351	fr	innu aimun
http://www.wikidata.org/entity/Q13351	fr	langue innu-aimun
http://www.wikidata.org/entity/Q13351	fr	langue innue
http://www.wikidata.org/entity/Q13351	fr	montagnais
http://www.wikidata.org/entity/Q13351	fr	montagnais innu
http://www.wikidata.org/entity/Q13351	fr	montagnaise
http://www.wikidata.org/entity/Q13351	fr	montagnards
http://www.wikidata.org/entity/Q13351	fr	montagne
http://www.wikidata.org/entity/Q13351	fr	montainiers
http://www.wikidata.org/entity/Q13351	fr	mountaineers
http://www.wikidata.org/entity/Q13351	fr	sheshapotosh
http://www.wikidata.org/entity/Q13356	fr	tabari
http://www.wikidata.org/entity/Q13357	fr	finnois tornédalien
http://www.wikidata.org/entity/Q13357	fr	fit
http://www.wikidata.org/entity/Q13360	fr	Reggio Emilia
http://www.wikidata.org/entity/Q13360	fr	Reggio nell'Emilia
http://www.wikidata.org/entity/Q13360	fr	Rhège-d’Émilie
http://www.wikidata.org/entity/Q13360	fr	Rhège-en-Émilie
http://www.wikidata.org/entity/Q13361	fr	méhri
http://www.wikidata.org/entity/Q133654	fr	Silence des agneaux
http://www.wikidata.org/entity/Q13367	fr	Forli
http://www.wikidata.org/entity/Q133678	fr	langue outaouaise
http://www.wikidata.org/entity/Q133678	fr	ottawa
http://www.wikidata.org/entity/Q13373	fr	Luca
http://www.wikidata.org/entity/Q13373	fr	Lucca
http://www.wikidata.org/entity/Q13386	fr	Lecce, Italie
http://www.wikidata.org/entity/Q13411396	fr	LSCh
http://www.wikidata.org/entity/Q13417189	fr	Interstellaire
http://www.wikidata.org/entity/Q134287	fr	Tarse en Cilicie
http://www.wikidata.org/entity/Q134287	fr	Tarsos
http://www.wikidata.org/entity/Q134287	fr	Tarsous
http://www.wikidata.org/entity/Q134287	fr	Tarsus
http://www.wikidata.org/entity/Q134287	fr	ville de Tarse
http://www.wikidata.org/entity/Q134509	fr	Bur Sa'id
http://www.wikidata.org/entity/Q134509	fr	Port Said
http://www.wikidata.org/entity/Q134509	fr	Port Saïd
http://www.wikidata.org/entity/Q13459953	fr	Zapotèque de l'Isthme du Nord
http://www.wikidata.org/entity/Q134620	fr	Jyvaeskylae
http://www.wikidata.org/entity/Q134620	fr	Jyvaskyla
http://www.wikidata.org/entity/Q134703	fr	Germanicia
http://www.wikidata.org/entity/Q134703	fr	Germanicie
http://www.wikidata.org/entity/Q134703	fr	Gurgum
http://www.wikidata.org/entity/Q134703	fr	Kahramanmaras
http://www.wikidata.org/entity/Q134703	fr	Kahramanmarash
http://www.wikidata.org/entity/Q134703	fr	Marach
http://www.wikidata.org/entity/Q134703	fr	Maraş
http://www.wikidata.org/entity/Q134703	fr	Marash
http://www.wikidata.org/entity/Q134712	fr	Chavli
http://www.wikidata.org/entity/Q134712	fr	Municipalité de Šiauliai-ville
http://www.wikidata.org/entity/Q134712	fr	Siaulai
http://www.wikidata.org/entity/Q134712	fr	Siauliai
http://www.wikidata.org/entity/Q1349150	fr	Université d'État de Mongolie
http://www.wikidata.org/entity/Q13510225	fr	zapotèque de San Felipe Tejalapan
http://www.wikidata.org/entity/Q13510225	fr	zapotèque de Tejalápam
http://www.wikidata.org/entity/Q1354	fr	Dhaka
http://www.wikidata.org/entity/Q13541831	fr	zapotèque d'Ejutla du Sud
http://www.wikidata.org/entity/Q1355	fr	Beṅgaḷūru
http://www.wikidata.org/entity/Q1355	fr	Beṅgluru
http://www.wikidata.org/entity/Q1355	fr	Bingalourou
http://www.wikidata.org/entity/Q13553748	fr	jawoyn
http://www.wikidata.org/entity/Q1359171	fr	rebol
http://www.wikidata.org/entity/Q136217	fr	Erzindjian
http://www.wikidata.org/entity/Q13625	fr	Monteleone di Calabria
http://www.wikidata.org/entity/Q13629	fr	Sàsser
http://www.wikidata.org/entity/Q13629	fr	Tàtari
http://www.wikidata.org/entity/Q1365342	fr	Langue yeniche
http://www.wikidata.org/entity/Q1365342	fr	Langue Yéniche
http://www.wikidata.org/entity/Q1365342	fr	Yeniche
http://www.wikidata.org/entity/Q13666	fr	Messina
http://www.wikidata.org/entity/Q1366643	fr	allemand standard
http://www.wikidata.org/entity/Q1366643	fr	Hochdeutsch
http://www.wikidata.org/entity/Q1366643	fr	Schweizer Hochdeutsch
http://www.wikidata.org/entity/Q13670	fr	Siracusa
http://www.wikidata.org/entity/Q1370342	fr	Conservatoire d'État de Tallinn
http://www.wikidata.org/entity/Q1370342	fr	Conservatoire de Tallinn
http://www.wikidata.org/entity/Q1370342	fr	Eesti Muusika- ja Teatriakadeemia
http://www.wikidata.org/entity/Q13728042	fr	ditidaht
http://www.wikidata.org/entity/Q137503	fr	Université de Lodz
http://www.wikidata.org/entity/Q137503	fr	Université de Lódź
http://www.wikidata.org/entity/Q137586545	fr	Langue San
http://www.wikidata.org/entity/Q138605686	fr	Dialectes bruxellois
http://www.wikidata.org/entity/Q138605686	fr	Parler bruxellois
http://www.wikidata.org/entity/Q138605686	fr	Parlers bruxellois
http://www.wikidata.org/entity/Q13939	fr	Tarrasa
http://www.wikidata.org/entity/Q13955	fr	langue arabe
http://www.wikidata.org/entity/Q139706	fr	Panipat
http://www.wikidata.org/entity/Q140304	fr	Zaqaziq
http://www.wikidata.org/entity/Q140631	fr	Tai-Onan
http://www.wikidata.org/entity/Q140631	fr	Tainan City
http://www.wikidata.org/entity/Q140631	fr	Thainan
http://www.wikidata.org/entity/Q1406574	fr	Bininj Kunwok
http://www.wikidata.org/entity/Q1411222	fr	université George Mason
http://www.wikidata.org/entity/Q1411245	fr	T-SQL
http://www.wikidata.org/entity/Q1411875	fr	Ladder Diagram
http://www.wikidata.org/entity/Q1411875	fr	Langage à contacts
http://www.wikidata.org/entity/Q1411875	fr	Schéma à contact
http://www.wikidata.org/entity/Q1411875	fr	Schéma à contacts
http://www.wikidata.org/entity/Q1411875	fr	Schéma à relais
http://www.wikidata.org/entity/Q14171368	fr	The Avengers: Age of Ultron
http://www.wikidata.org/entity/Q1419737	fr	École de musique et d'art dramatique du Guildhall
http://www.wikidata.org/entity/Q142	fr	Fr.
http://www.wikidata.org/entity/Q142	fr	L'Hexagone
http://www.wikidata.org/entity/Q142	fr	La France
http://www.wikidata.org/entity/Q142	fr	la République française
http://www.wikidata.org/entity/Q142	fr	RF
http://www.wikidata.org/entity/Q1420205	fr	pël
http://www.wikidata.org/entity/Q1420239	fr	Temple University
http://www.wikidata.org/entity/Q1430113	fr	Centre universitaire des langues orientales vivantes
http://www.wikidata.org/entity/Q1430113	fr	CULOV
http://www.wikidata.org/entity/Q1430113	fr	École nationale des langues orientales vivantes
http://www.wikidata.org/entity/Q1430113	fr	ENLOV
http://www.wikidata.org/entity/Q1430113	fr	Inalco
http://www.wikidata.org/entity/Q1430113	fr	INALCO
http://www.wikidata.org/entity/Q1430113	fr	INLCO
http://www.wikidata.org/entity/Q1430113	fr	Langues O
http://www.wikidata.org/entity/Q1430113	fr	Langues O'
http://www.wikidata.org/entity/Q1430113	fr	Langues'O
http://www.wikidata.org/entity/Q1430113	fr	LanguesO
http://www.wikidata.org/entity/Q1432632	fr	Universite de Reading
http://www.wikidata.org/entity/Q1432632	fr	University of Reading
http://www.wikidata.org/entity/Q14352960	fr	karen zayein
http://www.wikidata.org/entity/Q14426328	fr	karen yinbaw
http://www.wikidata.org/entity/Q14426329	fr	karen yintale
http://www.wikidata.org/entity/Q144488	fr	Uniwersytet Warszawski
http://www.wikidata.org/entity/Q144983	fr	Banska Bystrica
http://www.wikidata.org/entity/Q144983	fr	Neusohl
http://www.wikidata.org/entity/Q145	fr	Grande-Bretagne
http://www.wikidata.org/entity/Q145	fr	R.-U.
http://www.wikidata.org/entity/Q145	fr	R.U.
http://www.wikidata.org/entity/Q145	fr	Royaume Uni
http://www.wikidata.org/entity/Q145	fr	Royaume-uni
http://www.wikidata.org/entity/Q145	fr	Royaume-Uni de Grande-Bretagne et d'Irlande du Nord
http://www.wikidata.org/entity/Q145	fr	Royaume-Uni de Grande-Bretagne et Irlande du Nord
http://www.wikidata.org/entity/Q1458695	fr	université de Kharkov
http://www.wikidata.org/entity/Q1458695	fr	université nationale de Kharkov
http://www.wikidata.org/entity/Q1458695	fr	université nationale Vassili Karazine de Kharkiv
http://www.wikidata.org/entity/Q1458695	fr	université nationale Vassili-Karazine de Kharkiv
http://www.wikidata.org/entity/Q145972	fr	Zamosc
http://www.wikidata.org/entity/Q146342	fr	Teplitz
http://www.wikidata.org/entity/Q146342	fr	Tœplitz-Schœnau
http://www.wikidata.org/entity/Q1465448	fr	école polytechnique de Bucarest
http://www.wikidata.org/entity/Q1465448	fr	Université Politehnica
http://www.wikidata.org/entity/Q1465448	fr	Université politehnica de Bucarest
http://www.wikidata.org/entity/Q1465448	fr	Université polytechnique de Bucarest
http://www.wikidata.org/entity/Q1465448	fr	UPB
http://www.wikidata.org/entity/Q147089	fr	Magnésie du Sipyle
http://www.wikidata.org/entity/Q1471879	fr	Université d'Economie de Cracovie
http://www.wikidata.org/entity/Q1472421	fr	flaaitaal
http://www.wikidata.org/entity/Q147243	fr	Stip
http://www.wikidata.org/entity/Q1473289	fr	français moyen
http://www.wikidata.org/entity/Q1473289	fr	frm
http://www.wikidata.org/entity/Q1474656	fr	AUEB
http://www.wikidata.org/entity/Q14759	fr	ASL
http://www.wikidata.org/entity/Q14759	fr	LSA
http://www.wikidata.org/entity/Q1477607	fr	Universite de Bassorah
http://www.wikidata.org/entity/Q147934	fr	Cervimontium
http://www.wikidata.org/entity/Q147934	fr	Herschbrig
http://www.wikidata.org/entity/Q147934	fr	Hirschberg
http://www.wikidata.org/entity/Q147934	fr	Hirschberg im Riesengebirge
http://www.wikidata.org/entity/Q148	fr	Chine
http://www.wikidata.org/entity/Q148	fr	Chine communiste
http://www.wikidata.org/entity/Q148	fr	Chine continentale
http://www.wikidata.org/entity/Q148	fr	Chine populaire
http://www.wikidata.org/entity/Q148	fr	RPC
http://www.wikidata.org/entity/Q1486208	fr	GNU Ubiquitous Intelligent Language for Extensions
http://www.wikidata.org/entity/Q1486208	fr	Guile
http://www.wikidata.org/entity/Q1489	fr	Cité de Mexico
http://www.wikidata.org/entity/Q1489	fr	Cité du Mexique
http://www.wikidata.org/entity/Q1489	fr	Ville du Mexique
http://www.wikidata.org/entity/Q14916883	fr	lega-mwenga
http://www.wikidata.org/entity/Q14916889	fr	malasanga
http://www.wikidata.org/entity/Q14916900	fr	néku
http://www.wikidata.org/entity/Q14916911	fr	manobo ilianen
http://www.wikidata.org/entity/Q1492	fr	Barcelona
http://www.wikidata.org/entity/Q1492	fr	BCN
http://www.wikidata.org/entity/Q1492	fr	Ville de Barcelone
http://www.wikidata.org/entity/Q149208	fr	Ostfriesisch
http://www.wikidata.org/entity/Q1494353	fr	UA
http://www.wikidata.org/entity/Q1494353	fr	UNAIR
http://www.wikidata.org/entity/Q1494353	fr	University Airlangga
http://www.wikidata.org/entity/Q14957	fr	Papenburg
http://www.wikidata.org/entity/Q1496662	fr	Gazi Üniversitesi
http://www.wikidata.org/entity/Q150	fr	langue de Molière
http://www.wikidata.org/entity/Q150	fr	langue française
http://www.wikidata.org/entity/Q15085	fr	pms
http://www.wikidata.org/entity/Q150901	fr	Dark Side of the Moon
http://www.wikidata.org/entity/Q150901	fr	DSOTM
http://www.wikidata.org/entity/Q15092	fr	Castellón de la Plana
http://www.wikidata.org/entity/Q15142	fr	UMass Amherst
http://www.wikidata.org/entity/Q15142	fr	Université du massachusetts à amherst
http://www.wikidata.org/entity/Q1515	fr	Abidjan nord
http://www.wikidata.org/entity/Q1515	fr	Abidjan Nord
http://www.wikidata.org/entity/Q1515	fr	Babi
http://www.wikidata.org/entity/Q1515	fr	La perle des lagunes
http://www.wikidata.org/entity/Q1515	fr	Perle des lagunes
http://www.wikidata.org/entity/Q1516651	fr	Nagadha
http://www.wikidata.org/entity/Q1517021	fr	Universite d'Australie-Occidentale
http://www.wikidata.org/entity/Q1517021	fr	University of Western Australia
http://www.wikidata.org/entity/Q151880	fr	Confessions on a Dancefloor
http://www.wikidata.org/entity/Q1519	fr	Aboû Dabî
http://www.wikidata.org/entity/Q1519	fr	Abou Dhabi
http://www.wikidata.org/entity/Q1519	fr	Abu Dhabi
http://www.wikidata.org/entity/Q151920	fr	Tibérias
http://www.wikidata.org/entity/Q1519764	fr	medefidrin
http://www.wikidata.org/entity/Q1519764	fr	obèri okaïmè
http://www.wikidata.org/entity/Q1519764	fr	obɛri ɔkaimɛ
http://www.wikidata.org/entity/Q152368	fr	Beit She'an
http://www.wikidata.org/entity/Q152368	fr	Beit Shean
http://www.wikidata.org/entity/Q152368	fr	Beit Shéan
http://www.wikidata.org/entity/Q152368	fr	Beït-Shéan
http://www.wikidata.org/entity/Q152368	fr	Bet She'an
http://www.wikidata.org/entity/Q152368	fr	Bet-Shean
http://www.wikidata.org/entity/Q152368	fr	Beth Shean
http://www.wikidata.org/entity/Q152368	fr	Beth Shéan
http://www.wikidata.org/entity/Q1523902	fr	université Al.I. Cuza Iaşi
http://www.wikidata.org/entity/Q1523902	fr	université Alexandre-Jean-Cuza de Iași
http://www.wikidata.org/entity/Q1523902	fr	université Cuza
http://www.wikidata.org/entity/Q1523902	fr	université de Iaşi
http://www.wikidata.org/entity/Q1523902	fr	université de Jassy
http://www.wikidata.org/entity/Q15241057	fr	.m
http://www.wikidata.org/entity/Q15241057	fr	.nb
http://www.wikidata.org/entity/Q15241057	fr	.wl
http://www.wikidata.org/entity/Q152436	fr	Kefar Sava
http://www.wikidata.org/entity/Q152449	fr	Beit Shemesh
http://www.wikidata.org/entity/Q152449	fr	Beït-Shemesh
http://www.wikidata.org/entity/Q152467	fr	Bné Brak
http://www.wikidata.org/entity/Q152467	fr	Bnei Braq
http://www.wikidata.org/entity/Q152491	fr	Hertzliya
http://www.wikidata.org/entity/Q1526037	fr	wampis
http://www.wikidata.org/entity/Q1526525	fr	Cayahuita
http://www.wikidata.org/entity/Q152831	fr	Duhok
http://www.wikidata.org/entity/Q1530394	fr	lilikó
http://www.wikidata.org/entity/Q1533	fr	Santiago de León de Caracas
http://www.wikidata.org/entity/Q153723	fr	Inglorious Bastards
http://www.wikidata.org/entity/Q153723	fr	Le Commando des bâtards
http://www.wikidata.org/entity/Q1537759	fr	Loyola University Chicago
http://www.wikidata.org/entity/Q1537759	fr	Université loyola de chicago
http://www.wikidata.org/entity/Q15407179	fr	kitharaka
http://www.wikidata.org/entity/Q15407179	fr	kîtharaka
http://www.wikidata.org/entity/Q15407187	fr	cilungu
http://www.wikidata.org/entity/Q15407187	fr	lungu
http://www.wikidata.org/entity/Q1542386	fr	Roskilde Universitetscenter
http://www.wikidata.org/entity/Q1542386	fr	Roskilde University
http://www.wikidata.org/entity/Q1542386	fr	Universite de Roskilde
http://www.wikidata.org/entity/Q1542418	fr	Université de Reykjavík
http://www.wikidata.org/entity/Q1543126	fr	UNIS
http://www.wikidata.org/entity/Q15462609	fr	lengua du Sud
http://www.wikidata.org/entity/Q15462671	fr	lengua du Nord
http://www.wikidata.org/entity/Q1546906	fr	Université « Ca' Foscari » de Venise
http://www.wikidata.org/entity/Q1546906	fr	Université de Venise
http://www.wikidata.org/entity/Q1547084	fr	Université Twente
http://www.wikidata.org/entity/Q1547084	fr	Universiteit Twente
http://www.wikidata.org/entity/Q154797	fr	Deutsche Bundestag
http://www.wikidata.org/entity/Q154797	fr	Diète fédérale allemande
http://www.wikidata.org/entity/Q154897	fr	Aabenraa
http://www.wikidata.org/entity/Q154897	fr	Abenra
http://www.wikidata.org/entity/Q154897	fr	Apenrade
http://www.wikidata.org/entity/Q155	fr	Amérique lusophone
http://www.wikidata.org/entity/Q155	fr	Auriverde
http://www.wikidata.org/entity/Q155	fr	Brazil
http://www.wikidata.org/entity/Q155	fr	Bré.
http://www.wikidata.org/entity/Q155	fr	Brés.
http://www.wikidata.org/entity/Q155	fr	Bresil
http://www.wikidata.org/entity/Q155	fr	Brésilien
http://www.wikidata.org/entity/Q155	fr	Brésilienne
http://www.wikidata.org/entity/Q155	fr	Brézil
http://www.wikidata.org/entity/Q155	fr	la République fédérative du Brésil
http://www.wikidata.org/entity/Q155	fr	République des États-Unis du Brésil
http://www.wikidata.org/entity/Q155	fr	République fédérative du Brésil
http://www.wikidata.org/entity/Q1555	fr	Guate
http://www.wikidata.org/entity/Q1555	fr	Ville de Guatemala
http://www.wikidata.org/entity/Q155645	fr	varhadi-nagpuri
http://www.wikidata.org/entity/Q155915	fr	Castamouni
http://www.wikidata.org/entity/Q155915	fr	Kastamouni
http://www.wikidata.org/entity/Q15615651	fr	tepehuan septentrional
http://www.wikidata.org/entity/Q15616384	fr	tarahumara de l'Ouest
http://www.wikidata.org/entity/Q15616384	fr	tarahumara des basses terres
http://www.wikidata.org/entity/Q15622700	fr	stod
http://www.wikidata.org/entity/Q15637273	fr	madi du Sud
http://www.wikidata.org/entity/Q156558	fr	Faïzâbâd
http://www.wikidata.org/entity/Q156598	fr	Académie de Leyde
http://www.wikidata.org/entity/Q156598	fr	Université de Leiden
http://www.wikidata.org/entity/Q1567033	fr	habun
http://www.wikidata.org/entity/Q156858	fr	Strouga
http://www.wikidata.org/entity/Q15688	fr	Avila
http://www.wikidata.org/entity/Q156974	fr	Aussig
http://www.wikidata.org/entity/Q156974	fr	Aussig an der Elbe
http://www.wikidata.org/entity/Q156974	fr	Aussig-sur-Elbe
http://www.wikidata.org/entity/Q156974	fr	Usti
http://www.wikidata.org/entity/Q156974	fr	Usti nad Labem
http://www.wikidata.org/entity/Q156974	fr	Usti-nad-Labem
http://www.wikidata.org/entity/Q1570483	fr	UNISWA
http://www.wikidata.org/entity/Q1570483	fr	University of Swaziland
http://www.wikidata.org/entity/Q157050	fr	Titov Veles
http://www.wikidata.org/entity/Q1571077	fr	NASM
http://www.wikidata.org/entity/Q157246	fr	Manastır
http://www.wikidata.org/entity/Q157246	fr	Monastir
http://www.wikidata.org/entity/Q1572865	fr	.sass
http://www.wikidata.org/entity/Q1572865	fr	syntactically awesome style sheets
http://www.wikidata.org/entity/Q1579397	fr	Technische Hogeschool Bandoeng
http://www.wikidata.org/entity/Q158004	fr	Piotrkow Trybunalski
http://www.wikidata.org/entity/Q15831607	fr	tembagla
http://www.wikidata.org/entity/Q158467	fr	Gwalior
http://www.wikidata.org/entity/Q158485	fr	Laurahütte
http://www.wikidata.org/entity/Q158485	fr	Siemianowitz
http://www.wikidata.org/entity/Q158488	fr	Deutsch Piekar
http://www.wikidata.org/entity/Q158488	fr	Scharley
http://www.wikidata.org/entity/Q158903	fr	Schouscha
http://www.wikidata.org/entity/Q158903	fr	Shusha
http://www.wikidata.org/entity/Q158903	fr	Şuşa
http://www.wikidata.org/entity/Q159	fr	Fédération de Russie
http://www.wikidata.org/entity/Q159	fr	Fédération russe
http://www.wikidata.org/entity/Q159	fr	Rus.
http://www.wikidata.org/entity/Q15918	fr	Windischgrätz
http://www.wikidata.org/entity/Q15918	fr	Windischgraz
http://www.wikidata.org/entity/Q159325	fr	Angra Pequena
http://www.wikidata.org/entity/Q159325	fr	Luderitz
http://www.wikidata.org/entity/Q159610	fr	Valona
http://www.wikidata.org/entity/Q159610	fr	Vlorë
http://www.wikidata.org/entity/Q15977293	fr	na-meo
http://www.wikidata.org/entity/Q16	fr	CA
http://www.wikidata.org/entity/Q16	fr	CAN
http://www.wikidata.org/entity/Q16	fr	le Canada
http://www.wikidata.org/entity/Q16010	fr	Esch-Uelzecht
http://www.wikidata.org/entity/Q16010	fr	Esch/Alzette
http://www.wikidata.org/entity/Q160112	fr	Musee du Prado
http://www.wikidata.org/entity/Q160112	fr	Museo del Prado
http://www.wikidata.org/entity/Q160450	fr	Amisos
http://www.wikidata.org/entity/Q160450	fr	Amisus
http://www.wikidata.org/entity/Q160450	fr	Samsoun
http://www.wikidata.org/entity/Q160544	fr	Handax
http://www.wikidata.org/entity/Q160544	fr	Heraklion
http://www.wikidata.org/entity/Q160544	fr	Iraklio
http://www.wikidata.org/entity/Q160544	fr	Iráklio
http://www.wikidata.org/entity/Q160618	fr	Broke Back Mountain
http://www.wikidata.org/entity/Q160618	fr	Le secret de Broke Back Mountain
http://www.wikidata.org/entity/Q160618	fr	Le secret de Brokeback Mountain
http://www.wikidata.org/entity/Q160618	fr	Secret de Brokeback Mountain
http://www.wikidata.org/entity/Q160618	fr	Souvenirs de Brokeback Mountain
http://www.wikidata.org/entity/Q160642	fr	Salesbières
http://www.wikidata.org/entity/Q160927	fr	Ville de Blois
http://www.wikidata.org/entity/Q1609529	fr	Système Mizar
http://www.wikidata.org/entity/Q1610024	fr	Heriot-Watt
http://www.wikidata.org/entity/Q161087	fr	Le Secret du coffre maudit
http://www.wikidata.org/entity/Q161087	fr	Pirates des Caraïbes - Le secret du coffre maudit
http://www.wikidata.org/entity/Q161087	fr	Pirates des Caraïbes 2
http://www.wikidata.org/entity/Q161087	fr	Pirates des Caraïbes 2 : Le Secret du Coffre Maudit
http://www.wikidata.org/entity/Q161087	fr	Pirates des Caraibes, le secret du coffre maudit
http://www.wikidata.org/entity/Q161087	fr	Pirates des Caraïbes, le secret du coffre maudit
http://www.wikidata.org/entity/Q161087	fr	Pirates of the Caribbean: Dead Man's Chest
http://www.wikidata.org/entity/Q16110177	fr	awyu de Jair
http://www.wikidata.org/entity/Q16112760	fr	malgache betsimisaraka du Sud
http://www.wikidata.org/entity/Q161562	fr	Cal Tech
http://www.wikidata.org/entity/Q161562	fr	California institute of technology caltech
http://www.wikidata.org/entity/Q161562	fr	Caltech
http://www.wikidata.org/entity/Q161562	fr	Institut de technologie de Californie
http://www.wikidata.org/entity/Q1616241	fr	anglais du Libéria
http://www.wikidata.org/entity/Q161678	fr	Harry Potter and the Deathly Hallows
http://www.wikidata.org/entity/Q161687	fr	Harry Potter and the Half-Blood Prince
http://www.wikidata.org/entity/Q161687	fr	Harry Potter et le Prince de sang-mele
http://www.wikidata.org/entity/Q16208632	fr	bapeng
http://www.wikidata.org/entity/Q162442	fr	Prayag
http://www.wikidata.org/entity/Q162442	fr	Prayâg
http://www.wikidata.org/entity/Q162442	fr	Prayâga
http://www.wikidata.org/entity/Q162729	fr	Brave Heart
http://www.wikidata.org/entity/Q162729	fr	Coeur vaillant
http://www.wikidata.org/entity/Q162729	fr	Cœur Vaillant
http://www.wikidata.org/entity/Q1629255	fr	université Cyrille-et-Méthode de Veliko Tarnovo
http://www.wikidata.org/entity/Q1629255	fr	université Saints-Cyrille-et-Méthode
http://www.wikidata.org/entity/Q1629255	fr	université Saints-Cyrille-et-Méthode de Veliko Tarnovo
http://www.wikidata.org/entity/Q1631474	fr	Université Saint Sébastien
http://www.wikidata.org/entity/Q1633799	fr	Université de Bakou
http://www.wikidata.org/entity/Q1634624	fr	Vikramashila
http://www.wikidata.org/entity/Q1634624	fr	Vikramasila
http://www.wikidata.org/entity/Q163468	fr	ISO 13211-1
http://www.wikidata.org/entity/Q163468	fr	PROgrammation en LOgique
http://www.wikidata.org/entity/Q163490	fr	Sagette
http://www.wikidata.org/entity/Q163490	fr	Saïda
http://www.wikidata.org/entity/Q163490	fr	Saidoon
http://www.wikidata.org/entity/Q163490	fr	Seide
http://www.wikidata.org/entity/Q163490	fr	Seyde
http://www.wikidata.org/entity/Q163490	fr	صيدا
http://www.wikidata.org/entity/Q163584	fr	Doire
http://www.wikidata.org/entity/Q163584	fr	Londonderry
http://www.wikidata.org/entity/Q163798	fr	Trichur
http://www.wikidata.org/entity/Q163872	fr	Le Chevalier noir
http://www.wikidata.org/entity/Q163872	fr	The Dark Knight
http://www.wikidata.org/entity/Q163872	fr	The Dark Knight, Le Chevalier Noir
http://www.wikidata.org/entity/Q163872	fr	The Dark Knight: Le Chevalier noir
http://www.wikidata.org/entity/Q1640079	fr	Haidarabad
http://www.wikidata.org/entity/Q1640079	fr	Hyderabad (Pakistan)
http://www.wikidata.org/entity/Q1640648	fr	Universite de Canberra
http://www.wikidata.org/entity/Q1640726	fr	École polytechnique d'athènes
http://www.wikidata.org/entity/Q1640726	fr	École polytechnique d'Athènes
http://www.wikidata.org/entity/Q1640731	fr	école polytechnique de Catalogne
http://www.wikidata.org/entity/Q1640731	fr	Universidad Politécnica de Cataluña
http://www.wikidata.org/entity/Q1640731	fr	Universitat Politecnica de Catalunya
http://www.wikidata.org/entity/Q1640731	fr	universitat politècnica de Catalunya
http://www.wikidata.org/entity/Q164103	fr	A Beautiful Mind
http://www.wikidata.org/entity/Q164103	fr	homme d'exception
http://www.wikidata.org/entity/Q164103	fr	Un homme d’exception
http://www.wikidata.org/entity/Q1641504	fr	Universite de Palerme
http://www.wikidata.org/entity/Q1641504	fr	Université de palerme
http://www.wikidata.org/entity/Q1641543	fr	langue romagnole
http://www.wikidata.org/entity/Q164621	fr	The Fame Monster/purge
http://www.wikidata.org/entity/Q1646874	fr	Université Aalto École de Science et de Technologie
http://www.wikidata.org/entity/Q1646874	fr	Université de technologie d'Helsinki
http://www.wikidata.org/entity/Q1646874	fr	Universite technique d'Helsinki
http://www.wikidata.org/entity/Q1646874	fr	Université technique d'Helsinki
http://www.wikidata.org/entity/Q1646874	fr	Université technologique de Helsinki
http://www.wikidata.org/entity/Q164963	fr	Le Seigneur des Anneaux II : Les Deux Tours
http://www.wikidata.org/entity/Q164963	fr	Les Deux Tours
http://www.wikidata.org/entity/Q164963	fr	Seigneur des anneaux : Les Deux Tours
http://www.wikidata.org/entity/Q164963	fr	The Lord of the Rings: The Two Towers
http://www.wikidata.org/entity/Q16520	fr	Busan
http://www.wikidata.org/entity/Q16520	fr	Pusang
http://www.wikidata.org/entity/Q16520	fr	Ville métropolitaine de Busan
http://www.wikidata.org/entity/Q165204	fr	Merida
http://www.wikidata.org/entity/Q165380	fr	Hannoversch Munden
http://www.wikidata.org/entity/Q165380	fr	Hannoversch Münden
http://www.wikidata.org/entity/Q165413	fr	Baikonour
http://www.wikidata.org/entity/Q165413	fr	Baiqongyr
http://www.wikidata.org/entity/Q1654327	fr	Arabe littéraire
http://www.wikidata.org/entity/Q165444	fr	Takrit
http://www.wikidata.org/entity/Q165444	fr	Tikrit, Baghdad
http://www.wikidata.org/entity/Q165713	fr	Episode 1 star wars
http://www.wikidata.org/entity/Q165713	fr	La Guerre des étoiles I
http://www.wikidata.org/entity/Q165713	fr	La Guerre des étoiles, épisode I
http://www.wikidata.org/entity/Q165713	fr	La Guerre des étoiles, épisode I : La Menace fantôme
http://www.wikidata.org/entity/Q165713	fr	Star Wars : episode I - La Menace fantome
http://www.wikidata.org/entity/Q165713	fr	Star Wars : épisode I - La Menace fantome
http://www.wikidata.org/entity/Q165713	fr	Star Wars épisode 1
http://www.wikidata.org/entity/Q165713	fr	Star Wars Episode I
http://www.wikidata.org/entity/Q165713	fr	Star Wars episode I - The Phantom Menace
http://www.wikidata.org/entity/Q165713	fr	Star Wars Episode I : La Menace fantôme
http://www.wikidata.org/entity/Q165713	fr	Star Wars I
http://www.wikidata.org/entity/Q165713	fr	Star Wars, épisode I : La menace fantome
http://www.wikidata.org/entity/Q165713	fr	Star Wars, épisode I:La Menace fantôme
http://www.wikidata.org/entity/Q165713	fr	Star Wars: Episode I - The Phantom Menace
http://www.wikidata.org/entity/Q165713	fr	Star Wars: La menace fantôme
http://www.wikidata.org/entity/Q165713	fr	The Phantom Menace
http://www.wikidata.org/entity/Q165736	fr	Doesbourg
http://www.wikidata.org/entity/Q165763	fr	Comté de Waldeck
http://www.wikidata.org/entity/Q165763	fr	Principaute de Waldeck
http://www.wikidata.org/entity/Q165763	fr	Principauté de waldeck
http://www.wikidata.org/entity/Q165763	fr	Waldeck-Pyrmont
http://www.wikidata.org/entity/Q165817	fr	Saving Private Ryan
http://www.wikidata.org/entity/Q165817	fr	Soldat Ryan
http://www.wikidata.org/entity/Q165995	fr	Malatia
http://www.wikidata.org/entity/Q166262	fr	Batman : Le Commencement
http://www.wikidata.org/entity/Q166262	fr	Batman le commencement
http://www.wikidata.org/entity/Q166262	fr	Batman, le commencement
http://www.wikidata.org/entity/Q166262	fr	Batman: Le commencement
http://www.wikidata.org/entity/Q1665857	fr	Idl (langage)
http://www.wikidata.org/entity/Q16666	fr	Nanjing
http://www.wikidata.org/entity/Q166824	fr	Afyon
http://www.wikidata.org/entity/Q166824	fr	Afyon Karahissar
http://www.wikidata.org/entity/Q167551	fr	Kitega
http://www.wikidata.org/entity/Q167715	fr	Thiruvathira
http://www.wikidata.org/entity/Q167715	fr	Tiruvanantapuram
http://www.wikidata.org/entity/Q167715	fr	Trivandum
http://www.wikidata.org/entity/Q167726	fr	Jurassic Parc
http://www.wikidata.org/entity/Q167726	fr	Le Parc Jurassique
http://www.wikidata.org/entity/Q167744	fr	Greifenberg in Pommern
http://www.wikidata.org/entity/Q167749	fr	Naharya
http://www.wikidata.org/entity/Q1678185	fr	université de N'Djamena
http://www.wikidata.org/entity/Q1678185	fr	Université de ndjamena
http://www.wikidata.org/entity/Q168193	fr	Najaaf
http://www.wikidata.org/entity/Q168193	fr	Najaf
http://www.wikidata.org/entity/Q168197	fr	Adiyaman
http://www.wikidata.org/entity/Q168197	fr	Semsûr
http://www.wikidata.org/entity/Q168225	fr	Al-Khalil
http://www.wikidata.org/entity/Q16828252	fr	anauyá
http://www.wikidata.org/entity/Q16839275	fr	utudnon
http://www.wikidata.org/entity/Q16843668	fr	boanari
http://www.wikidata.org/entity/Q16846294	fr	ibhili
http://www.wikidata.org/entity/Q16863097	fr	sveltejs
http://www.wikidata.org/entity/Q16869	fr	Constantinopolis
http://www.wikidata.org/entity/Q168751	fr	Université de Duke
http://www.wikidata.org/entity/Q168866	fr	Eskisehir
http://www.wikidata.org/entity/Q169160	fr	Lezha
http://www.wikidata.org/entity/Q169160	fr	Lissos
http://www.wikidata.org/entity/Q169226	fr	Sgt Pepper
http://www.wikidata.org/entity/Q169226	fr	Sgt. Pepper
http://www.wikidata.org/entity/Q169226	fr	Sgt. pepper's lonely hearts club band
http://www.wikidata.org/entity/Q16926155	fr	magɨyi
http://www.wikidata.org/entity/Q16927555	fr	esuma
http://www.wikidata.org/entity/Q16941271	fr	nati
http://www.wikidata.org/entity/Q16941271	fr	nāti
http://www.wikidata.org/entity/Q16955	fr	THU
http://www.wikidata.org/entity/Q16963389	fr	aveteian
http://www.wikidata.org/entity/Q17	fr	État du Japon
http://www.wikidata.org/entity/Q17	fr	Jap.
http://www.wikidata.org/entity/Q17	fr	le Japon
http://www.wikidata.org/entity/Q17	fr	pays du soleil levant
http://www.wikidata.org/entity/Q17002646	fr	Baïnouk gubëeher
http://www.wikidata.org/entity/Q170027	fr	Universite de Londres
http://www.wikidata.org/entity/Q170027	fr	University of London
http://www.wikidata.org/entity/Q170244	fr	Berati
http://www.wikidata.org/entity/Q170263	fr	Deva Victrix
http://www.wikidata.org/entity/Q170313	fr	Nelspruit (anciennement)
http://www.wikidata.org/entity/Q170457	fr	Aydin
http://www.wikidata.org/entity/Q170497	fr	Glocester
http://www.wikidata.org/entity/Q170532	fr	Amasée
http://www.wikidata.org/entity/Q170564	fr	T2
http://www.wikidata.org/entity/Q170564	fr	Terminator 2 - Le jugement dernier
http://www.wikidata.org/entity/Q170564	fr	Terminator 2, le jugement dernier
http://www.wikidata.org/entity/Q170564	fr	Terminator 2: Judgement Day
http://www.wikidata.org/entity/Q170688	fr	Santa Cruz
http://www.wikidata.org/entity/Q170693	fr	Keflavik
http://www.wikidata.org/entity/Q1708709	fr	université Josip-Juraj-Strossmayer
http://www.wikidata.org/entity/Q1708709	fr	université Josip-Juraj-Strossmayer d'Osijek
http://www.wikidata.org/entity/Q171223	fr	Nyiregyhaza
http://www.wikidata.org/entity/Q171223	fr	Nyiregyháza
http://www.wikidata.org/entity/Q171632	fr	Maracaïbo
http://www.wikidata.org/entity/Q171639	fr	Asdod
http://www.wikidata.org/entity/Q171639	fr	Azot
http://www.wikidata.org/entity/Q171639	fr	Azôt
http://www.wikidata.org/entity/Q171764	fr	Ahmadi
http://www.wikidata.org/entity/Q171764	fr	Mirza Ghulam Ahmed
http://www.wikidata.org/entity/Q171771	fr	Bhûbaneshvar
http://www.wikidata.org/entity/Q171771	fr	Bhubaneshwar
http://www.wikidata.org/entity/Q171771	fr	Bhundaneswar
http://www.wikidata.org/entity/Q171810	fr	Coracesium
http://www.wikidata.org/entity/Q1719466	fr	Ponevej
http://www.wikidata.org/entity/Q172241	fr	A l'ombre de Shawshank
http://www.wikidata.org/entity/Q172241	fr	À l'ombre de Shawshank
http://www.wikidata.org/entity/Q172241	fr	Évadés
http://www.wikidata.org/entity/Q172241	fr	Les Evades
http://www.wikidata.org/entity/Q172241	fr	The Shawshank redemption
http://www.wikidata.org/entity/Q172415	fr	Koutaissi
http://www.wikidata.org/entity/Q172415	fr	Kutaisi
http://www.wikidata.org/entity/Q172415	fr	Kutaïssi
http://www.wikidata.org/entity/Q172415	fr	Kutatisi
http://www.wikidata.org/entity/Q172415	fr	ქუთაისი
http://www.wikidata.org/entity/Q17284874	fr	aqao
http://www.wikidata.org/entity/Q17284874	fr	gao
http://www.wikidata.org/entity/Q1728622	fr	Université de californie à merced
http://www.wikidata.org/entity/Q172975	fr	Departed
http://www.wikidata.org/entity/Q172975	fr	Infiltrés
http://www.wikidata.org/entity/Q172975	fr	Les Infiltres
http://www.wikidata.org/entity/Q172975	fr	The Departed
http://www.wikidata.org/entity/Q172996	fr	George Town, Cayman Islands
http://www.wikidata.org/entity/Q173037	fr	Nikolaïevsk-na-Amure
http://www.wikidata.org/entity/Q173121	fr	Santiago de Queretaro
http://www.wikidata.org/entity/Q1733	fr	Magdeburg
http://www.wikidata.org/entity/Q1733	fr	MD
http://www.wikidata.org/entity/Q173310	fr	Kirkuk
http://www.wikidata.org/entity/Q173338	fr	Cettigne
http://www.wikidata.org/entity/Q173532	fr	Gibelet
http://www.wikidata.org/entity/Q173532	fr	Jbail
http://www.wikidata.org/entity/Q173532	fr	Jbeil
http://www.wikidata.org/entity/Q173532	fr	Jebail
http://www.wikidata.org/entity/Q173545	fr	Hamath
http://www.wikidata.org/entity/Q173643	fr	Abbey Road Medley
http://www.wikidata.org/entity/Q173643	fr	Le Medley d'Abbey Road
http://www.wikidata.org/entity/Q173643	fr	Medley d'Abbey Road
http://www.wikidata.org/entity/Q173690	fr	Argyrokastro
http://www.wikidata.org/entity/Q173690	fr	Gjirokastra
http://www.wikidata.org/entity/Q173690	fr	Gjirokastre
http://www.wikidata.org/entity/Q173731	fr	Ghaznî
http://www.wikidata.org/entity/Q1737734	fr	Universite de Keele
http://www.wikidata.org/entity/Q1737734	fr	Université de keele
http://www.wikidata.org/entity/Q173985	fr	Faisalābād
http://www.wikidata.org/entity/Q173985	fr	Layalpur
http://www.wikidata.org/entity/Q173985	fr	Lyallpur
http://www.wikidata.org/entity/Q174	fr	Sao Paulo
http://www.wikidata.org/entity/Q174019	fr	Baeterrae
http://www.wikidata.org/entity/Q174060	fr	Elazig
http://www.wikidata.org/entity/Q174060	fr	Harput
http://www.wikidata.org/entity/Q174060	fr	Khatbout
http://www.wikidata.org/entity/Q1740805	fr	kichwa
http://www.wikidata.org/entity/Q174158	fr	université de Jérusalem
http://www.wikidata.org/entity/Q174262	fr	Saint Peter Port
http://www.wikidata.org/entity/Q174262	fr	St Pierre Port
http://www.wikidata.org/entity/Q174341	fr	Iskenderun
http://www.wikidata.org/entity/Q17478066	fr	avañe'e
http://www.wikidata.org/entity/Q174916	fr	Tortose
http://www.wikidata.org/entity/Q1752043	fr	Université du Roi Saoud
http://www.wikidata.org/entity/Q175241	fr	UA
http://www.wikidata.org/entity/Q175241	fr	Universiteit Antwerpen
http://www.wikidata.org/entity/Q1752712	fr	Université de Toruń
http://www.wikidata.org/entity/Q1752712	fr	Université Nicolas Copernic
http://www.wikidata.org/entity/Q1752712	fr	Université Nicolas Copernic de Toruń
http://www.wikidata.org/entity/Q1753738	fr	Texte structure
http://www.wikidata.org/entity/Q1753738	fr	Texte structuré
http://www.wikidata.org/entity/Q1754	fr	STHLM
http://www.wikidata.org/entity/Q1756018	fr	Assembleur Microsoft
http://www.wikidata.org/entity/Q1756018	fr	MASM
http://www.wikidata.org/entity/Q1756018	fr	Masm32
http://www.wikidata.org/entity/Q1757	fr	Helsingfors
http://www.wikidata.org/entity/Q1760791	fr	Middlesex University
http://www.wikidata.org/entity/Q1760791	fr	Universite du Middlesex
http://www.wikidata.org/entity/Q1764	fr	Reykjavík
http://www.wikidata.org/entity/Q1764	fr	Reykjavíkurborg
http://www.wikidata.org/entity/Q1768321	fr	luq
http://www.wikidata.org/entity/Q1771717	fr	Portland State University
http://www.wikidata.org/entity/Q17738	fr	La Guerre des étoiles, IV
http://www.wikidata.org/entity/Q17738	fr	Star Wars 4
http://www.wikidata.org/entity/Q17738	fr	Star Wars IV
http://www.wikidata.org/entity/Q17738	fr	Un nouvel espoir
http://www.wikidata.org/entity/Q1776032	fr	mari occidental
http://www.wikidata.org/entity/Q1779923	fr	Borland Paradox
http://www.wikidata.org/entity/Q1779923	fr	Corel Paradox
http://www.wikidata.org/entity/Q1780	fr	Posonie
http://www.wikidata.org/entity/Q1780	fr	Presbourg
http://www.wikidata.org/entity/Q178067	fr	Toamasina
http://www.wikidata.org/entity/Q178168	fr	Kosovska Mitrovica
http://www.wikidata.org/entity/Q1788342	fr	RGU
http://www.wikidata.org/entity/Q1788342	fr	Robert Gordon's College
http://www.wikidata.org/entity/Q1788342	fr	Robert Gordon's Hospital
http://www.wikidata.org/entity/Q1788342	fr	Robert Gordon's Institute of Technology
http://www.wikidata.org/entity/Q1788342	fr	Robert Gordon's Technical College
http://www.wikidata.org/entity/Q178948	fr	Ensemble monumental de Khajuraho
http://www.wikidata.org/entity/Q178948	fr	Khajuraho
http://www.wikidata.org/entity/Q179046	fr	Fatehpur Sikri
http://www.wikidata.org/entity/Q179046	fr	Fatehpur-Sikri
http://www.wikidata.org/entity/Q179046	fr	Fatehpur-Sikrî
http://www.wikidata.org/entity/Q179046	fr	Fathpûr-sîkrî
http://www.wikidata.org/entity/Q179351	fr	City of Westminster
http://www.wikidata.org/entity/Q1800	fr	Cotchin
http://www.wikidata.org/entity/Q1800	fr	Kochi
http://www.wikidata.org/entity/Q180057	fr	Lincoln (England)
http://www.wikidata.org/entity/Q180057	fr	Lincoln (Lincolnshire)
http://www.wikidata.org/entity/Q180233	fr	Björneborg
http://www.wikidata.org/entity/Q180294	fr	Joppé
http://www.wikidata.org/entity/Q180522	fr	Elath
http://www.wikidata.org/entity/Q1807379	fr	GML : Game Maker Language
http://www.wikidata.org/entity/Q180775	fr	10/80
http://www.wikidata.org/entity/Q180775	fr	1080
http://www.wikidata.org/entity/Q180775	fr	Meuilebeik
http://www.wikidata.org/entity/Q180775	fr	Meuilebeik-Saint-Jean
http://www.wikidata.org/entity/Q180775	fr	Meulebeik
http://www.wikidata.org/entity/Q180775	fr	Meulebeik-Saint-Jean
http://www.wikidata.org/entity/Q180775	fr	Molem
http://www.wikidata.org/entity/Q180775	fr	Molen
http://www.wikidata.org/entity/Q180775	fr	Molenbeek
http://www.wikidata.org/entity/Q180775	fr	Molenbek
http://www.wikidata.org/entity/Q180775	fr	Petit Manchester
http://www.wikidata.org/entity/Q180775	fr	Sint-Jans-Molenbeek
http://www.wikidata.org/entity/Q180921	fr	Omdurman
http://www.wikidata.org/entity/Q180945	fr	armenien occidental
http://www.wikidata.org/entity/Q181037	fr	Albanais guègue
http://www.wikidata.org/entity/Q181037	fr	Guegue
http://www.wikidata.org/entity/Q181069	fr	Attack of the Clones
http://www.wikidata.org/entity/Q181069	fr	L'Attaque des clones
http://www.wikidata.org/entity/Q181069	fr	La Guerre des étoiles, épisode II
http://www.wikidata.org/entity/Q181069	fr	La Guerres des étoiles, épisode 2
http://www.wikidata.org/entity/Q181069	fr	Star Wars : épisode II - l'attaque des clones
http://www.wikidata.org/entity/Q181069	fr	Star Wars : L'Attaque des clones
http://www.wikidata.org/entity/Q181069	fr	Star Wars Episode II
http://www.wikidata.org/entity/Q181069	fr	Star Wars épisode II : L'Attaque des Clones
http://www.wikidata.org/entity/Q181069	fr	Star Wars II
http://www.wikidata.org/entity/Q181069	fr	Star Wars, épisode II : L' Attaque des clones
http://www.wikidata.org/entity/Q181069	fr	Star Wars, Episode II: Attack of the Clones
http://www.wikidata.org/entity/Q181069	fr	Star Wars, épisode II:L'Attaque des clones
http://www.wikidata.org/entity/Q181069	fr	Star Wars: Attack of the Clones
http://www.wikidata.org/entity/Q181069	fr	Star Wars: Episode II - Attack of the Clones
http://www.wikidata.org/entity/Q181069	fr	Star Wars: L'Attaque des clones
http://www.wikidata.org/entity/Q181379	fr	Osmanye
http://www.wikidata.org/entity/Q181557	fr	Kaohsiung City
http://www.wikidata.org/entity/Q181557	fr	Kaoshiung
http://www.wikidata.org/entity/Q18168288	fr	caduveo
http://www.wikidata.org/entity/Q18168288	fr	ediu-adig
http://www.wikidata.org/entity/Q18168288	fr	mbaya-guaikuru
http://www.wikidata.org/entity/Q1817355	fr	École polytechnique de Lviv
http://www.wikidata.org/entity/Q1817355	fr	École polytechnique de Lwow
http://www.wikidata.org/entity/Q1817355	fr	École polytechnique de Lwów
http://www.wikidata.org/entity/Q1817355	fr	Universite nationale polytechnique de L'viv
http://www.wikidata.org/entity/Q1817355	fr	Université nationale polytechnique de l'viv
http://www.wikidata.org/entity/Q181795	fr	Empire Strikes Back
http://www.wikidata.org/entity/Q181795	fr	L'Empire contre attaque
http://www.wikidata.org/entity/Q181795	fr	Star Wars - The Empire Strikes Back
http://www.wikidata.org/entity/Q181795	fr	Star Wars : épisode 5 - L'Empire contre-attaque
http://www.wikidata.org/entity/Q181795	fr	Star Wars : episode V - L'Empire contre-attaque
http://www.wikidata.org/entity/Q181795	fr	Star wars : épisode v - l'empire contre-attaque
http://www.wikidata.org/entity/Q181795	fr	Star Wars : épisode V - L’Empire contre-attaque
http://www.wikidata.org/entity/Q181795	fr	Star wars 5
http://www.wikidata.org/entity/Q181795	fr	Star Wars épisode V - L'Empire contre-attaque
http://www.wikidata.org/entity/Q181795	fr	Star Wars episode V- The Empire Strikes Back
http://www.wikidata.org/entity/Q181795	fr	Star Wars Episode V: L'Empire Contre-Attaque
http://www.wikidata.org/entity/Q181795	fr	Star Wars, Episode V : L'Empire Contre-Attaque
http://www.wikidata.org/entity/Q181795	fr	Star Wars, épisode V : L’Empire contre-attaque
http://www.wikidata.org/entity/Q181803	fr	Le retour du Jedi
http://www.wikidata.org/entity/Q181803	fr	Retour du Jedi
http://www.wikidata.org/entity/Q181803	fr	Return Of The Jedi
http://www.wikidata.org/entity/Q181803	fr	Star Wars - The Return Of The Jedi
http://www.wikidata.org/entity/Q181803	fr	Star Wars : episode VI - Le Retour du Jedi
http://www.wikidata.org/entity/Q181803	fr	Star Wars : épisode VI - Le Retour du Jedi
http://www.wikidata.org/entity/Q181803	fr	Star wars 6
http://www.wikidata.org/entity/Q181803	fr	Star Wars episode VI - The Return Of The Jedi
http://www.wikidata.org/entity/Q181803	fr	Star Wars Episode VI: Le Retour du Jedi
http://www.wikidata.org/entity/Q181803	fr	Star Wars, Episode VI : Le Retour du Jedi
http://www.wikidata.org/entity/Q181803	fr	Star Wars: Episode VI - Return of the Jedi
http://www.wikidata.org/entity/Q181854	fr	Villmanstrand
http://www.wikidata.org/entity/Q181854	fr	Vilmanstrand
http://www.wikidata.org/entity/Q182009	fr	Rhodosto
http://www.wikidata.org/entity/Q182009	fr	Rodosto
http://www.wikidata.org/entity/Q182009	fr	Tekirdag
http://www.wikidata.org/entity/Q182025	fr	Agzikarahan
http://www.wikidata.org/entity/Q182092	fr	Tubruq
http://www.wikidata.org/entity/Q182153	fr	Cars - Quatre roues
http://www.wikidata.org/entity/Q182153	fr	Cars : Au pays des quatre roues
http://www.wikidata.org/entity/Q182153	fr	Cars : Quatre roues
http://www.wikidata.org/entity/Q182153	fr	Cars, quatres roues
http://www.wikidata.org/entity/Q182153	fr	Cars: Au pays des quatre roues
http://www.wikidata.org/entity/Q182153	fr	Cars: Quatre roues
http://www.wikidata.org/entity/Q182153	fr	Cars:Quatre roues
http://www.wikidata.org/entity/Q182153	fr	Les Bagnoles
http://www.wikidata.org/entity/Q182153	fr	Piston Cup
http://www.wikidata.org/entity/Q182299	fr	Canée
http://www.wikidata.org/entity/Q182299	fr	Chaniá
http://www.wikidata.org/entity/Q182299	fr	La Canee
http://www.wikidata.org/entity/Q182481	fr	Terkoeje
http://www.wikidata.org/entity/Q182481	fr	Toerkonje
http://www.wikidata.org/entity/Q182481	fr	Tourco
http://www.wikidata.org/entity/Q182481	fr	Tourquennois
http://www.wikidata.org/entity/Q182521	fr	Rustavi
http://www.wikidata.org/entity/Q182826	fr	Kill'em All
http://www.wikidata.org/entity/Q182826	fr	Metal militia
http://www.wikidata.org/entity/Q182973	fr	Université de l'iowa
http://www.wikidata.org/entity/Q183	fr	All.
http://www.wikidata.org/entity/Q183	fr	la République fédérale d’Allemagne
http://www.wikidata.org/entity/Q183	fr	R. F. A.
http://www.wikidata.org/entity/Q183	fr	République fédérale allemande
http://www.wikidata.org/entity/Q183	fr	République fédérale d'Allemagne
http://www.wikidata.org/entity/Q183	fr	RFA
http://www.wikidata.org/entity/Q183199	fr	Janina
http://www.wikidata.org/entity/Q18344310	fr	kómnzo
http://www.wikidata.org/entity/Q183584	fr	Lan tcheou
http://www.wikidata.org/entity/Q183584	fr	Lan Tchéou
http://www.wikidata.org/entity/Q183584	fr	Lan-tcheou
http://www.wikidata.org/entity/Q183584	fr	Lantcheou
http://www.wikidata.org/entity/Q18379970	fr	gbe-weme
http://www.wikidata.org/entity/Q18379970	fr	ouémé
http://www.wikidata.org/entity/Q18379970	fr	weme-gbe
http://www.wikidata.org/entity/Q18379970	fr	wéménugbé
http://www.wikidata.org/entity/Q184	fr	Bélarus
http://www.wikidata.org/entity/Q184	fr	Biélor.
http://www.wikidata.org/entity/Q184	fr	la République de Biélorussie
http://www.wikidata.org/entity/Q184	fr	république de Biélorussie
http://www.wikidata.org/entity/Q184184	fr	Nouâdhibou
http://www.wikidata.org/entity/Q184184	fr	Nwadibu
http://www.wikidata.org/entity/Q184184	fr	Port-Étienne
http://www.wikidata.org/entity/Q1842	fr	Luxembourg-Ville
http://www.wikidata.org/entity/Q1842	fr	Ville de Luxembourg
http://www.wikidata.org/entity/Q1844993	fr	Bésiro
http://www.wikidata.org/entity/Q184539	fr	Kotyora
http://www.wikidata.org/entity/Q18468761	fr	CiUtee
http://www.wikidata.org/entity/Q184768	fr	Le Parrain 2ème partie
http://www.wikidata.org/entity/Q184768	fr	Le Parrain II
http://www.wikidata.org/entity/Q184768	fr	Le Parrain, 2ème partie
http://www.wikidata.org/entity/Q184768	fr	Parrain 2
http://www.wikidata.org/entity/Q184768	fr	The Godfather Part II
http://www.wikidata.org/entity/Q184768	fr	The Godfather: Part II
http://www.wikidata.org/entity/Q184864	fr	Megara
http://www.wikidata.org/entity/Q184864	fr	Megare
http://www.wikidata.org/entity/Q184864	fr	Mégaride
http://www.wikidata.org/entity/Q1850416	fr	Musée national du Brésil
http://www.wikidata.org/entity/Q1850416	fr	Museu Nacional da Universidade Federal do Rio de Janeiro
http://www.wikidata.org/entity/Q1850416	fr	Museu Nacional do Rio de Janeiro
http://www.wikidata.org/entity/Q1850416	fr	Museu Nacional Quinta da Boa Vista
http://www.wikidata.org/entity/Q1850416	fr	Palácio de São Cristóvão
http://www.wikidata.org/entity/Q185084	fr	Sêrt
http://www.wikidata.org/entity/Q185134	fr	Agadir
http://www.wikidata.org/entity/Q185134	fr	Tremecen
http://www.wikidata.org/entity/Q185157	fr	Tamuda
http://www.wikidata.org/entity/Q185157	fr	Tetouan
http://www.wikidata.org/entity/Q185157	fr	Tettawen
http://www.wikidata.org/entity/Q185246	fr	Universite d'Uppsala
http://www.wikidata.org/entity/Q185246	fr	université d'Upsal
http://www.wikidata.org/entity/Q185280	fr	Nagybanya
http://www.wikidata.org/entity/Q185280	fr	Nagybánya
http://www.wikidata.org/entity/Q185336	fr	Zugdidi
http://www.wikidata.org/entity/Q185345	fr	Phasis
http://www.wikidata.org/entity/Q1854	fr	Chợ Lớn
http://www.wikidata.org/entity/Q1854	fr	Gia Định
http://www.wikidata.org/entity/Q1854	fr	Hô Chi Minh Ville
http://www.wikidata.org/entity/Q1854	fr	Hô Chi Minh-ville
http://www.wikidata.org/entity/Q1854	fr	Prey Nokor
http://www.wikidata.org/entity/Q1854	fr	Sài Thành
http://www.wikidata.org/entity/Q1854	fr	Saigon
http://www.wikidata.org/entity/Q1854	fr	Saïgon
http://www.wikidata.org/entity/Q1854	fr	Thành phố Hồ Chí Minh
http://www.wikidata.org/entity/Q185453	fr	Multân
http://www.wikidata.org/entity/Q185453	fr	Mûltan
http://www.wikidata.org/entity/Q1860	fr	la langue anglaise
http://www.wikidata.org/entity/Q1860	fr	la langue de Shakespeare
http://www.wikidata.org/entity/Q1860	fr	langue anglaise
http://www.wikidata.org/entity/Q1860	fr	langue de Shakespeare
http://www.wikidata.org/entity/Q186040	fr	Aoudh
http://www.wikidata.org/entity/Q186040	fr	Avadhi
http://www.wikidata.org/entity/Q186040	fr	Ayodhyâ
http://www.wikidata.org/entity/Q186040	fr	Ayodhyā
http://www.wikidata.org/entity/Q1861	fr	Krung Thep
http://www.wikidata.org/entity/Q1861	fr	Krung Thep Maha Nakhon
http://www.wikidata.org/entity/Q1861	fr	Krungthep mahanakhon amon rattanakosin mahintara ayuthaya mahadilok phop noppharat ratchathani burirom udomratchaniwet mahasathan amon piman awatan sathit sakkathattiya witsanukam prasit
http://www.wikidata.org/entity/Q1861	fr	Krungthepmahanakhon Amonrattanakosin Mahintharayutthaya Mahadilokphop Noppharatratchathaniburirom Udomratchaniwetmahasathan Amonphimanawatansathit Sakkathattiyawitsanukamprasit
http://www.wikidata.org/entity/Q186142	fr	Gardabaer
http://www.wikidata.org/entity/Q186142	fr	Gardabær
http://www.wikidata.org/entity/Q186142	fr	Garðabaer
http://www.wikidata.org/entity/Q186188	fr	Teenage Dream: The Complete Confection
http://www.wikidata.org/entity/Q186234	fr	Al-Kufa
http://www.wikidata.org/entity/Q186234	fr	Kufa
http://www.wikidata.org/entity/Q186234	fr	Kûfa
http://www.wikidata.org/entity/Q1863	fr	Andorre-la-vieille
http://www.wikidata.org/entity/Q18644465	fr	lavua de l'Ouest
http://www.wikidata.org/entity/Q1865	fr	KL
http://www.wikidata.org/entity/Q18664494	fr	bikol buhi'non
http://www.wikidata.org/entity/Q1867	fr	Taibei
http://www.wikidata.org/entity/Q1867	fr	Tanshoui
http://www.wikidata.org/entity/Q1867	fr	Tanshouï
http://www.wikidata.org/entity/Q187284	fr	Hourghada
http://www.wikidata.org/entity/Q187346	fr	Cirta
http://www.wikidata.org/entity/Q187346	fr	Qacentina
http://www.wikidata.org/entity/Q187352	fr	Néapolis
http://www.wikidata.org/entity/Q18756514	fr	kalagan tagakaulu
http://www.wikidata.org/entity/Q188022	fr	Mêrdin
http://www.wikidata.org/entity/Q188022	fr	Mêrdîn
http://www.wikidata.org/entity/Q18808	fr	Hpyeng-yang
http://www.wikidata.org/entity/Q18808	fr	Hpyengyang
http://www.wikidata.org/entity/Q18808	fr	P'yŏngyang
http://www.wikidata.org/entity/Q18808	fr	Phyŏngyang
http://www.wikidata.org/entity/Q18808	fr	Pyeongyang
http://www.wikidata.org/entity/Q188304	fr	Wearmouth
http://www.wikidata.org/entity/Q188336	fr	Saphet
http://www.wikidata.org/entity/Q188336	fr	tsfat
http://www.wikidata.org/entity/Q188336	fr	צפת
http://www.wikidata.org/entity/Q188436	fr	Langage Algol
http://www.wikidata.org/entity/Q188436	fr	Langage de programmation Algol
http://www.wikidata.org/entity/Q188693	fr	Chilika
http://www.wikidata.org/entity/Q1887879	fr	Universite de San Francisco
http://www.wikidata.org/entity/Q1887879	fr	Université de san francisco
http://www.wikidata.org/entity/Q188894	fr	Cotiaeum
http://www.wikidata.org/entity/Q188894	fr	Koutayeh
http://www.wikidata.org/entity/Q188894	fr	Kutahya
http://www.wikidata.org/entity/Q188894	fr	Kutayeh
http://www.wikidata.org/entity/Q189	fr	Isl.
http://www.wikidata.org/entity/Q189	fr	l'Islande
http://www.wikidata.org/entity/Q189	fr	République d'Islande
http://www.wikidata.org/entity/Q189022	fr	Imperial College
http://www.wikidata.org/entity/Q189022	fr	Imperial College de Londres
http://www.wikidata.org/entity/Q189059	fr	Mytilene
http://www.wikidata.org/entity/Q1891	fr	Bologna
http://www.wikidata.org/entity/Q189128	fr	León de los Aldama
http://www.wikidata.org/entity/Q189128	fr	León, Guanajuato
http://www.wikidata.org/entity/Q189128	fr	León, Mexique
http://www.wikidata.org/entity/Q189134	fr	Ouchak
http://www.wikidata.org/entity/Q189383	fr	Dimyat
http://www.wikidata.org/entity/Q189383	fr	Siège de Damiette
http://www.wikidata.org/entity/Q189441	fr	UJ
http://www.wikidata.org/entity/Q189441	fr	université de Cracovie
http://www.wikidata.org/entity/Q189441	fr	université Jagellon
http://www.wikidata.org/entity/Q189441	fr	université Jagellone
http://www.wikidata.org/entity/Q189441	fr	université jagellone de Cracovie
http://www.wikidata.org/entity/Q189441	fr	universite jagellonne de Cracovie
http://www.wikidata.org/entity/Q189441	fr	Université Jagellonne de Cracovie
http://www.wikidata.org/entity/Q1896148	fr	Universite de Greenwich
http://www.wikidata.org/entity/Q189685	fr	Agbomey
http://www.wikidata.org/entity/Q189685	fr	Ville d'Abomey
http://www.wikidata.org/entity/Q189697	fr	Karabuk
http://www.wikidata.org/entity/Q189969	fr	Dulcigno
http://www.wikidata.org/entity/Q189969	fr	Olcinium
http://www.wikidata.org/entity/Q189969	fr	Ulcinium
http://www.wikidata.org/entity/Q189969	fr	Ulqin
http://www.wikidata.org/entity/Q190086	fr	Certains l’aiment chaud
http://www.wikidata.org/entity/Q190086	fr	Some Like It Hot
http://www.wikidata.org/entity/Q190165	fr	Loûampabân
http://www.wikidata.org/entity/Q190165	fr	Louang-Phabang
http://www.wikidata.org/entity/Q190165	fr	Lūang Phabāng
http://www.wikidata.org/entity/Q190165	fr	Mueng Sua
http://www.wikidata.org/entity/Q190184	fr	Harar Jugol
http://www.wikidata.org/entity/Q190184	fr	Harer
http://www.wikidata.org/entity/Q190184	fr	Harrar
http://www.wikidata.org/entity/Q190583	fr	Sankt Michel
http://www.wikidata.org/entity/Q190828	fr	Petach Tikvah
http://www.wikidata.org/entity/Q190847	fr	Alexandroupoli
http://www.wikidata.org/entity/Q190847	fr	Alexandroupolis
http://www.wikidata.org/entity/Q190847	fr	Dedeağaç
http://www.wikidata.org/entity/Q190847	fr	Dedeagach
http://www.wikidata.org/entity/Q190847	fr	Dedeagatch
http://www.wikidata.org/entity/Q190897	fr	Fieri
http://www.wikidata.org/entity/Q190989	fr	Escape
http://www.wikidata.org/entity/Q191	fr	Esthonie
http://www.wikidata.org/entity/Q191	fr	la République d'Estonie
http://www.wikidata.org/entity/Q191	fr	République d'Estonie
http://www.wikidata.org/entity/Q191015	fr	Trakaï
http://www.wikidata.org/entity/Q191015	fr	Troki
http://www.wikidata.org/entity/Q191047	fr	Jakobshavn
http://www.wikidata.org/entity/Q191170	fr	Falloudja
http://www.wikidata.org/entity/Q191170	fr	Fallouja
http://www.wikidata.org/entity/Q191170	fr	Fallujah
http://www.wikidata.org/entity/Q191170	fr	Faloudja
http://www.wikidata.org/entity/Q191204	fr	As-Sulaymaniya
http://www.wikidata.org/entity/Q191204	fr	Souleimaniyeh
http://www.wikidata.org/entity/Q191204	fr	Souleymaniah
http://www.wikidata.org/entity/Q191764	fr	Khmer Rouge
http://www.wikidata.org/entity/Q191764	fr	Les Khmers rouges
http://www.wikidata.org/entity/Q191805	fr	Mlada Boleslav
http://www.wikidata.org/entity/Q192176	fr	Benderi
http://www.wikidata.org/entity/Q192176	fr	Bendery
http://www.wikidata.org/entity/Q192176	fr	Municipalité de Bender
http://www.wikidata.org/entity/Q192176	fr	Tighina
http://www.wikidata.org/entity/Q192225	fr	Natanya
http://www.wikidata.org/entity/Q192508	fr	Berg op Zoom
http://www.wikidata.org/entity/Q192508	fr	Bergen op Zoom
http://www.wikidata.org/entity/Q192508	fr	Bergen-op-Zoom
http://www.wikidata.org/entity/Q192508	fr	Bergues-sur-le-Zon
http://www.wikidata.org/entity/Q192755	fr	Wolf Eyes/Black Dice
http://www.wikidata.org/entity/Q192807	fr	Ramat-Gan
http://www.wikidata.org/entity/Q192980	fr	Lamia
http://www.wikidata.org/entity/Q193103	fr	Castel-Nuovo
http://www.wikidata.org/entity/Q193226	fr	Santi Quaranta
http://www.wikidata.org/entity/Q193226	fr	Sarandë
http://www.wikidata.org/entity/Q193226	fr	Ville de Sarandë
http://www.wikidata.org/entity/Q193367	fr	Borga
http://www.wikidata.org/entity/Q193367	fr	Borgå
http://www.wikidata.org/entity/Q193409	fr	Trípolis
http://www.wikidata.org/entity/Q193409	fr	Tripolizza
http://www.wikidata.org/entity/Q193486	fr	Diré Dawa
http://www.wikidata.org/entity/Q193486	fr	Diré-Daoua
http://www.wikidata.org/entity/Q193490	fr	Queen I
http://www.wikidata.org/entity/Q193510	fr	UNIPD
http://www.wikidata.org/entity/Q193510	fr	Università degli studi di Padova
http://www.wikidata.org/entity/Q193510	fr	Università degli Studi di Padova
http://www.wikidata.org/entity/Q193510	fr	Universite de Padoue
http://www.wikidata.org/entity/Q19355	fr	vie est belle
http://www.wikidata.org/entity/Q193563	fr	Bibliothèque de France
http://www.wikidata.org/entity/Q193563	fr	Bibliothèque Nationale de Paris
http://www.wikidata.org/entity/Q193563	fr	Bibliothèque royale
http://www.wikidata.org/entity/Q193563	fr	BnF
http://www.wikidata.org/entity/Q193563	fr	BNF
http://www.wikidata.org/entity/Q193563	fr	Très Grande Bibliothèque
http://www.wikidata.org/entity/Q193787	fr	Taurage
http://www.wikidata.org/entity/Q193787	fr	Tauroggen
http://www.wikidata.org/entity/Q193802	fr	Dhar Lamhalla
http://www.wikidata.org/entity/Q193802	fr	Mir ali
http://www.wikidata.org/entity/Q193802	fr	Oujdi
http://www.wikidata.org/entity/Q193821	fr	Dampierre-sur-Loire
http://www.wikidata.org/entity/Q193821	fr	Saint-Lambert-des-Levées
http://www.wikidata.org/entity/Q193920	fr	Fouilleuse
http://www.wikidata.org/entity/Q193920	fr	Roialum
http://www.wikidata.org/entity/Q193920	fr	Rueil
http://www.wikidata.org/entity/Q193950	fr	B’Day
http://www.wikidata.org/entity/Q193950	fr	B'Day Deluxe Edition
http://www.wikidata.org/entity/Q1940803	fr	MIUN
http://www.wikidata.org/entity/Q194146	fr	Nigde
http://www.wikidata.org/entity/Q194164	fr	Kruja
http://www.wikidata.org/entity/Q194164	fr	Kruje
http://www.wikidata.org/entity/Q194445	fr	Cairo University
http://www.wikidata.org/entity/Q194445	fr	Universite du Caire
http://www.wikidata.org/entity/Q194452	fr	Prjevalsk
http://www.wikidata.org/entity/Q194452	fr	Przhevalsk
http://www.wikidata.org/entity/Q1947	fr	Juba
http://www.wikidata.org/entity/Q19572028	fr	guazacapán
http://www.wikidata.org/entity/Q19572028	fr	xinca de Guazacapán
http://www.wikidata.org/entity/Q1957612	fr	mayna
http://www.wikidata.org/entity/Q19583	fr	გორი
http://www.wikidata.org/entity/Q195929	fr	fbc
http://www.wikidata.org/entity/Q1960	fr	Dar es Salaam
http://www.wikidata.org/entity/Q1960	fr	Dar Es Salam
http://www.wikidata.org/entity/Q196163	fr	Labes
http://www.wikidata.org/entity/Q196163	fr	Lobez
http://www.wikidata.org/entity/Q1962613	fr	Première Université de médecine Ivan Setchenov de Moscou
http://www.wikidata.org/entity/Q1962613	fr	université de médecine Setchenov de Moscou
http://www.wikidata.org/entity/Q1962613	fr	université médicale d'État Ivan-Setchenov de Moscou
http://www.wikidata.org/entity/Q1964642	fr	Université Nationale Kirghize « Joussoup Balassagyn »
http://www.wikidata.org/entity/Q19689	fr	Tiranë
http://www.wikidata.org/entity/Q19694214	fr	marquisien du Sud-Est
http://www.wikidata.org/entity/Q19694214	fr	marquisien méridional
http://www.wikidata.org/entity/Q1972721	fr	Luleå Tekniska Universitet
http://www.wikidata.org/entity/Q1972721	fr	Luleå University of Technology
http://www.wikidata.org/entity/Q1972721	fr	Universite de technologie de Lulea
http://www.wikidata.org/entity/Q1972721	fr	Université de technologie de Lulea
http://www.wikidata.org/entity/Q1975199	fr	gǁana
http://www.wikidata.org/entity/Q197543	fr	université de Zhejiang
http://www.wikidata.org/entity/Q19755	fr	Association internationale du transport aérien
http://www.wikidata.org/entity/Q19755	fr	IATA
http://www.wikidata.org/entity/Q197936	fr	abénaki
http://www.wikidata.org/entity/Q197936	fr	aln8ba8dawaw8gan
http://www.wikidata.org/entity/Q197936	fr	langue abénaquise
http://www.wikidata.org/entity/Q1979891	fr	Universidade Nova
http://www.wikidata.org/entity/Q1979891	fr	Universidade Nova de Lisboa
http://www.wikidata.org/entity/Q1979891	fr	Université nouvelle de Lisbonne
http://www.wikidata.org/entity/Q1982248	fr	Hebreu biblique
http://www.wikidata.org/entity/Q19840830	fr	situ
http://www.wikidata.org/entity/Q19840950	fr	caodeng
http://www.wikidata.org/entity/Q19841106	fr	ribu
http://www.wikidata.org/entity/Q19841106	fr	showu
http://www.wikidata.org/entity/Q1989628	fr	université nationale de Dnipro
http://www.wikidata.org/entity/Q19921576	fr	kissi septentrional
http://www.wikidata.org/entity/Q199500	fr	Alexandropol
http://www.wikidata.org/entity/Q199500	fr	Giumri
http://www.wikidata.org/entity/Q199500	fr	Gjumri
http://www.wikidata.org/entity/Q199500	fr	Goumry
http://www.wikidata.org/entity/Q199500	fr	Gumri
http://www.wikidata.org/entity/Q199500	fr	Gumry
http://www.wikidata.org/entity/Q199500	fr	Gyoumri
http://www.wikidata.org/entity/Q199500	fr	Gyoumry
http://www.wikidata.org/entity/Q199500	fr	Gyumry
http://www.wikidata.org/entity/Q199500	fr	Kioumry
http://www.wikidata.org/entity/Q199500	fr	Kiumri
http://www.wikidata.org/entity/Q199500	fr	Koumri
http://www.wikidata.org/entity/Q199500	fr	Kyoumri
http://www.wikidata.org/entity/Q199500	fr	Kyoumry
http://www.wikidata.org/entity/Q199500	fr	Kyumri
http://www.wikidata.org/entity/Q199500	fr	Kyumry
http://www.wikidata.org/entity/Q199500	fr	Leninakan
http://www.wikidata.org/entity/Q199500	fr	Գյումրի
http://www.wikidata.org/entity/Q199585	fr	Projet Get Back
http://www.wikidata.org/entity/Q199712	fr	Canakkale
http://www.wikidata.org/entity/Q199723	fr	Balikesir
http://www.wikidata.org/entity/Q199909	fr	Karbala
http://www.wikidata.org/entity/Q199909	fr	Kerbela
http://www.wikidata.org/entity/Q20	fr	le Royaume de Norvège
http://www.wikidata.org/entity/Q20	fr	Norv.
http://www.wikidata.org/entity/Q20	fr	Royaume de Norvège
http://www.wikidata.org/entity/Q200028	fr	District de Hamilton
http://www.wikidata.org/entity/Q200028	fr	Hamilton District
http://www.wikidata.org/entity/Q200030	fr	Laodicée de la mer
http://www.wikidata.org/entity/Q200030	fr	Laodicée de Syrie
http://www.wikidata.org/entity/Q200030	fr	Latakia
http://www.wikidata.org/entity/Q200030	fr	Latakié
http://www.wikidata.org/entity/Q200030	fr	Lattaqié
http://www.wikidata.org/entity/Q200030	fr	Lattaquie
http://www.wikidata.org/entity/Q200030	fr	Lattaquieh
http://www.wikidata.org/entity/Q200061	fr	Theranda
http://www.wikidata.org/entity/Q200133	fr	Bataille au large de Chalcis
http://www.wikidata.org/entity/Q200133	fr	Chalkhida
http://www.wikidata.org/entity/Q200133	fr	Chalkida
http://www.wikidata.org/entity/Q200133	fr	Chalkis
http://www.wikidata.org/entity/Q200133	fr	Halkida
http://www.wikidata.org/entity/Q200133	fr	Halkidha
http://www.wikidata.org/entity/Q200133	fr	Halkídha
http://www.wikidata.org/entity/Q200133	fr	Khalkis
http://www.wikidata.org/entity/Q200133	fr	Khalkís
http://www.wikidata.org/entity/Q200166	fr	Berlin
http://www.wikidata.org/entity/Q2002619	fr	Université Nottingham Trent
http://www.wikidata.org/entity/Q2004114	fr	Académie d'économie russe Plekhanov
http://www.wikidata.org/entity/Q2004114	fr	Institut d'économie Plekhanov
http://www.wikidata.org/entity/Q2004114	fr	Institut Plekhanov
http://www.wikidata.org/entity/Q2004114	fr	Plekhanov Economic Academy
http://www.wikidata.org/entity/Q2004114	fr	Plekhanov Institute
http://www.wikidata.org/entity/Q2004114	fr	Plekhanov Russian Economic University
http://www.wikidata.org/entity/Q20054484	fr	haida septentrional
http://www.wikidata.org/entity/Q2005511	fr	Fort Hare University
http://www.wikidata.org/entity/Q20059806	fr	créole grenadais français
http://www.wikidata.org/entity/Q20064918	fr	kumeyaay
http://www.wikidata.org/entity/Q200713	fr	Aurangabad
http://www.wikidata.org/entity/Q200713	fr	Aurangâbâd
http://www.wikidata.org/entity/Q200718	fr	Bikaner
http://www.wikidata.org/entity/Q200718	fr	Bikâner
http://www.wikidata.org/entity/Q200733	fr	Niksic
http://www.wikidata.org/entity/Q200733	fr	Niksić
http://www.wikidata.org/entity/Q20080327	fr	Nimrod
http://www.wikidata.org/entity/Q200908	fr	Réthimno
http://www.wikidata.org/entity/Q200908	fr	Rethymno
http://www.wikidata.org/entity/Q200908	fr	Rethymnon
http://www.wikidata.org/entity/Q201095	fr	Cerasonte
http://www.wikidata.org/entity/Q201095	fr	Cérasonte
http://www.wikidata.org/entity/Q201095	fr	Kérassoune
http://www.wikidata.org/entity/Q201095	fr	Kérésoum
http://www.wikidata.org/entity/Q201095	fr	Kérésoun
http://www.wikidata.org/entity/Q201436	fr	Géotortue
http://www.wikidata.org/entity/Q201436	fr	Langage de programmation Logo
http://www.wikidata.org/entity/Q201436	fr	Langage Logo
http://www.wikidata.org/entity/Q201436	fr	Théorème du tour complet
http://www.wikidata.org/entity/Q20162127	fr	kickapoo
http://www.wikidata.org/entity/Q201832	fr	Aligârh
http://www.wikidata.org/entity/Q201940	fr	Four Symbols
http://www.wikidata.org/entity/Q201940	fr	Led Zeppelin 4
http://www.wikidata.org/entity/Q201940	fr	Zoso
http://www.wikidata.org/entity/Q202158	fr	Haemeenlinna
http://www.wikidata.org/entity/Q202158	fr	Hameenlinna
http://www.wikidata.org/entity/Q202158	fr	Tavastehus
http://www.wikidata.org/entity/Q202195	fr	Dêrsim
http://www.wikidata.org/entity/Q202195	fr	Mamekiye
http://www.wikidata.org/entity/Q202337	fr	Nafplio
http://www.wikidata.org/entity/Q202337	fr	Napoli di Romania
http://www.wikidata.org/entity/Q2027503	fr	arméno-qyptchak
http://www.wikidata.org/entity/Q2027503	fr	arméno-qyptchaq
http://www.wikidata.org/entity/Q203000	fr	Peairt
http://www.wikidata.org/entity/Q203299	fr	Medinet-el-Fayoum
http://www.wikidata.org/entity/Q203299	fr	Médinet-el-Fayoum
http://www.wikidata.org/entity/Q203370	fr	Ayudhya
http://www.wikidata.org/entity/Q203380	fr	District de Napier
http://www.wikidata.org/entity/Q203380	fr	Napier District
http://www.wikidata.org/entity/Q203476	fr	Port Blair
http://www.wikidata.org/entity/Q203675	fr	Mazeikiai
http://www.wikidata.org/entity/Q203995	fr	Southend
http://www.wikidata.org/entity/Q203995	fr	Southend-sur-Mer
http://www.wikidata.org/entity/Q204181	fr	Universitas Jurievensis
http://www.wikidata.org/entity/Q204181	fr	Université de Dorpat
http://www.wikidata.org/entity/Q204181	fr	Université de Iouriev
http://www.wikidata.org/entity/Q204181	fr	Université de Tartou
http://www.wikidata.org/entity/Q204181	fr	Universite de Tartu
http://www.wikidata.org/entity/Q204271	fr	San Luis Potosi
http://www.wikidata.org/entity/Q204434	fr	Bihac
http://www.wikidata.org/entity/Q204439	fr	El-Alamein
http://www.wikidata.org/entity/Q204457	fr	Universitas Bergensis
http://www.wikidata.org/entity/Q204457	fr	Universitetet i Bergen
http://www.wikidata.org/entity/Q20471677	fr	ancien turkmène
http://www.wikidata.org/entity/Q204905	fr	Elefsina
http://www.wikidata.org/entity/Q204905	fr	Eleusis
http://www.wikidata.org/entity/Q20527138	fr	nalogo
http://www.wikidata.org/entity/Q20572404	fr	UFAZ
http://www.wikidata.org/entity/Q205792	fr	Tamanghasset
http://www.wikidata.org/entity/Q205792	fr	Tamenghest
http://www.wikidata.org/entity/Q205792	fr	Tamnrasset
http://www.wikidata.org/entity/Q205832	fr	Corfou-ville
http://www.wikidata.org/entity/Q205832	fr	Kerkyra
http://www.wikidata.org/entity/Q205832	fr	Ville de Corfou
http://www.wikidata.org/entity/Q205905	fr	Lancaster
http://www.wikidata.org/entity/Q205979	fr	langue sogdienne
http://www.wikidata.org/entity/Q2061	fr	Yellowknife, Territoires du Nord-Ouest
http://www.wikidata.org/entity/Q20614	fr	carrier
http://www.wikidata.org/entity/Q20614	fr	Dakeł
http://www.wikidata.org/entity/Q20614	fr	Dakelh
http://www.wikidata.org/entity/Q206687	fr	District de Nelson
http://www.wikidata.org/entity/Q206687	fr	Nelson District
http://www.wikidata.org/entity/Q206702	fr	UZH
http://www.wikidata.org/entity/Q206760	fr	Girne
http://www.wikidata.org/entity/Q206760	fr	Kerýneia
http://www.wikidata.org/entity/Q206760	fr	Kyrénia
http://www.wikidata.org/entity/Q206760	fr	Κερύνεια
http://www.wikidata.org/entity/Q2068190	fr	Nambikwara du sud
http://www.wikidata.org/entity/Q206879	fr	Nevsehir
http://www.wikidata.org/entity/Q206881	fr	Ravendel
http://www.wikidata.org/entity/Q206885	fr	Duzce
http://www.wikidata.org/entity/Q206891	fr	Kirikkale
http://www.wikidata.org/entity/Q206895	fr	Culemêrg
http://www.wikidata.org/entity/Q206895	fr	Hakkâri
http://www.wikidata.org/entity/Q206900	fr	Tchoroum
http://www.wikidata.org/entity/Q206900	fr	Tchouroum
http://www.wikidata.org/entity/Q206903	fr	Kir-Kilissé
http://www.wikidata.org/entity/Q206903	fr	Kirk Kilissé
http://www.wikidata.org/entity/Q206903	fr	Kirk-Kilissé
http://www.wikidata.org/entity/Q206903	fr	Kirkkilise
http://www.wikidata.org/entity/Q206903	fr	Kirklareli
http://www.wikidata.org/entity/Q206903	fr	Lozengrad
http://www.wikidata.org/entity/Q206904	fr	GNU R
http://www.wikidata.org/entity/Q206904	fr	GNU S
http://www.wikidata.org/entity/Q206904	fr	langage R
http://www.wikidata.org/entity/Q206954	fr	Castoria
http://www.wikidata.org/entity/Q206954	fr	Kastoria
http://www.wikidata.org/entity/Q206957	fr	Sérès
http://www.wikidata.org/entity/Q206957	fr	Serrai
http://www.wikidata.org/entity/Q206957	fr	Sérrai
http://www.wikidata.org/entity/Q2071325	fr	kangéan
http://www.wikidata.org/entity/Q2071325	fr	kangéanais
http://www.wikidata.org/entity/Q2071325	fr	langue kangéanaise
http://www.wikidata.org/entity/Q2071325	fr	langue kangéane
http://www.wikidata.org/entity/Q207316	fr	Introduction au Lua
http://www.wikidata.org/entity/Q207316	fr	LUA
http://www.wikidata.org/entity/Q207316	fr	Lua (langage de programmation)
http://www.wikidata.org/entity/Q207316	fr	Lua (langage)
http://www.wikidata.org/entity/Q207322	fr	Nova Lisboa
http://www.wikidata.org/entity/Q207467	fr	Tricala
http://www.wikidata.org/entity/Q207467	fr	Trikala
http://www.wikidata.org/entity/Q207467	fr	Trikka
http://www.wikidata.org/entity/Q207540	fr	Lydda
http://www.wikidata.org/entity/Q207639	fr	Chichester, West Sussex
http://www.wikidata.org/entity/Q207754	fr	Tiruchchirappalli
http://www.wikidata.org/entity/Q207754	fr	Tiruchi
http://www.wikidata.org/entity/Q207754	fr	Tiruchirapalli
http://www.wikidata.org/entity/Q207754	fr	Trichinopoly
http://www.wikidata.org/entity/Q207754	fr	Trichy
http://www.wikidata.org/entity/Q207756	fr	District de Tauranga
http://www.wikidata.org/entity/Q2079	fr	Leipsick
http://www.wikidata.org/entity/Q207935	fr	(Ciudad Bravo)
http://www.wikidata.org/entity/Q207935	fr	Chilpancingo de los Bravo
http://www.wikidata.org/entity/Q207935	fr	Ciudad Bravo
http://www.wikidata.org/entity/Q208005	fr	Kirsehir
http://www.wikidata.org/entity/Q208005	fr	Kırsehir
http://www.wikidata.org/entity/Q208022	fr	Pölitz
http://www.wikidata.org/entity/Q208097	fr	Imphal
http://www.wikidata.org/entity/Q208098	fr	Holsteinsborg
http://www.wikidata.org/entity/Q208162	fr	Patiâla
http://www.wikidata.org/entity/Q208200	fr	Ivangrad
http://www.wikidata.org/entity/Q20825	fr	sarcee
http://www.wikidata.org/entity/Q20826	fr	Dunneza
http://www.wikidata.org/entity/Q20826	fr	Langue Danezza
http://www.wikidata.org/entity/Q20827	fr	Chetco-Tolowa
http://www.wikidata.org/entity/Q20827	fr	Siletz Dee-ni
http://www.wikidata.org/entity/Q208293	fr	Jaervenpaeae
http://www.wikidata.org/entity/Q208293	fr	Jarvenpaa
http://www.wikidata.org/entity/Q208293	fr	Träskända
http://www.wikidata.org/entity/Q20831	fr	kato
http://www.wikidata.org/entity/Q208352	fr	Abbas Touman
http://www.wikidata.org/entity/Q208352	fr	ბორჯომი
http://www.wikidata.org/entity/Q208403	fr	Komotini
http://www.wikidata.org/entity/Q208472	fr	Bingol
http://www.wikidata.org/entity/Q208473	fr	Przemysl
http://www.wikidata.org/entity/Q2086145	fr	ǀxam Kaǃkʼe
http://www.wikidata.org/entity/Q209034	fr	Toluca de Lerdo
http://www.wikidata.org/entity/Q209176	fr	Île d'Ely
http://www.wikidata.org/entity/Q209217	fr	Grand Zimbabwe
http://www.wikidata.org/entity/Q209217	fr	Great Zimbabwe
http://www.wikidata.org/entity/Q2092358	fr	Université osmania
http://www.wikidata.org/entity/Q2093214	fr	romani de Finlande
http://www.wikidata.org/entity/Q2094884	fr	papora-hoanya
http://www.wikidata.org/entity/Q209539	fr	Brown Bomber
http://www.wikidata.org/entity/Q209539	fr	Led Zeppelin 2
http://www.wikidata.org/entity/Q20967012	fr	aïnou des Kouriles
http://www.wikidata.org/entity/Q209698	fr	Kolapore
http://www.wikidata.org/entity/Q20979	fr	flanc-de-chien
http://www.wikidata.org/entity/Q20979	fr	tłı̨chǫ
http://www.wikidata.org/entity/Q209925	fr	Cankiri
http://www.wikidata.org/entity/Q209925	fr	Çankiri
http://www.wikidata.org/entity/Q209925	fr	Cankırı
http://www.wikidata.org/entity/Q209925	fr	Gangra
http://www.wikidata.org/entity/Q209925	fr	Gangres
http://www.wikidata.org/entity/Q209925	fr	Kiangari
http://www.wikidata.org/entity/Q209978	fr	Edessa
http://www.wikidata.org/entity/Q209978	fr	Edhessa
http://www.wikidata.org/entity/Q209978	fr	Vodena
http://www.wikidata.org/entity/Q209978	fr	Vodina
http://www.wikidata.org/entity/Q21	fr	Ang.
http://www.wikidata.org/entity/Q21	fr	England
http://www.wikidata.org/entity/Q210007	fr	Vlaardingen
http://www.wikidata.org/entity/Q210161	fr	San Juan Bautista de Ambato
http://www.wikidata.org/entity/Q210197	fr	Kukes
http://www.wikidata.org/entity/Q210197	fr	Kukësi
http://www.wikidata.org/entity/Q210296	fr	Xantheia
http://www.wikidata.org/entity/Q210296	fr	Xanthi
http://www.wikidata.org/entity/Q210470	fr	Katerini
http://www.wikidata.org/entity/Q210470	fr	Katérini
http://www.wikidata.org/entity/Q21057	fr	kutchin
http://www.wikidata.org/entity/Q21057	fr	loucheux
http://www.wikidata.org/entity/Q211	fr	la République de Lettonie
http://www.wikidata.org/entity/Q211218	fr	Egedesminde
http://www.wikidata.org/entity/Q211218	fr	Egesminde
http://www.wikidata.org/entity/Q211318	fr	Pitsunda
http://www.wikidata.org/entity/Q211318	fr	Pityos
http://www.wikidata.org/entity/Q211343	fr	Plevlyé
http://www.wikidata.org/entity/Q211563	fr	Beira (Mozambique)
http://www.wikidata.org/entity/Q211760	fr	Bachigualato
http://www.wikidata.org/entity/Q211760	fr	Culiacan
http://www.wikidata.org/entity/Q211760	fr	Culiacán Rosales
http://www.wikidata.org/entity/Q21178	fr	Naestved
http://www.wikidata.org/entity/Q211805	fr	Bartin
http://www.wikidata.org/entity/Q2118858	fr	Purebasic
http://www.wikidata.org/entity/Q211952	fr	Kusadasi
http://www.wikidata.org/entity/Q211952	fr	Kusadası
http://www.wikidata.org/entity/Q211952	fr	Scala Nova
http://www.wikidata.org/entity/Q211952	fr	Scalanova
http://www.wikidata.org/entity/Q21197	fr	Capitale de la Moldavie
http://www.wikidata.org/entity/Q21197	fr	Chisinau
http://www.wikidata.org/entity/Q21197	fr	Chisinău
http://www.wikidata.org/entity/Q21197	fr	Chişinau
http://www.wikidata.org/entity/Q21197	fr	Chişinău
http://www.wikidata.org/entity/Q21197	fr	Kichinev
http://www.wikidata.org/entity/Q21197	fr	Kichiniov
http://www.wikidata.org/entity/Q21197	fr	Kischinev
http://www.wikidata.org/entity/Q21197	fr	Kishinev
http://www.wikidata.org/entity/Q21197	fr	Kishinew
http://www.wikidata.org/entity/Q21197	fr	Kishinyov
http://www.wikidata.org/entity/Q21197	fr	Кишинёв
http://www.wikidata.org/entity/Q2119752	fr	Université d'Urbin
http://www.wikidata.org/entity/Q2119752	fr	Université d’Urbin
http://www.wikidata.org/entity/Q2119752	fr	Universite d'Urbin “Carlo Bo”
http://www.wikidata.org/entity/Q2119752	fr	Université d'Urbin « Carlo Bo »
http://www.wikidata.org/entity/Q2119752	fr	Université d'Urbino
http://www.wikidata.org/entity/Q2119752	fr	Université d'Urbino "Carlo Bo"
http://www.wikidata.org/entity/Q2119752	fr	Université d'Urbino “Carlo Bo”
http://www.wikidata.org/entity/Q2119752	fr	Université d’Urbino « Carlo-Bo »
http://www.wikidata.org/entity/Q212	fr	Ukr.
http://www.wikidata.org/entity/Q21203	fr	île d'Aruba
http://www.wikidata.org/entity/Q212289	fr	District de Palmerston North
http://www.wikidata.org/entity/Q212289	fr	Palmerston North District
http://www.wikidata.org/entity/Q212332	fr	Kancheepuram
http://www.wikidata.org/entity/Q212332	fr	Kanchi
http://www.wikidata.org/entity/Q212332	fr	Kânchî
http://www.wikidata.org/entity/Q212332	fr	Kânchîpuram
http://www.wikidata.org/entity/Q212546	fr	Akhaltsikhé
http://www.wikidata.org/entity/Q212680	fr	Lushnja
http://www.wikidata.org/entity/Q212757	fr	Al-Qamishli
http://www.wikidata.org/entity/Q212773	fr	Antigua
http://www.wikidata.org/entity/Q212841	fr	Drama
http://www.wikidata.org/entity/Q212984	fr	District de New Plymouth
http://www.wikidata.org/entity/Q212984	fr	New Plymouth District
http://www.wikidata.org/entity/Q213	fr	la République tchèque
http://www.wikidata.org/entity/Q213	fr	Rep. Tcheque
http://www.wikidata.org/entity/Q213	fr	Rép. tchèque
http://www.wikidata.org/entity/Q213	fr	République tchèque
http://www.wikidata.org/entity/Q213	fr	tchèque (rép.)
http://www.wikidata.org/entity/Q213026	fr	Bareilly
http://www.wikidata.org/entity/Q213127	fr	Ukmerge
http://www.wikidata.org/entity/Q213434	fr	bat-smg
http://www.wikidata.org/entity/Q213434	fr	sgs
http://www.wikidata.org/entity/Q213434	fr	Žemaitėška
http://www.wikidata.org/entity/Q213516	fr	Black Album
http://www.wikidata.org/entity/Q2138	fr	Frédéricton
http://www.wikidata.org/entity/Q214	fr	la République slovaque
http://www.wikidata.org/entity/Q214	fr	République slovaque
http://www.wikidata.org/entity/Q214	fr	SK
http://www.wikidata.org/entity/Q214178	fr	Flavia Neapolis
http://www.wikidata.org/entity/Q214178	fr	Nablus
http://www.wikidata.org/entity/Q214178	fr	Shechem
http://www.wikidata.org/entity/Q214248	fr	Benguéla
http://www.wikidata.org/entity/Q214303	fr	Gumushane
http://www.wikidata.org/entity/Q214303	fr	Gumuşhane
http://www.wikidata.org/entity/Q214341	fr	Universiteit van amsterdam
http://www.wikidata.org/entity/Q214344	fr	Kocani
http://www.wikidata.org/entity/Q214495	fr	Bamiyan
http://www.wikidata.org/entity/Q214495	fr	Bamyian
http://www.wikidata.org/entity/Q214651	fr	Panormos
http://www.wikidata.org/entity/Q214655	fr	Tzurulon
http://www.wikidata.org/entity/Q21481817	fr	inpui
http://www.wikidata.org/entity/Q21481817	fr	naga inpui
http://www.wikidata.org/entity/Q214973	fr	And Justice for All
http://www.wikidata.org/entity/Q215	fr	Carniole
http://www.wikidata.org/entity/Q215	fr	la République de Slovénie
http://www.wikidata.org/entity/Q215	fr	République de Slovénie
http://www.wikidata.org/entity/Q215080	fr	San Antonio de Machala
http://www.wikidata.org/entity/Q215633	fr	Lomza
http://www.wikidata.org/entity/Q2157421	fr	malfaxal
http://www.wikidata.org/entity/Q2157431	fr	vinmavis
http://www.wikidata.org/entity/Q2157452	fr	labo
http://www.wikidata.org/entity/Q216	fr	Vilna
http://www.wikidata.org/entity/Q216	fr	Vilnė
http://www.wikidata.org/entity/Q216	fr	Vilnious
http://www.wikidata.org/entity/Q216	fr	Wilna
http://www.wikidata.org/entity/Q216	fr	Wilne
http://www.wikidata.org/entity/Q216	fr	Wilnja
http://www.wikidata.org/entity/Q216	fr	Wilnjus
http://www.wikidata.org/entity/Q216	fr	Wilno
http://www.wikidata.org/entity/Q2160435	fr	South West Bay
http://www.wikidata.org/entity/Q216075	fr	Can Tho
http://www.wikidata.org/entity/Q216075	fr	Cần Tho
http://www.wikidata.org/entity/Q216243	fr	Nalanda
http://www.wikidata.org/entity/Q216243	fr	Nālanda
http://www.wikidata.org/entity/Q216243	fr	Nālandā
http://www.wikidata.org/entity/Q21658869	fr	narua
http://www.wikidata.org/entity/Q2167573	fr	Antakarana
http://www.wikidata.org/entity/Q2167573	fr	Takarana
http://www.wikidata.org/entity/Q216835	fr	Au Cap
http://www.wikidata.org/entity/Q216835	fr	Cap Français
http://www.wikidata.org/entity/Q216835	fr	Cap François
http://www.wikidata.org/entity/Q216835	fr	Cap Haitien
http://www.wikidata.org/entity/Q216835	fr	Cap-Français
http://www.wikidata.org/entity/Q216835	fr	Cap-Haitien
http://www.wikidata.org/entity/Q216835	fr	Le Cap
http://www.wikidata.org/entity/Q216847	fr	Cucuta
http://www.wikidata.org/entity/Q216912	fr	Mugla
http://www.wikidata.org/entity/Q216939	fr	Al-Suwayra
http://www.wikidata.org/entity/Q216939	fr	Magador
http://www.wikidata.org/entity/Q216939	fr	Mogador
http://www.wikidata.org/entity/Q216939	fr	Saouira
http://www.wikidata.org/entity/Q216990	fr	Blidah
http://www.wikidata.org/entity/Q216990	fr	El Boulaida
http://www.wikidata.org/entity/Q216990	fr	Ourida
http://www.wikidata.org/entity/Q216990	fr	Ville des roses
http://www.wikidata.org/entity/Q217	fr	la République de Moldavie
http://www.wikidata.org/entity/Q217	fr	Moldova
http://www.wikidata.org/entity/Q217	fr	République de Moldavie
http://www.wikidata.org/entity/Q217	fr	République de Moldova
http://www.wikidata.org/entity/Q217125	fr	Iznik
http://www.wikidata.org/entity/Q217125	fr	Nicée
http://www.wikidata.org/entity/Q217125	fr	Nikaia
http://www.wikidata.org/entity/Q217426	fr	Doornkop
http://www.wikidata.org/entity/Q217439	fr	Universite d'Hawaii
http://www.wikidata.org/entity/Q217439	fr	Université d'Hawaii
http://www.wikidata.org/entity/Q217439	fr	Université de Hawaï
http://www.wikidata.org/entity/Q217439	fr	Université de Hawaii
http://www.wikidata.org/entity/Q217443	fr	Chiatura
http://www.wikidata.org/entity/Q2177054	fr	Academie russe des arts du theatre
http://www.wikidata.org/entity/Q2177054	fr	Gitis
http://www.wikidata.org/entity/Q2177054	fr	RATI-GITIS
http://www.wikidata.org/entity/Q217720	fr	Cesme
http://www.wikidata.org/entity/Q217720	fr	Chesmé
http://www.wikidata.org/entity/Q217720	fr	Tchesmé
http://www.wikidata.org/entity/Q218	fr	la Roumanie
http://www.wikidata.org/entity/Q218	fr	Roum.
http://www.wikidata.org/entity/Q218861	fr	Gonder
http://www.wikidata.org/entity/Q218928	fr	Diego Suarez
http://www.wikidata.org/entity/Q218928	fr	Diégo Suarez
http://www.wikidata.org/entity/Q218928	fr	Diego-Suarez
http://www.wikidata.org/entity/Q218928	fr	Diégo-Suarez
http://www.wikidata.org/entity/Q218971	fr	Forest
http://www.wikidata.org/entity/Q219	fr	Bulg.
http://www.wikidata.org/entity/Q219	fr	République de Bulgarie
http://www.wikidata.org/entity/Q219060	fr	Autorité nationale palestinienne
http://www.wikidata.org/entity/Q219060	fr	Autorité palestinienne
http://www.wikidata.org/entity/Q219060	fr	État palestinien
http://www.wikidata.org/entity/Q219060	fr	Palestine
http://www.wikidata.org/entity/Q219417	fr	Husavik
http://www.wikidata.org/entity/Q2194290	fr	nahuatl central huastèque
http://www.wikidata.org/entity/Q219564	fr	Karolinska Institut
http://www.wikidata.org/entity/Q219747	fr	Lily of the Valley
http://www.wikidata.org/entity/Q22080879	fr	spitien
http://www.wikidata.org/entity/Q22083826	fr	tharu kochila
http://www.wikidata.org/entity/Q221	fr	ARYM
http://www.wikidata.org/entity/Q221	fr	FYROM
http://www.wikidata.org/entity/Q221	fr	L'Ancienne République yougoslave de Macédoine
http://www.wikidata.org/entity/Q221	fr	L'ex-République yougoslave de Macédoine
http://www.wikidata.org/entity/Q221	fr	la République de Macédoine du Nord
http://www.wikidata.org/entity/Q221	fr	Macedoine
http://www.wikidata.org/entity/Q221	fr	Macédoine
http://www.wikidata.org/entity/Q221	fr	Macédoine Du Nord
http://www.wikidata.org/entity/Q221	fr	mk
http://www.wikidata.org/entity/Q221	fr	République de Macédoine
http://www.wikidata.org/entity/Q2211	fr	Malmoe
http://www.wikidata.org/entity/Q221447	fr	Rama
http://www.wikidata.org/entity/Q221447	fr	Ramlah
http://www.wikidata.org/entity/Q221447	fr	Ramle
http://www.wikidata.org/entity/Q221447	fr	Ramlé
http://www.wikidata.org/entity/Q221447	fr	Ramleh
http://www.wikidata.org/entity/Q221734	fr	Najin
http://www.wikidata.org/entity/Q221734	fr	Rajin
http://www.wikidata.org/entity/Q221734	fr	Rajin-Sonbong
http://www.wikidata.org/entity/Q221734	fr	Sonbong
http://www.wikidata.org/entity/Q222	fr	la république d’Albanie
http://www.wikidata.org/entity/Q222	fr	république d'Albanie
http://www.wikidata.org/entity/Q222001	fr	Radio friendly unit shifter
http://www.wikidata.org/entity/Q222267	fr	Cap Comorin
http://www.wikidata.org/entity/Q222267	fr	Kanyakumari
http://www.wikidata.org/entity/Q2222874	fr	Mji Mkongwe
http://www.wikidata.org/entity/Q2222874	fr	Zanzibar city
http://www.wikidata.org/entity/Q2222874	fr	Zanzibar City
http://www.wikidata.org/entity/Q222755	fr	Ibague
http://www.wikidata.org/entity/Q223	fr	Groënland
http://www.wikidata.org/entity/Q223154	fr	Peshkopia
http://www.wikidata.org/entity/Q223314	fr	Thule
http://www.wikidata.org/entity/Q223314	fr	Thulé
http://www.wikidata.org/entity/Q2233794	fr	Tay Boi
http://www.wikidata.org/entity/Q2233794	fr	Tay Bồi
http://www.wikidata.org/entity/Q223433	fr	PL/1
http://www.wikidata.org/entity/Q223433	fr	PL1
http://www.wikidata.org/entity/Q223587	fr	Al Mansoura
http://www.wikidata.org/entity/Q223679	fr	Octave
http://www.wikidata.org/entity/Q223761	fr	Bobo Dioulasso
http://www.wikidata.org/entity/Q223920	fr	Pointe-noire
http://www.wikidata.org/entity/Q224	fr	HR
http://www.wikidata.org/entity/Q224	fr	la République de Croatie
http://www.wikidata.org/entity/Q225	fr	ba
http://www.wikidata.org/entity/Q225	fr	Bosnie et Herzégovine
http://www.wikidata.org/entity/Q225	fr	Bosnie Herzégovine
http://www.wikidata.org/entity/Q225	fr	Bosnie-et-Herzégovine
http://www.wikidata.org/entity/Q225	fr	la Bosnie-Herzégovine
http://www.wikidata.org/entity/Q225641	fr	Mombassa
http://www.wikidata.org/entity/Q226	fr	Godthåb
http://www.wikidata.org/entity/Q226	fr	Nuk
http://www.wikidata.org/entity/Q226	fr	Nûk
http://www.wikidata.org/entity/Q2261128	fr	Université de Chieti
http://www.wikidata.org/entity/Q227	fr	Azerbaidjan
http://www.wikidata.org/entity/Q227	fr	la République d'Azerbaïdjan
http://www.wikidata.org/entity/Q22711	fr	Allemand pennsylvanien
http://www.wikidata.org/entity/Q2278732	fr	langue sichuanaise
http://www.wikidata.org/entity/Q228	fr	la Principauté d’Andorre
http://www.wikidata.org/entity/Q228	fr	Principauté d'Andorre
http://www.wikidata.org/entity/Q22809485	fr	arabe syro-libanais
http://www.wikidata.org/entity/Q229	fr	Chypre-Sud
http://www.wikidata.org/entity/Q229	fr	Chypriotes
http://www.wikidata.org/entity/Q229	fr	cy
http://www.wikidata.org/entity/Q229	fr	république de Chypre
http://www.wikidata.org/entity/Q229	fr	République de Chypre
http://www.wikidata.org/entity/Q2292517	fr	Philippeville
http://www.wikidata.org/entity/Q2292517	fr	Rusicade
http://www.wikidata.org/entity/Q22948538	fr	Beni Iznassen
http://www.wikidata.org/entity/Q22948538	fr	Béni-Snassen
http://www.wikidata.org/entity/Q22948538	fr	Rifain oriental
http://www.wikidata.org/entity/Q22948538	fr	Taznasst
http://www.wikidata.org/entity/Q2298909	fr	UJS
http://www.wikidata.org/entity/Q2299797	fr	Beihang
http://www.wikidata.org/entity/Q2299797	fr	BUAA
http://www.wikidata.org/entity/Q2299797	fr	Université Beihang
http://www.wikidata.org/entity/Q2299797	fr	Universite d'aeronautique et d'astronautique de Pekin
http://www.wikidata.org/entity/Q230	fr	Géorg.
http://www.wikidata.org/entity/Q230	fr	Georgie
http://www.wikidata.org/entity/Q230	fr	Géorgie (pays)
http://www.wikidata.org/entity/Q230	fr	République de Géorgie
http://www.wikidata.org/entity/Q230104	fr	Nakhchivan
http://www.wikidata.org/entity/Q2302663	fr	Université d'Alep
http://www.wikidata.org/entity/Q2304583	fr	langue opata
http://www.wikidata.org/entity/Q23070	fr	Snits
http://www.wikidata.org/entity/Q230899	fr	Owen's College
http://www.wikidata.org/entity/Q230899	fr	Owens College
http://www.wikidata.org/entity/Q230899	fr	University of Manchester
http://www.wikidata.org/entity/Q230899	fr	UoM
http://www.wikidata.org/entity/Q23154	fr	Bristol (Angleterre)
http://www.wikidata.org/entity/Q23154	fr	Bristol (Royaume-Uni)
http://www.wikidata.org/entity/Q2319877	fr	sabu
http://www.wikidata.org/entity/Q232	fr	Kazakh.
http://www.wikidata.org/entity/Q232	fr	Kazakstan
http://www.wikidata.org/entity/Q232	fr	la République du Kazakhstan
http://www.wikidata.org/entity/Q232	fr	Qazaqstan
http://www.wikidata.org/entity/Q233	fr	la République de Malte
http://www.wikidata.org/entity/Q23311	fr	Cité de Londres
http://www.wikidata.org/entity/Q23311	fr	City of London
http://www.wikidata.org/entity/Q23311	fr	La City
http://www.wikidata.org/entity/Q2335528	fr	Mwoakilais
http://www.wikidata.org/entity/Q2335528	fr	Mwoakiloa
http://www.wikidata.org/entity/Q23430	fr	Ikh khüree
http://www.wikidata.org/entity/Q23430	fr	Niislel khüree
http://www.wikidata.org/entity/Q23430	fr	Nomyn khüree
http://www.wikidata.org/entity/Q23430	fr	Örgöö
http://www.wikidata.org/entity/Q23430	fr	Oulan Bator
http://www.wikidata.org/entity/Q23430	fr	Oulan-bator
http://www.wikidata.org/entity/Q23430	fr	Ourga
http://www.wikidata.org/entity/Q23430	fr	Ulaan Baatar
http://www.wikidata.org/entity/Q23430	fr	Ulaanbaatar
http://www.wikidata.org/entity/Q23430	fr	Ulan-Bator
http://www.wikidata.org/entity/Q23430	fr	Улаанбаатар
http://www.wikidata.org/entity/Q23436	fr	City of Edinburgh
http://www.wikidata.org/entity/Q23436	fr	Dùn Éideann
http://www.wikidata.org/entity/Q23436	fr	Edimbourg
http://www.wikidata.org/entity/Q23436	fr	Edinburgh
http://www.wikidata.org/entity/Q23438	fr	Achgabad
http://www.wikidata.org/entity/Q23438	fr	Achkabad
http://www.wikidata.org/entity/Q23438	fr	Achkhabad
http://www.wikidata.org/entity/Q23438	fr	Aşgabat
http://www.wikidata.org/entity/Q23438	fr	Ashgabad
http://www.wikidata.org/entity/Q23438	fr	Ashgabat
http://www.wikidata.org/entity/Q23438	fr	Ashkabad
http://www.wikidata.org/entity/Q23438	fr	Ashkhabad
http://www.wikidata.org/entity/Q23438	fr	Poltoratsk
http://www.wikidata.org/entity/Q234600	fr	Al-Ain
http://www.wikidata.org/entity/Q234657	fr	Action script
http://www.wikidata.org/entity/Q234657	fr	AS
http://www.wikidata.org/entity/Q235	fr	Fort-Hercule
http://www.wikidata.org/entity/Q235	fr	la Principauté de Monaco
http://www.wikidata.org/entity/Q235	fr	mc
http://www.wikidata.org/entity/Q235	fr	Monaco (rattachée au District de Menton en 1793)
http://www.wikidata.org/entity/Q235	fr	Principatu de Mu̍negu
http://www.wikidata.org/entity/Q235	fr	Principauté de Monaco
http://www.wikidata.org/entity/Q23551	fr	Merida
http://www.wikidata.org/entity/Q235571	fr	Darchan
http://www.wikidata.org/entity/Q235571	fr	Darhan
http://www.wikidata.org/entity/Q23564	fr	Podgorića
http://www.wikidata.org/entity/Q23564	fr	Pogdorica
http://www.wikidata.org/entity/Q23564	fr	Titograd
http://www.wikidata.org/entity/Q236	fr	le Monténégro
http://www.wikidata.org/entity/Q236	fr	ME
http://www.wikidata.org/entity/Q236	fr	Montén.
http://www.wikidata.org/entity/Q236	fr	Montenegro
http://www.wikidata.org/entity/Q236083	fr	Suwalki
http://www.wikidata.org/entity/Q2361829	fr	ihukonzo
http://www.wikidata.org/entity/Q2364661	fr	Bakoroka
http://www.wikidata.org/entity/Q2364661	fr	Cuanhoca
http://www.wikidata.org/entity/Q2364661	fr	Cuepe
http://www.wikidata.org/entity/Q2364661	fr	Curoca
http://www.wikidata.org/entity/Q2364661	fr	Koroka
http://www.wikidata.org/entity/Q2364661	fr	Makoroko
http://www.wikidata.org/entity/Q2364661	fr	Mucoroca
http://www.wikidata.org/entity/Q2365210	fr	komi-iazva
http://www.wikidata.org/entity/Q2365210	fr	komi-yazva
http://www.wikidata.org/entity/Q23681	fr	Chypre Nord
http://www.wikidata.org/entity/Q23681	fr	Chypre-Nord
http://www.wikidata.org/entity/Q23681	fr	État chypriote turc
http://www.wikidata.org/entity/Q23681	fr	État turc de Chypre
http://www.wikidata.org/entity/Q23681	fr	République turque de Chypre du nord
http://www.wikidata.org/entity/Q237	fr	Cité du Vatican
http://www.wikidata.org/entity/Q237	fr	État de la Cité du Vatican
http://www.wikidata.org/entity/Q2371358	fr	ts'amakko
http://www.wikidata.org/entity/Q237409	fr	zea
http://www.wikidata.org/entity/Q237409	fr	Zelandais
http://www.wikidata.org/entity/Q23755688	fr	otomi de Queretaro
http://www.wikidata.org/entity/Q23780914	fr	Avengers 3
http://www.wikidata.org/entity/Q23780914	fr	Avengers: Infinity War - Part I
http://www.wikidata.org/entity/Q23780914	fr	Avengers: Infinity War (première partie)
http://www.wikidata.org/entity/Q23781155	fr	Avengers 4
http://www.wikidata.org/entity/Q23781155	fr	Avengers: Infinity War (deuxième partie)
http://www.wikidata.org/entity/Q23781155	fr	Avengers: Phase finale
http://www.wikidata.org/entity/Q2379113	fr	aneityum
http://www.wikidata.org/entity/Q238	fr	la République de Saint-Marin
http://www.wikidata.org/entity/Q238	fr	République de Saint-Marin
http://www.wikidata.org/entity/Q238	fr	Sérénissime république de Saint-Marin
http://www.wikidata.org/entity/Q23800	fr	Citta Umilissima
http://www.wikidata.org/entity/Q23800	fr	Citta' Umilissima
http://www.wikidata.org/entity/Q23800	fr	Il-Belt
http://www.wikidata.org/entity/Q23800	fr	La Vallette
http://www.wikidata.org/entity/Q23800	fr	Valletta
http://www.wikidata.org/entity/Q23800	fr	Ville de la Valette
http://www.wikidata.org/entity/Q238217	fr	Dara
http://www.wikidata.org/entity/Q238217	fr	Daraa
http://www.wikidata.org/entity/Q238217	fr	Der'a
http://www.wikidata.org/entity/Q238452	fr	Al Arish
http://www.wikidata.org/entity/Q238452	fr	El Arich
http://www.wikidata.org/entity/Q238452	fr	El-Arisch
http://www.wikidata.org/entity/Q238452	fr	El-Arish
http://www.wikidata.org/entity/Q239097	fr	Deir ez Zor
http://www.wikidata.org/entity/Q239097	fr	Deir Zor
http://www.wikidata.org/entity/Q239097	fr	Deir-es-Zor
http://www.wikidata.org/entity/Q2391297	fr	embera du Nord
http://www.wikidata.org/entity/Q2391297	fr	emberá du Nord
http://www.wikidata.org/entity/Q2392351	fr	Leeds Beckett University
http://www.wikidata.org/entity/Q2392351	fr	Leeds Metropolitan University
http://www.wikidata.org/entity/Q2392351	fr	Leeds Polytechnic
http://www.wikidata.org/entity/Q2393095	fr	Papago
http://www.wikidata.org/entity/Q2393095	fr	tohono o’odham
http://www.wikidata.org/entity/Q239580	fr	Kitwe-Nkana
http://www.wikidata.org/entity/Q241	fr	CU
http://www.wikidata.org/entity/Q241	fr	République de Cuba
http://www.wikidata.org/entity/Q241122	fr	Municipalite de Comrat
http://www.wikidata.org/entity/Q241122	fr	Municipalité de comrat
http://www.wikidata.org/entity/Q241298	fr	Alba Ingaunorum
http://www.wikidata.org/entity/Q241298	fr	Albingaunum
http://www.wikidata.org/entity/Q241767	fr	Plasencia
http://www.wikidata.org/entity/Q24190396	fr	yaroame
http://www.wikidata.org/entity/Q242	fr	Bélize
http://www.wikidata.org/entity/Q242	fr	BZ
http://www.wikidata.org/entity/Q242	fr	le Bélize
http://www.wikidata.org/entity/Q2422065	fr	chokwe
http://www.wikidata.org/entity/Q2422065	fr	cokwe
http://www.wikidata.org/entity/Q2422065	fr	ucokwe
http://www.wikidata.org/entity/Q242497	fr	93073
http://www.wikidata.org/entity/Q242497	fr	Tremblay
http://www.wikidata.org/entity/Q242497	fr	Tremblay-lès-Gonesse
http://www.wikidata.org/entity/Q242497	fr	Tremblay-sans-Culottes
http://www.wikidata.org/entity/Q242587	fr	Abbéché
http://www.wikidata.org/entity/Q242587	fr	Abeche
http://www.wikidata.org/entity/Q242995	fr	Jhânsi
http://www.wikidata.org/entity/Q243322	fr	Gujrānwāla
http://www.wikidata.org/entity/Q243322	fr	Gujranwali
http://www.wikidata.org/entity/Q243325	fr	Khulna
http://www.wikidata.org/entity/Q243699	fr	Rachid
http://www.wikidata.org/entity/Q243699	fr	Rachïd
http://www.wikidata.org/entity/Q243846	fr	Al Hilla
http://www.wikidata.org/entity/Q243846	fr	Al-Hilla
http://www.wikidata.org/entity/Q243846	fr	Hillah
http://www.wikidata.org/entity/Q244	fr	bb
http://www.wikidata.org/entity/Q244	fr	brb
http://www.wikidata.org/entity/Q244	fr	la Barbade
http://www.wikidata.org/entity/Q244004	fr	Setif
http://www.wikidata.org/entity/Q244004	fr	Setifis
http://www.wikidata.org/entity/Q244139	fr	Pinar del Rio
http://www.wikidata.org/entity/Q244154	fr	Holguin
http://www.wikidata.org/entity/Q244236	fr	Gabala
http://www.wikidata.org/entity/Q244627	fr	Brainf-ck
http://www.wikidata.org/entity/Q244627	fr	OOk
http://www.wikidata.org/entity/Q244627	fr	Ook!
http://www.wikidata.org/entity/Q244747	fr	Tudèle
http://www.wikidata.org/entity/Q244747	fr	Tutera
http://www.wikidata.org/entity/Q244898	fr	comté de Taipei
http://www.wikidata.org/entity/Q244898	fr	New Taipei
http://www.wikidata.org/entity/Q244898	fr	Nouveau Taïpeï
http://www.wikidata.org/entity/Q244898	fr	Xinbei
http://www.wikidata.org/entity/Q2449	fr	Hamar
http://www.wikidata.org/entity/Q2449	fr	Maqadīshū
http://www.wikidata.org/entity/Q2449	fr	Mogadishu, Somalia
http://www.wikidata.org/entity/Q2449	fr	The Seat of the Shah
http://www.wikidata.org/entity/Q2449	fr	Xamar
http://www.wikidata.org/entity/Q2467	fr	ville de Nassau
http://www.wikidata.org/entity/Q2475538	fr	Motlav
http://www.wikidata.org/entity/Q2475538	fr	Mwotlap language
http://www.wikidata.org/entity/Q24841591	fr	chaoshan
http://www.wikidata.org/entity/Q24841591	fr	cháoshànhuà
http://www.wikidata.org/entity/Q24841591	fr	dialecte du Chaoshan
http://www.wikidata.org/entity/Q24841591	fr	langue du Chaoshan
http://www.wikidata.org/entity/Q24841591	fr	min du Chaoshan
http://www.wikidata.org/entity/Q24841591	fr	parler du Chaoshan
http://www.wikidata.org/entity/Q248758	fr	sanskrit hybride bouddhique
http://www.wikidata.org/entity/Q24929451	fr	Tobak
http://www.wikidata.org/entity/Q249884	fr	Saint-Pierre de La Réunion
http://www.wikidata.org/entity/Q249996	fr	Jilong
http://www.wikidata.org/entity/Q249996	fr	Jilong City
http://www.wikidata.org/entity/Q249996	fr	Keelung
http://www.wikidata.org/entity/Q249996	fr	Keelung City
http://www.wikidata.org/entity/Q249996	fr	Keloung
http://www.wikidata.org/entity/Q249996	fr	Kelung
http://www.wikidata.org/entity/Q2503809	fr	université de Kingston
http://www.wikidata.org/entity/Q25044405	fr	LSP
http://www.wikidata.org/entity/Q25167	fr	norvégien bokmål
http://www.wikidata.org/entity/Q251728	fr	sanöma
http://www.wikidata.org/entity/Q251728	fr	sanuma
http://www.wikidata.org/entity/Q252	fr	ID
http://www.wikidata.org/entity/Q252	fr	Indonesie
http://www.wikidata.org/entity/Q252	fr	République d'Indonésie
http://www.wikidata.org/entity/Q2520717	fr	chironga
http://www.wikidata.org/entity/Q2520717	fr	xironga
http://www.wikidata.org/entity/Q252349	fr	vieux bavarois
http://www.wikidata.org/entity/Q2523999	fr	karipúna
http://www.wikidata.org/entity/Q2524022	fr	garrwa
http://www.wikidata.org/entity/Q25258	fr	langue féroïenne
http://www.wikidata.org/entity/Q25270	fr	Prishtina
http://www.wikidata.org/entity/Q25270	fr	Prishtinë
http://www.wikidata.org/entity/Q25270	fr	Priština
http://www.wikidata.org/entity/Q25270	fr	Quartier de Dardania
http://www.wikidata.org/entity/Q25279	fr	Curacao
http://www.wikidata.org/entity/Q25279	fr	île de Curaçao
http://www.wikidata.org/entity/Q25279	fr	Kòrsou
http://www.wikidata.org/entity/Q25282	fr	Đa Nẵng
http://www.wikidata.org/entity/Q25282	fr	Quang Tri-Dà Nang
http://www.wikidata.org/entity/Q25282	fr	Tourane
http://www.wikidata.org/entity/Q25286	fr	Upsal
http://www.wikidata.org/entity/Q2529518	fr	université Al Fateh
http://www.wikidata.org/entity/Q2529518	fr	université El Fateh
http://www.wikidata.org/entity/Q2531629	fr	universite de Verone
http://www.wikidata.org/entity/Q25409	fr	Cassovie
http://www.wikidata.org/entity/Q25409	fr	Kaschau
http://www.wikidata.org/entity/Q25409	fr	Kosice
http://www.wikidata.org/entity/Q25475	fr	Batoum
http://www.wikidata.org/entity/Q25475	fr	Batum
http://www.wikidata.org/entity/Q25475	fr	Batumi
http://www.wikidata.org/entity/Q25475	fr	ბათუმი
http://www.wikidata.org/entity/Q25559575	fr	mixtèque d'Ocotepec
http://www.wikidata.org/entity/Q25559732	fr	tlapanèque bas-central
http://www.wikidata.org/entity/Q25559732	fr	tlapanèque oriental
http://www.wikidata.org/entity/Q2567055	fr	tsafiki
http://www.wikidata.org/entity/Q2575010	fr	SQLPlus
http://www.wikidata.org/entity/Q2577228	fr	langue mysienne
http://www.wikidata.org/entity/Q2579500	fr	nahuatl de l'Ometepec
http://www.wikidata.org/entity/Q25797	fr	Zilina
http://www.wikidata.org/entity/Q2579702	fr	Université jadavpur
http://www.wikidata.org/entity/Q258	fr	république d’Afrique du Sud
http://www.wikidata.org/entity/Q258	fr	République d’Afrique du Sud
http://www.wikidata.org/entity/Q258	fr	république sud-africaine
http://www.wikidata.org/entity/Q258	fr	République sud-africaine
http://www.wikidata.org/entity/Q25804	fr	Nidaros
http://www.wikidata.org/entity/Q25804	fr	Nidarós
http://www.wikidata.org/entity/Q25804	fr	Niðaróss
http://www.wikidata.org/entity/Q25804	fr	Trondhjem
http://www.wikidata.org/entity/Q2591165	fr	pacawara
http://www.wikidata.org/entity/Q2591230	fr	Kashinawa
http://www.wikidata.org/entity/Q2591230	fr	Kaxinawá
http://www.wikidata.org/entity/Q2591288	fr	Langue assiniboine
http://www.wikidata.org/entity/Q2591288	fr	Nakoda
http://www.wikidata.org/entity/Q2591288	fr	Nakona
http://www.wikidata.org/entity/Q2591288	fr	Nakota
http://www.wikidata.org/entity/Q2591320	fr	tjapukai
http://www.wikidata.org/entity/Q2591329	fr	cha'palaa
http://www.wikidata.org/entity/Q2591329	fr	chachi
http://www.wikidata.org/entity/Q2600085	fr	wazhazhe ie
http://www.wikidata.org/entity/Q2603808	fr	marquisien du Nord-Ouest
http://www.wikidata.org/entity/Q2603808	fr	marquisien septentrional
http://www.wikidata.org/entity/Q26040	fr	Boras
http://www.wikidata.org/entity/Q2605680	fr	Chaura
http://www.wikidata.org/entity/Q2605689	fr	she
http://www.wikidata.org/entity/Q26119	fr	Eperies
http://www.wikidata.org/entity/Q2613477	fr	Logo
http://www.wikidata.org/entity/Q262	fr	Alg.
http://www.wikidata.org/entity/Q262	fr	Algerie
http://www.wikidata.org/entity/Q262	fr	Dzayer
http://www.wikidata.org/entity/Q262	fr	RADP
http://www.wikidata.org/entity/Q262	fr	République algérienne démocratique et populaire
http://www.wikidata.org/entity/Q262	fr	République algérienne démocratique populaire
http://www.wikidata.org/entity/Q26234	fr	Esbeur
http://www.wikidata.org/entity/Q262579	fr	Laranda
http://www.wikidata.org/entity/Q26268	fr	Lulea
http://www.wikidata.org/entity/Q26273	fr	État de Saint Martin
http://www.wikidata.org/entity/Q26273	fr	État de Saint-Martin
http://www.wikidata.org/entity/Q26273	fr	État de Sint Maarten
http://www.wikidata.org/entity/Q26273	fr	Land Sint Maarten
http://www.wikidata.org/entity/Q26273	fr	NL-SX
http://www.wikidata.org/entity/Q26273	fr	Saint Martin
http://www.wikidata.org/entity/Q26273	fr	Saint Martin (partie néerlandaise)
http://www.wikidata.org/entity/Q26273	fr	Saint-Martin (partie néerlandaise)
http://www.wikidata.org/entity/Q26273	fr	Saint-Martin (Royaume des Pays-Bas)
http://www.wikidata.org/entity/Q26273	fr	Sint Maarten
http://www.wikidata.org/entity/Q26273	fr	Sint Maarten (partie néerlandaise)
http://www.wikidata.org/entity/Q26273	fr	Sint-Maarten
http://www.wikidata.org/entity/Q26273	fr	St Maarten
http://www.wikidata.org/entity/Q26273	fr	SX
http://www.wikidata.org/entity/Q262854	fr	Lancaster University
http://www.wikidata.org/entity/Q262854	fr	The University of Lancaster
http://www.wikidata.org/entity/Q262854	fr	université de Lancaster
http://www.wikidata.org/entity/Q2630324	fr	HLA
http://www.wikidata.org/entity/Q2634	fr	Napoli
http://www.wikidata.org/entity/Q2638144	fr	kesukuma
http://www.wikidata.org/entity/Q2638144	fr	kisukuma
http://www.wikidata.org/entity/Q26397	fr	Neitra
http://www.wikidata.org/entity/Q2640628	fr	kwagiutl
http://www.wikidata.org/entity/Q2640628	fr	Kwak’wala
http://www.wikidata.org/entity/Q2640628	fr	Kwakwala
http://www.wikidata.org/entity/Q2640646	fr	yurakaré
http://www.wikidata.org/entity/Q2640686	fr	Angkola
http://www.wikidata.org/entity/Q2640863	fr	altaï septentrional
http://www.wikidata.org/entity/Q26421	fr	Dordt
http://www.wikidata.org/entity/Q26421	fr	Dort
http://www.wikidata.org/entity/Q265	fr	la République d’Ouzbékistan
http://www.wikidata.org/entity/Q265	fr	Ouzbekistan
http://www.wikidata.org/entity/Q265	fr	Ouzbekisthan
http://www.wikidata.org/entity/Q265	fr	UZ
http://www.wikidata.org/entity/Q2656	fr	Panormos
http://www.wikidata.org/entity/Q2656	fr	Panormus
http://www.wikidata.org/entity/Q2656	fr	παν-όρμος
http://www.wikidata.org/entity/Q26569	fr	Zahle
http://www.wikidata.org/entity/Q26569	fr	Zahleh
http://www.wikidata.org/entity/Q2658760	fr	haikom
http://www.wikidata.org/entity/Q2658760	fr	haikum
http://www.wikidata.org/entity/Q2658760	fr	heikom
http://www.wikidata.org/entity/Q2658760	fr	heikom bushman
http://www.wikidata.org/entity/Q2658760	fr	heikum
http://www.wikidata.org/entity/Q2658760	fr	heiǁom
http://www.wikidata.org/entity/Q2658760	fr	oshikwankala haiǁom
http://www.wikidata.org/entity/Q2658760	fr	xwaga
http://www.wikidata.org/entity/Q2659044	fr	nenge-tongo
http://www.wikidata.org/entity/Q2659044	fr	nengee-tongo
http://www.wikidata.org/entity/Q2669214	fr	Ambelau
http://www.wikidata.org/entity/Q2669214	fr	Amblau
http://www.wikidata.org/entity/Q2669225	fr	andoque
http://www.wikidata.org/entity/Q2669235	fr	langage bolinao
http://www.wikidata.org/entity/Q2669235	fr	langue bolinao
http://www.wikidata.org/entity/Q2669248	fr	klamath-modoc
http://www.wikidata.org/entity/Q26793	fr	Bergue
http://www.wikidata.org/entity/Q26793	fr	Flesland
http://www.wikidata.org/entity/Q26881	fr	Helsingor
http://www.wikidata.org/entity/Q26881	fr	Helsingør
http://www.wikidata.org/entity/Q268924	fr	ɔkpɛ
http://www.wikidata.org/entity/Q26906	fr	Ciudad Bolivar
http://www.wikidata.org/entity/Q2691548	fr	thimbukushu
http://www.wikidata.org/entity/Q26937	fr	Christianstad
http://www.wikidata.org/entity/Q26988	fr	Archipel Cook
http://www.wikidata.org/entity/Q26988	fr	Cook
http://www.wikidata.org/entity/Q26988	fr	Cook Islands
http://www.wikidata.org/entity/Q26988	fr	Iles Cook
http://www.wikidata.org/entity/Q26988	fr	Îles-Cook
http://www.wikidata.org/entity/Q26988	fr	Kūki 'Āirani
http://www.wikidata.org/entity/Q269960	fr	Shubra el Kheima
http://www.wikidata.org/entity/Q27	fr	Irl.
http://www.wikidata.org/entity/Q27	fr	l'Irlande
http://www.wikidata.org/entity/Q27	fr	République d'Irlande
http://www.wikidata.org/entity/Q27	fr	République irlandaise
http://www.wikidata.org/entity/Q270041	fr	Hodeïda
http://www.wikidata.org/entity/Q270222	fr	Michigan State
http://www.wikidata.org/entity/Q270222	fr	Michigan State University
http://www.wikidata.org/entity/Q270222	fr	Université d'État du michigan
http://www.wikidata.org/entity/Q270222	fr	Universite de l'Etat du Michigan
http://www.wikidata.org/entity/Q270222	fr	Université de l'État du Michigan
http://www.wikidata.org/entity/Q2712572	fr	Hebreu medieval
http://www.wikidata.org/entity/Q2712572	fr	Hébreu rabbinique
http://www.wikidata.org/entity/Q271771	fr	Tantah
http://www.wikidata.org/entity/Q2721227	fr	ona
http://www.wikidata.org/entity/Q2723670	fr	Université Ain-Shams
http://www.wikidata.org/entity/Q2723670	fr	Université d’Ain Shams
http://www.wikidata.org/entity/Q27265	fr	Universite de Salzbourg
http://www.wikidata.org/entity/Q272680	fr	Bostra
http://www.wikidata.org/entity/Q2736980	fr	apalai
http://www.wikidata.org/entity/Q273779	fr	Ndar
http://www.wikidata.org/entity/Q273779	fr	Saint-louis
http://www.wikidata.org/entity/Q273779	fr	Saint-Louis du Sénégal
http://www.wikidata.org/entity/Q273779	fr	Saint-Louis-du-Sénégal
http://www.wikidata.org/entity/Q274120	fr	Chutes du Niagara
http://www.wikidata.org/entity/Q274120	fr	Chutes Niagara
http://www.wikidata.org/entity/Q274120	fr	Drummondville, Ontario
http://www.wikidata.org/entity/Q27425	fr	Hillerod
http://www.wikidata.org/entity/Q2743297	fr	Artpop
http://www.wikidata.org/entity/Q27452	fr	Frederikshaven
http://www.wikidata.org/entity/Q27480	fr	eya
http://www.wikidata.org/entity/Q27480	fr	Langue eyak
http://www.wikidata.org/entity/Q2748232	fr	nung
http://www.wikidata.org/entity/Q2751	fr	Siena
http://www.wikidata.org/entity/Q275635	fr	Massaoua
http://www.wikidata.org/entity/Q275635	fr	Massaouah
http://www.wikidata.org/entity/Q275635	fr	Massawa
http://www.wikidata.org/entity/Q275635	fr	Metsewa
http://www.wikidata.org/entity/Q275635	fr	Miṣṣiwa
http://www.wikidata.org/entity/Q275635	fr	Mitsiwa
http://www.wikidata.org/entity/Q275834	fr	Flash Gordon - Soundtrack
http://www.wikidata.org/entity/Q275834	fr	Flash Gordon (Original Soundtrack Music by Queen)
http://www.wikidata.org/entity/Q2759	fr	Urbinus
http://www.wikidata.org/entity/Q2760613	fr	Langue dayak des terres
http://www.wikidata.org/entity/Q2760613	fr	Langues Land Dayak
http://www.wikidata.org/entity/Q276546	fr	Wasting my Hate
http://www.wikidata.org/entity/Q27683	fr	ace
http://www.wikidata.org/entity/Q27683	fr	achinais
http://www.wikidata.org/entity/Q27683	fr	ISO ace
http://www.wikidata.org/entity/Q27683	fr	langue acehnaise
http://www.wikidata.org/entity/Q27683	fr	langue achinaise
http://www.wikidata.org/entity/Q27692	fr	déné
http://www.wikidata.org/entity/Q27692	fr	Dene Suline
http://www.wikidata.org/entity/Q27692	fr	Dëne Sųłıné
http://www.wikidata.org/entity/Q27785	fr	tanaina
http://www.wikidata.org/entity/Q27864	fr	wetsuwet'en-babine
http://www.wikidata.org/entity/Q279350	fr	allemand écrit
http://www.wikidata.org/entity/Q28	fr	la Hongrie
http://www.wikidata.org/entity/Q2802914	fr	ibali
http://www.wikidata.org/entity/Q2802914	fr	kiteke
http://www.wikidata.org/entity/Q2802914	fr	kwa méridional
http://www.wikidata.org/entity/Q2802914	fr	teke
http://www.wikidata.org/entity/Q2802914	fr	téké
http://www.wikidata.org/entity/Q2802914	fr	teke oriental
http://www.wikidata.org/entity/Q28059	fr	akawaio
http://www.wikidata.org/entity/Q28060	fr	apache de l'Ouest
http://www.wikidata.org/entity/Q28060	fr	apache occidental
http://www.wikidata.org/entity/Q28062	fr	haut-kuskokwim
http://www.wikidata.org/entity/Q28092	fr	algonkin
http://www.wikidata.org/entity/Q28092	fr	alq
http://www.wikidata.org/entity/Q28176	fr	altaïen
http://www.wikidata.org/entity/Q282011	fr	cri oriental
http://www.wikidata.org/entity/Q282011	fr	crj
http://www.wikidata.org/entity/Q282011	fr	crl
http://www.wikidata.org/entity/Q2823170	fr	achual
http://www.wikidata.org/entity/Q2827041	fr	tokharien A
http://www.wikidata.org/entity/Q2827041	fr	tourfanien
http://www.wikidata.org/entity/Q28281	fr	Upper tanana
http://www.wikidata.org/entity/Q2828867	fr	a'jie
http://www.wikidata.org/entity/Q2828867	fr	aji
http://www.wikidata.org/entity/Q2828867	fr	anjie
http://www.wikidata.org/entity/Q2828867	fr	houaïlou
http://www.wikidata.org/entity/Q2828867	fr	wai
http://www.wikidata.org/entity/Q2828867	fr	wailu
http://www.wikidata.org/entity/Q2828964	fr	Akey
http://www.wikidata.org/entity/Q2828964	fr	Langue akey
http://www.wikidata.org/entity/Q283368	fr	Ar Raqqa
http://www.wikidata.org/entity/Q283368	fr	Ar-Raqqa
http://www.wikidata.org/entity/Q283368	fr	Callinicum
http://www.wikidata.org/entity/Q283368	fr	Racca
http://www.wikidata.org/entity/Q28395	fr	Ayin
http://www.wikidata.org/entity/Q2841465	fr	nembao
http://www.wikidata.org/entity/Q28422	fr	Pohnpeian
http://www.wikidata.org/entity/Q28422	fr	Ponapéen
http://www.wikidata.org/entity/Q28427	fr	Langue carolinienne
http://www.wikidata.org/entity/Q28427	fr	Sud-carolinien
http://www.wikidata.org/entity/Q284604	fr	Glatz
http://www.wikidata.org/entity/Q284604	fr	Kladsko
http://www.wikidata.org/entity/Q2846171	fr	shimigae
http://www.wikidata.org/entity/Q28477	fr	satawalais
http://www.wikidata.org/entity/Q2850262	fr	Shindzuani
http://www.wikidata.org/entity/Q28552	fr	esclave du Sud
http://www.wikidata.org/entity/Q28565	fr	bas tanana
http://www.wikidata.org/entity/Q2858311	fr	Apinayé
http://www.wikidata.org/entity/Q28695	fr	Universite d'Helsinki
http://www.wikidata.org/entity/Q28695	fr	Université de Helsinki
http://www.wikidata.org/entity/Q28695	fr	Université impériale Alexandre
http://www.wikidata.org/entity/Q2871740	fr	abishira
http://www.wikidata.org/entity/Q2871740	fr	tekiraka
http://www.wikidata.org/entity/Q28729	fr	Kozhikode
http://www.wikidata.org/entity/Q2873211	fr	Awiyaana
http://www.wikidata.org/entity/Q2877155	fr	BLISS (langage)
http://www.wikidata.org/entity/Q2878850	fr	Baegu
http://www.wikidata.org/entity/Q2880535	fr	balangingi
http://www.wikidata.org/entity/Q2882543	fr	baniwa de l'Içana-kurripako
http://www.wikidata.org/entity/Q2882543	fr	kurripako
http://www.wikidata.org/entity/Q2882857	fr	Banoni
http://www.wikidata.org/entity/Q2883738	fr	Barasana du Nord
http://www.wikidata.org/entity/Q2883738	fr	Barasano du Nord
http://www.wikidata.org/entity/Q2886281	fr	bari
http://www.wikidata.org/entity/Q2891042	fr	alas-kluet batak
http://www.wikidata.org/entity/Q28911	fr	Lahtis
http://www.wikidata.org/entity/Q2891902	fr	berawan central
http://www.wikidata.org/entity/Q2894198	fr	Belait
http://www.wikidata.org/entity/Q289693	fr	Sharjah
http://www.wikidata.org/entity/Q29	fr	Esp.
http://www.wikidata.org/entity/Q29	fr	Royaume d'Espagne
http://www.wikidata.org/entity/Q2900	fr	San Francisco de Quito
http://www.wikidata.org/entity/Q2900	fr	UIO
http://www.wikidata.org/entity/Q2902626	fr	Bira(langue)
http://www.wikidata.org/entity/Q2904868	fr	khabit
http://www.wikidata.org/entity/Q2904868	fr	khmin
http://www.wikidata.org/entity/Q2904868	fr	pasing
http://www.wikidata.org/entity/Q2907551	fr	kunzi
http://www.wikidata.org/entity/Q2908807	fr	Tulu-bohuai
http://www.wikidata.org/entity/Q2909984	fr	dengais
http://www.wikidata.org/entity/Q2909984	fr	dengese
http://www.wikidata.org/entity/Q2909984	fr	kidengese
http://www.wikidata.org/entity/Q2912846	fr	Guarasu’we
http://www.wikidata.org/entity/Q292068	fr	UNIX m4
http://www.wikidata.org/entity/Q2922261	fr	dialectes bourbonnais
http://www.wikidata.org/entity/Q2927370	fr	Buang
http://www.wikidata.org/entity/Q2927723	fr	Bugota
http://www.wikidata.org/entity/Q2927723	fr	Bugoto
http://www.wikidata.org/entity/Q2927723	fr	Bugotu
http://www.wikidata.org/entity/Q2927723	fr	Mbughotu
http://www.wikidata.org/entity/Q2928942	fr	Butmas-Tur
http://www.wikidata.org/entity/Q2929111	fr	bwaidoka
http://www.wikidata.org/entity/Q29303	fr	Cantorbéry
http://www.wikidata.org/entity/Q29316	fr	roa-rup
http://www.wikidata.org/entity/Q29316	fr	rup
http://www.wikidata.org/entity/Q2933	fr	Assomption
http://www.wikidata.org/entity/Q2933	fr	Asunción
http://www.wikidata.org/entity/Q2933	fr	La Muy Noble y Leal Ciudad de Nuestra Señora Santa María de la Asunción
http://www.wikidata.org/entity/Q2933175	fr	kahouarano
http://www.wikidata.org/entity/Q2936935	fr	Cao Miao
http://www.wikidata.org/entity/Q2936935	fr	Cao-miao
http://www.wikidata.org/entity/Q2937753	fr	caranqui
http://www.wikidata.org/entity/Q29440	fr	assyrien néo aramaique
http://www.wikidata.org/entity/Q2944443	fr	central sierra miwok
http://www.wikidata.org/entity/Q2948019	fr	cham de l'Est
http://www.wikidata.org/entity/Q2948019	fr	cham oriental
http://www.wikidata.org/entity/Q29490	fr	langue assi
http://www.wikidata.org/entity/Q29490	fr	langue bantonaise
http://www.wikidata.org/entity/Q2962074	fr	Upper chehalis
http://www.wikidata.org/entity/Q2962074	fr	Upper Chehalis
http://www.wikidata.org/entity/Q2964008	fr	chisena
http://www.wikidata.org/entity/Q2964008	fr	cisena
http://www.wikidata.org/entity/Q2976736	fr	Pileni
http://www.wikidata.org/entity/Q298	fr	République du Chili
http://www.wikidata.org/entity/Q2980381	fr	Ese ejja
http://www.wikidata.org/entity/Q2980381	fr	Ese'ejja
http://www.wikidata.org/entity/Q2980421	fr	cuiva
http://www.wikidata.org/entity/Q2981109	fr	Bodega miwok
http://www.wikidata.org/entity/Q2981109	fr	coast miwok
http://www.wikidata.org/entity/Q2981620	fr	matsés
http://www.wikidata.org/entity/Q2984602	fr	Colville-Okanagan
http://www.wikidata.org/entity/Q29902	fr	yugur shira
http://www.wikidata.org/entity/Q2991985	fr	Poumpokol
http://www.wikidata.org/entity/Q2991985	fr	Pumpokol
http://www.wikidata.org/entity/Q2991985	fr	Pumpokole
http://www.wikidata.org/entity/Q2992872	fr	Dayak Ngaju
http://www.wikidata.org/entity/Q2992876	fr	nootka
http://www.wikidata.org/entity/Q2992876	fr	nuu-chah-nulth
http://www.wikidata.org/entity/Q29930	fr	ekoti
http://www.wikidata.org/entity/Q2999	fr	Wörtzburch
http://www.wikidata.org/entity/Q2999	fr	Würzburg
http://www.wikidata.org/entity/Q29999	fr	Pays-Bas
http://www.wikidata.org/entity/Q29999	fr	royaume des Pays-Bas
http://www.wikidata.org/entity/Q30	fr	Amérique
http://www.wikidata.org/entity/Q30	fr	É-U
http://www.wikidata.org/entity/Q30	fr	É-U.
http://www.wikidata.org/entity/Q30	fr	E.-U.
http://www.wikidata.org/entity/Q30	fr	É.-U.
http://www.wikidata.org/entity/Q30	fr	É.-U. A.
http://www.wikidata.org/entity/Q30	fr	É.U.
http://www.wikidata.org/entity/Q30	fr	Etats-unis
http://www.wikidata.org/entity/Q30	fr	Etats-Unis
http://www.wikidata.org/entity/Q30	fr	États-unis
http://www.wikidata.org/entity/Q30	fr	États-Unis d’Amérique
http://www.wikidata.org/entity/Q30	fr	ÉU
http://www.wikidata.org/entity/Q30	fr	les États
http://www.wikidata.org/entity/Q30	fr	les États-Unis d’Amérique
http://www.wikidata.org/entity/Q30	fr	Oncle Sam
http://www.wikidata.org/entity/Q30	fr	Pays de l'Oncle Sam
http://www.wikidata.org/entity/Q30	fr	pays de l’Oncle Sam
http://www.wikidata.org/entity/Q30	fr	States
http://www.wikidata.org/entity/Q30002	fr	Chengdou
http://www.wikidata.org/entity/Q30002	fr	Chengtou
http://www.wikidata.org/entity/Q30002	fr	Chengtu
http://www.wikidata.org/entity/Q30002	fr	Tchen dou
http://www.wikidata.org/entity/Q30002	fr	Tchen-dou
http://www.wikidata.org/entity/Q30002	fr	Tchen-tou
http://www.wikidata.org/entity/Q30002	fr	Tchen-tou-fou
http://www.wikidata.org/entity/Q30002	fr	Tcheng-tou
http://www.wikidata.org/entity/Q30002	fr	Tchengtou
http://www.wikidata.org/entity/Q30002	fr	Tchingtou
http://www.wikidata.org/entity/Q30004	fr	évenki
http://www.wikidata.org/entity/Q3001	fr	Parbo
http://www.wikidata.org/entity/Q3006280	fr	guadeloupéen
http://www.wikidata.org/entity/Q3006280	fr	kreyol
http://www.wikidata.org/entity/Q3006280	fr	kréyol
http://www.wikidata.org/entity/Q3006280	fr	patwa
http://www.wikidata.org/entity/Q3006281	fr	langue créole martiniquaise
http://www.wikidata.org/entity/Q3006281	fr	martiniquais
http://www.wikidata.org/entity/Q3006285	fr	ISO 639-3:acf
http://www.wikidata.org/entity/Q300897	fr	Basic Calculator
http://www.wikidata.org/entity/Q300897	fr	UNIX bc
http://www.wikidata.org/entity/Q3026110	fr	Yaminawa
http://www.wikidata.org/entity/Q302745	fr	Hall
http://www.wikidata.org/entity/Q3027471	fr	diegueño du Sud
http://www.wikidata.org/entity/Q3027474	fr	iipay aa
http://www.wikidata.org/entity/Q3027474	fr	ipai
http://www.wikidata.org/entity/Q3027879	fr	chashan yao
http://www.wikidata.org/entity/Q3027879	fr	lakkia
http://www.wikidata.org/entity/Q3027930	fr	Shokleng
http://www.wikidata.org/entity/Q3027930	fr	Šokleng
http://www.wikidata.org/entity/Q3027930	fr	Šokren
http://www.wikidata.org/entity/Q3027930	fr	Xokleng
http://www.wikidata.org/entity/Q3027930	fr	Xokrén
http://www.wikidata.org/entity/Q3027953	fr	siriono
http://www.wikidata.org/entity/Q3029682	fr	Machacali
http://www.wikidata.org/entity/Q30312065	fr	totonaque septentrional
http://www.wikidata.org/entity/Q30319	fr	dialecte silésien
http://www.wikidata.org/entity/Q30319	fr	haut-silésien
http://www.wikidata.org/entity/Q30319	fr	patois silésien
http://www.wikidata.org/entity/Q30319	fr	polonais silésien
http://www.wikidata.org/entity/Q30319	fr	silésien polonais
http://www.wikidata.org/entity/Q30334614	fr	tum
http://www.wikidata.org/entity/Q3033554	fr	bogan
http://www.wikidata.org/entity/Q3033560	fr	Baebunta
http://www.wikidata.org/entity/Q3033560	fr	Limola
http://www.wikidata.org/entity/Q3037084	fr	Dori'o
http://www.wikidata.org/entity/Q3038640	fr	itenez
http://www.wikidata.org/entity/Q3042189	fr	Dzao Min
http://www.wikidata.org/entity/Q3042206	fr	KiMwani
http://www.wikidata.org/entity/Q3043	fr	Belmopán
http://www.wikidata.org/entity/Q3046889	fr	Ebudja
http://www.wikidata.org/entity/Q3053275	fr	jamamadí
http://www.wikidata.org/entity/Q30620	fr	Limón
http://www.wikidata.org/entity/Q30620	fr	Moín
http://www.wikidata.org/entity/Q30620	fr	Puerto Limon
http://www.wikidata.org/entity/Q3063524	fr	engdewu
http://www.wikidata.org/entity/Q3070	fr	San Jose
http://www.wikidata.org/entity/Q307065	fr	université d'État de Soukhoumi
http://www.wikidata.org/entity/Q3070731	fr	Nateni
http://www.wikidata.org/entity/Q3073436	fr	Cherente
http://www.wikidata.org/entity/Q3073436	fr	Serente
http://www.wikidata.org/entity/Q3073436	fr	Sherente
http://www.wikidata.org/entity/Q3073453	fr	ten'edn
http://www.wikidata.org/entity/Q3073532	fr	mafea
http://www.wikidata.org/entity/Q3082027	fr	yecuana
http://www.wikidata.org/entity/Q3083213	fr	cajun
http://www.wikidata.org/entity/Q3083213	fr	français cadien
http://www.wikidata.org/entity/Q3083213	fr	français cajun
http://www.wikidata.org/entity/Q3083213	fr	français de la Louisiane
http://www.wikidata.org/entity/Q3083213	fr	français louisianais
http://www.wikidata.org/entity/Q3089032	fr	lyéla
http://www.wikidata.org/entity/Q30898	fr	Kiribatien
http://www.wikidata.org/entity/Q30898	fr	Langue gilbertine
http://www.wikidata.org/entity/Q3091331	fr	fwai
http://www.wikidata.org/entity/Q309164	fr	Ra'annana
http://www.wikidata.org/entity/Q309348	fr	Khan Younes
http://www.wikidata.org/entity/Q309348	fr	Khan Younis
http://www.wikidata.org/entity/Q309442	fr	Paysandu
http://www.wikidata.org/entity/Q3095245	fr	Paiwa
http://www.wikidata.org/entity/Q31	fr	Belg.
http://www.wikidata.org/entity/Q31	fr	Royaume de Belgique
http://www.wikidata.org/entity/Q3100814	fr	langage des signes espagnol
http://www.wikidata.org/entity/Q310117	fr	Al Minya
http://www.wikidata.org/entity/Q3101212	fr	Cayapo
http://www.wikidata.org/entity/Q3101212	fr	Kaiapo
http://www.wikidata.org/entity/Q3101212	fr	kayapó
http://www.wikidata.org/entity/Q3105505	fr	ha
http://www.wikidata.org/entity/Q3107095	fr	Universite de Bifrost
http://www.wikidata.org/entity/Q3107606	fr	giryama
http://www.wikidata.org/entity/Q3107862	fr	Gitxsan
http://www.wikidata.org/entity/Q310842	fr	Al Mustansiriya
http://www.wikidata.org/entity/Q310842	fr	Madrasa al-Mustansiriyya
http://www.wikidata.org/entity/Q310842	fr	Médersa al-Mustansiriyah
http://www.wikidata.org/entity/Q310842	fr	Mustansiriyya
http://www.wikidata.org/entity/Q310842	fr	Universite al-Mustansiriyah
http://www.wikidata.org/entity/Q310893	fr	Al-Wakrah
http://www.wikidata.org/entity/Q31104570	fr	canela apaniekra
http://www.wikidata.org/entity/Q311099	fr	As-Suwaida
http://www.wikidata.org/entity/Q311099	fr	As-Suwayda
http://www.wikidata.org/entity/Q3111847	fr	mirriuwong
http://www.wikidata.org/entity/Q3111857	fr	Maropa
http://www.wikidata.org/entity/Q3111873	fr	wounana
http://www.wikidata.org/entity/Q3111983	fr	Pend d'oreille
http://www.wikidata.org/entity/Q31172660	fr	baga binari
http://www.wikidata.org/entity/Q31172660	fr	baga pokur
http://www.wikidata.org/entity/Q3118779	fr	Guarayu
http://www.wikidata.org/entity/Q3118779	fr	Gwarayu
http://www.wikidata.org/entity/Q311946	fr	Ft. Narin
http://www.wikidata.org/entity/Q311946	fr	Ft. Narîn
http://www.wikidata.org/entity/Q311946	fr	Narin
http://www.wikidata.org/entity/Q311946	fr	Narîn
http://www.wikidata.org/entity/Q311946	fr	Naryn (ville)
http://www.wikidata.org/entity/Q3119695	fr	manihiki
http://www.wikidata.org/entity/Q3120733	fr	Gula'alaa
http://www.wikidata.org/entity/Q3121045	fr	Tumak
http://www.wikidata.org/entity/Q3121063	fr	Tapiete
http://www.wikidata.org/entity/Q3121073	fr	Yindjibarndi
http://www.wikidata.org/entity/Q3121835	fr	pumé
http://www.wikidata.org/entity/Q3123524	fr	lingɔmbɛ
http://www.wikidata.org/entity/Q3123524	fr	ngombe
http://www.wikidata.org/entity/Q312723	fr	El-Mahalla El-Kubra
http://www.wikidata.org/entity/Q312723	fr	Mahalla
http://www.wikidata.org/entity/Q312759	fr	Ad Piscinam
http://www.wikidata.org/entity/Q312759	fr	Biscra
http://www.wikidata.org/entity/Q312759	fr	Vescera
http://www.wikidata.org/entity/Q31295480	fr	Gögtürk
http://www.wikidata.org/entity/Q31295480	fr	Langue turque de l'Orkhon
http://www.wikidata.org/entity/Q3130	fr	Port-Jackson
http://www.wikidata.org/entity/Q3130290	fr	Langue Namosi-Naitasiri-Serua
http://www.wikidata.org/entity/Q3130301	fr	Reo tongareva
http://www.wikidata.org/entity/Q3130911	fr	basonge
http://www.wikidata.org/entity/Q3130911	fr	kisonge
http://www.wikidata.org/entity/Q3130911	fr	kiyembe
http://www.wikidata.org/entity/Q3130911	fr	songe
http://www.wikidata.org/entity/Q3130911	fr	songye
http://www.wikidata.org/entity/Q3130911	fr	yembe
http://www.wikidata.org/entity/Q3138	fr	Trier
http://www.wikidata.org/entity/Q3138831	fr	hmong vert
http://www.wikidata.org/entity/Q3140491	fr	Nandjeré
http://www.wikidata.org/entity/Q3140491	fr	Nangdjeré
http://www.wikidata.org/entity/Q314536	fr	Norwegian Institute of Technology
http://www.wikidata.org/entity/Q314536	fr	NTNU
http://www.wikidata.org/entity/Q314536	fr	NTNU Trondheim
http://www.wikidata.org/entity/Q314536	fr	Université de Trondheim
http://www.wikidata.org/entity/Q314536	fr	Universite norvegienne de sciences et de technologie
http://www.wikidata.org/entity/Q3147383	fr	ibalois
http://www.wikidata.org/entity/Q3147383	fr	langue ibaloise
http://www.wikidata.org/entity/Q3147383	fr	langue ivadoise
http://www.wikidata.org/entity/Q3148190	fr	Mojeño-ignaciano
http://www.wikidata.org/entity/Q31493	fr	Abovian
http://www.wikidata.org/entity/Q31493	fr	Apovian
http://www.wikidata.org/entity/Q31519	fr	Carolinum
http://www.wikidata.org/entity/Q31519	fr	Université Charles
http://www.wikidata.org/entity/Q31519	fr	Université de Prague
http://www.wikidata.org/entity/Q31565	fr	Djerach
http://www.wikidata.org/entity/Q31565	fr	Gerasa
http://www.wikidata.org/entity/Q31565	fr	Gérasa
http://www.wikidata.org/entity/Q31565	fr	Jarash
http://www.wikidata.org/entity/Q31565	fr	Jérash
http://www.wikidata.org/entity/Q315658	fr	Université de Breslau
http://www.wikidata.org/entity/Q31572	fr	Al Karak
http://www.wikidata.org/entity/Q31572	fr	Kerak
http://www.wikidata.org/entity/Q31572	fr	Kérak
http://www.wikidata.org/entity/Q31572	fr	Krak de Moab
http://www.wikidata.org/entity/Q317642	fr	fanian
http://www.wikidata.org/entity/Q3178609	fr	jicaque oriental
http://www.wikidata.org/entity/Q3178609	fr	tol
http://www.wikidata.org/entity/Q31805	fr	District d'Invercargill
http://www.wikidata.org/entity/Q31805	fr	Waihōpai
http://www.wikidata.org/entity/Q3181238	fr	uwa
http://www.wikidata.org/entity/Q318156	fr	Bahalwalpur
http://www.wikidata.org/entity/Q318156	fr	Bahawalpur
http://www.wikidata.org/entity/Q3183	fr	Perth (Australie-Occidentale)
http://www.wikidata.org/entity/Q3183382	fr	cayuvava
http://www.wikidata.org/entity/Q3183382	fr	cayuwaba
http://www.wikidata.org/entity/Q3183382	fr	kayuvava
http://www.wikidata.org/entity/Q318418	fr	Vilvoorde
http://www.wikidata.org/entity/Q318418	fr	Vilvorde-lez-Bruxelles
http://www.wikidata.org/entity/Q3192121	fr	Kalapuya du Nord(langue)
http://www.wikidata.org/entity/Q3192336	fr	kamayura
http://www.wikidata.org/entity/Q319268	fr	Langage D
http://www.wikidata.org/entity/Q319268	fr	Langage de programmation D
http://www.wikidata.org/entity/Q3192697	fr	kankuamo
http://www.wikidata.org/entity/Q319476	fr	Cumana
http://www.wikidata.org/entity/Q3194984	fr	Kemiehua
http://www.wikidata.org/entity/Q3195598	fr	kikete
http://www.wikidata.org/entity/Q3195598	fr	lukete
http://www.wikidata.org/entity/Q3196052	fr	khamnigan mongol
http://www.wikidata.org/entity/Q3196124	fr	Levei-tulu
http://www.wikidata.org/entity/Q3196320	fr	beembe
http://www.wikidata.org/entity/Q3196527	fr	langue kikai
http://www.wikidata.org/entity/Q3196527	fr	langue kikaï
http://www.wikidata.org/entity/Q3196527	fr	langue Kikaï
http://www.wikidata.org/entity/Q3196559	fr	kunyi
http://www.wikidata.org/entity/Q3196589	fr	lega
http://www.wikidata.org/entity/Q3196601	fr	Kiriwina
http://www.wikidata.org/entity/Q3196953	fr	konzo
http://www.wikidata.org/entity/Q3196953	fr	nande
http://www.wikidata.org/entity/Q3197533	fr	KiSwahili
http://www.wikidata.org/entity/Q3198700	fr	maidu du Nord-Ouest
http://www.wikidata.org/entity/Q3198896	fr	kuranko
http://www.wikidata.org/entity/Q3198924	fr	coreguaje
http://www.wikidata.org/entity/Q3198995	fr	koro-olrat
http://www.wikidata.org/entity/Q3199353	fr	Kuča
http://www.wikidata.org/entity/Q3199353	fr	kuśi
http://www.wikidata.org/entity/Q3199353	fr	Tokharien B
http://www.wikidata.org/entity/Q3199353	fr	tokharien occidental
http://www.wikidata.org/entity/Q32	fr	grand-duché de Luxembourg
http://www.wikidata.org/entity/Q32	fr	Grand-duché de Luxembourg
http://www.wikidata.org/entity/Q32	fr	Grand-Duché de Luxembourg
http://www.wikidata.org/entity/Q32	fr	le Grand-Duché de Luxembourg
http://www.wikidata.org/entity/Q32	fr	Lux.
http://www.wikidata.org/entity/Q3200638	fr	Kusage
http://www.wikidata.org/entity/Q3200829	fr	Kwara'ae
http://www.wikidata.org/entity/Q3200846	fr	kikwese
http://www.wikidata.org/entity/Q32041490	fr	asuriní du Tocantins
http://www.wikidata.org/entity/Q320704	fr	Benin
http://www.wikidata.org/entity/Q32110	fr	XSLT
http://www.wikidata.org/entity/Q3211090	fr	Vano
http://www.wikidata.org/entity/Q321279	fr	Scoresbysund
http://www.wikidata.org/entity/Q321475	fr	Kollam
http://www.wikidata.org/entity/Q3216471	fr	lake miwok
http://www.wikidata.org/entity/Q3217458	fr	ati
http://www.wikidata.org/entity/Q3217470	fr	Lampung
http://www.wikidata.org/entity/Q3217488	fr	moken
http://www.wikidata.org/entity/Q3217917	fr	laari
http://www.wikidata.org/entity/Q3217917	fr	Tílárí
http://www.wikidata.org/entity/Q3219799	fr	Jru'
http://www.wikidata.org/entity/Q322155	fr	Rajshahi
http://www.wikidata.org/entity/Q32260	fr	dahalik
http://www.wikidata.org/entity/Q32260	fr	dlk
http://www.wikidata.org/entity/Q322964	fr	MGIMO
http://www.wikidata.org/entity/Q322964	fr	MGUIMO
http://www.wikidata.org/entity/Q323873	fr	Trincomalee
http://www.wikidata.org/entity/Q323873	fr	Trinquemale
http://www.wikidata.org/entity/Q32389	fr	gabar
http://www.wikidata.org/entity/Q32389	fr	gabri
http://www.wikidata.org/entity/Q32389	fr	yazdi
http://www.wikidata.org/entity/Q324394	fr	Sarnath
http://www.wikidata.org/entity/Q324394	fr	Sârnâth
http://www.wikidata.org/entity/Q3244176	fr	koli parkari
http://www.wikidata.org/entity/Q3244176	fr	parkari koli
http://www.wikidata.org/entity/Q325124	fr	Aleksandrow Kujawski
http://www.wikidata.org/entity/Q3258739	fr	lupka
http://www.wikidata.org/entity/Q3259058	fr	berawan de l'Est
http://www.wikidata.org/entity/Q3259058	fr	berawan long jegan
http://www.wikidata.org/entity/Q3259061	fr	berawan de l'Ouest
http://www.wikidata.org/entity/Q326339	fr	Chrysopolis
http://www.wikidata.org/entity/Q326339	fr	Uskudar
http://www.wikidata.org/entity/Q32641	fr	catalan méridional
http://www.wikidata.org/entity/Q32641	fr	catalan-valencien
http://www.wikidata.org/entity/Q32641	fr	dialecte valencien
http://www.wikidata.org/entity/Q32641	fr	langue valencienne
http://www.wikidata.org/entity/Q3265143	fr	lucazi
http://www.wikidata.org/entity/Q32689	fr	prasuni
http://www.wikidata.org/entity/Q32706	fr	dyu
http://www.wikidata.org/entity/Q3270727	fr	chiga
http://www.wikidata.org/entity/Q3270727	fr	rukiga
http://www.wikidata.org/entity/Q3272620	fr	kɨnyakyʉsa
http://www.wikidata.org/entity/Q3272620	fr	ngonde
http://www.wikidata.org/entity/Q3272620	fr	nyakyusa-ngonde
http://www.wikidata.org/entity/Q3272620	fr	sokili
http://www.wikidata.org/entity/Q3272630	fr	cigogo
http://www.wikidata.org/entity/Q3272737	fr	lougbara
http://www.wikidata.org/entity/Q32762	fr	fiu-vro
http://www.wikidata.org/entity/Q3278074	fr	maidu du Nord-Est
http://www.wikidata.org/entity/Q3278246	fr	Magi
http://www.wikidata.org/entity/Q328030	fr	Al-Kut
http://www.wikidata.org/entity/Q328030	fr	Kut-El-Amara
http://www.wikidata.org/entity/Q3280670	fr	Mpade
http://www.wikidata.org/entity/Q3281043	fr	maka
http://www.wikidata.org/entity/Q3281884	fr	Idne
http://www.wikidata.org/entity/Q3285432	fr	Mandarin du shandong
http://www.wikidata.org/entity/Q3285432	fr	Mandarin Du Shandong
http://www.wikidata.org/entity/Q32858	fr	langue vote
http://www.wikidata.org/entity/Q32858	fr	votique
http://www.wikidata.org/entity/Q3289596	fr	chabaki
http://www.wikidata.org/entity/Q3289596	fr	shabak
http://www.wikidata.org/entity/Q3289596	fr	shabaki
http://www.wikidata.org/entity/Q32915	fr	Cœur d'Alene
http://www.wikidata.org/entity/Q3293299	fr	sungwadia
http://www.wikidata.org/entity/Q3293299	fr	sunwadia
http://www.wikidata.org/entity/Q32934	fr	Bisa
http://www.wikidata.org/entity/Q32947	fr	langue Dongxiang
http://www.wikidata.org/entity/Q32947	fr	langue Sainte
http://www.wikidata.org/entity/Q3296011	fr	marúbo
http://www.wikidata.org/entity/Q3299145	fr	matis
http://www.wikidata.org/entity/Q33	fr	Fin.
http://www.wikidata.org/entity/Q33	fr	Finl.
http://www.wikidata.org/entity/Q33	fr	la République de Finlande
http://www.wikidata.org/entity/Q33025	fr	bej
http://www.wikidata.org/entity/Q3302952	fr	bas-mainiot
http://www.wikidata.org/entity/Q3302952	fr	Mayennais, langue
http://www.wikidata.org/entity/Q3302952	fr	Mayennaise
http://www.wikidata.org/entity/Q3302952	fr	Patois manceau
http://www.wikidata.org/entity/Q3302952	fr	patois mayennais
http://www.wikidata.org/entity/Q3305008	fr	Mele-Fila
http://www.wikidata.org/entity/Q33052	fr	ichibemba
http://www.wikidata.org/entity/Q33054	fr	bezhta
http://www.wikidata.org/entity/Q3305831	fr	Poeng
http://www.wikidata.org/entity/Q3306	fr	Panamá
http://www.wikidata.org/entity/Q3306	fr	Ville de Panama
http://www.wikidata.org/entity/Q3307184	fr	enawené-nawé
http://www.wikidata.org/entity/Q3307184	fr	enawenê-nawê
http://www.wikidata.org/entity/Q331099	fr	Ile de Mozambique
http://www.wikidata.org/entity/Q331099	fr	Ilha de Moçambique
http://www.wikidata.org/entity/Q33112829	fr	Cabe
http://www.wikidata.org/entity/Q33125	fr	Tchoulyme
http://www.wikidata.org/entity/Q33125	fr	Tchoulymtse
http://www.wikidata.org/entity/Q33151	fr	bjn
http://www.wikidata.org/entity/Q33161	fr	Chuukais
http://www.wikidata.org/entity/Q33161	fr	Chuukese
http://www.wikidata.org/entity/Q33161	fr	Troukais
http://www.wikidata.org/entity/Q3316328	fr	mishmi
http://www.wikidata.org/entity/Q33190	fr	bug
http://www.wikidata.org/entity/Q33190	fr	bugi
http://www.wikidata.org/entity/Q33190	fr	buginais
http://www.wikidata.org/entity/Q33190	fr	bugis
http://www.wikidata.org/entity/Q33190	fr	langue bouguinaise
http://www.wikidata.org/entity/Q33190	fr	langue bugi
http://www.wikidata.org/entity/Q33190	fr	langue bugis
http://www.wikidata.org/entity/Q3319130	fr	mohegan-pequot
http://www.wikidata.org/entity/Q3319130	fr	pequot-mohegan
http://www.wikidata.org/entity/Q3319155	fr	Shimwali
http://www.wikidata.org/entity/Q33192	fr	Chickasaw
http://www.wikidata.org/entity/Q3320030	fr	irlandais archaïque
http://www.wikidata.org/entity/Q3320111	fr	mwan
http://www.wikidata.org/entity/Q3320659	fr	mongol de Mongolie-Intérieure
http://www.wikidata.org/entity/Q3321131	fr	Adora
http://www.wikidata.org/entity/Q3321131	fr	Aeroran
http://www.wikidata.org/entity/Q3321131	fr	Iriemkena
http://www.wikidata.org/entity/Q33219	fr	map-bms
http://www.wikidata.org/entity/Q332319	fr	Macallé
http://www.wikidata.org/entity/Q332319	fr	Makalé
http://www.wikidata.org/entity/Q332319	fr	Mék'élé
http://www.wikidata.org/entity/Q332319	fr	Mekelé
http://www.wikidata.org/entity/Q332319	fr	Mékélé
http://www.wikidata.org/entity/Q332319	fr	Meqele
http://www.wikidata.org/entity/Q332319	fr	Meqelé
http://www.wikidata.org/entity/Q33239	fr	cebuano
http://www.wikidata.org/entity/Q33239	fr	langue cébouane
http://www.wikidata.org/entity/Q33239	fr	visayan
http://www.wikidata.org/entity/Q3324598	fr	Mortlockais
http://www.wikidata.org/entity/Q3324744	fr	columbia
http://www.wikidata.org/entity/Q3324744	fr	columbia-moses
http://www.wikidata.org/entity/Q3324744	fr	salish columbia-moses
http://www.wikidata.org/entity/Q3324744	fr	salish columbia-wenatchi
http://www.wikidata.org/entity/Q3324744	fr	salish moses-columbia
http://www.wikidata.org/entity/Q3324744	fr	wenatchi
http://www.wikidata.org/entity/Q33259	fr	batsba
http://www.wikidata.org/entity/Q33265	fr	chy
http://www.wikidata.org/entity/Q33265	fr	Langue cheyenne
http://www.wikidata.org/entity/Q3327000	fr	Moyen écossais
http://www.wikidata.org/entity/Q3327418	fr	eibela
http://www.wikidata.org/entity/Q3327418	fr	kware
http://www.wikidata.org/entity/Q33276	fr	Chenoua
http://www.wikidata.org/entity/Q33284	fr	bcl
http://www.wikidata.org/entity/Q33284	fr	bicol central
http://www.wikidata.org/entity/Q33284	fr	bicolano central
http://www.wikidata.org/entity/Q33291	fr	fon
http://www.wikidata.org/entity/Q33291	fr	fongbe
http://www.wikidata.org/entity/Q33291	fr	fongbé
http://www.wikidata.org/entity/Q33295	fr	fj
http://www.wikidata.org/entity/Q33295	fr	Langue fidjienne
http://www.wikidata.org/entity/Q33302	fr	Langue des signes francaise
http://www.wikidata.org/entity/Q3331115	fr	Merlav
http://www.wikidata.org/entity/Q33332	fr	Jingpho
http://www.wikidata.org/entity/Q33332	fr	Kachin
http://www.wikidata.org/entity/Q33335	fr	kammu
http://www.wikidata.org/entity/Q333476	fr	Segou
http://www.wikidata.org/entity/Q33361	fr	nahali
http://www.wikidata.org/entity/Q33364	fr	bèle fòòr
http://www.wikidata.org/entity/Q33364	fr	fòòraŋ bèle
http://www.wikidata.org/entity/Q33364	fr	fur
http://www.wikidata.org/entity/Q33367	fr	judéo-persan
http://www.wikidata.org/entity/Q33370	fr	Jarai
http://www.wikidata.org/entity/Q333705	fr	Israel Institute of Technology
http://www.wikidata.org/entity/Q333705	fr	Université Technion
http://www.wikidata.org/entity/Q33377	fr	Jalandher
http://www.wikidata.org/entity/Q33377	fr	Jullundur
http://www.wikidata.org/entity/Q33393	fr	jacaltec
http://www.wikidata.org/entity/Q33393	fr	popti'
http://www.wikidata.org/entity/Q3339380	fr	nhanda
http://www.wikidata.org/entity/Q334	fr	République de Singapour
http://www.wikidata.org/entity/Q334	fr	SG
http://www.wikidata.org/entity/Q33426	fr	hulaulá
http://www.wikidata.org/entity/Q33427	fr	korandje
http://www.wikidata.org/entity/Q33428	fr	Vin
http://www.wikidata.org/entity/Q3344226	fr	northern sierra miwok
http://www.wikidata.org/entity/Q3344819	fr	noussi
http://www.wikidata.org/entity/Q33450	fr	Mina
http://www.wikidata.org/entity/Q334577	fr	Quezaltenango
http://www.wikidata.org/entity/Q33464	fr	Kosraé
http://www.wikidata.org/entity/Q33464	fr	Kosraéen
http://www.wikidata.org/entity/Q33464	fr	Kusaïé
http://www.wikidata.org/entity/Q3346774	fr	numèè
http://www.wikidata.org/entity/Q3347266	fr	kumak
http://www.wikidata.org/entity/Q3347428	fr	o'du
http://www.wikidata.org/entity/Q3347428	fr	o’du
http://www.wikidata.org/entity/Q33491	fr	haïtien
http://www.wikidata.org/entity/Q33491	fr	kreyol ayisyen
http://www.wikidata.org/entity/Q33491	fr	kreyòl ayisyen
http://www.wikidata.org/entity/Q33500	fr	langue mandéenne
http://www.wikidata.org/entity/Q33500	fr	mandeen
http://www.wikidata.org/entity/Q335322	fr	La Pointe
http://www.wikidata.org/entity/Q335322	fr	Pointe à Pitre
http://www.wikidata.org/entity/Q33537	fr	langue lakota
http://www.wikidata.org/entity/Q3354339	fr	opuuo
http://www.wikidata.org/entity/Q3354339	fr	t'apo
http://www.wikidata.org/entity/Q335478	fr	Ma'rib
http://www.wikidata.org/entity/Q335478	fr	Mareb
http://www.wikidata.org/entity/Q33549	fr	langue javanaise
http://www.wikidata.org/entity/Q33557	fr	Carelien
http://www.wikidata.org/entity/Q3355834	fr	maijuna
http://www.wikidata.org/entity/Q3355834	fr	orejon
http://www.wikidata.org/entity/Q33563	fr	khante
http://www.wikidata.org/entity/Q33563	fr	ob-ostiak
http://www.wikidata.org/entity/Q33563	fr	ostiak
http://www.wikidata.org/entity/Q33563	fr	xante
http://www.wikidata.org/entity/Q33563	fr	xanty
http://www.wikidata.org/entity/Q33578	fr	Asụsụ Igbo
http://www.wikidata.org/entity/Q33578	fr	langue Igbo
http://www.wikidata.org/entity/Q3357881	fr	Langue oti
http://www.wikidata.org/entity/Q33599	fr	cimanyika
http://www.wikidata.org/entity/Q33601	fr	chikaonde
http://www.wikidata.org/entity/Q33601	fr	kaonda
http://www.wikidata.org/entity/Q33601	fr	kiikaonde
http://www.wikidata.org/entity/Q33603	fr	ekegusii
http://www.wikidata.org/entity/Q33613	fr	Kramatorsʹk
http://www.wikidata.org/entity/Q33617	fr	hiri motu
http://www.wikidata.org/entity/Q33617	fr	ho
http://www.wikidata.org/entity/Q33617	fr	Police Motu
http://www.wikidata.org/entity/Q3361895	fr	panara
http://www.wikidata.org/entity/Q3362086	fr	pangutaran sama
http://www.wikidata.org/entity/Q33622	fr	istrio-roumain
http://www.wikidata.org/entity/Q33624	fr	Kamtchadale
http://www.wikidata.org/entity/Q336264	fr	Universite de Kyoto
http://www.wikidata.org/entity/Q336264	fr	Université de Kyôto
http://www.wikidata.org/entity/Q336264	fr	Université de Kyōto
http://www.wikidata.org/entity/Q33628	fr	loz
http://www.wikidata.org/entity/Q33628	fr	Silozi
http://www.wikidata.org/entity/Q33634	fr	Kalmyk
http://www.wikidata.org/entity/Q33634	fr	xal
http://www.wikidata.org/entity/Q3365443	fr	pará gavião
http://www.wikidata.org/entity/Q33655	fr	Broken
http://www.wikidata.org/entity/Q33655	fr	Broken English
http://www.wikidata.org/entity/Q33655	fr	naijá
http://www.wikidata.org/entity/Q33655	fr	Pidgin English
http://www.wikidata.org/entity/Q3365567	fr	parler cénomane
http://www.wikidata.org/entity/Q3365567	fr	parler haut-mainiot
http://www.wikidata.org/entity/Q3365567	fr	parler Sapience
http://www.wikidata.org/entity/Q3365567	fr	parler sarthois
http://www.wikidata.org/entity/Q3365567	fr	patois sarthois
http://www.wikidata.org/entity/Q33657	fr	gilani
http://www.wikidata.org/entity/Q33657	fr	glk
http://www.wikidata.org/entity/Q33661	fr	creole mauricien
http://www.wikidata.org/entity/Q33661	fr	mauricien
http://www.wikidata.org/entity/Q336661	fr	Kénèh
http://www.wikidata.org/entity/Q336661	fr	Qéna
http://www.wikidata.org/entity/Q336661	fr	Qina
http://www.wikidata.org/entity/Q33672	fr	ikalanga
http://www.wikidata.org/entity/Q33672	fr	tjikalanga
http://www.wikidata.org/entity/Q33676	fr	negidale
http://www.wikidata.org/entity/Q33676	fr	neguidal
http://www.wikidata.org/entity/Q33677	fr	Páez
http://www.wikidata.org/entity/Q3370188	fr	langue wintuane
http://www.wikidata.org/entity/Q33714	fr	Balkar
http://www.wikidata.org/entity/Q33714	fr	Karatchaï
http://www.wikidata.org/entity/Q33714	fr	krc
http://www.wikidata.org/entity/Q33717	fr	langue maguindanayenne
http://www.wikidata.org/entity/Q33720	fr	hiraya
http://www.wikidata.org/entity/Q33720	fr	krj
http://www.wikidata.org/entity/Q33720	fr	langue harayenne
http://www.wikidata.org/entity/Q337272	fr	CBM-BASIC
http://www.wikidata.org/entity/Q337272	fr	PET BASIC
http://www.wikidata.org/entity/Q3375142	fr	parler percheron
http://www.wikidata.org/entity/Q337530	fr	Fort-Archambault
http://www.wikidata.org/entity/Q33765	fr	Idioma de Signos Nicaraguense
http://www.wikidata.org/entity/Q33765	fr	Idioma de Signos Nicaragüense
http://www.wikidata.org/entity/Q33765	fr	Langue des signes du Nicaragua
http://www.wikidata.org/entity/Q33784	fr	lusoga
http://www.wikidata.org/entity/Q33790	fr	niue
http://www.wikidata.org/entity/Q33790	fr	niueen
http://www.wikidata.org/entity/Q33810	fr	Odia
http://www.wikidata.org/entity/Q33810	fr	Oriyâ
http://www.wikidata.org/entity/Q33811	fr	shoshoni
http://www.wikidata.org/entity/Q33811	fr	sosoni'
http://www.wikidata.org/entity/Q33856	fr	papiamentu
http://www.wikidata.org/entity/Q33864	fr	Afaan borana Oromoo
http://www.wikidata.org/entity/Q33864	fr	Afaan Oromo
http://www.wikidata.org/entity/Q33864	fr	Afan oromo
http://www.wikidata.org/entity/Q33864	fr	galla
http://www.wikidata.org/entity/Q33864	fr	om
http://www.wikidata.org/entity/Q33864	fr	Oromiffa
http://www.wikidata.org/entity/Q33864	fr	Oromiffaa
http://www.wikidata.org/entity/Q33868	fr	Manipouri
http://www.wikidata.org/entity/Q33868	fr	Manipourî
http://www.wikidata.org/entity/Q33868	fr	Manipuri
http://www.wikidata.org/entity/Q33868	fr	Manipurî
http://www.wikidata.org/entity/Q33868	fr	Metei
http://www.wikidata.org/entity/Q338844	fr	Batnéennes
http://www.wikidata.org/entity/Q338844	fr	Batnéens
http://www.wikidata.org/entity/Q338844	fr	Bethna
http://www.wikidata.org/entity/Q338844	fr	BLJ
http://www.wikidata.org/entity/Q3388544	fr	Pima Bajo
http://www.wikidata.org/entity/Q33890	fr	sepedi
http://www.wikidata.org/entity/Q33890	fr	sotho du Transvaal
http://www.wikidata.org/entity/Q3389119	fr	Piratapuyo
http://www.wikidata.org/entity/Q3391031	fr	plains miwok
http://www.wikidata.org/entity/Q33918	fr	ludien
http://www.wikidata.org/entity/Q33926	fr	panamint
http://www.wikidata.org/entity/Q33935	fr	Tel Aviv City
http://www.wikidata.org/entity/Q33935	fr	Tel Aviv Jaffa
http://www.wikidata.org/entity/Q33935	fr	Tel Aviv-Jaffa
http://www.wikidata.org/entity/Q33935	fr	Tel Aviv-Jafo
http://www.wikidata.org/entity/Q33935	fr	Tel Aviv-Yafo
http://www.wikidata.org/entity/Q33935	fr	Tel-aviv
http://www.wikidata.org/entity/Q33935	fr	Tel-Aviv Jaffa
http://www.wikidata.org/entity/Q33935	fr	Tel-Aviv-Jaffa
http://www.wikidata.org/entity/Q3393634	fr	aalan
http://www.wikidata.org/entity/Q3393634	fr	alan
http://www.wikidata.org/entity/Q3393634	fr	alanmar
http://www.wikidata.org/entity/Q3393634	fr	alar
http://www.wikidata.org/entity/Q3393634	fr	allan
http://www.wikidata.org/entity/Q3393634	fr	chatans
http://www.wikidata.org/entity/Q33947	fr	Sâme du Nord
http://www.wikidata.org/entity/Q33947	fr	same septentrional
http://www.wikidata.org/entity/Q33947	fr	sami du Nord
http://www.wikidata.org/entity/Q33954	fr	sangho
http://www.wikidata.org/entity/Q33954	fr	sg
http://www.wikidata.org/entity/Q3396018	fr	Pomo du Nord-Ouest
http://www.wikidata.org/entity/Q33962	fr	San Remo
http://www.wikidata.org/entity/Q3397346	fr	Renbelian
http://www.wikidata.org/entity/Q3398323	fr	Port Vato
http://www.wikidata.org/entity/Q3398324	fr	Lamap
http://www.wikidata.org/entity/Q3398324	fr	Port Sandwich
http://www.wikidata.org/entity/Q33990	fr	Soso
http://www.wikidata.org/entity/Q3399507	fr	arabe d'Asie centrale
http://www.wikidata.org/entity/Q3399507	fr	arabe d'Ouzbékistan
http://www.wikidata.org/entity/Q3399507	fr	arabe de Kachkadaria
http://www.wikidata.org/entity/Q3399507	fr	arabe ouzbek
http://www.wikidata.org/entity/Q3399682	fr	agta de Camarines-nord
http://www.wikidata.org/entity/Q34	fr	Royaume de Suède
http://www.wikidata.org/entity/Q34001	fr	Robaais
http://www.wikidata.org/entity/Q34001	fr	Robeke
http://www.wikidata.org/entity/Q34002	fr	basa sunda
http://www.wikidata.org/entity/Q34002	fr	langue sundanaise
http://www.wikidata.org/entity/Q34002	fr	sondenais
http://www.wikidata.org/entity/Q34002	fr	sunda
http://www.wikidata.org/entity/Q34002	fr	sundanais
http://www.wikidata.org/entity/Q34002	fr	sundenais
http://www.wikidata.org/entity/Q34014	fr	Siswati
http://www.wikidata.org/entity/Q34014	fr	ss
http://www.wikidata.org/entity/Q34015	fr	Creole seychellois
http://www.wikidata.org/entity/Q34017	fr	Seto
http://www.wikidata.org/entity/Q34020	fr	Nioue
http://www.wikidata.org/entity/Q34020	fr	Nioué
http://www.wikidata.org/entity/Q34020	fr	Niué
http://www.wikidata.org/entity/Q34020	fr	Niuē
http://www.wikidata.org/entity/Q34020	fr	Savage
http://www.wikidata.org/entity/Q34022	fr	Tobien
http://www.wikidata.org/entity/Q34024	fr	accent-picard
http://www.wikidata.org/entity/Q34024	fr	langue picarde
http://www.wikidata.org/entity/Q34024	fr	patois
http://www.wikidata.org/entity/Q34024	fr	picart
http://www.wikidata.org/entity/Q34029	fr	yapois
http://www.wikidata.org/entity/Q3403245	fr	primi du Nord
http://www.wikidata.org/entity/Q3403246	fr	primi du Sud
http://www.wikidata.org/entity/Q34037	fr	Lamotrekais
http://www.wikidata.org/entity/Q34037	fr	Woleaian
http://www.wikidata.org/entity/Q34037	fr	Woléaïen
http://www.wikidata.org/entity/Q34040	fr	surayt
http://www.wikidata.org/entity/Q34040	fr	suryoyo
http://www.wikidata.org/entity/Q34040	fr	turoyo
http://www.wikidata.org/entity/Q34079	fr	Tabasaran
http://www.wikidata.org/entity/Q3409301	fr	irántxe-münkü
http://www.wikidata.org/entity/Q3409307	fr	aikaná
http://www.wikidata.org/entity/Q34101	fr	tonga
http://www.wikidata.org/entity/Q34101	fr	zambezi
http://www.wikidata.org/entity/Q3410962	fr	purin de Rouen
http://www.wikidata.org/entity/Q3410962	fr	purinique
http://www.wikidata.org/entity/Q3411152	fr	Pwaamei
http://www.wikidata.org/entity/Q3411153	fr	Pwapwa
http://www.wikidata.org/entity/Q34116	fr	Fort William
http://www.wikidata.org/entity/Q34116	fr	Port Arthur
http://www.wikidata.org/entity/Q34124	fr	tigrinya
http://www.wikidata.org/entity/Q34126	fr	Vaiaku
http://www.wikidata.org/entity/Q3412974	fr	okáxpa
http://www.wikidata.org/entity/Q34137	fr	Setswana
http://www.wikidata.org/entity/Q34137	fr	Sotho de l'Ouest
http://www.wikidata.org/entity/Q34137	fr	tn
http://www.wikidata.org/entity/Q34139	fr	Shor
http://www.wikidata.org/entity/Q3414714	fr	wampano
http://www.wikidata.org/entity/Q34154	fr	Lillooet
http://www.wikidata.org/entity/Q34154	fr	st’at’imcets
http://www.wikidata.org/entity/Q34173	fr	ciluba
http://www.wikidata.org/entity/Q34173	fr	cilubà
http://www.wikidata.org/entity/Q34173	fr	shiluba
http://www.wikidata.org/entity/Q34173	fr	tchiluba
http://www.wikidata.org/entity/Q34173	fr	tshiluba
http://www.wikidata.org/entity/Q34174	fr	Tarifit
http://www.wikidata.org/entity/Q34197	fr	Langue roro
http://www.wikidata.org/entity/Q34197	fr	waima
http://www.wikidata.org/entity/Q3419746	fr	Rara bakati'
http://www.wikidata.org/entity/Q34219	fr	langue wallonne
http://www.wikidata.org/entity/Q34219	fr	linguistique wallonne
http://www.wikidata.org/entity/Q34219	fr	WLN
http://www.wikidata.org/entity/Q34226	fr	Langue néo-araméenne occidentale
http://www.wikidata.org/entity/Q34226	fr	Neo-arameen occidental
http://www.wikidata.org/entity/Q34235	fr	ii
http://www.wikidata.org/entity/Q34235	fr	yi du Sichuan
http://www.wikidata.org/entity/Q3426367	fr	mbuwe
http://www.wikidata.org/entity/Q34279	fr	langue ouaraï
http://www.wikidata.org/entity/Q34279	fr	langue ouarayenne
http://www.wikidata.org/entity/Q34279	fr	ouaraï
http://www.wikidata.org/entity/Q34279	fr	ouarayen
http://www.wikidata.org/entity/Q34279	fr	war
http://www.wikidata.org/entity/Q34279	fr	winaray
http://www.wikidata.org/entity/Q3431451	fr	Shao Jiang
http://www.wikidata.org/entity/Q3436689	fr	language des signes brésilien
http://www.wikidata.org/entity/Q3436700	fr	laqua
http://www.wikidata.org/entity/Q3436700	fr	pu-péo
http://www.wikidata.org/entity/Q3436700	fr	pubiao
http://www.wikidata.org/entity/Q3437	fr	Perugia
http://www.wikidata.org/entity/Q34370	fr	R'dam
http://www.wikidata.org/entity/Q34370	fr	Roffa
http://www.wikidata.org/entity/Q34370	fr	Rotjeknor
http://www.wikidata.org/entity/Q3437616	fr	cicopi
http://www.wikidata.org/entity/Q3437656	fr	kupto
http://www.wikidata.org/entity/Q3438373	fr	kanamari
http://www.wikidata.org/entity/Q3438373	fr	katukina-kanamari
http://www.wikidata.org/entity/Q3438747	fr	Kushi
http://www.wikidata.org/entity/Q3438764	fr	maaka
http://www.wikidata.org/entity/Q3439071	fr	barngala
http://www.wikidata.org/entity/Q3440403	fr	moukoulou
http://www.wikidata.org/entity/Q3440403	fr	mukulu
http://www.wikidata.org/entity/Q3440512	fr	katawixí
http://www.wikidata.org/entity/Q3440525	fr	kwami
http://www.wikidata.org/entity/Q3441097	fr	sáliba
http://www.wikidata.org/entity/Q3441180	fr	gauar
http://www.wikidata.org/entity/Q3441180	fr	gouwar
http://www.wikidata.org/entity/Q3441180	fr	kortchi
http://www.wikidata.org/entity/Q3441277	fr	yiwom
http://www.wikidata.org/entity/Q3441435	fr	tamanaque
http://www.wikidata.org/entity/Q3442330	fr	rao
http://www.wikidata.org/entity/Q3442330	fr	t'en
http://www.wikidata.org/entity/Q344266	fr	Active server pages
http://www.wikidata.org/entity/Q3446640	fr	arikapú
http://www.wikidata.org/entity/Q3446660	fr	arára de Mato Grosso
http://www.wikidata.org/entity/Q3446690	fr	Ankave
http://www.wikidata.org/entity/Q3449070	fr	Efate du Sud
http://www.wikidata.org/entity/Q3449070	fr	South Efate
http://www.wikidata.org/entity/Q3449885	fr	Badui
http://www.wikidata.org/entity/Q3450207	fr	ɨbʉdhʉ
http://www.wikidata.org/entity/Q3450207	fr	kibudu
http://www.wikidata.org/entity/Q3450504	fr	resígaro
http://www.wikidata.org/entity/Q3450522	fr	wauja
http://www.wikidata.org/entity/Q3450636	fr	katukína
http://www.wikidata.org/entity/Q3450660	fr	cabiyarí
http://www.wikidata.org/entity/Q3450709	fr	yawalapití
http://www.wikidata.org/entity/Q3450949	fr	aka
http://www.wikidata.org/entity/Q345204	fr	Ad Dakhla
http://www.wikidata.org/entity/Q345204	fr	Villa Cisneros
http://www.wikidata.org/entity/Q3460957	fr	Miwok de la baie
http://www.wikidata.org/entity/Q34647	fr	Jo'burg
http://www.wikidata.org/entity/Q34647	fr	Johanesburg
http://www.wikidata.org/entity/Q34647	fr	Johannesburg
http://www.wikidata.org/entity/Q34647	fr	Jozi
http://www.wikidata.org/entity/Q34692	fr	Tinson
http://www.wikidata.org/entity/Q347	fr	la Principauté du Liechtenstein
http://www.wikidata.org/entity/Q347	fr	principauté de Liechtenstein
http://www.wikidata.org/entity/Q3470594	fr	sama du Sud
http://www.wikidata.org/entity/Q34738	fr	Adioukrou
http://www.wikidata.org/entity/Q34738	fr	adj
http://www.wikidata.org/entity/Q3474222	fr	ojibwé de l'Ouest
http://www.wikidata.org/entity/Q3474891	fr	Sa'ban
http://www.wikidata.org/entity/Q34754	fr	république du Somaliland
http://www.wikidata.org/entity/Q34767	fr	abu
http://www.wikidata.org/entity/Q34767	fr	Aburé
http://www.wikidata.org/entity/Q34810	fr	aproumou
http://www.wikidata.org/entity/Q34820	fr	Ciudad Trujillo
http://www.wikidata.org/entity/Q34820	fr	Dominicaine
http://www.wikidata.org/entity/Q34820	fr	Saint Domingue
http://www.wikidata.org/entity/Q34820	fr	Saint-domingue
http://www.wikidata.org/entity/Q34820	fr	San Domingo
http://www.wikidata.org/entity/Q34820	fr	Santo Domingo de Guzmán
http://www.wikidata.org/entity/Q34820	fr	Santo Dominguo
http://www.wikidata.org/entity/Q34820	fr	Santo-Domingo
http://www.wikidata.org/entity/Q34820	fr	Ville de Saint-Domingue
http://www.wikidata.org/entity/Q34823	fr	begbere-ejar
http://www.wikidata.org/entity/Q34823	fr	waci
http://www.wikidata.org/entity/Q34831	fr	abr
http://www.wikidata.org/entity/Q34831	fr	Abron
http://www.wikidata.org/entity/Q34831	fr	Bono dialect
http://www.wikidata.org/entity/Q34831	fr	Bono Twi
http://www.wikidata.org/entity/Q34831	fr	Brong
http://www.wikidata.org/entity/Q34832	fr	afshar
http://www.wikidata.org/entity/Q34833	fr	abbay
http://www.wikidata.org/entity/Q34833	fr	abbey
http://www.wikidata.org/entity/Q34833	fr	abè
http://www.wikidata.org/entity/Q34840	fr	avi
http://www.wikidata.org/entity/Q348402	fr	UAM
http://www.wikidata.org/entity/Q348402	fr	université Adam Mickiewicz
http://www.wikidata.org/entity/Q348402	fr	Université Adam Mickiewicz à Poznań
http://www.wikidata.org/entity/Q348402	fr	université Adam Mickiewicz de Poznań
http://www.wikidata.org/entity/Q348402	fr	université de Poznan
http://www.wikidata.org/entity/Q348402	fr	université de Poznań
http://www.wikidata.org/entity/Q3484101	fr	Simbo
http://www.wikidata.org/entity/Q34844	fr	Atché, Akan
http://www.wikidata.org/entity/Q34853	fr	bafaw
http://www.wikidata.org/entity/Q34853	fr	balong
http://www.wikidata.org/entity/Q34853	fr	bàlòŋ
http://www.wikidata.org/entity/Q34853	fr	lèfɔ́’
http://www.wikidata.org/entity/Q34855	fr	mka'a
http://www.wikidata.org/entity/Q34860	fr	abaw
http://www.wikidata.org/entity/Q34860	fr	abo
http://www.wikidata.org/entity/Q34860	fr	bo
http://www.wikidata.org/entity/Q34860	fr	bon
http://www.wikidata.org/entity/Q34866	fr	bakógo
http://www.wikidata.org/entity/Q34866	fr	kago
http://www.wikidata.org/entity/Q34868	fr	bambolang
http://www.wikidata.org/entity/Q34868	fr	chirambo
http://www.wikidata.org/entity/Q34868	fr	chrambo
http://www.wikidata.org/entity/Q34868	fr	mbawyakum
http://www.wikidata.org/entity/Q34868	fr	mboyakum
http://www.wikidata.org/entity/Q34868	fr	tshirambo
http://www.wikidata.org/entity/Q34875	fr	baga mboteni
http://www.wikidata.org/entity/Q34885	fr	nge
http://www.wikidata.org/entity/Q34885	fr	ngo
http://www.wikidata.org/entity/Q34885	fr	nguu
http://www.wikidata.org/entity/Q34885	fr	ngwa
http://www.wikidata.org/entity/Q34885	fr	pengo
http://www.wikidata.org/entity/Q34885	fr	vengi
http://www.wikidata.org/entity/Q34885	fr	vengo
http://www.wikidata.org/entity/Q34885	fr	vengoo
http://www.wikidata.org/entity/Q34889	fr	Baatombu
http://www.wikidata.org/entity/Q34889	fr	Baatonu
http://www.wikidata.org/entity/Q34889	fr	Baatonum
http://www.wikidata.org/entity/Q34889	fr	Baatɔnum
http://www.wikidata.org/entity/Q34889	fr	Batonu
http://www.wikidata.org/entity/Q34894	fr	baï
http://www.wikidata.org/entity/Q34923	fr	akateko
http://www.wikidata.org/entity/Q3492334	fr	miwok méridional de la Sierra
http://www.wikidata.org/entity/Q3492334	fr	southern sierra miwok
http://www.wikidata.org/entity/Q34931	fr	aghbanien
http://www.wikidata.org/entity/Q34931	fr	aghouanais
http://www.wikidata.org/entity/Q34931	fr	albanais caucasien
http://www.wikidata.org/entity/Q34931	fr	ancien oudi
http://www.wikidata.org/entity/Q34936	fr	dzamba
http://www.wikidata.org/entity/Q34940	fr	asobse
http://www.wikidata.org/entity/Q34940	fr	basosi
http://www.wikidata.org/entity/Q34940	fr	basossi
http://www.wikidata.org/entity/Q34940	fr	ngen
http://www.wikidata.org/entity/Q34940	fr	nsose
http://www.wikidata.org/entity/Q34940	fr	nswase
http://www.wikidata.org/entity/Q34940	fr	nswose
http://www.wikidata.org/entity/Q34940	fr	sosi
http://www.wikidata.org/entity/Q34940	fr	swose
http://www.wikidata.org/entity/Q34950	fr	bakwele
http://www.wikidata.org/entity/Q34950	fr	bakwil
http://www.wikidata.org/entity/Q34950	fr	bekwil
http://www.wikidata.org/entity/Q34950	fr	okpele
http://www.wikidata.org/entity/Q34953	fr	bobe
http://www.wikidata.org/entity/Q34953	fr	bobea
http://www.wikidata.org/entity/Q34953	fr	bota
http://www.wikidata.org/entity/Q34953	fr	ewota
http://www.wikidata.org/entity/Q34953	fr	wovea
http://www.wikidata.org/entity/Q34953	fr	wuvia
http://www.wikidata.org/entity/Q34958	fr	bongken
http://www.wikidata.org/entity/Q34958	fr	bonkeng-pendia
http://www.wikidata.org/entity/Q34958	fr	bonkenge
http://www.wikidata.org/entity/Q34967	fr	barkul
http://www.wikidata.org/entity/Q34977	fr	bebe
http://www.wikidata.org/entity/Q34988	fr	otk
http://www.wikidata.org/entity/Q34988	fr	vieux turc
http://www.wikidata.org/entity/Q34989	fr	bangála
http://www.wikidata.org/entity/Q34989	fr	ngala
http://www.wikidata.org/entity/Q34992	fr	Fá d’Ambô
http://www.wikidata.org/entity/Q35	fr	Dan.
http://www.wikidata.org/entity/Q35	fr	Danemark métropolitain
http://www.wikidata.org/entity/Q35	fr	Danemark propre
http://www.wikidata.org/entity/Q35	fr	DK
http://www.wikidata.org/entity/Q35006	fr	balant
http://www.wikidata.org/entity/Q35013	fr	berom
http://www.wikidata.org/entity/Q35017	fr	pouvi
http://www.wikidata.org/entity/Q35017	fr	pové
http://www.wikidata.org/entity/Q35017	fr	puvi
http://www.wikidata.org/entity/Q3501747	fr	paraujano
http://www.wikidata.org/entity/Q3501751	fr	balda
http://www.wikidata.org/entity/Q3501751	fr	matal
http://www.wikidata.org/entity/Q3501751	fr	mouktele
http://www.wikidata.org/entity/Q3501751	fr	muktele
http://www.wikidata.org/entity/Q3501751	fr	muktil
http://www.wikidata.org/entity/Q35019	fr	bayotte
http://www.wikidata.org/entity/Q3501920	fr	gata’
http://www.wikidata.org/entity/Q3502255	fr	sungor
http://www.wikidata.org/entity/Q35028	fr	bulu
http://www.wikidata.org/entity/Q3504097	fr	créole nicaraguayen
http://www.wikidata.org/entity/Q3504106	fr	worrorra
http://www.wikidata.org/entity/Q3504110	fr	Nung Ven
http://www.wikidata.org/entity/Q3504110	fr	Nùng Vên
http://www.wikidata.org/entity/Q3504186	fr	arabe babalia
http://www.wikidata.org/entity/Q3504312	fr	pareci
http://www.wikidata.org/entity/Q3504312	fr	parecís
http://www.wikidata.org/entity/Q35045	fr	Potosi
http://www.wikidata.org/entity/Q35063	fr	bomitaba
http://www.wikidata.org/entity/Q35071	fr	bolondo
http://www.wikidata.org/entity/Q3507488	fr	akwáwa
http://www.wikidata.org/entity/Q3507881	fr	arapesh du Sud
http://www.wikidata.org/entity/Q3507881	fr	mufian
http://www.wikidata.org/entity/Q3507895	fr	arapesh des montagnes
http://www.wikidata.org/entity/Q3507907	fr	aruá
http://www.wikidata.org/entity/Q3507941	fr	apiaká
http://www.wikidata.org/entity/Q3507995	fr	aurá
http://www.wikidata.org/entity/Q35080	fr	buma
http://www.wikidata.org/entity/Q35080	fr	kebóm
http://www.wikidata.org/entity/Q35080	fr	kiboma
http://www.wikidata.org/entity/Q3508001	fr	angaatiha
http://www.wikidata.org/entity/Q3508001	fr	angaatiya
http://www.wikidata.org/entity/Q3508044	fr	bumbita
http://www.wikidata.org/entity/Q35091	fr	awakateko
http://www.wikidata.org/entity/Q35091	fr	ISO 639-3:agu
http://www.wikidata.org/entity/Q35095	fr	badara
http://www.wikidata.org/entity/Q35095	fr	badian
http://www.wikidata.org/entity/Q35095	fr	badiaranke
http://www.wikidata.org/entity/Q35095	fr	badjara
http://www.wikidata.org/entity/Q35095	fr	badyara
http://www.wikidata.org/entity/Q35095	fr	badyaranke
http://www.wikidata.org/entity/Q35095	fr	bigola
http://www.wikidata.org/entity/Q35095	fr	gola
http://www.wikidata.org/entity/Q35095	fr	pajade
http://www.wikidata.org/entity/Q35095	fr	pajadinka
http://www.wikidata.org/entity/Q35096	fr	Bedik
http://www.wikidata.org/entity/Q35096	fr	Ménik
http://www.wikidata.org/entity/Q35098	fr	ayan
http://www.wikidata.org/entity/Q35098	fr	basari
http://www.wikidata.org/entity/Q35098	fr	biyan
http://www.wikidata.org/entity/Q35098	fr	onëyan
http://www.wikidata.org/entity/Q35098	fr	onian
http://www.wikidata.org/entity/Q35098	fr	oniyan
http://www.wikidata.org/entity/Q35098	fr	onyan
http://www.wikidata.org/entity/Q35098	fr	tenda basari
http://www.wikidata.org/entity/Q35098	fr	wo
http://www.wikidata.org/entity/Q35103	fr	baï
http://www.wikidata.org/entity/Q35103	fr	langue bai
http://www.wikidata.org/entity/Q35103	fr	langue baï
http://www.wikidata.org/entity/Q3512660	fr	ta'oih superieur
http://www.wikidata.org/entity/Q3512690	fr	Makian oriental
http://www.wikidata.org/entity/Q35128	fr	amaracaire
http://www.wikidata.org/entity/Q35128	fr	amarakaire
http://www.wikidata.org/entity/Q35128	fr	mashco
http://www.wikidata.org/entity/Q3513637	fr	parsi
http://www.wikidata.org/entity/Q3513637	fr	persan occidental
http://www.wikidata.org/entity/Q35137	fr	Ancien chinois
http://www.wikidata.org/entity/Q35137	fr	Chinois ancien
http://www.wikidata.org/entity/Q35137	fr	Chinois archaique
http://www.wikidata.org/entity/Q35137	fr	Proto-chinois
http://www.wikidata.org/entity/Q35137	fr	Protochinois
http://www.wikidata.org/entity/Q35141	fr	ISO 639-3:ada
http://www.wikidata.org/entity/Q3514220	fr	khowa
http://www.wikidata.org/entity/Q351427	fr	Nazareth
http://www.wikidata.org/entity/Q351427	fr	Nazret
http://www.wikidata.org/entity/Q351427	fr	Zone spéciale d'Adama
http://www.wikidata.org/entity/Q3514714	fr	Tamazight de l’Atlas blidéen
http://www.wikidata.org/entity/Q3515067	fr	ogoi
http://www.wikidata.org/entity/Q3515078	fr	uldémé
http://www.wikidata.org/entity/Q3515078	fr	wuzlam
http://www.wikidata.org/entity/Q3515188	fr	Tanimbili
http://www.wikidata.org/entity/Q35154	fr	agar
http://www.wikidata.org/entity/Q35154	fr	dinka central
http://www.wikidata.org/entity/Q3515594	fr	tarangan de l’Ouest
http://www.wikidata.org/entity/Q35157	fr	buamu
http://www.wikidata.org/entity/Q351633	fr	Langue Adamique
http://www.wikidata.org/entity/Q3516641	fr	Tchouvantse
http://www.wikidata.org/entity/Q3516731	fr	buma
http://www.wikidata.org/entity/Q35178	fr	Koweit
http://www.wikidata.org/entity/Q35178	fr	Koweit City
http://www.wikidata.org/entity/Q35178	fr	Koweït City
http://www.wikidata.org/entity/Q35178	fr	Kuwait City
http://www.wikidata.org/entity/Q35178	fr	Ville de Koweït
http://www.wikidata.org/entity/Q35179	fr	Chol
http://www.wikidata.org/entity/Q3518245	fr	tepehuan sud-occidental
http://www.wikidata.org/entity/Q35185	fr	busa
http://www.wikidata.org/entity/Q35202	fr	ding
http://www.wikidata.org/entity/Q35202	fr	eding
http://www.wikidata.org/entity/Q35202	fr	idzing
http://www.wikidata.org/entity/Q35214	fr	Anglo-French
http://www.wikidata.org/entity/Q35214	fr	Anglo-norman
http://www.wikidata.org/entity/Q35218	fr	vieil haut allemand
http://www.wikidata.org/entity/Q35218	fr	vieux haut allemand
http://www.wikidata.org/entity/Q35219	fr	VIeux bas allemand
http://www.wikidata.org/entity/Q35219	fr	Vieux-saxon
http://www.wikidata.org/entity/Q35222	fr	ancien francais
http://www.wikidata.org/entity/Q35222	fr	français ancien
http://www.wikidata.org/entity/Q35222	fr	français médiéval
http://www.wikidata.org/entity/Q35222	fr	fro
http://www.wikidata.org/entity/Q35222	fr	langue d'oïl
http://www.wikidata.org/entity/Q35222	fr	vieux français
http://www.wikidata.org/entity/Q35228	fr	langue de la Rus'
http://www.wikidata.org/entity/Q35228	fr	vieux biélorusse
http://www.wikidata.org/entity/Q35228	fr	vieux slave oriental
http://www.wikidata.org/entity/Q35228	fr	vieux ukrainien
http://www.wikidata.org/entity/Q35228	fr	vieux-russe
http://www.wikidata.org/entity/Q35228	fr	vieux-russien
http://www.wikidata.org/entity/Q35247	fr	belanda viri
http://www.wikidata.org/entity/Q35250	fr	ekajuk
http://www.wikidata.org/entity/Q35268	fr	isan
http://www.wikidata.org/entity/Q35271	fr	bbj
http://www.wikidata.org/entity/Q35271	fr	Ghomala
http://www.wikidata.org/entity/Q35271	fr	Ghomala'
http://www.wikidata.org/entity/Q35284	fr	Ciacia
http://www.wikidata.org/entity/Q3529205	fr	Vasuli
http://www.wikidata.org/entity/Q35309	fr	amathousien
http://www.wikidata.org/entity/Q35309	fr	étéocypriote
http://www.wikidata.org/entity/Q35313	fr	dizin
http://www.wikidata.org/entity/Q35316	fr	dumpu
http://www.wikidata.org/entity/Q35317	fr	Éton
http://www.wikidata.org/entity/Q35318	fr	embun
http://www.wikidata.org/entity/Q35318	fr	kiembu
http://www.wikidata.org/entity/Q35319	fr	adouma
http://www.wikidata.org/entity/Q35322	fr	galolen
http://www.wikidata.org/entity/Q35322	fr	galoli-talur
http://www.wikidata.org/entity/Q3532756	fr	totoro
http://www.wikidata.org/entity/Q35329	fr	elyme
http://www.wikidata.org/entity/Q3532921	fr	Ecole d'économie de Toulouse
http://www.wikidata.org/entity/Q3532921	fr	Fondation Jean-Jacques Laffont - Toulouse Sciences Economiques
http://www.wikidata.org/entity/Q3532921	fr	Fondation Jean-Jacques Laffont / Toulouse Sciences Économiques
http://www.wikidata.org/entity/Q3532921	fr	Toulouse School of Economics (TSE)
http://www.wikidata.org/entity/Q3532921	fr	Toulouse sciences economiques
http://www.wikidata.org/entity/Q3532921	fr	Toulouse Sciences Economiques
http://www.wikidata.org/entity/Q3532921	fr	Toulouse sciences économiques
http://www.wikidata.org/entity/Q3532921	fr	Toulouse Sciences économiques
http://www.wikidata.org/entity/Q3532921	fr	Toulouse Sciences Économiques
http://www.wikidata.org/entity/Q3532921	fr	TSE
http://www.wikidata.org/entity/Q35331	fr	frafra
http://www.wikidata.org/entity/Q35331	fr	ninkare
http://www.wikidata.org/entity/Q35338	fr	ingessana
http://www.wikidata.org/entity/Q35340	fr	dian
http://www.wikidata.org/entity/Q35361	fr	Bo
http://www.wikidata.org/entity/Q35365	fr	bijago
http://www.wikidata.org/entity/Q35371	fr	bobo madaré du Nord
http://www.wikidata.org/entity/Q35375	fr	addo
http://www.wikidata.org/entity/Q35375	fr	benin
http://www.wikidata.org/entity/Q35375	fr	bini
http://www.wikidata.org/entity/Q35375	fr	edo
http://www.wikidata.org/entity/Q35375	fr	oviedo
http://www.wikidata.org/entity/Q35375	fr	ovioba
http://www.wikidata.org/entity/Q35392	fr	Dhimotiki
http://www.wikidata.org/entity/Q35392	fr	Dhimotikí
http://www.wikidata.org/entity/Q35392	fr	Dimotiki
http://www.wikidata.org/entity/Q35392	fr	Dimotikí
http://www.wikidata.org/entity/Q35392	fr	Grec demotique
http://www.wikidata.org/entity/Q3539279	fr	Mojeño-trinitario
http://www.wikidata.org/entity/Q35397	fr	Budugh
http://www.wikidata.org/entity/Q35397	fr	budukh
http://www.wikidata.org/entity/Q3540927	fr	manhui
http://www.wikidata.org/entity/Q3540927	fr	manjui
http://www.wikidata.org/entity/Q3542217	fr	tuparí
http://www.wikidata.org/entity/Q3542307	fr	Turiuara
http://www.wikidata.org/entity/Q35431	fr	Bimbia
http://www.wikidata.org/entity/Q35431	fr	Isubu
http://www.wikidata.org/entity/Q35431	fr	Isuwu
http://www.wikidata.org/entity/Q35431	fr	Subu
http://www.wikidata.org/entity/Q35431	fr	Suwu
http://www.wikidata.org/entity/Q35443	fr	Chumash yneseño
http://www.wikidata.org/entity/Q35455	fr	bicol
http://www.wikidata.org/entity/Q35455	fr	bicolano
http://www.wikidata.org/entity/Q35455	fr	bikol
http://www.wikidata.org/entity/Q35455	fr	bikolano
http://www.wikidata.org/entity/Q35455	fr	langues bikol
http://www.wikidata.org/entity/Q35472	fr	icetot
http://www.wikidata.org/entity/Q35472	fr	ngulak
http://www.wikidata.org/entity/Q35472	fr	teuso
http://www.wikidata.org/entity/Q35472	fr	teuth
http://www.wikidata.org/entity/Q35474	fr	gulmancema
http://www.wikidata.org/entity/Q35475	fr	cabrais
http://www.wikidata.org/entity/Q35475	fr	kabiye
http://www.wikidata.org/entity/Q3548186	fr	oma longh
http://www.wikidata.org/entity/Q3548186	fr	Uma' lung
http://www.wikidata.org/entity/Q35490	fr	garífuna
http://www.wikidata.org/entity/Q35493	fr	Alma Ata
http://www.wikidata.org/entity/Q35493	fr	Alma-ata
http://www.wikidata.org/entity/Q35493	fr	Vernoë
http://www.wikidata.org/entity/Q35497	fr	ancien grec
http://www.wikidata.org/entity/Q35497	fr	grec antique
http://www.wikidata.org/entity/Q3551	fr	Rabbat
http://www.wikidata.org/entity/Q35521	fr	Langue kanembu
http://www.wikidata.org/entity/Q35523	fr	abul
http://www.wikidata.org/entity/Q35523	fr	ebang
http://www.wikidata.org/entity/Q35524	fr	Dialonké
http://www.wikidata.org/entity/Q35524	fr	Jalonke
http://www.wikidata.org/entity/Q35536	fr	Kekchi
http://www.wikidata.org/entity/Q35536	fr	Kekchí
http://www.wikidata.org/entity/Q35536	fr	Q'eqchi
http://www.wikidata.org/entity/Q35542	fr	kasanga
http://www.wikidata.org/entity/Q35551	fr	Kanjobal
http://www.wikidata.org/entity/Q35552	fr	Kasem
http://www.wikidata.org/entity/Q35552	fr	Kasena
http://www.wikidata.org/entity/Q35552	fr	Kaséna
http://www.wikidata.org/entity/Q35564	fr	Laalaa
http://www.wikidata.org/entity/Q35564	fr	Lehar
http://www.wikidata.org/entity/Q35564	fr	Sérère-Léhar
http://www.wikidata.org/entity/Q35566	fr	djimu
http://www.wikidata.org/entity/Q35566	fr	dzimou
http://www.wikidata.org/entity/Q35566	fr	kooncimo
http://www.wikidata.org/entity/Q35566	fr	koozhime
http://www.wikidata.org/entity/Q35566	fr	koozime
http://www.wikidata.org/entity/Q35566	fr	kɔ́ɔzime
http://www.wikidata.org/entity/Q35566	fr	nzime
http://www.wikidata.org/entity/Q35568	fr	landouma
http://www.wikidata.org/entity/Q35568	fr	landuma
http://www.wikidata.org/entity/Q35573	fr	Huaxtèque
http://www.wikidata.org/entity/Q35573	fr	Langue huastèque
http://www.wikidata.org/entity/Q35582	fr	bekol
http://www.wikidata.org/entity/Q35582	fr	bikele
http://www.wikidata.org/entity/Q35582	fr	bikele-bikay
http://www.wikidata.org/entity/Q35582	fr	bikele-bikeng
http://www.wikidata.org/entity/Q35582	fr	bokol
http://www.wikidata.org/entity/Q3558409	fr	civili
http://www.wikidata.org/entity/Q3558409	fr	fiot
http://www.wikidata.org/entity/Q3558409	fr	fiote
http://www.wikidata.org/entity/Q3558409	fr	kivili
http://www.wikidata.org/entity/Q3558409	fr	tchivili
http://www.wikidata.org/entity/Q3558409	fr	tshivili
http://www.wikidata.org/entity/Q3558409	fr	tsivili
http://www.wikidata.org/entity/Q35588	fr	yaka-pelende-lonzo
http://www.wikidata.org/entity/Q35602	fr	Creole hawaiien
http://www.wikidata.org/entity/Q35602	fr	Créole Hawaiien
http://www.wikidata.org/entity/Q35602	fr	Pidgin hawaiien
http://www.wikidata.org/entity/Q35607	fr	ikota
http://www.wikidata.org/entity/Q35613	fr	nd
http://www.wikidata.org/entity/Q35613	fr	ndébélé du Nord
http://www.wikidata.org/entity/Q35614	fr	chiduruma
http://www.wikidata.org/entity/Q35614	fr	kiduruma
http://www.wikidata.org/entity/Q35624	fr	abakoum
http://www.wikidata.org/entity/Q35624	fr	abakum
http://www.wikidata.org/entity/Q35624	fr	akpwakum
http://www.wikidata.org/entity/Q35624	fr	bakum
http://www.wikidata.org/entity/Q35624	fr	kpakum
http://www.wikidata.org/entity/Q35624	fr	pakum
http://www.wikidata.org/entity/Q35626	fr	durop
http://www.wikidata.org/entity/Q35626	fr	durorp
http://www.wikidata.org/entity/Q35626	fr	dyurop
http://www.wikidata.org/entity/Q35626	fr	erorup
http://www.wikidata.org/entity/Q35626	fr	ododop
http://www.wikidata.org/entity/Q35632	fr	kaw
http://www.wikidata.org/entity/Q35632	fr	kosin
http://www.wikidata.org/entity/Q35632	fr	kusheen benubcouh
http://www.wikidata.org/entity/Q3565284	fr	Langalanga
http://www.wikidata.org/entity/Q3565286	fr	havasupai-walapai-yavapai
http://www.wikidata.org/entity/Q35655	fr	songhaï koyraboro senni
http://www.wikidata.org/entity/Q3566597	fr	marangis
http://www.wikidata.org/entity/Q35667	fr	ge'ez
http://www.wikidata.org/entity/Q35671	fr	kriol
http://www.wikidata.org/entity/Q3567223	fr	huron
http://www.wikidata.org/entity/Q3567223	fr	langue huronne
http://www.wikidata.org/entity/Q3567223	fr	langue wendate
http://www.wikidata.org/entity/Q35673	fr	Guerze
http://www.wikidata.org/entity/Q35673	fr	Guerzé
http://www.wikidata.org/entity/Q35673	fr	Kpelle
http://www.wikidata.org/entity/Q35679	fr	konda-dora
http://www.wikidata.org/entity/Q35685	fr	Langue kim
http://www.wikidata.org/entity/Q35696	fr	kisi
http://www.wikidata.org/entity/Q35699	fr	kuwaataay
http://www.wikidata.org/entity/Q3571238	fr	yauarana
http://www.wikidata.org/entity/Q3571238	fr	yawarana
http://www.wikidata.org/entity/Q35713	fr	krim
http://www.wikidata.org/entity/Q35716	fr	karaboro de l'Est
http://www.wikidata.org/entity/Q35726	fr	Langue étrusque
http://www.wikidata.org/entity/Q3573088	fr	Yuaga
http://www.wikidata.org/entity/Q3573266	fr	wajiara
http://www.wikidata.org/entity/Q35746	fr	Munukutuba
http://www.wikidata.org/entity/Q35748	fr	kpési
http://www.wikidata.org/entity/Q3574818	fr	Zapotèque de Quioquitani-Quierí
http://www.wikidata.org/entity/Q35755	fr	kaka
http://www.wikidata.org/entity/Q35755	fr	kakɔ
http://www.wikidata.org/entity/Q35755	fr	mkako
http://www.wikidata.org/entity/Q3575552	fr	zimé
http://www.wikidata.org/entity/Q35761	fr	berbère ancien
http://www.wikidata.org/entity/Q35761	fr	libyco-berbère
http://www.wikidata.org/entity/Q35761	fr	numidien
http://www.wikidata.org/entity/Q35761	fr	paléo-berbère
http://www.wikidata.org/entity/Q35761	fr	paléoberbère
http://www.wikidata.org/entity/Q35768	fr	Lengua de signos catalana
http://www.wikidata.org/entity/Q35768	fr	LSC
http://www.wikidata.org/entity/Q35770	fr	gbe-maxi
http://www.wikidata.org/entity/Q35770	fr	kigbe-maxi
http://www.wikidata.org/entity/Q35770	fr	mahi
http://www.wikidata.org/entity/Q35770	fr	maxi
http://www.wikidata.org/entity/Q35784	fr	Al Bayda'
http://www.wikidata.org/entity/Q35784	fr	Beda Littoria
http://www.wikidata.org/entity/Q35789	fr	ba houla
http://www.wikidata.org/entity/Q35789	fr	bola
http://www.wikidata.org/entity/Q35789	fr	mancang
http://www.wikidata.org/entity/Q35789	fr	mancanha
http://www.wikidata.org/entity/Q35789	fr	mankaañ
http://www.wikidata.org/entity/Q35789	fr	mankanha
http://www.wikidata.org/entity/Q35789	fr	mankanya
http://www.wikidata.org/entity/Q35799	fr	anta
http://www.wikidata.org/entity/Q35799	fr	banta
http://www.wikidata.org/entity/Q35799	fr	bantakpa
http://www.wikidata.org/entity/Q35799	fr	kisam
http://www.wikidata.org/entity/Q35799	fr	menta
http://www.wikidata.org/entity/Q35799	fr	tintaeman
http://www.wikidata.org/entity/Q35803	fr	makaa
http://www.wikidata.org/entity/Q35803	fr	makaa méridional
http://www.wikidata.org/entity/Q35803	fr	mekaa
http://www.wikidata.org/entity/Q35803	fr	mekaa méridional
http://www.wikidata.org/entity/Q35803	fr	mǝ́kaá
http://www.wikidata.org/entity/Q35807	fr	Lobi
http://www.wikidata.org/entity/Q35813	fr	ikpana
http://www.wikidata.org/entity/Q35814	fr	sua
http://www.wikidata.org/entity/Q35822	fr	Mandjaque
http://www.wikidata.org/entity/Q35824	fr	ELomwe
http://www.wikidata.org/entity/Q35825	fr	hulimba
http://www.wikidata.org/entity/Q35832	fr	omyene
http://www.wikidata.org/entity/Q35832	fr	omyɛnɛ
http://www.wikidata.org/entity/Q35832	fr	pangwe
http://www.wikidata.org/entity/Q35837	fr	ndoro
http://www.wikidata.org/entity/Q35837	fr	njoyame
http://www.wikidata.org/entity/Q35837	fr	nundoro
http://www.wikidata.org/entity/Q35845	fr	Istrien
http://www.wikidata.org/entity/Q35845	fr	Istrioto
http://www.wikidata.org/entity/Q35877	fr	ledo kaili
http://www.wikidata.org/entity/Q35880	fr	quechua de San Martín
http://www.wikidata.org/entity/Q35885	fr	loghoma
http://www.wikidata.org/entity/Q35885	fr	lɔghɔma
http://www.wikidata.org/entity/Q35885	fr	toma
http://www.wikidata.org/entity/Q3588942	fr	emérillon
http://www.wikidata.org/entity/Q35893	fr	langues luhia
http://www.wikidata.org/entity/Q35893	fr	langues luhya
http://www.wikidata.org/entity/Q35893	fr	langues oluluyia
http://www.wikidata.org/entity/Q35894	fr	ngoli
http://www.wikidata.org/entity/Q35894	fr	ngul
http://www.wikidata.org/entity/Q35908	fr	bimu
http://www.wikidata.org/entity/Q35908	fr	mbimou
http://www.wikidata.org/entity/Q35908	fr	mbimu
http://www.wikidata.org/entity/Q35908	fr	mpo
http://www.wikidata.org/entity/Q35908	fr	mpyemo
http://www.wikidata.org/entity/Q35913	fr	miyobe
http://www.wikidata.org/entity/Q35923	fr	inzabi
http://www.wikidata.org/entity/Q35923	fr	njebi
http://www.wikidata.org/entity/Q35923	fr	yinzɛbi
http://www.wikidata.org/entity/Q35936	fr	Ilokano
http://www.wikidata.org/entity/Q35936	fr	Iloquen
http://www.wikidata.org/entity/Q35950	fr	Chimán
http://www.wikidata.org/entity/Q35961	fr	Katharevousa
http://www.wikidata.org/entity/Q35976053	fr	Yakama
http://www.wikidata.org/entity/Q35981	fr	Kimundu
http://www.wikidata.org/entity/Q35999	fr	Anga
http://www.wikidata.org/entity/Q36	fr	la République de Pologne
http://www.wikidata.org/entity/Q36	fr	Pol.
http://www.wikidata.org/entity/Q36	fr	République de Pologne
http://www.wikidata.org/entity/Q36	fr	République polonaise
http://www.wikidata.org/entity/Q36010	fr	moba
http://www.wikidata.org/entity/Q36011	fr	mboo
http://www.wikidata.org/entity/Q36011	fr	mboó
http://www.wikidata.org/entity/Q36011	fr	sambo
http://www.wikidata.org/entity/Q36019	fr	bangangté
http://www.wikidata.org/entity/Q36019	fr	medumbà
http://www.wikidata.org/entity/Q36019	fr	medúmba
http://www.wikidata.org/entity/Q36019	fr	medúmbà
http://www.wikidata.org/entity/Q36019	fr	medùmba
http://www.wikidata.org/entity/Q36019	fr	médumba
http://www.wikidata.org/entity/Q36019	fr	médúmba
http://www.wikidata.org/entity/Q36019	fr	mëdumba
http://www.wikidata.org/entity/Q36019	fr	mëdûmba
http://www.wikidata.org/entity/Q36019	fr	mè̳dû̳mbà̳
http://www.wikidata.org/entity/Q36022	fr	gbaka minangende
http://www.wikidata.org/entity/Q36022	fr	ngbaka gbaya
http://www.wikidata.org/entity/Q3603807	fr	langue Troyenne
http://www.wikidata.org/entity/Q36051	fr	engwo
http://www.wikidata.org/entity/Q36072	fr	noni
http://www.wikidata.org/entity/Q36072	fr	noóne
http://www.wikidata.org/entity/Q36085	fr	Losso
http://www.wikidata.org/entity/Q36085	fr	Naouda
http://www.wikidata.org/entity/Q36085	fr	Naoudm
http://www.wikidata.org/entity/Q36085	fr	nawda
http://www.wikidata.org/entity/Q36085	fr	Nawdum
http://www.wikidata.org/entity/Q36096	fr	Moore
http://www.wikidata.org/entity/Q36096	fr	Moré
http://www.wikidata.org/entity/Q36121	fr	kapampángan
http://www.wikidata.org/entity/Q36121	fr	pampangan
http://www.wikidata.org/entity/Q36147	fr	lus
http://www.wikidata.org/entity/Q36149	fr	Langue mozabite
http://www.wikidata.org/entity/Q36149	fr	Mozabit
http://www.wikidata.org/entity/Q36149	fr	Tumzabt
http://www.wikidata.org/entity/Q36151	fr	nefousi
http://www.wikidata.org/entity/Q36151	fr	néfoussi
http://www.wikidata.org/entity/Q36157	fr	kiluba
http://www.wikidata.org/entity/Q36157	fr	luba-shaba
http://www.wikidata.org/entity/Q3615900	fr	mo’ang
http://www.wikidata.org/entity/Q36165	fr	songo, issongo, lissongo
http://www.wikidata.org/entity/Q36166	fr	meldpa
http://www.wikidata.org/entity/Q36170	fr	mbum
http://www.wikidata.org/entity/Q36183	fr	Maya mopán
http://www.wikidata.org/entity/Q36187	fr	minyanka
http://www.wikidata.org/entity/Q36187	fr	sénoufo-mamara
http://www.wikidata.org/entity/Q36187	fr	syènara-mamara
http://www.wikidata.org/entity/Q36199	fr	Koryak
http://www.wikidata.org/entity/Q36199	fr	Nymylan
http://www.wikidata.org/entity/Q36202	fr	Langue ladine
http://www.wikidata.org/entity/Q36218	fr	langue miyako
http://www.wikidata.org/entity/Q36218	fr	langue miyakoane
http://www.wikidata.org/entity/Q36218	fr	miyakoan
http://www.wikidata.org/entity/Q36237	fr	Mangarevien
http://www.wikidata.org/entity/Q3624	fr	Addis Abäba
http://www.wikidata.org/entity/Q3624	fr	Addis Abeba
http://www.wikidata.org/entity/Q3624	fr	Finfinne
http://www.wikidata.org/entity/Q36246	fr	dinka du Nil Blanc
http://www.wikidata.org/entity/Q36246	fr	padang
http://www.wikidata.org/entity/Q36260	fr	Faleolo
http://www.wikidata.org/entity/Q36262	fr	Saint-Jean
http://www.wikidata.org/entity/Q36266	fr	ncam
http://www.wikidata.org/entity/Q36267	fr	Pambia
http://www.wikidata.org/entity/Q36270	fr	nubaca
http://www.wikidata.org/entity/Q36274	fr	Samogho
http://www.wikidata.org/entity/Q36274	fr	Samogho-Senku
http://www.wikidata.org/entity/Q36274	fr	Samogo-Senku
http://www.wikidata.org/entity/Q36274	fr	seeku
http://www.wikidata.org/entity/Q36274	fr	Seenku
http://www.wikidata.org/entity/Q36294	fr	Sa'a
http://www.wikidata.org/entity/Q36294	fr	Ulawa
http://www.wikidata.org/entity/Q36296	fr	pinji
http://www.wikidata.org/entity/Q36304	fr	Noon
http://www.wikidata.org/entity/Q36308	fr	Saafi-saafi
http://www.wikidata.org/entity/Q36308	fr	Sérère-Safen
http://www.wikidata.org/entity/Q36334	fr	rukwángali
http://www.wikidata.org/entity/Q36337	fr	nzima
http://www.wikidata.org/entity/Q36344	fr	Birale
http://www.wikidata.org/entity/Q36344	fr	Birayle
http://www.wikidata.org/entity/Q36346	fr	Kpalaga
http://www.wikidata.org/entity/Q36353	fr	langue saho
http://www.wikidata.org/entity/Q36361	fr	angie
http://www.wikidata.org/entity/Q36361	fr	baminge
http://www.wikidata.org/entity/Q36361	fr	baninge
http://www.wikidata.org/entity/Q36361	fr	mingi
http://www.wikidata.org/entity/Q36361	fr	ngi
http://www.wikidata.org/entity/Q36361	fr	ugie
http://www.wikidata.org/entity/Q36361	fr	ungie
http://www.wikidata.org/entity/Q36368	fr	langue kurde
http://www.wikidata.org/entity/Q36375	fr	phuie
http://www.wikidata.org/entity/Q36380	fr	Compagnie de Jesus
http://www.wikidata.org/entity/Q36380	fr	Congrégation de Jésus
http://www.wikidata.org/entity/Q36380	fr	Inigiste
http://www.wikidata.org/entity/Q36380	fr	Jesuite
http://www.wikidata.org/entity/Q36380	fr	Jésuite
http://www.wikidata.org/entity/Q36380	fr	Jésuites
http://www.wikidata.org/entity/Q36380	fr	Jèzes
http://www.wikidata.org/entity/Q36380	fr	Ordre des Jésuites
http://www.wikidata.org/entity/Q36380	fr	Ordre jésuite
http://www.wikidata.org/entity/Q36380	fr	Pères Jésuites
http://www.wikidata.org/entity/Q36380	fr	S.I.
http://www.wikidata.org/entity/Q36380	fr	S.J.
http://www.wikidata.org/entity/Q36380	fr	SI
http://www.wikidata.org/entity/Q36380	fr	SJ
http://www.wikidata.org/entity/Q36380	fr	Société de Jésus
http://www.wikidata.org/entity/Q36397	fr	Pulape
http://www.wikidata.org/entity/Q36397	fr	Pulusukais
http://www.wikidata.org/entity/Q36399	fr	Province de Thua Thien Huê
http://www.wikidata.org/entity/Q36399	fr	Province de Thua Thien-Hue
http://www.wikidata.org/entity/Q36399	fr	Thua Thien
http://www.wikidata.org/entity/Q36399	fr	Thua Thiên
http://www.wikidata.org/entity/Q36399	fr	Thua Thien Hue
http://www.wikidata.org/entity/Q36399	fr	Thua Thien-Hue
http://www.wikidata.org/entity/Q36399	fr	Thừa Thien-Huế
http://www.wikidata.org/entity/Q36403	fr	chasu
http://www.wikidata.org/entity/Q36403	fr	langue asu
http://www.wikidata.org/entity/Q36403	fr	pare
http://www.wikidata.org/entity/Q36405	fr	Aberdeen City
http://www.wikidata.org/entity/Q36405	fr	Aiberdeen
http://www.wikidata.org/entity/Q36405	fr	Aiberdein
http://www.wikidata.org/entity/Q36405	fr	City of Aberdeen
http://www.wikidata.org/entity/Q36405	fr	Obar Dheathain
http://www.wikidata.org/entity/Q36408	fr	plólrì
http://www.wikidata.org/entity/Q36408	fr	pol congolais
http://www.wikidata.org/entity/Q36408	fr	pomo
http://www.wikidata.org/entity/Q36408	fr	pori
http://www.wikidata.org/entity/Q36408	fr	pul
http://www.wikidata.org/entity/Q36410	fr	Langue:Néyo
http://www.wikidata.org/entity/Q36410	fr	Neyo
http://www.wikidata.org/entity/Q36412	fr	sakapulteco
http://www.wikidata.org/entity/Q36412	fr	sakapulteko
http://www.wikidata.org/entity/Q36414	fr	poqomchi'
http://www.wikidata.org/entity/Q36416	fr	poqomam
http://www.wikidata.org/entity/Q36418	fr	akweto
http://www.wikidata.org/entity/Q36418	fr	nsari
http://www.wikidata.org/entity/Q36418	fr	pesaa
http://www.wikidata.org/entity/Q36418	fr	saari
http://www.wikidata.org/entity/Q36418	fr	sali
http://www.wikidata.org/entity/Q3642	fr	Asmera
http://www.wikidata.org/entity/Q36421	fr	Pingelapais
http://www.wikidata.org/entity/Q36430	fr	Himba
http://www.wikidata.org/entity/Q36431	fr	sighu
http://www.wikidata.org/entity/Q36443	fr	bas-allemand oriental
http://www.wikidata.org/entity/Q36444	fr	salish des côtes nord
http://www.wikidata.org/entity/Q36444	fr	salish des détroits
http://www.wikidata.org/entity/Q36444	fr	salish des détroits du Nord
http://www.wikidata.org/entity/Q36457	fr	Min Bei
http://www.wikidata.org/entity/Q36464	fr	amourique
http://www.wikidata.org/entity/Q36464	fr	guiliak
http://www.wikidata.org/entity/Q36464	fr	nivxe
http://www.wikidata.org/entity/Q36466	fr	baga sitemou
http://www.wikidata.org/entity/Q36467	fr	lorhon
http://www.wikidata.org/entity/Q36467	fr	teen
http://www.wikidata.org/entity/Q36473	fr	téké du centre
http://www.wikidata.org/entity/Q36481	fr	banda centre sud,
http://www.wikidata.org/entity/Q36510	fr	el
http://www.wikidata.org/entity/Q36510	fr	romaïque
http://www.wikidata.org/entity/Q36514	fr	Tagbana
http://www.wikidata.org/entity/Q36520	fr	Lunguyè
http://www.wikidata.org/entity/Q36538	fr	bor
http://www.wikidata.org/entity/Q36538	fr	cam
http://www.wikidata.org/entity/Q36538	fr	dinka bor
http://www.wikidata.org/entity/Q36538	fr	dinka de l'Est
http://www.wikidata.org/entity/Q36540	fr	dinka de l'Ouest
http://www.wikidata.org/entity/Q36540	fr	rek
http://www.wikidata.org/entity/Q36564	fr	tassawaq
http://www.wikidata.org/entity/Q36582	fr	Palaïtes
http://www.wikidata.org/entity/Q36584	fr	carélien d'Aunus
http://www.wikidata.org/entity/Q36584	fr	livvi
http://www.wikidata.org/entity/Q36584	fr	livvi-carélien
http://www.wikidata.org/entity/Q36586	fr	tawang
http://www.wikidata.org/entity/Q36586	fr	tawang monpa
http://www.wikidata.org/entity/Q3659	fr	Ndjamena
http://www.wikidata.org/entity/Q36590	fr	tamprusi
http://www.wikidata.org/entity/Q36593	fr	esahie
http://www.wikidata.org/entity/Q36600	fr	's Gravenhage
http://www.wikidata.org/entity/Q36600	fr	’s Gravenhage
http://www.wikidata.org/entity/Q36600	fr	's-Gravenhage
http://www.wikidata.org/entity/Q36600	fr	’s-Gravenhage
http://www.wikidata.org/entity/Q36600	fr	Den Haag
http://www.wikidata.org/entity/Q36600	fr	Haguenois
http://www.wikidata.org/entity/Q36600	fr	The Hague
http://www.wikidata.org/entity/Q36601	fr	karaboro de l'Ouest
http://www.wikidata.org/entity/Q366010	fr	Amarah
http://www.wikidata.org/entity/Q36609	fr	chango
http://www.wikidata.org/entity/Q36609	fr	sangu
http://www.wikidata.org/entity/Q36609	fr	yisangu
http://www.wikidata.org/entity/Q36613	fr	Temné
http://www.wikidata.org/entity/Q36613	fr	Themne
http://www.wikidata.org/entity/Q36613	fr	Themné
http://www.wikidata.org/entity/Q36613	fr	Themnɛ
http://www.wikidata.org/entity/Q36629	fr	givoungou
http://www.wikidata.org/entity/Q36629	fr	vungu
http://www.wikidata.org/entity/Q36643	fr	Tourka
http://www.wikidata.org/entity/Q36644	fr	Atchan
http://www.wikidata.org/entity/Q36644	fr	ébrie
http://www.wikidata.org/entity/Q36644	fr	ébrié
http://www.wikidata.org/entity/Q36644	fr	Tchabia
http://www.wikidata.org/entity/Q36644	fr	Tchabio
http://www.wikidata.org/entity/Q36645	fr	To'abaita
http://www.wikidata.org/entity/Q36645	fr	To’abaita
http://www.wikidata.org/entity/Q36646	fr	Toupouri
http://www.wikidata.org/entity/Q36646	fr	Tpuri
http://www.wikidata.org/entity/Q36647	fr	Corcaigh
http://www.wikidata.org/entity/Q36647	fr	Cork City
http://www.wikidata.org/entity/Q36665	fr	palenquera
http://www.wikidata.org/entity/Q36665	fr	suto
http://www.wikidata.org/entity/Q36673	fr	Sa’dan-toraja
http://www.wikidata.org/entity/Q36674	fr	ghetchôghô
http://www.wikidata.org/entity/Q36674	fr	ghetsogho
http://www.wikidata.org/entity/Q36682	fr	Fakatikopia
http://www.wikidata.org/entity/Q36682	fr	Tikopien
http://www.wikidata.org/entity/Q36686	fr	teco
http://www.wikidata.org/entity/Q36686	fr	teko
http://www.wikidata.org/entity/Q36686	fr	tektiteko
http://www.wikidata.org/entity/Q36686	fr	tektitèque
http://www.wikidata.org/entity/Q36691	fr	Kisakata
http://www.wikidata.org/entity/Q36699	fr	pijin
http://www.wikidata.org/entity/Q36705	fr	Cant
http://www.wikidata.org/entity/Q36705	fr	Gamin
http://www.wikidata.org/entity/Q36705	fr	Gammon
http://www.wikidata.org/entity/Q36705	fr	Tarri
http://www.wikidata.org/entity/Q36728	fr	uspanteko
http://www.wikidata.org/entity/Q36734	fr	Phenicien
http://www.wikidata.org/entity/Q36734	fr	Phénicienne
http://www.wikidata.org/entity/Q36734	fr	Phoenicien
http://www.wikidata.org/entity/Q3674	fr	Ville de Niamey
http://www.wikidata.org/entity/Q36743	fr	nganasan
http://www.wikidata.org/entity/Q36743	fr	nganassan
http://www.wikidata.org/entity/Q36746	fr	Pascuan
http://www.wikidata.org/entity/Q36746	fr	Rapanoui
http://www.wikidata.org/entity/Q36785	fr	Ndebele du Sud
http://www.wikidata.org/entity/Q36785	fr	Ndébélé du sud
http://www.wikidata.org/entity/Q36785	fr	nr
http://www.wikidata.org/entity/Q36809	fr	tsotsil
http://www.wikidata.org/entity/Q36811	fr	soranî
http://www.wikidata.org/entity/Q36837	fr	faga uvea
http://www.wikidata.org/entity/Q36837	fr	faga-uvea
http://www.wikidata.org/entity/Q36842	fr	Ulithian
http://www.wikidata.org/entity/Q36842	fr	Ulithien
http://www.wikidata.org/entity/Q36867	fr	udi
http://www.wikidata.org/entity/Q36871	fr	Langues vénétiques
http://www.wikidata.org/entity/Q36871	fr	Venete
http://www.wikidata.org/entity/Q36871	fr	Vénéte
http://www.wikidata.org/entity/Q36871	fr	Vénétique
http://www.wikidata.org/entity/Q36902	fr	ciyao
http://www.wikidata.org/entity/Q36902	fr	ciyawo
http://www.wikidata.org/entity/Q36902	fr	yao
http://www.wikidata.org/entity/Q36935	fr	mey
http://www.wikidata.org/entity/Q36935	fr	wamey
http://www.wikidata.org/entity/Q36937	fr	kowilth
http://www.wikidata.org/entity/Q36937	fr	kowith
http://www.wikidata.org/entity/Q36937	fr	sulatelak
http://www.wikidata.org/entity/Q36937	fr	sulateluk
http://www.wikidata.org/entity/Q36937	fr	viard
http://www.wikidata.org/entity/Q36937	fr	weeyot
http://www.wikidata.org/entity/Q36937	fr	weiyot
http://www.wikidata.org/entity/Q36937	fr	weott
http://www.wikidata.org/entity/Q36937	fr	weyot
http://www.wikidata.org/entity/Q36937	fr	wischosk
http://www.wikidata.org/entity/Q36937	fr	wishosk
http://www.wikidata.org/entity/Q36937	fr	wišosk
http://www.wikidata.org/entity/Q36937	fr	wiyat
http://www.wikidata.org/entity/Q36937	fr	wiyok
http://www.wikidata.org/entity/Q36937	fr	wiyoshk
http://www.wikidata.org/entity/Q36941	fr	Tzut'ujil
http://www.wikidata.org/entity/Q36941	fr	Tzutu'jil
http://www.wikidata.org/entity/Q36941	fr	Tzutujil
http://www.wikidata.org/entity/Q36943	fr	wolaytta
http://www.wikidata.org/entity/Q36948	fr	Lu
http://www.wikidata.org/entity/Q36948	fr	Thaï Lu
http://www.wikidata.org/entity/Q3695207	fr	kheng
http://www.wikidata.org/entity/Q36953	fr	eyáns
http://www.wikidata.org/entity/Q36953	fr	kiyansi
http://www.wikidata.org/entity/Q36953	fr	yanzi
http://www.wikidata.org/entity/Q36962	fr	Chavante
http://www.wikidata.org/entity/Q36962	fr	Xavante
http://www.wikidata.org/entity/Q36994	fr	Judéo-français
http://www.wikidata.org/entity/Q37	fr	la République de Lituanie
http://www.wikidata.org/entity/Q37	fr	Lithuanie
http://www.wikidata.org/entity/Q37	fr	République de Lituanie
http://www.wikidata.org/entity/Q37005	fr	zénaga
http://www.wikidata.org/entity/Q37007	fr	béra
http://www.wikidata.org/entity/Q37007	fr	beri
http://www.wikidata.org/entity/Q37007	fr	beri-aa
http://www.wikidata.org/entity/Q37007	fr	beria
http://www.wikidata.org/entity/Q37007	fr	berri
http://www.wikidata.org/entity/Q37007	fr	bideyat
http://www.wikidata.org/entity/Q37007	fr	kebadi
http://www.wikidata.org/entity/Q37007	fr	kuyuk
http://www.wikidata.org/entity/Q37007	fr	merida
http://www.wikidata.org/entity/Q37007	fr	soghaua
http://www.wikidata.org/entity/Q37007	fr	zagaoua
http://www.wikidata.org/entity/Q37007	fr	zagawa
http://www.wikidata.org/entity/Q37007	fr	zaghawa
http://www.wikidata.org/entity/Q37007	fr	zauge
http://www.wikidata.org/entity/Q37007	fr	zeggaoua
http://www.wikidata.org/entity/Q37007	fr	zeghawa
http://www.wikidata.org/entity/Q37007	fr	zorhaua
http://www.wikidata.org/entity/Q37010	fr	kizugua
http://www.wikidata.org/entity/Q37010	fr	mushunguli
http://www.wikidata.org/entity/Q37010	fr	zigua
http://www.wikidata.org/entity/Q37059	fr	Bishnupriya
http://www.wikidata.org/entity/Q37059	fr	bpy
http://www.wikidata.org/entity/Q37100	fr	Ākarana
http://www.wikidata.org/entity/Q37100	fr	Auckland City
http://www.wikidata.org/entity/Q37100	fr	District d'Auckland
http://www.wikidata.org/entity/Q37100	fr	Tāmaki Makaurau
http://www.wikidata.org/entity/Q37104	fr	district d'Alajuela
http://www.wikidata.org/entity/Q371522	fr	Göteborgs universitet
http://www.wikidata.org/entity/Q3726	fr	Bathurst
http://www.wikidata.org/entity/Q37300	fr	britto-roman
http://www.wikidata.org/entity/Q37300	fr	gallot
http://www.wikidata.org/entity/Q37300	fr	langue gallèse
http://www.wikidata.org/entity/Q373059	fr	Zywiec
http://www.wikidata.org/entity/Q3739	fr	Bissao
http://www.wikidata.org/entity/Q3739448	fr	olunyole
http://www.wikidata.org/entity/Q37400	fr	Nay Pyi Daw
http://www.wikidata.org/entity/Q37400	fr	Naypidaw
http://www.wikidata.org/entity/Q37400	fr	Pyinmana
http://www.wikidata.org/entity/Q37400	fr	နေပြည်တော်
http://www.wikidata.org/entity/Q3740241	fr	gisu
http://www.wikidata.org/entity/Q3740241	fr	masaaba
http://www.wikidata.org/entity/Q374465	fr	Medgyes
http://www.wikidata.org/entity/Q374465	fr	Mediaş
http://www.wikidata.org/entity/Q374748	fr	Djénine
http://www.wikidata.org/entity/Q374748	fr	Jenine
http://www.wikidata.org/entity/Q37548	fr	Northeastern University
http://www.wikidata.org/entity/Q3766	fr	Dimashq
http://www.wikidata.org/entity/Q3766	fr	Dimashq ach-Cham
http://www.wikidata.org/entity/Q376903	fr	Velledupar
http://www.wikidata.org/entity/Q37733	fr	judeo-arabe
http://www.wikidata.org/entity/Q378014	fr	UAQ
http://www.wikidata.org/entity/Q37806	fr	Port Vila
http://www.wikidata.org/entity/Q37806	fr	Port-vila
http://www.wikidata.org/entity/Q3780954	fr	dciriku
http://www.wikidata.org/entity/Q3780954	fr	gciriku
http://www.wikidata.org/entity/Q378821	fr	Hohensalza
http://www.wikidata.org/entity/Q378821	fr	Jungbreslau
http://www.wikidata.org/entity/Q3792	fr	Lomé la belle
http://www.wikidata.org/entity/Q37995	fr	Rangoon
http://www.wikidata.org/entity/Q37995	fr	Yangon
http://www.wikidata.org/entity/Q38	fr	It.
http://www.wikidata.org/entity/Q38	fr	Ita.
http://www.wikidata.org/entity/Q38	fr	Ital.
http://www.wikidata.org/entity/Q38	fr	la République italienne
http://www.wikidata.org/entity/Q38	fr	République italienne
http://www.wikidata.org/entity/Q38076	fr	Mac do
http://www.wikidata.org/entity/Q38076	fr	Mac Donald
http://www.wikidata.org/entity/Q38076	fr	Mac Donald's
http://www.wikidata.org/entity/Q38076	fr	Mac Donalds
http://www.wikidata.org/entity/Q38076	fr	MacDo
http://www.wikidata.org/entity/Q38076	fr	MacDonald's
http://www.wikidata.org/entity/Q38076	fr	Mc donald
http://www.wikidata.org/entity/Q38076	fr	Mc Donald's
http://www.wikidata.org/entity/Q38076	fr	Mc Donald’s
http://www.wikidata.org/entity/Q38076	fr	Mcdo
http://www.wikidata.org/entity/Q3808	fr	Yaounde, Ongola
http://www.wikidata.org/entity/Q3832950	fr	nahuatl de Huaxcaleca
http://www.wikidata.org/entity/Q3832950	fr	nahuatl du Huasteca
http://www.wikidata.org/entity/Q3832970	fr	chiute
http://www.wikidata.org/entity/Q3832970	fr	ciute
http://www.wikidata.org/entity/Q3832970	fr	ciutee
http://www.wikidata.org/entity/Q3832970	fr	teve
http://www.wikidata.org/entity/Q3832970	fr	vateve
http://www.wikidata.org/entity/Q3832970	fr	wateve
http://www.wikidata.org/entity/Q3832982	fr	ani
http://www.wikidata.org/entity/Q383701	fr	aché
http://www.wikidata.org/entity/Q38380	fr	Fruits-Sucrés
http://www.wikidata.org/entity/Q38380	fr	Gaie-Vallée
http://www.wikidata.org/entity/Q38380	fr	Peu-de-Fonds
http://www.wikidata.org/entity/Q384544	fr	Karlovy Vary
http://www.wikidata.org/entity/Q384544	fr	Karlsbad
http://www.wikidata.org/entity/Q385	fr	Gdingen
http://www.wikidata.org/entity/Q38511	fr	Åbo
http://www.wikidata.org/entity/Q3854	fr	Buja
http://www.wikidata.org/entity/Q386991	fr	Torreon
http://www.wikidata.org/entity/Q387396	fr	Schweidnitz
http://www.wikidata.org/entity/Q387396	fr	Swidnica
http://www.wikidata.org/entity/Q38811	fr	An-Nasiriya
http://www.wikidata.org/entity/Q38811	fr	Nasiriyah
http://www.wikidata.org/entity/Q38811	fr	Nassiriyah
http://www.wikidata.org/entity/Q38834	fr	Nuku'alofa
http://www.wikidata.org/entity/Q38834	fr	Nuku’alofa
http://www.wikidata.org/entity/Q38834	fr	Nukualofa
http://www.wikidata.org/entity/Q3889	fr	Lourenço Marques
http://www.wikidata.org/entity/Q389827	fr	paumarí
http://www.wikidata.org/entity/Q39	fr	Confédération helvétique
http://www.wikidata.org/entity/Q39	fr	Confédération suisse
http://www.wikidata.org/entity/Q39	fr	Helvétie
http://www.wikidata.org/entity/Q39	fr	la Confédération suisse
http://www.wikidata.org/entity/Q3904	fr	Mbabané
http://www.wikidata.org/entity/Q391028	fr	Université de Colombie-Britannique
http://www.wikidata.org/entity/Q391028	fr	Université de la Colombie Britannique
http://www.wikidata.org/entity/Q391028	fr	Universite de la Colombie-Britannique
http://www.wikidata.org/entity/Q391028	fr	Université of British Columbia
http://www.wikidata.org/entity/Q391028	fr	University of British Columbia
http://www.wikidata.org/entity/Q3912876	fr	langue jemez
http://www.wikidata.org/entity/Q3912876	fr	langue towa
http://www.wikidata.org/entity/Q3912876	fr	towa
http://www.wikidata.org/entity/Q3913314	fr	dogose
http://www.wikidata.org/entity/Q3913314	fr	dɔgɔsɛ
http://www.wikidata.org/entity/Q3913317	fr	gagou
http://www.wikidata.org/entity/Q3913317	fr	gagu
http://www.wikidata.org/entity/Q3913339	fr	Nzakara
http://www.wikidata.org/entity/Q3913837	fr	karajarri
http://www.wikidata.org/entity/Q3913961	fr	kiloma
http://www.wikidata.org/entity/Q3913961	fr	lomakka
http://www.wikidata.org/entity/Q3914459	fr	gadé
http://www.wikidata.org/entity/Q3914630	fr	chong de Chanthaburi
http://www.wikidata.org/entity/Q3914867	fr	kwadia
http://www.wikidata.org/entity/Q3914874	fr	cefo
http://www.wikidata.org/entity/Q3914927	fr	ega
http://www.wikidata.org/entity/Q3914934	fr	wapha
http://www.wikidata.org/entity/Q3914941	fr	mbato
http://www.wikidata.org/entity/Q3915322	fr	maasinankoore
http://www.wikidata.org/entity/Q3915322	fr	macina
http://www.wikidata.org/entity/Q3915334	fr	Kisanga
http://www.wikidata.org/entity/Q3915347	fr	beti
http://www.wikidata.org/entity/Q3915412	fr	kumbainggar
http://www.wikidata.org/entity/Q3915427	fr	chichimeco-jonaz
http://www.wikidata.org/entity/Q3915427	fr	chichimèque jonaz
http://www.wikidata.org/entity/Q3915451	fr	gbagyi-gbari
http://www.wikidata.org/entity/Q3915506	fr	guajá
http://www.wikidata.org/entity/Q3915511	fr	LSM
http://www.wikidata.org/entity/Q3915581	fr	guaymí
http://www.wikidata.org/entity/Q3915654	fr	munichi
http://www.wikidata.org/entity/Q3915654	fr	otanabe
http://www.wikidata.org/entity/Q3915677	fr	umbuygamu
http://www.wikidata.org/entity/Q3915695	fr	wik-ngathana
http://www.wikidata.org/entity/Q3915794	fr	hre
http://www.wikidata.org/entity/Q3915848	fr	yekhee
http://www.wikidata.org/entity/Q3915851	fr	jèmé
http://www.wikidata.org/entity/Q3915999	fr	mazatèque des basses terres
http://www.wikidata.org/entity/Q39178	fr	Port d'Espagne
http://www.wikidata.org/entity/Q39178	fr	Port of Spain
http://www.wikidata.org/entity/Q39178	fr	Port-of-Spain
http://www.wikidata.org/entity/Q39178	fr	TTPP
http://www.wikidata.org/entity/Q392667	fr	Wake Forest
http://www.wikidata.org/entity/Q3929	fr	Port Louis
http://www.wikidata.org/entity/Q393	fr	Stettin
http://www.wikidata.org/entity/Q393	fr	Sztetëno
http://www.wikidata.org/entity/Q393171	fr	Sohrau
http://www.wikidata.org/entity/Q393171	fr	Zory
http://www.wikidata.org/entity/Q3932	fr	Saint-Thomas
http://www.wikidata.org/entity/Q3932	fr	Sao Tomé
http://www.wikidata.org/entity/Q3935	fr	ߣߊߡߓߌ߫ ߞߎߓߋߛߏ
http://www.wikidata.org/entity/Q393829	fr	Marsa Matrouh
http://www.wikidata.org/entity/Q393829	fr	Marsa-Matrouh
http://www.wikidata.org/entity/Q393829	fr	Matruh
http://www.wikidata.org/entity/Q393829	fr	Mersa Matruh
http://www.wikidata.org/entity/Q3940	fr	L'Établissement
http://www.wikidata.org/entity/Q394080	fr	Bani Suwayf
http://www.wikidata.org/entity/Q394080	fr	Beni Souef
http://www.wikidata.org/entity/Q394080	fr	Béni Souef
http://www.wikidata.org/entity/Q394080	fr	Beni-Suef
http://www.wikidata.org/entity/Q3944007	fr	kirmanjki
http://www.wikidata.org/entity/Q39583	fr	B'Kara
http://www.wikidata.org/entity/Q397	fr	langue latine
http://www.wikidata.org/entity/Q398	fr	BH
http://www.wikidata.org/entity/Q398	fr	le Royaume de Bahreïn
http://www.wikidata.org/entity/Q398	fr	Royaume de Bahreïn
http://www.wikidata.org/entity/Q399	fr	Armenie
http://www.wikidata.org/entity/Q399	fr	République d'Arménie
http://www.wikidata.org/entity/Q3992	fr	Athènes du Nord
http://www.wikidata.org/entity/Q3992	fr	Cité Ardente
http://www.wikidata.org/entity/Q3992	fr	Cité Mosane
http://www.wikidata.org/entity/Q3992	fr	Fille de l'Église romaine
http://www.wikidata.org/entity/Q3992	fr	La fille ainée de Rome
http://www.wikidata.org/entity/Q3992	fr	La ville aux 100 clochers
http://www.wikidata.org/entity/Q39920	fr	UKIS
http://www.wikidata.org/entity/Q39920	fr	université Kim Il Sung
http://www.wikidata.org/entity/Q40	fr	République d'Autriche
http://www.wikidata.org/entity/Q40104	fr	Aiaccio
http://www.wikidata.org/entity/Q40104	fr	Espace urbain d'Ajaccio
http://www.wikidata.org/entity/Q40194	fr	Mazatlan
http://www.wikidata.org/entity/Q4024	fr	Francfort, Brandebourg
http://www.wikidata.org/entity/Q403	fr	République de Serbie
http://www.wikidata.org/entity/Q406402	fr	Université de Mumbai
http://www.wikidata.org/entity/Q40738	fr	Brousse
http://www.wikidata.org/entity/Q40738	fr	Pruse
http://www.wikidata.org/entity/Q408	fr	Commonwealth d'Australie
http://www.wikidata.org/entity/Q408	fr	l'Australie
http://www.wikidata.org/entity/Q408	fr	Nouvelle-Hollande
http://www.wikidata.org/entity/Q40811	fr	Sokhoumi
http://www.wikidata.org/entity/Q40811	fr	Soukhoum
http://www.wikidata.org/entity/Q40811	fr	Suhumi
http://www.wikidata.org/entity/Q40811	fr	Sukhumi
http://www.wikidata.org/entity/Q40811	fr	Tskhoumi
http://www.wikidata.org/entity/Q40811	fr	Аҟəа
http://www.wikidata.org/entity/Q40811	fr	სოხუმი
http://www.wikidata.org/entity/Q40816	fr	Banghazi
http://www.wikidata.org/entity/Q40816	fr	Benina
http://www.wikidata.org/entity/Q40840	fr	Tammerfors
http://www.wikidata.org/entity/Q40844	fr	Breda
http://www.wikidata.org/entity/Q41	fr	Grece
http://www.wikidata.org/entity/Q41	fr	Hellas, Grèce
http://www.wikidata.org/entity/Q41	fr	République hellénique
http://www.wikidata.org/entity/Q41183	fr	Aleppo
http://www.wikidata.org/entity/Q41252	fr	Bromberg
http://www.wikidata.org/entity/Q41252	fr	Bydgostia
http://www.wikidata.org/entity/Q41278	fr	Ville métropolitaine de Ulsan
http://www.wikidata.org/entity/Q414	fr	Arg.
http://www.wikidata.org/entity/Q414	fr	la République argentine
http://www.wikidata.org/entity/Q414	fr	République argentine
http://www.wikidata.org/entity/Q414219	fr	Académie de Vienne
http://www.wikidata.org/entity/Q414219	fr	Academie des Beaux-Arts de Vienne
http://www.wikidata.org/entity/Q414219	fr	Académie des beaux-arts de vienne
http://www.wikidata.org/entity/Q414219	fr	Académie Des Beaux-Arts De Vienne
http://www.wikidata.org/entity/Q414219	fr	Akademie der bildenden Künste
http://www.wikidata.org/entity/Q414219	fr	Akademie der bildenden Künste Wien
http://www.wikidata.org/entity/Q4144560	fr	Loki
http://www.wikidata.org/entity/Q414464	fr	Académie de Gunde-Shapur
http://www.wikidata.org/entity/Q414464	fr	Academie de Gundishapur
http://www.wikidata.org/entity/Q414464	fr	Académie de gundishapur
http://www.wikidata.org/entity/Q414464	fr	Académie De Gundishapur
http://www.wikidata.org/entity/Q414481	fr	Academie royale d'Abo
http://www.wikidata.org/entity/Q414481	fr	Académie royale d'åbo
http://www.wikidata.org/entity/Q414481	fr	Académie Royale D'Åbo
http://www.wikidata.org/entity/Q414481	fr	Académie royale de Turku
http://www.wikidata.org/entity/Q41483	fr	Bon, la Brute et le Truand
http://www.wikidata.org/entity/Q41483	fr	Il Buono, il brutto, il cattivo
http://www.wikidata.org/entity/Q41483	fr	Le bon la brute et le truand
http://www.wikidata.org/entity/Q41483	fr	The Good, the Bad and the Ugly
http://www.wikidata.org/entity/Q41496	fr	Tanjavur
http://www.wikidata.org/entity/Q41496	fr	Tanjore
http://www.wikidata.org/entity/Q41547	fr	Saint George's
http://www.wikidata.org/entity/Q41547	fr	St. George's
http://www.wikidata.org/entity/Q41550	fr	O.C.D.E
http://www.wikidata.org/entity/Q41550	fr	O.C.D.E.
http://www.wikidata.org/entity/Q41550	fr	Observateur de l'OCDE
http://www.wikidata.org/entity/Q41550	fr	OCDE
http://www.wikidata.org/entity/Q41550	fr	ORGANIS COOPERATION DEVELOPP ECONOMIQUE
http://www.wikidata.org/entity/Q41562	fr	Tuticorin
http://www.wikidata.org/entity/Q41574	fr	PL-SQL
http://www.wikidata.org/entity/Q4159744	fr	jakati
http://www.wikidata.org/entity/Q41621	fr	Haifa
http://www.wikidata.org/entity/Q41621	fr	Kaïffa
http://www.wikidata.org/entity/Q4175893	fr	lakher
http://www.wikidata.org/entity/Q41843	fr	Beer Sheva
http://www.wikidata.org/entity/Q41843	fr	Beersheba
http://www.wikidata.org/entity/Q41843	fr	Beersheeva
http://www.wikidata.org/entity/Q41843	fr	Beersheva
http://www.wikidata.org/entity/Q41843	fr	Bersabée
http://www.wikidata.org/entity/Q419	fr	pe
http://www.wikidata.org/entity/Q419	fr	Perou
http://www.wikidata.org/entity/Q419	fr	République du Pérou
http://www.wikidata.org/entity/Q42051	fr	La Guerre des étoiles, épisode III : La Revanche des Sith
http://www.wikidata.org/entity/Q42051	fr	La Revanche des Sith
http://www.wikidata.org/entity/Q421739	fr	UNED
http://www.wikidata.org/entity/Q423	fr	Corée Du Nord
http://www.wikidata.org/entity/Q423	fr	kp
http://www.wikidata.org/entity/Q423	fr	la République populaire démocratique de Corée
http://www.wikidata.org/entity/Q423	fr	République populaire de Corée
http://www.wikidata.org/entity/Q423	fr	République populaire démocratique de Corée
http://www.wikidata.org/entity/Q423	fr	RPDC
http://www.wikidata.org/entity/Q42365276	fr	popoloca de Santa Ines Ahuatempan
http://www.wikidata.org/entity/Q42369	fr	Festival du film de Cannes de
http://www.wikidata.org/entity/Q42369	fr	Festival international du film de
http://www.wikidata.org/entity/Q42369	fr	Festival international du film de Cannes de
http://www.wikidata.org/entity/Q424	fr	le Royaume du Cambodge
http://www.wikidata.org/entity/Q424	fr	Royaume du Cambodge
http://www.wikidata.org/entity/Q4251381	fr	qoqmončaq
http://www.wikidata.org/entity/Q42589412	fr	muria occidental lointain
http://www.wikidata.org/entity/Q42763	fr	Saint-Yague
http://www.wikidata.org/entity/Q42763	fr	Santiago
http://www.wikidata.org/entity/Q42780	fr	Ning Po
http://www.wikidata.org/entity/Q42780	fr	Ning-pho
http://www.wikidata.org/entity/Q42780	fr	Ningpo
http://www.wikidata.org/entity/Q428136	fr	université Ez-Zitouna
http://www.wikidata.org/entity/Q428136	fr	Zitouna
http://www.wikidata.org/entity/Q4286473	fr	mbɛlimɛ
http://www.wikidata.org/entity/Q42908	fr	Anséatique
http://www.wikidata.org/entity/Q42908	fr	Cité hanséatique
http://www.wikidata.org/entity/Q42908	fr	Hanséatique
http://www.wikidata.org/entity/Q42908	fr	La Hanse
http://www.wikidata.org/entity/Q42908	fr	Ligue Hanséatique
http://www.wikidata.org/entity/Q42908	fr	Villes hanséatiques
http://www.wikidata.org/entity/Q42941	fr	Âgrâ
http://www.wikidata.org/entity/Q42941	fr	Āgrā
http://www.wikidata.org/entity/Q42956	fr	Ha Rebin
http://www.wikidata.org/entity/Q42956	fr	Kharbin
http://www.wikidata.org/entity/Q42956	fr	Kharbine
http://www.wikidata.org/entity/Q42979	fr	Beginner's All-purpose Symbolic Instruction Code
http://www.wikidata.org/entity/Q42979	fr	ISO 10279
http://www.wikidata.org/entity/Q42979	fr	Langage BASIC
http://www.wikidata.org/entity/Q43	fr	la République de Turquie
http://www.wikidata.org/entity/Q43	fr	République de Turquie
http://www.wikidata.org/entity/Q43	fr	République turque
http://www.wikidata.org/entity/Q43	fr	Turq
http://www.wikidata.org/entity/Q430138	fr	picène du nord
http://www.wikidata.org/entity/Q43195708	fr	yidich d'Europe
http://www.wikidata.org/entity/Q43195791	fr	Yidich d'Israël
http://www.wikidata.org/entity/Q432475	fr	Canterbury College
http://www.wikidata.org/entity/Q432475	fr	Te Whare Wānanga o Waitaha
http://www.wikidata.org/entity/Q43387	fr	Adrianople
http://www.wikidata.org/entity/Q43387	fr	Adrianopole
http://www.wikidata.org/entity/Q43387	fr	Andrinople
http://www.wikidata.org/entity/Q43387	fr	Hadrianopolis
http://www.wikidata.org/entity/Q43387	fr	Odrin
http://www.wikidata.org/entity/Q43433	fr	Chandīgarh
http://www.wikidata.org/entity/Q43433	fr	IN-CH
http://www.wikidata.org/entity/Q43453	fr	Plzen
http://www.wikidata.org/entity/Q43453	fr	Plzeň
http://www.wikidata.org/entity/Q43509	fr	Santiago de Guayaquil
http://www.wikidata.org/entity/Q43631	fr	Leide
http://www.wikidata.org/entity/Q43631	fr	Leiden
http://www.wikidata.org/entity/Q43631	fr	Leyden
http://www.wikidata.org/entity/Q437	fr	Aemona
http://www.wikidata.org/entity/Q437	fr	Laibach
http://www.wikidata.org/entity/Q437	fr	Laybach
http://www.wikidata.org/entity/Q437	fr	Lioubiana
http://www.wikidata.org/entity/Q437	fr	Lioubliana
http://www.wikidata.org/entity/Q437	fr	Loubiana
http://www.wikidata.org/entity/Q4380827	fr	zh-tw
http://www.wikidata.org/entity/Q4380827	fr	zh-TW
http://www.wikidata.org/entity/Q44294	fr	Compagnie Ford
http://www.wikidata.org/entity/Q44294	fr	Ford Australia
http://www.wikidata.org/entity/Q443089	fr	Ancien néerlandais
http://www.wikidata.org/entity/Q443089	fr	Vieux bas franconien occidental
http://www.wikidata.org/entity/Q4477735	fr	afra
http://www.wikidata.org/entity/Q45	fr	République portugaise
http://www.wikidata.org/entity/Q450625	fr	Municipalité d'Alytus-ville
http://www.wikidata.org/entity/Q45197	fr	Schwientochlowitz
http://www.wikidata.org/entity/Q45197	fr	Swietochlowice
http://www.wikidata.org/entity/Q45197	fr	Śwjyntochlowice
http://www.wikidata.org/entity/Q45301	fr	Trabzon
http://www.wikidata.org/entity/Q45301	fr	Trapézonte
http://www.wikidata.org/entity/Q45313	fr	Harat
http://www.wikidata.org/entity/Q45313	fr	Herat
http://www.wikidata.org/entity/Q45313	fr	Hérât
http://www.wikidata.org/entity/Q45604	fr	Kandahar
http://www.wikidata.org/entity/Q45604	fr	Kandahār
http://www.wikidata.org/entity/Q45604	fr	Qandahar
http://www.wikidata.org/entity/Q45604	fr	Qandahār
http://www.wikidata.org/entity/Q459369	fr	Masuku
http://www.wikidata.org/entity/Q45942	fr	Bône
http://www.wikidata.org/entity/Q45942	fr	Bouna
http://www.wikidata.org/entity/Q459495	fr	Besiktas
http://www.wikidata.org/entity/Q459600	fr	Wagga
http://www.wikidata.org/entity/Q459714	fr	Hastinapur
http://www.wikidata.org/entity/Q459714	fr	Hastinapura
http://www.wikidata.org/entity/Q459714	fr	Hastinâpura
http://www.wikidata.org/entity/Q461287	fr	Ostroleka
http://www.wikidata.org/entity/Q461287	fr	Ostrolenka
http://www.wikidata.org/entity/Q4629	fr	Surat
http://www.wikidata.org/entity/Q4629	fr	Sûrat
http://www.wikidata.org/entity/Q463165	fr	Sault Sainte-Marie
http://www.wikidata.org/entity/Q463165	fr	Sault Ste Marie
http://www.wikidata.org/entity/Q463165	fr	Sault Ste. Marie
http://www.wikidata.org/entity/Q463384	fr	Bulqiza
http://www.wikidata.org/entity/Q46441	fr	feuilles de style en cascade
http://www.wikidata.org/entity/Q464699	fr	Bahar Dar
http://www.wikidata.org/entity/Q464699	fr	Bahir Dar
http://www.wikidata.org/entity/Q465698	fr	Segewold
http://www.wikidata.org/entity/Q466221	fr	Silhet
http://www.wikidata.org/entity/Q4670066	fr	tamaceq
http://www.wikidata.org/entity/Q4670066	fr	tamacheq
http://www.wikidata.org/entity/Q46702	fr	Cavaia
http://www.wikidata.org/entity/Q46702	fr	Kavaja
http://www.wikidata.org/entity/Q46702	fr	Kavaje
http://www.wikidata.org/entity/Q46702	fr	Ville de Kavajë
http://www.wikidata.org/entity/Q4670715	fr	arapesh abu’
http://www.wikidata.org/entity/Q46717	fr	La Malédiction du Black Pearl
http://www.wikidata.org/entity/Q46717	fr	Pirates des Caraïbes : La malédiction de la Perle Noire
http://www.wikidata.org/entity/Q46717	fr	Pirates des Caraïbes 1 : La malédiction du Black Pearl
http://www.wikidata.org/entity/Q46717	fr	Pirates des Caraibes, la malediction du Black Pearl
http://www.wikidata.org/entity/Q46717	fr	Pirates des caraïbes, la malédiction du black pearl
http://www.wikidata.org/entity/Q46717	fr	Pirates des Caraïbes: La Malédiction de la Perle Noire
http://www.wikidata.org/entity/Q46717	fr	Pirates of the Caribbean: The Curse of the Black Pearl
http://www.wikidata.org/entity/Q46728	fr	hif
http://www.wikidata.org/entity/Q467501	fr	Khorugh
http://www.wikidata.org/entity/Q4696964	fr	rounga-kibet
http://www.wikidata.org/entity/Q4699269	fr	berbère des Aït Seghrouchen
http://www.wikidata.org/entity/Q47010865	fr	lək̓ʷəŋəŋ
http://www.wikidata.org/entity/Q47010865	fr	lək̓ʷəŋiʔnəŋ
http://www.wikidata.org/entity/Q47010865	fr	songish
http://www.wikidata.org/entity/Q47012824	fr	xws7ámeshqen
http://www.wikidata.org/entity/Q47012824	fr	xwsámeshqen
http://www.wikidata.org/entity/Q47012992	fr	Tommo So
http://www.wikidata.org/entity/Q47015522	fr	nyoro-tooro
http://www.wikidata.org/entity/Q47015522	fr	runyoro-rutooro
http://www.wikidata.org/entity/Q4701931	fr	sepen
http://www.wikidata.org/entity/Q47034	fr	Esbo
http://www.wikidata.org/entity/Q470445	fr	Coupe Nokia
http://www.wikidata.org/entity/Q470445	fr	Prossnitz
http://www.wikidata.org/entity/Q470445	fr	Proßnitz
http://www.wikidata.org/entity/Q470445	fr	Prostejov
http://www.wikidata.org/entity/Q47048	fr	Uleåborg
http://www.wikidata.org/entity/Q47092323	fr	zapotèque de San Lucas Quiaviní
http://www.wikidata.org/entity/Q47093071	fr	Yawdanchi
http://www.wikidata.org/entity/Q4709425	fr	Zapotèque d'Albarradas
http://www.wikidata.org/entity/Q4709467	fr	bicolano d'Albay
http://www.wikidata.org/entity/Q4709467	fr	bikol d'Albay
http://www.wikidata.org/entity/Q4709467	fr	bikolano d'Albay
http://www.wikidata.org/entity/Q47138	fr	Encarnacion
http://www.wikidata.org/entity/Q47282	fr	Osh
http://www.wikidata.org/entity/Q47282	fr	Uch
http://www.wikidata.org/entity/Q47282	fr	Ush
http://www.wikidata.org/entity/Q472822	fr	Grindavik
http://www.wikidata.org/entity/Q4734726	fr	zapoteco de Aloápam
http://www.wikidata.org/entity/Q473914	fr	Ville d'Ibiza
http://www.wikidata.org/entity/Q4740613	fr	dizhze
http://www.wikidata.org/entity/Q4740613	fr	zapotèque de Miahuatlán du Nord-Est
http://www.wikidata.org/entity/Q4740613	fr	zapotèque de San Cristóbal Amatlán
http://www.wikidata.org/entity/Q474651	fr	Gjakove
http://www.wikidata.org/entity/Q474651	fr	Gjakovë
http://www.wikidata.org/entity/Q474868	fr	Alor Star
http://www.wikidata.org/entity/Q47492	fr	Ghazzah
http://www.wikidata.org/entity/Q47492	fr	Ville de Gaza
http://www.wikidata.org/entity/Q4750346	fr	ana tiŋa
http://www.wikidata.org/entity/Q47554	fr	Thorn
http://www.wikidata.org/entity/Q475700	fr	UCO
http://www.wikidata.org/entity/Q475700	fr	Universiteit van Wes-Kaapland
http://www.wikidata.org/entity/Q475700	fr	University of the Western Cape
http://www.wikidata.org/entity/Q475700	fr	UWC
http://www.wikidata.org/entity/Q475700	fr	UWK
http://www.wikidata.org/entity/Q47607	fr	langage SQL
http://www.wikidata.org/entity/Q47607	fr	langage structuré de requêtes
http://www.wikidata.org/entity/Q47631	fr	Semigalien
http://www.wikidata.org/entity/Q47631	fr	Sémigaliens
http://www.wikidata.org/entity/Q476800	fr	Lachkar Gah
http://www.wikidata.org/entity/Q476800	fr	Lachkargah
http://www.wikidata.org/entity/Q476800	fr	Laskkar Gah
http://www.wikidata.org/entity/Q47703	fr	Der Pate
http://www.wikidata.org/entity/Q47703	fr	Le Parrain 1
http://www.wikidata.org/entity/Q47703	fr	Le Parrain I
http://www.wikidata.org/entity/Q47703	fr	Parrain
http://www.wikidata.org/entity/Q477238	fr	Taloqan
http://www.wikidata.org/entity/Q478207	fr	Kenitra
http://www.wikidata.org/entity/Q478207	fr	Port Lyautey
http://www.wikidata.org/entity/Q478207	fr	Port-Lyautey
http://www.wikidata.org/entity/Q478675	fr	San Pedro de Riobamba
http://www.wikidata.org/entity/Q4789666	fr	Cananor
http://www.wikidata.org/entity/Q4789666	fr	Kannur
http://www.wikidata.org/entity/Q4790086	fr	arö
http://www.wikidata.org/entity/Q4811888	fr	zapotèque de Zimatlan du Nord central
http://www.wikidata.org/entity/Q48278	fr	Capitale mondiale du livre
http://www.wikidata.org/entity/Q48278	fr	La ville du printemps éternel
http://www.wikidata.org/entity/Q48278	fr	Medellin
http://www.wikidata.org/entity/Q4830892	fr	maybrat
http://www.wikidata.org/entity/Q4831570	fr	zapotèque d'Ejutla de l'Ouest
http://www.wikidata.org/entity/Q4831570	fr	zapotèque de Santa María Ayoquesco
http://www.wikidata.org/entity/Q483331	fr	Igdir
http://www.wikidata.org/entity/Q48338	fr	Caesarea Mazaca
http://www.wikidata.org/entity/Q48338	fr	Césarée de Cappadoce
http://www.wikidata.org/entity/Q48344	fr	Récife
http://www.wikidata.org/entity/Q483941	fr	La Liste de Shindler
http://www.wikidata.org/entity/Q483941	fr	Liste de Schindler
http://www.wikidata.org/entity/Q483941	fr	Schindler's List
http://www.wikidata.org/entity/Q4841264	fr	baekjean
http://www.wikidata.org/entity/Q4841264	fr	baekjeïque
http://www.wikidata.org/entity/Q4841264	fr	buyeo-baekje
http://www.wikidata.org/entity/Q4841264	fr	paekche
http://www.wikidata.org/entity/Q4841264	fr	paekchean
http://www.wikidata.org/entity/Q4841264	fr	puyŏ-paekche
http://www.wikidata.org/entity/Q484442	fr	Spider Man
http://www.wikidata.org/entity/Q484442	fr	Spider-Man : the movie
http://www.wikidata.org/entity/Q484706	fr	Karagandy
http://www.wikidata.org/entity/Q484706	fr	Qaraghandy
http://www.wikidata.org/entity/Q48472	fr	Gourandj
http://www.wikidata.org/entity/Q48472	fr	Köneürgenç
http://www.wikidata.org/entity/Q48472	fr	Konye-Ourgentch
http://www.wikidata.org/entity/Q48472	fr	Kounya Ourguentch
http://www.wikidata.org/entity/Q48472	fr	Kounya-ourguentch
http://www.wikidata.org/entity/Q48472	fr	Kunya-Urgench
http://www.wikidata.org/entity/Q485496	fr	Chymkent
http://www.wikidata.org/entity/Q485496	fr	Shymkent
http://www.wikidata.org/entity/Q485496	fr	Tchimkent
http://www.wikidata.org/entity/Q486329	fr	Farg'ona
http://www.wikidata.org/entity/Q486329	fr	Farg‘ona
http://www.wikidata.org/entity/Q486329	fr	Fergana
http://www.wikidata.org/entity/Q486329	fr	Ferghâna
http://www.wikidata.org/entity/Q486913	fr	Atyrau
http://www.wikidata.org/entity/Q486913	fr	Guryev
http://www.wikidata.org/entity/Q487439	fr	Oral
http://www.wikidata.org/entity/Q487439	fr	Ouralsk
http://www.wikidata.org/entity/Q487672	fr	Dashkhovuz
http://www.wikidata.org/entity/Q487672	fr	Tachaouz
http://www.wikidata.org/entity/Q48767781	fr	ISO ohi
http://www.wikidata.org/entity/Q48767781	fr	vieil hindi
http://www.wikidata.org/entity/Q48767781	fr	vieil ourdou
http://www.wikidata.org/entity/Q487684	fr	Tchardjou
http://www.wikidata.org/entity/Q487684	fr	Turkmenabat
http://www.wikidata.org/entity/Q487689	fr	Jalal-Abad
http://www.wikidata.org/entity/Q487801	fr	Baracaldo
http://www.wikidata.org/entity/Q488987	fr	Krasnovodsk
http://www.wikidata.org/entity/Q488987	fr	Turkmenbachi
http://www.wikidata.org/entity/Q488987	fr	Turkmenbasy
http://www.wikidata.org/entity/Q489011	fr	langue camunienne
http://www.wikidata.org/entity/Q489890	fr	Kakand
http://www.wikidata.org/entity/Q489890	fr	Khokand
http://www.wikidata.org/entity/Q489890	fr	Khokhan
http://www.wikidata.org/entity/Q489898	fr	Nukus
http://www.wikidata.org/entity/Q490643	fr	Kokchetaou
http://www.wikidata.org/entity/Q490643	fr	Kokchétaou
http://www.wikidata.org/entity/Q490643	fr	Kökchetaou
http://www.wikidata.org/entity/Q490643	fr	Kokshetau
http://www.wikidata.org/entity/Q49108	fr	Massachusetts Institute of Technology
http://www.wikidata.org/entity/Q49108	fr	MIT
http://www.wikidata.org/entity/Q491102	fr	Taldy Kurgan
http://www.wikidata.org/entity/Q491102	fr	Taldy-Kurgan
http://www.wikidata.org/entity/Q491102	fr	Taldykorgan
http://www.wikidata.org/entity/Q491102	fr	Taldyqorghan
http://www.wikidata.org/entity/Q4914077	fr	oriomo
http://www.wikidata.org/entity/Q4914576	fr	Libinza
http://www.wikidata.org/entity/Q491879	fr	Termiz
http://www.wikidata.org/entity/Q4919322	fr	biyanda-buli
http://www.wikidata.org/entity/Q4920575	fr	langues kayah
http://www.wikidata.org/entity/Q49215	fr	lampung api
http://www.wikidata.org/entity/Q49218	fr	Ville de la farine
http://www.wikidata.org/entity/Q49218	fr	Ville de Rochester
http://www.wikidata.org/entity/Q49218	fr	Ville des fleurs
http://www.wikidata.org/entity/Q493141	fr	Mmadikolo
http://www.wikidata.org/entity/Q49341	fr	kavi
http://www.wikidata.org/entity/Q49341	fr	langue kavie
http://www.wikidata.org/entity/Q49341	fr	langue kawie
http://www.wikidata.org/entity/Q49341	fr	sinambi
http://www.wikidata.org/entity/Q4938727	fr	boga'er
http://www.wikidata.org/entity/Q4938812	fr	gbaya bokoto
http://www.wikidata.org/entity/Q4941378	fr	bonde
http://www.wikidata.org/entity/Q4941378	fr	kibonde
http://www.wikidata.org/entity/Q4941378	fr	kibondei
http://www.wikidata.org/entity/Q494355	fr	frison de l'est
http://www.wikidata.org/entity/Q4946773	fr	Boruca
http://www.wikidata.org/entity/Q4957737	fr	lave
http://www.wikidata.org/entity/Q496442	fr	Ékibastouz
http://www.wikidata.org/entity/Q496442	fr	Ekibastusz
http://www.wikidata.org/entity/Q496567	fr	Éibar
http://www.wikidata.org/entity/Q4967930	fr	runyambo
http://www.wikidata.org/entity/Q497130	fr	Maasluis
http://www.wikidata.org/entity/Q497345	fr	vmf
http://www.wikidata.org/entity/Q499911	fr	Università Degli Studi di Torino
http://www.wikidata.org/entity/Q499911	fr	Universita di Torino
http://www.wikidata.org/entity/Q499911	fr	Università di Torino
http://www.wikidata.org/entity/Q499911	fr	Université de turin
http://www.wikidata.org/entity/Q500131	fr	A-State
http://www.wikidata.org/entity/Q500131	fr	astate.edu
http://www.wikidata.org/entity/Q500131	fr	ASU
http://www.wikidata.org/entity/Q500131	fr	Université d'État de l'arkansas
http://www.wikidata.org/entity/Q500189	fr	Mabanza Congo
http://www.wikidata.org/entity/Q500189	fr	Mbanza Kongo
http://www.wikidata.org/entity/Q500189	fr	São Salvador du Congo
http://www.wikidata.org/entity/Q5003359	fr	Buyeoan
http://www.wikidata.org/entity/Q5003359	fr	Puyŏ
http://www.wikidata.org/entity/Q5003359	fr	Puyŏan
http://www.wikidata.org/entity/Q501090	fr	Castro Urdiales
http://www.wikidata.org/entity/Q501715	fr	Port Gentil
http://www.wikidata.org/entity/Q501715	fr	Port-gentil
http://www.wikidata.org/entity/Q5017997	fr	zapotèque de San Pedro Cajonos
http://www.wikidata.org/entity/Q5017997	fr	zapotèque de Villa Alta du Sud
http://www.wikidata.org/entity/Q5017997	fr	zapotèque de Yaganiza
http://www.wikidata.org/entity/Q5044773	fr	Algonquin de Caroline
http://www.wikidata.org/entity/Q5044773	fr	Pomouik
http://www.wikidata.org/entity/Q504657	fr	Idlib
http://www.wikidata.org/entity/Q505655	fr	dialecte westphalien
http://www.wikidata.org/entity/Q5061548	fr	ojibwe central
http://www.wikidata.org/entity/Q5061915	fr	langue tibétaine centrale
http://www.wikidata.org/entity/Q5062046	fr	central yambassa
http://www.wikidata.org/entity/Q506745	fr	Rijswijk
http://www.wikidata.org/entity/Q506745	fr	Riswick
http://www.wikidata.org/entity/Q506745	fr	Ryswyck
http://www.wikidata.org/entity/Q508332	fr	bourguignon
http://www.wikidata.org/entity/Q508332	fr	bourguignon-morvandeau
http://www.wikidata.org/entity/Q508332	fr	Morvandiaux
http://www.wikidata.org/entity/Q5086680	fr	charrua
http://www.wikidata.org/entity/Q5091274	fr	cheng
http://www.wikidata.org/entity/Q5096050	fr	zapotèque d'Ocotlán de l'Est
http://www.wikidata.org/entity/Q5096050	fr	zapotèque de San Baltazar Chichicapan
http://www.wikidata.org/entity/Q510029	fr	université Bir Zeit
http://www.wikidata.org/entity/Q5103425	fr	Zapotèque de San Juan Comaltepec
http://www.wikidata.org/entity/Q510561	fr	langue comtoise
http://www.wikidata.org/entity/Q510561	fr	parler comtois d’oïl
http://www.wikidata.org/entity/Q51103	fr	Kali
http://www.wikidata.org/entity/Q51103	fr	Santiago de Cali
http://www.wikidata.org/entity/Q5138603	fr	zapotèque de San Juan Coatecas Altas
http://www.wikidata.org/entity/Q514123	fr	parlanjhe
http://www.wikidata.org/entity/Q514123	fr	Saintongeais vs poitevin
http://www.wikidata.org/entity/Q51432	fr	Gnèsne
http://www.wikidata.org/entity/Q51885456	fr	langage de programmation Zig
http://www.wikidata.org/entity/Q51885456	fr	langage Zig
http://www.wikidata.org/entity/Q51885456	fr	Ziglang
http://www.wikidata.org/entity/Q5209890	fr	daju
http://www.wikidata.org/entity/Q5222637	fr	langues dargwiques
http://www.wikidata.org/entity/Q5223941	fr	baagandji
http://www.wikidata.org/entity/Q5223941	fr	paakantyi
http://www.wikidata.org/entity/Q525169	fr	SJTU
http://www.wikidata.org/entity/Q5266	fr	Neustadtl
http://www.wikidata.org/entity/Q5266	fr	Rudolfovo
http://www.wikidata.org/entity/Q5266	fr	Rudolfswerth
http://www.wikidata.org/entity/Q52842	fr	Kalisch
http://www.wikidata.org/entity/Q52847	fr	CEE
http://www.wikidata.org/entity/Q5288841	fr	newari de l'Est
http://www.wikidata.org/entity/Q52981	fr	Faïence
http://www.wikidata.org/entity/Q53122	fr	université nationale de Busan
http://www.wikidata.org/entity/Q5349839	fr	eipomek
http://www.wikidata.org/entity/Q5350733	fr	zapotèque de San Pedro el Alto
http://www.wikidata.org/entity/Q5350733	fr	zapotèque de Zimatlan du Sud central
http://www.wikidata.org/entity/Q536280	fr	NUOL
http://www.wikidata.org/entity/Q5367223	fr	papabuco
http://www.wikidata.org/entity/Q5367223	fr	zapotèque de San Juan Elotepec
http://www.wikidata.org/entity/Q5414796	fr	Luo du Kenya
http://www.wikidata.org/entity/Q541548	fr	Académie de Neuchâtel
http://www.wikidata.org/entity/Q541548	fr	unine
http://www.wikidata.org/entity/Q541548	fr	UniNE
http://www.wikidata.org/entity/Q5443742	fr	dam fer
http://www.wikidata.org/entity/Q5443742	fr	fertit
http://www.wikidata.org/entity/Q546976	fr	UNIS
http://www.wikidata.org/entity/Q547867	fr	université d'Athènes
http://www.wikidata.org/entity/Q54879035	fr	langue franco-vénitienne
http://www.wikidata.org/entity/Q54886	fr	CUE
http://www.wikidata.org/entity/Q54886	fr	Cuenca (Équateur)
http://www.wikidata.org/entity/Q54886	fr	Cuenca, Équateur
http://www.wikidata.org/entity/Q54886	fr	Santa Ana de los cuatro Ríos de Cuenca
http://www.wikidata.org/entity/Q55	fr	Hollande
http://www.wikidata.org/entity/Q55	fr	P-B
http://www.wikidata.org/entity/Q55	fr	P.-B.
http://www.wikidata.org/entity/Q55	fr	P.B.
http://www.wikidata.org/entity/Q550263	fr	Université du pirée
http://www.wikidata.org/entity/Q5516952	fr	bunan
http://www.wikidata.org/entity/Q55218915	fr	andaandi
http://www.wikidata.org/entity/Q5530317	fr	karen geko
http://www.wikidata.org/entity/Q5555465	fr	créole ghanéen
http://www.wikidata.org/entity/Q556098	fr	Pace University
http://www.wikidata.org/entity/Q556098	fr	Universite Pace
http://www.wikidata.org/entity/Q5582862	fr	Cusco
http://www.wikidata.org/entity/Q5582862	fr	Site du patrimoine mondial de Cuzco
http://www.wikidata.org/entity/Q5582862	fr	Ville de Cuzco
http://www.wikidata.org/entity/Q558922	fr	Illinois State Normal University
http://www.wikidata.org/entity/Q558922	fr	Illinois State University
http://www.wikidata.org/entity/Q5614751	fr	zapotèque de Guelavía
http://www.wikidata.org/entity/Q5614751	fr	zapotèque de San Juan
http://www.wikidata.org/entity/Q5614751	fr	zapotèque de Tlacolula
http://www.wikidata.org/entity/Q5619801	fr	gurr-goni
http://www.wikidata.org/entity/Q56231	fr	Assanya
http://www.wikidata.org/entity/Q56231	fr	Hassani
http://www.wikidata.org/entity/Q56231	fr	Hassania
http://www.wikidata.org/entity/Q56231	fr	Hassaniya
http://www.wikidata.org/entity/Q56231	fr	Hassâniya
http://www.wikidata.org/entity/Q56231	fr	Hassaniyya
http://www.wikidata.org/entity/Q56231	fr	Mauritanien
http://www.wikidata.org/entity/Q5623559	fr	lugwere
http://www.wikidata.org/entity/Q5623559	fr	olugwere
http://www.wikidata.org/entity/Q56237	fr	gapun
http://www.wikidata.org/entity/Q56241	fr	marghi
http://www.wikidata.org/entity/Q56245	fr	ga'anda
http://www.wikidata.org/entity/Q56249	fr	ka’do pevé
http://www.wikidata.org/entity/Q56249	fr	kado
http://www.wikidata.org/entity/Q56249	fr	lamé
http://www.wikidata.org/entity/Q56249	fr	peve
http://www.wikidata.org/entity/Q56260	fr	boro
http://www.wikidata.org/entity/Q56262	fr	boka
http://www.wikidata.org/entity/Q56262	fr	langue boga
http://www.wikidata.org/entity/Q56262	fr	langue boka
http://www.wikidata.org/entity/Q5626813	fr	zapotèque de San Dionisio Ocotepec
http://www.wikidata.org/entity/Q5626813	fr	zapotèque de San Pablo Güilá
http://www.wikidata.org/entity/Q56269	fr	jonkor
http://www.wikidata.org/entity/Q56280	fr	baldemu
http://www.wikidata.org/entity/Q56282	fr	djime
http://www.wikidata.org/entity/Q56282	fr	djiwe
http://www.wikidata.org/entity/Q56282	fr	zimé de Kélo
http://www.wikidata.org/entity/Q56287	fr	boudouma
http://www.wikidata.org/entity/Q56307	fr	salang
http://www.wikidata.org/entity/Q56310	fr	kuay
http://www.wikidata.org/entity/Q56311	fr	iouge
http://www.wikidata.org/entity/Q56311	fr	yug
http://www.wikidata.org/entity/Q56319	fr	wadoul
http://www.wikidata.org/entity/Q56319	fr	youkaguir de la toundra
http://www.wikidata.org/entity/Q56319	fr	youkaguir de la vadoul
http://www.wikidata.org/entity/Q56328	fr	Langue musey
http://www.wikidata.org/entity/Q56332	fr	miju-mishmi
http://www.wikidata.org/entity/Q56344	fr	shatt
http://www.wikidata.org/entity/Q56350	fr	tase
http://www.wikidata.org/entity/Q5638166	fr	haeke
http://www.wikidata.org/entity/Q56384	fr	canaanique
http://www.wikidata.org/entity/Q56384	fr	cnaanique
http://www.wikidata.org/entity/Q56384	fr	judéo-tchèque
http://www.wikidata.org/entity/Q56387	fr	tongva
http://www.wikidata.org/entity/Q56388	fr	tayart tamajeq
http://www.wikidata.org/entity/Q56391	fr	chumash barbareño
http://www.wikidata.org/entity/Q56392	fr	tamazight de Tidikelt
http://www.wikidata.org/entity/Q56398	fr	awjilah
http://www.wikidata.org/entity/Q56400	fr	darang deng
http://www.wikidata.org/entity/Q56400	fr	digaro
http://www.wikidata.org/entity/Q56400	fr	digaru
http://www.wikidata.org/entity/Q56400	fr	mishmi
http://www.wikidata.org/entity/Q56400	fr	taaon
http://www.wikidata.org/entity/Q56400	fr	taraon
http://www.wikidata.org/entity/Q56400	fr	taying
http://www.wikidata.org/entity/Q56404	fr	Nosu
http://www.wikidata.org/entity/Q56404	fr	Yi méridional
http://www.wikidata.org/entity/Q56410	fr	karen sgaw
http://www.wikidata.org/entity/Q56411	fr	langues bunu
http://www.wikidata.org/entity/Q56412	fr	idou
http://www.wikidata.org/entity/Q56417	fr	langue arapaho
http://www.wikidata.org/entity/Q56419	fr	Langues yana
http://www.wikidata.org/entity/Q56425	fr	Kwarchi
http://www.wikidata.org/entity/Q56435	fr	Min central
http://www.wikidata.org/entity/Q56435	fr	Min Zhong
http://www.wikidata.org/entity/Q56441	fr	yi central
http://www.wikidata.org/entity/Q56451	fr	totonaque des hauts-plateaux
http://www.wikidata.org/entity/Q56473	fr	Lishan didan
http://www.wikidata.org/entity/Q56478	fr	deori
http://www.wikidata.org/entity/Q56479	fr	Jin
http://www.wikidata.org/entity/Q56485	fr	Langue wilamowicienne
http://www.wikidata.org/entity/Q56485	fr	Wymysojer
http://www.wikidata.org/entity/Q56485	fr	Wymysorys
http://www.wikidata.org/entity/Q56489	fr	tat musulman
http://www.wikidata.org/entity/Q56489	fr	tati
http://www.wikidata.org/entity/Q56494	fr	ojibwé du Nord
http://www.wikidata.org/entity/Q56494	fr	ojibwé severn
http://www.wikidata.org/entity/Q56495	fr	Judæo-Tat
http://www.wikidata.org/entity/Q56495	fr	judéo-tat
http://www.wikidata.org/entity/Q56507	fr	Alour
http://www.wikidata.org/entity/Q56510	fr	mohave
http://www.wikidata.org/entity/Q56519	fr	mashpee
http://www.wikidata.org/entity/Q56519	fr	massachuset
http://www.wikidata.org/entity/Q56519	fr	massacuset
http://www.wikidata.org/entity/Q56519	fr	massassoit
http://www.wikidata.org/entity/Q56519	fr	nantucket
http://www.wikidata.org/entity/Q56519	fr	natick
http://www.wikidata.org/entity/Q56519	fr	wampanoag
http://www.wikidata.org/entity/Q56519	fr	wôpanâak
http://www.wikidata.org/entity/Q56528	fr	ju du Nord
http://www.wikidata.org/entity/Q56536	fr	langue samburu
http://www.wikidata.org/entity/Q56540	fr	mao du Nord
http://www.wikidata.org/entity/Q56541	fr	Laramanik
http://www.wikidata.org/entity/Q56545	fr	youkaguir du Sud
http://www.wikidata.org/entity/Q56583	fr	Pu Xian
http://www.wikidata.org/entity/Q56583	fr	Pu-Xian
http://www.wikidata.org/entity/Q56583	fr	Puxian Min
http://www.wikidata.org/entity/Q56586	fr	Teggargrent
http://www.wikidata.org/entity/Q56589	fr	kuruba
http://www.wikidata.org/entity/Q56589	fr	kurumba kannada
http://www.wikidata.org/entity/Q56593	fr	arabe du Levant
http://www.wikidata.org/entity/Q56593	fr	arabe syro-libanais
http://www.wikidata.org/entity/Q56593	fr	arabe syro-palestinien
http://www.wikidata.org/entity/Q56593	fr	levantin
http://www.wikidata.org/entity/Q56593	fr	syro-libanais
http://www.wikidata.org/entity/Q56593	fr	syro-palestinien
http://www.wikidata.org/entity/Q56596	fr	arabe judéo-yéménite
http://www.wikidata.org/entity/Q56597	fr	arabe judéo-tunisien
http://www.wikidata.org/entity/Q56597	fr	judeo-tunisien
http://www.wikidata.org/entity/Q56601	fr	tibétain Khams
http://www.wikidata.org/entity/Q56610	fr	E'nepa
http://www.wikidata.org/entity/Q56610	fr	Panaré
http://www.wikidata.org/entity/Q56612	fr	Arameen samaritain
http://www.wikidata.org/entity/Q56612	fr	Langue araméenne samaritaine
http://www.wikidata.org/entity/Q56625	fr	ka’do ngueté
http://www.wikidata.org/entity/Q56625	fr	nge’dé
http://www.wikidata.org/entity/Q56625	fr	ngueté
http://www.wikidata.org/entity/Q56625	fr	nguetté
http://www.wikidata.org/entity/Q56625	fr	zimé
http://www.wikidata.org/entity/Q56627	fr	Kitsai(langue)
http://www.wikidata.org/entity/Q56657	fr	a nden
http://www.wikidata.org/entity/Q56668	fr	Langue masa
http://www.wikidata.org/entity/Q56668	fr	Langue masana
http://www.wikidata.org/entity/Q56668	fr	Masa
http://www.wikidata.org/entity/Q56674	fr	gbaya
http://www.wikidata.org/entity/Q56678	fr	belanda boor
http://www.wikidata.org/entity/Q56718	fr	Atsugewi
http://www.wikidata.org/entity/Q56722	fr	potiguara
http://www.wikidata.org/entity/Q56728	fr	zapotèque de la plaine côtière
http://www.wikidata.org/entity/Q56742	fr	Ayiwo
http://www.wikidata.org/entity/Q56744	fr	sanhadji
http://www.wikidata.org/entity/Q56747	fr	ghadamès
http://www.wikidata.org/entity/Q56767	fr	kolam
http://www.wikidata.org/entity/Q56767	fr	kolamboli
http://www.wikidata.org/entity/Q56767	fr	kolamy
http://www.wikidata.org/entity/Q56767	fr	kolmi
http://www.wikidata.org/entity/Q56767	fr	kulme
http://www.wikidata.org/entity/Q56767	fr	Naiki
http://www.wikidata.org/entity/Q56772	fr	naasioi
http://www.wikidata.org/entity/Q56782	fr	dialecte angevin
http://www.wikidata.org/entity/Q56804	fr	baram
http://www.wikidata.org/entity/Q56811	fr	kanakuru
http://www.wikidata.org/entity/Q56825	fr	hattam
http://www.wikidata.org/entity/Q5683513	fr	havéké
http://www.wikidata.org/entity/Q568377	fr	sentinelese
http://www.wikidata.org/entity/Q56874	fr	markweeta
http://www.wikidata.org/entity/Q56885	fr	trio
http://www.wikidata.org/entity/Q56925	fr	langues amami-toku-no-shima
http://www.wikidata.org/entity/Q56944	fr	tupi antique
http://www.wikidata.org/entity/Q56944	fr	tupinambá
http://www.wikidata.org/entity/Q56946	fr	mapoyo
http://www.wikidata.org/entity/Q56984	fr	La‘az
http://www.wikidata.org/entity/Q56984	fr	Laazim
http://www.wikidata.org/entity/Q56984	fr	Tsarphatique
http://www.wikidata.org/entity/Q5699507	fr	heiltsuk-oowekyala
http://www.wikidata.org/entity/Q57000	fr	bola
http://www.wikidata.org/entity/Q57003	fr	chini
http://www.wikidata.org/entity/Q5710904	fr	langue hema
http://www.wikidata.org/entity/Q5713543	fr	Losongomino
http://www.wikidata.org/entity/Q5713543	fr	Songomeno
http://www.wikidata.org/entity/Q572380	fr	Jizzax
http://www.wikidata.org/entity/Q5724	fr	Anuradhapura
http://www.wikidata.org/entity/Q574	fr	la République démocratique du Timor oriental
http://www.wikidata.org/entity/Q574	fr	République démocratique du Timor oriental
http://www.wikidata.org/entity/Q574	fr	République démocratique du Timor-Leste
http://www.wikidata.org/entity/Q574	fr	République démocratique du Timor-Oriental
http://www.wikidata.org/entity/Q574	fr	Timor Oriental
http://www.wikidata.org/entity/Q574	fr	Timor-Leste
http://www.wikidata.org/entity/Q574	fr	Timor-Oriental
http://www.wikidata.org/entity/Q574	fr	TL
http://www.wikidata.org/entity/Q57420736	fr	guajajara
http://www.wikidata.org/entity/Q574606	fr	ULB
http://www.wikidata.org/entity/Q5758703	fr	Chatino de l'Est
http://www.wikidata.org/entity/Q5758703	fr	chatino de la sierra
http://www.wikidata.org/entity/Q5764	fr	Bouchara
http://www.wikidata.org/entity/Q5776	fr	Bethléhem
http://www.wikidata.org/entity/Q580	fr	Lodz
http://www.wikidata.org/entity/Q581256	fr	GNU clisp
http://www.wikidata.org/entity/Q581256	fr	GNU CLISP
http://www.wikidata.org/entity/Q583184	fr	Antsirabé
http://www.wikidata.org/entity/Q583184	fr	Atj
http://www.wikidata.org/entity/Q5832	fr	Axoum
http://www.wikidata.org/entity/Q5838	fr	Kâboul
http://www.wikidata.org/entity/Q584983	fr	rangi
http://www.wikidata.org/entity/Q586	fr	Ville fédérale de Bonn
http://www.wikidata.org/entity/Q58635	fr	Langue panjabi
http://www.wikidata.org/entity/Q58635	fr	pa
http://www.wikidata.org/entity/Q58635	fr	Pandjabi
http://www.wikidata.org/entity/Q58635	fr	Panjabi
http://www.wikidata.org/entity/Q58635	fr	Panjâbî
http://www.wikidata.org/entity/Q58635	fr	panjābī
http://www.wikidata.org/entity/Q58635	fr	Pendjabi
http://www.wikidata.org/entity/Q58635	fr	Penjabi
http://www.wikidata.org/entity/Q58635	fr	Penjâbî
http://www.wikidata.org/entity/Q58635	fr	Penjabi occidental
http://www.wikidata.org/entity/Q58635	fr	Punjabi
http://www.wikidata.org/entity/Q5869	fr	Lassa
http://www.wikidata.org/entity/Q5869	fr	Lhasa
http://www.wikidata.org/entity/Q588	fr	Kattowitz
http://www.wikidata.org/entity/Q59101	fr	Narwik
http://www.wikidata.org/entity/Q593321	fr	Université de gênes
http://www.wikidata.org/entity/Q5957720	fr	Khuzi
http://www.wikidata.org/entity/Q598	fr	Résovie
http://www.wikidata.org/entity/Q598	fr	Rzeszow
http://www.wikidata.org/entity/Q5996114	fr	ikoma-nata-isenye
http://www.wikidata.org/entity/Q5996885	fr	sala
http://www.wikidata.org/entity/Q59975	fr	Bgayet
http://www.wikidata.org/entity/Q59975	fr	Bougie
http://www.wikidata.org/entity/Q60	fr	La Grosse Pomme
http://www.wikidata.org/entity/Q60	fr	New-York
http://www.wikidata.org/entity/Q60	fr	Ville de New York
http://www.wikidata.org/entity/Q60	fr	Ville de New-York
http://www.wikidata.org/entity/Q601956	fr	AAU
http://www.wikidata.org/entity/Q604487	fr	TalTech
http://www.wikidata.org/entity/Q604487	fr	université technique de Tallinn
http://www.wikidata.org/entity/Q6047309	fr	nahuatl Tlaxcala-Puebla-Central
http://www.wikidata.org/entity/Q605483	fr	Kandrzin-Cosel
http://www.wikidata.org/entity/Q6088	fr	Alessandria
http://www.wikidata.org/entity/Q6088	fr	Lissàndria
http://www.wikidata.org/entity/Q6088	fr	Lissändria
http://www.wikidata.org/entity/Q6094343	fr	quechua de Huaylas Ancash
http://www.wikidata.org/entity/Q60956	fr	Ascalon
http://www.wikidata.org/entity/Q60956	fr	Ashkalon
http://www.wikidata.org/entity/Q60956	fr	Ashkélon
http://www.wikidata.org/entity/Q60956	fr	Ashqalon
http://www.wikidata.org/entity/Q609817	fr	language bliss
http://www.wikidata.org/entity/Q609817	fr	langue bliss
http://www.wikidata.org/entity/Q61089	fr	Bandar Melaka
http://www.wikidata.org/entity/Q61089	fr	Melaka
http://www.wikidata.org/entity/Q61092	fr	Georgetown
http://www.wikidata.org/entity/Q61092	fr	Tanjung Penaga
http://www.wikidata.org/entity/Q612	fr	Doubaï
http://www.wikidata.org/entity/Q612665	fr	VUB
http://www.wikidata.org/entity/Q6127418	fr	JCSL
http://www.wikidata.org/entity/Q61301	fr	San Francisco de Campeche
http://www.wikidata.org/entity/Q61306	fr	Guanajuato, Guanajuato
http://www.wikidata.org/entity/Q61306	fr	Ville de Guanajuato
http://www.wikidata.org/entity/Q61320	fr	Estado Libre y Soberano de Colima
http://www.wikidata.org/entity/Q61434	fr	Nelluru
http://www.wikidata.org/entity/Q61445	fr	New Bombay
http://www.wikidata.org/entity/Q61448040	fr	Gisaengchung
http://www.wikidata.org/entity/Q615154	fr	université de Katowice
http://www.wikidata.org/entity/Q615154	fr	université de Silésie à Katowice
http://www.wikidata.org/entity/Q6176527	fr	geico
http://www.wikidata.org/entity/Q61944	fr	Semei
http://www.wikidata.org/entity/Q61944	fr	Sémeï
http://www.wikidata.org/entity/Q61944	fr	Semey
http://www.wikidata.org/entity/Q61944	fr	Semipalatinsk
http://www.wikidata.org/entity/Q61944	fr	Semipolalinsk
http://www.wikidata.org/entity/Q620464	fr	G-code
http://www.wikidata.org/entity/Q620464	fr	Programmation de commande numerique
http://www.wikidata.org/entity/Q620464	fr	Programmation numérique
http://www.wikidata.org/entity/Q621001	fr	Malange
http://www.wikidata.org/entity/Q622	fr	Ludwigsbourg
http://www.wikidata.org/entity/Q622	fr	Ludwigsburg
http://www.wikidata.org/entity/Q622030	fr	Palos de Moguer
http://www.wikidata.org/entity/Q622137	fr	Lehigh University
http://www.wikidata.org/entity/Q622683	fr	Karl-Franzens-Universität
http://www.wikidata.org/entity/Q622683	fr	Universite de Graz
http://www.wikidata.org/entity/Q62389260	fr	nouveau bargut
http://www.wikidata.org/entity/Q62389453	fr	ancien bargut
http://www.wikidata.org/entity/Q62389453	fr	khoshaan bargu
http://www.wikidata.org/entity/Q625158	fr	Institut polytechnique de Kaunas
http://www.wikidata.org/entity/Q625158	fr	université technique de Kaunas
http://www.wikidata.org/entity/Q625158	fr	université technologique de Kaunas
http://www.wikidata.org/entity/Q62603062	fr	cuba
http://www.wikidata.org/entity/Q626210	fr	mambwe-lungu
http://www.wikidata.org/entity/Q6269820	fr	ediamat
http://www.wikidata.org/entity/Q6285	fr	Varés
http://www.wikidata.org/entity/Q62868	fr	Köslin
http://www.wikidata.org/entity/Q63140714	fr	gabogbo
http://www.wikidata.org/entity/Q632004	fr	université catholique de Nimègue
http://www.wikidata.org/entity/Q632004	fr	université de Nimègue
http://www.wikidata.org/entity/Q632004	fr	université Radboud
http://www.wikidata.org/entity/Q632558	fr	HIT
http://www.wikidata.org/entity/Q63313662	fr	Saare
http://www.wikidata.org/entity/Q63313668	fr	Hun
http://www.wikidata.org/entity/Q633782	fr	université de Pula
http://www.wikidata.org/entity/Q633894	fr	ObjectPascal
http://www.wikidata.org/entity/Q633894	fr	Pascal Objet
http://www.wikidata.org/entity/Q6344767	fr	kraco'
http://www.wikidata.org/entity/Q6346712	fr	langues tupi-guarani sous-groupe VI
http://www.wikidata.org/entity/Q6346712	fr	tukumanfed
http://www.wikidata.org/entity/Q6346712	fr	tukumanféd
http://www.wikidata.org/entity/Q6349982	fr	kela
http://www.wikidata.org/entity/Q6359866	fr	kamurú
http://www.wikidata.org/entity/Q6363253	fr	kaningara
http://www.wikidata.org/entity/Q636479	fr	lingua franca
http://www.wikidata.org/entity/Q6373349	fr	karrangpurru
http://www.wikidata.org/entity/Q6378867	fr	Bintuhan
http://www.wikidata.org/entity/Q6380124	fr	kaxarari
http://www.wikidata.org/entity/Q6382444	fr	mikebwe
http://www.wikidata.org/entity/Q6386414	fr	kelon
http://www.wikidata.org/entity/Q638704	fr	Bechar
http://www.wikidata.org/entity/Q638704	fr	Colomb-Béchar
http://www.wikidata.org/entity/Q638704	fr	Daïra de Bechar
http://www.wikidata.org/entity/Q6393846	fr	kikerebe
http://www.wikidata.org/entity/Q6393846	fr	kikerewe
http://www.wikidata.org/entity/Q639421	fr	Pondicherry
http://www.wikidata.org/entity/Q639421	fr	Pondichery
http://www.wikidata.org/entity/Q639421	fr	Pondishéri
http://www.wikidata.org/entity/Q6397	fr	Avignoun
http://www.wikidata.org/entity/Q6397	fr	Avinhon
http://www.wikidata.org/entity/Q6397	fr	cité des papes
http://www.wikidata.org/entity/Q6403501	fr	kháng
http://www.wikidata.org/entity/Q6406892	fr	kilen
http://www.wikidata.org/entity/Q641	fr	Cité des Doges
http://www.wikidata.org/entity/Q641	fr	Sérénissime
http://www.wikidata.org/entity/Q6413014	fr	yokuts kings river
http://www.wikidata.org/entity/Q6416310	fr	kirya
http://www.wikidata.org/entity/Q6416310	fr	konzəl
http://www.wikidata.org/entity/Q6426194	fr	koi
http://www.wikidata.org/entity/Q6426699	fr	gugubera
http://www.wikidata.org/entity/Q6432994	fr	kosadle
http://www.wikidata.org/entity/Q6432995	fr	kosarek
http://www.wikidata.org/entity/Q6442073	fr	subiya
http://www.wikidata.org/entity/Q6445968	fr	Ekiguria
http://www.wikidata.org/entity/Q6445968	fr	Igikuria
http://www.wikidata.org/entity/Q6445968	fr	Kikuria
http://www.wikidata.org/entity/Q6445968	fr	Kurya
http://www.wikidata.org/entity/Q6445968	fr	Kurye
http://www.wikidata.org/entity/Q6448337	fr	ghale kutang
http://www.wikidata.org/entity/Q6448731	fr	warrnambool
http://www.wikidata.org/entity/Q6454	fr	Dampierre-les-Dunes
http://www.wikidata.org/entity/Q6454	fr	Saint-Pierre-lès-Calais (réunie à Calais)
http://www.wikidata.org/entity/Q646718	fr	che wong
http://www.wikidata.org/entity/Q6468403	fr	zapotèque de Santiago Lachiguiri
http://www.wikidata.org/entity/Q6468403	fr	zapotèque de Tehuantepec du Nord-Ouest
http://www.wikidata.org/entity/Q6468420	fr	dialu
http://www.wikidata.org/entity/Q6468420	fr	zapotèque de Sola de Vega de l'Est
http://www.wikidata.org/entity/Q6470767	fr	assembleur
http://www.wikidata.org/entity/Q6482727	fr	lamalama
http://www.wikidata.org/entity/Q648567	fr	Qurghonteppa
http://www.wikidata.org/entity/Q648619	fr	F♯
http://www.wikidata.org/entity/Q648619	fr	Fsharp
http://www.wikidata.org/entity/Q6487	fr	Adalia
http://www.wikidata.org/entity/Q6487	fr	Adalya
http://www.wikidata.org/entity/Q6487	fr	Satalia
http://www.wikidata.org/entity/Q6487	fr	Satalieh
http://www.wikidata.org/entity/Q648732	fr	St David's
http://www.wikidata.org/entity/Q648732	fr	Tyddewi
http://www.wikidata.org/entity/Q6488084	fr	zapotèque de Santiago Lapaguía
http://www.wikidata.org/entity/Q6503548	fr	lavua
http://www.wikidata.org/entity/Q651233	fr	Universite d'Osaka
http://www.wikidata.org/entity/Q651233	fr	Université d'Ōsaka
http://www.wikidata.org/entity/Q6537	fr	Vicenza
http://www.wikidata.org/entity/Q6537	fr	Vincenza
http://www.wikidata.org/entity/Q65379	fr	Institut polytechnique et université d'État de virginie
http://www.wikidata.org/entity/Q65379	fr	Virginia Polytechnic Institute
http://www.wikidata.org/entity/Q65379	fr	Virginia Polytechnic Institute and State University
http://www.wikidata.org/entity/Q65379	fr	Virginia Tech
http://www.wikidata.org/entity/Q6558822	fr	monpa
http://www.wikidata.org/entity/Q657	fr	la République du Tchad
http://www.wikidata.org/entity/Q657	fr	République du Tchad
http://www.wikidata.org/entity/Q6576	fr	Irkutsk
http://www.wikidata.org/entity/Q6583606	fr	laji
http://www.wikidata.org/entity/Q6583612	fr	somray de Battambang
http://www.wikidata.org/entity/Q6583612	fr	somray de Siem Reap
http://www.wikidata.org/entity/Q6583612	fr	somree
http://www.wikidata.org/entity/Q6583617	fr	chung
http://www.wikidata.org/entity/Q659706	fr	Institut de technologie de l'illinois
http://www.wikidata.org/entity/Q664	fr	Nouvelle Zélande
http://www.wikidata.org/entity/Q6647	fr	Patan
http://www.wikidata.org/entity/Q665105	fr	Université de delhi
http://www.wikidata.org/entity/Q6653424	fr	naman
http://www.wikidata.org/entity/Q66568	fr	Caunpour
http://www.wikidata.org/entity/Q66568	fr	Cawnpoore
http://www.wikidata.org/entity/Q66568	fr	Cawnpore
http://www.wikidata.org/entity/Q66568	fr	Kanhpour
http://www.wikidata.org/entity/Q6662	fr	Césène
http://www.wikidata.org/entity/Q6667767	fr	lulogooli
http://www.wikidata.org/entity/Q6667767	fr	ragoli
http://www.wikidata.org/entity/Q6668040	fr	lohorung du Nord
http://www.wikidata.org/entity/Q667566	fr	Visual Basic Editor
http://www.wikidata.org/entity/Q668	fr	Bharat
http://www.wikidata.org/entity/Q668	fr	Bharatvarsh
http://www.wikidata.org/entity/Q668	fr	Hindustan
http://www.wikidata.org/entity/Q668	fr	Indostan
http://www.wikidata.org/entity/Q668	fr	République d'Inde
http://www.wikidata.org/entity/Q668	fr	République de l'Inde
http://www.wikidata.org/entity/Q6680287	fr	nethalp
http://www.wikidata.org/entity/Q6680287	fr	tholp
http://www.wikidata.org/entity/Q6681	fr	Cotrone
http://www.wikidata.org/entity/Q668366	fr	grec mycénien
http://www.wikidata.org/entity/Q6686	fr	Groupe Renault
http://www.wikidata.org/entity/Q6686	fr	Renault SA
http://www.wikidata.org/entity/Q6693681	fr	'auni
http://www.wikidata.org/entity/Q6694268	fr	diste
http://www.wikidata.org/entity/Q6694268	fr	zapotèque de Pochutla de l'Ouest
http://www.wikidata.org/entity/Q669431	fr	Dakhini
http://www.wikidata.org/entity/Q6705910	fr	lutos
http://www.wikidata.org/entity/Q670649	fr	université d'Irkoutsk
http://www.wikidata.org/entity/Q6706953	fr	lwalwa
http://www.wikidata.org/entity/Q670897	fr	Arizona State University
http://www.wikidata.org/entity/Q670897	fr	Université d'État de l'arizona
http://www.wikidata.org/entity/Q672	fr	État des Tuvalu
http://www.wikidata.org/entity/Q672	fr	les Tuvalu
http://www.wikidata.org/entity/Q672	fr	TV
http://www.wikidata.org/entity/Q672420	fr	Universite de Konigsberg
http://www.wikidata.org/entity/Q6740513	fr	kimakwe
http://www.wikidata.org/entity/Q6740513	fr	macue
http://www.wikidata.org/entity/Q6740513	fr	palma
http://www.wikidata.org/entity/Q6741120	fr	mullukmulluk
http://www.wikidata.org/entity/Q6741212	fr	malalí
http://www.wikidata.org/entity/Q6746900	fr	manange
http://www.wikidata.org/entity/Q6754640	fr	maraghus
http://www.wikidata.org/entity/Q676778	fr	Chaouen
http://www.wikidata.org/entity/Q677161	fr	GAP System
http://www.wikidata.org/entity/Q677161	fr	Groups, Algorithms and Programming
http://www.wikidata.org/entity/Q678	fr	Royaume des Tonga
http://www.wikidata.org/entity/Q678	fr	TO
http://www.wikidata.org/entity/Q6791974	fr	matuumbi
http://www.wikidata.org/entity/Q6794475	fr	mawé-sateré
http://www.wikidata.org/entity/Q6794475	fr	sateré
http://www.wikidata.org/entity/Q6794475	fr	sateré-mawé
http://www.wikidata.org/entity/Q6797580	fr	Mayogo
http://www.wikidata.org/entity/Q6798223	fr	zapotèque d'Etla
http://www.wikidata.org/entity/Q6798223	fr	zapotèque de Santo Tomás Mazaltepec
http://www.wikidata.org/entity/Q681360	fr	Open CL
http://www.wikidata.org/entity/Q6817739	fr	mewahang
http://www.wikidata.org/entity/Q683	fr	État indépendant des Samoa
http://www.wikidata.org/entity/Q683	fr	Samoa occidentales
http://www.wikidata.org/entity/Q683	fr	WS
http://www.wikidata.org/entity/Q683512	fr	Nyslott
http://www.wikidata.org/entity/Q6845470	fr	sajalong
http://www.wikidata.org/entity/Q685	fr	îles Salomon
http://www.wikidata.org/entity/Q685	fr	les Îles Salomon
http://www.wikidata.org/entity/Q685	fr	Salomon
http://www.wikidata.org/entity/Q685	fr	SB
http://www.wikidata.org/entity/Q685820	fr	REXX
http://www.wikidata.org/entity/Q686	fr	la République du Vanuatu
http://www.wikidata.org/entity/Q686	fr	République de Vanuatu
http://www.wikidata.org/entity/Q686	fr	VU
http://www.wikidata.org/entity/Q6873793	fr	mrininy
http://www.wikidata.org/entity/Q6881575	fr	garuwali
http://www.wikidata.org/entity/Q6886053	fr	bunong
http://www.wikidata.org/entity/Q6886053	fr	phnonh
http://www.wikidata.org/entity/Q689617	fr	Universite de la Suisse italienne
http://www.wikidata.org/entity/Q689617	fr	Université de la suisse italienne
http://www.wikidata.org/entity/Q689617	fr	Université de Lugano
http://www.wikidata.org/entity/Q689617	fr	USI
http://www.wikidata.org/entity/Q6897018	fr	kulawi
http://www.wikidata.org/entity/Q690052	fr	Trébigne
http://www.wikidata.org/entity/Q6903267	fr	Roosendaal
http://www.wikidata.org/entity/Q6903267	fr	Rosendaël
http://www.wikidata.org/entity/Q69060	fr	Qingtang cheng
http://www.wikidata.org/entity/Q69060	fr	Sining
http://www.wikidata.org/entity/Q690639	fr	Universite de Klagenfurt
http://www.wikidata.org/entity/Q691	fr	État indépendant de Papouasie-Nouvelle-Guinée
http://www.wikidata.org/entity/Q691	fr	l’État indépendant de Papouasie- Nouvelle-Guinée
http://www.wikidata.org/entity/Q691	fr	Papouasie-nouvelle-Guinée
http://www.wikidata.org/entity/Q691	fr	pg
http://www.wikidata.org/entity/Q691	fr	PG
http://www.wikidata.org/entity/Q691	fr	PNG
http://www.wikidata.org/entity/Q6916288	fr	Mosiro
http://www.wikidata.org/entity/Q691686	fr	Geneva Graduate Institute
http://www.wikidata.org/entity/Q691686	fr	IHEID
http://www.wikidata.org/entity/Q691686	fr	Institut de hautes etudes internationales et du developpement
http://www.wikidata.org/entity/Q691686	fr	Institut de hautes études internationales Genève
http://www.wikidata.org/entity/Q691686	fr	Institut des hautes études internationales et du développement
http://www.wikidata.org/entity/Q691686	fr	Institut universitaire des hautes études internationales
http://www.wikidata.org/entity/Q691686	fr	The Graduate Institute
http://www.wikidata.org/entity/Q6925030	fr	koiali des montagnes
http://www.wikidata.org/entity/Q6928303	fr	chiMpoto
http://www.wikidata.org/entity/Q6931290	fr	mucuchí
http://www.wikidata.org/entity/Q6931573	fr	mudburra
http://www.wikidata.org/entity/Q6944725	fr	chimwera
http://www.wikidata.org/entity/Q695	fr	Belau
http://www.wikidata.org/entity/Q695	fr	la République des Palaos
http://www.wikidata.org/entity/Q695	fr	Palau
http://www.wikidata.org/entity/Q695	fr	PW
http://www.wikidata.org/entity/Q695740	fr	mulk
http://www.wikidata.org/entity/Q6968399	fr	natanzi
http://www.wikidata.org/entity/Q697	fr	la République de Nauru
http://www.wikidata.org/entity/Q697	fr	NR
http://www.wikidata.org/entity/Q6981095	fr	naueti
http://www.wikidata.org/entity/Q6983667	fr	galke
http://www.wikidata.org/entity/Q6983667	fr	pormi
http://www.wikidata.org/entity/Q6983678	fr	chindali
http://www.wikidata.org/entity/Q6983678	fr	cindali
http://www.wikidata.org/entity/Q6983819	fr	drubéa
http://www.wikidata.org/entity/Q6983819	fr	nraa drubea
http://www.wikidata.org/entity/Q6991742	fr	mandéen moderne
http://www.wikidata.org/entity/Q70	fr	Bern
http://www.wikidata.org/entity/Q702	fr	EFM
http://www.wikidata.org/entity/Q702	fr	FM
http://www.wikidata.org/entity/Q702	fr	les États fédérés de Micronésie
http://www.wikidata.org/entity/Q702	fr	Micronésie
http://www.wikidata.org/entity/Q7022091	fr	narrinyeri
http://www.wikidata.org/entity/Q7022547	fr	angoni
http://www.wikidata.org/entity/Q7022547	fr	chingoni
http://www.wikidata.org/entity/Q7022547	fr	kingoni
http://www.wikidata.org/entity/Q7022547	fr	kisutu
http://www.wikidata.org/entity/Q7022547	fr	sutu
http://www.wikidata.org/entity/Q702524	fr	Université d’Erfurt
http://www.wikidata.org/entity/Q7026	fr	catalan-valencien-baléare
http://www.wikidata.org/entity/Q7026	fr	langue catalane
http://www.wikidata.org/entity/Q7026	fr	langue valencienne
http://www.wikidata.org/entity/Q7026	fr	valencien
http://www.wikidata.org/entity/Q7033959	fr	cantonnais
http://www.wikidata.org/entity/Q7033959	fr	yue
http://www.wikidata.org/entity/Q7039	fr	Lahr
http://www.wikidata.org/entity/Q706327	fr	Goguryeo
http://www.wikidata.org/entity/Q706327	fr	goguryeoïque
http://www.wikidata.org/entity/Q706327	fr	Koguryŏ
http://www.wikidata.org/entity/Q706327	fr	Koguryoan
http://www.wikidata.org/entity/Q706327	fr	puyŏ-koguryŏ commun
http://www.wikidata.org/entity/Q706327	fr	vieux koguryŏ
http://www.wikidata.org/entity/Q7067577	fr	Nsongo
http://www.wikidata.org/entity/Q706857	fr	Artemivsk
http://www.wikidata.org/entity/Q706857	fr	Artiomovsk
http://www.wikidata.org/entity/Q7070879	fr	kinyanga
http://www.wikidata.org/entity/Q7076643	fr	zapoteco del Poniente de Ocotlán
http://www.wikidata.org/entity/Q7076643	fr	zapotèque d'Ocotlán Oeste
http://www.wikidata.org/entity/Q709	fr	la République des Îles Marshall
http://www.wikidata.org/entity/Q709	fr	Marshall
http://www.wikidata.org/entity/Q709	fr	république des Îles Marshall
http://www.wikidata.org/entity/Q7093790	fr	lingao
http://www.wikidata.org/entity/Q7093790	fr	ong-be
http://www.wikidata.org/entity/Q710	fr	Îles Gilbert
http://www.wikidata.org/entity/Q710	fr	ki
http://www.wikidata.org/entity/Q710	fr	la république des Kiribati
http://www.wikidata.org/entity/Q710	fr	république des Kiribati
http://www.wikidata.org/entity/Q7103905	fr	abwébwé
http://www.wikidata.org/entity/Q7103905	fr	orowe
http://www.wikidata.org/entity/Q711	fr	MGL
http://www.wikidata.org/entity/Q711	fr	MN
http://www.wikidata.org/entity/Q711	fr	MNG
http://www.wikidata.org/entity/Q711	fr	Mongalie
http://www.wikidata.org/entity/Q711	fr	Mongolie-extérieure
http://www.wikidata.org/entity/Q7116691	fr	totonaque de l'Ouest
http://www.wikidata.org/entity/Q712	fr	Fiji
http://www.wikidata.org/entity/Q712	fr	FJ
http://www.wikidata.org/entity/Q712	fr	îles Fidji
http://www.wikidata.org/entity/Q712	fr	îles Fiji
http://www.wikidata.org/entity/Q712	fr	la République des Fidji
http://www.wikidata.org/entity/Q712	fr	République des Fidji
http://www.wikidata.org/entity/Q712	fr	République des îles Fidji
http://www.wikidata.org/entity/Q7121294	fr	blk
http://www.wikidata.org/entity/Q7121353	fr	pa na
http://www.wikidata.org/entity/Q7124357	fr	pagabete
http://www.wikidata.org/entity/Q7127118	fr	palen
http://www.wikidata.org/entity/Q7131310	fr	pankararú
http://www.wikidata.org/entity/Q7132809	fr	baiyamo
http://www.wikidata.org/entity/Q7143168	fr	passe
http://www.wikidata.org/entity/Q7162372	fr	giphende
http://www.wikidata.org/entity/Q7162372	fr	kiphende
http://www.wikidata.org/entity/Q7162372	fr	pende
http://www.wikidata.org/entity/Q7162372	fr	phende
http://www.wikidata.org/entity/Q717	fr	République bolivarienne du Venezuela
http://www.wikidata.org/entity/Q717	fr	République bolivarienne du Vénézuéla
http://www.wikidata.org/entity/Q717	fr	Vénézuela
http://www.wikidata.org/entity/Q717	fr	Vénézuéla
http://www.wikidata.org/entity/Q7171675	fr	zapotèque de Santa María Petapa
http://www.wikidata.org/entity/Q7187959	fr	yi puwa
http://www.wikidata.org/entity/Q7188298	fr	phula
http://www.wikidata.org/entity/Q7193313	fr	Nkutu
http://www.wikidata.org/entity/Q7194098	fr	begbere-ejar
http://www.wikidata.org/entity/Q7194098	fr	waci
http://www.wikidata.org/entity/Q7208693	fr	kipfokomo
http://www.wikidata.org/entity/Q721064	fr	Nanyang Technological University
http://www.wikidata.org/entity/Q721937	fr	Pruszkow
http://www.wikidata.org/entity/Q72248	fr	94400
http://www.wikidata.org/entity/Q72248	fr	Port-à-l'Anglais (village de Vitry-sur-Seine)
http://www.wikidata.org/entity/Q72248	fr	Port-de-Marat
http://www.wikidata.org/entity/Q72256	fr	espagnol amazonien
http://www.wikidata.org/entity/Q72256	fr	espagnol de Loreto-Ucayali
http://www.wikidata.org/entity/Q72259	fr	Portsmouth, Hampshire
http://www.wikidata.org/entity/Q7259044	fr	puimei
http://www.wikidata.org/entity/Q7261622	fr	purukotó
http://www.wikidata.org/entity/Q726218	fr	Chrome Mozilla
http://www.wikidata.org/entity/Q726218	fr	Xul
http://www.wikidata.org/entity/Q7263152	fr	Navarin
http://www.wikidata.org/entity/Q7263152	fr	Pylos
http://www.wikidata.org/entity/Q727	fr	A'dam
http://www.wikidata.org/entity/Q7271640	fr	zapotèque de Quiatoni
http://www.wikidata.org/entity/Q7271640	fr	zapotèque de Tlacolula de l'Est
http://www.wikidata.org/entity/Q7271642	fr	zapotèque de San Juan Lachixila
http://www.wikidata.org/entity/Q7271642	fr	zapotèque de Yautepec du Nord-Est
http://www.wikidata.org/entity/Q7271823	fr	zapotèque de Quiegolani
http://www.wikidata.org/entity/Q7271823	fr	zapotèque de Yautepec de l'Ouest
http://www.wikidata.org/entity/Q727516	fr	UKZN
http://www.wikidata.org/entity/Q727694	fr	chinois
http://www.wikidata.org/entity/Q727694	fr	chinois standard
http://www.wikidata.org/entity/Q727694	fr	guoyu
http://www.wikidata.org/entity/Q727694	fr	putonghua
http://www.wikidata.org/entity/Q72818	fr	Hai Phong
http://www.wikidata.org/entity/Q72818	fr	Haï Phong
http://www.wikidata.org/entity/Q72818	fr	Hải Phong
http://www.wikidata.org/entity/Q72818	fr	Haï-Phong
http://www.wikidata.org/entity/Q72818	fr	Haiphong
http://www.wikidata.org/entity/Q7292645	fr	johari
http://www.wikidata.org/entity/Q730	fr	République du Surinam
http://www.wikidata.org/entity/Q730	fr	République du Suriname
http://www.wikidata.org/entity/Q730	fr	Surinam
http://www.wikidata.org/entity/Q7311553	fr	rembarunga
http://www.wikidata.org/entity/Q733	fr	Cœur de l’Amérique du Sud
http://www.wikidata.org/entity/Q733	fr	la République du Paraguay
http://www.wikidata.org/entity/Q733	fr	République du Paraguay
http://www.wikidata.org/entity/Q7334628	fr	zapotec de Villa Alta du Nord
http://www.wikidata.org/entity/Q7334628	fr	zapotèque de Rincon
http://www.wikidata.org/entity/Q7334628	fr	zapotèque de Yagallo
http://www.wikidata.org/entity/Q734	fr	GY
http://www.wikidata.org/entity/Q734	fr	République coopérative du Guyana
http://www.wikidata.org/entity/Q735138	fr	Kiejdany
http://www.wikidata.org/entity/Q735209	fr	International System of Typographic Picture Education
http://www.wikidata.org/entity/Q735209	fr	ISOTYPE
http://www.wikidata.org/entity/Q735209	fr	Système international d'éducation par les images typographiques
http://www.wikidata.org/entity/Q736	fr	Equateur
http://www.wikidata.org/entity/Q736	fr	L’Équateur
http://www.wikidata.org/entity/Q736	fr	la République d’Équateur
http://www.wikidata.org/entity/Q736	fr	République d'Équateur
http://www.wikidata.org/entity/Q736	fr	République de l'Équateur
http://www.wikidata.org/entity/Q73639	fr	Pogradetz
http://www.wikidata.org/entity/Q7379867	fr	rungtu chin
http://www.wikidata.org/entity/Q7383564	fr	Kiruund
http://www.wikidata.org/entity/Q739	fr	Col.
http://www.wikidata.org/entity/Q739	fr	la République de Colombie
http://www.wikidata.org/entity/Q739	fr	République de Colombie
http://www.wikidata.org/entity/Q7396479	fr	sabujá
http://www.wikidata.org/entity/Q7402721	fr	chak
http://www.wikidata.org/entity/Q7403607	fr	Salampasu
http://www.wikidata.org/entity/Q740832	fr	Djezqazghan
http://www.wikidata.org/entity/Q740832	fr	Zhezkazgan
http://www.wikidata.org/entity/Q7408415	fr	osamayi
http://www.wikidata.org/entity/Q7408415	fr	shamayé
http://www.wikidata.org/entity/Q7413390	fr	zapotèque de Pochutla du Nord-Ouest
http://www.wikidata.org/entity/Q7413390	fr	zapotèque de San Baltázar Loxicha
http://www.wikidata.org/entity/Q7413392	fr	zapotèque de San Bartolo Yautepec
http://www.wikidata.org/entity/Q7413392	fr	zapotèque de Yautepec du Nord-Ouest
http://www.wikidata.org/entity/Q7413841	fr	otomi central
http://www.wikidata.org/entity/Q7414598	fr	zapotèque de Miahuatlán de l'Est
http://www.wikidata.org/entity/Q7414598	fr	zapotèque de San Juan Mixtepec
http://www.wikidata.org/entity/Q7420514	fr	zapotèque de Miahuatlán de l'Ouest
http://www.wikidata.org/entity/Q7420514	fr	zapotèque de San Miguel
http://www.wikidata.org/entity/Q7420514	fr	zapotèque de Santa María Coatlán
http://www.wikidata.org/entity/Q7420922	fr	sapará
http://www.wikidata.org/entity/Q7428892	fr	sahouè
http://www.wikidata.org/entity/Q7428892	fr	sahwe
http://www.wikidata.org/entity/Q7428892	fr	saxwɛ
http://www.wikidata.org/entity/Q7436	fr	Gatchina
http://www.wikidata.org/entity/Q7446815	fr	seim
http://www.wikidata.org/entity/Q7448845	fr	seluarsa
http://www.wikidata.org/entity/Q746723	fr	mundurukú
http://www.wikidata.org/entity/Q748085	fr	Università degli Studi di Perugia
http://www.wikidata.org/entity/Q748085	fr	Università di Perugia
http://www.wikidata.org/entity/Q748106	fr	Beaux-Arts de Glasgow
http://www.wikidata.org/entity/Q748336	fr	Baat Dambang
http://www.wikidata.org/entity/Q748336	fr	Bătdâmbâng
http://www.wikidata.org/entity/Q7489783	fr	shark bay
http://www.wikidata.org/entity/Q7497605	fr	yungo
http://www.wikidata.org/entity/Q7499445	fr	makina
http://www.wikidata.org/entity/Q750	fr	l’État plurinational de Bolivie
http://www.wikidata.org/entity/Q7502	fr	Abanyum
http://www.wikidata.org/entity/Q7502	fr	Bakor
http://www.wikidata.org/entity/Q752348	fr	Citta Victoria
http://www.wikidata.org/entity/Q752348	fr	Citta' Victoria
http://www.wikidata.org/entity/Q752348	fr	Victoria
http://www.wikidata.org/entity/Q754	fr	République de Trinidad-et-Tobago
http://www.wikidata.org/entity/Q754	fr	République de Trinité-et-Tobago
http://www.wikidata.org/entity/Q754	fr	Trinidad-et-Tobago
http://www.wikidata.org/entity/Q754	fr	TT
http://www.wikidata.org/entity/Q755763	fr	Jijiga
http://www.wikidata.org/entity/Q755765	fr	Awasa
http://www.wikidata.org/entity/Q755765	fr	Awassa
http://www.wikidata.org/entity/Q7560536	fr	naga tangkhul
http://www.wikidata.org/entity/Q756126	fr	METU
http://www.wikidata.org/entity/Q756126	fr	Université Technique De Moyen Orient
http://www.wikidata.org/entity/Q756126	fr	Universite technique du Moyen-Orient
http://www.wikidata.org/entity/Q757	fr	Saint-Vincent-et-Grenadines
http://www.wikidata.org/entity/Q757	fr	SVG
http://www.wikidata.org/entity/Q757	fr	VC
http://www.wikidata.org/entity/Q7570194	fr	grand nicobar
http://www.wikidata.org/entity/Q75809	fr	Églises luthériennes
http://www.wikidata.org/entity/Q75809	fr	lutheranisme
http://www.wikidata.org/entity/Q75809	fr	lutherianisme
http://www.wikidata.org/entity/Q75809	fr	luthérianisme
http://www.wikidata.org/entity/Q75809	fr	luthérien
http://www.wikidata.org/entity/Q75809	fr	luthériens
http://www.wikidata.org/entity/Q75809	fr	messe luthérienne
http://www.wikidata.org/entity/Q75809	fr	protestantisme luthérien
http://www.wikidata.org/entity/Q75809	fr	théologie de Luther
http://www.wikidata.org/entity/Q75809	fr	théologie luthérienne
http://www.wikidata.org/entity/Q758570	fr	huaotededo
http://www.wikidata.org/entity/Q759984	fr	massalit
http://www.wikidata.org/entity/Q760	fr	LC
http://www.wikidata.org/entity/Q760	fr	Sainte Lucie
http://www.wikidata.org/entity/Q761	fr	Bialistock
http://www.wikidata.org/entity/Q763	fr	Fédération de Saint-Christophe-et-Niévès
http://www.wikidata.org/entity/Q763	fr	KN
http://www.wikidata.org/entity/Q763	fr	la fédération de Saint-Christophe-et-Niévès
http://www.wikidata.org/entity/Q763	fr	Saint-Christophe-et-Nevis
http://www.wikidata.org/entity/Q763	fr	Saint-Christopher-et-Nevis
http://www.wikidata.org/entity/Q763	fr	Saint-Kitts-et-Nevis
http://www.wikidata.org/entity/Q7630513	fr	asaba
http://www.wikidata.org/entity/Q7630513	fr	duranmin
http://www.wikidata.org/entity/Q7630687	fr	dialecte simbiti
http://www.wikidata.org/entity/Q7630687	fr	simbiti
http://www.wikidata.org/entity/Q7634706	fr	wagarabai
http://www.wikidata.org/entity/Q7637055	fr	sisumbwa
http://www.wikidata.org/entity/Q7650407	fr	kisundi
http://www.wikidata.org/entity/Q7650407	fr	kisuundi
http://www.wikidata.org/entity/Q7650407	fr	soundi
http://www.wikidata.org/entity/Q7650407	fr	suundi
http://www.wikidata.org/entity/Q766	fr	Jamaique
http://www.wikidata.org/entity/Q766	fr	la Jamaïque
http://www.wikidata.org/entity/Q7672849	fr	zapotec de Villa Alta central
http://www.wikidata.org/entity/Q7673650	fr	Kitabwa
http://www.wikidata.org/entity/Q7675188	fr	Tagbu
http://www.wikidata.org/entity/Q7675746	fr	taï do
http://www.wikidata.org/entity/Q7675798	fr	tai phake
http://www.wikidata.org/entity/Q7679530	fr	lubwisi
http://www.wikidata.org/entity/Q7679530	fr	talinga
http://www.wikidata.org/entity/Q7682361	fr	tangchangya
http://www.wikidata.org/entity/Q7684320	fr	tiwa du Nord
http://www.wikidata.org/entity/Q769	fr	gd
http://www.wikidata.org/entity/Q769	fr	GD
http://www.wikidata.org/entity/Q769	fr	grd
http://www.wikidata.org/entity/Q769	fr	la Grenade
http://www.wikidata.org/entity/Q77	fr	la République orientale de l’Uruguay
http://www.wikidata.org/entity/Q7708357	fr	papabuco
http://www.wikidata.org/entity/Q7708357	fr	zapotèque de San Lorenzo Texmelucan
http://www.wikidata.org/entity/Q7708357	fr	zapotèque de Sola de Vega central
http://www.wikidata.org/entity/Q7737	fr	langue russe
http://www.wikidata.org/entity/Q774	fr	GT
http://www.wikidata.org/entity/Q774	fr	Guatémala
http://www.wikidata.org/entity/Q774	fr	République du Guatémala
http://www.wikidata.org/entity/Q77433	fr	Leganes
http://www.wikidata.org/entity/Q774520	fr	UNIKIN
http://www.wikidata.org/entity/Q774520	fr	Université de Kinshasa
http://www.wikidata.org/entity/Q776223	fr	Montpellier (Hérault) -- Université de Montpellier
http://www.wikidata.org/entity/Q776223	fr	Université de Montpellier
http://www.wikidata.org/entity/Q776223	fr	Université de Montpellier (1289-1969)
http://www.wikidata.org/entity/Q776223	fr	Université de Montpellier (2015-2021)
http://www.wikidata.org/entity/Q776223	fr	Université de Montpellier (2022-....)
http://www.wikidata.org/entity/Q776223	fr	Université Montpellier
http://www.wikidata.org/entity/Q776965	fr	Memel
http://www.wikidata.org/entity/Q776965	fr	Mėmelis
http://www.wikidata.org/entity/Q778	fr	Commonwealth des Bahamas
http://www.wikidata.org/entity/Q778	fr	les Bahamas
http://www.wikidata.org/entity/Q779317	fr	Asymptote (Langage De Dessin Vectoriel)
http://www.wikidata.org/entity/Q779819	fr	OpenGL Shading Language
http://www.wikidata.org/entity/Q7802959	fr	zapotèque de San Miguel Tilquiapan
http://www.wikidata.org/entity/Q781	fr	Antigue-et-Barbude
http://www.wikidata.org/entity/Q7810685	fr	zapotèque d'Asunción Tlacolulita
http://www.wikidata.org/entity/Q7810685	fr	zapotèque de Yautepec du Sud-Est
http://www.wikidata.org/entity/Q782278	fr	Lépante
http://www.wikidata.org/entity/Q7824218	fr	tooro
http://www.wikidata.org/entity/Q782600	fr	université de Linkoping
http://www.wikidata.org/entity/Q7828390	fr	zapotèque de San Pedro Totomachapan
http://www.wikidata.org/entity/Q7828390	fr	zapotèque de Zimatlán de l'Ouest
http://www.wikidata.org/entity/Q7829037	fr	doura
http://www.wikidata.org/entity/Q783	fr	HN
http://www.wikidata.org/entity/Q783	fr	la République du Honduras
http://www.wikidata.org/entity/Q783	fr	République du Honduras
http://www.wikidata.org/entity/Q784	fr	dm
http://www.wikidata.org/entity/Q784	fr	DM
http://www.wikidata.org/entity/Q784	fr	Dominica
http://www.wikidata.org/entity/Q784	fr	Isle de la Dominique
http://www.wikidata.org/entity/Q784	fr	le Commonwealth de Dominique
http://www.wikidata.org/entity/Q7851988	fr	yokuts de Tule-Kaweah
http://www.wikidata.org/entity/Q7853636	fr	tura
http://www.wikidata.org/entity/Q7853636	fr	wen
http://www.wikidata.org/entity/Q786	fr	Dominicaine
http://www.wikidata.org/entity/Q786	fr	la République dominicaine
http://www.wikidata.org/entity/Q786	fr	Rep. Dominicaine
http://www.wikidata.org/entity/Q7862281	fr	tiri
http://www.wikidata.org/entity/Q7862789	fr	tɔli
http://www.wikidata.org/entity/Q7881227	fr	kenyah occidental
http://www.wikidata.org/entity/Q79	fr	Ég.
http://www.wikidata.org/entity/Q79	fr	République arabe d'Égypte
http://www.wikidata.org/entity/Q790	fr	Haiti
http://www.wikidata.org/entity/Q790	fr	HT
http://www.wikidata.org/entity/Q790	fr	la République d’Haïti
http://www.wikidata.org/entity/Q790	fr	République d'Haïti
http://www.wikidata.org/entity/Q7901979	fr	Chinantèque d'Usila
http://www.wikidata.org/entity/Q7903	fr	Ad-dar Al Bayda
http://www.wikidata.org/entity/Q7903	fr	ad-Dār al-Bayḍāʾ
http://www.wikidata.org/entity/Q7903	fr	Anfa
http://www.wikidata.org/entity/Q7903	fr	Commune de Casablanca
http://www.wikidata.org/entity/Q7903	fr	Maison Blanche
http://www.wikidata.org/entity/Q7903	fr	Ville de Casablanca
http://www.wikidata.org/entity/Q7904085	fr	Duduela
http://www.wikidata.org/entity/Q7917585	fr	hayu
http://www.wikidata.org/entity/Q7917585	fr	vayu
http://www.wikidata.org/entity/Q792	fr	El Salvador
http://www.wikidata.org/entity/Q792	fr	la République du Salvador
http://www.wikidata.org/entity/Q794	fr	La République Islamique d’Iran
http://www.wikidata.org/entity/Q794	fr	Perse
http://www.wikidata.org/entity/Q794	fr	République islamique d'Iran
http://www.wikidata.org/entity/Q794	fr	République islamique iranienne
http://www.wikidata.org/entity/Q7959888	fr	waia
http://www.wikidata.org/entity/Q796	fr	al-‘Irāq
http://www.wikidata.org/entity/Q796	fr	Iraq
http://www.wikidata.org/entity/Q796	fr	République d’Irak
http://www.wikidata.org/entity/Q7960056	fr	yanomami
http://www.wikidata.org/entity/Q7960726	fr	wajumará
http://www.wikidata.org/entity/Q7966946	fr	Laewamba
http://www.wikidata.org/entity/Q7966946	fr	Laewomba
http://www.wikidata.org/entity/Q7966946	fr	Laiwomba
http://www.wikidata.org/entity/Q7967085	fr	naga wancho
http://www.wikidata.org/entity/Q7967085	fr	wancho
http://www.wikidata.org/entity/Q7967334	fr	chalgari
http://www.wikidata.org/entity/Q7967334	fr	tarino
http://www.wikidata.org/entity/Q7967334	fr	tsalgari
http://www.wikidata.org/entity/Q7967334	fr	vanechi
http://www.wikidata.org/entity/Q7967334	fr	wanechi
http://www.wikidata.org/entity/Q7967334	fr	waneci
http://www.wikidata.org/entity/Q7967859	fr	wangganguru
http://www.wikidata.org/entity/Q7967989	fr	warnman
http://www.wikidata.org/entity/Q797302	fr	B (Langage)
http://www.wikidata.org/entity/Q797302	fr	Langage B
http://www.wikidata.org/entity/Q7975842	fr	wayampi
http://www.wikidata.org/entity/Q79857	fr	Iconium
http://www.wikidata.org/entity/Q79857	fr	Konieh
http://www.wikidata.org/entity/Q79857	fr	Qonya
http://www.wikidata.org/entity/Q79863	fr	Chreba
http://www.wikidata.org/entity/Q79863	fr	Staliniri
http://www.wikidata.org/entity/Q79863	fr	Tshinvali
http://www.wikidata.org/entity/Q79863	fr	Tskhinval
http://www.wikidata.org/entity/Q79863	fr	Цхинвал
http://www.wikidata.org/entity/Q79863	fr	ცხინვალი
http://www.wikidata.org/entity/Q7988202	fr	pwo du delta
http://www.wikidata.org/entity/Q7988202	fr	pwo occidental
http://www.wikidata.org/entity/Q7997684	fr	lushootseed du Sud
http://www.wikidata.org/entity/Q7997684	fr	salish puget
http://www.wikidata.org/entity/Q79980	fr	Benares
http://www.wikidata.org/entity/Q79980	fr	Kâshî
http://www.wikidata.org/entity/Q79980	fr	Varanaci
http://www.wikidata.org/entity/Q79980	fr	Vârânaçî
http://www.wikidata.org/entity/Q79980	fr	Varanasi
http://www.wikidata.org/entity/Q79980	fr	Vârânasî
http://www.wikidata.org/entity/Q79980	fr	Vārānasī
http://www.wikidata.org/entity/Q79990	fr	Chch
http://www.wikidata.org/entity/Q79990	fr	Christchurch District
http://www.wikidata.org/entity/Q79990	fr	District de Christchurch
http://www.wikidata.org/entity/Q800	fr	Costa-Rica
http://www.wikidata.org/entity/Q800	fr	CR
http://www.wikidata.org/entity/Q800	fr	CRC
http://www.wikidata.org/entity/Q800	fr	la République du Costa Rica
http://www.wikidata.org/entity/Q801	fr	État d'Israël
http://www.wikidata.org/entity/Q801	fr	État hébreu
http://www.wikidata.org/entity/Q801	fr	IL
http://www.wikidata.org/entity/Q801	fr	ISR
http://www.wikidata.org/entity/Q801	fr	Isr.
http://www.wikidata.org/entity/Q801	fr	Israel
http://www.wikidata.org/entity/Q801	fr	l’État d’Israël
http://www.wikidata.org/entity/Q8032058	fr	kiwongo
http://www.wikidata.org/entity/Q804	fr	la République du Panama
http://www.wikidata.org/entity/Q804	fr	pa
http://www.wikidata.org/entity/Q804	fr	PA
http://www.wikidata.org/entity/Q804	fr	PAN
http://www.wikidata.org/entity/Q804	fr	PM
http://www.wikidata.org/entity/Q804	fr	République du Panama
http://www.wikidata.org/entity/Q8042823	fr	zapotèque de Pochutla de l'Est
http://www.wikidata.org/entity/Q8042823	fr	zapotèque de Santa María Xadani
http://www.wikidata.org/entity/Q8042887	fr	diidz zë
http://www.wikidata.org/entity/Q8042887	fr	zapotèque de Santa Catarina Xanaguía
http://www.wikidata.org/entity/Q8042924	fr	Zapotèque de Xanica
http://www.wikidata.org/entity/Q8044571	fr	asuriní du Xingu
http://www.wikidata.org/entity/Q8044745	fr	shipinawa
http://www.wikidata.org/entity/Q8047026	fr	Kinyarwanda
http://www.wikidata.org/entity/Q8047468	fr	yali
http://www.wikidata.org/entity/Q80484	fr	Pataliputra
http://www.wikidata.org/entity/Q80484	fr	Pâtaliputra
http://www.wikidata.org/entity/Q80484	fr	Patnâ
http://www.wikidata.org/entity/Q8048928	fr	cobari kobali
http://www.wikidata.org/entity/Q8048928	fr	cobariwa
http://www.wikidata.org/entity/Q8048928	fr	guaharibo
http://www.wikidata.org/entity/Q8048928	fr	guaica
http://www.wikidata.org/entity/Q8048928	fr	guajaribo
http://www.wikidata.org/entity/Q8048928	fr	ianomami
http://www.wikidata.org/entity/Q8048928	fr	shamatar
http://www.wikidata.org/entity/Q8048928	fr	yanoama
http://www.wikidata.org/entity/Q8048928	fr	yanoamae
http://www.wikidata.org/entity/Q8048928	fr	yanoamï
http://www.wikidata.org/entity/Q8048928	fr	yanomame
http://www.wikidata.org/entity/Q8048928	fr	yanomami
http://www.wikidata.org/entity/Q8048928	fr	yanomamï
http://www.wikidata.org/entity/Q8048928	fr	yanomamo
http://www.wikidata.org/entity/Q8049598	fr	yarumá
http://www.wikidata.org/entity/Q805	fr	la République du Yémen
http://www.wikidata.org/entity/Q8050300	fr	zapotèque de Zegache
http://www.wikidata.org/entity/Q8050300	fr	zapotèque de Zimatlán du Sud-Est
http://www.wikidata.org/entity/Q8050392	fr	zapotèque de Latuvi
http://www.wikidata.org/entity/Q8050392	fr	zapotèque de Yavesía
http://www.wikidata.org/entity/Q8050724	fr	Dongyean
http://www.wikidata.org/entity/Q8050724	fr	Maek
http://www.wikidata.org/entity/Q8050724	fr	Ye
http://www.wikidata.org/entity/Q8050724	fr	Yemaek
http://www.wikidata.org/entity/Q805122	fr	Ball State University
http://www.wikidata.org/entity/Q805122	fr	Université de Ball State
http://www.wikidata.org/entity/Q8053020	fr	yetfa
http://www.wikidata.org/entity/Q8053347	fr	shiyeyi
http://www.wikidata.org/entity/Q8053828	fr	dangedl
http://www.wikidata.org/entity/Q8063390	fr	zapotèque de San Raymundo Jalpan
http://www.wikidata.org/entity/Q8066220	fr	papabuco
http://www.wikidata.org/entity/Q8066220	fr	zapotèque de Santa María Zaniza
http://www.wikidata.org/entity/Q8066220	fr	zapotèque de Sola de Vega de l'Ouest
http://www.wikidata.org/entity/Q8072460	fr	luzinza
http://www.wikidata.org/entity/Q8072753	fr	nerë
http://www.wikidata.org/entity/Q8072753	fr	sîchë
http://www.wikidata.org/entity/Q8072753	fr	zire
http://www.wikidata.org/entity/Q8074100	fr	zapotèque de San Bartolomé Zoogocho
http://www.wikidata.org/entity/Q80985	fr	Fassi
http://www.wikidata.org/entity/Q80985	fr	Fes
http://www.wikidata.org/entity/Q80985	fr	Fez
http://www.wikidata.org/entity/Q80985	fr	Fèz
http://www.wikidata.org/entity/Q80989	fr	Bophal
http://www.wikidata.org/entity/Q810	fr	Jord.
http://www.wikidata.org/entity/Q810	fr	Royaume hachémite de Jordanie
http://www.wikidata.org/entity/Q81033	fr	La ciudad de las montañas
http://www.wikidata.org/entity/Q81033	fr	La sultana del norte
http://www.wikidata.org/entity/Q81033	fr	Monterrey NL
http://www.wikidata.org/entity/Q810378	fr	Basco-Islandais
http://www.wikidata.org/entity/Q811	fr	la République du Nicaragua
http://www.wikidata.org/entity/Q811	fr	NCA
http://www.wikidata.org/entity/Q811	fr	ni
http://www.wikidata.org/entity/Q811	fr	NI
http://www.wikidata.org/entity/Q811	fr	NIC
http://www.wikidata.org/entity/Q811	fr	République du Nicaragua
http://www.wikidata.org/entity/Q811	fr	République nicaraguayenne
http://www.wikidata.org/entity/Q81137	fr	Olmutz
http://www.wikidata.org/entity/Q81137	fr	Olmütz
http://www.wikidata.org/entity/Q81294	fr	Wolfram Mathematica
http://www.wikidata.org/entity/Q813	fr	Kirghizie
http://www.wikidata.org/entity/Q813	fr	Kirghizstan
http://www.wikidata.org/entity/Q813	fr	République kirghize
http://www.wikidata.org/entity/Q81348	fr	C moins moins
http://www.wikidata.org/entity/Q81398	fr	Acapulco de Juarez
http://www.wikidata.org/entity/Q81398	fr	Acapulco de Juárez
http://www.wikidata.org/entity/Q81398	fr	General Juan N. Alvarez
http://www.wikidata.org/entity/Q815352	fr	California State University
http://www.wikidata.org/entity/Q815352	fr	CSU
http://www.wikidata.org/entity/Q815352	fr	Universite d'Etat de Californie
http://www.wikidata.org/entity/Q815352	fr	Université d'État de californie
http://www.wikidata.org/entity/Q815721	fr	Neisse
http://www.wikidata.org/entity/Q815721	fr	Neiße
http://www.wikidata.org/entity/Q81581	fr	Segedin
http://www.wikidata.org/entity/Q81581	fr	Seghedin
http://www.wikidata.org/entity/Q816145	fr	Université d'Etat de Bélarus diInformatique et de radioélectronique
http://www.wikidata.org/entity/Q81621	fr	Fort-Royal
http://www.wikidata.org/entity/Q81621	fr	Foyalais
http://www.wikidata.org/entity/Q81621	fr	Morne Calebasse
http://www.wikidata.org/entity/Q816699	fr	Culembourg
http://www.wikidata.org/entity/Q817	fr	Koweit
http://www.wikidata.org/entity/Q817	fr	Kuwait
http://www.wikidata.org/entity/Q817	fr	l’État du Koweït
http://www.wikidata.org/entity/Q81788	fr	Giza
http://www.wikidata.org/entity/Q81788	fr	Gîza
http://www.wikidata.org/entity/Q81788	fr	Gizèh
http://www.wikidata.org/entity/Q81788	fr	Gizhe
http://www.wikidata.org/entity/Q81788	fr	Guizé
http://www.wikidata.org/entity/Q81788	fr	Guizèh
http://www.wikidata.org/entity/Q819	fr	LAO
http://www.wikidata.org/entity/Q819	fr	République démocratique populaire lao
http://www.wikidata.org/entity/Q819	fr	République populaire démocratique du Laos
http://www.wikidata.org/entity/Q820235	fr	San Cristobal
http://www.wikidata.org/entity/Q82059	fr	Indice Nasdaq
http://www.wikidata.org/entity/Q82059	fr	National Association of Securities Dealers Automated Quotation system
http://www.wikidata.org/entity/Q82059	fr	National Association of Securities Dealers Automated Quotations
http://www.wikidata.org/entity/Q82070	fr	Royaume de Tyr
http://www.wikidata.org/entity/Q82070	fr	Sour
http://www.wikidata.org/entity/Q82070	fr	Tyriote
http://www.wikidata.org/entity/Q820887	fr	Università degli Studi di Firenze
http://www.wikidata.org/entity/Q82185	fr	Rochelle
http://www.wikidata.org/entity/Q822	fr	République libanaise
http://www.wikidata.org/entity/Q822679	fr	Garoowe
http://www.wikidata.org/entity/Q822679	fr	Garōwe
http://www.wikidata.org/entity/Q82500	fr	Saint-Hippolyte
http://www.wikidata.org/entity/Q82500	fr	Saint-Pölten
http://www.wikidata.org/entity/Q82500	fr	Sankt Poelten
http://www.wikidata.org/entity/Q82500	fr	Sankt Polten
http://www.wikidata.org/entity/Q82500	fr	Sankt-Poelten
http://www.wikidata.org/entity/Q82500	fr	Sankt-Pölten
http://www.wikidata.org/entity/Q82500	fr	St. Pölten
http://www.wikidata.org/entity/Q826	fr	îles Maldives
http://www.wikidata.org/entity/Q826	fr	la République des Maldives
http://www.wikidata.org/entity/Q826	fr	MV
http://www.wikidata.org/entity/Q82765	fr	Allenstein
http://www.wikidata.org/entity/Q83189	fr	Goiania
http://www.wikidata.org/entity/Q832026	fr	langues jiarong
http://www.wikidata.org/entity/Q83285	fr	Durres
http://www.wikidata.org/entity/Q83285	fr	Durrësi
http://www.wikidata.org/entity/Q83285	fr	Dyrrachion
http://www.wikidata.org/entity/Q83285	fr	Dyrrachium
http://www.wikidata.org/entity/Q83285	fr	Dyrrhachium
http://www.wikidata.org/entity/Q83285	fr	Épidamne
http://www.wikidata.org/entity/Q83285	fr	Epidamnos
http://www.wikidata.org/entity/Q833	fr	Fédération de Malaisie
http://www.wikidata.org/entity/Q833	fr	Fédération malaise
http://www.wikidata.org/entity/Q833	fr	MAS
http://www.wikidata.org/entity/Q833016	fr	Tacuarembo
http://www.wikidata.org/entity/Q83387	fr	Diarbékir
http://www.wikidata.org/entity/Q83387	fr	Diyarbakir
http://www.wikidata.org/entity/Q83387	fr	Diyarbekir
http://www.wikidata.org/entity/Q83387	fr	Dyarbekir
http://www.wikidata.org/entity/Q83495	fr	La Matrice
http://www.wikidata.org/entity/Q83495	fr	The Matrix
http://www.wikidata.org/entity/Q835960	fr	Universidade de Sao Paulo
http://www.wikidata.org/entity/Q835960	fr	Universidade de São Paulo
http://www.wikidata.org/entity/Q836	fr	Myanmar
http://www.wikidata.org/entity/Q836	fr	République de l’Union de Birmanie
http://www.wikidata.org/entity/Q836	fr	République de l'Union du Myanmar
http://www.wikidata.org/entity/Q836805	fr	Chalmers
http://www.wikidata.org/entity/Q836805	fr	Chalmers tekniska högskola
http://www.wikidata.org/entity/Q837	fr	la République démocratique fédérale du Népal
http://www.wikidata.org/entity/Q837	fr	Nepal
http://www.wikidata.org/entity/Q837	fr	Nipal
http://www.wikidata.org/entity/Q837	fr	np
http://www.wikidata.org/entity/Q837	fr	Paï-pou
http://www.wikidata.org/entity/Q837	fr	République démocratique fédérale du Népal
http://www.wikidata.org/entity/Q837169	fr	ancien mandarin
http://www.wikidata.org/entity/Q83786	fr	Simla
http://www.wikidata.org/entity/Q839669	fr	université Patrice Lumumba
http://www.wikidata.org/entity/Q839669	fr	université Patrice-Lumumba
http://www.wikidata.org/entity/Q840543	fr	Generateur automatique de programmes
http://www.wikidata.org/entity/Q841704	fr	i’saka
http://www.wikidata.org/entity/Q842	fr	le Sultanat d’Oman
http://www.wikidata.org/entity/Q842	fr	om
http://www.wikidata.org/entity/Q842	fr	OMA
http://www.wikidata.org/entity/Q842	fr	Sultanat d’Oman
http://www.wikidata.org/entity/Q842869	fr	Bərdə
http://www.wikidata.org/entity/Q843	fr	la République islamique du Pakistan
http://www.wikidata.org/entity/Q843	fr	PAK
http://www.wikidata.org/entity/Q843	fr	pk
http://www.wikidata.org/entity/Q843	fr	PK
http://www.wikidata.org/entity/Q843	fr	République islamique du Pakistan
http://www.wikidata.org/entity/Q843138	fr	Bhadgaon
http://www.wikidata.org/entity/Q844417	fr	La ville de pierre de Zanzibar
http://www.wikidata.org/entity/Q844430	fr	Île de Phuket
http://www.wikidata.org/entity/Q845662	fr	Masulipatam
http://www.wikidata.org/entity/Q845662	fr	Masulipatnam
http://www.wikidata.org/entity/Q845662	fr	Mazulipatam
http://www.wikidata.org/entity/Q845720	fr	Sancti Spiritus
http://www.wikidata.org/entity/Q846	fr	Katar
http://www.wikidata.org/entity/Q846	fr	l’État du Qatar
http://www.wikidata.org/entity/Q846	fr	Qa.
http://www.wikidata.org/entity/Q847064	fr	Frananglais
http://www.wikidata.org/entity/Q8475	fr	International Police
http://www.wikidata.org/entity/Q8475	fr	ORGANISATION INTERNAT POLICE CRIMINELLE
http://www.wikidata.org/entity/Q8475	fr	Organisation internationale de police criminelle
http://www.wikidata.org/entity/Q848638	fr	Türkistan
http://www.wikidata.org/entity/Q849524	fr	Mostaghanem
http://www.wikidata.org/entity/Q849561	fr	El Asnam
http://www.wikidata.org/entity/Q849561	fr	El-Asnam
http://www.wikidata.org/entity/Q849561	fr	Orléansville
http://www.wikidata.org/entity/Q849751	fr	Universite York
http://www.wikidata.org/entity/Q849751	fr	York University
http://www.wikidata.org/entity/Q849751	fr	Yorku
http://www.wikidata.org/entity/Q850247	fr	Universite de Constantinople
http://www.wikidata.org/entity/Q851	fr	Arabie Saoudite
http://www.wikidata.org/entity/Q851	fr	Arabie séoudite
http://www.wikidata.org/entity/Q851	fr	Arabie Séoudite
http://www.wikidata.org/entity/Q851	fr	Royaume d’Arabie saoudite
http://www.wikidata.org/entity/Q851	fr	Royaume d’Arabie séoudite
http://www.wikidata.org/entity/Q851	fr	SA
http://www.wikidata.org/entity/Q851164	fr	Université de Sciences économiques de Budapest
http://www.wikidata.org/entity/Q851164	fr	Université de Sciences économiques Karl-Marx
http://www.wikidata.org/entity/Q853414	fr	grec cappadocien
http://www.wikidata.org/entity/Q854	fr	Ceylan
http://www.wikidata.org/entity/Q854	fr	île de Ceylan
http://www.wikidata.org/entity/Q854	fr	la République socialiste démocratique de Sri Lanka
http://www.wikidata.org/entity/Q854	fr	LK
http://www.wikidata.org/entity/Q854	fr	Serendib
http://www.wikidata.org/entity/Q854	fr	Taprobane
http://www.wikidata.org/entity/Q854280	fr	École polytechnique royale
http://www.wikidata.org/entity/Q854280	fr	École royale polytechnique
http://www.wikidata.org/entity/Q854280	fr	KTH
http://www.wikidata.org/entity/Q854280	fr	Kungliga tekniska hogskolan
http://www.wikidata.org/entity/Q854280	fr	Kungliga tekniska högskolan
http://www.wikidata.org/entity/Q854280	fr	Royal Institute of Technology
http://www.wikidata.org/entity/Q85449	fr	Institut polytechnique de Kyiv
http://www.wikidata.org/entity/Q85449	fr	KPI
http://www.wikidata.org/entity/Q85449	fr	NTUU KPI
http://www.wikidata.org/entity/Q858	fr	République arabe syrienne
http://www.wikidata.org/entity/Q85805206	fr	tarama-minna
http://www.wikidata.org/entity/Q860654	fr	Meta language
http://www.wikidata.org/entity/Q863	fr	la République du Tadjikistan
http://www.wikidata.org/entity/Q863	fr	TJ
http://www.wikidata.org/entity/Q863721	fr	tunia
http://www.wikidata.org/entity/Q863813	fr	Binghamton University
http://www.wikidata.org/entity/Q863813	fr	université Binghamton
http://www.wikidata.org/entity/Q863813	fr	université d'État de New York à Binghamton
http://www.wikidata.org/entity/Q8646	fr	H. K.
http://www.wikidata.org/entity/Q8646	fr	H.-K.
http://www.wikidata.org/entity/Q8646	fr	hk
http://www.wikidata.org/entity/Q8646	fr	HK
http://www.wikidata.org/entity/Q8646	fr	HK.
http://www.wikidata.org/entity/Q8646	fr	Hong-kong
http://www.wikidata.org/entity/Q8646	fr	RAS de Hong Kong
http://www.wikidata.org/entity/Q8646	fr	RAS de Hong Kong, Chine
http://www.wikidata.org/entity/Q865	fr	Chine nationaliste
http://www.wikidata.org/entity/Q865	fr	Formose
http://www.wikidata.org/entity/Q865	fr	RDC
http://www.wikidata.org/entity/Q865	fr	république de Chine
http://www.wikidata.org/entity/Q865	fr	république nationaliste de Chine
http://www.wikidata.org/entity/Q865	fr	Taiwan
http://www.wikidata.org/entity/Q865	fr	TW
http://www.wikidata.org/entity/Q8673	fr	Ibadan Lagos Kano
http://www.wikidata.org/entity/Q868203	fr	Oshogbo
http://www.wikidata.org/entity/Q8684	fr	Gyeongseong
http://www.wikidata.org/entity/Q8684	fr	Hanseong
http://www.wikidata.org/entity/Q8684	fr	Kenghi
http://www.wikidata.org/entity/Q8684	fr	Seoul
http://www.wikidata.org/entity/Q8684	fr	Sŏul
http://www.wikidata.org/entity/Q8684	fr	Ville spéciale de Séoul
http://www.wikidata.org/entity/Q8684	fr	Wiryeseong
http://www.wikidata.org/entity/Q869	fr	Royaume de Thailande
http://www.wikidata.org/entity/Q869	fr	Royaume de Thaïlande
http://www.wikidata.org/entity/Q869	fr	Siam
http://www.wikidata.org/entity/Q869	fr	th
http://www.wikidata.org/entity/Q869	fr	THA
http://www.wikidata.org/entity/Q869	fr	Thaïl
http://www.wikidata.org/entity/Q869	fr	Thaïl.
http://www.wikidata.org/entity/Q869	fr	Thailande
http://www.wikidata.org/entity/Q8693	fr	Coswig/Saxe
http://www.wikidata.org/entity/Q871369	fr	Mozarteum de Salzbourg
http://www.wikidata.org/entity/Q874	fr	Turkménie
http://www.wikidata.org/entity/Q874	fr	Turkmenistan
http://www.wikidata.org/entity/Q877925	fr	Queen's University Belfast
http://www.wikidata.org/entity/Q878	fr	É.A.U.
http://www.wikidata.org/entity/Q878	fr	Émir. ar. unis
http://www.wikidata.org/entity/Q878	fr	Émirats
http://www.wikidata.org/entity/Q878	fr	Émirats Arabes Unis
http://www.wikidata.org/entity/Q878	fr	les Émirats arabes unis
http://www.wikidata.org/entity/Q8786	fr	alémanique alsacien
http://www.wikidata.org/entity/Q8786	fr	alémanique d'Alsace
http://www.wikidata.org/entity/Q88	fr	Municipalité d'Alexandria
http://www.wikidata.org/entity/Q880301	fr	Francais cadien
http://www.wikidata.org/entity/Q880301	fr	Français cajun
http://www.wikidata.org/entity/Q880301	fr	Français de Louisiane
http://www.wikidata.org/entity/Q880301	fr	frc
http://www.wikidata.org/entity/Q881	fr	la République socialiste du Vietnam
http://www.wikidata.org/entity/Q881	fr	Viet Nam
http://www.wikidata.org/entity/Q881	fr	Viêt Nam
http://www.wikidata.org/entity/Q881	fr	Việt Nam
http://www.wikidata.org/entity/Q881	fr	Viet-Nam
http://www.wikidata.org/entity/Q881	fr	Viêt-Nam
http://www.wikidata.org/entity/Q881	fr	Viêtnam
http://www.wikidata.org/entity/Q881	fr	VN
http://www.wikidata.org/entity/Q8826	fr	Palma de Majorque
http://www.wikidata.org/entity/Q8826	fr	Palma de Mallorca
http://www.wikidata.org/entity/Q884	fr	Cor. du Sud
http://www.wikidata.org/entity/Q884	fr	Coree du Sud
http://www.wikidata.org/entity/Q884	fr	Corée Du Sud
http://www.wikidata.org/entity/Q884	fr	Hanguk
http://www.wikidata.org/entity/Q884	fr	la République de Corée
http://www.wikidata.org/entity/Q884	fr	République de Corée
http://www.wikidata.org/entity/Q889	fr	Af.
http://www.wikidata.org/entity/Q889	fr	pays des Cavaliers
http://www.wikidata.org/entity/Q890884	fr	UEM
http://www.wikidata.org/entity/Q890884	fr	Universidade Eduardo Mondlane
http://www.wikidata.org/entity/Q892948	fr	Boo (Langage)
http://www.wikidata.org/entity/Q895194	fr	Creole bourbonnais
http://www.wikidata.org/entity/Q895194	fr	Créole Bourbonnais
http://www.wikidata.org/entity/Q895194	fr	Créole mascarin
http://www.wikidata.org/entity/Q895194	fr	Créole Mascarin (ou créole bourbonnais)
http://www.wikidata.org/entity/Q902	fr	la République populaire du Bangladesh
http://www.wikidata.org/entity/Q9027	fr	langue suédoise
http://www.wikidata.org/entity/Q903092	fr	Université Lajos Kossuth
http://www.wikidata.org/entity/Q9043	fr	langue norvégienne
http://www.wikidata.org/entity/Q9051	fr	langue luxembourgeoise
http://www.wikidata.org/entity/Q9067	fr	hongrois moderne
http://www.wikidata.org/entity/Q9067	fr	hu
http://www.wikidata.org/entity/Q9067	fr	langue hongroise
http://www.wikidata.org/entity/Q9067	fr	langue magyare
http://www.wikidata.org/entity/Q9067	fr	magyar
http://www.wikidata.org/entity/Q9078	fr	latviešu valoda
http://www.wikidata.org/entity/Q9078	fr	lette
http://www.wikidata.org/entity/Q9091	fr	biélorussien
http://www.wikidata.org/entity/Q912	fr	République du Mali
http://www.wikidata.org/entity/Q916	fr	république d'Angola
http://www.wikidata.org/entity/Q9168	fr	farsi
http://www.wikidata.org/entity/Q9168	fr	iranien
http://www.wikidata.org/entity/Q9168	fr	langue persane
http://www.wikidata.org/entity/Q9168	fr	langue perse
http://www.wikidata.org/entity/Q9168	fr	parsi
http://www.wikidata.org/entity/Q9168	fr	perse
http://www.wikidata.org/entity/Q917	fr	BT
http://www.wikidata.org/entity/Q917	fr	le Royaume du Bhoutan
http://www.wikidata.org/entity/Q9192	fr	chinois
http://www.wikidata.org/entity/Q9192	fr	chinois mandarin
http://www.wikidata.org/entity/Q9205	fr	cambodgien
http://www.wikidata.org/entity/Q9205	fr	khmer central
http://www.wikidata.org/entity/Q921	fr	BN
http://www.wikidata.org/entity/Q921	fr	Brunéi
http://www.wikidata.org/entity/Q921	fr	Brunéi Darussalam
http://www.wikidata.org/entity/Q921	fr	le Brunei Darussalam
http://www.wikidata.org/entity/Q9217	fr	siamois
http://www.wikidata.org/entity/Q92212	fr	Oppeln
http://www.wikidata.org/entity/Q923610	fr	Université pontificale catholique du minas gerais
http://www.wikidata.org/entity/Q924	fr	la république unie de Tanzanie
http://www.wikidata.org/entity/Q924	fr	république unie de Tanzanie
http://www.wikidata.org/entity/Q924	fr	république-unie de Tanzanie
http://www.wikidata.org/entity/Q92561	fr	London (Ontario)
http://www.wikidata.org/entity/Q928	fr	Îles Philippines
http://www.wikidata.org/entity/Q928	fr	la République des Philippines
http://www.wikidata.org/entity/Q928	fr	Phil.
http://www.wikidata.org/entity/Q928	fr	République des Philippines
http://www.wikidata.org/entity/Q928	fr	RP
http://www.wikidata.org/entity/Q9288	fr	langue hébreue
http://www.wikidata.org/entity/Q9288	fr	langue hébreuse
http://www.wikidata.org/entity/Q929	fr	Centrafrique
http://www.wikidata.org/entity/Q929	fr	CF
http://www.wikidata.org/entity/Q929	fr	la République
http://www.wikidata.org/entity/Q929	fr	Rep. Centrafrique
http://www.wikidata.org/entity/Q9299	fr	langue serbe
http://www.wikidata.org/entity/Q930528	fr	Université de trente
http://www.wikidata.org/entity/Q9307	fr	langue galicienne
http://www.wikidata.org/entity/Q93230	fr	Râwalpindî
http://www.wikidata.org/entity/Q93230	fr	Rāwalpindi
http://www.wikidata.org/entity/Q932886	fr	Kadikeuy
http://www.wikidata.org/entity/Q932886	fr	Kadikoy
http://www.wikidata.org/entity/Q932886	fr	Kadiköy
http://www.wikidata.org/entity/Q932886	fr	Kadıkoy
http://www.wikidata.org/entity/Q932901	fr	Khashuri
http://www.wikidata.org/entity/Q93323	fr	Chrzanow
http://www.wikidata.org/entity/Q93338	fr	Aintab
http://www.wikidata.org/entity/Q93338	fr	Antep
http://www.wikidata.org/entity/Q935886	fr	Losail
http://www.wikidata.org/entity/Q9365	fr	Stalinabad
http://www.wikidata.org/entity/Q940919	fr	Université de la vallée de l'Utah
http://www.wikidata.org/entity/Q943759	fr	Université nationale d eHô-Chi-Minh-Ville
http://www.wikidata.org/entity/Q943759	fr	Université nationale d’Hô Chi Minh
http://www.wikidata.org/entity/Q943759	fr	Universite nationale d’Ho-Chi-Minh-Ville
http://www.wikidata.org/entity/Q943759	fr	Université nationale d'Hô-Chi-Minh-Ville
http://www.wikidata.org/entity/Q943759	fr	Université nationale d’hô-chi-minh-ville
http://www.wikidata.org/entity/Q94473	fr	université d'État médicale I. Ia Horbatchevsky de Ternopil
http://www.wikidata.org/entity/Q945	fr	la République togolaise
http://www.wikidata.org/entity/Q945	fr	République togolaise
http://www.wikidata.org/entity/Q948	fr	République tunisienne
http://www.wikidata.org/entity/Q948	fr	TN
http://www.wikidata.org/entity/Q948	fr	Tun.
http://www.wikidata.org/entity/Q948514	fr	witoto mɨnɨca
http://www.wikidata.org/entity/Q949746	fr	Cox's Bazaar
http://www.wikidata.org/entity/Q949746	fr	Coxs bazar
http://www.wikidata.org/entity/Q949746	fr	Palongkee
http://www.wikidata.org/entity/Q949746	fr	Panowa
http://www.wikidata.org/entity/Q949746	fr	কক্স বাজার
http://www.wikidata.org/entity/Q951305	fr	université de Cape Town
http://www.wikidata.org/entity/Q953	fr	République de Zambie
http://www.wikidata.org/entity/Q953	fr	zm
http://www.wikidata.org/entity/Q953	fr	ZM
http://www.wikidata.org/entity/Q953421	fr	Université panteion
http://www.wikidata.org/entity/Q954	fr	République du Zimbabwe
http://www.wikidata.org/entity/Q954	fr	République du Zimbabwé
http://www.wikidata.org/entity/Q954	fr	Zimbabwé
http://www.wikidata.org/entity/Q956	fr	Pe-king
http://www.wikidata.org/entity/Q956	fr	Pé-king
http://www.wikidata.org/entity/Q956	fr	Péking
http://www.wikidata.org/entity/Q958	fr	République du Soudan du Sud
http://www.wikidata.org/entity/Q958	fr	Soudan-du-Sud
http://www.wikidata.org/entity/Q958	fr	Sud Soudan
http://www.wikidata.org/entity/Q958	fr	Sud-Soudan
http://www.wikidata.org/entity/Q96	fr	États-Unis du Mexique
http://www.wikidata.org/entity/Q96	fr	États-Unis mexicains
http://www.wikidata.org/entity/Q96	fr	Mex.
http://www.wikidata.org/entity/Q962	fr	Benin
http://www.wikidata.org/entity/Q962	fr	BJ
http://www.wikidata.org/entity/Q962	fr	la République du Bénin
http://www.wikidata.org/entity/Q962	fr	République du Bénin
http://www.wikidata.org/entity/Q963	fr	la République du Botswana
http://www.wikidata.org/entity/Q965	fr	bf
http://www.wikidata.org/entity/Q965	fr	BF
http://www.wikidata.org/entity/Q965	fr	Burk. F.
http://www.wikidata.org/entity/Q965	fr	Burk. Faso
http://www.wikidata.org/entity/Q965	fr	Burkina
http://www.wikidata.org/entity/Q965	fr	le Burkina Faso
http://www.wikidata.org/entity/Q965	fr	Pays des Hommes intègres
http://www.wikidata.org/entity/Q967	fr	la République du Burundi
http://www.wikidata.org/entity/Q967	fr	République du Burundi
http://www.wikidata.org/entity/Q970	fr	l’Union des Comores
http://www.wikidata.org/entity/Q970	fr	Union des Comores
http://www.wikidata.org/entity/Q971	fr	CG
http://www.wikidata.org/entity/Q971	fr	Congo
http://www.wikidata.org/entity/Q971	fr	Congo Brazza
http://www.wikidata.org/entity/Q971	fr	Congo-Brazzaville
http://www.wikidata.org/entity/Q971	fr	RC
http://www.wikidata.org/entity/Q973097	fr	Langage de programmation J Plus Plus
http://www.wikidata.org/entity/Q973685	fr	tchérémisse
http://www.wikidata.org/entity/Q974	fr	CD
http://www.wikidata.org/entity/Q974	fr	Congo
http://www.wikidata.org/entity/Q974	fr	Congo-Kinshasa
http://www.wikidata.org/entity/Q974	fr	RD Congo
http://www.wikidata.org/entity/Q974	fr	RDC
http://www.wikidata.org/entity/Q974	fr	Rep. Dem.congo
http://www.wikidata.org/entity/Q974	fr	Zaïre
http://www.wikidata.org/entity/Q977	fr	la République de Djibouti
http://www.wikidata.org/entity/Q978185	fr	.ts
http://www.wikidata.org/entity/Q978185	fr	TS
http://www.wikidata.org/entity/Q983	fr	Guinee Equat.
http://www.wikidata.org/entity/Q983	fr	Guinée Équatoriale
http://www.wikidata.org/entity/Q983	fr	Guinée-Équatoriale
http://www.wikidata.org/entity/Q983	fr	la République de Guinée équatoriale
http://www.wikidata.org/entity/Q986	fr	ER
http://www.wikidata.org/entity/Q986	fr	Erythrée
http://www.wikidata.org/entity/Q986	fr	État d'Érythrée
http://www.wikidata.org/entity/Q986984	fr	Neustadt
http://www.wikidata.org/entity/Q986984	fr	Neustadt in Oberschlesien
http://www.wikidata.org/entity/Q9920	fr	Haerlem
http://www.wikidata.org/entity/Q994	fr	Tiflis
http://www.wikidata.org/entity/Q995265	fr	Bryn Mawr College
