sourceEntityId	propertyId	targetEntityId	relationLabel
http://www.wikidata.org/entity/Q1000	P31	Q6256	instance-of
http://www.wikidata.org/entity/Q10006	P31	Q515	instance-of
http://www.wikidata.org/entity/Q10014	P31	Q515	instance-of
http://www.wikidata.org/entity/Q100148307	P31	Q34770	instance-of
http://www.wikidata.org/entity/Q100188	P31	Q515	instance-of
http://www.wikidata.org/entity/Q100271134	P31	Q34770	instance-of
http://www.wikidata.org/entity/Q1002996	P31	Q9143	instance-of
http://www.wikidata.org/entity/Q1003496	P31	Q515	instance-of
http://www.wikidata.org/entity/Q1005	P31	Q6256	instance-of
http://www.wikidata.org/entity/Q1006	P31	Q6256	instance-of
http://www.wikidata.org/entity/Q1007	P31	Q6256	instance-of
http://www.wikidata.org/entity/Q1008	P31	Q6256	instance-of
http://www.wikidata.org/entity/Q10086	P31	Q515	instance-of
http://www.wikidata.org/entity/Q1009	P31	Q6256	instance-of
http://www.wikidata.org/entity/Q1011	P31	Q6256	instance-of
http://www.wikidata.org/entity/Q101145386	P31	Q34770	instance-of
http://www.wikidata.org/entity/Q1012	P31	Q515	instance-of
http://www.wikidata.org/entity/Q1013	P31	Q6256	instance-of
http://www.wikidata.org/entity/Q1014	P31	Q6256	instance-of
http://www.wikidata.org/entity/Q101418	P31	Q515	instance-of
http://www.wikidata.org/entity/Q1015	P31	Q515	instance-of
http://www.wikidata.org/entity/Q101530	P31	Q515	instance-of
http://www.wikidata.org/entity/Q1016	P31	Q6256	instance-of
http://www.wikidata.org/entity/Q10179	P31	Q34770	instance-of
http://www.wikidata.org/entity/Q1019	P31	Q6256	instance-of
http://www.wikidata.org/entity/Q10195	P31	Q34770	instance-of
http://www.wikidata.org/entity/Q10199	P31	Q34770	instance-of
http://www.wikidata.org/entity/Q1020	P31	Q6256	instance-of
http://www.wikidata.org/entity/Q10206	P31	Q34770	instance-of
http://www.wikidata.org/entity/Q1021	P31	Q515	instance-of
http://www.wikidata.org/entity/Q102225	P31	Q11424	instance-of
http://www.wikidata.org/entity/Q1022268	P31	Q9143	instance-of
http://www.wikidata.org/entity/Q102235	P31	Q11424	instance-of
http://www.wikidata.org/entity/Q102244	P31	Q11424	instance-of
http://www.wikidata.org/entity/Q1022488	P31	Q515	instance-of
http://www.wikidata.org/entity/Q102317	P31	Q515	instance-of
http://www.wikidata.org/entity/Q102350	P31	Q515	instance-of
http://www.wikidata.org/entity/Q102397	P31	Q515	instance-of
http://www.wikidata.org/entity/Q1023991	P31	Q9143	instance-of
http://www.wikidata.org/entity/Q102438	P31	Q11424	instance-of
http://www.wikidata.org/entity/Q102448	P31	Q11424	instance-of
http://www.wikidata.org/entity/Q102469	P31	Q515	instance-of
http://www.wikidata.org/entity/Q1025	P31	Q6256	instance-of
http://www.wikidata.org/entity/Q10266010	P31	Q34770	instance-of
http://www.wikidata.org/entity/Q10266012	P31	Q34770	instance-of
http://www.wikidata.org/entity/Q102682	P31	Q515	instance-of
http://www.wikidata.org/entity/Q1027	P31	Q6256	instance-of
http://www.wikidata.org/entity/Q102737	P31	Q515	instance-of
http://www.wikidata.org/entity/Q1028	P31	Q6256	instance-of
http://www.wikidata.org/entity/Q1029	P31	Q6256	instance-of
http://www.wikidata.org/entity/Q1030	P31	Q6256	instance-of
http://www.wikidata.org/entity/Q103011	P31	Q515	instance-of
http://www.wikidata.org/entity/Q1031803	P31	Q3918	instance-of
http://www.wikidata.org/entity/Q1032	P31	Q6256	instance-of
http://www.wikidata.org/entity/Q10322066	P31	Q34770	instance-of
http://www.wikidata.org/entity/Q10322118	P31	Q34770	instance-of
http://www.wikidata.org/entity/Q10322149	P31	Q34770	instance-of
http://www.wikidata.org/entity/Q10322157	P31	Q34770	instance-of
http://www.wikidata.org/entity/Q1033	P31	Q6256	instance-of
http://www.wikidata.org/entity/Q103474	P31	Q11424	instance-of
http://www.wikidata.org/entity/Q103569	P31	Q11424	instance-of
http://www.wikidata.org/entity/Q1036	P31	Q6256	instance-of
http://www.wikidata.org/entity/Q1037	P31	Q6256	instance-of
http://www.wikidata.org/entity/Q103717	P31	Q515	instance-of
http://www.wikidata.org/entity/Q103725	P31	Q515	instance-of
http://www.wikidata.org/entity/Q103892	P31	Q515	instance-of
http://www.wikidata.org/entity/Q1039	P31	Q6256	instance-of
http://www.wikidata.org/entity/Q1039346	P31	Q34770	instance-of
http://www.wikidata.org/entity/Q10408315	P31	Q34770	instance-of
http://www.wikidata.org/entity/Q1041	P31	Q6256	instance-of
http://www.wikidata.org/entity/Q104123	P31	Q11424	instance-of
http://www.wikidata.org/entity/Q1041765	P31	Q34770	instance-of
http://www.wikidata.org/entity/Q1042	P31	Q6256	instance-of
http://www.wikidata.org/entity/Q104224080	P31	Q34770	instance-of
http://www.wikidata.org/entity/Q1042397	P31	Q9143	instance-of
http://www.wikidata.org/entity/Q10425920	P31	Q34770	instance-of
http://www.wikidata.org/entity/Q10427485	P31	Q34770	instance-of
http://www.wikidata.org/entity/Q104302	P31	Q515	instance-of
http://www.wikidata.org/entity/Q10433128	P31	Q34770	instance-of
http://www.wikidata.org/entity/Q1043515	P31	Q34770	instance-of
http://www.wikidata.org/entity/Q1044	P31	Q6256	instance-of
http://www.wikidata.org/entity/Q10441336	P31	Q34770	instance-of
http://www.wikidata.org/entity/Q1045	P31	Q6256	instance-of
http://www.wikidata.org/entity/Q10465931	P31	Q34770	instance-of
http://www.wikidata.org/entity/Q10467281	P31	Q34770	instance-of
http://www.wikidata.org/entity/Q10470289	P31	Q34770	instance-of
http://www.wikidata.org/entity/Q104712	P31	Q515	instance-of
http://www.wikidata.org/entity/Q104720	P31	Q515	instance-of
http://www.wikidata.org/entity/Q104725	P31	Q515	instance-of
http://www.wikidata.org/entity/Q1047293	P31	Q3918	instance-of
http://www.wikidata.org/entity/Q104731	P31	Q515	instance-of
http://www.wikidata.org/entity/Q104740	P31	Q515	instance-of
http://www.wikidata.org/entity/Q10474818	P31	Q34770	instance-of
http://www.wikidata.org/entity/Q1048461	P31	Q3918	instance-of
http://www.wikidata.org/entity/Q10488401	P31	Q34770	instance-of
http://www.wikidata.org/entity/Q1049	P31	Q6256	instance-of
http://www.wikidata.org/entity/Q1049202	P31	Q9143	instance-of
http://www.wikidata.org/entity/Q1049708	P31	Q9143	instance-of
http://www.wikidata.org/entity/Q1050	P31	Q6256	instance-of
http://www.wikidata.org/entity/Q10502327	P31	Q34770	instance-of
http://www.wikidata.org/entity/Q105031	P31	Q11424	instance-of
http://www.wikidata.org/entity/Q105037	P31	Q515	instance-of
http://www.wikidata.org/entity/Q105048	P31	Q515	instance-of
http://www.wikidata.org/entity/Q105060	P31	Q515	instance-of
http://www.wikidata.org/entity/Q105084	P31	Q515	instance-of
http://www.wikidata.org/entity/Q105092416	P31	Q34770	instance-of
http://www.wikidata.org/entity/Q10510360	P31	Q34770	instance-of
http://www.wikidata.org/entity/Q10510745	P31	Q34770	instance-of
http://www.wikidata.org/entity/Q10510783	P31	Q34770	instance-of
http://www.wikidata.org/entity/Q10511001	P31	Q34770	instance-of
http://www.wikidata.org/entity/Q10511004	P31	Q34770	instance-of
http://www.wikidata.org/entity/Q10511016	P31	Q34770	instance-of
http://www.wikidata.org/entity/Q10511225	P31	Q34770	instance-of
http://www.wikidata.org/entity/Q10511230	P31	Q34770	instance-of
http://www.wikidata.org/entity/Q105198599	P31	Q34770	instance-of
http://www.wikidata.org/entity/Q105198600	P31	Q34770	instance-of
http://www.wikidata.org/entity/Q105198744	P31	Q34770	instance-of
http://www.wikidata.org/entity/Q1052614	P31	Q3918	instance-of
http://www.wikidata.org/entity/Q1053535	P31	Q9143	instance-of
http://www.wikidata.org/entity/Q10543322	P31	Q34770	instance-of
http://www.wikidata.org/entity/Q1054365	P31	Q9143	instance-of
http://www.wikidata.org/entity/Q10547021	P31	Q34770	instance-of
http://www.wikidata.org/entity/Q10549839	P31	Q34770	instance-of
http://www.wikidata.org/entity/Q10549849	P31	Q34770	instance-of
http://www.wikidata.org/entity/Q10549851	P31	Q34770	instance-of
http://www.wikidata.org/entity/Q10549852	P31	Q34770	instance-of
http://www.wikidata.org/entity/Q10549854	P31	Q34770	instance-of
http://www.wikidata.org/entity/Q10550183	P31	Q34770	instance-of
http://www.wikidata.org/entity/Q10550184	P31	Q34770	instance-of
http://www.wikidata.org/entity/Q10550697	P31	Q34770	instance-of
http://www.wikidata.org/entity/Q10551249	P31	Q34770	instance-of
http://www.wikidata.org/entity/Q1055287	P31	Q34770	instance-of
http://www.wikidata.org/entity/Q1056057	P31	Q9143	instance-of
http://www.wikidata.org/entity/Q105627498	P31	Q34770	instance-of
http://www.wikidata.org/entity/Q1056373	P31	Q3918	instance-of
http://www.wikidata.org/entity/Q10566515	P31	Q34770	instance-of
http://www.wikidata.org/entity/Q1057199	P31	Q3918	instance-of
http://www.wikidata.org/entity/Q10575155	P31	Q34770	instance-of
http://www.wikidata.org/entity/Q10575729	P31	Q34770	instance-of
http://www.wikidata.org/entity/Q10576338	P31	Q34770	instance-of
http://www.wikidata.org/entity/Q10576387	P31	Q34770	instance-of
http://www.wikidata.org/entity/Q10576453	P31	Q34770	instance-of
http://www.wikidata.org/entity/Q10577017	P31	Q34770	instance-of
http://www.wikidata.org/entity/Q10577273	P31	Q34770	instance-of
http://www.wikidata.org/entity/Q10577274	P31	Q34770	instance-of
http://www.wikidata.org/entity/Q10577424	P31	Q34770	instance-of
http://www.wikidata.org/entity/Q10577443	P31	Q34770	instance-of
http://www.wikidata.org/entity/Q10577501	P31	Q34770	instance-of
http://www.wikidata.org/entity/Q10577724	P31	Q34770	instance-of
http://www.wikidata.org/entity/Q10577823	P31	Q34770	instance-of
http://www.wikidata.org/entity/Q1057802	P31	Q9143	instance-of
http://www.wikidata.org/entity/Q1057898	P31	Q34770	instance-of
http://www.wikidata.org/entity/Q10586712	P31	Q34770	instance-of
http://www.wikidata.org/entity/Q10590149	P31	Q34770	instance-of
http://www.wikidata.org/entity/Q10600380	P31	Q34770	instance-of
http://www.wikidata.org/entity/Q10600396	P31	Q34770	instance-of
http://www.wikidata.org/entity/Q10600723	P31	Q34770	instance-of
http://www.wikidata.org/entity/Q10604331	P31	Q34770	instance-of
http://www.wikidata.org/entity/Q1062121	P31	Q3918	instance-of
http://www.wikidata.org/entity/Q106274	P31	Q515	instance-of
http://www.wikidata.org/entity/Q106316	P31	Q11424	instance-of
http://www.wikidata.org/entity/Q10631927	P31	Q34770	instance-of
http://www.wikidata.org/entity/Q10632026	P31	Q34770	instance-of
http://www.wikidata.org/entity/Q10632195	P31	Q34770	instance-of
http://www.wikidata.org/entity/Q1063665	P31	Q3918	instance-of
http://www.wikidata.org/entity/Q1064482	P31	Q34770	instance-of
http://www.wikidata.org/entity/Q1064516	P31	Q9143	instance-of
http://www.wikidata.org/entity/Q1064573	P31	Q3918	instance-of
http://www.wikidata.org/entity/Q1065414	P31	Q3918	instance-of
http://www.wikidata.org/entity/Q106583	P31	Q515	instance-of
http://www.wikidata.org/entity/Q1067540	P31	Q9143	instance-of
http://www.wikidata.org/entity/Q1067986	P31	Q34770	instance-of
http://www.wikidata.org/entity/Q1068097	P31	Q34770	instance-of
http://www.wikidata.org/entity/Q1068112	P31	Q34770	instance-of
http://www.wikidata.org/entity/Q10686	P31	Q515	instance-of
http://www.wikidata.org/entity/Q106896	P31	Q515	instance-of
http://www.wikidata.org/entity/Q1069994	P31	Q3918	instance-of
http://www.wikidata.org/entity/Q1070391	P31	Q34770	instance-of
http://www.wikidata.org/entity/Q10706951	P31	Q34770	instance-of
http://www.wikidata.org/entity/Q107094	P31	Q515	instance-of
http://www.wikidata.org/entity/Q10710522	P31	Q34770	instance-of
http://www.wikidata.org/entity/Q107106	P31	Q515	instance-of
http://www.wikidata.org/entity/Q10713	P31	Q34770	instance-of
http://www.wikidata.org/entity/Q1071609	P31	Q3918	instance-of
http://www.wikidata.org/entity/Q10717	P31	Q515	instance-of
http://www.wikidata.org/entity/Q10719025	P31	Q34770	instance-of
http://www.wikidata.org/entity/Q10719289	P31	Q34770	instance-of
http://www.wikidata.org/entity/Q10720035	P31	Q34770	instance-of
http://www.wikidata.org/entity/Q10720036	P31	Q34770	instance-of
http://www.wikidata.org/entity/Q10720037	P31	Q34770	instance-of
http://www.wikidata.org/entity/Q10720039	P31	Q34770	instance-of
http://www.wikidata.org/entity/Q10720045	P31	Q34770	instance-of
http://www.wikidata.org/entity/Q10720050	P31	Q34770	instance-of
http://www.wikidata.org/entity/Q1072029	P31	Q3918	instance-of
http://www.wikidata.org/entity/Q10723405	P31	Q34770	instance-of
http://www.wikidata.org/entity/Q10723416	P31	Q34770	instance-of
http://www.wikidata.org/entity/Q10723454	P31	Q34770	instance-of
http://www.wikidata.org/entity/Q10723541	P31	Q34770	instance-of
http://www.wikidata.org/entity/Q107258515	P31	Q6256	instance-of
http://www.wikidata.org/entity/Q10729616	P31	Q34770	instance-of
http://www.wikidata.org/entity/Q107398	P31	Q515	instance-of
http://www.wikidata.org/entity/Q107401	P31	Q515	instance-of
http://www.wikidata.org/entity/Q1074103	P31	Q3918	instance-of
http://www.wikidata.org/entity/Q10751739	P31	Q34770	instance-of
http://www.wikidata.org/entity/Q107582	P31	Q515	instance-of
http://www.wikidata.org/entity/Q1076606	P31	Q3918	instance-of
http://www.wikidata.org/entity/Q1077450	P31	Q34770	instance-of
http://www.wikidata.org/entity/Q108155	P31	Q515	instance-of
http://www.wikidata.org/entity/Q108223	P31	Q515	instance-of
http://www.wikidata.org/entity/Q1083	P31	Q515	instance-of
http://www.wikidata.org/entity/Q108672	P31	Q515	instance-of
http://www.wikidata.org/entity/Q108679	P31	Q515	instance-of
http://www.wikidata.org/entity/Q108839994	P31	Q11424	instance-of
http://www.wikidata.org/entity/Q10884275	P31	Q34770	instance-of
http://www.wikidata.org/entity/Q1089069	P31	Q34770	instance-of
http://www.wikidata.org/entity/Q1089116	P31	Q34770	instance-of
http://www.wikidata.org/entity/Q109092	P31	Q515	instance-of
http://www.wikidata.org/entity/Q1091095	P31	Q34770	instance-of
http://www.wikidata.org/entity/Q109116	P31	Q11424	instance-of
http://www.wikidata.org/entity/Q109214	P31	Q482994	instance-of
http://www.wikidata.org/entity/Q109386	P31	Q515	instance-of
http://www.wikidata.org/entity/Q1094046	P31	Q3918	instance-of
http://www.wikidata.org/entity/Q1094742	P31	Q3918	instance-of
http://www.wikidata.org/entity/Q10948482	P31	Q34770	instance-of
http://www.wikidata.org/entity/Q10950308	P31	Q34770	instance-of
http://www.wikidata.org/entity/Q10950421	P31	Q34770	instance-of
http://www.wikidata.org/entity/Q10950633	P31	Q34770	instance-of
http://www.wikidata.org/entity/Q10951226	P31	Q34770	instance-of
http://www.wikidata.org/entity/Q109535	P31	Q515	instance-of
http://www.wikidata.org/entity/Q109545809	P31	Q34770	instance-of
http://www.wikidata.org/entity/Q1095608	P31	Q9143	instance-of
http://www.wikidata.org/entity/Q10957277	P31	Q34770	instance-of
http://www.wikidata.org/entity/Q10958896	P31	Q34770	instance-of
http://www.wikidata.org/entity/Q10961003	P31	Q34770	instance-of
http://www.wikidata.org/entity/Q10961665	P31	Q34770	instance-of
http://www.wikidata.org/entity/Q10961975	P31	Q34770	instance-of
http://www.wikidata.org/entity/Q10962292	P31	Q34770	instance-of
http://www.wikidata.org/entity/Q10962298	P31	Q34770	instance-of
http://www.wikidata.org/entity/Q10962309	P31	Q34770	instance-of
http://www.wikidata.org/entity/Q10962737	P31	Q34770	instance-of
http://www.wikidata.org/entity/Q10963134	P31	Q34770	instance-of
http://www.wikidata.org/entity/Q10964025	P31	Q34770	instance-of
http://www.wikidata.org/entity/Q10973260	P31	Q34770	instance-of
http://www.wikidata.org/entity/Q10974017	P31	Q34770	instance-of
http://www.wikidata.org/entity/Q10974879	P31	Q34770	instance-of
http://www.wikidata.org/entity/Q10975121	P31	Q34770	instance-of
http://www.wikidata.org/entity/Q10975356	P31	Q34770	instance-of
http://www.wikidata.org/entity/Q10975396	P31	Q34770	instance-of
http://www.wikidata.org/entity/Q10975611	P31	Q34770	instance-of
http://www.wikidata.org/entity/Q10977626	P31	Q34770	instance-of
http://www.wikidata.org/entity/Q10977716	P31	Q34770	instance-of
http://www.wikidata.org/entity/Q10977737	P31	Q34770	instance-of
http://www.wikidata.org/entity/Q10990152	P31	Q34770	instance-of
http://www.wikidata.org/entity/Q10994953	P31	Q34770	instance-of
http://www.wikidata.org/entity/Q10997740	P31	Q34770	instance-of
http://www.wikidata.org/entity/Q10998997	P31	Q34770	instance-of
http://www.wikidata.org/entity/Q110011	P31	Q515	instance-of
http://www.wikidata.org/entity/Q11001650	P31	Q34770	instance-of
http://www.wikidata.org/entity/Q11001714	P31	Q34770	instance-of
http://www.wikidata.org/entity/Q11001730	P31	Q34770	instance-of
http://www.wikidata.org/entity/Q11001739	P31	Q34770	instance-of
http://www.wikidata.org/entity/Q11001779	P31	Q34770	instance-of
http://www.wikidata.org/entity/Q11001788	P31	Q34770	instance-of
http://www.wikidata.org/entity/Q11002185	P31	Q34770	instance-of
http://www.wikidata.org/entity/Q11002622	P31	Q34770	instance-of
http://www.wikidata.org/entity/Q11002851	P31	Q34770	instance-of
http://www.wikidata.org/entity/Q11002922	P31	Q34770	instance-of
http://www.wikidata.org/entity/Q11003249	P31	Q34770	instance-of
http://www.wikidata.org/entity/Q11003311	P31	Q34770	instance-of
http://www.wikidata.org/entity/Q11003439	P31	Q34770	instance-of
http://www.wikidata.org/entity/Q11003832	P31	Q34770	instance-of
http://www.wikidata.org/entity/Q11003859	P31	Q34770	instance-of
http://www.wikidata.org/entity/Q11004163	P31	Q34770	instance-of
http://www.wikidata.org/entity/Q11004334	P31	Q34770	instance-of
http://www.wikidata.org/entity/Q11004666	P31	Q34770	instance-of
http://www.wikidata.org/entity/Q11004988	P31	Q34770	instance-of
http://www.wikidata.org/entity/Q11005332	P31	Q34770	instance-of
http://www.wikidata.org/entity/Q11005360	P31	Q34770	instance-of
http://www.wikidata.org/entity/Q11006056	P31	Q34770	instance-of
http://www.wikidata.org/entity/Q11006832	P31	Q34770	instance-of
http://www.wikidata.org/entity/Q11007144	P31	Q34770	instance-of
http://www.wikidata.org/entity/Q11008159	P31	Q34770	instance-of
http://www.wikidata.org/entity/Q11008162	P31	Q34770	instance-of
http://www.wikidata.org/entity/Q11008360	P31	Q34770	instance-of
http://www.wikidata.org/entity/Q11008431	P31	Q34770	instance-of
http://www.wikidata.org/entity/Q11008568	P31	Q34770	instance-of
http://www.wikidata.org/entity/Q11008893	P31	Q34770	instance-of
http://www.wikidata.org/entity/Q11009194	P31	Q34770	instance-of
http://www.wikidata.org/entity/Q11009787	P31	Q34770	instance-of
http://www.wikidata.org/entity/Q11010149	P31	Q34770	instance-of
http://www.wikidata.org/entity/Q11010279	P31	Q34770	instance-of
http://www.wikidata.org/entity/Q11010783	P31	Q34770	instance-of
http://www.wikidata.org/entity/Q11011295	P31	Q34770	instance-of
http://www.wikidata.org/entity/Q11011389	P31	Q34770	instance-of
http://www.wikidata.org/entity/Q11011614	P31	Q34770	instance-of
http://www.wikidata.org/entity/Q11011870	P31	Q34770	instance-of
http://www.wikidata.org/entity/Q11011905	P31	Q34770	instance-of
http://www.wikidata.org/entity/Q11011951	P31	Q34770	instance-of
http://www.wikidata.org/entity/Q11013108	P31	Q34770	instance-of
http://www.wikidata.org/entity/Q11015105	P31	Q34770	instance-of
http://www.wikidata.org/entity/Q11015189	P31	Q34770	instance-of
http://www.wikidata.org/entity/Q11015820	P31	Q34770	instance-of
http://www.wikidata.org/entity/Q11016572	P31	Q34770	instance-of
http://www.wikidata.org/entity/Q11016905	P31	Q34770	instance-of
http://www.wikidata.org/entity/Q11017275	P31	Q34770	instance-of
http://www.wikidata.org/entity/Q11017443	P31	Q34770	instance-of
http://www.wikidata.org/entity/Q11018863	P31	Q34770	instance-of
http://www.wikidata.org/entity/Q11018949	P31	Q34770	instance-of
http://www.wikidata.org/entity/Q11019169	P31	Q34770	instance-of
http://www.wikidata.org/entity/Q11019342	P31	Q34770	instance-of
http://www.wikidata.org/entity/Q11020264	P31	Q34770	instance-of
http://www.wikidata.org/entity/Q110218	P31	Q515	instance-of
http://www.wikidata.org/entity/Q11022615	P31	Q34770	instance-of
http://www.wikidata.org/entity/Q11024697	P31	Q34770	instance-of
http://www.wikidata.org/entity/Q11028619	P31	Q34770	instance-of
http://www.wikidata.org/entity/Q11028905	P31	Q34770	instance-of
http://www.wikidata.org/entity/Q11028974	P31	Q34770	instance-of
http://www.wikidata.org/entity/Q11029540	P31	Q34770	instance-of
http://www.wikidata.org/entity/Q11029738	P31	Q34770	instance-of
http://www.wikidata.org/entity/Q11030092	P31	Q34770	instance-of
http://www.wikidata.org/entity/Q11030685	P31	Q34770	instance-of
http://www.wikidata.org/entity/Q11030947	P31	Q34770	instance-of
http://www.wikidata.org/entity/Q11031321	P31	Q34770	instance-of
http://www.wikidata.org/entity/Q11031936	P31	Q34770	instance-of
http://www.wikidata.org/entity/Q11031964	P31	Q34770	instance-of
http://www.wikidata.org/entity/Q11033316	P31	Q34770	instance-of
http://www.wikidata.org/entity/Q11033658	P31	Q34770	instance-of
http://www.wikidata.org/entity/Q11033939	P31	Q34770	instance-of
http://www.wikidata.org/entity/Q11034212	P31	Q34770	instance-of
http://www.wikidata.org/entity/Q11042324	P31	Q34770	instance-of
http://www.wikidata.org/entity/Q11044384	P31	Q34770	instance-of
http://www.wikidata.org/entity/Q11052867	P31	Q34770	instance-of
http://www.wikidata.org/entity/Q11055484	P31	Q34770	instance-of
http://www.wikidata.org/entity/Q11056292	P31	Q34770	instance-of
http://www.wikidata.org/entity/Q11057478	P31	Q34770	instance-of
http://www.wikidata.org/entity/Q1106819	P31	Q9143	instance-of
http://www.wikidata.org/entity/Q110732	P31	Q515	instance-of
http://www.wikidata.org/entity/Q110736458	P31	Q34770	instance-of
http://www.wikidata.org/entity/Q110812703	P31	Q34770	instance-of
http://www.wikidata.org/entity/Q1108934	P31	Q34770	instance-of
http://www.wikidata.org/entity/Q11092831	P31	Q34770	instance-of
http://www.wikidata.org/entity/Q1109927	P31	Q34770	instance-of
http://www.wikidata.org/entity/Q1110149	P31	Q34770	instance-of
http://www.wikidata.org/entity/Q11110766	P31	Q34770	instance-of
http://www.wikidata.org/entity/Q11120157	P31	Q34770	instance-of
http://www.wikidata.org/entity/Q11124792	P31	Q34770	instance-of
http://www.wikidata.org/entity/Q11126081	P31	Q34770	instance-of
http://www.wikidata.org/entity/Q11127231	P31	Q34770	instance-of
http://www.wikidata.org/entity/Q11128329	P31	Q34770	instance-of
http://www.wikidata.org/entity/Q11128374	P31	Q34770	instance-of
http://www.wikidata.org/entity/Q11128658	P31	Q34770	instance-of
http://www.wikidata.org/entity/Q11128810	P31	Q34770	instance-of
http://www.wikidata.org/entity/Q11128833	P31	Q34770	instance-of
http://www.wikidata.org/entity/Q11128866	P31	Q34770	instance-of
http://www.wikidata.org/entity/Q11129508	P31	Q34770	instance-of
http://www.wikidata.org/entity/Q11129517	P31	Q34770	instance-of
http://www.wikidata.org/entity/Q11129537	P31	Q34770	instance-of
http://www.wikidata.org/entity/Q11129694	P31	Q34770	instance-of
http://www.wikidata.org/entity/Q11129733	P31	Q34770	instance-of
http://www.wikidata.org/entity/Q11130292	P31	Q34770	instance-of
http://www.wikidata.org/entity/Q11130307	P31	Q34770	instance-of
http://www.wikidata.org/entity/Q11130804	P31	Q34770	instance-of
http://www.wikidata.org/entity/Q11132859	P31	Q34770	instance-of
http://www.wikidata.org/entity/Q1113311	P31	Q515	instance-of
http://www.wikidata.org/entity/Q11134434	P31	Q34770	instance-of
http://www.wikidata.org/entity/Q111364697	P31	Q34770	instance-of
http://www.wikidata.org/entity/Q11137550	P31	Q34770	instance-of
http://www.wikidata.org/entity/Q11137573	P31	Q34770	instance-of
http://www.wikidata.org/entity/Q11137618	P31	Q34770	instance-of
http://www.wikidata.org/entity/Q11137719	P31	Q34770	instance-of
http://www.wikidata.org/entity/Q11137851	P31	Q34770	instance-of
http://www.wikidata.org/entity/Q11137942	P31	Q34770	instance-of
http://www.wikidata.org/entity/Q11150710	P31	Q34770	instance-of
http://www.wikidata.org/entity/Q11150714	P31	Q34770	instance-of
http://www.wikidata.org/entity/Q11152236	P31	Q34770	instance-of
http://www.wikidata.org/entity/Q11152243	P31	Q34770	instance-of
http://www.wikidata.org/entity/Q11152248	P31	Q34770	instance-of
http://www.wikidata.org/entity/Q11152253	P31	Q34770	instance-of
http://www.wikidata.org/entity/Q1115317	P31	Q34770	instance-of
http://www.wikidata.org/entity/Q11153465	P31	Q34770	instance-of
http://www.wikidata.org/entity/Q11154769	P31	Q34770	instance-of
http://www.wikidata.org/entity/Q11154772	P31	Q34770	instance-of
http://www.wikidata.org/entity/Q11154776	P31	Q34770	instance-of
http://www.wikidata.org/entity/Q11155632	P31	Q34770	instance-of
http://www.wikidata.org/entity/Q11155635	P31	Q34770	instance-of
http://www.wikidata.org/entity/Q11155821	P31	Q34770	instance-of
http://www.wikidata.org/entity/Q11157042	P31	Q34770	instance-of
http://www.wikidata.org/entity/Q11157382	P31	Q34770	instance-of
http://www.wikidata.org/entity/Q1115878	P31	Q3918	instance-of
http://www.wikidata.org/entity/Q11158982	P31	Q34770	instance-of
http://www.wikidata.org/entity/Q11159067	P31	Q34770	instance-of
http://www.wikidata.org/entity/Q11159524	P31	Q34770	instance-of
http://www.wikidata.org/entity/Q11159532	P31	Q34770	instance-of
http://www.wikidata.org/entity/Q11159536	P31	Q34770	instance-of
http://www.wikidata.org/entity/Q11160588	P31	Q34770	instance-of
http://www.wikidata.org/entity/Q11163308	P31	Q34770	instance-of
http://www.wikidata.org/entity/Q11164947	P31	Q34770	instance-of
http://www.wikidata.org/entity/Q11165235	P31	Q34770	instance-of
http://www.wikidata.org/entity/Q11167192	P31	Q34770	instance-of
http://www.wikidata.org/entity/Q11173588	P31	Q34770	instance-of
http://www.wikidata.org/entity/Q11194	P31	Q515	instance-of
http://www.wikidata.org/entity/Q11200640	P31	Q34770	instance-of
http://www.wikidata.org/entity/Q11207813	P31	Q34770	instance-of
http://www.wikidata.org/entity/Q11214797	P31	Q34770	instance-of
http://www.wikidata.org/entity/Q1121983	P31	Q3918	instance-of
http://www.wikidata.org/entity/Q11220654	P31	Q34770	instance-of
http://www.wikidata.org/entity/Q1122171	P31	Q3918	instance-of
http://www.wikidata.org/entity/Q1122188	P31	Q34770	instance-of
http://www.wikidata.org/entity/Q11222271	P31	Q34770	instance-of
http://www.wikidata.org/entity/Q11250166	P31	Q34770	instance-of
http://www.wikidata.org/entity/Q11251864	P31	Q34770	instance-of
http://www.wikidata.org/entity/Q11252539	P31	Q34770	instance-of
http://www.wikidata.org/entity/Q11259563	P31	Q34770	instance-of
http://www.wikidata.org/entity/Q11260674	P31	Q34770	instance-of
http://www.wikidata.org/entity/Q112657	P31	Q515	instance-of
http://www.wikidata.org/entity/Q11266334	P31	Q34770	instance-of
http://www.wikidata.org/entity/Q11275553	P31	Q34770	instance-of
http://www.wikidata.org/entity/Q11280479	P31	Q34770	instance-of
http://www.wikidata.org/entity/Q11283696	P31	Q34770	instance-of
http://www.wikidata.org/entity/Q112893	P31	Q34770	instance-of
http://www.wikidata.org/entity/Q11297920	P31	Q34770	instance-of
http://www.wikidata.org/entity/Q1129925	P31	Q3918	instance-of
http://www.wikidata.org/entity/Q1131055	P31	Q3918	instance-of
http://www.wikidata.org/entity/Q113157814	P31	Q9143	instance-of
http://www.wikidata.org/entity/Q1133013	P31	Q3918	instance-of
http://www.wikidata.org/entity/Q1133089	P31	Q34770	instance-of
http://www.wikidata.org/entity/Q1133580	P31	Q9143	instance-of
http://www.wikidata.org/entity/Q1134292	P31	Q3918	instance-of
http://www.wikidata.org/entity/Q1134454	P31	Q515	instance-of
http://www.wikidata.org/entity/Q1134606	P31	Q3918	instance-of
http://www.wikidata.org/entity/Q1136189	P31	Q515	instance-of
http://www.wikidata.org/entity/Q1136926	P31	Q9143	instance-of
http://www.wikidata.org/entity/Q1137652	P31	Q3918	instance-of
http://www.wikidata.org/entity/Q1138080	P31	Q3918	instance-of
http://www.wikidata.org/entity/Q1138351	P31	Q34770	instance-of
http://www.wikidata.org/entity/Q1138374	P31	Q3918	instance-of
http://www.wikidata.org/entity/Q114	P31	Q6256	instance-of
http://www.wikidata.org/entity/Q1140136	P31	Q515	instance-of
http://www.wikidata.org/entity/Q1141484	P31	Q9143	instance-of
http://www.wikidata.org/entity/Q1142333	P31	Q34770	instance-of
http://www.wikidata.org/entity/Q114257	P31	Q515	instance-of
http://www.wikidata.org/entity/Q1142924	P31	Q3918	instance-of
http://www.wikidata.org/entity/Q1143040	P31	Q34770	instance-of
http://www.wikidata.org/entity/Q1144000	P31	Q3918	instance-of
http://www.wikidata.org/entity/Q1144565	P31	Q3918	instance-of
http://www.wikidata.org/entity/Q1144631	P31	Q9143	instance-of
http://www.wikidata.org/entity/Q1144673	P31	Q3918	instance-of
http://www.wikidata.org/entity/Q1144682	P31	Q3918	instance-of
http://www.wikidata.org/entity/Q1145306	P31	Q3918	instance-of
http://www.wikidata.org/entity/Q1145414	P31	Q34770	instance-of
http://www.wikidata.org/entity/Q1145992	P31	Q3918	instance-of
http://www.wikidata.org/entity/Q1146247	P31	Q9143	instance-of
http://www.wikidata.org/entity/Q1148613	P31	Q3918	instance-of
http://www.wikidata.org/entity/Q115	P31	Q6256	instance-of
http://www.wikidata.org/entity/Q1150105	P31	Q3918	instance-of
http://www.wikidata.org/entity/Q1152190	P31	Q3918	instance-of
http://www.wikidata.org/entity/Q115220	P31	Q3918	instance-of
http://www.wikidata.org/entity/Q115256	P31	Q515	instance-of
http://www.wikidata.org/entity/Q115276	P31	Q515	instance-of
http://www.wikidata.org/entity/Q1153276	P31	Q34770	instance-of
http://www.wikidata.org/entity/Q1154	P31	Q515	instance-of
http://www.wikidata.org/entity/Q115517214	P31	Q34770	instance-of
http://www.wikidata.org/entity/Q1156	P31	Q515	instance-of
http://www.wikidata.org/entity/Q1156474	P31	Q9143	instance-of
http://www.wikidata.org/entity/Q11568	P31	Q515	instance-of
http://www.wikidata.org/entity/Q115704900	P31	Q34770	instance-of
http://www.wikidata.org/entity/Q115742930	P31	Q34770	instance-of
http://www.wikidata.org/entity/Q1157729	P31	Q34770	instance-of
http://www.wikidata.org/entity/Q1158134	P31	Q34770	instance-of
http://www.wikidata.org/entity/Q1158971	P31	Q34770	instance-of
http://www.wikidata.org/entity/Q1160312	P31	Q9143	instance-of
http://www.wikidata.org/entity/Q1163234	P31	Q34770	instance-of
http://www.wikidata.org/entity/Q116341	P31	Q515	instance-of
http://www.wikidata.org/entity/Q116450348	P31	Q34770	instance-of
http://www.wikidata.org/entity/Q1165219	P31	Q9143	instance-of
http://www.wikidata.org/entity/Q1165865	P31	Q3918	instance-of
http://www.wikidata.org/entity/Q116789972	P31	Q34770	instance-of
http://www.wikidata.org/entity/Q116849	P31	Q34770	instance-of
http://www.wikidata.org/entity/Q117	P31	Q6256	instance-of
http://www.wikidata.org/entity/Q117040	P31	Q515	instance-of
http://www.wikidata.org/entity/Q117210028	P31	Q34770	instance-of
http://www.wikidata.org/entity/Q11732021	P31	Q34770	instance-of
http://www.wikidata.org/entity/Q11732048	P31	Q34770	instance-of
http://www.wikidata.org/entity/Q11732049	P31	Q34770	instance-of
http://www.wikidata.org/entity/Q11732195	P31	Q34770	instance-of
http://www.wikidata.org/entity/Q11732205	P31	Q34770	instance-of
http://www.wikidata.org/entity/Q11732220	P31	Q34770	instance-of
http://www.wikidata.org/entity/Q11732221	P31	Q34770	instance-of
http://www.wikidata.org/entity/Q11732224	P31	Q34770	instance-of
http://www.wikidata.org/entity/Q11732235	P31	Q34770	instance-of
http://www.wikidata.org/entity/Q11732253	P31	Q34770	instance-of
http://www.wikidata.org/entity/Q11732258	P31	Q34770	instance-of
http://www.wikidata.org/entity/Q11732264	P31	Q34770	instance-of
http://www.wikidata.org/entity/Q11732272	P31	Q34770	instance-of
http://www.wikidata.org/entity/Q11732297	P31	Q34770	instance-of
http://www.wikidata.org/entity/Q11732302	P31	Q34770	instance-of
http://www.wikidata.org/entity/Q11732320	P31	Q34770	instance-of
http://www.wikidata.org/entity/Q11732321	P31	Q34770	instance-of
http://www.wikidata.org/entity/Q11732322	P31	Q34770	instance-of
http://www.wikidata.org/entity/Q11732324	P31	Q34770	instance-of
http://www.wikidata.org/entity/Q11732326	P31	Q34770	instance-of
http://www.wikidata.org/entity/Q11732339	P31	Q34770	instance-of
http://www.wikidata.org/entity/Q11732341	P31	Q34770	instance-of
http://www.wikidata.org/entity/Q11732345	P31	Q34770	instance-of
http://www.wikidata.org/entity/Q11732346	P31	Q34770	instance-of
http://www.wikidata.org/entity/Q11732359	P31	Q34770	instance-of
http://www.wikidata.org/entity/Q11732373	P31	Q34770	instance-of
http://www.wikidata.org/entity/Q11732376	P31	Q34770	instance-of
http://www.wikidata.org/entity/Q11732388	P31	Q34770	instance-of
http://www.wikidata.org/entity/Q11732406	P31	Q34770	instance-of
http://www.wikidata.org/entity/Q11732427	P31	Q34770	instance-of
http://www.wikidata.org/entity/Q11732429	P31	Q34770	instance-of
http://www.wikidata.org/entity/Q11732444	P31	Q34770	instance-of
http://www.wikidata.org/entity/Q11732445	P31	Q34770	instance-of
http://www.wikidata.org/entity/Q11732453	P31	Q34770	instance-of
http://www.wikidata.org/entity/Q11732457	P31	Q34770	instance-of
http://www.wikidata.org/entity/Q11732458	P31	Q34770	instance-of
http://www.wikidata.org/entity/Q11732459	P31	Q34770	instance-of
http://www.wikidata.org/entity/Q11732468	P31	Q34770	instance-of
http://www.wikidata.org/entity/Q11732474	P31	Q34770	instance-of
http://www.wikidata.org/entity/Q11732475	P31	Q34770	instance-of
http://www.wikidata.org/entity/Q11732478	P31	Q34770	instance-of
http://www.wikidata.org/entity/Q11732482	P31	Q34770	instance-of
http://www.wikidata.org/entity/Q11732485	P31	Q34770	instance-of
http://www.wikidata.org/entity/Q11732486	P31	Q34770	instance-of
http://www.wikidata.org/entity/Q11732489	P31	Q34770	instance-of
http://www.wikidata.org/entity/Q11732496	P31	Q34770	instance-of
http://www.wikidata.org/entity/Q11732502	P31	Q34770	instance-of
http://www.wikidata.org/entity/Q11732509	P31	Q34770	instance-of
http://www.wikidata.org/entity/Q11732510	P31	Q34770	instance-of
http://www.wikidata.org/entity/Q11732516	P31	Q34770	instance-of
http://www.wikidata.org/entity/Q11732524	P31	Q34770	instance-of
http://www.wikidata.org/entity/Q11732526	P31	Q34770	instance-of
http://www.wikidata.org/entity/Q11732527	P31	Q34770	instance-of
http://www.wikidata.org/entity/Q11732528	P31	Q34770	instance-of
http://www.wikidata.org/entity/Q11732569	P31	Q34770	instance-of
http://www.wikidata.org/entity/Q11732596	P31	Q34770	instance-of
http://www.wikidata.org/entity/Q11732598	P31	Q34770	instance-of
http://www.wikidata.org/entity/Q11732610	P31	Q34770	instance-of
http://www.wikidata.org/entity/Q11732626	P31	Q34770	instance-of
http://www.wikidata.org/entity/Q11732666	P31	Q34770	instance-of
http://www.wikidata.org/entity/Q11732670	P31	Q34770	instance-of
http://www.wikidata.org/entity/Q11732691	P31	Q34770	instance-of
http://www.wikidata.org/entity/Q11732736	P31	Q34770	instance-of
http://www.wikidata.org/entity/Q11732752	P31	Q34770	instance-of
http://www.wikidata.org/entity/Q11732766	P31	Q34770	instance-of
http://www.wikidata.org/entity/Q11736	P31	Q515	instance-of
http://www.wikidata.org/entity/Q11739	P31	Q515	instance-of
http://www.wikidata.org/entity/Q117707514	P31	Q34770	instance-of
http://www.wikidata.org/entity/Q117790875	P31	Q34770	instance-of
http://www.wikidata.org/entity/Q1179603	P31	Q3918	instance-of
http://www.wikidata.org/entity/Q1185114	P31	Q34770	instance-of
http://www.wikidata.org/entity/Q1185119	P31	Q34770	instance-of
http://www.wikidata.org/entity/Q1185127	P31	Q34770	instance-of
http://www.wikidata.org/entity/Q11854	P31	Q515	instance-of
http://www.wikidata.org/entity/Q11855245	P31	Q34770	instance-of
http://www.wikidata.org/entity/Q118611112	P31	Q34770	instance-of
http://www.wikidata.org/entity/Q11864	P31	Q515	instance-of
http://www.wikidata.org/entity/Q1187271	P31	Q3918	instance-of
http://www.wikidata.org/entity/Q1187444	P31	Q3918	instance-of
http://www.wikidata.org/entity/Q1188786	P31	Q3918	instance-of
http://www.wikidata.org/entity/Q118995	P31	Q515	instance-of
http://www.wikidata.org/entity/Q1190852	P31	Q3918	instance-of
http://www.wikidata.org/entity/Q11909	P31	Q515	instance-of
http://www.wikidata.org/entity/Q11910	P31	Q515	instance-of
http://www.wikidata.org/entity/Q1191344	P31	Q3918	instance-of
http://www.wikidata.org/entity/Q1191442	P31	Q9143	instance-of
http://www.wikidata.org/entity/Q11921436	P31	Q34770	instance-of
http://www.wikidata.org/entity/Q1193547	P31	Q3918	instance-of
http://www.wikidata.org/entity/Q1194352	P31	Q9143	instance-of
http://www.wikidata.org/entity/Q11959	P31	Q515	instance-of
http://www.wikidata.org/entity/Q11977	P31	Q515	instance-of
http://www.wikidata.org/entity/Q11994	P31	Q515	instance-of
http://www.wikidata.org/entity/Q1199751	P31	Q34770	instance-of
http://www.wikidata.org/entity/Q12009520	P31	Q34770	instance-of
http://www.wikidata.org/entity/Q1201810	P31	Q9143	instance-of
http://www.wikidata.org/entity/Q1202039	P31	Q3918	instance-of
http://www.wikidata.org/entity/Q1204300	P31	Q9143	instance-of
http://www.wikidata.org/entity/Q120499665	P31	Q34770	instance-of
http://www.wikidata.org/entity/Q1206658	P31	Q3918	instance-of
http://www.wikidata.org/entity/Q1207611	P31	Q34770	instance-of
http://www.wikidata.org/entity/Q1208217	P31	Q9143	instance-of
http://www.wikidata.org/entity/Q120847304	P31	Q34770	instance-of
http://www.wikidata.org/entity/Q1209759	P31	Q9143	instance-of
http://www.wikidata.org/entity/Q1215876	P31	Q34770	instance-of
http://www.wikidata.org/entity/Q121627627	P31	Q34770	instance-of
http://www.wikidata.org/entity/Q12179308	P31	Q34770	instance-of
http://www.wikidata.org/entity/Q1218	P31	Q515	instance-of
http://www.wikidata.org/entity/Q122044	P31	Q515	instance-of
http://www.wikidata.org/entity/Q1223508	P31	Q515	instance-of
http://www.wikidata.org/entity/Q122802856	P31	Q34770	instance-of
http://www.wikidata.org/entity/Q122803	P31	Q515	instance-of
http://www.wikidata.org/entity/Q12292	P31	Q515	instance-of
http://www.wikidata.org/entity/Q12294279	P31	Q34770	instance-of
http://www.wikidata.org/entity/Q122956986	P31	Q34770	instance-of
http://www.wikidata.org/entity/Q1231063	P31	Q3918	instance-of
http://www.wikidata.org/entity/Q123163337	P31	Q34770	instance-of
http://www.wikidata.org/entity/Q123196	P31	Q515	instance-of
http://www.wikidata.org/entity/Q1232428	P31	Q3918	instance-of
http://www.wikidata.org/entity/Q123384097	P31	Q34770	instance-of
http://www.wikidata.org/entity/Q1234776	P31	Q34770	instance-of
http://www.wikidata.org/entity/Q123511	P31	Q515	instance-of
http://www.wikidata.org/entity/Q1236136	P31	Q3918	instance-of
http://www.wikidata.org/entity/Q12369351	P31	Q34770	instance-of
http://www.wikidata.org/entity/Q123709	P31	Q515	instance-of
http://www.wikidata.org/entity/Q1238770	P31	Q3918	instance-of
http://www.wikidata.org/entity/Q123885	P31	Q43229	instance-of
http://www.wikidata.org/entity/Q12432	P31	Q3918	instance-of
http://www.wikidata.org/entity/Q1243705	P31	Q3918	instance-of
http://www.wikidata.org/entity/Q1245318	P31	Q3918	instance-of
http://www.wikidata.org/entity/Q1245999	P31	Q3918	instance-of
http://www.wikidata.org/entity/Q1246	P31	Q6256	instance-of
http://www.wikidata.org/entity/Q1246397	P31	Q34770	instance-of
http://www.wikidata.org/entity/Q1247135	P31	Q3918	instance-of
http://www.wikidata.org/entity/Q12473343	P31	Q34770	instance-of
http://www.wikidata.org/entity/Q12473346	P31	Q34770	instance-of
http://www.wikidata.org/entity/Q12473347	P31	Q34770	instance-of
http://www.wikidata.org/entity/Q12473377	P31	Q34770	instance-of
http://www.wikidata.org/entity/Q12473395	P31	Q34770	instance-of
http://www.wikidata.org/entity/Q12473424	P31	Q34770	instance-of
http://www.wikidata.org/entity/Q12473435	P31	Q34770	instance-of
http://www.wikidata.org/entity/Q12473447	P31	Q34770	instance-of
http://www.wikidata.org/entity/Q12473454	P31	Q34770	instance-of
http://www.wikidata.org/entity/Q12473456	P31	Q34770	instance-of
http://www.wikidata.org/entity/Q12473464	P31	Q34770	instance-of
http://www.wikidata.org/entity/Q12473479	P31	Q34770	instance-of
http://www.wikidata.org/entity/Q12473488	P31	Q34770	instance-of
http://www.wikidata.org/entity/Q124739	P31	Q515	instance-of
http://www.wikidata.org/entity/Q1247544	P31	Q3918	instance-of
http://www.wikidata.org/entity/Q1248737	P31	Q3918	instance-of
http://www.wikidata.org/entity/Q1248821	P31	Q3918	instance-of
http://www.wikidata.org/entity/Q1249005	P31	Q3918	instance-of
http://www.wikidata.org/entity/Q12497929	P31	Q34770	instance-of
http://www.wikidata.org/entity/Q125076	P31	Q11424	instance-of
http://www.wikidata.org/entity/Q125080	P31	Q515	instance-of
http://www.wikidata.org/entity/Q1251039	P31	Q3918	instance-of
http://www.wikidata.org/entity/Q12533442	P31	Q34770	instance-of
http://www.wikidata.org/entity/Q1254148	P31	Q9143	instance-of
http://www.wikidata.org/entity/Q125434	P31	Q515	instance-of
http://www.wikidata.org/entity/Q12547906	P31	Q34770	instance-of
http://www.wikidata.org/entity/Q125587836	P31	Q34770	instance-of
http://www.wikidata.org/entity/Q1256646	P31	Q34770	instance-of
http://www.wikidata.org/entity/Q1256981	P31	Q3918	instance-of
http://www.wikidata.org/entity/Q126084	P31	Q515	instance-of
http://www.wikidata.org/entity/Q126148	P31	Q515	instance-of
http://www.wikidata.org/entity/Q1261509	P31	Q515	instance-of
http://www.wikidata.org/entity/Q1262143	P31	Q34770	instance-of
http://www.wikidata.org/entity/Q12626611	P31	Q34770	instance-of
http://www.wikidata.org/entity/Q12626798	P31	Q34770	instance-of
http://www.wikidata.org/entity/Q126269	P31	Q515	instance-of
http://www.wikidata.org/entity/Q12627129	P31	Q34770	instance-of
http://www.wikidata.org/entity/Q12627158	P31	Q34770	instance-of
http://www.wikidata.org/entity/Q12627242	P31	Q34770	instance-of
http://www.wikidata.org/entity/Q12628799	P31	Q34770	instance-of
http://www.wikidata.org/entity/Q12628801	P31	Q34770	instance-of
http://www.wikidata.org/entity/Q12628803	P31	Q34770	instance-of
http://www.wikidata.org/entity/Q12628867	P31	Q34770	instance-of
http://www.wikidata.org/entity/Q12629011	P31	Q34770	instance-of
http://www.wikidata.org/entity/Q12629033	P31	Q34770	instance-of
http://www.wikidata.org/entity/Q12629491	P31	Q34770	instance-of
http://www.wikidata.org/entity/Q12629647	P31	Q34770	instance-of
http://www.wikidata.org/entity/Q12629755	P31	Q34770	instance-of
http://www.wikidata.org/entity/Q12629969	P31	Q34770	instance-of
http://www.wikidata.org/entity/Q12630425	P31	Q34770	instance-of
http://www.wikidata.org/entity/Q12630884	P31	Q34770	instance-of
http://www.wikidata.org/entity/Q12631584	P31	Q34770	instance-of
http://www.wikidata.org/entity/Q12631954	P31	Q34770	instance-of
http://www.wikidata.org/entity/Q12631978	P31	Q34770	instance-of
http://www.wikidata.org/entity/Q12632146	P31	Q34770	instance-of
http://www.wikidata.org/entity/Q12632397	P31	Q34770	instance-of
http://www.wikidata.org/entity/Q12632404	P31	Q34770	instance-of
http://www.wikidata.org/entity/Q12632753	P31	Q34770	instance-of
http://www.wikidata.org/entity/Q12632888	P31	Q34770	instance-of
http://www.wikidata.org/entity/Q12632895	P31	Q34770	instance-of
http://www.wikidata.org/entity/Q12633013	P31	Q34770	instance-of
http://www.wikidata.org/entity/Q12633026	P31	Q34770	instance-of
http://www.wikidata.org/entity/Q12633440	P31	Q34770	instance-of
http://www.wikidata.org/entity/Q12633505	P31	Q34770	instance-of
http://www.wikidata.org/entity/Q12633986	P31	Q34770	instance-of
http://www.wikidata.org/entity/Q12633989	P31	Q34770	instance-of
http://www.wikidata.org/entity/Q12633994	P31	Q34770	instance-of
http://www.wikidata.org/entity/Q12634070	P31	Q34770	instance-of
http://www.wikidata.org/entity/Q12634577	P31	Q34770	instance-of
http://www.wikidata.org/entity/Q12635082	P31	Q34770	instance-of
http://www.wikidata.org/entity/Q12635137	P31	Q34770	instance-of
http://www.wikidata.org/entity/Q12635302	P31	Q34770	instance-of
http://www.wikidata.org/entity/Q12635445	P31	Q34770	instance-of
http://www.wikidata.org/entity/Q12635887	P31	Q34770	instance-of
http://www.wikidata.org/entity/Q12635902	P31	Q34770	instance-of
http://www.wikidata.org/entity/Q12636052	P31	Q34770	instance-of
http://www.wikidata.org/entity/Q12636088	P31	Q34770	instance-of
http://www.wikidata.org/entity/Q12636809	P31	Q34770	instance-of
http://www.wikidata.org/entity/Q12636991	P31	Q34770	instance-of
http://www.wikidata.org/entity/Q12637224	P31	Q34770	instance-of
http://www.wikidata.org/entity/Q12637238	P31	Q34770	instance-of
http://www.wikidata.org/entity/Q12638166	P31	Q34770	instance-of
http://www.wikidata.org/entity/Q12638175	P31	Q34770	instance-of
http://www.wikidata.org/entity/Q12639015	P31	Q34770	instance-of
http://www.wikidata.org/entity/Q12639245	P31	Q34770	instance-of
http://www.wikidata.org/entity/Q12639686	P31	Q34770	instance-of
http://www.wikidata.org/entity/Q12640277	P31	Q34770	instance-of
http://www.wikidata.org/entity/Q12640742	P31	Q34770	instance-of
http://www.wikidata.org/entity/Q12640969	P31	Q34770	instance-of
http://www.wikidata.org/entity/Q126415	P31	Q515	instance-of
http://www.wikidata.org/entity/Q12641692	P31	Q34770	instance-of
http://www.wikidata.org/entity/Q12641739	P31	Q34770	instance-of
http://www.wikidata.org/entity/Q12641754	P31	Q34770	instance-of
http://www.wikidata.org/entity/Q12642078	P31	Q34770	instance-of
http://www.wikidata.org/entity/Q12642164	P31	Q34770	instance-of
http://www.wikidata.org/entity/Q12642165	P31	Q34770	instance-of
http://www.wikidata.org/entity/Q12642195	P31	Q34770	instance-of
http://www.wikidata.org/entity/Q12642599	P31	Q34770	instance-of
http://www.wikidata.org/entity/Q12643315	P31	Q34770	instance-of
http://www.wikidata.org/entity/Q12643484	P31	Q34770	instance-of
http://www.wikidata.org/entity/Q12643582	P31	Q34770	instance-of
http://www.wikidata.org/entity/Q12643657	P31	Q34770	instance-of
http://www.wikidata.org/entity/Q12643975	P31	Q34770	instance-of
http://www.wikidata.org/entity/Q12644012	P31	Q34770	instance-of
http://www.wikidata.org/entity/Q12644231	P31	Q34770	instance-of
http://www.wikidata.org/entity/Q12644329	P31	Q34770	instance-of
http://www.wikidata.org/entity/Q12644869	P31	Q34770	instance-of
http://www.wikidata.org/entity/Q12645081	P31	Q34770	instance-of
http://www.wikidata.org/entity/Q12645275	P31	Q34770	instance-of
http://www.wikidata.org/entity/Q12645352	P31	Q34770	instance-of
http://www.wikidata.org/entity/Q12645368	P31	Q34770	instance-of
http://www.wikidata.org/entity/Q12645448	P31	Q34770	instance-of
http://www.wikidata.org/entity/Q12645553	P31	Q34770	instance-of
http://www.wikidata.org/entity/Q12645568	P31	Q34770	instance-of
http://www.wikidata.org/entity/Q12645578	P31	Q34770	instance-of
http://www.wikidata.org/entity/Q12645588	P31	Q34770	instance-of
http://www.wikidata.org/entity/Q12645835	P31	Q34770	instance-of
http://www.wikidata.org/entity/Q1265294	P31	Q3918	instance-of
http://www.wikidata.org/entity/Q1265836	P31	Q9143	instance-of
http://www.wikidata.org/entity/Q126805	P31	Q515	instance-of
http://www.wikidata.org/entity/Q1268244	P31	Q34770	instance-of
http://www.wikidata.org/entity/Q12683226	P31	Q34770	instance-of
http://www.wikidata.org/entity/Q1268744	P31	Q9143	instance-of
http://www.wikidata.org/entity/Q126898	P31	Q515	instance-of
http://www.wikidata.org/entity/Q127063	P31	Q515	instance-of
http://www.wikidata.org/entity/Q127179148	P31	Q34770	instance-of
http://www.wikidata.org/entity/Q127367	P31	Q11424	instance-of
http://www.wikidata.org/entity/Q12747951	P31	Q34770	instance-of
http://www.wikidata.org/entity/Q127503	P31	Q482994	instance-of
http://www.wikidata.org/entity/Q12755683	P31	Q34770	instance-of
http://www.wikidata.org/entity/Q127623	P31	Q515	instance-of
http://www.wikidata.org/entity/Q127745	P31	Q3918	instance-of
http://www.wikidata.org/entity/Q1277803	P31	Q9143	instance-of
http://www.wikidata.org/entity/Q1281291	P31	Q34770	instance-of
http://www.wikidata.org/entity/Q128147	P31	Q515	instance-of
http://www.wikidata.org/entity/Q12825018	P31	Q515	instance-of
http://www.wikidata.org/entity/Q128261	P31	Q515	instance-of
http://www.wikidata.org/entity/Q12836150	P31	Q34770	instance-of
http://www.wikidata.org/entity/Q1283865	P31	Q9143	instance-of
http://www.wikidata.org/entity/Q1284877	P31	Q34770	instance-of
http://www.wikidata.org/entity/Q1284885	P31	Q34770	instance-of
http://www.wikidata.org/entity/Q128518	P31	Q11424	instance-of
http://www.wikidata.org/entity/Q1285318	P31	Q34770	instance-of
http://www.wikidata.org/entity/Q1288385	P31	Q34770	instance-of
http://www.wikidata.org/entity/Q12908815	P31	Q34770	instance-of
http://www.wikidata.org/entity/Q12911106	P31	Q34770	instance-of
http://www.wikidata.org/entity/Q12914662	P31	Q34770	instance-of
http://www.wikidata.org/entity/Q12919	P31	Q515	instance-of
http://www.wikidata.org/entity/Q129352	P31	Q515	instance-of
http://www.wikidata.org/entity/Q129421	P31	Q3918	instance-of
http://www.wikidata.org/entity/Q1294227	P31	Q34770	instance-of
http://www.wikidata.org/entity/Q1294243	P31	Q34770	instance-of
http://www.wikidata.org/entity/Q1294251	P31	Q34770	instance-of
http://www.wikidata.org/entity/Q1294439	P31	Q515	instance-of
http://www.wikidata.org/entity/Q12952250	P31	Q34770	instance-of
http://www.wikidata.org/entity/Q12952294	P31	Q34770	instance-of
http://www.wikidata.org/entity/Q12952337	P31	Q34770	instance-of
http://www.wikidata.org/entity/Q12952344	P31	Q34770	instance-of
http://www.wikidata.org/entity/Q12952357	P31	Q34770	instance-of
http://www.wikidata.org/entity/Q12952360	P31	Q34770	instance-of
http://www.wikidata.org/entity/Q12952372	P31	Q34770	instance-of
http://www.wikidata.org/entity/Q12952405	P31	Q34770	instance-of
http://www.wikidata.org/entity/Q12952409	P31	Q34770	instance-of
http://www.wikidata.org/entity/Q12952417	P31	Q34770	instance-of
http://www.wikidata.org/entity/Q12952418	P31	Q34770	instance-of
http://www.wikidata.org/entity/Q12952426	P31	Q34770	instance-of
http://www.wikidata.org/entity/Q12952430	P31	Q34770	instance-of
http://www.wikidata.org/entity/Q12952442	P31	Q34770	instance-of
http://www.wikidata.org/entity/Q12952445	P31	Q34770	instance-of
http://www.wikidata.org/entity/Q12952446	P31	Q34770	instance-of
http://www.wikidata.org/entity/Q12952447	P31	Q34770	instance-of
http://www.wikidata.org/entity/Q12952448	P31	Q34770	instance-of
http://www.wikidata.org/entity/Q12952453	P31	Q34770	instance-of
http://www.wikidata.org/entity/Q12952457	P31	Q34770	instance-of
http://www.wikidata.org/entity/Q12952462	P31	Q34770	instance-of
http://www.wikidata.org/entity/Q12952463	P31	Q34770	instance-of
http://www.wikidata.org/entity/Q12952473	P31	Q34770	instance-of
http://www.wikidata.org/entity/Q12952505	P31	Q34770	instance-of
http://www.wikidata.org/entity/Q12952511	P31	Q34770	instance-of
http://www.wikidata.org/entity/Q12952528	P31	Q34770	instance-of
http://www.wikidata.org/entity/Q12952530	P31	Q34770	instance-of
http://www.wikidata.org/entity/Q12952535	P31	Q34770	instance-of
http://www.wikidata.org/entity/Q12952538	P31	Q34770	instance-of
http://www.wikidata.org/entity/Q12952565	P31	Q34770	instance-of
http://www.wikidata.org/entity/Q12952566	P31	Q34770	instance-of
http://www.wikidata.org/entity/Q12952568	P31	Q34770	instance-of
http://www.wikidata.org/entity/Q12952569	P31	Q34770	instance-of
http://www.wikidata.org/entity/Q12952571	P31	Q34770	instance-of
http://www.wikidata.org/entity/Q12952572	P31	Q34770	instance-of
http://www.wikidata.org/entity/Q12952577	P31	Q34770	instance-of
http://www.wikidata.org/entity/Q12952581	P31	Q34770	instance-of
http://www.wikidata.org/entity/Q12952582	P31	Q34770	instance-of
http://www.wikidata.org/entity/Q12952592	P31	Q34770	instance-of
http://www.wikidata.org/entity/Q12952596	P31	Q34770	instance-of
http://www.wikidata.org/entity/Q12952597	P31	Q34770	instance-of
http://www.wikidata.org/entity/Q12952599	P31	Q34770	instance-of
http://www.wikidata.org/entity/Q12952616	P31	Q34770	instance-of
http://www.wikidata.org/entity/Q12952619	P31	Q34770	instance-of
http://www.wikidata.org/entity/Q12952622	P31	Q34770	instance-of
http://www.wikidata.org/entity/Q12952626	P31	Q34770	instance-of
http://www.wikidata.org/entity/Q12952628	P31	Q34770	instance-of
http://www.wikidata.org/entity/Q12952642	P31	Q34770	instance-of
http://www.wikidata.org/entity/Q12952647	P31	Q34770	instance-of
http://www.wikidata.org/entity/Q12952655	P31	Q34770	instance-of
http://www.wikidata.org/entity/Q12952656	P31	Q34770	instance-of
http://www.wikidata.org/entity/Q12952661	P31	Q34770	instance-of
http://www.wikidata.org/entity/Q12952676	P31	Q34770	instance-of
http://www.wikidata.org/entity/Q12952687	P31	Q34770	instance-of
http://www.wikidata.org/entity/Q12952694	P31	Q34770	instance-of
http://www.wikidata.org/entity/Q12952700	P31	Q34770	instance-of
http://www.wikidata.org/entity/Q12952703	P31	Q34770	instance-of
http://www.wikidata.org/entity/Q12952713	P31	Q34770	instance-of
http://www.wikidata.org/entity/Q12952719	P31	Q34770	instance-of
http://www.wikidata.org/entity/Q12952722	P31	Q34770	instance-of
http://www.wikidata.org/entity/Q12952740	P31	Q34770	instance-of
http://www.wikidata.org/entity/Q12952742	P31	Q34770	instance-of
http://www.wikidata.org/entity/Q12952744	P31	Q34770	instance-of
http://www.wikidata.org/entity/Q12952748	P31	Q34770	instance-of
http://www.wikidata.org/entity/Q12952750	P31	Q34770	instance-of
http://www.wikidata.org/entity/Q12952768	P31	Q34770	instance-of
http://www.wikidata.org/entity/Q12952775	P31	Q34770	instance-of
http://www.wikidata.org/entity/Q12952776	P31	Q34770	instance-of
http://www.wikidata.org/entity/Q12952778	P31	Q34770	instance-of
http://www.wikidata.org/entity/Q12952800	P31	Q34770	instance-of
http://www.wikidata.org/entity/Q12952816	P31	Q34770	instance-of
http://www.wikidata.org/entity/Q12952830	P31	Q34770	instance-of
http://www.wikidata.org/entity/Q12952840	P31	Q34770	instance-of
http://www.wikidata.org/entity/Q12952843	P31	Q34770	instance-of
http://www.wikidata.org/entity/Q12952844	P31	Q34770	instance-of
http://www.wikidata.org/entity/Q12952846	P31	Q34770	instance-of
http://www.wikidata.org/entity/Q12952852	P31	Q34770	instance-of
http://www.wikidata.org/entity/Q12952876	P31	Q34770	instance-of
http://www.wikidata.org/entity/Q12952883	P31	Q34770	instance-of
http://www.wikidata.org/entity/Q12952886	P31	Q34770	instance-of
http://www.wikidata.org/entity/Q12952895	P31	Q34770	instance-of
http://www.wikidata.org/entity/Q12952905	P31	Q34770	instance-of
http://www.wikidata.org/entity/Q12952906	P31	Q34770	instance-of
http://www.wikidata.org/entity/Q12952908	P31	Q34770	instance-of
http://www.wikidata.org/entity/Q12952910	P31	Q34770	instance-of
http://www.wikidata.org/entity/Q12952912	P31	Q34770	instance-of
http://www.wikidata.org/entity/Q12952915	P31	Q34770	instance-of
http://www.wikidata.org/entity/Q12952923	P31	Q34770	instance-of
http://www.wikidata.org/entity/Q12952929	P31	Q34770	instance-of
http://www.wikidata.org/entity/Q12952941	P31	Q34770	instance-of
http://www.wikidata.org/entity/Q12952953	P31	Q34770	instance-of
http://www.wikidata.org/entity/Q12952967	P31	Q34770	instance-of
http://www.wikidata.org/entity/Q12952968	P31	Q34770	instance-of
http://www.wikidata.org/entity/Q12952969	P31	Q34770	instance-of
http://www.wikidata.org/entity/Q12952987	P31	Q34770	instance-of
http://www.wikidata.org/entity/Q12953022	P31	Q34770	instance-of
http://www.wikidata.org/entity/Q12953030	P31	Q34770	instance-of
http://www.wikidata.org/entity/Q12953035	P31	Q34770	instance-of
http://www.wikidata.org/entity/Q12953036	P31	Q34770	instance-of
http://www.wikidata.org/entity/Q12953052	P31	Q34770	instance-of
http://www.wikidata.org/entity/Q12953056	P31	Q34770	instance-of
http://www.wikidata.org/entity/Q12953063	P31	Q34770	instance-of
http://www.wikidata.org/entity/Q12953069	P31	Q34770	instance-of
http://www.wikidata.org/entity/Q12953072	P31	Q34770	instance-of
http://www.wikidata.org/entity/Q12953082	P31	Q34770	instance-of
http://www.wikidata.org/entity/Q12953094	P31	Q34770	instance-of
http://www.wikidata.org/entity/Q12953126	P31	Q34770	instance-of
http://www.wikidata.org/entity/Q12953148	P31	Q34770	instance-of
http://www.wikidata.org/entity/Q12953173	P31	Q34770	instance-of
http://www.wikidata.org/entity/Q12953175	P31	Q34770	instance-of
http://www.wikidata.org/entity/Q12953176	P31	Q34770	instance-of
http://www.wikidata.org/entity/Q12953177	P31	Q34770	instance-of
http://www.wikidata.org/entity/Q12953178	P31	Q34770	instance-of
http://www.wikidata.org/entity/Q12953183	P31	Q34770	instance-of
http://www.wikidata.org/entity/Q12953185	P31	Q34770	instance-of
http://www.wikidata.org/entity/Q12953186	P31	Q34770	instance-of
http://www.wikidata.org/entity/Q12953194	P31	Q34770	instance-of
http://www.wikidata.org/entity/Q12953198	P31	Q34770	instance-of
http://www.wikidata.org/entity/Q12953200	P31	Q34770	instance-of
http://www.wikidata.org/entity/Q12953223	P31	Q34770	instance-of
http://www.wikidata.org/entity/Q12953225	P31	Q34770	instance-of
http://www.wikidata.org/entity/Q12953228	P31	Q34770	instance-of
http://www.wikidata.org/entity/Q12953229	P31	Q34770	instance-of
http://www.wikidata.org/entity/Q12953230	P31	Q34770	instance-of
http://www.wikidata.org/entity/Q12953237	P31	Q34770	instance-of
http://www.wikidata.org/entity/Q12953245	P31	Q34770	instance-of
http://www.wikidata.org/entity/Q12953261	P31	Q34770	instance-of
http://www.wikidata.org/entity/Q12953264	P31	Q34770	instance-of
http://www.wikidata.org/entity/Q12953273	P31	Q34770	instance-of
http://www.wikidata.org/entity/Q12953293	P31	Q34770	instance-of
http://www.wikidata.org/entity/Q12953294	P31	Q34770	instance-of
http://www.wikidata.org/entity/Q12953295	P31	Q34770	instance-of
http://www.wikidata.org/entity/Q12953302	P31	Q34770	instance-of
http://www.wikidata.org/entity/Q12953309	P31	Q34770	instance-of
http://www.wikidata.org/entity/Q12953310	P31	Q34770	instance-of
http://www.wikidata.org/entity/Q12953311	P31	Q34770	instance-of
http://www.wikidata.org/entity/Q12953319	P31	Q34770	instance-of
http://www.wikidata.org/entity/Q12953325	P31	Q34770	instance-of
http://www.wikidata.org/entity/Q12953334	P31	Q34770	instance-of
http://www.wikidata.org/entity/Q12953336	P31	Q34770	instance-of
http://www.wikidata.org/entity/Q12953340	P31	Q34770	instance-of
http://www.wikidata.org/entity/Q12953345	P31	Q34770	instance-of
http://www.wikidata.org/entity/Q12953386	P31	Q34770	instance-of
http://www.wikidata.org/entity/Q12953397	P31	Q34770	instance-of
http://www.wikidata.org/entity/Q12953426	P31	Q34770	instance-of
http://www.wikidata.org/entity/Q12953435	P31	Q34770	instance-of
http://www.wikidata.org/entity/Q12953437	P31	Q34770	instance-of
http://www.wikidata.org/entity/Q12953443	P31	Q34770	instance-of
http://www.wikidata.org/entity/Q12953452	P31	Q34770	instance-of
http://www.wikidata.org/entity/Q12953453	P31	Q34770	instance-of
http://www.wikidata.org/entity/Q12953454	P31	Q34770	instance-of
http://www.wikidata.org/entity/Q12953464	P31	Q34770	instance-of
http://www.wikidata.org/entity/Q12953510	P31	Q34770	instance-of
http://www.wikidata.org/entity/Q12953512	P31	Q34770	instance-of
http://www.wikidata.org/entity/Q12953513	P31	Q34770	instance-of
http://www.wikidata.org/entity/Q12953516	P31	Q34770	instance-of
http://www.wikidata.org/entity/Q12953525	P31	Q34770	instance-of
http://www.wikidata.org/entity/Q12953530	P31	Q34770	instance-of
http://www.wikidata.org/entity/Q12953532	P31	Q34770	instance-of
http://www.wikidata.org/entity/Q12953534	P31	Q34770	instance-of
http://www.wikidata.org/entity/Q12953543	P31	Q34770	instance-of
http://www.wikidata.org/entity/Q12953553	P31	Q34770	instance-of
http://www.wikidata.org/entity/Q12953558	P31	Q34770	instance-of
http://www.wikidata.org/entity/Q12953559	P31	Q34770	instance-of
http://www.wikidata.org/entity/Q12953565	P31	Q34770	instance-of
http://www.wikidata.org/entity/Q12953566	P31	Q34770	instance-of
http://www.wikidata.org/entity/Q12953568	P31	Q34770	instance-of
http://www.wikidata.org/entity/Q12953579	P31	Q34770	instance-of
http://www.wikidata.org/entity/Q12953581	P31	Q34770	instance-of
http://www.wikidata.org/entity/Q12953583	P31	Q34770	instance-of
http://www.wikidata.org/entity/Q12953585	P31	Q34770	instance-of
http://www.wikidata.org/entity/Q12953587	P31	Q34770	instance-of
http://www.wikidata.org/entity/Q12953596	P31	Q34770	instance-of
http://www.wikidata.org/entity/Q12953602	P31	Q34770	instance-of
http://www.wikidata.org/entity/Q12953604	P31	Q34770	instance-of
http://www.wikidata.org/entity/Q12953609	P31	Q34770	instance-of
http://www.wikidata.org/entity/Q12953621	P31	Q34770	instance-of
http://www.wikidata.org/entity/Q12953626	P31	Q34770	instance-of
http://www.wikidata.org/entity/Q12953627	P31	Q34770	instance-of
http://www.wikidata.org/entity/Q12953639	P31	Q34770	instance-of
http://www.wikidata.org/entity/Q12953645	P31	Q34770	instance-of
http://www.wikidata.org/entity/Q12953646	P31	Q34770	instance-of
http://www.wikidata.org/entity/Q12953649	P31	Q34770	instance-of
http://www.wikidata.org/entity/Q12953650	P31	Q34770	instance-of
http://www.wikidata.org/entity/Q12953659	P31	Q34770	instance-of
http://www.wikidata.org/entity/Q12953668	P31	Q34770	instance-of
http://www.wikidata.org/entity/Q12953671	P31	Q34770	instance-of
http://www.wikidata.org/entity/Q12953674	P31	Q34770	instance-of
http://www.wikidata.org/entity/Q12953676	P31	Q34770	instance-of
http://www.wikidata.org/entity/Q12953679	P31	Q34770	instance-of
http://www.wikidata.org/entity/Q12953681	P31	Q34770	instance-of
http://www.wikidata.org/entity/Q12953683	P31	Q34770	instance-of
http://www.wikidata.org/entity/Q12953684	P31	Q34770	instance-of
http://www.wikidata.org/entity/Q12953696	P31	Q34770	instance-of
http://www.wikidata.org/entity/Q12953700	P31	Q34770	instance-of
http://www.wikidata.org/entity/Q12953704	P31	Q34770	instance-of
http://www.wikidata.org/entity/Q12953705	P31	Q34770	instance-of
http://www.wikidata.org/entity/Q12953706	P31	Q34770	instance-of
http://www.wikidata.org/entity/Q12953718	P31	Q34770	instance-of
http://www.wikidata.org/entity/Q12953719	P31	Q34770	instance-of
http://www.wikidata.org/entity/Q12953721	P31	Q34770	instance-of
http://www.wikidata.org/entity/Q12953722	P31	Q34770	instance-of
http://www.wikidata.org/entity/Q12953727	P31	Q34770	instance-of
http://www.wikidata.org/entity/Q12953729	P31	Q34770	instance-of
http://www.wikidata.org/entity/Q12953730	P31	Q34770	instance-of
http://www.wikidata.org/entity/Q12953731	P31	Q34770	instance-of
http://www.wikidata.org/entity/Q12953733	P31	Q34770	instance-of
http://www.wikidata.org/entity/Q12953734	P31	Q34770	instance-of
http://www.wikidata.org/entity/Q12953738	P31	Q34770	instance-of
http://www.wikidata.org/entity/Q12953739	P31	Q34770	instance-of
http://www.wikidata.org/entity/Q12953740	P31	Q34770	instance-of
http://www.wikidata.org/entity/Q12953741	P31	Q34770	instance-of
http://www.wikidata.org/entity/Q12953749	P31	Q34770	instance-of
http://www.wikidata.org/entity/Q12953754	P31	Q34770	instance-of
http://www.wikidata.org/entity/Q12953756	P31	Q34770	instance-of
http://www.wikidata.org/entity/Q12953757	P31	Q34770	instance-of
http://www.wikidata.org/entity/Q12953768	P31	Q34770	instance-of
http://www.wikidata.org/entity/Q12953774	P31	Q34770	instance-of
http://www.wikidata.org/entity/Q12953782	P31	Q34770	instance-of
http://www.wikidata.org/entity/Q12953783	P31	Q34770	instance-of
http://www.wikidata.org/entity/Q12953785	P31	Q34770	instance-of
http://www.wikidata.org/entity/Q12953787	P31	Q34770	instance-of
http://www.wikidata.org/entity/Q12953791	P31	Q34770	instance-of
http://www.wikidata.org/entity/Q12953795	P31	Q34770	instance-of
http://www.wikidata.org/entity/Q12953797	P31	Q34770	instance-of
http://www.wikidata.org/entity/Q12953798	P31	Q34770	instance-of
http://www.wikidata.org/entity/Q12953804	P31	Q34770	instance-of
http://www.wikidata.org/entity/Q12953806	P31	Q34770	instance-of
http://www.wikidata.org/entity/Q12953808	P31	Q34770	instance-of
http://www.wikidata.org/entity/Q12953819	P31	Q34770	instance-of
http://www.wikidata.org/entity/Q12953831	P31	Q34770	instance-of
http://www.wikidata.org/entity/Q12953832	P31	Q34770	instance-of
http://www.wikidata.org/entity/Q12953835	P31	Q34770	instance-of
http://www.wikidata.org/entity/Q12953837	P31	Q34770	instance-of
http://www.wikidata.org/entity/Q12953838	P31	Q34770	instance-of
http://www.wikidata.org/entity/Q12953839	P31	Q34770	instance-of
http://www.wikidata.org/entity/Q12953840	P31	Q34770	instance-of
http://www.wikidata.org/entity/Q12953841	P31	Q34770	instance-of
http://www.wikidata.org/entity/Q12953844	P31	Q34770	instance-of
http://www.wikidata.org/entity/Q12953845	P31	Q34770	instance-of
http://www.wikidata.org/entity/Q12953846	P31	Q34770	instance-of
http://www.wikidata.org/entity/Q12953847	P31	Q34770	instance-of
http://www.wikidata.org/entity/Q12953848	P31	Q34770	instance-of
http://www.wikidata.org/entity/Q12953854	P31	Q34770	instance-of
http://www.wikidata.org/entity/Q12953857	P31	Q34770	instance-of
http://www.wikidata.org/entity/Q12953860	P31	Q34770	instance-of
http://www.wikidata.org/entity/Q12953867	P31	Q34770	instance-of
http://www.wikidata.org/entity/Q12953881	P31	Q34770	instance-of
http://www.wikidata.org/entity/Q12953884	P31	Q34770	instance-of
http://www.wikidata.org/entity/Q12953887	P31	Q34770	instance-of
http://www.wikidata.org/entity/Q12953890	P31	Q34770	instance-of
http://www.wikidata.org/entity/Q12953892	P31	Q34770	instance-of
http://www.wikidata.org/entity/Q12953893	P31	Q34770	instance-of
http://www.wikidata.org/entity/Q12953902	P31	Q34770	instance-of
http://www.wikidata.org/entity/Q12953907	P31	Q34770	instance-of
http://www.wikidata.org/entity/Q12953908	P31	Q34770	instance-of
http://www.wikidata.org/entity/Q12953909	P31	Q34770	instance-of
http://www.wikidata.org/entity/Q12953912	P31	Q34770	instance-of
http://www.wikidata.org/entity/Q12953913	P31	Q34770	instance-of
http://www.wikidata.org/entity/Q12953917	P31	Q34770	instance-of
http://www.wikidata.org/entity/Q12953920	P31	Q34770	instance-of
http://www.wikidata.org/entity/Q12953921	P31	Q34770	instance-of
http://www.wikidata.org/entity/Q12953924	P31	Q34770	instance-of
http://www.wikidata.org/entity/Q12953934	P31	Q34770	instance-of
http://www.wikidata.org/entity/Q12953935	P31	Q34770	instance-of
http://www.wikidata.org/entity/Q12953942	P31	Q34770	instance-of
http://www.wikidata.org/entity/Q12953943	P31	Q34770	instance-of
http://www.wikidata.org/entity/Q12953952	P31	Q34770	instance-of
http://www.wikidata.org/entity/Q12953954	P31	Q34770	instance-of
http://www.wikidata.org/entity/Q12953960	P31	Q34770	instance-of
http://www.wikidata.org/entity/Q12953970	P31	Q34770	instance-of
http://www.wikidata.org/entity/Q12953981	P31	Q34770	instance-of
http://www.wikidata.org/entity/Q12954000	P31	Q34770	instance-of
http://www.wikidata.org/entity/Q12954011	P31	Q34770	instance-of
http://www.wikidata.org/entity/Q12954012	P31	Q34770	instance-of
http://www.wikidata.org/entity/Q12954015	P31	Q34770	instance-of
http://www.wikidata.org/entity/Q12954017	P31	Q34770	instance-of
http://www.wikidata.org/entity/Q12954031	P31	Q34770	instance-of
http://www.wikidata.org/entity/Q129610	P31	Q515	instance-of
http://www.wikidata.org/entity/Q129649	P31	Q515	instance-of
http://www.wikidata.org/entity/Q12967437	P31	Q34770	instance-of
http://www.wikidata.org/entity/Q12994	P31	Q515	instance-of
http://www.wikidata.org/entity/Q13018510	P31	Q34770	instance-of
http://www.wikidata.org/entity/Q13018514	P31	Q34770	instance-of
http://www.wikidata.org/entity/Q13018522	P31	Q34770	instance-of
http://www.wikidata.org/entity/Q13018524	P31	Q34770	instance-of
http://www.wikidata.org/entity/Q13018525	P31	Q34770	instance-of
http://www.wikidata.org/entity/Q13018526	P31	Q34770	instance-of
http://www.wikidata.org/entity/Q13018531	P31	Q34770	instance-of
http://www.wikidata.org/entity/Q13018536	P31	Q34770	instance-of
http://www.wikidata.org/entity/Q13018538	P31	Q34770	instance-of
http://www.wikidata.org/entity/Q13018541	P31	Q34770	instance-of
http://www.wikidata.org/entity/Q13018551	P31	Q34770	instance-of
http://www.wikidata.org/entity/Q13018555	P31	Q34770	instance-of
http://www.wikidata.org/entity/Q13018557	P31	Q34770	instance-of
http://www.wikidata.org/entity/Q13018559	P31	Q34770	instance-of
http://www.wikidata.org/entity/Q13018575	P31	Q34770	instance-of
http://www.wikidata.org/entity/Q13018598	P31	Q34770	instance-of
http://www.wikidata.org/entity/Q13018603	P31	Q34770	instance-of
http://www.wikidata.org/entity/Q13018608	P31	Q34770	instance-of
http://www.wikidata.org/entity/Q13018626	P31	Q34770	instance-of
http://www.wikidata.org/entity/Q13018630	P31	Q34770	instance-of
http://www.wikidata.org/entity/Q130191	P31	Q515	instance-of
http://www.wikidata.org/entity/Q130212	P31	Q515	instance-of
http://www.wikidata.org/entity/Q130224860	P31	Q34770	instance-of
http://www.wikidata.org/entity/Q13036424	P31	Q34770	instance-of
http://www.wikidata.org/entity/Q130469	P31	Q515	instance-of
http://www.wikidata.org/entity/Q1305	P31	Q515	instance-of
http://www.wikidata.org/entity/Q130514	P31	Q515	instance-of
http://www.wikidata.org/entity/Q1305486	P31	Q3918	instance-of
http://www.wikidata.org/entity/Q1306585	P31	Q9143	instance-of
http://www.wikidata.org/entity/Q1307730	P31	Q34770	instance-of
http://www.wikidata.org/entity/Q1308	P31	Q515	instance-of
http://www.wikidata.org/entity/Q130800	P31	Q515	instance-of
http://www.wikidata.org/entity/Q1310	P31	Q515	instance-of
http://www.wikidata.org/entity/Q131074	P31	Q11424	instance-of
http://www.wikidata.org/entity/Q131127	P31	Q515	instance-of
http://www.wikidata.org/entity/Q131128	P31	Q515	instance-of
http://www.wikidata.org/entity/Q131140	P31	Q9143	instance-of
http://www.wikidata.org/entity/Q131182	P31	Q482994	instance-of
http://www.wikidata.org/entity/Q131233	P31	Q515	instance-of
http://www.wikidata.org/entity/Q13123409	P31	Q34770	instance-of
http://www.wikidata.org/entity/Q13123488	P31	Q34770	instance-of
http://www.wikidata.org/entity/Q13123491	P31	Q34770	instance-of
http://www.wikidata.org/entity/Q13123500	P31	Q34770	instance-of
http://www.wikidata.org/entity/Q13123561	P31	Q34770	instance-of
http://www.wikidata.org/entity/Q13123571	P31	Q34770	instance-of
http://www.wikidata.org/entity/Q13123599	P31	Q34770	instance-of
http://www.wikidata.org/entity/Q131243	P31	Q515	instance-of
http://www.wikidata.org/entity/Q1312762	P31	Q3918	instance-of
http://www.wikidata.org/entity/Q131285970	P31	Q34770	instance-of
http://www.wikidata.org/entity/Q131287560	P31	Q34770	instance-of
http://www.wikidata.org/entity/Q131323	P31	Q515	instance-of
http://www.wikidata.org/entity/Q131339	P31	Q34770	instance-of
http://www.wikidata.org/entity/Q131390	P31	Q11424	instance-of
http://www.wikidata.org/entity/Q131392	P31	Q482994	instance-of
http://www.wikidata.org/entity/Q13143510	P31	Q34770	instance-of
http://www.wikidata.org/entity/Q13143772	P31	Q34770	instance-of
http://www.wikidata.org/entity/Q13144259	P31	Q34770	instance-of
http://www.wikidata.org/entity/Q13144955	P31	Q34770	instance-of
http://www.wikidata.org/entity/Q13145259	P31	Q34770	instance-of
http://www.wikidata.org/entity/Q13146490	P31	Q34770	instance-of
http://www.wikidata.org/entity/Q131495	P31	Q515	instance-of
http://www.wikidata.org/entity/Q131584212	P31	Q34770	instance-of
http://www.wikidata.org/entity/Q131605	P31	Q515	instance-of
http://www.wikidata.org/entity/Q131612	P31	Q515	instance-of
http://www.wikidata.org/entity/Q131621217	P31	Q34770	instance-of
http://www.wikidata.org/entity/Q131623074	P31	Q3918	instance-of
http://www.wikidata.org/entity/Q131638	P31	Q515	instance-of
http://www.wikidata.org/entity/Q131694	P31	Q515	instance-of
http://www.wikidata.org/entity/Q13171	P31	Q482994	instance-of
http://www.wikidata.org/entity/Q13172	P31	Q482994	instance-of
http://www.wikidata.org/entity/Q131818	P31	Q515	instance-of
http://www.wikidata.org/entity/Q131919251	P31	Q482994	instance-of
http://www.wikidata.org/entity/Q13197	P31	Q34770	instance-of
http://www.wikidata.org/entity/Q13198	P31	Q34770	instance-of
http://www.wikidata.org/entity/Q13202	P31	Q34770	instance-of
http://www.wikidata.org/entity/Q132043	P31	Q515	instance-of
http://www.wikidata.org/entity/Q1321	P31	Q34770	instance-of
http://www.wikidata.org/entity/Q13210	P31	Q34770	instance-of
http://www.wikidata.org/entity/Q13214	P31	Q34770	instance-of
http://www.wikidata.org/entity/Q13226	P31	Q34770	instance-of
http://www.wikidata.org/entity/Q13229	P31	Q34770	instance-of
http://www.wikidata.org/entity/Q1323362	P31	Q9143	instance-of
http://www.wikidata.org/entity/Q13239	P31	Q34770	instance-of
http://www.wikidata.org/entity/Q1324132	P31	Q34770	instance-of
http://www.wikidata.org/entity/Q132444522	P31	Q34770	instance-of
http://www.wikidata.org/entity/Q132478	P31	Q3918	instance-of
http://www.wikidata.org/entity/Q13249	P31	Q34770	instance-of
http://www.wikidata.org/entity/Q13257	P31	Q34770	instance-of
http://www.wikidata.org/entity/Q132671	P31	Q515	instance-of
http://www.wikidata.org/entity/Q132679	P31	Q515	instance-of
http://www.wikidata.org/entity/Q13268	P31	Q34770	instance-of
http://www.wikidata.org/entity/Q132689	P31	Q11424	instance-of
http://www.wikidata.org/entity/Q13269	P31	Q34770	instance-of
http://www.wikidata.org/entity/Q13272	P31	Q34770	instance-of
http://www.wikidata.org/entity/Q13273	P31	Q34770	instance-of
http://www.wikidata.org/entity/Q132754	P31	Q515	instance-of
http://www.wikidata.org/entity/Q13278	P31	Q34770	instance-of
http://www.wikidata.org/entity/Q13281	P31	Q34770	instance-of
http://www.wikidata.org/entity/Q13283	P31	Q34770	instance-of
http://www.wikidata.org/entity/Q132861242	P31	Q34770	instance-of
http://www.wikidata.org/entity/Q13295	P31	Q34770	instance-of
http://www.wikidata.org/entity/Q13297	P31	Q34770	instance-of
http://www.wikidata.org/entity/Q13299	P31	Q34770	instance-of
http://www.wikidata.org/entity/Q13301	P31	Q34770	instance-of
http://www.wikidata.org/entity/Q13303	P31	Q34770	instance-of
http://www.wikidata.org/entity/Q13307	P31	Q34770	instance-of
http://www.wikidata.org/entity/Q133073	P31	Q515	instance-of
http://www.wikidata.org/entity/Q13310	P31	Q34770	instance-of
http://www.wikidata.org/entity/Q13311	P31	Q34770	instance-of
http://www.wikidata.org/entity/Q133116	P31	Q515	instance-of
http://www.wikidata.org/entity/Q133118	P31	Q515	instance-of
http://www.wikidata.org/entity/Q133123	P31	Q515	instance-of
http://www.wikidata.org/entity/Q13313	P31	Q34770	instance-of
http://www.wikidata.org/entity/Q133132	P31	Q43229	instance-of
http://www.wikidata.org/entity/Q13315	P31	Q34770	instance-of
http://www.wikidata.org/entity/Q13316	P31	Q34770	instance-of
http://www.wikidata.org/entity/Q13318	P31	Q515	instance-of
http://www.wikidata.org/entity/Q13320	P31	Q515	instance-of
http://www.wikidata.org/entity/Q13324	P31	Q34770	instance-of
http://www.wikidata.org/entity/Q133251390	P31	Q34770	instance-of
http://www.wikidata.org/entity/Q13329	P31	Q515	instance-of
http://www.wikidata.org/entity/Q133315	P31	Q515	instance-of
http://www.wikidata.org/entity/Q13333	P31	Q34770	instance-of
http://www.wikidata.org/entity/Q1333399	P31	Q3918	instance-of
http://www.wikidata.org/entity/Q13336	P31	Q34770	instance-of
http://www.wikidata.org/entity/Q1333607	P31	Q3918	instance-of
http://www.wikidata.org/entity/Q13338	P31	Q3918	instance-of
http://www.wikidata.org/entity/Q13339	P31	Q34770	instance-of
http://www.wikidata.org/entity/Q13345	P31	Q34770	instance-of
http://www.wikidata.org/entity/Q1334586	P31	Q9143	instance-of
http://www.wikidata.org/entity/Q13349	P31	Q34770	instance-of
http://www.wikidata.org/entity/Q13351	P31	Q34770	instance-of
http://www.wikidata.org/entity/Q1335388	P31	Q9143	instance-of
http://www.wikidata.org/entity/Q13356	P31	Q34770	instance-of
http://www.wikidata.org/entity/Q13357	P31	Q34770	instance-of
http://www.wikidata.org/entity/Q13360	P31	Q515	instance-of
http://www.wikidata.org/entity/Q13361	P31	Q34770	instance-of
http://www.wikidata.org/entity/Q13362	P31	Q515	instance-of
http://www.wikidata.org/entity/Q13363	P31	Q34770	instance-of
http://www.wikidata.org/entity/Q13364	P31	Q515	instance-of
http://www.wikidata.org/entity/Q13365	P31	Q34770	instance-of
http://www.wikidata.org/entity/Q133654	P31	Q11424	instance-of
http://www.wikidata.org/entity/Q13367	P31	Q515	instance-of
http://www.wikidata.org/entity/Q133678	P31	Q34770	instance-of
http://www.wikidata.org/entity/Q13368	P31	Q34770	instance-of
http://www.wikidata.org/entity/Q13369	P31	Q515	instance-of
http://www.wikidata.org/entity/Q13372	P31	Q515	instance-of
http://www.wikidata.org/entity/Q13373	P31	Q515	instance-of
http://www.wikidata.org/entity/Q13375	P31	Q515	instance-of
http://www.wikidata.org/entity/Q13377	P31	Q515	instance-of
http://www.wikidata.org/entity/Q13386	P31	Q515	instance-of
http://www.wikidata.org/entity/Q133871215	P31	Q34770	instance-of
http://www.wikidata.org/entity/Q13389	P31	Q34770	instance-of
http://www.wikidata.org/entity/Q1341	P31	Q515	instance-of
http://www.wikidata.org/entity/Q13410	P31	Q515	instance-of
http://www.wikidata.org/entity/Q13411396	P31	Q34770	instance-of
http://www.wikidata.org/entity/Q13417189	P31	Q11424	instance-of
http://www.wikidata.org/entity/Q134287	P31	Q515	instance-of
http://www.wikidata.org/entity/Q134291	P31	Q515	instance-of
http://www.wikidata.org/entity/Q134509	P31	Q515	instance-of
http://www.wikidata.org/entity/Q134514	P31	Q515	instance-of
http://www.wikidata.org/entity/Q1345684	P31	Q34770	instance-of
http://www.wikidata.org/entity/Q13459953	P31	Q34770	instance-of
http://www.wikidata.org/entity/Q134620	P31	Q515	instance-of
http://www.wikidata.org/entity/Q134626399	P31	Q34770	instance-of
http://www.wikidata.org/entity/Q13464	P31	Q515	instance-of
http://www.wikidata.org/entity/Q134672	P31	Q515	instance-of
http://www.wikidata.org/entity/Q13470	P31	Q515	instance-of
http://www.wikidata.org/entity/Q134703	P31	Q515	instance-of
http://www.wikidata.org/entity/Q134712	P31	Q515	instance-of
http://www.wikidata.org/entity/Q13479839	P31	Q34770	instance-of
http://www.wikidata.org/entity/Q13479983	P31	Q34770	instance-of
http://www.wikidata.org/entity/Q13486	P31	Q515	instance-of
http://www.wikidata.org/entity/Q134902	P31	Q515	instance-of
http://www.wikidata.org/entity/Q1349150	P31	Q3918	instance-of
http://www.wikidata.org/entity/Q13496636	P31	Q9143	instance-of
http://www.wikidata.org/entity/Q13498	P31	Q515	instance-of
http://www.wikidata.org/entity/Q13510225	P31	Q34770	instance-of
http://www.wikidata.org/entity/Q1351046	P31	Q515	instance-of
http://www.wikidata.org/entity/Q135153564	P31	Q34770	instance-of
http://www.wikidata.org/entity/Q1353139	P31	Q3918	instance-of
http://www.wikidata.org/entity/Q1354	P31	Q515	instance-of
http://www.wikidata.org/entity/Q1354097	P31	Q3918	instance-of
http://www.wikidata.org/entity/Q13541830	P31	Q34770	instance-of
http://www.wikidata.org/entity/Q13541831	P31	Q34770	instance-of
http://www.wikidata.org/entity/Q1355	P31	Q515	instance-of
http://www.wikidata.org/entity/Q13553748	P31	Q34770	instance-of
http://www.wikidata.org/entity/Q13580783	P31	Q34770	instance-of
http://www.wikidata.org/entity/Q13580912	P31	Q34770	instance-of
http://www.wikidata.org/entity/Q13581718	P31	Q34770	instance-of
http://www.wikidata.org/entity/Q13583508	P31	Q34770	instance-of
http://www.wikidata.org/entity/Q13583510	P31	Q34770	instance-of
http://www.wikidata.org/entity/Q13586632	P31	Q34770	instance-of
http://www.wikidata.org/entity/Q13589641	P31	Q34770	instance-of
http://www.wikidata.org/entity/Q13591127	P31	Q34770	instance-of
http://www.wikidata.org/entity/Q13591205	P31	Q34770	instance-of
http://www.wikidata.org/entity/Q1359130	P31	Q34770	instance-of
http://www.wikidata.org/entity/Q13591670	P31	Q34770	instance-of
http://www.wikidata.org/entity/Q1359171	P31	Q9143	instance-of
http://www.wikidata.org/entity/Q13593518	P31	Q34770	instance-of
http://www.wikidata.org/entity/Q13601748	P31	Q34770	instance-of
http://www.wikidata.org/entity/Q136217	P31	Q515	instance-of
http://www.wikidata.org/entity/Q13625	P31	Q515	instance-of
http://www.wikidata.org/entity/Q13629	P31	Q515	instance-of
http://www.wikidata.org/entity/Q1363072	P31	Q34770	instance-of
http://www.wikidata.org/entity/Q1364815	P31	Q34770	instance-of
http://www.wikidata.org/entity/Q1365132	P31	Q34770	instance-of
http://www.wikidata.org/entity/Q1365342	P31	Q34770	instance-of
http://www.wikidata.org/entity/Q13666	P31	Q515	instance-of
http://www.wikidata.org/entity/Q1366643	P31	Q34770	instance-of
http://www.wikidata.org/entity/Q13670	P31	Q515	instance-of
http://www.wikidata.org/entity/Q13678	P31	Q515	instance-of
http://www.wikidata.org/entity/Q136913366	P31	Q34770	instance-of
http://www.wikidata.org/entity/Q1370318	P31	Q3918	instance-of
http://www.wikidata.org/entity/Q1370342	P31	Q3918	instance-of
http://www.wikidata.org/entity/Q1372362	P31	Q3918	instance-of
http://www.wikidata.org/entity/Q13728042	P31	Q34770	instance-of
http://www.wikidata.org/entity/Q1374139	P31	Q9143	instance-of
http://www.wikidata.org/entity/Q137503	P31	Q3918	instance-of
http://www.wikidata.org/entity/Q137525	P31	Q34770	instance-of
http://www.wikidata.org/entity/Q137586545	P31	Q34770	instance-of
http://www.wikidata.org/entity/Q1382	P31	Q515	instance-of
http://www.wikidata.org/entity/Q13848149	P31	Q34770	instance-of
http://www.wikidata.org/entity/Q138605686	P31	Q34770	instance-of
http://www.wikidata.org/entity/Q1387402	P31	Q9143	instance-of
http://www.wikidata.org/entity/Q1389173	P31	Q9143	instance-of
http://www.wikidata.org/entity/Q13893353	P31	Q34770	instance-of
http://www.wikidata.org/entity/Q138986	P31	Q515	instance-of
http://www.wikidata.org/entity/Q1391724	P31	Q9143	instance-of
http://www.wikidata.org/entity/Q139242	P31	Q515	instance-of
http://www.wikidata.org/entity/Q139380	P31	Q9143	instance-of
http://www.wikidata.org/entity/Q13939	P31	Q515	instance-of
http://www.wikidata.org/entity/Q13955	P31	Q34770	instance-of
http://www.wikidata.org/entity/Q139706	P31	Q515	instance-of
http://www.wikidata.org/entity/Q140075	P31	Q515	instance-of
http://www.wikidata.org/entity/Q140304	P31	Q515	instance-of
http://www.wikidata.org/entity/Q140631	P31	Q515	instance-of
http://www.wikidata.org/entity/Q1406574	P31	Q34770	instance-of
http://www.wikidata.org/entity/Q1410	P31	Q515	instance-of
http://www.wikidata.org/entity/Q1411222	P31	Q3918	instance-of
http://www.wikidata.org/entity/Q1411245	P31	Q9143	instance-of
http://www.wikidata.org/entity/Q1411875	P31	Q9143	instance-of
http://www.wikidata.org/entity/Q14171368	P31	Q11424	instance-of
http://www.wikidata.org/entity/Q14183	P31	Q34770	instance-of
http://www.wikidata.org/entity/Q1419737	P31	Q3918	instance-of
http://www.wikidata.org/entity/Q142	P31	Q6256	instance-of
http://www.wikidata.org/entity/Q1420205	P31	Q34770	instance-of
http://www.wikidata.org/entity/Q1420239	P31	Q3918	instance-of
http://www.wikidata.org/entity/Q1422458	P31	Q3918	instance-of
http://www.wikidata.org/entity/Q14240916	P31	Q34770	instance-of
http://www.wikidata.org/entity/Q1430113	P31	Q3918	instance-of
http://www.wikidata.org/entity/Q143130	P31	Q34770	instance-of
http://www.wikidata.org/entity/Q1432030	P31	Q3918	instance-of
http://www.wikidata.org/entity/Q1432632	P31	Q3918	instance-of
http://www.wikidata.org/entity/Q143419	P31	Q9143	instance-of
http://www.wikidata.org/entity/Q14352960	P31	Q34770	instance-of
http://www.wikidata.org/entity/Q14355034	P31	Q34770	instance-of
http://www.wikidata.org/entity/Q1436816	P31	Q515	instance-of
http://www.wikidata.org/entity/Q14378091	P31	Q9143	instance-of
http://www.wikidata.org/entity/Q14426328	P31	Q34770	instance-of
http://www.wikidata.org/entity/Q14426329	P31	Q34770	instance-of
http://www.wikidata.org/entity/Q144488	P31	Q3918	instance-of
http://www.wikidata.org/entity/Q14453	P31	Q515	instance-of
http://www.wikidata.org/entity/Q1446181	P31	Q3918	instance-of
http://www.wikidata.org/entity/Q14466283	P31	Q34770	instance-of
http://www.wikidata.org/entity/Q14468943	P31	Q34770	instance-of
http://www.wikidata.org/entity/Q144983	P31	Q515	instance-of
http://www.wikidata.org/entity/Q145	P31	Q6256	instance-of
http://www.wikidata.org/entity/Q145002	P31	Q515	instance-of
http://www.wikidata.org/entity/Q14531212	P31	Q34770	instance-of
http://www.wikidata.org/entity/Q1453196	P31	Q515	instance-of
http://www.wikidata.org/entity/Q1458695	P31	Q3918	instance-of
http://www.wikidata.org/entity/Q145972	P31	Q515	instance-of
http://www.wikidata.org/entity/Q14623791	P31	Q34770	instance-of
http://www.wikidata.org/entity/Q1463356	P31	Q3918	instance-of
http://www.wikidata.org/entity/Q146342	P31	Q515	instance-of
http://www.wikidata.org/entity/Q146356	P31	Q515	instance-of
http://www.wikidata.org/entity/Q146509	P31	Q515	instance-of
http://www.wikidata.org/entity/Q1465448	P31	Q3918	instance-of
http://www.wikidata.org/entity/Q1468607	P31	Q3918	instance-of
http://www.wikidata.org/entity/Q14697894	P31	Q34770	instance-of
http://www.wikidata.org/entity/Q14697981	P31	Q34770	instance-of
http://www.wikidata.org/entity/Q147006	P31	Q482994	instance-of
http://www.wikidata.org/entity/Q147089	P31	Q515	instance-of
http://www.wikidata.org/entity/Q1471879	P31	Q3918	instance-of
http://www.wikidata.org/entity/Q1472199	P31	Q34770	instance-of
http://www.wikidata.org/entity/Q1472213	P31	Q34770	instance-of
http://www.wikidata.org/entity/Q1472421	P31	Q34770	instance-of
http://www.wikidata.org/entity/Q147243	P31	Q515	instance-of
http://www.wikidata.org/entity/Q1473289	P31	Q34770	instance-of
http://www.wikidata.org/entity/Q147402	P31	Q515	instance-of
http://www.wikidata.org/entity/Q1474656	P31	Q3918	instance-of
http://www.wikidata.org/entity/Q14759	P31	Q34770	instance-of
http://www.wikidata.org/entity/Q1477607	P31	Q3918	instance-of
http://www.wikidata.org/entity/Q147934	P31	Q515	instance-of
http://www.wikidata.org/entity/Q147975	P31	Q515	instance-of
http://www.wikidata.org/entity/Q148	P31	Q6256	instance-of
http://www.wikidata.org/entity/Q148062	P31	Q515	instance-of
http://www.wikidata.org/entity/Q1486208	P31	Q9143	instance-of
http://www.wikidata.org/entity/Q1489	P31	Q515	instance-of
http://www.wikidata.org/entity/Q14916876	P31	Q34770	instance-of
http://www.wikidata.org/entity/Q14916877	P31	Q34770	instance-of
http://www.wikidata.org/entity/Q14916883	P31	Q34770	instance-of
http://www.wikidata.org/entity/Q14916887	P31	Q34770	instance-of
http://www.wikidata.org/entity/Q14916889	P31	Q34770	instance-of
http://www.wikidata.org/entity/Q14916894	P31	Q34770	instance-of
http://www.wikidata.org/entity/Q14916896	P31	Q34770	instance-of
http://www.wikidata.org/entity/Q14916897	P31	Q34770	instance-of
http://www.wikidata.org/entity/Q14916900	P31	Q34770	instance-of
http://www.wikidata.org/entity/Q14916905	P31	Q34770	instance-of
http://www.wikidata.org/entity/Q14916906	P31	Q34770	instance-of
http://www.wikidata.org/entity/Q14916907	P31	Q34770	instance-of
http://www.wikidata.org/entity/Q14916908	P31	Q34770	instance-of
http://www.wikidata.org/entity/Q14916911	P31	Q34770	instance-of
http://www.wikidata.org/entity/Q1492	P31	Q515	instance-of
http://www.wikidata.org/entity/Q149208	P31	Q34770	instance-of
http://www.wikidata.org/entity/Q1494353	P31	Q3918	instance-of
http://www.wikidata.org/entity/Q14957	P31	Q515	instance-of
http://www.wikidata.org/entity/Q1496597	P31	Q34770	instance-of
http://www.wikidata.org/entity/Q1496662	P31	Q3918	instance-of
http://www.wikidata.org/entity/Q1499115	P31	Q34770	instance-of
http://www.wikidata.org/entity/Q149990	P31	Q3918	instance-of
http://www.wikidata.org/entity/Q150	P31	Q34770	instance-of
http://www.wikidata.org/entity/Q1505372	P31	Q9143	instance-of
http://www.wikidata.org/entity/Q15069308	P31	Q34770	instance-of
http://www.wikidata.org/entity/Q15080869	P31	Q34770	instance-of
http://www.wikidata.org/entity/Q15085	P31	Q34770	instance-of
http://www.wikidata.org/entity/Q150901	P31	Q482994	instance-of
http://www.wikidata.org/entity/Q15092	P31	Q515	instance-of
http://www.wikidata.org/entity/Q151114	P31	Q482994	instance-of
http://www.wikidata.org/entity/Q1513	P31	Q515	instance-of
http://www.wikidata.org/entity/Q15142	P31	Q3918	instance-of
http://www.wikidata.org/entity/Q1515	P31	Q515	instance-of
http://www.wikidata.org/entity/Q151657	P31	Q482994	instance-of
http://www.wikidata.org/entity/Q1516651	P31	Q34770	instance-of
http://www.wikidata.org/entity/Q1516803	P31	Q34770	instance-of
http://www.wikidata.org/entity/Q1517021	P31	Q3918	instance-of
http://www.wikidata.org/entity/Q151714	P31	Q482994	instance-of
http://www.wikidata.org/entity/Q15174	P31	Q515	instance-of
http://www.wikidata.org/entity/Q151880	P31	Q482994	instance-of
http://www.wikidata.org/entity/Q1519	P31	Q515	instance-of
http://www.wikidata.org/entity/Q151920	P31	Q515	instance-of
http://www.wikidata.org/entity/Q1519764	P31	Q34770	instance-of
http://www.wikidata.org/entity/Q15220528	P31	Q34770	instance-of
http://www.wikidata.org/entity/Q152368	P31	Q515	instance-of
http://www.wikidata.org/entity/Q1523902	P31	Q3918	instance-of
http://www.wikidata.org/entity/Q152396	P31	Q515	instance-of
http://www.wikidata.org/entity/Q15241057	P31	Q9143	instance-of
http://www.wikidata.org/entity/Q152436	P31	Q515	instance-of
http://www.wikidata.org/entity/Q152449	P31	Q515	instance-of
http://www.wikidata.org/entity/Q152467	P31	Q515	instance-of
http://www.wikidata.org/entity/Q152473	P31	Q515	instance-of
http://www.wikidata.org/entity/Q152491	P31	Q515	instance-of
http://www.wikidata.org/entity/Q1524992	P31	Q3918	instance-of
http://www.wikidata.org/entity/Q1526037	P31	Q34770	instance-of
http://www.wikidata.org/entity/Q152605	P31	Q482994	instance-of
http://www.wikidata.org/entity/Q1526525	P31	Q34770	instance-of
http://www.wikidata.org/entity/Q152831	P31	Q515	instance-of
http://www.wikidata.org/entity/Q152873	P31	Q482994	instance-of
http://www.wikidata.org/entity/Q152902	P31	Q515	instance-of
http://www.wikidata.org/entity/Q15302988	P31	Q34770	instance-of
http://www.wikidata.org/entity/Q1530394	P31	Q34770	instance-of
http://www.wikidata.org/entity/Q1533	P31	Q515	instance-of
http://www.wikidata.org/entity/Q15338035	P31	Q34770	instance-of
http://www.wikidata.org/entity/Q15342275	P31	Q34770	instance-of
http://www.wikidata.org/entity/Q153627	P31	Q34770	instance-of
http://www.wikidata.org/entity/Q153723	P31	Q11424	instance-of
http://www.wikidata.org/entity/Q1537759	P31	Q3918	instance-of
http://www.wikidata.org/entity/Q1538	P31	Q515	instance-of
http://www.wikidata.org/entity/Q1538458	P31	Q9143	instance-of
http://www.wikidata.org/entity/Q15407174	P31	Q34770	instance-of
http://www.wikidata.org/entity/Q15407179	P31	Q34770	instance-of
http://www.wikidata.org/entity/Q15407187	P31	Q34770	instance-of
http://www.wikidata.org/entity/Q15408477	P31	Q9143	instance-of
http://www.wikidata.org/entity/Q1542386	P31	Q3918	instance-of
http://www.wikidata.org/entity/Q1542418	P31	Q3918	instance-of
http://www.wikidata.org/entity/Q1543126	P31	Q3918	instance-of
http://www.wikidata.org/entity/Q15462609	P31	Q34770	instance-of
http://www.wikidata.org/entity/Q15462671	P31	Q34770	instance-of
http://www.wikidata.org/entity/Q1546494	P31	Q34770	instance-of
http://www.wikidata.org/entity/Q1546906	P31	Q3918	instance-of
http://www.wikidata.org/entity/Q1547084	P31	Q3918	instance-of
http://www.wikidata.org/entity/Q1547448	P31	Q9143	instance-of
http://www.wikidata.org/entity/Q154797	P31	Q43229	instance-of
http://www.wikidata.org/entity/Q154897	P31	Q515	instance-of
http://www.wikidata.org/entity/Q155	P31	Q6256	instance-of
http://www.wikidata.org/entity/Q155169	P31	Q482994	instance-of
http://www.wikidata.org/entity/Q15549890	P31	Q34770	instance-of
http://www.wikidata.org/entity/Q1555	P31	Q515	instance-of
http://www.wikidata.org/entity/Q155593	P31	Q482994	instance-of
http://www.wikidata.org/entity/Q155645	P31	Q34770	instance-of
http://www.wikidata.org/entity/Q15570	P31	Q3918	instance-of
http://www.wikidata.org/entity/Q155715	P31	Q482994	instance-of
http://www.wikidata.org/entity/Q155915	P31	Q515	instance-of
http://www.wikidata.org/entity/Q155993	P31	Q515	instance-of
http://www.wikidata.org/entity/Q15613270	P31	Q34770	instance-of
http://www.wikidata.org/entity/Q15613282	P31	Q34770	instance-of
http://www.wikidata.org/entity/Q15614922	P31	Q34770	instance-of
http://www.wikidata.org/entity/Q15615591	P31	Q34770	instance-of
http://www.wikidata.org/entity/Q15615651	P31	Q34770	instance-of
http://www.wikidata.org/entity/Q15616302	P31	Q34770	instance-of
http://www.wikidata.org/entity/Q15616384	P31	Q34770	instance-of
http://www.wikidata.org/entity/Q15616395	P31	Q34770	instance-of
http://www.wikidata.org/entity/Q15616509	P31	Q34770	instance-of
http://www.wikidata.org/entity/Q15616518	P31	Q34770	instance-of
http://www.wikidata.org/entity/Q15622700	P31	Q34770	instance-of
http://www.wikidata.org/entity/Q1563	P31	Q515	instance-of
http://www.wikidata.org/entity/Q1563050	P31	Q3918	instance-of
http://www.wikidata.org/entity/Q15632357	P31	Q34770	instance-of
http://www.wikidata.org/entity/Q15632387	P31	Q34770	instance-of
http://www.wikidata.org/entity/Q15633149	P31	Q34770	instance-of
http://www.wikidata.org/entity/Q15634505	P31	Q34770	instance-of
http://www.wikidata.org/entity/Q15637215	P31	Q34770	instance-of
http://www.wikidata.org/entity/Q15637273	P31	Q34770	instance-of
http://www.wikidata.org/entity/Q15640	P31	Q515	instance-of
http://www.wikidata.org/entity/Q15649021	P31	Q34770	instance-of
http://www.wikidata.org/entity/Q156558	P31	Q515	instance-of
http://www.wikidata.org/entity/Q156598	P31	Q3918	instance-of
http://www.wikidata.org/entity/Q156598	P31	Q43229	instance-of
http://www.wikidata.org/entity/Q15661430	P31	Q34770	instance-of
http://www.wikidata.org/entity/Q15662050	P31	Q34770	instance-of
http://www.wikidata.org/entity/Q15662248	P31	Q34770	instance-of
http://www.wikidata.org/entity/Q1567033	P31	Q34770	instance-of
http://www.wikidata.org/entity/Q156710	P31	Q482994	instance-of
http://www.wikidata.org/entity/Q15679	P31	Q515	instance-of
http://www.wikidata.org/entity/Q15684	P31	Q515	instance-of
http://www.wikidata.org/entity/Q156858	P31	Q515	instance-of
http://www.wikidata.org/entity/Q15688	P31	Q515	instance-of
http://www.wikidata.org/entity/Q1568938	P31	Q34770	instance-of
http://www.wikidata.org/entity/Q1568989	P31	Q34770	instance-of
http://www.wikidata.org/entity/Q156974	P31	Q515	instance-of
http://www.wikidata.org/entity/Q15699255	P31	Q34770	instance-of
http://www.wikidata.org/entity/Q157024	P31	Q515	instance-of
http://www.wikidata.org/entity/Q157032	P31	Q515	instance-of
http://www.wikidata.org/entity/Q1570483	P31	Q3918	instance-of
http://www.wikidata.org/entity/Q157050	P31	Q515	instance-of
http://www.wikidata.org/entity/Q1571077	P31	Q9143	instance-of
http://www.wikidata.org/entity/Q15723156	P31	Q34770	instance-of
http://www.wikidata.org/entity/Q1572341	P31	Q9143	instance-of
http://www.wikidata.org/entity/Q157246	P31	Q515	instance-of
http://www.wikidata.org/entity/Q1572865	P31	Q9143	instance-of
http://www.wikidata.org/entity/Q15736037	P31	Q34770	instance-of
http://www.wikidata.org/entity/Q1575044	P31	Q3918	instance-of
http://www.wikidata.org/entity/Q15762	P31	Q515	instance-of
http://www.wikidata.org/entity/Q157734	P31	Q6256	instance-of
http://www.wikidata.org/entity/Q157915	P31	Q515	instance-of
http://www.wikidata.org/entity/Q1579397	P31	Q3918	instance-of
http://www.wikidata.org/entity/Q1579560	P31	Q34770	instance-of
http://www.wikidata.org/entity/Q158004	P31	Q515	instance-of
http://www.wikidata.org/entity/Q158006	P31	Q515	instance-of
http://www.wikidata.org/entity/Q158119	P31	Q515	instance-of
http://www.wikidata.org/entity/Q15831607	P31	Q34770	instance-of
http://www.wikidata.org/entity/Q158467	P31	Q515	instance-of
http://www.wikidata.org/entity/Q158485	P31	Q515	instance-of
http://www.wikidata.org/entity/Q158488	P31	Q515	instance-of
http://www.wikidata.org/entity/Q15865	P31	Q515	instance-of
http://www.wikidata.org/entity/Q15877	P31	Q515	instance-of
http://www.wikidata.org/entity/Q15883	P31	Q515	instance-of
http://www.wikidata.org/entity/Q15887898	P31	Q34770	instance-of
http://www.wikidata.org/entity/Q15887910	P31	Q34770	instance-of
http://www.wikidata.org/entity/Q158903	P31	Q515	instance-of
http://www.wikidata.org/entity/Q15895870	P31	Q34770	instance-of
http://www.wikidata.org/entity/Q15899	P31	Q515	instance-of
http://www.wikidata.org/entity/Q159	P31	Q6256	instance-of
http://www.wikidata.org/entity/Q15901	P31	Q515	instance-of
http://www.wikidata.org/entity/Q15906	P31	Q515	instance-of
http://www.wikidata.org/entity/Q15918	P31	Q515	instance-of
http://www.wikidata.org/entity/Q15928	P31	Q515	instance-of
http://www.wikidata.org/entity/Q159325	P31	Q515	instance-of
http://www.wikidata.org/entity/Q159610	P31	Q515	instance-of
http://www.wikidata.org/entity/Q15971618	P31	Q9143	instance-of
http://www.wikidata.org/entity/Q15974357	P31	Q34770	instance-of
http://www.wikidata.org/entity/Q15977293	P31	Q34770	instance-of
http://www.wikidata.org/entity/Q159835	P31	Q515	instance-of
http://www.wikidata.org/entity/Q15984	P31	Q515	instance-of
http://www.wikidata.org/entity/Q16	P31	Q6256	instance-of
http://www.wikidata.org/entity/Q16010	P31	Q515	instance-of
http://www.wikidata.org/entity/Q160112	P31	Q43229	instance-of
http://www.wikidata.org/entity/Q16012	P31	Q515	instance-of
http://www.wikidata.org/entity/Q160450	P31	Q515	instance-of
http://www.wikidata.org/entity/Q160493	P31	Q515	instance-of
http://www.wikidata.org/entity/Q160544	P31	Q515	instance-of
http://www.wikidata.org/entity/Q160618	P31	Q11424	instance-of
http://www.wikidata.org/entity/Q160642	P31	Q515	instance-of
http://www.wikidata.org/entity/Q160746	P31	Q43229	instance-of
http://www.wikidata.org/entity/Q160927	P31	Q515	instance-of
http://www.wikidata.org/entity/Q1609529	P31	Q9143	instance-of
http://www.wikidata.org/entity/Q1610024	P31	Q3918	instance-of
http://www.wikidata.org/entity/Q161087	P31	Q11424	instance-of
http://www.wikidata.org/entity/Q16110177	P31	Q34770	instance-of
http://www.wikidata.org/entity/Q16110528	P31	Q34770	instance-of
http://www.wikidata.org/entity/Q16111302	P31	Q34770	instance-of
http://www.wikidata.org/entity/Q16112427	P31	Q34770	instance-of
http://www.wikidata.org/entity/Q16112760	P31	Q34770	instance-of
http://www.wikidata.org/entity/Q16113158	P31	Q34770	instance-of
http://www.wikidata.org/entity/Q16113356	P31	Q34770	instance-of
http://www.wikidata.org/entity/Q16113894	P31	Q34770	instance-of
http://www.wikidata.org/entity/Q16114351	P31	Q34770	instance-of
http://www.wikidata.org/entity/Q16115012	P31	Q34770	instance-of
http://www.wikidata.org/entity/Q16115423	P31	Q34770	instance-of
http://www.wikidata.org/entity/Q16115449	P31	Q34770	instance-of
http://www.wikidata.org/entity/Q16115463	P31	Q34770	instance-of
http://www.wikidata.org/entity/Q16115619	P31	Q34770	instance-of
http://www.wikidata.org/entity/Q16116122	P31	Q34770	instance-of
http://www.wikidata.org/entity/Q16116386	P31	Q34770	instance-of
http://www.wikidata.org/entity/Q16116629	P31	Q34770	instance-of
http://www.wikidata.org/entity/Q161562	P31	Q3918	instance-of
http://www.wikidata.org/entity/Q1616241	P31	Q34770	instance-of
http://www.wikidata.org/entity/Q161678	P31	Q11424	instance-of
http://www.wikidata.org/entity/Q161687	P31	Q11424	instance-of
http://www.wikidata.org/entity/Q16208632	P31	Q34770	instance-of
http://www.wikidata.org/entity/Q16211905	P31	Q34770	instance-of
http://www.wikidata.org/entity/Q162255	P31	Q11424	instance-of
http://www.wikidata.org/entity/Q162279	P31	Q515	instance-of
http://www.wikidata.org/entity/Q16242050	P31	Q34770	instance-of
http://www.wikidata.org/entity/Q162442	P31	Q515	instance-of
http://www.wikidata.org/entity/Q162548	P31	Q515	instance-of
http://www.wikidata.org/entity/Q16258	P31	Q515	instance-of
http://www.wikidata.org/entity/Q162729	P31	Q11424	instance-of
http://www.wikidata.org/entity/Q1627967	P31	Q3918	instance-of
http://www.wikidata.org/entity/Q1629255	P31	Q3918	instance-of
http://www.wikidata.org/entity/Q16306631	P31	Q34770	instance-of
http://www.wikidata.org/entity/Q1631474	P31	Q3918	instance-of
http://www.wikidata.org/entity/Q1633799	P31	Q3918	instance-of
http://www.wikidata.org/entity/Q16340	P31	Q9143	instance-of
http://www.wikidata.org/entity/Q1634624	P31	Q3918	instance-of
http://www.wikidata.org/entity/Q163468	P31	Q9143	instance-of
http://www.wikidata.org/entity/Q163490	P31	Q515	instance-of
http://www.wikidata.org/entity/Q163584	P31	Q515	instance-of
http://www.wikidata.org/entity/Q163607	P31	Q515	instance-of
http://www.wikidata.org/entity/Q163798	P31	Q515	instance-of
http://www.wikidata.org/entity/Q163852	P31	Q515	instance-of
http://www.wikidata.org/entity/Q163872	P31	Q11424	instance-of
http://www.wikidata.org/entity/Q1640	P31	Q515	instance-of
http://www.wikidata.org/entity/Q1640079	P31	Q515	instance-of
http://www.wikidata.org/entity/Q1640648	P31	Q3918	instance-of
http://www.wikidata.org/entity/Q1640726	P31	Q3918	instance-of
http://www.wikidata.org/entity/Q1640731	P31	Q3918	instance-of
http://www.wikidata.org/entity/Q164103	P31	Q11424	instance-of
http://www.wikidata.org/entity/Q1641493	P31	Q34770	instance-of
http://www.wikidata.org/entity/Q1641504	P31	Q3918	instance-of
http://www.wikidata.org/entity/Q1641543	P31	Q34770	instance-of
http://www.wikidata.org/entity/Q164197	P31	Q515	instance-of
http://www.wikidata.org/entity/Q1646181	P31	Q515	instance-of
http://www.wikidata.org/entity/Q164621	P31	Q482994	instance-of
http://www.wikidata.org/entity/Q164646	P31	Q482994	instance-of
http://www.wikidata.org/entity/Q1646874	P31	Q3918	instance-of
http://www.wikidata.org/entity/Q1648571	P31	Q9143	instance-of
http://www.wikidata.org/entity/Q1649537	P31	Q34770	instance-of
http://www.wikidata.org/entity/Q164963	P31	Q11424	instance-of
http://www.wikidata.org/entity/Q165090	P31	Q515	instance-of
http://www.wikidata.org/entity/Q165140	P31	Q515	instance-of
http://www.wikidata.org/entity/Q16520	P31	Q515	instance-of
http://www.wikidata.org/entity/Q165204	P31	Q515	instance-of
http://www.wikidata.org/entity/Q165372	P31	Q9143	instance-of
http://www.wikidata.org/entity/Q165380	P31	Q515	instance-of
http://www.wikidata.org/entity/Q165413	P31	Q515	instance-of
http://www.wikidata.org/entity/Q165422	P31	Q515	instance-of
http://www.wikidata.org/entity/Q1654327	P31	Q34770	instance-of
http://www.wikidata.org/entity/Q165436	P31	Q9143	instance-of
http://www.wikidata.org/entity/Q165444	P31	Q515	instance-of
http://www.wikidata.org/entity/Q1656014	P31	Q34770	instance-of
http://www.wikidata.org/entity/Q1656595	P31	Q34770	instance-of
http://www.wikidata.org/entity/Q165713	P31	Q11424	instance-of
http://www.wikidata.org/entity/Q165736	P31	Q515	instance-of
http://www.wikidata.org/entity/Q165763	P31	Q6256	instance-of
http://www.wikidata.org/entity/Q165795	P31	Q34770	instance-of
http://www.wikidata.org/entity/Q165817	P31	Q11424	instance-of
http://www.wikidata.org/entity/Q1659701	P31	Q34770	instance-of
http://www.wikidata.org/entity/Q165980	P31	Q3918	instance-of
http://www.wikidata.org/entity/Q165995	P31	Q515	instance-of
http://www.wikidata.org/entity/Q166262	P31	Q11424	instance-of
http://www.wikidata.org/entity/Q16628193	P31	Q34770	instance-of
http://www.wikidata.org/entity/Q1665857	P31	Q9143	instance-of
http://www.wikidata.org/entity/Q16666	P31	Q515	instance-of
http://www.wikidata.org/entity/Q166824	P31	Q515	instance-of
http://www.wikidata.org/entity/Q1668296	P31	Q34770	instance-of
http://www.wikidata.org/entity/Q167551	P31	Q515	instance-of
http://www.wikidata.org/entity/Q167554	P31	Q482994	instance-of
http://www.wikidata.org/entity/Q167715	P31	Q515	instance-of
http://www.wikidata.org/entity/Q167726	P31	Q11424	instance-of
http://www.wikidata.org/entity/Q167744	P31	Q515	instance-of
http://www.wikidata.org/entity/Q167749	P31	Q515	instance-of
http://www.wikidata.org/entity/Q1678185	P31	Q3918	instance-of
http://www.wikidata.org/entity/Q1678733	P31	Q3918	instance-of
http://www.wikidata.org/entity/Q167895	P31	Q515	instance-of
http://www.wikidata.org/entity/Q168193	P31	Q515	instance-of
http://www.wikidata.org/entity/Q168197	P31	Q515	instance-of
http://www.wikidata.org/entity/Q168225	P31	Q515	instance-of
http://www.wikidata.org/entity/Q16825981	P31	Q34770	instance-of
http://www.wikidata.org/entity/Q16827670	P31	Q34770	instance-of
http://www.wikidata.org/entity/Q16828252	P31	Q34770	instance-of
http://www.wikidata.org/entity/Q16828359	P31	Q34770	instance-of
http://www.wikidata.org/entity/Q16828520	P31	Q34770	instance-of
http://www.wikidata.org/entity/Q16829627	P31	Q34770	instance-of
http://www.wikidata.org/entity/Q16835180	P31	Q34770	instance-of
http://www.wikidata.org/entity/Q16837736	P31	Q34770	instance-of
http://www.wikidata.org/entity/Q16837866	P31	Q34770	instance-of
http://www.wikidata.org/entity/Q16839143	P31	Q34770	instance-of
http://www.wikidata.org/entity/Q16839275	P31	Q34770	instance-of
http://www.wikidata.org/entity/Q16841033	P31	Q34770	instance-of
http://www.wikidata.org/entity/Q1684174	P31	Q9143	instance-of
http://www.wikidata.org/entity/Q16841801	P31	Q34770	instance-of
http://www.wikidata.org/entity/Q16843668	P31	Q34770	instance-of
http://www.wikidata.org/entity/Q16846294	P31	Q34770	instance-of
http://www.wikidata.org/entity/Q16848784	P31	Q34770	instance-of
http://www.wikidata.org/entity/Q16849906	P31	Q34770	instance-of
http://www.wikidata.org/entity/Q16850160	P31	Q34770	instance-of
http://www.wikidata.org/entity/Q16856460	P31	Q34770	instance-of
http://www.wikidata.org/entity/Q16863097	P31	Q9143	instance-of
http://www.wikidata.org/entity/Q16869	P31	Q515	instance-of
http://www.wikidata.org/entity/Q168751	P31	Q3918	instance-of
http://www.wikidata.org/entity/Q16878146	P31	Q34770	instance-of
http://www.wikidata.org/entity/Q16879234	P31	Q34770	instance-of
http://www.wikidata.org/entity/Q16879440	P31	Q34770	instance-of
http://www.wikidata.org/entity/Q16879490	P31	Q34770	instance-of
http://www.wikidata.org/entity/Q16880516	P31	Q34770	instance-of
http://www.wikidata.org/entity/Q168819	P31	Q34770	instance-of
http://www.wikidata.org/entity/Q16882415	P31	Q34770	instance-of
http://www.wikidata.org/entity/Q16885737	P31	Q34770	instance-of
http://www.wikidata.org/entity/Q168866	P31	Q515	instance-of
http://www.wikidata.org/entity/Q16886762	P31	Q34770	instance-of
http://www.wikidata.org/entity/Q16886849	P31	Q34770	instance-of
http://www.wikidata.org/entity/Q16886936	P31	Q34770	instance-of
http://www.wikidata.org/entity/Q16887371	P31	Q34770	instance-of
http://www.wikidata.org/entity/Q16889183	P31	Q34770	instance-of
http://www.wikidata.org/entity/Q16889525	P31	Q34770	instance-of
http://www.wikidata.org/entity/Q16889677	P31	Q34770	instance-of
http://www.wikidata.org/entity/Q16889772	P31	Q34770	instance-of
http://www.wikidata.org/entity/Q16889876	P31	Q34770	instance-of
http://www.wikidata.org/entity/Q16889925	P31	Q34770	instance-of
http://www.wikidata.org/entity/Q16889997	P31	Q34770	instance-of
http://www.wikidata.org/entity/Q16890038	P31	Q34770	instance-of
http://www.wikidata.org/entity/Q16890110	P31	Q34770	instance-of
http://www.wikidata.org/entity/Q16890729	P31	Q34770	instance-of
http://www.wikidata.org/entity/Q16890829	P31	Q34770	instance-of
http://www.wikidata.org/entity/Q16891606	P31	Q34770	instance-of
http://www.wikidata.org/entity/Q16892094	P31	Q34770	instance-of
http://www.wikidata.org/entity/Q16892360	P31	Q34770	instance-of
http://www.wikidata.org/entity/Q16893055	P31	Q34770	instance-of
http://www.wikidata.org/entity/Q16893603	P31	Q34770	instance-of
http://www.wikidata.org/entity/Q16894595	P31	Q34770	instance-of
http://www.wikidata.org/entity/Q168954	P31	Q515	instance-of
http://www.wikidata.org/entity/Q16897028	P31	Q34770	instance-of
http://www.wikidata.org/entity/Q16901637	P31	Q34770	instance-of
http://www.wikidata.org/entity/Q16905490	P31	Q34770	instance-of
http://www.wikidata.org/entity/Q16906282	P31	Q34770	instance-of
http://www.wikidata.org/entity/Q16909063	P31	Q34770	instance-of
http://www.wikidata.org/entity/Q16909608	P31	Q34770	instance-of
http://www.wikidata.org/entity/Q16909698	P31	Q34770	instance-of
http://www.wikidata.org/entity/Q16909966	P31	Q34770	instance-of
http://www.wikidata.org/entity/Q16910017	P31	Q34770	instance-of
http://www.wikidata.org/entity/Q16910249	P31	Q34770	instance-of
http://www.wikidata.org/entity/Q16910269	P31	Q34770	instance-of
http://www.wikidata.org/entity/Q16910923	P31	Q34770	instance-of
http://www.wikidata.org/entity/Q16911222	P31	Q34770	instance-of
http://www.wikidata.org/entity/Q16911261	P31	Q34770	instance-of
http://www.wikidata.org/entity/Q16911396	P31	Q34770	instance-of
http://www.wikidata.org/entity/Q16911431	P31	Q34770	instance-of
http://www.wikidata.org/entity/Q16912048	P31	Q34770	instance-of
http://www.wikidata.org/entity/Q16915811	P31	Q34770	instance-of
http://www.wikidata.org/entity/Q169160	P31	Q515	instance-of
http://www.wikidata.org/entity/Q16916143	P31	Q34770	instance-of
http://www.wikidata.org/entity/Q16916645	P31	Q34770	instance-of
http://www.wikidata.org/entity/Q16917079	P31	Q34770	instance-of
http://www.wikidata.org/entity/Q16917497	P31	Q34770	instance-of
http://www.wikidata.org/entity/Q16918160	P31	Q34770	instance-of
http://www.wikidata.org/entity/Q16918315	P31	Q34770	instance-of
http://www.wikidata.org/entity/Q16919227	P31	Q34770	instance-of
http://www.wikidata.org/entity/Q16919393	P31	Q34770	instance-of
http://www.wikidata.org/entity/Q16919427	P31	Q34770	instance-of
http://www.wikidata.org/entity/Q16919429	P31	Q34770	instance-of
http://www.wikidata.org/entity/Q16919822	P31	Q34770	instance-of
http://www.wikidata.org/entity/Q16919847	P31	Q34770	instance-of
http://www.wikidata.org/entity/Q16919861	P31	Q34770	instance-of
http://www.wikidata.org/entity/Q16920253	P31	Q34770	instance-of
http://www.wikidata.org/entity/Q16920653	P31	Q34770	instance-of
http://www.wikidata.org/entity/Q169226	P31	Q482994	instance-of
http://www.wikidata.org/entity/Q169247	P31	Q515	instance-of
http://www.wikidata.org/entity/Q16926155	P31	Q34770	instance-of
http://www.wikidata.org/entity/Q16927208	P31	Q34770	instance-of
http://www.wikidata.org/entity/Q16927555	P31	Q34770	instance-of
http://www.wikidata.org/entity/Q16928162	P31	Q34770	instance-of
http://www.wikidata.org/entity/Q16928284	P31	Q34770	instance-of
http://www.wikidata.org/entity/Q16930605	P31	Q34770	instance-of
http://www.wikidata.org/entity/Q16931662	P31	Q34770	instance-of
http://www.wikidata.org/entity/Q16934495	P31	Q34770	instance-of
http://www.wikidata.org/entity/Q16934650	P31	Q34770	instance-of
http://www.wikidata.org/entity/Q16934711	P31	Q34770	instance-of
http://www.wikidata.org/entity/Q16934745	P31	Q34770	instance-of
http://www.wikidata.org/entity/Q16935551	P31	Q34770	instance-of
http://www.wikidata.org/entity/Q16937048	P31	Q34770	instance-of
http://www.wikidata.org/entity/Q16937754	P31	Q34770	instance-of
http://www.wikidata.org/entity/Q16938029	P31	Q34770	instance-of
http://www.wikidata.org/entity/Q16938541	P31	Q34770	instance-of
http://www.wikidata.org/entity/Q16938789	P31	Q34770	instance-of
http://www.wikidata.org/entity/Q16939267	P31	Q34770	instance-of
http://www.wikidata.org/entity/Q16939373	P31	Q34770	instance-of
http://www.wikidata.org/entity/Q16939552	P31	Q34770	instance-of
http://www.wikidata.org/entity/Q16941271	P31	Q34770	instance-of
http://www.wikidata.org/entity/Q16943542	P31	Q34770	instance-of
http://www.wikidata.org/entity/Q16945580	P31	Q34770	instance-of
http://www.wikidata.org/entity/Q16945613	P31	Q34770	instance-of
http://www.wikidata.org/entity/Q16945774	P31	Q34770	instance-of
http://www.wikidata.org/entity/Q16946370	P31	Q34770	instance-of
http://www.wikidata.org/entity/Q16947	P31	Q3918	instance-of
http://www.wikidata.org/entity/Q169478	P31	Q9143	instance-of
http://www.wikidata.org/entity/Q16948429	P31	Q34770	instance-of
http://www.wikidata.org/entity/Q16954400	P31	Q34770	instance-of
http://www.wikidata.org/entity/Q16955	P31	Q3918	instance-of
http://www.wikidata.org/entity/Q16957192	P31	Q34770	instance-of
http://www.wikidata.org/entity/Q16960599	P31	Q34770	instance-of
http://www.wikidata.org/entity/Q16963389	P31	Q34770	instance-of
http://www.wikidata.org/entity/Q16964423	P31	Q34770	instance-of
http://www.wikidata.org/entity/Q16966111	P31	Q34770	instance-of
http://www.wikidata.org/entity/Q16978	P31	Q515	instance-of
http://www.wikidata.org/entity/Q16978087	P31	Q34770	instance-of
http://www.wikidata.org/entity/Q16979655	P31	Q34770	instance-of
http://www.wikidata.org/entity/Q16999095	P31	Q34770	instance-of
http://www.wikidata.org/entity/Q17	P31	Q6256	instance-of
http://www.wikidata.org/entity/Q17002115	P31	Q34770	instance-of
http://www.wikidata.org/entity/Q17002646	P31	Q34770	instance-of
http://www.wikidata.org/entity/Q170027	P31	Q3918	instance-of
http://www.wikidata.org/entity/Q17006588	P31	Q34770	instance-of
http://www.wikidata.org/entity/Q17007626	P31	Q34770	instance-of
http://www.wikidata.org/entity/Q17011270	P31	Q34770	instance-of
http://www.wikidata.org/entity/Q17011619	P31	Q34770	instance-of
http://www.wikidata.org/entity/Q170244	P31	Q515	instance-of
http://www.wikidata.org/entity/Q170263	P31	Q515	instance-of
http://www.wikidata.org/entity/Q170313	P31	Q515	instance-of
http://www.wikidata.org/entity/Q170315	P31	Q515	instance-of
http://www.wikidata.org/entity/Q170457	P31	Q515	instance-of
http://www.wikidata.org/entity/Q17046415	P31	Q34770	instance-of
http://www.wikidata.org/entity/Q170497	P31	Q515	instance-of
http://www.wikidata.org/entity/Q170507	P31	Q515	instance-of
http://www.wikidata.org/entity/Q17051429	P31	Q34770	instance-of
http://www.wikidata.org/entity/Q17052493	P31	Q34770	instance-of
http://www.wikidata.org/entity/Q170525	P31	Q515	instance-of
http://www.wikidata.org/entity/Q170532	P31	Q515	instance-of
http://www.wikidata.org/entity/Q17053237	P31	Q34770	instance-of
http://www.wikidata.org/entity/Q170564	P31	Q11424	instance-of
http://www.wikidata.org/entity/Q17059380	P31	Q34770	instance-of
http://www.wikidata.org/entity/Q170616	P31	Q515	instance-of
http://www.wikidata.org/entity/Q17064263	P31	Q34770	instance-of
http://www.wikidata.org/entity/Q170688	P31	Q515	instance-of
http://www.wikidata.org/entity/Q170693	P31	Q515	instance-of
http://www.wikidata.org/entity/Q1707319	P31	Q34770	instance-of
http://www.wikidata.org/entity/Q1708709	P31	Q3918	instance-of
http://www.wikidata.org/entity/Q1709	P31	Q515	instance-of
http://www.wikidata.org/entity/Q170919	P31	Q515	instance-of
http://www.wikidata.org/entity/Q17093766	P31	Q34770	instance-of
http://www.wikidata.org/entity/Q1709572	P31	Q3918	instance-of
http://www.wikidata.org/entity/Q17096251	P31	Q34770	instance-of
http://www.wikidata.org/entity/Q170967	P31	Q515	instance-of
http://www.wikidata.org/entity/Q171031	P31	Q515	instance-of
http://www.wikidata.org/entity/Q171080	P31	Q515	instance-of
http://www.wikidata.org/entity/Q17111558	P31	Q34770	instance-of
http://www.wikidata.org/entity/Q1711558	P31	Q3918	instance-of
http://www.wikidata.org/entity/Q171219	P31	Q515	instance-of
http://www.wikidata.org/entity/Q171223	P31	Q515	instance-of
http://www.wikidata.org/entity/Q17142957	P31	Q34770	instance-of
http://www.wikidata.org/entity/Q17145521	P31	Q34770	instance-of
http://www.wikidata.org/entity/Q17152586	P31	Q34770	instance-of
http://www.wikidata.org/entity/Q171632	P31	Q515	instance-of
http://www.wikidata.org/entity/Q171639	P31	Q515	instance-of
http://www.wikidata.org/entity/Q171764	P31	Q43229	instance-of
http://www.wikidata.org/entity/Q171771	P31	Q515	instance-of
http://www.wikidata.org/entity/Q171810	P31	Q515	instance-of
http://www.wikidata.org/entity/Q1718656	P31	Q3918	instance-of
http://www.wikidata.org/entity/Q1719466	P31	Q515	instance-of
http://www.wikidata.org/entity/Q17195499	P31	Q34770	instance-of
http://www.wikidata.org/entity/Q172	P31	Q515	instance-of
http://www.wikidata.org/entity/Q172157	P31	Q515	instance-of
http://www.wikidata.org/entity/Q172241	P31	Q11424	instance-of
http://www.wikidata.org/entity/Q172343	P31	Q515	instance-of
http://www.wikidata.org/entity/Q172415	P31	Q515	instance-of
http://www.wikidata.org/entity/Q172438	P31	Q515	instance-of
http://www.wikidata.org/entity/Q1725075	P31	Q3918	instance-of
http://www.wikidata.org/entity/Q17281213	P31	Q34770	instance-of
http://www.wikidata.org/entity/Q17281215	P31	Q34770	instance-of
http://www.wikidata.org/entity/Q17284871	P31	Q34770	instance-of
http://www.wikidata.org/entity/Q17284872	P31	Q34770	instance-of
http://www.wikidata.org/entity/Q17284874	P31	Q34770	instance-of
http://www.wikidata.org/entity/Q1728622	P31	Q3918	instance-of
http://www.wikidata.org/entity/Q172975	P31	Q11424	instance-of
http://www.wikidata.org/entity/Q172996	P31	Q515	instance-of
http://www.wikidata.org/entity/Q173037	P31	Q515	instance-of
http://www.wikidata.org/entity/Q173121	P31	Q515	instance-of
http://www.wikidata.org/entity/Q17319622	P31	Q34770	instance-of
http://www.wikidata.org/entity/Q17319726	P31	Q34770	instance-of
http://www.wikidata.org/entity/Q17319822	P31	Q34770	instance-of
http://www.wikidata.org/entity/Q173270	P31	Q515	instance-of
http://www.wikidata.org/entity/Q1733	P31	Q515	instance-of
http://www.wikidata.org/entity/Q173310	P31	Q515	instance-of
http://www.wikidata.org/entity/Q173338	P31	Q515	instance-of
http://www.wikidata.org/entity/Q1735	P31	Q515	instance-of
http://www.wikidata.org/entity/Q173532	P31	Q515	instance-of
http://www.wikidata.org/entity/Q173545	P31	Q515	instance-of
http://www.wikidata.org/entity/Q173643	P31	Q482994	instance-of
http://www.wikidata.org/entity/Q173690	P31	Q515	instance-of
http://www.wikidata.org/entity/Q173731	P31	Q515	instance-of
http://www.wikidata.org/entity/Q1737734	P31	Q3918	instance-of
http://www.wikidata.org/entity/Q173985	P31	Q515	instance-of
http://www.wikidata.org/entity/Q174	P31	Q515	instance-of
http://www.wikidata.org/entity/Q174002	P31	Q515	instance-of
http://www.wikidata.org/entity/Q174019	P31	Q515	instance-of
http://www.wikidata.org/entity/Q174060	P31	Q515	instance-of
http://www.wikidata.org/entity/Q1740805	P31	Q34770	instance-of
http://www.wikidata.org/entity/Q174158	P31	Q3918	instance-of
http://www.wikidata.org/entity/Q174237	P31	Q515	instance-of
http://www.wikidata.org/entity/Q1742604	P31	Q3918	instance-of
http://www.wikidata.org/entity/Q174262	P31	Q515	instance-of
http://www.wikidata.org/entity/Q174341	P31	Q515	instance-of
http://www.wikidata.org/entity/Q17438312	P31	Q34770	instance-of
http://www.wikidata.org/entity/Q17442461	P31	Q34770	instance-of
http://www.wikidata.org/entity/Q17444	P31	Q482994	instance-of
http://www.wikidata.org/entity/Q174684	P31	Q515	instance-of
http://www.wikidata.org/entity/Q17478066	P31	Q34770	instance-of
http://www.wikidata.org/entity/Q1747811	P31	Q34770	instance-of
http://www.wikidata.org/entity/Q1748	P31	Q515	instance-of
http://www.wikidata.org/entity/Q174841	P31	Q9143	instance-of
http://www.wikidata.org/entity/Q174916	P31	Q515	instance-of
http://www.wikidata.org/entity/Q1752043	P31	Q3918	instance-of
http://www.wikidata.org/entity/Q17522631	P31	Q34770	instance-of
http://www.wikidata.org/entity/Q17522635	P31	Q34770	instance-of
http://www.wikidata.org/entity/Q17523694	P31	Q34770	instance-of
http://www.wikidata.org/entity/Q17523697	P31	Q34770	instance-of
http://www.wikidata.org/entity/Q175241	P31	Q3918	instance-of
http://www.wikidata.org/entity/Q1752712	P31	Q3918	instance-of
http://www.wikidata.org/entity/Q1753738	P31	Q9143	instance-of
http://www.wikidata.org/entity/Q1754	P31	Q515	instance-of
http://www.wikidata.org/entity/Q17544553	P31	Q482994	instance-of
http://www.wikidata.org/entity/Q1756018	P31	Q9143	instance-of
http://www.wikidata.org/entity/Q175617	P31	Q515	instance-of
http://www.wikidata.org/entity/Q175651	P31	Q515	instance-of
http://www.wikidata.org/entity/Q1757	P31	Q515	instance-of
http://www.wikidata.org/entity/Q1758009	P31	Q3918	instance-of
http://www.wikidata.org/entity/Q17584381	P31	Q34770	instance-of
http://www.wikidata.org/entity/Q17588918	P31	Q34770	instance-of
http://www.wikidata.org/entity/Q175903	P31	Q515	instance-of
http://www.wikidata.org/entity/Q1760791	P31	Q3918	instance-of
http://www.wikidata.org/entity/Q17639755	P31	Q34770	instance-of
http://www.wikidata.org/entity/Q1764	P31	Q515	instance-of
http://www.wikidata.org/entity/Q17651534	P31	Q34770	instance-of
http://www.wikidata.org/entity/Q17651536	P31	Q34770	instance-of
http://www.wikidata.org/entity/Q17651538	P31	Q34770	instance-of
http://www.wikidata.org/entity/Q17651540	P31	Q34770	instance-of
http://www.wikidata.org/entity/Q17651542	P31	Q34770	instance-of
http://www.wikidata.org/entity/Q1768321	P31	Q34770	instance-of
http://www.wikidata.org/entity/Q176984	P31	Q9143	instance-of
http://www.wikidata.org/entity/Q1771717	P31	Q3918	instance-of
http://www.wikidata.org/entity/Q17738	P31	Q11424	instance-of
http://www.wikidata.org/entity/Q1775596	P31	Q34770	instance-of
http://www.wikidata.org/entity/Q1776032	P31	Q34770	instance-of
http://www.wikidata.org/entity/Q1778689	P31	Q3918	instance-of
http://www.wikidata.org/entity/Q177943	P31	Q482994	instance-of
http://www.wikidata.org/entity/Q1779923	P31	Q9143	instance-of
http://www.wikidata.org/entity/Q1780	P31	Q515	instance-of
http://www.wikidata.org/entity/Q178067	P31	Q515	instance-of
http://www.wikidata.org/entity/Q178168	P31	Q515	instance-of
http://www.wikidata.org/entity/Q1782980	P31	Q3918	instance-of
http://www.wikidata.org/entity/Q178405	P31	Q515	instance-of
http://www.wikidata.org/entity/Q17856	P31	Q515	instance-of
http://www.wikidata.org/entity/Q178582	P31	Q515	instance-of
http://www.wikidata.org/entity/Q178663	P31	Q515	instance-of
http://www.wikidata.org/entity/Q1788115	P31	Q515	instance-of
http://www.wikidata.org/entity/Q1788342	P31	Q3918	instance-of
http://www.wikidata.org/entity/Q178835	P31	Q515	instance-of
http://www.wikidata.org/entity/Q178948	P31	Q515	instance-of
http://www.wikidata.org/entity/Q179046	P31	Q515	instance-of
http://www.wikidata.org/entity/Q179351	P31	Q515	instance-of
http://www.wikidata.org/entity/Q1795928	P31	Q3918	instance-of
http://www.wikidata.org/entity/Q179815	P31	Q515	instance-of
http://www.wikidata.org/entity/Q1798284	P31	Q9143	instance-of
http://www.wikidata.org/entity/Q1800	P31	Q515	instance-of
http://www.wikidata.org/entity/Q180057	P31	Q515	instance-of
http://www.wikidata.org/entity/Q180176	P31	Q515	instance-of
http://www.wikidata.org/entity/Q18021	P31	Q515	instance-of
http://www.wikidata.org/entity/Q180233	P31	Q515	instance-of
http://www.wikidata.org/entity/Q180294	P31	Q515	instance-of
http://www.wikidata.org/entity/Q180522	P31	Q515	instance-of
http://www.wikidata.org/entity/Q1807379	P31	Q9143	instance-of
http://www.wikidata.org/entity/Q180775	P31	Q515	instance-of
http://www.wikidata.org/entity/Q180803	P31	Q515	instance-of
http://www.wikidata.org/entity/Q180810	P31	Q515	instance-of
http://www.wikidata.org/entity/Q1808326	P31	Q3918	instance-of
http://www.wikidata.org/entity/Q180921	P31	Q515	instance-of
http://www.wikidata.org/entity/Q180945	P31	Q34770	instance-of
http://www.wikidata.org/entity/Q181037	P31	Q34770	instance-of
http://www.wikidata.org/entity/Q181069	P31	Q11424	instance-of
http://www.wikidata.org/entity/Q1811224	P31	Q34770	instance-of
http://www.wikidata.org/entity/Q181177	P31	Q3918	instance-of
http://www.wikidata.org/entity/Q18125	P31	Q515	instance-of
http://www.wikidata.org/entity/Q181379	P31	Q515	instance-of
http://www.wikidata.org/entity/Q1815205	P31	Q34770	instance-of
http://www.wikidata.org/entity/Q181557	P31	Q515	instance-of
http://www.wikidata.org/entity/Q18168288	P31	Q34770	instance-of
http://www.wikidata.org/entity/Q1817355	P31	Q3918	instance-of
http://www.wikidata.org/entity/Q181795	P31	Q11424	instance-of
http://www.wikidata.org/entity/Q181803	P31	Q11424	instance-of
http://www.wikidata.org/entity/Q181826	P31	Q482994	instance-of
http://www.wikidata.org/entity/Q181854	P31	Q515	instance-of
http://www.wikidata.org/entity/Q181966	P31	Q515	instance-of
http://www.wikidata.org/entity/Q182009	P31	Q515	instance-of
http://www.wikidata.org/entity/Q182025	P31	Q515	instance-of
http://www.wikidata.org/entity/Q18202981	P31	Q9143	instance-of
http://www.wikidata.org/entity/Q182049	P31	Q515	instance-of
http://www.wikidata.org/entity/Q182059	P31	Q515	instance-of
http://www.wikidata.org/entity/Q182092	P31	Q515	instance-of
http://www.wikidata.org/entity/Q182153	P31	Q11424	instance-of
http://www.wikidata.org/entity/Q182218	P31	Q11424	instance-of
http://www.wikidata.org/entity/Q182299	P31	Q515	instance-of
http://www.wikidata.org/entity/Q182389	P31	Q482994	instance-of
http://www.wikidata.org/entity/Q182481	P31	Q515	instance-of
http://www.wikidata.org/entity/Q182518	P31	Q482994	instance-of
http://www.wikidata.org/entity/Q182521	P31	Q515	instance-of
http://www.wikidata.org/entity/Q182692	P31	Q11424	instance-of
http://www.wikidata.org/entity/Q1828035	P31	Q515	instance-of
http://www.wikidata.org/entity/Q182826	P31	Q482994	instance-of
http://www.wikidata.org/entity/Q182923	P31	Q515	instance-of
http://www.wikidata.org/entity/Q182973	P31	Q3918	instance-of
http://www.wikidata.org/entity/Q182984	P31	Q515	instance-of
http://www.wikidata.org/entity/Q183	P31	Q6256	instance-of
http://www.wikidata.org/entity/Q183124	P31	Q515	instance-of
http://www.wikidata.org/entity/Q183199	P31	Q515	instance-of
http://www.wikidata.org/entity/Q183298	P31	Q515	instance-of
http://www.wikidata.org/entity/Q183303	P31	Q515	instance-of
http://www.wikidata.org/entity/Q183405	P31	Q515	instance-of
http://www.wikidata.org/entity/Q18343036	P31	Q34770	instance-of
http://www.wikidata.org/entity/Q18343041	P31	Q34770	instance-of
http://www.wikidata.org/entity/Q18344310	P31	Q34770	instance-of
http://www.wikidata.org/entity/Q183551	P31	Q515	instance-of
http://www.wikidata.org/entity/Q183584	P31	Q515	instance-of
http://www.wikidata.org/entity/Q183651	P31	Q515	instance-of
http://www.wikidata.org/entity/Q18379970	P31	Q34770	instance-of
http://www.wikidata.org/entity/Q18379975	P31	Q34770	instance-of
http://www.wikidata.org/entity/Q18385114	P31	Q34770	instance-of
http://www.wikidata.org/entity/Q18390055	P31	Q34770	instance-of
http://www.wikidata.org/entity/Q184	P31	Q6256	instance-of
http://www.wikidata.org/entity/Q184046	P31	Q515	instance-of
http://www.wikidata.org/entity/Q184090	P31	Q515	instance-of
http://www.wikidata.org/entity/Q184163	P31	Q515	instance-of
http://www.wikidata.org/entity/Q184184	P31	Q515	instance-of
http://www.wikidata.org/entity/Q1842	P31	Q515	instance-of
http://www.wikidata.org/entity/Q1844620	P31	Q34770	instance-of
http://www.wikidata.org/entity/Q1844993	P31	Q34770	instance-of
http://www.wikidata.org/entity/Q1845148	P31	Q34770	instance-of
http://www.wikidata.org/entity/Q184539	P31	Q515	instance-of
http://www.wikidata.org/entity/Q18457536	P31	Q34770	instance-of
http://www.wikidata.org/entity/Q18458203	P31	Q34770	instance-of
http://www.wikidata.org/entity/Q18468761	P31	Q34770	instance-of
http://www.wikidata.org/entity/Q184768	P31	Q11424	instance-of
http://www.wikidata.org/entity/Q1848	P31	Q515	instance-of
http://www.wikidata.org/entity/Q184843	P31	Q11424	instance-of
http://www.wikidata.org/entity/Q184864	P31	Q515	instance-of
http://www.wikidata.org/entity/Q18487451	P31	Q34770	instance-of
http://www.wikidata.org/entity/Q1850	P31	Q515	instance-of
http://www.wikidata.org/entity/Q1850416	P31	Q3918	instance-of
http://www.wikidata.org/entity/Q185066	P31	Q515	instance-of
http://www.wikidata.org/entity/Q185084	P31	Q515	instance-of
http://www.wikidata.org/entity/Q185121	P31	Q482994	instance-of
http://www.wikidata.org/entity/Q185134	P31	Q515	instance-of
http://www.wikidata.org/entity/Q185156	P31	Q515	instance-of
http://www.wikidata.org/entity/Q185157	P31	Q515	instance-of
http://www.wikidata.org/entity/Q185246	P31	Q3918	instance-of
http://www.wikidata.org/entity/Q185280	P31	Q515	instance-of
http://www.wikidata.org/entity/Q185336	P31	Q515	instance-of
http://www.wikidata.org/entity/Q185345	P31	Q515	instance-of
http://www.wikidata.org/entity/Q185346	P31	Q515	instance-of
http://www.wikidata.org/entity/Q1854	P31	Q515	instance-of
http://www.wikidata.org/entity/Q18544857	P31	Q34770	instance-of
http://www.wikidata.org/entity/Q185453	P31	Q515	instance-of
http://www.wikidata.org/entity/Q185458	P31	Q515	instance-of
http://www.wikidata.org/entity/Q185518	P31	Q515	instance-of
http://www.wikidata.org/entity/Q18569	P31	Q515	instance-of
http://www.wikidata.org/entity/Q1860	P31	Q34770	instance-of
http://www.wikidata.org/entity/Q18603687	P31	Q34770	instance-of
http://www.wikidata.org/entity/Q18603801	P31	Q34770	instance-of
http://www.wikidata.org/entity/Q186040	P31	Q515	instance-of
http://www.wikidata.org/entity/Q18609750	P31	Q34770	instance-of
http://www.wikidata.org/entity/Q1861	P31	Q515	instance-of
http://www.wikidata.org/entity/Q18611555	P31	Q34770	instance-of
http://www.wikidata.org/entity/Q186141	P31	Q515	instance-of
http://www.wikidata.org/entity/Q186142	P31	Q515	instance-of
http://www.wikidata.org/entity/Q186182	P31	Q515	instance-of
http://www.wikidata.org/entity/Q186188	P31	Q482994	instance-of
http://www.wikidata.org/entity/Q186234	P31	Q515	instance-of
http://www.wikidata.org/entity/Q186237	P31	Q515	instance-of
http://www.wikidata.org/entity/Q1863	P31	Q515	instance-of
http://www.wikidata.org/entity/Q18638319	P31	Q34770	instance-of
http://www.wikidata.org/entity/Q18642280	P31	Q34770	instance-of
http://www.wikidata.org/entity/Q18642293	P31	Q34770	instance-of
http://www.wikidata.org/entity/Q18642842	P31	Q34770	instance-of
http://www.wikidata.org/entity/Q18644464	P31	Q34770	instance-of
http://www.wikidata.org/entity/Q18644465	P31	Q34770	instance-of
http://www.wikidata.org/entity/Q1864529	P31	Q9143	instance-of
http://www.wikidata.org/entity/Q1865	P31	Q515	instance-of
http://www.wikidata.org/entity/Q18650060	P31	Q34770	instance-of
http://www.wikidata.org/entity/Q18664462	P31	Q34770	instance-of
http://www.wikidata.org/entity/Q18664494	P31	Q34770	instance-of
http://www.wikidata.org/entity/Q18664557	P31	Q34770	instance-of
http://www.wikidata.org/entity/Q1867	P31	Q515	instance-of
http://www.wikidata.org/entity/Q187284	P31	Q515	instance-of
http://www.wikidata.org/entity/Q187346	P31	Q515	instance-of
http://www.wikidata.org/entity/Q187352	P31	Q515	instance-of
http://www.wikidata.org/entity/Q18748212	P31	Q34770	instance-of
http://www.wikidata.org/entity/Q18748761	P31	Q34770	instance-of
http://www.wikidata.org/entity/Q18748769	P31	Q34770	instance-of
http://www.wikidata.org/entity/Q18748906	P31	Q34770	instance-of
http://www.wikidata.org/entity/Q18748913	P31	Q34770	instance-of
http://www.wikidata.org/entity/Q187507	P31	Q482994	instance-of
http://www.wikidata.org/entity/Q18753301	P31	Q34770	instance-of
http://www.wikidata.org/entity/Q18753303	P31	Q34770	instance-of
http://www.wikidata.org/entity/Q18753304	P31	Q34770	instance-of
http://www.wikidata.org/entity/Q18753305	P31	Q34770	instance-of
http://www.wikidata.org/entity/Q18753307	P31	Q34770	instance-of
http://www.wikidata.org/entity/Q18753329	P31	Q34770	instance-of
http://www.wikidata.org/entity/Q18755523	P31	Q34770	instance-of
http://www.wikidata.org/entity/Q18755610	P31	Q34770	instance-of
http://www.wikidata.org/entity/Q18755617	P31	Q34770	instance-of
http://www.wikidata.org/entity/Q18756514	P31	Q34770	instance-of
http://www.wikidata.org/entity/Q18757427	P31	Q34770	instance-of
http://www.wikidata.org/entity/Q1875885	P31	Q34770	instance-of
http://www.wikidata.org/entity/Q187861	P31	Q515	instance-of
http://www.wikidata.org/entity/Q187895	P31	Q515	instance-of
http://www.wikidata.org/entity/Q188022	P31	Q515	instance-of
http://www.wikidata.org/entity/Q18808	P31	Q515	instance-of
http://www.wikidata.org/entity/Q1882071	P31	Q9143	instance-of
http://www.wikidata.org/entity/Q1882973	P31	Q9143	instance-of
http://www.wikidata.org/entity/Q188304	P31	Q515	instance-of
http://www.wikidata.org/entity/Q188336	P31	Q515	instance-of
http://www.wikidata.org/entity/Q188370	P31	Q3918	instance-of
http://www.wikidata.org/entity/Q188436	P31	Q9143	instance-of
http://www.wikidata.org/entity/Q1886145	P31	Q9143	instance-of
http://www.wikidata.org/entity/Q188693	P31	Q515	instance-of
http://www.wikidata.org/entity/Q188736	P31	Q6256	instance-of
http://www.wikidata.org/entity/Q1887879	P31	Q3918	instance-of
http://www.wikidata.org/entity/Q1888771	P31	Q3918	instance-of
http://www.wikidata.org/entity/Q188894	P31	Q515	instance-of
http://www.wikidata.org/entity/Q189	P31	Q6256	instance-of
http://www.wikidata.org/entity/Q189022	P31	Q3918	instance-of
http://www.wikidata.org/entity/Q189059	P31	Q515	instance-of
http://www.wikidata.org/entity/Q1891	P31	Q515	instance-of
http://www.wikidata.org/entity/Q189128	P31	Q515	instance-of
http://www.wikidata.org/entity/Q189133	P31	Q515	instance-of
http://www.wikidata.org/entity/Q189134	P31	Q515	instance-of
http://www.wikidata.org/entity/Q189138	P31	Q515	instance-of
http://www.wikidata.org/entity/Q189157	P31	Q515	instance-of
http://www.wikidata.org/entity/Q18935525	P31	Q34770	instance-of
http://www.wikidata.org/entity/Q189383	P31	Q515	instance-of
http://www.wikidata.org/entity/Q189441	P31	Q3918	instance-of
http://www.wikidata.org/entity/Q189546	P31	Q515	instance-of
http://www.wikidata.org/entity/Q1895587	P31	Q9143	instance-of
http://www.wikidata.org/entity/Q1896148	P31	Q3918	instance-of
http://www.wikidata.org/entity/Q189685	P31	Q515	instance-of
http://www.wikidata.org/entity/Q189697	P31	Q515	instance-of
http://www.wikidata.org/entity/Q189901	P31	Q515	instance-of
http://www.wikidata.org/entity/Q189969	P31	Q515	instance-of
http://www.wikidata.org/entity/Q190005	P31	Q515	instance-of
http://www.wikidata.org/entity/Q190021	P31	Q515	instance-of
http://www.wikidata.org/entity/Q190050	P31	Q11424	instance-of
http://www.wikidata.org/entity/Q190086	P31	Q11424	instance-of
http://www.wikidata.org/entity/Q190165	P31	Q515	instance-of
http://www.wikidata.org/entity/Q190184	P31	Q515	instance-of
http://www.wikidata.org/entity/Q190235	P31	Q515	instance-of
http://www.wikidata.org/entity/Q190583	P31	Q515	instance-of
http://www.wikidata.org/entity/Q19059301	P31	Q34770	instance-of
http://www.wikidata.org/entity/Q19059576	P31	Q34770	instance-of
http://www.wikidata.org/entity/Q19059577	P31	Q34770	instance-of
http://www.wikidata.org/entity/Q19059578	P31	Q34770	instance-of
http://www.wikidata.org/entity/Q1906	P31	Q515	instance-of
http://www.wikidata.org/entity/Q19060	P31	Q482994	instance-of
http://www.wikidata.org/entity/Q190640	P31	Q482994	instance-of
http://www.wikidata.org/entity/Q190828	P31	Q515	instance-of
http://www.wikidata.org/entity/Q190847	P31	Q515	instance-of
http://www.wikidata.org/entity/Q190897	P31	Q515	instance-of
http://www.wikidata.org/entity/Q190911	P31	Q482994	instance-of
http://www.wikidata.org/entity/Q190989	P31	Q482994	instance-of
http://www.wikidata.org/entity/Q191	P31	Q6256	instance-of
http://www.wikidata.org/entity/Q191015	P31	Q515	instance-of
http://www.wikidata.org/entity/Q191047	P31	Q515	instance-of
http://www.wikidata.org/entity/Q191170	P31	Q515	instance-of
http://www.wikidata.org/entity/Q191204	P31	Q515	instance-of
http://www.wikidata.org/entity/Q1915350	P31	Q34770	instance-of
http://www.wikidata.org/entity/Q191718	P31	Q515	instance-of
http://www.wikidata.org/entity/Q191764	P31	Q43229	instance-of
http://www.wikidata.org/entity/Q191805	P31	Q515	instance-of
http://www.wikidata.org/entity/Q1920769	P31	Q34770	instance-of
http://www.wikidata.org/entity/Q192155	P31	Q515	instance-of
http://www.wikidata.org/entity/Q192176	P31	Q515	instance-of
http://www.wikidata.org/entity/Q192213	P31	Q515	instance-of
http://www.wikidata.org/entity/Q192225	P31	Q515	instance-of
http://www.wikidata.org/entity/Q192235	P31	Q515	instance-of
http://www.wikidata.org/entity/Q192379	P31	Q515	instance-of
http://www.wikidata.org/entity/Q192508	P31	Q515	instance-of
http://www.wikidata.org/entity/Q192518	P31	Q515	instance-of
http://www.wikidata.org/entity/Q192724	P31	Q11424	instance-of
http://www.wikidata.org/entity/Q192755	P31	Q482994	instance-of
http://www.wikidata.org/entity/Q192807	P31	Q515	instance-of
http://www.wikidata.org/entity/Q1928222	P31	Q9143	instance-of
http://www.wikidata.org/entity/Q192896	P31	Q515	instance-of
http://www.wikidata.org/entity/Q192898	P31	Q515	instance-of
http://www.wikidata.org/entity/Q1929075	P31	Q9143	instance-of
http://www.wikidata.org/entity/Q192918	P31	Q515	instance-of
http://www.wikidata.org/entity/Q192961	P31	Q515	instance-of
http://www.wikidata.org/entity/Q192980	P31	Q515	instance-of
http://www.wikidata.org/entity/Q19300	P31	Q515	instance-of
http://www.wikidata.org/entity/Q193103	P31	Q515	instance-of
http://www.wikidata.org/entity/Q193226	P31	Q515	instance-of
http://www.wikidata.org/entity/Q193229	P31	Q515	instance-of
http://www.wikidata.org/entity/Q193250	P31	Q515	instance-of
http://www.wikidata.org/entity/Q193289	P31	Q515	instance-of
http://www.wikidata.org/entity/Q193367	P31	Q515	instance-of
http://www.wikidata.org/entity/Q193409	P31	Q515	instance-of
http://www.wikidata.org/entity/Q19344	P31	Q515	instance-of
http://www.wikidata.org/entity/Q193445	P31	Q515	instance-of
http://www.wikidata.org/entity/Q19345	P31	Q482994	instance-of
http://www.wikidata.org/entity/Q193452	P31	Q515	instance-of
http://www.wikidata.org/entity/Q193477	P31	Q482994	instance-of
http://www.wikidata.org/entity/Q193478	P31	Q515	instance-of
http://www.wikidata.org/entity/Q193486	P31	Q515	instance-of
http://www.wikidata.org/entity/Q193490	P31	Q482994	instance-of
http://www.wikidata.org/entity/Q193510	P31	Q3918	instance-of
http://www.wikidata.org/entity/Q19355	P31	Q11424	instance-of
http://www.wikidata.org/entity/Q193563	P31	Q43229	instance-of
http://www.wikidata.org/entity/Q19359034	P31	Q34770	instance-of
http://www.wikidata.org/entity/Q19359039	P31	Q34770	instance-of
http://www.wikidata.org/entity/Q193787	P31	Q515	instance-of
http://www.wikidata.org/entity/Q193802	P31	Q515	instance-of
http://www.wikidata.org/entity/Q193821	P31	Q515	instance-of
http://www.wikidata.org/entity/Q193920	P31	Q515	instance-of
http://www.wikidata.org/entity/Q193950	P31	Q482994	instance-of
http://www.wikidata.org/entity/Q1940803	P31	Q3918	instance-of
http://www.wikidata.org/entity/Q194146	P31	Q515	instance-of
http://www.wikidata.org/entity/Q194164	P31	Q515	instance-of
http://www.wikidata.org/entity/Q194165	P31	Q515	instance-of
http://www.wikidata.org/entity/Q1941682	P31	Q34770	instance-of
http://www.wikidata.org/entity/Q194445	P31	Q3918	instance-of
http://www.wikidata.org/entity/Q194452	P31	Q515	instance-of
http://www.wikidata.org/entity/Q1945756	P31	Q3918	instance-of
http://www.wikidata.org/entity/Q1947	P31	Q515	instance-of
http://www.wikidata.org/entity/Q19570732	P31	Q34770	instance-of
http://www.wikidata.org/entity/Q19570843	P31	Q34770	instance-of
http://www.wikidata.org/entity/Q1957120	P31	Q34770	instance-of
http://www.wikidata.org/entity/Q19571396	P31	Q34770	instance-of
http://www.wikidata.org/entity/Q19572028	P31	Q34770	instance-of
http://www.wikidata.org/entity/Q19572059	P31	Q34770	instance-of
http://www.wikidata.org/entity/Q19572305	P31	Q34770	instance-of
http://www.wikidata.org/entity/Q19572452	P31	Q34770	instance-of
http://www.wikidata.org/entity/Q19572455	P31	Q34770	instance-of
http://www.wikidata.org/entity/Q19572979	P31	Q34770	instance-of
http://www.wikidata.org/entity/Q19573012	P31	Q34770	instance-of
http://www.wikidata.org/entity/Q19573111	P31	Q34770	instance-of
http://www.wikidata.org/entity/Q19573137	P31	Q34770	instance-of
http://www.wikidata.org/entity/Q19573234	P31	Q34770	instance-of
http://www.wikidata.org/entity/Q19573402	P31	Q34770	instance-of
http://www.wikidata.org/entity/Q19573682	P31	Q34770	instance-of
http://www.wikidata.org/entity/Q19573683	P31	Q34770	instance-of
http://www.wikidata.org/entity/Q19573685	P31	Q34770	instance-of
http://www.wikidata.org/entity/Q1957508	P31	Q34770	instance-of
http://www.wikidata.org/entity/Q1957612	P31	Q34770	instance-of
http://www.wikidata.org/entity/Q19583	P31	Q515	instance-of
http://www.wikidata.org/entity/Q195929	P31	Q9143	instance-of
http://www.wikidata.org/entity/Q19597674	P31	Q34770	instance-of
http://www.wikidata.org/entity/Q19597676	P31	Q34770	instance-of
http://www.wikidata.org/entity/Q19597677	P31	Q34770	instance-of
http://www.wikidata.org/entity/Q1960	P31	Q515	instance-of
http://www.wikidata.org/entity/Q1961488	P31	Q34770	instance-of
http://www.wikidata.org/entity/Q196163	P31	Q515	instance-of
http://www.wikidata.org/entity/Q1962613	P31	Q3918	instance-of
http://www.wikidata.org/entity/Q1963	P31	Q515	instance-of
http://www.wikidata.org/entity/Q1964642	P31	Q3918	instance-of
http://www.wikidata.org/entity/Q1965222	P31	Q34770	instance-of
http://www.wikidata.org/entity/Q19689	P31	Q515	instance-of
http://www.wikidata.org/entity/Q19694214	P31	Q34770	instance-of
http://www.wikidata.org/entity/Q1971400	P31	Q34770	instance-of
http://www.wikidata.org/entity/Q1972050	P31	Q3918	instance-of
http://www.wikidata.org/entity/Q1972721	P31	Q3918	instance-of
http://www.wikidata.org/entity/Q1975199	P31	Q34770	instance-of
http://www.wikidata.org/entity/Q197543	P31	Q3918	instance-of
http://www.wikidata.org/entity/Q19755	P31	Q43229	instance-of
http://www.wikidata.org/entity/Q19757551	P31	Q34770	instance-of
http://www.wikidata.org/entity/Q19757586	P31	Q34770	instance-of
http://www.wikidata.org/entity/Q19757590	P31	Q34770	instance-of
http://www.wikidata.org/entity/Q19757823	P31	Q34770	instance-of
http://www.wikidata.org/entity/Q1976816	P31	Q34770	instance-of
http://www.wikidata.org/entity/Q1977419	P31	Q34770	instance-of
http://www.wikidata.org/entity/Q1977429	P31	Q34770	instance-of
http://www.wikidata.org/entity/Q197936	P31	Q34770	instance-of
http://www.wikidata.org/entity/Q1979891	P31	Q3918	instance-of
http://www.wikidata.org/entity/Q1982248	P31	Q34770	instance-of
http://www.wikidata.org/entity/Q1982696	P31	Q34770	instance-of
http://www.wikidata.org/entity/Q19830648	P31	Q34770	instance-of
http://www.wikidata.org/entity/Q19830649	P31	Q34770	instance-of
http://www.wikidata.org/entity/Q19839846	P31	Q34770	instance-of
http://www.wikidata.org/entity/Q19840020	P31	Q34770	instance-of
http://www.wikidata.org/entity/Q19840830	P31	Q34770	instance-of
http://www.wikidata.org/entity/Q19840950	P31	Q34770	instance-of
http://www.wikidata.org/entity/Q19841092	P31	Q34770	instance-of
http://www.wikidata.org/entity/Q19841106	P31	Q34770	instance-of
http://www.wikidata.org/entity/Q19855	P31	Q482994	instance-of
http://www.wikidata.org/entity/Q19858	P31	Q482994	instance-of
http://www.wikidata.org/entity/Q19862	P31	Q482994	instance-of
http://www.wikidata.org/entity/Q198650	P31	Q515	instance-of
http://www.wikidata.org/entity/Q19874842	P31	Q34770	instance-of
http://www.wikidata.org/entity/Q19877481	P31	Q34770	instance-of
http://www.wikidata.org/entity/Q1988433	P31	Q34770	instance-of
http://www.wikidata.org/entity/Q19893092	P31	Q34770	instance-of
http://www.wikidata.org/entity/Q19894302	P31	Q34770	instance-of
http://www.wikidata.org/entity/Q1989628	P31	Q3918	instance-of
http://www.wikidata.org/entity/Q198989	P31	Q515	instance-of
http://www.wikidata.org/entity/Q1990210	P31	Q34770	instance-of
http://www.wikidata.org/entity/Q19921576	P31	Q34770	instance-of
http://www.wikidata.org/entity/Q19921578	P31	Q34770	instance-of
http://www.wikidata.org/entity/Q19921582	P31	Q34770	instance-of
http://www.wikidata.org/entity/Q199500	P31	Q515	instance-of
http://www.wikidata.org/entity/Q199575	P31	Q515	instance-of
http://www.wikidata.org/entity/Q199585	P31	Q482994	instance-of
http://www.wikidata.org/entity/Q199712	P31	Q515	instance-of
http://www.wikidata.org/entity/Q199723	P31	Q515	instance-of
http://www.wikidata.org/entity/Q199762	P31	Q515	instance-of
http://www.wikidata.org/entity/Q1998811	P31	Q3918	instance-of
http://www.wikidata.org/entity/Q199909	P31	Q515	instance-of
http://www.wikidata.org/entity/Q20	P31	Q6256	instance-of
http://www.wikidata.org/entity/Q200019	P31	Q515	instance-of
http://www.wikidata.org/entity/Q200028	P31	Q515	instance-of
http://www.wikidata.org/entity/Q200030	P31	Q515	instance-of
http://www.wikidata.org/entity/Q200036	P31	Q515	instance-of
http://www.wikidata.org/entity/Q200049	P31	Q515	instance-of
http://www.wikidata.org/entity/Q200061	P31	Q515	instance-of
http://www.wikidata.org/entity/Q200078	P31	Q515	instance-of
http://www.wikidata.org/entity/Q200119	P31	Q515	instance-of
http://www.wikidata.org/entity/Q200123	P31	Q515	instance-of
http://www.wikidata.org/entity/Q200133	P31	Q515	instance-of
http://www.wikidata.org/entity/Q200166	P31	Q515	instance-of
http://www.wikidata.org/entity/Q200237	P31	Q515	instance-of
http://www.wikidata.org/entity/Q2002420	P31	Q3918	instance-of
http://www.wikidata.org/entity/Q2002619	P31	Q3918	instance-of
http://www.wikidata.org/entity/Q2004114	P31	Q3918	instance-of
http://www.wikidata.org/entity/Q20050850	P31	Q34770	instance-of
http://www.wikidata.org/entity/Q20054210	P31	Q34770	instance-of
http://www.wikidata.org/entity/Q20054484	P31	Q34770	instance-of
http://www.wikidata.org/entity/Q2005511	P31	Q3918	instance-of
http://www.wikidata.org/entity/Q20059806	P31	Q34770	instance-of
http://www.wikidata.org/entity/Q20064918	P31	Q34770	instance-of
http://www.wikidata.org/entity/Q200709	P31	Q515	instance-of
http://www.wikidata.org/entity/Q200713	P31	Q515	instance-of
http://www.wikidata.org/entity/Q200718	P31	Q515	instance-of
http://www.wikidata.org/entity/Q200733	P31	Q515	instance-of
http://www.wikidata.org/entity/Q20080327	P31	Q9143	instance-of
http://www.wikidata.org/entity/Q200805	P31	Q515	instance-of
http://www.wikidata.org/entity/Q2008062	P31	Q34770	instance-of
http://www.wikidata.org/entity/Q200872	P31	Q482994	instance-of
http://www.wikidata.org/entity/Q200878	P31	Q515	instance-of
http://www.wikidata.org/entity/Q20090009	P31	Q34770	instance-of
http://www.wikidata.org/entity/Q200908	P31	Q515	instance-of
http://www.wikidata.org/entity/Q200951	P31	Q515	instance-of
http://www.wikidata.org/entity/Q201051	P31	Q515	instance-of
http://www.wikidata.org/entity/Q201095	P31	Q515	instance-of
http://www.wikidata.org/entity/Q201101	P31	Q515	instance-of
http://www.wikidata.org/entity/Q2011413	P31	Q34770	instance-of
http://www.wikidata.org/entity/Q201436	P31	Q9143	instance-of
http://www.wikidata.org/entity/Q20162127	P31	Q34770	instance-of
http://www.wikidata.org/entity/Q201816	P31	Q482994	instance-of
http://www.wikidata.org/entity/Q201832	P31	Q515	instance-of
http://www.wikidata.org/entity/Q201940	P31	Q482994	instance-of
http://www.wikidata.org/entity/Q201949	P31	Q482994	instance-of
http://www.wikidata.org/entity/Q20210398	P31	Q34770	instance-of
http://www.wikidata.org/entity/Q20210553	P31	Q34770	instance-of
http://www.wikidata.org/entity/Q202158	P31	Q515	instance-of
http://www.wikidata.org/entity/Q202162	P31	Q515	instance-of
http://www.wikidata.org/entity/Q202188	P31	Q515	instance-of
http://www.wikidata.org/entity/Q202195	P31	Q515	instance-of
http://www.wikidata.org/entity/Q202337	P31	Q515	instance-of
http://www.wikidata.org/entity/Q202714	P31	Q482994	instance-of
http://www.wikidata.org/entity/Q2027503	P31	Q34770	instance-of
http://www.wikidata.org/entity/Q2028	P31	Q515	instance-of
http://www.wikidata.org/entity/Q2028448	P31	Q34770	instance-of
http://www.wikidata.org/entity/Q202852	P31	Q515	instance-of
http://www.wikidata.org/entity/Q202973	P31	Q515	instance-of
http://www.wikidata.org/entity/Q202996	P31	Q482994	instance-of
http://www.wikidata.org/entity/Q2030	P31	Q515	instance-of
http://www.wikidata.org/entity/Q203000	P31	Q515	instance-of
http://www.wikidata.org/entity/Q2030998	P31	Q34770	instance-of
http://www.wikidata.org/entity/Q2031144	P31	Q34770	instance-of
http://www.wikidata.org/entity/Q203197	P31	Q515	instance-of
http://www.wikidata.org/entity/Q2032882	P31	Q34770	instance-of
http://www.wikidata.org/entity/Q203299	P31	Q515	instance-of
http://www.wikidata.org/entity/Q203370	P31	Q515	instance-of
http://www.wikidata.org/entity/Q203380	P31	Q515	instance-of
http://www.wikidata.org/entity/Q203476	P31	Q515	instance-of
http://www.wikidata.org/entity/Q203675	P31	Q515	instance-of
http://www.wikidata.org/entity/Q203995	P31	Q515	instance-of
http://www.wikidata.org/entity/Q204181	P31	Q3918	instance-of
http://www.wikidata.org/entity/Q204234	P31	Q515	instance-of
http://www.wikidata.org/entity/Q204266	P31	Q515	instance-of
http://www.wikidata.org/entity/Q204271	P31	Q515	instance-of
http://www.wikidata.org/entity/Q204317	P31	Q515	instance-of
http://www.wikidata.org/entity/Q204365	P31	Q515	instance-of
http://www.wikidata.org/entity/Q204434	P31	Q515	instance-of
http://www.wikidata.org/entity/Q204439	P31	Q515	instance-of
http://www.wikidata.org/entity/Q204457	P31	Q3918	instance-of
http://www.wikidata.org/entity/Q204626	P31	Q3918	instance-of
http://www.wikidata.org/entity/Q204693	P31	Q9143	instance-of
http://www.wikidata.org/entity/Q204709	P31	Q515	instance-of
http://www.wikidata.org/entity/Q20471677	P31	Q34770	instance-of
http://www.wikidata.org/entity/Q204720	P31	Q515	instance-of
http://www.wikidata.org/entity/Q20473038	P31	Q34770	instance-of
http://www.wikidata.org/entity/Q20479	P31	Q9143	instance-of
http://www.wikidata.org/entity/Q204905	P31	Q515	instance-of
http://www.wikidata.org/entity/Q20491	P31	Q515	instance-of
http://www.wikidata.org/entity/Q205119	P31	Q515	instance-of
http://www.wikidata.org/entity/Q20526385	P31	Q34770	instance-of
http://www.wikidata.org/entity/Q20526532	P31	Q34770	instance-of
http://www.wikidata.org/entity/Q20526610	P31	Q34770	instance-of
http://www.wikidata.org/entity/Q2052676	P31	Q9143	instance-of
http://www.wikidata.org/entity/Q20527138	P31	Q34770	instance-of
http://www.wikidata.org/entity/Q20527166	P31	Q34770	instance-of
http://www.wikidata.org/entity/Q20527226	P31	Q34770	instance-of
http://www.wikidata.org/entity/Q20527242	P31	Q34770	instance-of
http://www.wikidata.org/entity/Q20527417	P31	Q34770	instance-of
http://www.wikidata.org/entity/Q2053828	P31	Q34770	instance-of
http://www.wikidata.org/entity/Q2053913	P31	Q34770	instance-of
http://www.wikidata.org/entity/Q205458	P31	Q482994	instance-of
http://www.wikidata.org/entity/Q2055	P31	Q515	instance-of
http://www.wikidata.org/entity/Q20572404	P31	Q3918	instance-of
http://www.wikidata.org/entity/Q205792	P31	Q515	instance-of
http://www.wikidata.org/entity/Q20581520	P31	Q34770	instance-of
http://www.wikidata.org/entity/Q205832	P31	Q515	instance-of
http://www.wikidata.org/entity/Q205905	P31	Q515	instance-of
http://www.wikidata.org/entity/Q205942	P31	Q515	instance-of
http://www.wikidata.org/entity/Q20596956	P31	Q34770	instance-of
http://www.wikidata.org/entity/Q205979	P31	Q34770	instance-of
http://www.wikidata.org/entity/Q2060023	P31	Q34770	instance-of
http://www.wikidata.org/entity/Q206040	P31	Q9143	instance-of
http://www.wikidata.org/entity/Q20607	P31	Q34770	instance-of
http://www.wikidata.org/entity/Q20609	P31	Q34770	instance-of
http://www.wikidata.org/entity/Q206097	P31	Q482994	instance-of
http://www.wikidata.org/entity/Q2061	P31	Q515	instance-of
http://www.wikidata.org/entity/Q20613214	P31	Q34770	instance-of
http://www.wikidata.org/entity/Q20614	P31	Q34770	instance-of
http://www.wikidata.org/entity/Q206216	P31	Q482994	instance-of
http://www.wikidata.org/entity/Q20627	P31	Q34770	instance-of
http://www.wikidata.org/entity/Q206271	P31	Q482994	instance-of
http://www.wikidata.org/entity/Q20628	P31	Q34770	instance-of
http://www.wikidata.org/entity/Q20639851	P31	Q34770	instance-of
http://www.wikidata.org/entity/Q2064378	P31	Q34770	instance-of
http://www.wikidata.org/entity/Q206484	P31	Q515	instance-of
http://www.wikidata.org/entity/Q2065666	P31	Q3918	instance-of
http://www.wikidata.org/entity/Q20668241	P31	Q34770	instance-of
http://www.wikidata.org/entity/Q206687	P31	Q515	instance-of
http://www.wikidata.org/entity/Q206702	P31	Q3918	instance-of
http://www.wikidata.org/entity/Q206760	P31	Q515	instance-of
http://www.wikidata.org/entity/Q2067656	P31	Q34770	instance-of
http://www.wikidata.org/entity/Q2068190	P31	Q34770	instance-of
http://www.wikidata.org/entity/Q206848	P31	Q482994	instance-of
http://www.wikidata.org/entity/Q206879	P31	Q515	instance-of
http://www.wikidata.org/entity/Q206881	P31	Q515	instance-of
http://www.wikidata.org/entity/Q206885	P31	Q515	instance-of
http://www.wikidata.org/entity/Q206891	P31	Q515	instance-of
http://www.wikidata.org/entity/Q206895	P31	Q515	instance-of
http://www.wikidata.org/entity/Q206900	P31	Q515	instance-of
http://www.wikidata.org/entity/Q206903	P31	Q515	instance-of
http://www.wikidata.org/entity/Q206904	P31	Q9143	instance-of
http://www.wikidata.org/entity/Q2069475	P31	Q34770	instance-of
http://www.wikidata.org/entity/Q206954	P31	Q515	instance-of
http://www.wikidata.org/entity/Q206957	P31	Q515	instance-of
http://www.wikidata.org/entity/Q20707795	P31	Q34770	instance-of
http://www.wikidata.org/entity/Q207098	P31	Q515	instance-of
http://www.wikidata.org/entity/Q20711	P31	Q34770	instance-of
http://www.wikidata.org/entity/Q2071325	P31	Q34770	instance-of
http://www.wikidata.org/entity/Q207223	P31	Q515	instance-of
http://www.wikidata.org/entity/Q207316	P31	Q9143	instance-of
http://www.wikidata.org/entity/Q207322	P31	Q515	instance-of
http://www.wikidata.org/entity/Q207324	P31	Q515	instance-of
http://www.wikidata.org/entity/Q2073277	P31	Q34770	instance-of
http://www.wikidata.org/entity/Q207336	P31	Q482994	instance-of
http://www.wikidata.org/entity/Q207350	P31	Q515	instance-of
http://www.wikidata.org/entity/Q207371	P31	Q515	instance-of
http://www.wikidata.org/entity/Q207438	P31	Q482994	instance-of
http://www.wikidata.org/entity/Q207467	P31	Q515	instance-of
http://www.wikidata.org/entity/Q207470	P31	Q515	instance-of
http://www.wikidata.org/entity/Q20747371	P31	Q34770	instance-of
http://www.wikidata.org/entity/Q207502	P31	Q482994	instance-of
http://www.wikidata.org/entity/Q207540	P31	Q515	instance-of
http://www.wikidata.org/entity/Q207639	P31	Q515	instance-of
http://www.wikidata.org/entity/Q207661	P31	Q482994	instance-of
http://www.wikidata.org/entity/Q20771657	P31	Q34770	instance-of
http://www.wikidata.org/entity/Q207749	P31	Q515	instance-of
http://www.wikidata.org/entity/Q207752	P31	Q515	instance-of
http://www.wikidata.org/entity/Q207754	P31	Q515	instance-of
http://www.wikidata.org/entity/Q207756	P31	Q515	instance-of
http://www.wikidata.org/entity/Q207801	P31	Q515	instance-of
http://www.wikidata.org/entity/Q2079	P31	Q515	instance-of
http://www.wikidata.org/entity/Q207935	P31	Q515	instance-of
http://www.wikidata.org/entity/Q207972	P31	Q515	instance-of
http://www.wikidata.org/entity/Q208005	P31	Q515	instance-of
http://www.wikidata.org/entity/Q208006	P31	Q515	instance-of
http://www.wikidata.org/entity/Q208022	P31	Q515	instance-of
http://www.wikidata.org/entity/Q208097	P31	Q515	instance-of
http://www.wikidata.org/entity/Q208098	P31	Q515	instance-of
http://www.wikidata.org/entity/Q20812287	P31	Q34770	instance-of
http://www.wikidata.org/entity/Q208162	P31	Q515	instance-of
http://www.wikidata.org/entity/Q208200	P31	Q515	instance-of
http://www.wikidata.org/entity/Q20822	P31	Q34770	instance-of
http://www.wikidata.org/entity/Q208227	P31	Q482994	instance-of
http://www.wikidata.org/entity/Q20823	P31	Q34770	instance-of
http://www.wikidata.org/entity/Q20824	P31	Q34770	instance-of
http://www.wikidata.org/entity/Q20825	P31	Q34770	instance-of
http://www.wikidata.org/entity/Q20826	P31	Q34770	instance-of
http://www.wikidata.org/entity/Q20827	P31	Q34770	instance-of
http://www.wikidata.org/entity/Q20829	P31	Q34770	instance-of
http://www.wikidata.org/entity/Q208293	P31	Q515	instance-of
http://www.wikidata.org/entity/Q20831	P31	Q34770	instance-of
http://www.wikidata.org/entity/Q208318	P31	Q515	instance-of
http://www.wikidata.org/entity/Q2083185	P31	Q34770	instance-of
http://www.wikidata.org/entity/Q2083197	P31	Q34770	instance-of
http://www.wikidata.org/entity/Q20832	P31	Q34770	instance-of
http://www.wikidata.org/entity/Q208340	P31	Q482994	instance-of
http://www.wikidata.org/entity/Q208352	P31	Q515	instance-of
http://www.wikidata.org/entity/Q208403	P31	Q515	instance-of
http://www.wikidata.org/entity/Q208472	P31	Q515	instance-of
http://www.wikidata.org/entity/Q208473	P31	Q515	instance-of
http://www.wikidata.org/entity/Q2085051	P31	Q34770	instance-of
http://www.wikidata.org/entity/Q208521	P31	Q482994	instance-of
http://www.wikidata.org/entity/Q208573	P31	Q515	instance-of
http://www.wikidata.org/entity/Q20857698	P31	Q34770	instance-of
http://www.wikidata.org/entity/Q20859658	P31	Q34770	instance-of
http://www.wikidata.org/entity/Q2086145	P31	Q34770	instance-of
http://www.wikidata.org/entity/Q208676	P31	Q482994	instance-of
http://www.wikidata.org/entity/Q208715	P31	Q515	instance-of
http://www.wikidata.org/entity/Q208725	P31	Q515	instance-of
http://www.wikidata.org/entity/Q208736	P31	Q3918	instance-of
http://www.wikidata.org/entity/Q2088743	P31	Q34770	instance-of
http://www.wikidata.org/entity/Q208948	P31	Q515	instance-of
http://www.wikidata.org/entity/Q2089984	P31	Q34770	instance-of
http://www.wikidata.org/entity/Q209009	P31	Q515	instance-of
http://www.wikidata.org/entity/Q209034	P31	Q515	instance-of
http://www.wikidata.org/entity/Q209176	P31	Q515	instance-of
http://www.wikidata.org/entity/Q209217	P31	Q515	instance-of
http://www.wikidata.org/entity/Q2092286	P31	Q34770	instance-of
http://www.wikidata.org/entity/Q2092358	P31	Q3918	instance-of
http://www.wikidata.org/entity/Q2093214	P31	Q34770	instance-of
http://www.wikidata.org/entity/Q209423	P31	Q515	instance-of
http://www.wikidata.org/entity/Q2094884	P31	Q34770	instance-of
http://www.wikidata.org/entity/Q2095090	P31	Q9143	instance-of
http://www.wikidata.org/entity/Q209537	P31	Q515	instance-of
http://www.wikidata.org/entity/Q209539	P31	Q482994	instance-of
http://www.wikidata.org/entity/Q2096	P31	Q515	instance-of
http://www.wikidata.org/entity/Q2096524	P31	Q3918	instance-of
http://www.wikidata.org/entity/Q20967012	P31	Q34770	instance-of
http://www.wikidata.org/entity/Q20968488	P31	Q34770	instance-of
http://www.wikidata.org/entity/Q209698	P31	Q515	instance-of
http://www.wikidata.org/entity/Q20979	P31	Q34770	instance-of
http://www.wikidata.org/entity/Q20982409	P31	Q34770	instance-of
http://www.wikidata.org/entity/Q20983638	P31	Q34770	instance-of
http://www.wikidata.org/entity/Q209905	P31	Q515	instance-of
http://www.wikidata.org/entity/Q209925	P31	Q515	instance-of
http://www.wikidata.org/entity/Q209978	P31	Q515	instance-of
http://www.wikidata.org/entity/Q21	P31	Q6256	instance-of
http://www.wikidata.org/entity/Q210007	P31	Q515	instance-of
http://www.wikidata.org/entity/Q210048	P31	Q482994	instance-of
http://www.wikidata.org/entity/Q210122	P31	Q482994	instance-of
http://www.wikidata.org/entity/Q210161	P31	Q515	instance-of
http://www.wikidata.org/entity/Q210197	P31	Q515	instance-of
http://www.wikidata.org/entity/Q210292	P31	Q515	instance-of
http://www.wikidata.org/entity/Q210296	P31	Q515	instance-of
http://www.wikidata.org/entity/Q21039439	P31	Q34770	instance-of
http://www.wikidata.org/entity/Q210470	P31	Q515	instance-of
http://www.wikidata.org/entity/Q21057	P31	Q34770	instance-of
http://www.wikidata.org/entity/Q21058	P31	Q34770	instance-of
http://www.wikidata.org/entity/Q2106984	P31	Q34770	instance-of
http://www.wikidata.org/entity/Q210809	P31	Q482994	instance-of
http://www.wikidata.org/entity/Q2109432	P31	Q34770	instance-of
http://www.wikidata.org/entity/Q210985	P31	Q515	instance-of
http://www.wikidata.org/entity/Q211	P31	Q6256	instance-of
http://www.wikidata.org/entity/Q211218	P31	Q515	instance-of
http://www.wikidata.org/entity/Q211292	P31	Q482994	instance-of
http://www.wikidata.org/entity/Q211318	P31	Q515	instance-of
http://www.wikidata.org/entity/Q211343	P31	Q515	instance-of
http://www.wikidata.org/entity/Q211405	P31	Q482994	instance-of
http://www.wikidata.org/entity/Q2114962	P31	Q34770	instance-of
http://www.wikidata.org/entity/Q211563	P31	Q515	instance-of
http://www.wikidata.org/entity/Q211590	P31	Q515	instance-of
http://www.wikidata.org/entity/Q21168	P31	Q515	instance-of
http://www.wikidata.org/entity/Q21176	P31	Q515	instance-of
http://www.wikidata.org/entity/Q211760	P31	Q515	instance-of
http://www.wikidata.org/entity/Q21178	P31	Q515	instance-of
http://www.wikidata.org/entity/Q21179986	P31	Q34770	instance-of
http://www.wikidata.org/entity/Q21180	P31	Q515	instance-of
http://www.wikidata.org/entity/Q211805	P31	Q515	instance-of
http://www.wikidata.org/entity/Q21181	P31	Q515	instance-of
http://www.wikidata.org/entity/Q211811	P31	Q515	instance-of
http://www.wikidata.org/entity/Q211828	P31	Q515	instance-of
http://www.wikidata.org/entity/Q211867	P31	Q515	instance-of
http://www.wikidata.org/entity/Q2118858	P31	Q9143	instance-of
http://www.wikidata.org/entity/Q211950	P31	Q515	instance-of
http://www.wikidata.org/entity/Q211952	P31	Q515	instance-of
http://www.wikidata.org/entity/Q21197	P31	Q515	instance-of
http://www.wikidata.org/entity/Q211970	P31	Q515	instance-of
http://www.wikidata.org/entity/Q2119752	P31	Q3918	instance-of
http://www.wikidata.org/entity/Q212	P31	Q6256	instance-of
http://www.wikidata.org/entity/Q21203	P31	Q6256	instance-of
http://www.wikidata.org/entity/Q2122792	P31	Q34770	instance-of
http://www.wikidata.org/entity/Q212283	P31	Q515	instance-of
http://www.wikidata.org/entity/Q212289	P31	Q515	instance-of
http://www.wikidata.org/entity/Q2123	P31	Q515	instance-of
http://www.wikidata.org/entity/Q212332	P31	Q515	instance-of
http://www.wikidata.org/entity/Q212546	P31	Q515	instance-of
http://www.wikidata.org/entity/Q212569	P31	Q9143	instance-of
http://www.wikidata.org/entity/Q2126436	P31	Q515	instance-of
http://www.wikidata.org/entity/Q212665	P31	Q482994	instance-of
http://www.wikidata.org/entity/Q212680	P31	Q515	instance-of
http://www.wikidata.org/entity/Q2127	P31	Q515	instance-of
http://www.wikidata.org/entity/Q212757	P31	Q515	instance-of
http://www.wikidata.org/entity/Q212773	P31	Q515	instance-of
http://www.wikidata.org/entity/Q21282543	P31	Q34770	instance-of
http://www.wikidata.org/entity/Q212841	P31	Q515	instance-of
http://www.wikidata.org/entity/Q212846	P31	Q482994	instance-of
http://www.wikidata.org/entity/Q212856	P31	Q515	instance-of
http://www.wikidata.org/entity/Q212863	P31	Q482994	instance-of
http://www.wikidata.org/entity/Q212984	P31	Q515	instance-of
http://www.wikidata.org/entity/Q213	P31	Q6256	instance-of
http://www.wikidata.org/entity/Q213014	P31	Q515	instance-of
http://www.wikidata.org/entity/Q213026	P31	Q515	instance-of
http://www.wikidata.org/entity/Q213127	P31	Q515	instance-of
http://www.wikidata.org/entity/Q213248	P31	Q515	instance-of
http://www.wikidata.org/entity/Q213434	P31	Q34770	instance-of
http://www.wikidata.org/entity/Q213516	P31	Q482994	instance-of
http://www.wikidata.org/entity/Q2138	P31	Q515	instance-of
http://www.wikidata.org/entity/Q213898	P31	Q515	instance-of
http://www.wikidata.org/entity/Q214	P31	Q6256	instance-of
http://www.wikidata.org/entity/Q21403256	P31	Q34770	instance-of
http://www.wikidata.org/entity/Q21403317	P31	Q34770	instance-of
http://www.wikidata.org/entity/Q214057	P31	Q515	instance-of
http://www.wikidata.org/entity/Q214134	P31	Q482994	instance-of
http://www.wikidata.org/entity/Q214139	P31	Q482994	instance-of
http://www.wikidata.org/entity/Q214178	P31	Q515	instance-of
http://www.wikidata.org/entity/Q214248	P31	Q515	instance-of
http://www.wikidata.org/entity/Q214303	P31	Q515	instance-of
http://www.wikidata.org/entity/Q214341	P31	Q3918	instance-of
http://www.wikidata.org/entity/Q214344	P31	Q515	instance-of
http://www.wikidata.org/entity/Q214485	P31	Q515	instance-of
http://www.wikidata.org/entity/Q214495	P31	Q515	instance-of
http://www.wikidata.org/entity/Q214651	P31	Q515	instance-of
http://www.wikidata.org/entity/Q214655	P31	Q515	instance-of
http://www.wikidata.org/entity/Q214681	P31	Q515	instance-of
http://www.wikidata.org/entity/Q2147917	P31	Q34770	instance-of
http://www.wikidata.org/entity/Q21481817	P31	Q34770	instance-of
http://www.wikidata.org/entity/Q21481876	P31	Q34770	instance-of
http://www.wikidata.org/entity/Q214973	P31	Q482994	instance-of
http://www.wikidata.org/entity/Q215	P31	Q6256	instance-of
http://www.wikidata.org/entity/Q215080	P31	Q515	instance-of
http://www.wikidata.org/entity/Q21512784	P31	Q34770	instance-of
http://www.wikidata.org/entity/Q215277	P31	Q515	instance-of
http://www.wikidata.org/entity/Q21550769	P31	Q34770	instance-of
http://www.wikidata.org/entity/Q2155119	P31	Q34770	instance-of
http://www.wikidata.org/entity/Q215633	P31	Q515	instance-of
http://www.wikidata.org/entity/Q2157412	P31	Q34770	instance-of
http://www.wikidata.org/entity/Q2157421	P31	Q34770	instance-of
http://www.wikidata.org/entity/Q2157431	P31	Q34770	instance-of
http://www.wikidata.org/entity/Q2157439	P31	Q34770	instance-of
http://www.wikidata.org/entity/Q2157452	P31	Q34770	instance-of
http://www.wikidata.org/entity/Q2157461	P31	Q34770	instance-of
http://www.wikidata.org/entity/Q216	P31	Q515	instance-of
http://www.wikidata.org/entity/Q2160405	P31	Q34770	instance-of
http://www.wikidata.org/entity/Q2160435	P31	Q34770	instance-of
http://www.wikidata.org/entity/Q216075	P31	Q515	instance-of
http://www.wikidata.org/entity/Q2160963	P31	Q9143	instance-of
http://www.wikidata.org/entity/Q216243	P31	Q3918	instance-of
http://www.wikidata.org/entity/Q2164778	P31	Q34770	instance-of
http://www.wikidata.org/entity/Q21658869	P31	Q34770	instance-of
http://www.wikidata.org/entity/Q216638	P31	Q515	instance-of
http://www.wikidata.org/entity/Q2166735	P31	Q9143	instance-of
http://www.wikidata.org/entity/Q2167	P31	Q515	instance-of
http://www.wikidata.org/entity/Q2167573	P31	Q34770	instance-of
http://www.wikidata.org/entity/Q216835	P31	Q515	instance-of
http://www.wikidata.org/entity/Q216847	P31	Q515	instance-of
http://www.wikidata.org/entity/Q216853	P31	Q515	instance-of
http://www.wikidata.org/entity/Q216902	P31	Q515	instance-of
http://www.wikidata.org/entity/Q216912	P31	Q515	instance-of
http://www.wikidata.org/entity/Q216939	P31	Q515	instance-of
http://www.wikidata.org/entity/Q216990	P31	Q515	instance-of
http://www.wikidata.org/entity/Q217	P31	Q6256	instance-of
http://www.wikidata.org/entity/Q217040	P31	Q515	instance-of
http://www.wikidata.org/entity/Q217071	P31	Q515	instance-of
http://www.wikidata.org/entity/Q217125	P31	Q515	instance-of
http://www.wikidata.org/entity/Q217156	P31	Q515	instance-of
http://www.wikidata.org/entity/Q217203	P31	Q482994	instance-of
http://www.wikidata.org/entity/Q217426	P31	Q515	instance-of
http://www.wikidata.org/entity/Q217439	P31	Q3918	instance-of
http://www.wikidata.org/entity/Q217443	P31	Q515	instance-of
http://www.wikidata.org/entity/Q2177054	P31	Q3918	instance-of
http://www.wikidata.org/entity/Q217720	P31	Q515	instance-of
http://www.wikidata.org/entity/Q218	P31	Q6256	instance-of
http://www.wikidata.org/entity/Q218513	P31	Q482994	instance-of
http://www.wikidata.org/entity/Q218861	P31	Q515	instance-of
http://www.wikidata.org/entity/Q218928	P31	Q515	instance-of
http://www.wikidata.org/entity/Q218971	P31	Q482994	instance-of
http://www.wikidata.org/entity/Q219	P31	Q6256	instance-of
http://www.wikidata.org/entity/Q219060	P31	Q6256	instance-of
http://www.wikidata.org/entity/Q219117	P31	Q515	instance-of
http://www.wikidata.org/entity/Q21921428	P31	Q9143	instance-of
http://www.wikidata.org/entity/Q219417	P31	Q515	instance-of
http://www.wikidata.org/entity/Q219425	P31	Q482994	instance-of
http://www.wikidata.org/entity/Q2194290	P31	Q34770	instance-of
http://www.wikidata.org/entity/Q219564	P31	Q3918	instance-of
http://www.wikidata.org/entity/Q219583	P31	Q515	instance-of
http://www.wikidata.org/entity/Q219671	P31	Q515	instance-of
http://www.wikidata.org/entity/Q2196866	P31	Q34770	instance-of
http://www.wikidata.org/entity/Q219747	P31	Q482994	instance-of
http://www.wikidata.org/entity/Q2203	P31	Q515	instance-of
http://www.wikidata.org/entity/Q2203911	P31	Q34770	instance-of
http://www.wikidata.org/entity/Q2204061	P31	Q34770	instance-of
http://www.wikidata.org/entity/Q22074616	P31	Q34770	instance-of
http://www.wikidata.org/entity/Q220756	P31	Q482994	instance-of
http://www.wikidata.org/entity/Q22077739	P31	Q34770	instance-of
http://www.wikidata.org/entity/Q22080879	P31	Q34770	instance-of
http://www.wikidata.org/entity/Q22083804	P31	Q34770	instance-of
http://www.wikidata.org/entity/Q22083815	P31	Q34770	instance-of
http://www.wikidata.org/entity/Q22083822	P31	Q34770	instance-of
http://www.wikidata.org/entity/Q22083826	P31	Q34770	instance-of
http://www.wikidata.org/entity/Q220843	P31	Q515	instance-of
http://www.wikidata.org/entity/Q221	P31	Q6256	instance-of
http://www.wikidata.org/entity/Q2211	P31	Q515	instance-of
http://www.wikidata.org/entity/Q221447	P31	Q515	instance-of
http://www.wikidata.org/entity/Q221734	P31	Q515	instance-of
http://www.wikidata.org/entity/Q221914	P31	Q515	instance-of
http://www.wikidata.org/entity/Q221921	P31	Q515	instance-of
http://www.wikidata.org/entity/Q222	P31	Q6256	instance-of
http://www.wikidata.org/entity/Q222001	P31	Q482994	instance-of
http://www.wikidata.org/entity/Q2222616	P31	Q515	instance-of
http://www.wikidata.org/entity/Q222267	P31	Q515	instance-of
http://www.wikidata.org/entity/Q2222874	P31	Q515	instance-of
http://www.wikidata.org/entity/Q22236996	P31	Q34770	instance-of
http://www.wikidata.org/entity/Q22237017	P31	Q34770	instance-of
http://www.wikidata.org/entity/Q222738	P31	Q3918	instance-of
http://www.wikidata.org/entity/Q222755	P31	Q515	instance-of
http://www.wikidata.org/entity/Q223	P31	Q6256	instance-of
http://www.wikidata.org/entity/Q223154	P31	Q515	instance-of
http://www.wikidata.org/entity/Q223181	P31	Q482994	instance-of
http://www.wikidata.org/entity/Q2232696	P31	Q34770	instance-of
http://www.wikidata.org/entity/Q223306	P31	Q34770	instance-of
http://www.wikidata.org/entity/Q223314	P31	Q515	instance-of
http://www.wikidata.org/entity/Q2233794	P31	Q34770	instance-of
http://www.wikidata.org/entity/Q223433	P31	Q9143	instance-of
http://www.wikidata.org/entity/Q223587	P31	Q515	instance-of
http://www.wikidata.org/entity/Q223679	P31	Q9143	instance-of
http://www.wikidata.org/entity/Q223761	P31	Q515	instance-of
http://www.wikidata.org/entity/Q223858	P31	Q482994	instance-of
http://www.wikidata.org/entity/Q223914	P31	Q515	instance-of
http://www.wikidata.org/entity/Q223920	P31	Q515	instance-of
http://www.wikidata.org/entity/Q223966	P31	Q515	instance-of
http://www.wikidata.org/entity/Q224	P31	Q6256	instance-of
http://www.wikidata.org/entity/Q224641	P31	Q482994	instance-of
http://www.wikidata.org/entity/Q225	P31	Q6256	instance-of
http://www.wikidata.org/entity/Q2252191	P31	Q34770	instance-of
http://www.wikidata.org/entity/Q2256	P31	Q515	instance-of
http://www.wikidata.org/entity/Q225641	P31	Q515	instance-of
http://www.wikidata.org/entity/Q226	P31	Q515	instance-of
http://www.wikidata.org/entity/Q2261128	P31	Q3918	instance-of
http://www.wikidata.org/entity/Q2262283	P31	Q34770	instance-of
http://www.wikidata.org/entity/Q2262353	P31	Q34770	instance-of
http://www.wikidata.org/entity/Q22662104	P31	Q34770	instance-of
http://www.wikidata.org/entity/Q22674847	P31	Q34770	instance-of
http://www.wikidata.org/entity/Q2268	P31	Q34770	instance-of
http://www.wikidata.org/entity/Q22694600	P31	Q34770	instance-of
http://www.wikidata.org/entity/Q22694631	P31	Q34770	instance-of
http://www.wikidata.org/entity/Q227	P31	Q6256	instance-of
http://www.wikidata.org/entity/Q22711	P31	Q34770	instance-of
http://www.wikidata.org/entity/Q2278732	P31	Q34770	instance-of
http://www.wikidata.org/entity/Q228	P31	Q6256	instance-of
http://www.wikidata.org/entity/Q22808992	P31	Q34770	instance-of
http://www.wikidata.org/entity/Q22809485	P31	Q34770	instance-of
http://www.wikidata.org/entity/Q2281517	P31	Q3918	instance-of
http://www.wikidata.org/entity/Q2281564	P31	Q3918	instance-of
http://www.wikidata.org/entity/Q228405	P31	Q515	instance-of
http://www.wikidata.org/entity/Q22889	P31	Q515	instance-of
http://www.wikidata.org/entity/Q22893424	P31	Q34770	instance-of
http://www.wikidata.org/entity/Q229	P31	Q6256	instance-of
http://www.wikidata.org/entity/Q2291492	P31	Q34770	instance-of
http://www.wikidata.org/entity/Q22918391	P31	Q34770	instance-of
http://www.wikidata.org/entity/Q2292517	P31	Q515	instance-of
http://www.wikidata.org/entity/Q22948538	P31	Q34770	instance-of
http://www.wikidata.org/entity/Q22949342	P31	Q34770	instance-of
http://www.wikidata.org/entity/Q2295569	P31	Q34770	instance-of
http://www.wikidata.org/entity/Q2298909	P31	Q9143	instance-of
http://www.wikidata.org/entity/Q2299797	P31	Q3918	instance-of
http://www.wikidata.org/entity/Q230	P31	Q6256	instance-of
http://www.wikidata.org/entity/Q23009966	P31	Q34770	instance-of
http://www.wikidata.org/entity/Q230104	P31	Q515	instance-of
http://www.wikidata.org/entity/Q23014	P31	Q34770	instance-of
http://www.wikidata.org/entity/Q2302663	P31	Q3918	instance-of
http://www.wikidata.org/entity/Q2304583	P31	Q34770	instance-of
http://www.wikidata.org/entity/Q230628	P31	Q515	instance-of
http://www.wikidata.org/entity/Q23070	P31	Q515	instance-of
http://www.wikidata.org/entity/Q230818	P31	Q515	instance-of
http://www.wikidata.org/entity/Q230899	P31	Q3918	instance-of
http://www.wikidata.org/entity/Q2311602	P31	Q34770	instance-of
http://www.wikidata.org/entity/Q23154	P31	Q515	instance-of
http://www.wikidata.org/entity/Q2315424	P31	Q34770	instance-of
http://www.wikidata.org/entity/Q231765	P31	Q515	instance-of
http://www.wikidata.org/entity/Q2319877	P31	Q34770	instance-of
http://www.wikidata.org/entity/Q232	P31	Q6256	instance-of
http://www.wikidata.org/entity/Q232009	P31	Q11424	instance-of
http://www.wikidata.org/entity/Q232842	P31	Q515	instance-of
http://www.wikidata.org/entity/Q2328761	P31	Q34770	instance-of
http://www.wikidata.org/entity/Q233	P31	Q6256	instance-of
http://www.wikidata.org/entity/Q23311	P31	Q515	instance-of
http://www.wikidata.org/entity/Q2335528	P31	Q34770	instance-of
http://www.wikidata.org/entity/Q234056	P31	Q515	instance-of
http://www.wikidata.org/entity/Q234184	P31	Q515	instance-of
http://www.wikidata.org/entity/Q23430	P31	Q515	instance-of
http://www.wikidata.org/entity/Q23436	P31	Q515	instance-of
http://www.wikidata.org/entity/Q23438	P31	Q515	instance-of
http://www.wikidata.org/entity/Q234600	P31	Q515	instance-of
http://www.wikidata.org/entity/Q234657	P31	Q9143	instance-of
http://www.wikidata.org/entity/Q2347334	P31	Q9143	instance-of
http://www.wikidata.org/entity/Q235	P31	Q6256	instance-of
http://www.wikidata.org/entity/Q235086	P31	Q9143	instance-of
http://www.wikidata.org/entity/Q23551	P31	Q515	instance-of
http://www.wikidata.org/entity/Q235571	P31	Q515	instance-of
http://www.wikidata.org/entity/Q23564	P31	Q515	instance-of
http://www.wikidata.org/entity/Q2356431	P31	Q34770	instance-of
http://www.wikidata.org/entity/Q2356440	P31	Q34770	instance-of
http://www.wikidata.org/entity/Q236	P31	Q6256	instance-of
http://www.wikidata.org/entity/Q236083	P31	Q515	instance-of
http://www.wikidata.org/entity/Q2361829	P31	Q34770	instance-of
http://www.wikidata.org/entity/Q2364661	P31	Q34770	instance-of
http://www.wikidata.org/entity/Q2365210	P31	Q34770	instance-of
http://www.wikidata.org/entity/Q23681	P31	Q6256	instance-of
http://www.wikidata.org/entity/Q237	P31	Q6256	instance-of
http://www.wikidata.org/entity/Q2370136	P31	Q34770	instance-of
http://www.wikidata.org/entity/Q2371358	P31	Q34770	instance-of
http://www.wikidata.org/entity/Q2372207	P31	Q34770	instance-of
http://www.wikidata.org/entity/Q237409	P31	Q34770	instance-of
http://www.wikidata.org/entity/Q2375468	P31	Q34770	instance-of
http://www.wikidata.org/entity/Q23755688	P31	Q34770	instance-of
http://www.wikidata.org/entity/Q23755711	P31	Q34770	instance-of
http://www.wikidata.org/entity/Q2378	P31	Q9143	instance-of
http://www.wikidata.org/entity/Q23780914	P31	Q11424	instance-of
http://www.wikidata.org/entity/Q23781155	P31	Q11424	instance-of
http://www.wikidata.org/entity/Q237847	P31	Q515	instance-of
http://www.wikidata.org/entity/Q2379113	P31	Q34770	instance-of
http://www.wikidata.org/entity/Q2379405	P31	Q34770	instance-of
http://www.wikidata.org/entity/Q238	P31	Q6256	instance-of
http://www.wikidata.org/entity/Q23800	P31	Q515	instance-of
http://www.wikidata.org/entity/Q2380124	P31	Q34770	instance-of
http://www.wikidata.org/entity/Q23807993	P31	Q34770	instance-of
http://www.wikidata.org/entity/Q2381310	P31	Q34770	instance-of
http://www.wikidata.org/entity/Q238217	P31	Q515	instance-of
http://www.wikidata.org/entity/Q238452	P31	Q515	instance-of
http://www.wikidata.org/entity/Q238508	P31	Q515	instance-of
http://www.wikidata.org/entity/Q23855	P31	Q34770	instance-of
http://www.wikidata.org/entity/Q2386361	P31	Q34770	instance-of
http://www.wikidata.org/entity/Q2387274	P31	Q34770	instance-of
http://www.wikidata.org/entity/Q2387391	P31	Q34770	instance-of
http://www.wikidata.org/entity/Q239097	P31	Q515	instance-of
http://www.wikidata.org/entity/Q239107	P31	Q515	instance-of
http://www.wikidata.org/entity/Q2391112	P31	Q34770	instance-of
http://www.wikidata.org/entity/Q2391273	P31	Q34770	instance-of
http://www.wikidata.org/entity/Q2391297	P31	Q34770	instance-of
http://www.wikidata.org/entity/Q2392351	P31	Q3918	instance-of
http://www.wikidata.org/entity/Q239266	P31	Q515	instance-of
http://www.wikidata.org/entity/Q2393095	P31	Q34770	instance-of
http://www.wikidata.org/entity/Q239421	P31	Q515	instance-of
http://www.wikidata.org/entity/Q2394710	P31	Q34770	instance-of
http://www.wikidata.org/entity/Q2394775	P31	Q3918	instance-of
http://www.wikidata.org/entity/Q2395641	P31	Q34770	instance-of
http://www.wikidata.org/entity/Q239580	P31	Q515	instance-of
http://www.wikidata.org/entity/Q2396970	P31	Q34770	instance-of
http://www.wikidata.org/entity/Q2400870	P31	Q34770	instance-of
http://www.wikidata.org/entity/Q2404190	P31	Q34770	instance-of
http://www.wikidata.org/entity/Q2405552	P31	Q34770	instance-of
http://www.wikidata.org/entity/Q2405981	P31	Q34770	instance-of
http://www.wikidata.org/entity/Q240828	P31	Q482994	instance-of
http://www.wikidata.org/entity/Q241	P31	Q6256	instance-of
http://www.wikidata.org/entity/Q2410276	P31	Q34770	instance-of
http://www.wikidata.org/entity/Q2410352	P31	Q34770	instance-of
http://www.wikidata.org/entity/Q2411063	P31	Q34770	instance-of
http://www.wikidata.org/entity/Q241122	P31	Q515	instance-of
http://www.wikidata.org/entity/Q241146	P31	Q34770	instance-of
http://www.wikidata.org/entity/Q241298	P31	Q515	instance-of
http://www.wikidata.org/entity/Q241767	P31	Q515	instance-of
http://www.wikidata.org/entity/Q24190396	P31	Q34770	instance-of
http://www.wikidata.org/entity/Q242	P31	Q6256	instance-of
http://www.wikidata.org/entity/Q242144	P31	Q515	instance-of
http://www.wikidata.org/entity/Q2422065	P31	Q34770	instance-of
http://www.wikidata.org/entity/Q2422759	P31	Q34770	instance-of
http://www.wikidata.org/entity/Q242497	P31	Q515	instance-of
http://www.wikidata.org/entity/Q242587	P31	Q515	instance-of
http://www.wikidata.org/entity/Q24265483	P31	Q34770	instance-of
http://www.wikidata.org/entity/Q24265507	P31	Q34770	instance-of
http://www.wikidata.org/entity/Q24265536	P31	Q34770	instance-of
http://www.wikidata.org/entity/Q24265552	P31	Q34770	instance-of
http://www.wikidata.org/entity/Q24265559	P31	Q34770	instance-of
http://www.wikidata.org/entity/Q24265566	P31	Q34770	instance-of
http://www.wikidata.org/entity/Q24265571	P31	Q34770	instance-of
http://www.wikidata.org/entity/Q2428476	P31	Q9143	instance-of
http://www.wikidata.org/entity/Q242895	P31	Q515	instance-of
http://www.wikidata.org/entity/Q242898	P31	Q515	instance-of
http://www.wikidata.org/entity/Q242992	P31	Q515	instance-of
http://www.wikidata.org/entity/Q242995	P31	Q515	instance-of
http://www.wikidata.org/entity/Q243319	P31	Q515	instance-of
http://www.wikidata.org/entity/Q243322	P31	Q515	instance-of
http://www.wikidata.org/entity/Q243325	P31	Q515	instance-of
http://www.wikidata.org/entity/Q243699	P31	Q515	instance-of
http://www.wikidata.org/entity/Q24378966	P31	Q34770	instance-of
http://www.wikidata.org/entity/Q2438046	P31	Q9143	instance-of
http://www.wikidata.org/entity/Q243846	P31	Q515	instance-of
http://www.wikidata.org/entity/Q243859	P31	Q515	instance-of
http://www.wikidata.org/entity/Q244	P31	Q6256	instance-of
http://www.wikidata.org/entity/Q244004	P31	Q515	instance-of
http://www.wikidata.org/entity/Q244139	P31	Q515	instance-of
http://www.wikidata.org/entity/Q244154	P31	Q515	instance-of
http://www.wikidata.org/entity/Q244159	P31	Q515	instance-of
http://www.wikidata.org/entity/Q244236	P31	Q515	instance-of
http://www.wikidata.org/entity/Q24442801	P31	Q34770	instance-of
http://www.wikidata.org/entity/Q244509	P31	Q515	instance-of
http://www.wikidata.org/entity/Q244627	P31	Q9143	instance-of
http://www.wikidata.org/entity/Q244747	P31	Q515	instance-of
http://www.wikidata.org/entity/Q244898	P31	Q515	instance-of
http://www.wikidata.org/entity/Q2449	P31	Q515	instance-of
http://www.wikidata.org/entity/Q245023	P31	Q515	instance-of
http://www.wikidata.org/entity/Q24509826	P31	Q34770	instance-of
http://www.wikidata.org/entity/Q24510318	P31	Q34770	instance-of
http://www.wikidata.org/entity/Q24510457	P31	Q34770	instance-of
http://www.wikidata.org/entity/Q24510944	P31	Q34770	instance-of
http://www.wikidata.org/entity/Q24511000	P31	Q34770	instance-of
http://www.wikidata.org/entity/Q24514203	P31	Q34770	instance-of
http://www.wikidata.org/entity/Q24514221	P31	Q34770	instance-of
http://www.wikidata.org/entity/Q2453446	P31	Q3918	instance-of
http://www.wikidata.org/entity/Q2454881	P31	Q34770	instance-of
http://www.wikidata.org/entity/Q2454915	P31	Q34770	instance-of
http://www.wikidata.org/entity/Q246122	P31	Q34770	instance-of
http://www.wikidata.org/entity/Q2463067	P31	Q9143	instance-of
http://www.wikidata.org/entity/Q24661091	P31	Q34770	instance-of
http://www.wikidata.org/entity/Q2467	P31	Q515	instance-of
http://www.wikidata.org/entity/Q24705565	P31	Q34770	instance-of
http://www.wikidata.org/entity/Q24705769	P31	Q34770	instance-of
http://www.wikidata.org/entity/Q2471	P31	Q515	instance-of
http://www.wikidata.org/entity/Q2472016	P31	Q34770	instance-of
http://www.wikidata.org/entity/Q2474492	P31	Q34770	instance-of
http://www.wikidata.org/entity/Q2475442	P31	Q34770	instance-of
http://www.wikidata.org/entity/Q2475478	P31	Q34770	instance-of
http://www.wikidata.org/entity/Q2475526	P31	Q34770	instance-of
http://www.wikidata.org/entity/Q2475538	P31	Q34770	instance-of
http://www.wikidata.org/entity/Q2478711	P31	Q34770	instance-of
http://www.wikidata.org/entity/Q2478745	P31	Q34770	instance-of
http://www.wikidata.org/entity/Q2479725	P31	Q34770	instance-of
http://www.wikidata.org/entity/Q24815	P31	Q11424	instance-of
http://www.wikidata.org/entity/Q24826	P31	Q515	instance-of
http://www.wikidata.org/entity/Q24829073	P31	Q34770	instance-of
http://www.wikidata.org/entity/Q24841591	P31	Q34770	instance-of
http://www.wikidata.org/entity/Q2484579	P31	Q34770	instance-of
http://www.wikidata.org/entity/Q24871	P31	Q11424	instance-of
http://www.wikidata.org/entity/Q248758	P31	Q34770	instance-of
http://www.wikidata.org/entity/Q2490115	P31	Q34770	instance-of
http://www.wikidata.org/entity/Q24909565	P31	Q9143	instance-of
http://www.wikidata.org/entity/Q24929451	P31	Q34770	instance-of
http://www.wikidata.org/entity/Q24952038	P31	Q34770	instance-of
http://www.wikidata.org/entity/Q2495760	P31	Q3918	instance-of
http://www.wikidata.org/entity/Q2496233	P31	Q3918	instance-of
http://www.wikidata.org/entity/Q2498808	P31	Q34770	instance-of
http://www.wikidata.org/entity/Q249884	P31	Q515	instance-of
http://www.wikidata.org/entity/Q249994	P31	Q515	instance-of
http://www.wikidata.org/entity/Q249996	P31	Q515	instance-of
http://www.wikidata.org/entity/Q2501174	P31	Q34770	instance-of
http://www.wikidata.org/entity/Q2502949	P31	Q34770	instance-of
http://www.wikidata.org/entity/Q2503809	P31	Q3918	instance-of
http://www.wikidata.org/entity/Q25044405	P31	Q34770	instance-of
http://www.wikidata.org/entity/Q25047888	P31	Q34770	instance-of
http://www.wikidata.org/entity/Q25060438	P31	Q34770	instance-of
http://www.wikidata.org/entity/Q25060451	P31	Q34770	instance-of
http://www.wikidata.org/entity/Q2507721	P31	Q9143	instance-of
http://www.wikidata.org/entity/Q25100625	P31	Q34770	instance-of
http://www.wikidata.org/entity/Q2512084	P31	Q34770	instance-of
http://www.wikidata.org/entity/Q251329	P31	Q515	instance-of
http://www.wikidata.org/entity/Q25164	P31	Q34770	instance-of
http://www.wikidata.org/entity/Q25167	P31	Q34770	instance-of
http://www.wikidata.org/entity/Q251678	P31	Q515	instance-of
http://www.wikidata.org/entity/Q251728	P31	Q34770	instance-of
http://www.wikidata.org/entity/Q25188	P31	Q11424	instance-of
http://www.wikidata.org/entity/Q2519308	P31	Q34770	instance-of
http://www.wikidata.org/entity/Q252	P31	Q6256	instance-of
http://www.wikidata.org/entity/Q2520538	P31	Q34770	instance-of
http://www.wikidata.org/entity/Q2520657	P31	Q34770	instance-of
http://www.wikidata.org/entity/Q2520717	P31	Q34770	instance-of
http://www.wikidata.org/entity/Q25226861	P31	Q34770	instance-of
http://www.wikidata.org/entity/Q25230632	P31	Q34770	instance-of
http://www.wikidata.org/entity/Q252349	P31	Q34770	instance-of
http://www.wikidata.org/entity/Q2523999	P31	Q34770	instance-of
http://www.wikidata.org/entity/Q2524007	P31	Q34770	instance-of
http://www.wikidata.org/entity/Q2524022	P31	Q34770	instance-of
http://www.wikidata.org/entity/Q252411	P31	Q34770	instance-of
http://www.wikidata.org/entity/Q25258	P31	Q34770	instance-of
http://www.wikidata.org/entity/Q25261947	P31	Q34770	instance-of
http://www.wikidata.org/entity/Q25270	P31	Q515	instance-of
http://www.wikidata.org/entity/Q25279	P31	Q6256	instance-of
http://www.wikidata.org/entity/Q25282	P31	Q515	instance-of
http://www.wikidata.org/entity/Q25286	P31	Q515	instance-of
http://www.wikidata.org/entity/Q2529518	P31	Q3918	instance-of
http://www.wikidata.org/entity/Q2531629	P31	Q3918	instance-of
http://www.wikidata.org/entity/Q25337171	P31	Q34770	instance-of
http://www.wikidata.org/entity/Q25339626	P31	Q34770	instance-of
http://www.wikidata.org/entity/Q25339627	P31	Q34770	instance-of
http://www.wikidata.org/entity/Q25383006	P31	Q34770	instance-of
http://www.wikidata.org/entity/Q25389274	P31	Q34770	instance-of
http://www.wikidata.org/entity/Q25389804	P31	Q34770	instance-of
http://www.wikidata.org/entity/Q25390	P31	Q515	instance-of
http://www.wikidata.org/entity/Q25394634	P31	Q34770	instance-of
http://www.wikidata.org/entity/Q25395221	P31	Q34770	instance-of
http://www.wikidata.org/entity/Q25407698	P31	Q34770	instance-of
http://www.wikidata.org/entity/Q25409	P31	Q515	instance-of
http://www.wikidata.org/entity/Q25442	P31	Q34770	instance-of
http://www.wikidata.org/entity/Q25473909	P31	Q34770	instance-of
http://www.wikidata.org/entity/Q25475	P31	Q515	instance-of
http://www.wikidata.org/entity/Q2548276	P31	Q34770	instance-of
http://www.wikidata.org/entity/Q255455	P31	Q515	instance-of
http://www.wikidata.org/entity/Q25559289	P31	Q34770	instance-of
http://www.wikidata.org/entity/Q25559302	P31	Q34770	instance-of
http://www.wikidata.org/entity/Q25559314	P31	Q34770	instance-of
http://www.wikidata.org/entity/Q25559318	P31	Q34770	instance-of
http://www.wikidata.org/entity/Q25559323	P31	Q34770	instance-of
http://www.wikidata.org/entity/Q25559347	P31	Q34770	instance-of
http://www.wikidata.org/entity/Q25559417	P31	Q34770	instance-of
http://www.wikidata.org/entity/Q25559420	P31	Q34770	instance-of
http://www.wikidata.org/entity/Q25559432	P31	Q34770	instance-of
http://www.wikidata.org/entity/Q25559435	P31	Q34770	instance-of
http://www.wikidata.org/entity/Q25559440	P31	Q34770	instance-of
http://www.wikidata.org/entity/Q25559454	P31	Q34770	instance-of
http://www.wikidata.org/entity/Q25559455	P31	Q34770	instance-of
http://www.wikidata.org/entity/Q25559456	P31	Q34770	instance-of
http://www.wikidata.org/entity/Q25559468	P31	Q34770	instance-of
http://www.wikidata.org/entity/Q25559518	P31	Q34770	instance-of
http://www.wikidata.org/entity/Q25559519	P31	Q34770	instance-of
http://www.wikidata.org/entity/Q25559536	P31	Q34770	instance-of
http://www.wikidata.org/entity/Q25559558	P31	Q34770	instance-of
http://www.wikidata.org/entity/Q25559563	P31	Q34770	instance-of
http://www.wikidata.org/entity/Q25559575	P31	Q34770	instance-of
http://www.wikidata.org/entity/Q25559582	P31	Q34770	instance-of
http://www.wikidata.org/entity/Q25559585	P31	Q34770	instance-of
http://www.wikidata.org/entity/Q25559587	P31	Q34770	instance-of
http://www.wikidata.org/entity/Q25559589	P31	Q34770	instance-of
http://www.wikidata.org/entity/Q25559590	P31	Q34770	instance-of
http://www.wikidata.org/entity/Q25559598	P31	Q34770	instance-of
http://www.wikidata.org/entity/Q25559602	P31	Q34770	instance-of
http://www.wikidata.org/entity/Q25559604	P31	Q34770	instance-of
http://www.wikidata.org/entity/Q25559652	P31	Q34770	instance-of
http://www.wikidata.org/entity/Q25559662	P31	Q34770	instance-of
http://www.wikidata.org/entity/Q25559664	P31	Q34770	instance-of
http://www.wikidata.org/entity/Q25559666	P31	Q34770	instance-of
http://www.wikidata.org/entity/Q25559675	P31	Q34770	instance-of
http://www.wikidata.org/entity/Q25559676	P31	Q34770	instance-of
http://www.wikidata.org/entity/Q25559688	P31	Q34770	instance-of
http://www.wikidata.org/entity/Q25559690	P31	Q34770	instance-of
http://www.wikidata.org/entity/Q25559692	P31	Q34770	instance-of
http://www.wikidata.org/entity/Q25559700	P31	Q34770	instance-of
http://www.wikidata.org/entity/Q25559701	P31	Q34770	instance-of
http://www.wikidata.org/entity/Q25559704	P31	Q34770	instance-of
http://www.wikidata.org/entity/Q25559706	P31	Q34770	instance-of
http://www.wikidata.org/entity/Q25559715	P31	Q34770	instance-of
http://www.wikidata.org/entity/Q25559716	P31	Q34770	instance-of
http://www.wikidata.org/entity/Q25559721	P31	Q34770	instance-of
http://www.wikidata.org/entity/Q25559728	P31	Q34770	instance-of
http://www.wikidata.org/entity/Q25559729	P31	Q34770	instance-of
http://www.wikidata.org/entity/Q25559732	P31	Q34770	instance-of
http://www.wikidata.org/entity/Q25559751	P31	Q34770	instance-of
http://www.wikidata.org/entity/Q25559779	P31	Q34770	instance-of
http://www.wikidata.org/entity/Q25562736	P31	Q34770	instance-of
http://www.wikidata.org/entity/Q25664180	P31	Q34770	instance-of
http://www.wikidata.org/entity/Q2567055	P31	Q34770	instance-of
http://www.wikidata.org/entity/Q2567916	P31	Q34770	instance-of
http://www.wikidata.org/entity/Q2567925	P31	Q34770	instance-of
http://www.wikidata.org/entity/Q2567934	P31	Q34770	instance-of
http://www.wikidata.org/entity/Q2567942	P31	Q34770	instance-of
http://www.wikidata.org/entity/Q25714758	P31	Q34770	instance-of
http://www.wikidata.org/entity/Q25714802	P31	Q34770	instance-of
http://www.wikidata.org/entity/Q2574767	P31	Q34770	instance-of
http://www.wikidata.org/entity/Q2575010	P31	Q9143	instance-of
http://www.wikidata.org/entity/Q2576407	P31	Q34770	instance-of
http://www.wikidata.org/entity/Q2577228	P31	Q34770	instance-of
http://www.wikidata.org/entity/Q2578935	P31	Q34770	instance-of
http://www.wikidata.org/entity/Q2579500	P31	Q34770	instance-of
http://www.wikidata.org/entity/Q25797	P31	Q515	instance-of
http://www.wikidata.org/entity/Q2579702	P31	Q3918	instance-of
http://www.wikidata.org/entity/Q258	P31	Q6256	instance-of
http://www.wikidata.org/entity/Q25804	P31	Q515	instance-of
http://www.wikidata.org/entity/Q2585357	P31	Q34770	instance-of
http://www.wikidata.org/entity/Q25854011	P31	Q34770	instance-of
http://www.wikidata.org/entity/Q2585632	P31	Q34770	instance-of
http://www.wikidata.org/entity/Q2586893	P31	Q34770	instance-of
http://www.wikidata.org/entity/Q258778	P31	Q9143	instance-of
http://www.wikidata.org/entity/Q2591165	P31	Q34770	instance-of
http://www.wikidata.org/entity/Q2591175	P31	Q34770	instance-of
http://www.wikidata.org/entity/Q2591184	P31	Q34770	instance-of
http://www.wikidata.org/entity/Q2591193	P31	Q34770	instance-of
http://www.wikidata.org/entity/Q2591202	P31	Q34770	instance-of
http://www.wikidata.org/entity/Q2591221	P31	Q34770	instance-of
http://www.wikidata.org/entity/Q2591230	P31	Q34770	instance-of
http://www.wikidata.org/entity/Q2591243	P31	Q34770	instance-of
http://www.wikidata.org/entity/Q2591251	P31	Q34770	instance-of
http://www.wikidata.org/entity/Q2591288	P31	Q34770	instance-of
http://www.wikidata.org/entity/Q2591320	P31	Q34770	instance-of
http://www.wikidata.org/entity/Q2591329	P31	Q34770	instance-of
http://www.wikidata.org/entity/Q25927362	P31	Q34770	instance-of
http://www.wikidata.org/entity/Q25931428	P31	Q34770	instance-of
http://www.wikidata.org/entity/Q25953	P31	Q34770	instance-of
http://www.wikidata.org/entity/Q2598963	P31	Q34770	instance-of
http://www.wikidata.org/entity/Q2599826	P31	Q34770	instance-of
http://www.wikidata.org/entity/Q2600085	P31	Q34770	instance-of
http://www.wikidata.org/entity/Q2600390	P31	Q34770	instance-of
http://www.wikidata.org/entity/Q2603103	P31	Q34770	instance-of
http://www.wikidata.org/entity/Q2603808	P31	Q34770	instance-of
http://www.wikidata.org/entity/Q26040	P31	Q515	instance-of
http://www.wikidata.org/entity/Q2605298	P31	Q34770	instance-of
http://www.wikidata.org/entity/Q2605680	P31	Q34770	instance-of
http://www.wikidata.org/entity/Q2605689	P31	Q34770	instance-of
http://www.wikidata.org/entity/Q2605703	P31	Q34770	instance-of
http://www.wikidata.org/entity/Q2605943	P31	Q34770	instance-of
http://www.wikidata.org/entity/Q260911	P31	Q515	instance-of
http://www.wikidata.org/entity/Q261076	P31	Q515	instance-of
http://www.wikidata.org/entity/Q26119	P31	Q515	instance-of
http://www.wikidata.org/entity/Q261243	P31	Q515	instance-of
http://www.wikidata.org/entity/Q2613477	P31	Q34770	instance-of
http://www.wikidata.org/entity/Q26155	P31	Q515	instance-of
http://www.wikidata.org/entity/Q26175	P31	Q515	instance-of
http://www.wikidata.org/entity/Q2618974	P31	Q34770	instance-of
http://www.wikidata.org/entity/Q262	P31	Q6256	instance-of
http://www.wikidata.org/entity/Q26234	P31	Q515	instance-of
http://www.wikidata.org/entity/Q2625398	P31	Q34770	instance-of
http://www.wikidata.org/entity/Q2625410	P31	Q34770	instance-of
http://www.wikidata.org/entity/Q262579	P31	Q515	instance-of
http://www.wikidata.org/entity/Q26268	P31	Q515	instance-of
http://www.wikidata.org/entity/Q26273	P31	Q6256	instance-of
http://www.wikidata.org/entity/Q262854	P31	Q3918	instance-of
http://www.wikidata.org/entity/Q2630324	P31	Q9143	instance-of
http://www.wikidata.org/entity/Q2634	P31	Q515	instance-of
http://www.wikidata.org/entity/Q263544	P31	Q9143	instance-of
http://www.wikidata.org/entity/Q2635961	P31	Q34770	instance-of
http://www.wikidata.org/entity/Q2638144	P31	Q34770	instance-of
http://www.wikidata.org/entity/Q26393	P31	Q515	instance-of
http://www.wikidata.org/entity/Q26397	P31	Q515	instance-of
http://www.wikidata.org/entity/Q2640621	P31	Q34770	instance-of
http://www.wikidata.org/entity/Q2640628	P31	Q34770	instance-of
http://www.wikidata.org/entity/Q2640646	P31	Q34770	instance-of
http://www.wikidata.org/entity/Q2640686	P31	Q34770	instance-of
http://www.wikidata.org/entity/Q2640863	P31	Q34770	instance-of
http://www.wikidata.org/entity/Q2640935	P31	Q34770	instance-of
http://www.wikidata.org/entity/Q2642029	P31	Q9143	instance-of
http://www.wikidata.org/entity/Q26421	P31	Q515	instance-of
http://www.wikidata.org/entity/Q26425602	P31	Q34770	instance-of
http://www.wikidata.org/entity/Q26432	P31	Q515	instance-of
http://www.wikidata.org/entity/Q265	P31	Q6256	instance-of
http://www.wikidata.org/entity/Q265039	P31	Q9143	instance-of
http://www.wikidata.org/entity/Q26521	P31	Q515	instance-of
http://www.wikidata.org/entity/Q2656	P31	Q515	instance-of
http://www.wikidata.org/entity/Q26563	P31	Q515	instance-of
http://www.wikidata.org/entity/Q26569	P31	Q515	instance-of
http://www.wikidata.org/entity/Q2658244	P31	Q9143	instance-of
http://www.wikidata.org/entity/Q2658760	P31	Q34770	instance-of
http://www.wikidata.org/entity/Q2659044	P31	Q34770	instance-of
http://www.wikidata.org/entity/Q266417	P31	Q34770	instance-of
http://www.wikidata.org/entity/Q2665734	P31	Q34770	instance-of
http://www.wikidata.org/entity/Q2666835	P31	Q34770	instance-of
http://www.wikidata.org/entity/Q266896	P31	Q515	instance-of
http://www.wikidata.org/entity/Q2669150	P31	Q34770	instance-of
http://www.wikidata.org/entity/Q2669157	P31	Q34770	instance-of
http://www.wikidata.org/entity/Q2669164	P31	Q34770	instance-of
http://www.wikidata.org/entity/Q2669169	P31	Q34770	instance-of
http://www.wikidata.org/entity/Q2669181	P31	Q34770	instance-of
http://www.wikidata.org/entity/Q2669184	P31	Q34770	instance-of
http://www.wikidata.org/entity/Q2669188	P31	Q34770	instance-of
http://www.wikidata.org/entity/Q2669193	P31	Q34770	instance-of
http://www.wikidata.org/entity/Q2669202	P31	Q34770	instance-of
http://www.wikidata.org/entity/Q2669214	P31	Q34770	instance-of
http://www.wikidata.org/entity/Q2669219	P31	Q34770	instance-of
http://www.wikidata.org/entity/Q2669221	P31	Q34770	instance-of
http://www.wikidata.org/entity/Q2669225	P31	Q34770	instance-of
http://www.wikidata.org/entity/Q2669235	P31	Q34770	instance-of
http://www.wikidata.org/entity/Q2669239	P31	Q34770	instance-of
http://www.wikidata.org/entity/Q2669248	P31	Q34770	instance-of
http://www.wikidata.org/entity/Q2669569	P31	Q34770	instance-of
http://www.wikidata.org/entity/Q2671988	P31	Q34770	instance-of
http://www.wikidata.org/entity/Q2671999	P31	Q9143	instance-of
http://www.wikidata.org/entity/Q26736324	P31	Q34770	instance-of
http://www.wikidata.org/entity/Q2678840	P31	Q34770	instance-of
http://www.wikidata.org/entity/Q26793	P31	Q515	instance-of
http://www.wikidata.org/entity/Q268130	P31	Q34770	instance-of
http://www.wikidata.org/entity/Q2683	P31	Q515	instance-of
http://www.wikidata.org/entity/Q26881	P31	Q515	instance-of
http://www.wikidata.org/entity/Q268924	P31	Q34770	instance-of
http://www.wikidata.org/entity/Q26898358	P31	Q482994	instance-of
http://www.wikidata.org/entity/Q269	P31	Q515	instance-of
http://www.wikidata.org/entity/Q26906	P31	Q515	instance-of
http://www.wikidata.org/entity/Q2691548	P31	Q34770	instance-of
http://www.wikidata.org/entity/Q26937	P31	Q515	instance-of
http://www.wikidata.org/entity/Q2697010	P31	Q34770	instance-of
http://www.wikidata.org/entity/Q26988	P31	Q6256	instance-of
http://www.wikidata.org/entity/Q269899	P31	Q515	instance-of
http://www.wikidata.org/entity/Q269960	P31	Q515	instance-of
http://www.wikidata.org/entity/Q269980	P31	Q515	instance-of
http://www.wikidata.org/entity/Q2699882	P31	Q34770	instance-of
http://www.wikidata.org/entity/Q27	P31	Q6256	instance-of
http://www.wikidata.org/entity/Q270	P31	Q515	instance-of
http://www.wikidata.org/entity/Q27001	P31	Q515	instance-of
http://www.wikidata.org/entity/Q270041	P31	Q515	instance-of
http://www.wikidata.org/entity/Q270083	P31	Q482994	instance-of
http://www.wikidata.org/entity/Q2701322	P31	Q34770	instance-of
http://www.wikidata.org/entity/Q270176	P31	Q515	instance-of
http://www.wikidata.org/entity/Q270222	P31	Q3918	instance-of
http://www.wikidata.org/entity/Q2704	P31	Q515	instance-of
http://www.wikidata.org/entity/Q270535	P31	Q515	instance-of
http://www.wikidata.org/entity/Q270690	P31	Q482994	instance-of
http://www.wikidata.org/entity/Q270734	P31	Q515	instance-of
http://www.wikidata.org/entity/Q2707343	P31	Q34770	instance-of
http://www.wikidata.org/entity/Q270821	P31	Q515	instance-of
http://www.wikidata.org/entity/Q27116	P31	Q515	instance-of
http://www.wikidata.org/entity/Q27119	P31	Q515	instance-of
http://www.wikidata.org/entity/Q2712572	P31	Q34770	instance-of
http://www.wikidata.org/entity/Q27144776	P31	Q34770	instance-of
http://www.wikidata.org/entity/Q2714654	P31	Q34770	instance-of
http://www.wikidata.org/entity/Q27168	P31	Q515	instance-of
http://www.wikidata.org/entity/Q271771	P31	Q515	instance-of
http://www.wikidata.org/entity/Q271787	P31	Q482994	instance-of
http://www.wikidata.org/entity/Q271911	P31	Q515	instance-of
http://www.wikidata.org/entity/Q2719893	P31	Q34770	instance-of
http://www.wikidata.org/entity/Q2721227	P31	Q34770	instance-of
http://www.wikidata.org/entity/Q2723670	P31	Q3918	instance-of
http://www.wikidata.org/entity/Q272471	P31	Q515	instance-of
http://www.wikidata.org/entity/Q27265	P31	Q3918	instance-of
http://www.wikidata.org/entity/Q272680	P31	Q515	instance-of
http://www.wikidata.org/entity/Q272795	P31	Q515	instance-of
http://www.wikidata.org/entity/Q273030	P31	Q515	instance-of
http://www.wikidata.org/entity/Q2731717	P31	Q34770	instance-of
http://www.wikidata.org/entity/Q2734	P31	Q515	instance-of
http://www.wikidata.org/entity/Q2735715	P31	Q34770	instance-of
http://www.wikidata.org/entity/Q2736980	P31	Q34770	instance-of
http://www.wikidata.org/entity/Q273779	P31	Q515	instance-of
http://www.wikidata.org/entity/Q27393	P31	Q515	instance-of
http://www.wikidata.org/entity/Q274120	P31	Q515	instance-of
http://www.wikidata.org/entity/Q2741615	P31	Q34770	instance-of
http://www.wikidata.org/entity/Q2742262	P31	Q34770	instance-of
http://www.wikidata.org/entity/Q2742268	P31	Q34770	instance-of
http://www.wikidata.org/entity/Q27425	P31	Q515	instance-of
http://www.wikidata.org/entity/Q2742661	P31	Q34770	instance-of
http://www.wikidata.org/entity/Q2743297	P31	Q482994	instance-of
http://www.wikidata.org/entity/Q27434946	P31	Q34770	instance-of
http://www.wikidata.org/entity/Q27447	P31	Q515	instance-of
http://www.wikidata.org/entity/Q2744745	P31	Q34770	instance-of
http://www.wikidata.org/entity/Q27452	P31	Q515	instance-of
http://www.wikidata.org/entity/Q2746221	P31	Q34770	instance-of
http://www.wikidata.org/entity/Q27478542	P31	Q34770	instance-of
http://www.wikidata.org/entity/Q27480	P31	Q34770	instance-of
http://www.wikidata.org/entity/Q2748232	P31	Q34770	instance-of
http://www.wikidata.org/entity/Q2748259	P31	Q34770	instance-of
http://www.wikidata.org/entity/Q2751	P31	Q515	instance-of
http://www.wikidata.org/entity/Q275131	P31	Q9143	instance-of
http://www.wikidata.org/entity/Q275472	P31	Q9143	instance-of
http://www.wikidata.org/entity/Q275635	P31	Q515	instance-of
http://www.wikidata.org/entity/Q275828	P31	Q482994	instance-of
http://www.wikidata.org/entity/Q275834	P31	Q482994	instance-of
http://www.wikidata.org/entity/Q2759	P31	Q515	instance-of
http://www.wikidata.org/entity/Q27602	P31	Q34770	instance-of
http://www.wikidata.org/entity/Q2760613	P31	Q34770	instance-of
http://www.wikidata.org/entity/Q2762100	P31	Q515	instance-of
http://www.wikidata.org/entity/Q276537	P31	Q515	instance-of
http://www.wikidata.org/entity/Q276546	P31	Q482994	instance-of
http://www.wikidata.org/entity/Q2766547	P31	Q515	instance-of
http://www.wikidata.org/entity/Q27683	P31	Q34770	instance-of
http://www.wikidata.org/entity/Q27692	P31	Q34770	instance-of
http://www.wikidata.org/entity/Q27709	P31	Q34770	instance-of
http://www.wikidata.org/entity/Q27740	P31	Q34770	instance-of
http://www.wikidata.org/entity/Q277664	P31	Q3918	instance-of
http://www.wikidata.org/entity/Q277681	P31	Q3918	instance-of
http://www.wikidata.org/entity/Q277710	P31	Q9143	instance-of
http://www.wikidata.org/entity/Q27782	P31	Q34770	instance-of
http://www.wikidata.org/entity/Q27785	P31	Q34770	instance-of
http://www.wikidata.org/entity/Q2779411	P31	Q34770	instance-of
http://www.wikidata.org/entity/Q277963	P31	Q34770	instance-of
http://www.wikidata.org/entity/Q278041	P31	Q34770	instance-of
http://www.wikidata.org/entity/Q27808515	P31	Q34770	instance-of
http://www.wikidata.org/entity/Q278204	P31	Q515	instance-of
http://www.wikidata.org/entity/Q278365	P31	Q34770	instance-of
http://www.wikidata.org/entity/Q2784033	P31	Q34770	instance-of
http://www.wikidata.org/entity/Q27864	P31	Q34770	instance-of
http://www.wikidata.org/entity/Q2786408	P31	Q34770	instance-of
http://www.wikidata.org/entity/Q27867	P31	Q34770	instance-of
http://www.wikidata.org/entity/Q27878	P31	Q34770	instance-of
http://www.wikidata.org/entity/Q278791	P31	Q9143	instance-of
http://www.wikidata.org/entity/Q279	P31	Q515	instance-of
http://www.wikidata.org/entity/Q2790	P31	Q515	instance-of
http://www.wikidata.org/entity/Q27921409	P31	Q34770	instance-of
http://www.wikidata.org/entity/Q27926110	P31	Q34770	instance-of
http://www.wikidata.org/entity/Q279350	P31	Q34770	instance-of
http://www.wikidata.org/entity/Q2794758	P31	Q515	instance-of
http://www.wikidata.org/entity/Q27963	P31	Q34770	instance-of
http://www.wikidata.org/entity/Q27968097	P31	Q34770	instance-of
http://www.wikidata.org/entity/Q2796873	P31	Q34770	instance-of
http://www.wikidata.org/entity/Q27993	P31	Q34770	instance-of
http://www.wikidata.org/entity/Q28	P31	Q6256	instance-of
http://www.wikidata.org/entity/Q2802914	P31	Q34770	instance-of
http://www.wikidata.org/entity/Q28058	P31	Q34770	instance-of
http://www.wikidata.org/entity/Q28059	P31	Q34770	instance-of
http://www.wikidata.org/entity/Q28060	P31	Q34770	instance-of
http://www.wikidata.org/entity/Q2806128	P31	Q34770	instance-of
http://www.wikidata.org/entity/Q28062	P31	Q34770	instance-of
http://www.wikidata.org/entity/Q28064	P31	Q34770	instance-of
http://www.wikidata.org/entity/Q28070	P31	Q34770	instance-of
http://www.wikidata.org/entity/Q280824	P31	Q3918	instance-of
http://www.wikidata.org/entity/Q28092	P31	Q34770	instance-of
http://www.wikidata.org/entity/Q28176	P31	Q34770	instance-of
http://www.wikidata.org/entity/Q282011	P31	Q34770	instance-of
http://www.wikidata.org/entity/Q2820163	P31	Q34770	instance-of
http://www.wikidata.org/entity/Q2822110	P31	Q34770	instance-of
http://www.wikidata.org/entity/Q2822982	P31	Q34770	instance-of
http://www.wikidata.org/entity/Q2823170	P31	Q34770	instance-of
http://www.wikidata.org/entity/Q28268	P31	Q34770	instance-of
http://www.wikidata.org/entity/Q28269	P31	Q34770	instance-of
http://www.wikidata.org/entity/Q2827041	P31	Q34770	instance-of
http://www.wikidata.org/entity/Q28272	P31	Q34770	instance-of
http://www.wikidata.org/entity/Q28277	P31	Q34770	instance-of
http://www.wikidata.org/entity/Q2827749	P31	Q34770	instance-of
http://www.wikidata.org/entity/Q28281	P31	Q34770	instance-of
http://www.wikidata.org/entity/Q2828867	P31	Q34770	instance-of
http://www.wikidata.org/entity/Q282888	P31	Q34770	instance-of
http://www.wikidata.org/entity/Q2828964	P31	Q34770	instance-of
http://www.wikidata.org/entity/Q2829146	P31	Q34770	instance-of
http://www.wikidata.org/entity/Q28302	P31	Q34770	instance-of
http://www.wikidata.org/entity/Q28304	P31	Q34770	instance-of
http://www.wikidata.org/entity/Q28305	P31	Q34770	instance-of
http://www.wikidata.org/entity/Q28335	P31	Q34770	instance-of
http://www.wikidata.org/entity/Q283368	P31	Q515	instance-of
http://www.wikidata.org/entity/Q28395	P31	Q34770	instance-of
http://www.wikidata.org/entity/Q2839722	P31	Q34770	instance-of
http://www.wikidata.org/entity/Q28400	P31	Q34770	instance-of
http://www.wikidata.org/entity/Q2841180	P31	Q34770	instance-of
http://www.wikidata.org/entity/Q2841465	P31	Q34770	instance-of
http://www.wikidata.org/entity/Q2841471	P31	Q34770	instance-of
http://www.wikidata.org/entity/Q2841479	P31	Q34770	instance-of
http://www.wikidata.org/entity/Q28422	P31	Q34770	instance-of
http://www.wikidata.org/entity/Q2842468	P31	Q34770	instance-of
http://www.wikidata.org/entity/Q2842667	P31	Q34770	instance-of
http://www.wikidata.org/entity/Q28427	P31	Q34770	instance-of
http://www.wikidata.org/entity/Q28433	P31	Q34770	instance-of
http://www.wikidata.org/entity/Q2844	P31	Q515	instance-of
http://www.wikidata.org/entity/Q2845320	P31	Q34770	instance-of
http://www.wikidata.org/entity/Q284604	P31	Q515	instance-of
http://www.wikidata.org/entity/Q2846078	P31	Q34770	instance-of
http://www.wikidata.org/entity/Q2846171	P31	Q34770	instance-of
http://www.wikidata.org/entity/Q2846195	P31	Q34770	instance-of
http://www.wikidata.org/entity/Q28477	P31	Q34770	instance-of
http://www.wikidata.org/entity/Q28495906	P31	Q34770	instance-of
http://www.wikidata.org/entity/Q28497058	P31	Q34770	instance-of
http://www.wikidata.org/entity/Q28499987	P31	Q34770	instance-of
http://www.wikidata.org/entity/Q28500007	P31	Q34770	instance-of
http://www.wikidata.org/entity/Q28501331	P31	Q34770	instance-of
http://www.wikidata.org/entity/Q2850262	P31	Q34770	instance-of
http://www.wikidata.org/entity/Q28508	P31	Q34770	instance-of
http://www.wikidata.org/entity/Q28516	P31	Q515	instance-of
http://www.wikidata.org/entity/Q2852547	P31	Q34770	instance-of
http://www.wikidata.org/entity/Q2852592	P31	Q34770	instance-of
http://www.wikidata.org/entity/Q2852610	P31	Q34770	instance-of
http://www.wikidata.org/entity/Q28535	P31	Q34770	instance-of
http://www.wikidata.org/entity/Q28552	P31	Q34770	instance-of
http://www.wikidata.org/entity/Q28562	P31	Q34770	instance-of
http://www.wikidata.org/entity/Q28565	P31	Q34770	instance-of
http://www.wikidata.org/entity/Q28568	P31	Q34770	instance-of
http://www.wikidata.org/entity/Q28570	P31	Q34770	instance-of
http://www.wikidata.org/entity/Q2857892	P31	Q34770	instance-of
http://www.wikidata.org/entity/Q2858311	P31	Q34770	instance-of
http://www.wikidata.org/entity/Q285886	P31	Q9143	instance-of
http://www.wikidata.org/entity/Q2859081	P31	Q34770	instance-of
http://www.wikidata.org/entity/Q2859505	P31	Q34770	instance-of
http://www.wikidata.org/entity/Q28602	P31	Q34770	instance-of
http://www.wikidata.org/entity/Q286196	P31	Q9143	instance-of
http://www.wikidata.org/entity/Q2863482	P31	Q34770	instance-of
http://www.wikidata.org/entity/Q2863483	P31	Q34770	instance-of
http://www.wikidata.org/entity/Q2866218	P31	Q34770	instance-of
http://www.wikidata.org/entity/Q28671271	P31	Q34770	instance-of
http://www.wikidata.org/entity/Q2868	P31	Q515	instance-of
http://www.wikidata.org/entity/Q28695	P31	Q3918	instance-of
http://www.wikidata.org/entity/Q2871740	P31	Q34770	instance-of
http://www.wikidata.org/entity/Q2872082	P31	Q34770	instance-of
http://www.wikidata.org/entity/Q28729	P31	Q515	instance-of
http://www.wikidata.org/entity/Q2873211	P31	Q34770	instance-of
http://www.wikidata.org/entity/Q2873230	P31	Q34770	instance-of
http://www.wikidata.org/entity/Q2874642	P31	Q34770	instance-of
http://www.wikidata.org/entity/Q2874650	P31	Q34770	instance-of
http://www.wikidata.org/entity/Q2874658	P31	Q34770	instance-of
http://www.wikidata.org/entity/Q2874670	P31	Q34770	instance-of
http://www.wikidata.org/entity/Q2874710	P31	Q34770	instance-of
http://www.wikidata.org/entity/Q2875	P31	Q11424	instance-of
http://www.wikidata.org/entity/Q2875044	P31	Q34770	instance-of
http://www.wikidata.org/entity/Q2877155	P31	Q9143	instance-of
http://www.wikidata.org/entity/Q2877785	P31	Q34770	instance-of
http://www.wikidata.org/entity/Q2878833	P31	Q34770	instance-of
http://www.wikidata.org/entity/Q2878850	P31	Q34770	instance-of
http://www.wikidata.org/entity/Q2878874	P31	Q34770	instance-of
http://www.wikidata.org/entity/Q2879238	P31	Q34770	instance-of
http://www.wikidata.org/entity/Q2879298	P31	Q34770	instance-of
http://www.wikidata.org/entity/Q2880165	P31	Q34770	instance-of
http://www.wikidata.org/entity/Q2880535	P31	Q34770	instance-of
http://www.wikidata.org/entity/Q2881675	P31	Q34770	instance-of
http://www.wikidata.org/entity/Q2882543	P31	Q34770	instance-of
http://www.wikidata.org/entity/Q2882857	P31	Q34770	instance-of
http://www.wikidata.org/entity/Q2883521	P31	Q34770	instance-of
http://www.wikidata.org/entity/Q2883738	P31	Q34770	instance-of
http://www.wikidata.org/entity/Q2883794	P31	Q34770	instance-of
http://www.wikidata.org/entity/Q2883843	P31	Q34770	instance-of
http://www.wikidata.org/entity/Q2884502	P31	Q34770	instance-of
http://www.wikidata.org/entity/Q2884743	P31	Q34770	instance-of
http://www.wikidata.org/entity/Q2886189	P31	Q34770	instance-of
http://www.wikidata.org/entity/Q2886281	P31	Q34770	instance-of
http://www.wikidata.org/entity/Q2886366	P31	Q34770	instance-of
http://www.wikidata.org/entity/Q2888158	P31	Q34770	instance-of
http://www.wikidata.org/entity/Q2891042	P31	Q34770	instance-of
http://www.wikidata.org/entity/Q2891045	P31	Q34770	instance-of
http://www.wikidata.org/entity/Q2891049	P31	Q34770	instance-of
http://www.wikidata.org/entity/Q2891054	P31	Q34770	instance-of
http://www.wikidata.org/entity/Q28911	P31	Q515	instance-of
http://www.wikidata.org/entity/Q2891902	P31	Q34770	instance-of
http://www.wikidata.org/entity/Q2891938	P31	Q34770	instance-of
http://www.wikidata.org/entity/Q2892068	P31	Q34770	instance-of
http://www.wikidata.org/entity/Q2892477	P31	Q34770	instance-of
http://www.wikidata.org/entity/Q2894198	P31	Q34770	instance-of
http://www.wikidata.org/entity/Q2895638	P31	Q34770	instance-of
http://www.wikidata.org/entity/Q2896217	P31	Q34770	instance-of
http://www.wikidata.org/entity/Q2896850	P31	Q34770	instance-of
http://www.wikidata.org/entity/Q289693	P31	Q515	instance-of
http://www.wikidata.org/entity/Q289816	P31	Q34770	instance-of
http://www.wikidata.org/entity/Q289832	P31	Q34770	instance-of
http://www.wikidata.org/entity/Q2899128	P31	Q34770	instance-of
http://www.wikidata.org/entity/Q29	P31	Q6256	instance-of
http://www.wikidata.org/entity/Q2900	P31	Q515	instance-of
http://www.wikidata.org/entity/Q2900881	P31	Q34770	instance-of
http://www.wikidata.org/entity/Q2902029	P31	Q34770	instance-of
http://www.wikidata.org/entity/Q2902304	P31	Q34770	instance-of
http://www.wikidata.org/entity/Q2902375	P31	Q34770	instance-of
http://www.wikidata.org/entity/Q2902626	P31	Q34770	instance-of
http://www.wikidata.org/entity/Q2903780	P31	Q34770	instance-of
http://www.wikidata.org/entity/Q2903788	P31	Q34770	instance-of
http://www.wikidata.org/entity/Q29042	P31	Q515	instance-of
http://www.wikidata.org/entity/Q2904312	P31	Q34770	instance-of
http://www.wikidata.org/entity/Q2904383	P31	Q34770	instance-of
http://www.wikidata.org/entity/Q2904868	P31	Q34770	instance-of
http://www.wikidata.org/entity/Q2905245	P31	Q34770	instance-of
http://www.wikidata.org/entity/Q2907	P31	Q515	instance-of
http://www.wikidata.org/entity/Q2907551	P31	Q34770	instance-of
http://www.wikidata.org/entity/Q2908807	P31	Q34770	instance-of
http://www.wikidata.org/entity/Q2909984	P31	Q34770	instance-of
http://www.wikidata.org/entity/Q2910053	P31	Q34770	instance-of
http://www.wikidata.org/entity/Q2910067	P31	Q34770	instance-of
http://www.wikidata.org/entity/Q2910610	P31	Q34770	instance-of
http://www.wikidata.org/entity/Q2912846	P31	Q34770	instance-of
http://www.wikidata.org/entity/Q2919128	P31	Q34770	instance-of
http://www.wikidata.org/entity/Q292068	P31	Q9143	instance-of
http://www.wikidata.org/entity/Q2922261	P31	Q34770	instance-of
http://www.wikidata.org/entity/Q2927370	P31	Q34770	instance-of
http://www.wikidata.org/entity/Q29277	P31	Q34770	instance-of
http://www.wikidata.org/entity/Q2927723	P31	Q34770	instance-of
http://www.wikidata.org/entity/Q2927799	P31	Q34770	instance-of
http://www.wikidata.org/entity/Q2927952	P31	Q34770	instance-of
http://www.wikidata.org/entity/Q2928207	P31	Q34770	instance-of
http://www.wikidata.org/entity/Q2928261	P31	Q34770	instance-of
http://www.wikidata.org/entity/Q2928278	P31	Q34770	instance-of
http://www.wikidata.org/entity/Q2928522	P31	Q34770	instance-of
http://www.wikidata.org/entity/Q2928650	P31	Q34770	instance-of
http://www.wikidata.org/entity/Q2928942	P31	Q34770	instance-of
http://www.wikidata.org/entity/Q2929025	P31	Q34770	instance-of
http://www.wikidata.org/entity/Q2929111	P31	Q34770	instance-of
http://www.wikidata.org/entity/Q29292	P31	Q34770	instance-of
http://www.wikidata.org/entity/Q29303	P31	Q515	instance-of
http://www.wikidata.org/entity/Q29316	P31	Q34770	instance-of
http://www.wikidata.org/entity/Q2932212	P31	Q34770	instance-of
http://www.wikidata.org/entity/Q2932485	P31	Q34770	instance-of
http://www.wikidata.org/entity/Q2932604	P31	Q34770	instance-of
http://www.wikidata.org/entity/Q2933	P31	Q515	instance-of
http://www.wikidata.org/entity/Q2933175	P31	Q34770	instance-of
http://www.wikidata.org/entity/Q29347	P31	Q34770	instance-of
http://www.wikidata.org/entity/Q2936334	P31	Q34770	instance-of
http://www.wikidata.org/entity/Q2936374	P31	Q34770	instance-of
http://www.wikidata.org/entity/Q2936935	P31	Q34770	instance-of
http://www.wikidata.org/entity/Q2937196	P31	Q34770	instance-of
http://www.wikidata.org/entity/Q2937753	P31	Q34770	instance-of
http://www.wikidata.org/entity/Q29440	P31	Q34770	instance-of
http://www.wikidata.org/entity/Q2944443	P31	Q34770	instance-of
http://www.wikidata.org/entity/Q2945610	P31	Q34770	instance-of
http://www.wikidata.org/entity/Q2947313	P31	Q34770	instance-of
http://www.wikidata.org/entity/Q29474	P31	Q34770	instance-of
http://www.wikidata.org/entity/Q2948019	P31	Q34770	instance-of
http://www.wikidata.org/entity/Q29490	P31	Q34770	instance-of
http://www.wikidata.org/entity/Q295232	P31	Q9143	instance-of
http://www.wikidata.org/entity/Q29540	P31	Q34770	instance-of
http://www.wikidata.org/entity/Q29579	P31	Q34770	instance-of
http://www.wikidata.org/entity/Q2961735	P31	Q34770	instance-of
http://www.wikidata.org/entity/Q2962074	P31	Q34770	instance-of
http://www.wikidata.org/entity/Q2962165	P31	Q34770	instance-of
http://www.wikidata.org/entity/Q2963680	P31	Q34770	instance-of
http://www.wikidata.org/entity/Q2963735	P31	Q34770	instance-of
http://www.wikidata.org/entity/Q2963909	P31	Q34770	instance-of
http://www.wikidata.org/entity/Q2963912	P31	Q34770	instance-of
http://www.wikidata.org/entity/Q2964008	P31	Q34770	instance-of
http://www.wikidata.org/entity/Q2964262	P31	Q34770	instance-of
http://www.wikidata.org/entity/Q2964447	P31	Q34770	instance-of
http://www.wikidata.org/entity/Q2964450	P31	Q34770	instance-of
http://www.wikidata.org/entity/Q2964454	P31	Q34770	instance-of
http://www.wikidata.org/entity/Q2964457	P31	Q34770	instance-of
http://www.wikidata.org/entity/Q2964521	P31	Q34770	instance-of
http://www.wikidata.org/entity/Q2964623	P31	Q34770	instance-of
http://www.wikidata.org/entity/Q2967321	P31	Q34770	instance-of
http://www.wikidata.org/entity/Q2967621	P31	Q34770	instance-of
http://www.wikidata.org/entity/Q2967636	P31	Q34770	instance-of
http://www.wikidata.org/entity/Q2967638	P31	Q34770	instance-of
http://www.wikidata.org/entity/Q2967709	P31	Q34770	instance-of
http://www.wikidata.org/entity/Q2976736	P31	Q34770	instance-of
http://www.wikidata.org/entity/Q298	P31	Q6256	instance-of
http://www.wikidata.org/entity/Q2980375	P31	Q34770	instance-of
http://www.wikidata.org/entity/Q2980381	P31	Q34770	instance-of
http://www.wikidata.org/entity/Q2980386	P31	Q34770	instance-of
http://www.wikidata.org/entity/Q2980392	P31	Q34770	instance-of
http://www.wikidata.org/entity/Q2980398	P31	Q34770	instance-of
http://www.wikidata.org/entity/Q2980421	P31	Q34770	instance-of
http://www.wikidata.org/entity/Q2981109	P31	Q34770	instance-of
http://www.wikidata.org/entity/Q2981620	P31	Q34770	instance-of
http://www.wikidata.org/entity/Q2981948	P31	Q34770	instance-of
http://www.wikidata.org/entity/Q2982063	P31	Q34770	instance-of
http://www.wikidata.org/entity/Q2982964	P31	Q34770	instance-of
http://www.wikidata.org/entity/Q2984540	P31	Q34770	instance-of
http://www.wikidata.org/entity/Q2984602	P31	Q34770	instance-of
http://www.wikidata.org/entity/Q2988323	P31	Q34770	instance-of
http://www.wikidata.org/entity/Q29888	P31	Q515	instance-of
http://www.wikidata.org/entity/Q29902	P31	Q34770	instance-of
http://www.wikidata.org/entity/Q2991985	P31	Q34770	instance-of
http://www.wikidata.org/entity/Q2992833	P31	Q34770	instance-of
http://www.wikidata.org/entity/Q2992841	P31	Q34770	instance-of
http://www.wikidata.org/entity/Q2992872	P31	Q34770	instance-of
http://www.wikidata.org/entity/Q2992876	P31	Q34770	instance-of
http://www.wikidata.org/entity/Q2992892	P31	Q34770	instance-of
http://www.wikidata.org/entity/Q2992906	P31	Q34770	instance-of
http://www.wikidata.org/entity/Q2992915	P31	Q34770	instance-of
http://www.wikidata.org/entity/Q29930	P31	Q34770	instance-of
http://www.wikidata.org/entity/Q29942	P31	Q34770	instance-of
http://www.wikidata.org/entity/Q29962	P31	Q515	instance-of
http://www.wikidata.org/entity/Q2996970	P31	Q34770	instance-of
http://www.wikidata.org/entity/Q2999	P31	Q515	instance-of
http://www.wikidata.org/entity/Q29999	P31	Q6256	instance-of
http://www.wikidata.org/entity/Q30	P31	Q6256	instance-of
http://www.wikidata.org/entity/Q30002	P31	Q515	instance-of
http://www.wikidata.org/entity/Q30004	P31	Q34770	instance-of
http://www.wikidata.org/entity/Q3001	P31	Q515	instance-of
http://www.wikidata.org/entity/Q3001877	P31	Q34770	instance-of
http://www.wikidata.org/entity/Q300447	P31	Q482994	instance-of
http://www.wikidata.org/entity/Q300577	P31	Q515	instance-of
http://www.wikidata.org/entity/Q3006280	P31	Q34770	instance-of
http://www.wikidata.org/entity/Q3006281	P31	Q34770	instance-of
http://www.wikidata.org/entity/Q3006285	P31	Q34770	instance-of
http://www.wikidata.org/entity/Q3006705	P31	Q34770	instance-of
http://www.wikidata.org/entity/Q300867	P31	Q9143	instance-of
http://www.wikidata.org/entity/Q300897	P31	Q9143	instance-of
http://www.wikidata.org/entity/Q3009690	P31	Q34770	instance-of
http://www.wikidata.org/entity/Q301116	P31	Q34770	instance-of
http://www.wikidata.org/entity/Q3012	P31	Q515	instance-of
http://www.wikidata.org/entity/Q30125	P31	Q34770	instance-of
http://www.wikidata.org/entity/Q3012604	P31	Q34770	instance-of
http://www.wikidata.org/entity/Q30130163	P31	Q34770	instance-of
http://www.wikidata.org/entity/Q3015523	P31	Q34770	instance-of
http://www.wikidata.org/entity/Q3016310	P31	Q34770	instance-of
http://www.wikidata.org/entity/Q30226846	P31	Q34770	instance-of
http://www.wikidata.org/entity/Q30227112	P31	Q34770	instance-of
http://www.wikidata.org/entity/Q30249597	P31	Q34770	instance-of
http://www.wikidata.org/entity/Q3025610	P31	Q34770	instance-of
http://www.wikidata.org/entity/Q3026110	P31	Q34770	instance-of
http://www.wikidata.org/entity/Q302745	P31	Q515	instance-of
http://www.wikidata.org/entity/Q3027471	P31	Q34770	instance-of
http://www.wikidata.org/entity/Q3027474	P31	Q34770	instance-of
http://www.wikidata.org/entity/Q3027879	P31	Q34770	instance-of
http://www.wikidata.org/entity/Q3027894	P31	Q34770	instance-of
http://www.wikidata.org/entity/Q3027909	P31	Q34770	instance-of
http://www.wikidata.org/entity/Q3027918	P31	Q34770	instance-of
http://www.wikidata.org/entity/Q3027923	P31	Q34770	instance-of
http://www.wikidata.org/entity/Q3027928	P31	Q34770	instance-of
http://www.wikidata.org/entity/Q3027930	P31	Q34770	instance-of
http://www.wikidata.org/entity/Q3027940	P31	Q34770	instance-of
http://www.wikidata.org/entity/Q3027953	P31	Q34770	instance-of
http://www.wikidata.org/entity/Q3028668	P31	Q34770	instance-of
http://www.wikidata.org/entity/Q3029682	P31	Q34770	instance-of
http://www.wikidata.org/entity/Q3029805	P31	Q34770	instance-of
http://www.wikidata.org/entity/Q30301408	P31	Q34770	instance-of
http://www.wikidata.org/entity/Q3030315	P31	Q34770	instance-of
http://www.wikidata.org/entity/Q30304266	P31	Q34770	instance-of
http://www.wikidata.org/entity/Q30304280	P31	Q34770	instance-of
http://www.wikidata.org/entity/Q30304295	P31	Q34770	instance-of
http://www.wikidata.org/entity/Q30304404	P31	Q34770	instance-of
http://www.wikidata.org/entity/Q30304527	P31	Q34770	instance-of
http://www.wikidata.org/entity/Q30304565	P31	Q34770	instance-of
http://www.wikidata.org/entity/Q30304639	P31	Q34770	instance-of
http://www.wikidata.org/entity/Q30312065	P31	Q34770	instance-of
http://www.wikidata.org/entity/Q303154	P31	Q34770	instance-of
http://www.wikidata.org/entity/Q30319	P31	Q34770	instance-of
http://www.wikidata.org/entity/Q3032135	P31	Q34770	instance-of
http://www.wikidata.org/entity/Q30334614	P31	Q34770	instance-of
http://www.wikidata.org/entity/Q30334841	P31	Q34770	instance-of
http://www.wikidata.org/entity/Q3033534	P31	Q34770	instance-of
http://www.wikidata.org/entity/Q3033544	P31	Q34770	instance-of
http://www.wikidata.org/entity/Q3033547	P31	Q34770	instance-of
http://www.wikidata.org/entity/Q3033554	P31	Q34770	instance-of
http://www.wikidata.org/entity/Q3033556	P31	Q34770	instance-of
http://www.wikidata.org/entity/Q3033560	P31	Q34770	instance-of
http://www.wikidata.org/entity/Q3033565	P31	Q34770	instance-of
http://www.wikidata.org/entity/Q3033570	P31	Q34770	instance-of
http://www.wikidata.org/entity/Q3033575	P31	Q34770	instance-of
http://www.wikidata.org/entity/Q3033578	P31	Q34770	instance-of
http://www.wikidata.org/entity/Q3033588	P31	Q34770	instance-of
http://www.wikidata.org/entity/Q3033594	P31	Q34770	instance-of
http://www.wikidata.org/entity/Q3033597	P31	Q34770	instance-of
http://www.wikidata.org/entity/Q3033726	P31	Q34770	instance-of
http://www.wikidata.org/entity/Q3033781	P31	Q34770	instance-of
http://www.wikidata.org/entity/Q3037	P31	Q515	instance-of
http://www.wikidata.org/entity/Q3037047	P31	Q34770	instance-of
http://www.wikidata.org/entity/Q3037084	P31	Q34770	instance-of
http://www.wikidata.org/entity/Q3038636	P31	Q34770	instance-of
http://www.wikidata.org/entity/Q3038640	P31	Q34770	instance-of
http://www.wikidata.org/entity/Q3038645	P31	Q34770	instance-of
http://www.wikidata.org/entity/Q3038653	P31	Q34770	instance-of
http://www.wikidata.org/entity/Q3039319	P31	Q34770	instance-of
http://www.wikidata.org/entity/Q3041061	P31	Q34770	instance-of
http://www.wikidata.org/entity/Q3041075	P31	Q34770	instance-of
http://www.wikidata.org/entity/Q3041178	P31	Q34770	instance-of
http://www.wikidata.org/entity/Q3041711	P31	Q34770	instance-of
http://www.wikidata.org/entity/Q3042189	P31	Q34770	instance-of
http://www.wikidata.org/entity/Q3042206	P31	Q34770	instance-of
http://www.wikidata.org/entity/Q3042278	P31	Q34770	instance-of
http://www.wikidata.org/entity/Q3042978	P31	Q34770	instance-of
http://www.wikidata.org/entity/Q3043	P31	Q515	instance-of
http://www.wikidata.org/entity/Q3046889	P31	Q34770	instance-of
http://www.wikidata.org/entity/Q3051961	P31	Q34770	instance-of
http://www.wikidata.org/entity/Q3052039	P31	Q34770	instance-of
http://www.wikidata.org/entity/Q3052041	P31	Q34770	instance-of
http://www.wikidata.org/entity/Q3052042	P31	Q34770	instance-of
http://www.wikidata.org/entity/Q3052971	P31	Q34770	instance-of
http://www.wikidata.org/entity/Q3053275	P31	Q34770	instance-of
http://www.wikidata.org/entity/Q3053279	P31	Q34770	instance-of
http://www.wikidata.org/entity/Q3053283	P31	Q34770	instance-of
http://www.wikidata.org/entity/Q3053288	P31	Q34770	instance-of
http://www.wikidata.org/entity/Q3055682	P31	Q34770	instance-of
http://www.wikidata.org/entity/Q30557234	P31	Q34770	instance-of
http://www.wikidata.org/entity/Q30557634	P31	Q34770	instance-of
http://www.wikidata.org/entity/Q3056045	P31	Q34770	instance-of
http://www.wikidata.org/entity/Q3056339	P31	Q34770	instance-of
http://www.wikidata.org/entity/Q3056813	P31	Q3918	instance-of
http://www.wikidata.org/entity/Q3058083	P31	Q34770	instance-of
http://www.wikidata.org/entity/Q3058192	P31	Q34770	instance-of
http://www.wikidata.org/entity/Q30590120	P31	Q34770	instance-of
http://www.wikidata.org/entity/Q3059362	P31	Q34770	instance-of
http://www.wikidata.org/entity/Q30597440	P31	Q34770	instance-of
http://www.wikidata.org/entity/Q30620	P31	Q515	instance-of
http://www.wikidata.org/entity/Q3062746	P31	Q34770	instance-of
http://www.wikidata.org/entity/Q3062751	P31	Q34770	instance-of
http://www.wikidata.org/entity/Q3063193	P31	Q34770	instance-of
http://www.wikidata.org/entity/Q3063517	P31	Q34770	instance-of
http://www.wikidata.org/entity/Q3063524	P31	Q34770	instance-of
http://www.wikidata.org/entity/Q3063531	P31	Q34770	instance-of
http://www.wikidata.org/entity/Q3063759	P31	Q34770	instance-of
http://www.wikidata.org/entity/Q3063761	P31	Q34770	instance-of
http://www.wikidata.org/entity/Q3063974	P31	Q34770	instance-of
http://www.wikidata.org/entity/Q3064408	P31	Q34770	instance-of
http://www.wikidata.org/entity/Q3064409	P31	Q34770	instance-of
http://www.wikidata.org/entity/Q306626	P31	Q34770	instance-of
http://www.wikidata.org/entity/Q3067168	P31	Q34770	instance-of
http://www.wikidata.org/entity/Q3068282	P31	Q9143	instance-of
http://www.wikidata.org/entity/Q3070	P31	Q515	instance-of
http://www.wikidata.org/entity/Q3070307	P31	Q34770	instance-of
http://www.wikidata.org/entity/Q307065	P31	Q3918	instance-of
http://www.wikidata.org/entity/Q3070731	P31	Q34770	instance-of
http://www.wikidata.org/entity/Q3071880	P31	Q34770	instance-of
http://www.wikidata.org/entity/Q3073436	P31	Q34770	instance-of
http://www.wikidata.org/entity/Q3073441	P31	Q34770	instance-of
http://www.wikidata.org/entity/Q3073448	P31	Q34770	instance-of
http://www.wikidata.org/entity/Q3073453	P31	Q34770	instance-of
http://www.wikidata.org/entity/Q3073458	P31	Q34770	instance-of
http://www.wikidata.org/entity/Q3073465	P31	Q34770	instance-of
http://www.wikidata.org/entity/Q3073472	P31	Q34770	instance-of
http://www.wikidata.org/entity/Q3073532	P31	Q34770	instance-of
http://www.wikidata.org/entity/Q3073568	P31	Q34770	instance-of
http://www.wikidata.org/entity/Q30742253	P31	Q34770	instance-of
http://www.wikidata.org/entity/Q3075137	P31	Q34770	instance-of
http://www.wikidata.org/entity/Q3075144	P31	Q34770	instance-of
http://www.wikidata.org/entity/Q3077126	P31	Q34770	instance-of
http://www.wikidata.org/entity/Q30771931	P31	Q34770	instance-of
http://www.wikidata.org/entity/Q30773481	P31	Q34770	instance-of
http://www.wikidata.org/entity/Q30779849	P31	Q34770	instance-of
http://www.wikidata.org/entity/Q307953	P31	Q34770	instance-of
http://www.wikidata.org/entity/Q3081996	P31	Q34770	instance-of
http://www.wikidata.org/entity/Q3082027	P31	Q34770	instance-of
http://www.wikidata.org/entity/Q3082037	P31	Q34770	instance-of
http://www.wikidata.org/entity/Q3083213	P31	Q34770	instance-of
http://www.wikidata.org/entity/Q3086050	P31	Q34770	instance-of
http://www.wikidata.org/entity/Q3088540	P31	Q34770	instance-of
http://www.wikidata.org/entity/Q3089032	P31	Q34770	instance-of
http://www.wikidata.org/entity/Q30897168	P31	Q34770	instance-of
http://www.wikidata.org/entity/Q30898	P31	Q34770	instance-of
http://www.wikidata.org/entity/Q309021	P31	Q482994	instance-of
http://www.wikidata.org/entity/Q3091331	P31	Q34770	instance-of
http://www.wikidata.org/entity/Q309164	P31	Q515	instance-of
http://www.wikidata.org/entity/Q3092284	P31	Q34770	instance-of
http://www.wikidata.org/entity/Q3092293	P31	Q34770	instance-of
http://www.wikidata.org/entity/Q309348	P31	Q515	instance-of
http://www.wikidata.org/entity/Q309355	P31	Q515	instance-of
http://www.wikidata.org/entity/Q309442	P31	Q515	instance-of
http://www.wikidata.org/entity/Q3094570	P31	Q34770	instance-of
http://www.wikidata.org/entity/Q3095108	P31	Q34770	instance-of
http://www.wikidata.org/entity/Q3095228	P31	Q34770	instance-of
http://www.wikidata.org/entity/Q3095245	P31	Q34770	instance-of
http://www.wikidata.org/entity/Q30963	P31	Q515	instance-of
http://www.wikidata.org/entity/Q30970	P31	Q515	instance-of
http://www.wikidata.org/entity/Q30985	P31	Q515	instance-of
http://www.wikidata.org/entity/Q3098656	P31	Q34770	instance-of
http://www.wikidata.org/entity/Q3098708	P31	Q34770	instance-of
http://www.wikidata.org/entity/Q30990	P31	Q515	instance-of
http://www.wikidata.org/entity/Q30994	P31	Q515	instance-of
http://www.wikidata.org/entity/Q30996	P31	Q515	instance-of
http://www.wikidata.org/entity/Q3099986	P31	Q34770	instance-of
http://www.wikidata.org/entity/Q31	P31	Q6256	instance-of
http://www.wikidata.org/entity/Q3100032	P31	Q34770	instance-of
http://www.wikidata.org/entity/Q3100264	P31	Q34770	instance-of
http://www.wikidata.org/entity/Q3100425	P31	Q34770	instance-of
http://www.wikidata.org/entity/Q3100814	P31	Q34770	instance-of
http://www.wikidata.org/entity/Q310117	P31	Q515	instance-of
http://www.wikidata.org/entity/Q3101212	P31	Q34770	instance-of
http://www.wikidata.org/entity/Q31031407	P31	Q34770	instance-of
http://www.wikidata.org/entity/Q3104772	P31	Q34770	instance-of
http://www.wikidata.org/entity/Q3104782	P31	Q34770	instance-of
http://www.wikidata.org/entity/Q3105505	P31	Q34770	instance-of
http://www.wikidata.org/entity/Q3107095	P31	Q3918	instance-of
http://www.wikidata.org/entity/Q3107399	P31	Q34770	instance-of
http://www.wikidata.org/entity/Q3107606	P31	Q34770	instance-of
http://www.wikidata.org/entity/Q3107862	P31	Q34770	instance-of
http://www.wikidata.org/entity/Q3107865	P31	Q34770	instance-of
http://www.wikidata.org/entity/Q310842	P31	Q3918	instance-of
http://www.wikidata.org/entity/Q310893	P31	Q515	instance-of
http://www.wikidata.org/entity/Q31091048	P31	Q34770	instance-of
http://www.wikidata.org/entity/Q3110291	P31	Q34770	instance-of
http://www.wikidata.org/entity/Q31104570	P31	Q34770	instance-of
http://www.wikidata.org/entity/Q3110470	P31	Q34770	instance-of
http://www.wikidata.org/entity/Q31107	P31	Q34770	instance-of
http://www.wikidata.org/entity/Q3110816	P31	Q34770	instance-of
http://www.wikidata.org/entity/Q3110877	P31	Q34770	instance-of
http://www.wikidata.org/entity/Q311099	P31	Q515	instance-of
http://www.wikidata.org/entity/Q3111396	P31	Q34770	instance-of
http://www.wikidata.org/entity/Q3111838	P31	Q34770	instance-of
http://www.wikidata.org/entity/Q3111847	P31	Q34770	instance-of
http://www.wikidata.org/entity/Q3111857	P31	Q34770	instance-of
http://www.wikidata.org/entity/Q3111869	P31	Q34770	instance-of
http://www.wikidata.org/entity/Q3111873	P31	Q34770	instance-of
http://www.wikidata.org/entity/Q3111883	P31	Q34770	instance-of
http://www.wikidata.org/entity/Q3111983	P31	Q34770	instance-of
http://www.wikidata.org/entity/Q3112184	P31	Q34770	instance-of
http://www.wikidata.org/entity/Q3112363	P31	Q34770	instance-of
http://www.wikidata.org/entity/Q3112388	P31	Q34770	instance-of
http://www.wikidata.org/entity/Q311321	P31	Q515	instance-of
http://www.wikidata.org/entity/Q3113756	P31	Q34770	instance-of
http://www.wikidata.org/entity/Q3114	P31	Q515	instance-of
http://www.wikidata.org/entity/Q3114402	P31	Q34770	instance-of
http://www.wikidata.org/entity/Q31147471	P31	Q34770	instance-of
http://www.wikidata.org/entity/Q31172660	P31	Q34770	instance-of
http://www.wikidata.org/entity/Q3118702	P31	Q34770	instance-of
http://www.wikidata.org/entity/Q3118757	P31	Q34770	instance-of
http://www.wikidata.org/entity/Q3118779	P31	Q34770	instance-of
http://www.wikidata.org/entity/Q311946	P31	Q515	instance-of
http://www.wikidata.org/entity/Q3119695	P31	Q34770	instance-of
http://www.wikidata.org/entity/Q31202516	P31	Q34770	instance-of
http://www.wikidata.org/entity/Q31202518	P31	Q34770	instance-of
http://www.wikidata.org/entity/Q31202520	P31	Q34770	instance-of
http://www.wikidata.org/entity/Q31202529	P31	Q34770	instance-of
http://www.wikidata.org/entity/Q31202530	P31	Q34770	instance-of
http://www.wikidata.org/entity/Q3120345	P31	Q34770	instance-of
http://www.wikidata.org/entity/Q31203884	P31	Q34770	instance-of
http://www.wikidata.org/entity/Q31203905	P31	Q34770	instance-of
http://www.wikidata.org/entity/Q3120647	P31	Q34770	instance-of
http://www.wikidata.org/entity/Q3120733	P31	Q34770	instance-of
http://www.wikidata.org/entity/Q3120736	P31	Q34770	instance-of
http://www.wikidata.org/entity/Q3120761	P31	Q34770	instance-of
http://www.wikidata.org/entity/Q3120791	P31	Q34770	instance-of
http://www.wikidata.org/entity/Q3120935	P31	Q34770	instance-of
http://www.wikidata.org/entity/Q3120966	P31	Q515	instance-of
http://www.wikidata.org/entity/Q3121032	P31	Q34770	instance-of
http://www.wikidata.org/entity/Q3121035	P31	Q34770	instance-of
http://www.wikidata.org/entity/Q3121040	P31	Q34770	instance-of
http://www.wikidata.org/entity/Q3121045	P31	Q34770	instance-of
http://www.wikidata.org/entity/Q3121049	P31	Q34770	instance-of
http://www.wikidata.org/entity/Q3121063	P31	Q34770	instance-of
http://www.wikidata.org/entity/Q3121068	P31	Q34770	instance-of
http://www.wikidata.org/entity/Q3121073	P31	Q34770	instance-of
http://www.wikidata.org/entity/Q3121081	P31	Q34770	instance-of
http://www.wikidata.org/entity/Q3121835	P31	Q34770	instance-of
http://www.wikidata.org/entity/Q3123275	P31	Q34770	instance-of
http://www.wikidata.org/entity/Q3123524	P31	Q34770	instance-of
http://www.wikidata.org/entity/Q3123545	P31	Q34770	instance-of
http://www.wikidata.org/entity/Q3123566	P31	Q34770	instance-of
http://www.wikidata.org/entity/Q3124354	P31	Q34770	instance-of
http://www.wikidata.org/entity/Q3125121	P31	Q34770	instance-of
http://www.wikidata.org/entity/Q3125730	P31	Q34770	instance-of
http://www.wikidata.org/entity/Q3125871	P31	Q34770	instance-of
http://www.wikidata.org/entity/Q3125959	P31	Q34770	instance-of
http://www.wikidata.org/entity/Q3126783	P31	Q34770	instance-of
http://www.wikidata.org/entity/Q312723	P31	Q515	instance-of
http://www.wikidata.org/entity/Q3127568	P31	Q34770	instance-of
http://www.wikidata.org/entity/Q312759	P31	Q515	instance-of
http://www.wikidata.org/entity/Q3128376	P31	Q34770	instance-of
http://www.wikidata.org/entity/Q31295480	P31	Q34770	instance-of
http://www.wikidata.org/entity/Q3130	P31	Q515	instance-of
http://www.wikidata.org/entity/Q3130221	P31	Q34770	instance-of
http://www.wikidata.org/entity/Q3130286	P31	Q34770	instance-of
http://www.wikidata.org/entity/Q3130290	P31	Q34770	instance-of
http://www.wikidata.org/entity/Q3130296	P31	Q34770	instance-of
http://www.wikidata.org/entity/Q3130301	P31	Q34770	instance-of
http://www.wikidata.org/entity/Q3130374	P31	Q34770	instance-of
http://www.wikidata.org/entity/Q3130514	P31	Q34770	instance-of
http://www.wikidata.org/entity/Q3130911	P31	Q34770	instance-of
http://www.wikidata.org/entity/Q3133606	P31	Q3918	instance-of
http://www.wikidata.org/entity/Q3134240	P31	Q34770	instance-of
http://www.wikidata.org/entity/Q3135164	P31	Q34770	instance-of
http://www.wikidata.org/entity/Q3135234	P31	Q34770	instance-of
http://www.wikidata.org/entity/Q3135421	P31	Q34770	instance-of
http://www.wikidata.org/entity/Q3135426	P31	Q34770	instance-of
http://www.wikidata.org/entity/Q3135432	P31	Q34770	instance-of
http://www.wikidata.org/entity/Q3138	P31	Q515	instance-of
http://www.wikidata.org/entity/Q3138713	P31	Q34770	instance-of
http://www.wikidata.org/entity/Q3138831	P31	Q34770	instance-of
http://www.wikidata.org/entity/Q3138832	P31	Q34770	instance-of
http://www.wikidata.org/entity/Q3138887	P31	Q34770	instance-of
http://www.wikidata.org/entity/Q3139484	P31	Q34770	instance-of
http://www.wikidata.org/entity/Q3140491	P31	Q34770	instance-of
http://www.wikidata.org/entity/Q3141	P31	Q515	instance-of
http://www.wikidata.org/entity/Q3141783	P31	Q34770	instance-of
http://www.wikidata.org/entity/Q3141869	P31	Q34770	instance-of
http://www.wikidata.org/entity/Q3142164	P31	Q34770	instance-of
http://www.wikidata.org/entity/Q3142988	P31	Q34770	instance-of
http://www.wikidata.org/entity/Q3143384	P31	Q34770	instance-of
http://www.wikidata.org/entity/Q314536	P31	Q3918	instance-of
http://www.wikidata.org/entity/Q3147383	P31	Q34770	instance-of
http://www.wikidata.org/entity/Q3148190	P31	Q34770	instance-of
http://www.wikidata.org/entity/Q3148787	P31	Q34770	instance-of
http://www.wikidata.org/entity/Q31493	P31	Q515	instance-of
http://www.wikidata.org/entity/Q3150912	P31	Q34770	instance-of
http://www.wikidata.org/entity/Q31519	P31	Q3918	instance-of
http://www.wikidata.org/entity/Q31519	P31	Q43229	instance-of
http://www.wikidata.org/entity/Q3153972	P31	Q34770	instance-of
http://www.wikidata.org/entity/Q3156306	P31	Q34770	instance-of
http://www.wikidata.org/entity/Q3156391	P31	Q34770	instance-of
http://www.wikidata.org/entity/Q31565	P31	Q515	instance-of
http://www.wikidata.org/entity/Q315658	P31	Q3918	instance-of
http://www.wikidata.org/entity/Q31572	P31	Q515	instance-of
http://www.wikidata.org/entity/Q31610	P31	Q515	instance-of
http://www.wikidata.org/entity/Q3162245	P31	Q34770	instance-of
http://www.wikidata.org/entity/Q3162806	P31	Q34770	instance-of
http://www.wikidata.org/entity/Q3163200	P31	Q34770	instance-of
http://www.wikidata.org/entity/Q317145	P31	Q515	instance-of
http://www.wikidata.org/entity/Q31722921	P31	Q34770	instance-of
http://www.wikidata.org/entity/Q31745045	P31	Q34770	instance-of
http://www.wikidata.org/entity/Q317636	P31	Q34770	instance-of
http://www.wikidata.org/entity/Q317642	P31	Q34770	instance-of
http://www.wikidata.org/entity/Q31777873	P31	Q34770	instance-of
http://www.wikidata.org/entity/Q3178570	P31	Q34770	instance-of
http://www.wikidata.org/entity/Q3178609	P31	Q34770	instance-of
http://www.wikidata.org/entity/Q3178610	P31	Q34770	instance-of
http://www.wikidata.org/entity/Q31805	P31	Q515	instance-of
http://www.wikidata.org/entity/Q3181238	P31	Q34770	instance-of
http://www.wikidata.org/entity/Q318156	P31	Q515	instance-of
http://www.wikidata.org/entity/Q31819036	P31	Q34770	instance-of
http://www.wikidata.org/entity/Q318245	P31	Q515	instance-of
http://www.wikidata.org/entity/Q3182551	P31	Q34770	instance-of
http://www.wikidata.org/entity/Q3182557	P31	Q34770	instance-of
http://www.wikidata.org/entity/Q3182562	P31	Q34770	instance-of
http://www.wikidata.org/entity/Q3182567	P31	Q34770	instance-of
http://www.wikidata.org/entity/Q3182570	P31	Q34770	instance-of
http://www.wikidata.org/entity/Q3182573	P31	Q34770	instance-of
http://www.wikidata.org/entity/Q3182577	P31	Q34770	instance-of
http://www.wikidata.org/entity/Q3182581	P31	Q34770	instance-of
http://www.wikidata.org/entity/Q3182585	P31	Q34770	instance-of
http://www.wikidata.org/entity/Q3182593	P31	Q34770	instance-of
http://www.wikidata.org/entity/Q3183	P31	Q515	instance-of
http://www.wikidata.org/entity/Q3183349	P31	Q34770	instance-of
http://www.wikidata.org/entity/Q3183355	P31	Q34770	instance-of
http://www.wikidata.org/entity/Q3183382	P31	Q34770	instance-of
http://www.wikidata.org/entity/Q318418	P31	Q515	instance-of
http://www.wikidata.org/entity/Q3191906	P31	Q34770	instance-of
http://www.wikidata.org/entity/Q3192052	P31	Q34770	instance-of
http://www.wikidata.org/entity/Q3192120	P31	Q34770	instance-of
http://www.wikidata.org/entity/Q3192121	P31	Q34770	instance-of
http://www.wikidata.org/entity/Q3192219	P31	Q34770	instance-of
http://www.wikidata.org/entity/Q3192220	P31	Q34770	instance-of
http://www.wikidata.org/entity/Q3192221	P31	Q34770	instance-of
http://www.wikidata.org/entity/Q3192316	P31	Q34770	instance-of
http://www.wikidata.org/entity/Q3192336	P31	Q34770	instance-of
http://www.wikidata.org/entity/Q3192339	P31	Q34770	instance-of
http://www.wikidata.org/entity/Q3192590	P31	Q34770	instance-of
http://www.wikidata.org/entity/Q319268	P31	Q9143	instance-of
http://www.wikidata.org/entity/Q3192697	P31	Q34770	instance-of
http://www.wikidata.org/entity/Q3192799	P31	Q34770	instance-of
http://www.wikidata.org/entity/Q3192889	P31	Q34770	instance-of
http://www.wikidata.org/entity/Q3192947	P31	Q34770	instance-of
http://www.wikidata.org/entity/Q3192950	P31	Q34770	instance-of
http://www.wikidata.org/entity/Q3193345	P31	Q34770	instance-of
http://www.wikidata.org/entity/Q319366	P31	Q515	instance-of
http://www.wikidata.org/entity/Q3193689	P31	Q34770	instance-of
http://www.wikidata.org/entity/Q3193895	P31	Q34770	instance-of
http://www.wikidata.org/entity/Q3194265	P31	Q34770	instance-of
http://www.wikidata.org/entity/Q3194294	P31	Q34770	instance-of
http://www.wikidata.org/entity/Q319476	P31	Q515	instance-of
http://www.wikidata.org/entity/Q3194847	P31	Q34770	instance-of
http://www.wikidata.org/entity/Q3194984	P31	Q34770	instance-of
http://www.wikidata.org/entity/Q3195346	P31	Q34770	instance-of
http://www.wikidata.org/entity/Q3195366	P31	Q34770	instance-of
http://www.wikidata.org/entity/Q3195442	P31	Q34770	instance-of
http://www.wikidata.org/entity/Q3195598	P31	Q34770	instance-of
http://www.wikidata.org/entity/Q3196052	P31	Q34770	instance-of
http://www.wikidata.org/entity/Q3196077	P31	Q34770	instance-of
http://www.wikidata.org/entity/Q3196124	P31	Q34770	instance-of
http://www.wikidata.org/entity/Q3196221	P31	Q34770	instance-of
http://www.wikidata.org/entity/Q3196320	P31	Q34770	instance-of
http://www.wikidata.org/entity/Q3196527	P31	Q34770	instance-of
http://www.wikidata.org/entity/Q3196559	P31	Q34770	instance-of
http://www.wikidata.org/entity/Q3196589	P31	Q34770	instance-of
http://www.wikidata.org/entity/Q3196601	P31	Q34770	instance-of
http://www.wikidata.org/entity/Q3196845	P31	Q34770	instance-of
http://www.wikidata.org/entity/Q3196953	P31	Q34770	instance-of
http://www.wikidata.org/entity/Q319729	P31	Q515	instance-of
http://www.wikidata.org/entity/Q3197441	P31	Q34770	instance-of
http://www.wikidata.org/entity/Q3197533	P31	Q34770	instance-of
http://www.wikidata.org/entity/Q3197558	P31	Q34770	instance-of
http://www.wikidata.org/entity/Q319813	P31	Q515	instance-of
http://www.wikidata.org/entity/Q3198209	P31	Q34770	instance-of
http://www.wikidata.org/entity/Q3198286	P31	Q34770	instance-of
http://www.wikidata.org/entity/Q3198399	P31	Q34770	instance-of
http://www.wikidata.org/entity/Q3198565	P31	Q34770	instance-of
http://www.wikidata.org/entity/Q3198688	P31	Q34770	instance-of
http://www.wikidata.org/entity/Q3198689	P31	Q34770	instance-of
http://www.wikidata.org/entity/Q3198700	P31	Q34770	instance-of
http://www.wikidata.org/entity/Q3198703	P31	Q34770	instance-of
http://www.wikidata.org/entity/Q3198732	P31	Q34770	instance-of
http://www.wikidata.org/entity/Q3198734	P31	Q34770	instance-of
http://www.wikidata.org/entity/Q3198896	P31	Q34770	instance-of
http://www.wikidata.org/entity/Q3198924	P31	Q34770	instance-of
http://www.wikidata.org/entity/Q3198994	P31	Q34770	instance-of
http://www.wikidata.org/entity/Q3198995	P31	Q34770	instance-of
http://www.wikidata.org/entity/Q3199000	P31	Q34770	instance-of
http://www.wikidata.org/entity/Q3199022	P31	Q34770	instance-of
http://www.wikidata.org/entity/Q3199353	P31	Q34770	instance-of
http://www.wikidata.org/entity/Q3199402	P31	Q34770	instance-of
http://www.wikidata.org/entity/Q3199549	P31	Q34770	instance-of
http://www.wikidata.org/entity/Q3199593	P31	Q34770	instance-of
http://www.wikidata.org/entity/Q3199686	P31	Q34770	instance-of
http://www.wikidata.org/entity/Q3199710	P31	Q34770	instance-of
http://www.wikidata.org/entity/Q32	P31	Q6256	instance-of
http://www.wikidata.org/entity/Q3200300	P31	Q34770	instance-of
http://www.wikidata.org/entity/Q3200326	P31	Q34770	instance-of
http://www.wikidata.org/entity/Q32004246	P31	Q34770	instance-of
http://www.wikidata.org/entity/Q3200468	P31	Q34770	instance-of
http://www.wikidata.org/entity/Q3200540	P31	Q34770	instance-of
http://www.wikidata.org/entity/Q3200615	P31	Q34770	instance-of
http://www.wikidata.org/entity/Q3200624	P31	Q34770	instance-of
http://www.wikidata.org/entity/Q3200633	P31	Q34770	instance-of
http://www.wikidata.org/entity/Q3200638	P31	Q34770	instance-of
http://www.wikidata.org/entity/Q3200730	P31	Q34770	instance-of
http://www.wikidata.org/entity/Q32007790	P31	Q34770	instance-of
http://www.wikidata.org/entity/Q3200796	P31	Q34770	instance-of
http://www.wikidata.org/entity/Q3200806	P31	Q34770	instance-of
http://www.wikidata.org/entity/Q3200829	P31	Q34770	instance-of
http://www.wikidata.org/entity/Q3200839	P31	Q34770	instance-of
http://www.wikidata.org/entity/Q3200846	P31	Q34770	instance-of
http://www.wikidata.org/entity/Q3201059	P31	Q34770	instance-of
http://www.wikidata.org/entity/Q3201342	P31	Q34770	instance-of
http://www.wikidata.org/entity/Q32041490	P31	Q34770	instance-of
http://www.wikidata.org/entity/Q320519	P31	Q515	instance-of
http://www.wikidata.org/entity/Q320704	P31	Q515	instance-of
http://www.wikidata.org/entity/Q320792	P31	Q515	instance-of
http://www.wikidata.org/entity/Q32110	P31	Q9143	instance-of
http://www.wikidata.org/entity/Q3211090	P31	Q34770	instance-of
http://www.wikidata.org/entity/Q321279	P31	Q515	instance-of
http://www.wikidata.org/entity/Q3214	P31	Q515	instance-of
http://www.wikidata.org/entity/Q3214296	P31	Q34770	instance-of
http://www.wikidata.org/entity/Q321475	P31	Q515	instance-of
http://www.wikidata.org/entity/Q3216169	P31	Q34770	instance-of
http://www.wikidata.org/entity/Q3216471	P31	Q34770	instance-of
http://www.wikidata.org/entity/Q3216494	P31	Q34770	instance-of
http://www.wikidata.org/entity/Q3216723	P31	Q34770	instance-of
http://www.wikidata.org/entity/Q3217305	P31	Q34770	instance-of
http://www.wikidata.org/entity/Q3217458	P31	Q34770	instance-of
http://www.wikidata.org/entity/Q3217470	P31	Q34770	instance-of
http://www.wikidata.org/entity/Q3217488	P31	Q34770	instance-of
http://www.wikidata.org/entity/Q3217892	P31	Q34770	instance-of
http://www.wikidata.org/entity/Q3217917	P31	Q34770	instance-of
http://www.wikidata.org/entity/Q3217929	P31	Q34770	instance-of
http://www.wikidata.org/entity/Q3218296	P31	Q34770	instance-of
http://www.wikidata.org/entity/Q3218574	P31	Q34770	instance-of
http://www.wikidata.org/entity/Q3219799	P31	Q34770	instance-of
http://www.wikidata.org/entity/Q3219937	P31	Q34770	instance-of
http://www.wikidata.org/entity/Q322149	P31	Q515	instance-of
http://www.wikidata.org/entity/Q322155	P31	Q515	instance-of
http://www.wikidata.org/entity/Q32238	P31	Q34770	instance-of
http://www.wikidata.org/entity/Q32260	P31	Q34770	instance-of
http://www.wikidata.org/entity/Q322828	P31	Q515	instance-of
http://www.wikidata.org/entity/Q3229119	P31	Q34770	instance-of
http://www.wikidata.org/entity/Q3229216	P31	Q34770	instance-of
http://www.wikidata.org/entity/Q3229263	P31	Q34770	instance-of
http://www.wikidata.org/entity/Q3229269	P31	Q34770	instance-of
http://www.wikidata.org/entity/Q3229273	P31	Q34770	instance-of
http://www.wikidata.org/entity/Q3229429	P31	Q34770	instance-of
http://www.wikidata.org/entity/Q3229434	P31	Q34770	instance-of
http://www.wikidata.org/entity/Q3229454	P31	Q34770	instance-of
http://www.wikidata.org/entity/Q3229472	P31	Q34770	instance-of
http://www.wikidata.org/entity/Q322964	P31	Q3918	instance-of
http://www.wikidata.org/entity/Q322986	P31	Q515	instance-of
http://www.wikidata.org/entity/Q323325	P31	Q34770	instance-of
http://www.wikidata.org/entity/Q3236789	P31	Q34770	instance-of
http://www.wikidata.org/entity/Q3236886	P31	Q34770	instance-of
http://www.wikidata.org/entity/Q3236912	P31	Q34770	instance-of
http://www.wikidata.org/entity/Q3237321	P31	Q34770	instance-of
http://www.wikidata.org/entity/Q3237491	P31	Q34770	instance-of
http://www.wikidata.org/entity/Q323801	P31	Q515	instance-of
http://www.wikidata.org/entity/Q323873	P31	Q515	instance-of
http://www.wikidata.org/entity/Q32389	P31	Q34770	instance-of
http://www.wikidata.org/entity/Q323986	P31	Q515	instance-of
http://www.wikidata.org/entity/Q3240737	P31	Q34770	instance-of
http://www.wikidata.org/entity/Q3241515	P31	Q34770	instance-of
http://www.wikidata.org/entity/Q3241781	P31	Q34770	instance-of
http://www.wikidata.org/entity/Q32430	P31	Q34770	instance-of
http://www.wikidata.org/entity/Q324394	P31	Q515	instance-of
http://www.wikidata.org/entity/Q3244176	P31	Q34770	instance-of
http://www.wikidata.org/entity/Q32480	P31	Q34770	instance-of
http://www.wikidata.org/entity/Q3250286	P31	Q34770	instance-of
http://www.wikidata.org/entity/Q325124	P31	Q515	instance-of
http://www.wikidata.org/entity/Q32571318	P31	Q34770	instance-of
http://www.wikidata.org/entity/Q3257566	P31	Q34770	instance-of
http://www.wikidata.org/entity/Q3258739	P31	Q34770	instance-of
http://www.wikidata.org/entity/Q3258818	P31	Q34770	instance-of
http://www.wikidata.org/entity/Q3259058	P31	Q34770	instance-of
http://www.wikidata.org/entity/Q3259061	P31	Q34770	instance-of
http://www.wikidata.org/entity/Q3259105	P31	Q34770	instance-of
http://www.wikidata.org/entity/Q3259202	P31	Q34770	instance-of
http://www.wikidata.org/entity/Q3259216	P31	Q34770	instance-of
http://www.wikidata.org/entity/Q3259972	P31	Q34770	instance-of
http://www.wikidata.org/entity/Q3260104	P31	Q34770	instance-of
http://www.wikidata.org/entity/Q32611	P31	Q34770	instance-of
http://www.wikidata.org/entity/Q326339	P31	Q515	instance-of
http://www.wikidata.org/entity/Q32641	P31	Q34770	instance-of
http://www.wikidata.org/entity/Q3264685	P31	Q34770	instance-of
http://www.wikidata.org/entity/Q3265143	P31	Q34770	instance-of
http://www.wikidata.org/entity/Q3267590	P31	Q34770	instance-of
http://www.wikidata.org/entity/Q3267788	P31	Q34770	instance-of
http://www.wikidata.org/entity/Q3268098	P31	Q34770	instance-of
http://www.wikidata.org/entity/Q32685	P31	Q34770	instance-of
http://www.wikidata.org/entity/Q32689	P31	Q34770	instance-of
http://www.wikidata.org/entity/Q32706	P31	Q34770	instance-of
http://www.wikidata.org/entity/Q3270727	P31	Q34770	instance-of
http://www.wikidata.org/entity/Q3272124	P31	Q34770	instance-of
http://www.wikidata.org/entity/Q3272620	P31	Q34770	instance-of
http://www.wikidata.org/entity/Q3272630	P31	Q34770	instance-of
http://www.wikidata.org/entity/Q3272737	P31	Q34770	instance-of
http://www.wikidata.org/entity/Q327274	P31	Q34770	instance-of
http://www.wikidata.org/entity/Q3273750	P31	Q34770	instance-of
http://www.wikidata.org/entity/Q3273980	P31	Q34770	instance-of
http://www.wikidata.org/entity/Q3275059	P31	Q34770	instance-of
http://www.wikidata.org/entity/Q3275205	P31	Q34770	instance-of
http://www.wikidata.org/entity/Q32762	P31	Q34770	instance-of
http://www.wikidata.org/entity/Q3276286	P31	Q34770	instance-of
http://www.wikidata.org/entity/Q3276435	P31	Q34770	instance-of
http://www.wikidata.org/entity/Q3277370	P31	Q34770	instance-of
http://www.wikidata.org/entity/Q3278074	P31	Q34770	instance-of
http://www.wikidata.org/entity/Q3278246	P31	Q34770	instance-of
http://www.wikidata.org/entity/Q3279409	P31	Q34770	instance-of
http://www.wikidata.org/entity/Q328030	P31	Q515	instance-of
http://www.wikidata.org/entity/Q3280623	P31	Q34770	instance-of
http://www.wikidata.org/entity/Q3280640	P31	Q34770	instance-of
http://www.wikidata.org/entity/Q3280670	P31	Q34770	instance-of
http://www.wikidata.org/entity/Q3281037	P31	Q34770	instance-of
http://www.wikidata.org/entity/Q3281043	P31	Q34770	instance-of
http://www.wikidata.org/entity/Q3281057	P31	Q34770	instance-of
http://www.wikidata.org/entity/Q3281496	P31	Q34770	instance-of
http://www.wikidata.org/entity/Q3281522	P31	Q34770	instance-of
http://www.wikidata.org/entity/Q328153	P31	Q515	instance-of
http://www.wikidata.org/entity/Q3281884	P31	Q34770	instance-of
http://www.wikidata.org/entity/Q328482	P31	Q482994	instance-of
http://www.wikidata.org/entity/Q3284890	P31	Q34770	instance-of
http://www.wikidata.org/entity/Q3285082	P31	Q34770	instance-of
http://www.wikidata.org/entity/Q328510	P31	Q515	instance-of
http://www.wikidata.org/entity/Q3285424	P31	Q34770	instance-of
http://www.wikidata.org/entity/Q3285426	P31	Q34770	instance-of
http://www.wikidata.org/entity/Q3285432	P31	Q34770	instance-of
http://www.wikidata.org/entity/Q3285748	P31	Q34770	instance-of
http://www.wikidata.org/entity/Q32858	P31	Q34770	instance-of
http://www.wikidata.org/entity/Q32859745	P31	Q34770	instance-of
http://www.wikidata.org/entity/Q3286037	P31	Q34770	instance-of
http://www.wikidata.org/entity/Q32860401	P31	Q34770	instance-of
http://www.wikidata.org/entity/Q32861734	P31	Q34770	instance-of
http://www.wikidata.org/entity/Q32867815	P31	Q34770	instance-of
http://www.wikidata.org/entity/Q3287127	P31	Q34770	instance-of
http://www.wikidata.org/entity/Q3287224	P31	Q34770	instance-of
http://www.wikidata.org/entity/Q32878	P31	Q34770	instance-of
http://www.wikidata.org/entity/Q3289596	P31	Q34770	instance-of
http://www.wikidata.org/entity/Q3291159	P31	Q34770	instance-of
http://www.wikidata.org/entity/Q32915	P31	Q34770	instance-of
http://www.wikidata.org/entity/Q32924	P31	Q34770	instance-of
http://www.wikidata.org/entity/Q32930	P31	Q34770	instance-of
http://www.wikidata.org/entity/Q32932	P31	Q34770	instance-of
http://www.wikidata.org/entity/Q3293280	P31	Q34770	instance-of
http://www.wikidata.org/entity/Q3293299	P31	Q34770	instance-of
http://www.wikidata.org/entity/Q32934	P31	Q34770	instance-of
http://www.wikidata.org/entity/Q3294683	P31	Q34770	instance-of
http://www.wikidata.org/entity/Q32947	P31	Q34770	instance-of
http://www.wikidata.org/entity/Q3295515	P31	Q482994	instance-of
http://www.wikidata.org/entity/Q3295916	P31	Q34770	instance-of
http://www.wikidata.org/entity/Q3296011	P31	Q34770	instance-of
http://www.wikidata.org/entity/Q32961	P31	Q34770	instance-of
http://www.wikidata.org/entity/Q32967	P31	Q34770	instance-of
http://www.wikidata.org/entity/Q32972	P31	Q34770	instance-of
http://www.wikidata.org/entity/Q3297282	P31	Q34770	instance-of
http://www.wikidata.org/entity/Q32981	P31	Q34770	instance-of
http://www.wikidata.org/entity/Q3298421	P31	Q34770	instance-of
http://www.wikidata.org/entity/Q32986	P31	Q34770	instance-of
http://www.wikidata.org/entity/Q3299145	P31	Q34770	instance-of
http://www.wikidata.org/entity/Q3299190	P31	Q34770	instance-of
http://www.wikidata.org/entity/Q33	P31	Q6256	instance-of
http://www.wikidata.org/entity/Q33025	P31	Q34770	instance-of
http://www.wikidata.org/entity/Q33028	P31	Q34770	instance-of
http://www.wikidata.org/entity/Q3302929	P31	Q34770	instance-of
http://www.wikidata.org/entity/Q3302952	P31	Q34770	instance-of
http://www.wikidata.org/entity/Q3303503	P31	Q34770	instance-of
http://www.wikidata.org/entity/Q3303572	P31	Q34770	instance-of
http://www.wikidata.org/entity/Q33044	P31	Q34770	instance-of
http://www.wikidata.org/entity/Q33046	P31	Q34770	instance-of
http://www.wikidata.org/entity/Q3304803	P31	Q34770	instance-of
http://www.wikidata.org/entity/Q3304806	P31	Q34770	instance-of
http://www.wikidata.org/entity/Q3305008	P31	Q34770	instance-of
http://www.wikidata.org/entity/Q33052	P31	Q34770	instance-of
http://www.wikidata.org/entity/Q330531	P31	Q515	instance-of
http://www.wikidata.org/entity/Q33054	P31	Q34770	instance-of
http://www.wikidata.org/entity/Q3305477	P31	Q34770	instance-of
http://www.wikidata.org/entity/Q3305831	P31	Q34770	instance-of
http://www.wikidata.org/entity/Q3306	P31	Q515	instance-of
http://www.wikidata.org/entity/Q33060509	P31	Q34770	instance-of
http://www.wikidata.org/entity/Q33060513	P31	Q34770	instance-of
http://www.wikidata.org/entity/Q33060526	P31	Q34770	instance-of
http://www.wikidata.org/entity/Q33060533	P31	Q34770	instance-of
http://www.wikidata.org/entity/Q33061540	P31	Q34770	instance-of
http://www.wikidata.org/entity/Q330643	P31	Q515	instance-of
http://www.wikidata.org/entity/Q3306595	P31	Q34770	instance-of
http://www.wikidata.org/entity/Q3307184	P31	Q34770	instance-of
http://www.wikidata.org/entity/Q3307204	P31	Q34770	instance-of
http://www.wikidata.org/entity/Q3307901	P31	Q34770	instance-of
http://www.wikidata.org/entity/Q33081	P31	Q34770	instance-of
http://www.wikidata.org/entity/Q33087049	P31	Q34770	instance-of
http://www.wikidata.org/entity/Q33093	P31	Q34770	instance-of
http://www.wikidata.org/entity/Q33103591	P31	Q34770	instance-of
http://www.wikidata.org/entity/Q33103997	P31	Q34770	instance-of
http://www.wikidata.org/entity/Q331099	P31	Q515	instance-of
http://www.wikidata.org/entity/Q33110152	P31	Q34770	instance-of
http://www.wikidata.org/entity/Q33110188	P31	Q34770	instance-of
http://www.wikidata.org/entity/Q33112829	P31	Q34770	instance-of
http://www.wikidata.org/entity/Q33120805	P31	Q34770	instance-of
http://www.wikidata.org/entity/Q33122730	P31	Q34770	instance-of
http://www.wikidata.org/entity/Q33123613	P31	Q34770	instance-of
http://www.wikidata.org/entity/Q33125	P31	Q34770	instance-of
http://www.wikidata.org/entity/Q33127766	P31	Q34770	instance-of
http://www.wikidata.org/entity/Q33138	P31	Q34770	instance-of
http://www.wikidata.org/entity/Q3314550	P31	Q34770	instance-of
http://www.wikidata.org/entity/Q3314742	P31	Q34770	instance-of
http://www.wikidata.org/entity/Q33151	P31	Q34770	instance-of
http://www.wikidata.org/entity/Q33161	P31	Q34770	instance-of
http://www.wikidata.org/entity/Q3316328	P31	Q34770	instance-of
http://www.wikidata.org/entity/Q3317286	P31	Q34770	instance-of
http://www.wikidata.org/entity/Q3317290	P31	Q34770	instance-of
http://www.wikidata.org/entity/Q33173	P31	Q34770	instance-of
http://www.wikidata.org/entity/Q331764	P31	Q515	instance-of
http://www.wikidata.org/entity/Q33178	P31	Q34770	instance-of
http://www.wikidata.org/entity/Q33190	P31	Q34770	instance-of
http://www.wikidata.org/entity/Q3319130	P31	Q34770	instance-of
http://www.wikidata.org/entity/Q3319155	P31	Q34770	instance-of
http://www.wikidata.org/entity/Q33192	P31	Q34770	instance-of
http://www.wikidata.org/entity/Q3319380	P31	Q34770	instance-of
http://www.wikidata.org/entity/Q3319387	P31	Q34770	instance-of
http://www.wikidata.org/entity/Q3319495	P31	Q34770	instance-of
http://www.wikidata.org/entity/Q3320030	P31	Q34770	instance-of
http://www.wikidata.org/entity/Q3320111	P31	Q34770	instance-of
http://www.wikidata.org/entity/Q33205	P31	Q34770	instance-of
http://www.wikidata.org/entity/Q3320594	P31	Q34770	instance-of
http://www.wikidata.org/entity/Q3320659	P31	Q34770	instance-of
http://www.wikidata.org/entity/Q3321131	P31	Q34770	instance-of
http://www.wikidata.org/entity/Q33219	P31	Q34770	instance-of
http://www.wikidata.org/entity/Q3322093	P31	Q34770	instance-of
http://www.wikidata.org/entity/Q33225	P31	Q34770	instance-of
http://www.wikidata.org/entity/Q33230	P31	Q34770	instance-of
http://www.wikidata.org/entity/Q332319	P31	Q515	instance-of
http://www.wikidata.org/entity/Q33234	P31	Q34770	instance-of
http://www.wikidata.org/entity/Q332342	P31	Q3918	instance-of
http://www.wikidata.org/entity/Q33236	P31	Q34770	instance-of
http://www.wikidata.org/entity/Q33239	P31	Q34770	instance-of
http://www.wikidata.org/entity/Q3324069	P31	Q34770	instance-of
http://www.wikidata.org/entity/Q3324070	P31	Q34770	instance-of
http://www.wikidata.org/entity/Q3324598	P31	Q34770	instance-of
http://www.wikidata.org/entity/Q3324744	P31	Q34770	instance-of
http://www.wikidata.org/entity/Q3325498	P31	Q34770	instance-of
http://www.wikidata.org/entity/Q33257	P31	Q34770	instance-of
http://www.wikidata.org/entity/Q33259	P31	Q34770	instance-of
http://www.wikidata.org/entity/Q33265	P31	Q34770	instance-of
http://www.wikidata.org/entity/Q33270	P31	Q34770	instance-of
http://www.wikidata.org/entity/Q3327000	P31	Q34770	instance-of
http://www.wikidata.org/entity/Q3327139	P31	Q34770	instance-of
http://www.wikidata.org/entity/Q3327339	P31	Q34770	instance-of
http://www.wikidata.org/entity/Q3327357	P31	Q34770	instance-of
http://www.wikidata.org/entity/Q3327367	P31	Q34770	instance-of
http://www.wikidata.org/entity/Q3327384	P31	Q34770	instance-of
http://www.wikidata.org/entity/Q3327399	P31	Q34770	instance-of
http://www.wikidata.org/entity/Q3327415	P31	Q34770	instance-of
http://www.wikidata.org/entity/Q3327418	P31	Q34770	instance-of
http://www.wikidata.org/entity/Q3327420	P31	Q34770	instance-of
http://www.wikidata.org/entity/Q3327423	P31	Q34770	instance-of
http://www.wikidata.org/entity/Q3327427	P31	Q34770	instance-of
http://www.wikidata.org/entity/Q3327445	P31	Q34770	instance-of
http://www.wikidata.org/entity/Q33276	P31	Q34770	instance-of
http://www.wikidata.org/entity/Q332792	P31	Q34770	instance-of
http://www.wikidata.org/entity/Q3328150	P31	Q34770	instance-of
http://www.wikidata.org/entity/Q33284	P31	Q34770	instance-of
http://www.wikidata.org/entity/Q33286	P31	Q34770	instance-of
http://www.wikidata.org/entity/Q33290	P31	Q34770	instance-of
http://www.wikidata.org/entity/Q33291	P31	Q34770	instance-of
http://www.wikidata.org/entity/Q3329139	P31	Q34770	instance-of
http://www.wikidata.org/entity/Q33295	P31	Q34770	instance-of
http://www.wikidata.org/entity/Q33299	P31	Q34770	instance-of
http://www.wikidata.org/entity/Q33302	P31	Q34770	instance-of
http://www.wikidata.org/entity/Q33305	P31	Q34770	instance-of
http://www.wikidata.org/entity/Q333074	P31	Q515	instance-of
http://www.wikidata.org/entity/Q3331003	P31	Q34770	instance-of
http://www.wikidata.org/entity/Q3331111	P31	Q34770	instance-of
http://www.wikidata.org/entity/Q3331115	P31	Q34770	instance-of
http://www.wikidata.org/entity/Q3331491	P31	Q34770	instance-of
http://www.wikidata.org/entity/Q33317	P31	Q34770	instance-of
http://www.wikidata.org/entity/Q3332062	P31	Q34770	instance-of
http://www.wikidata.org/entity/Q3332149	P31	Q34770	instance-of
http://www.wikidata.org/entity/Q33330	P31	Q34770	instance-of
http://www.wikidata.org/entity/Q33332	P31	Q34770	instance-of
http://www.wikidata.org/entity/Q33335	P31	Q34770	instance-of
http://www.wikidata.org/entity/Q33339	P31	Q34770	instance-of
http://www.wikidata.org/entity/Q333476	P31	Q515	instance-of
http://www.wikidata.org/entity/Q3335011	P31	Q34770	instance-of
http://www.wikidata.org/entity/Q3335385	P31	Q34770	instance-of
http://www.wikidata.org/entity/Q3335387	P31	Q34770	instance-of
http://www.wikidata.org/entity/Q3335410	P31	Q34770	instance-of
http://www.wikidata.org/entity/Q3335553	P31	Q34770	instance-of
http://www.wikidata.org/entity/Q33360	P31	Q34770	instance-of
http://www.wikidata.org/entity/Q33361	P31	Q34770	instance-of
http://www.wikidata.org/entity/Q3336118	P31	Q34770	instance-of
http://www.wikidata.org/entity/Q3336135	P31	Q34770	instance-of
http://www.wikidata.org/entity/Q33362	P31	Q34770	instance-of
http://www.wikidata.org/entity/Q33363	P31	Q34770	instance-of
http://www.wikidata.org/entity/Q33364	P31	Q34770	instance-of
http://www.wikidata.org/entity/Q33367	P31	Q34770	instance-of
http://www.wikidata.org/entity/Q33370	P31	Q34770	instance-of
http://www.wikidata.org/entity/Q333705	P31	Q3918	instance-of
http://www.wikidata.org/entity/Q3337158	P31	Q34770	instance-of
http://www.wikidata.org/entity/Q3337327	P31	Q34770	instance-of
http://www.wikidata.org/entity/Q33377	P31	Q515	instance-of
http://www.wikidata.org/entity/Q3337774	P31	Q34770	instance-of
http://www.wikidata.org/entity/Q3338008	P31	Q34770	instance-of
http://www.wikidata.org/entity/Q3338052	P31	Q34770	instance-of
http://www.wikidata.org/entity/Q33385	P31	Q34770	instance-of
http://www.wikidata.org/entity/Q3339226	P31	Q34770	instance-of
http://www.wikidata.org/entity/Q333928	P31	Q515	instance-of
http://www.wikidata.org/entity/Q33393	P31	Q34770	instance-of
http://www.wikidata.org/entity/Q3339380	P31	Q34770	instance-of
http://www.wikidata.org/entity/Q33394	P31	Q34770	instance-of
http://www.wikidata.org/entity/Q334	P31	Q515	instance-of
http://www.wikidata.org/entity/Q334	P31	Q6256	instance-of
http://www.wikidata.org/entity/Q33402	P31	Q34770	instance-of
http://www.wikidata.org/entity/Q33404	P31	Q34770	instance-of
http://www.wikidata.org/entity/Q33411	P31	Q34770	instance-of
http://www.wikidata.org/entity/Q3342138	P31	Q34770	instance-of
http://www.wikidata.org/entity/Q33423	P31	Q34770	instance-of
http://www.wikidata.org/entity/Q33426	P31	Q34770	instance-of
http://www.wikidata.org/entity/Q33427	P31	Q34770	instance-of
http://www.wikidata.org/entity/Q33428	P31	Q515	instance-of
http://www.wikidata.org/entity/Q3342992	P31	Q34770	instance-of
http://www.wikidata.org/entity/Q3343229	P31	Q34770	instance-of
http://www.wikidata.org/entity/Q3343396	P31	Q34770	instance-of
http://www.wikidata.org/entity/Q33434	P31	Q34770	instance-of
http://www.wikidata.org/entity/Q3343420	P31	Q34770	instance-of
http://www.wikidata.org/entity/Q33436	P31	Q34770	instance-of
http://www.wikidata.org/entity/Q3344226	P31	Q34770	instance-of
http://www.wikidata.org/entity/Q33443	P31	Q34770	instance-of
http://www.wikidata.org/entity/Q33445	P31	Q34770	instance-of
http://www.wikidata.org/entity/Q3344784	P31	Q34770	instance-of
http://www.wikidata.org/entity/Q3344791	P31	Q34770	instance-of
http://www.wikidata.org/entity/Q33448	P31	Q34770	instance-of
http://www.wikidata.org/entity/Q3344819	P31	Q34770	instance-of
http://www.wikidata.org/entity/Q33450	P31	Q34770	instance-of
http://www.wikidata.org/entity/Q334577	P31	Q515	instance-of
http://www.wikidata.org/entity/Q3345989	P31	Q34770	instance-of
http://www.wikidata.org/entity/Q3346228	P31	Q34770	instance-of
http://www.wikidata.org/entity/Q3346231	P31	Q34770	instance-of
http://www.wikidata.org/entity/Q3346277	P31	Q34770	instance-of
http://www.wikidata.org/entity/Q3346290	P31	Q34770	instance-of
http://www.wikidata.org/entity/Q33463	P31	Q34770	instance-of
http://www.wikidata.org/entity/Q33464	P31	Q34770	instance-of
http://www.wikidata.org/entity/Q3346655	P31	Q34770	instance-of
http://www.wikidata.org/entity/Q3346666	P31	Q34770	instance-of
http://www.wikidata.org/entity/Q33467	P31	Q34770	instance-of
http://www.wikidata.org/entity/Q3346774	P31	Q34770	instance-of
http://www.wikidata.org/entity/Q3347070	P31	Q34770	instance-of
http://www.wikidata.org/entity/Q33471	P31	Q34770	instance-of
http://www.wikidata.org/entity/Q3347266	P31	Q34770	instance-of
http://www.wikidata.org/entity/Q3347428	P31	Q34770	instance-of
http://www.wikidata.org/entity/Q33479	P31	Q34770	instance-of
http://www.wikidata.org/entity/Q33491	P31	Q34770	instance-of
http://www.wikidata.org/entity/Q33492	P31	Q34770	instance-of
http://www.wikidata.org/entity/Q3349758	P31	Q34770	instance-of
http://www.wikidata.org/entity/Q33500	P31	Q34770	instance-of
http://www.wikidata.org/entity/Q33501	P31	Q34770	instance-of
http://www.wikidata.org/entity/Q3350126	P31	Q34770	instance-of
http://www.wikidata.org/entity/Q33503	P31	Q34770	instance-of
http://www.wikidata.org/entity/Q3351562	P31	Q34770	instance-of
http://www.wikidata.org/entity/Q33516	P31	Q34770	instance-of
http://www.wikidata.org/entity/Q33522157	P31	Q34770	instance-of
http://www.wikidata.org/entity/Q3352827	P31	Q34770	instance-of
http://www.wikidata.org/entity/Q33530726	P31	Q34770	instance-of
http://www.wikidata.org/entity/Q335322	P31	Q515	instance-of
http://www.wikidata.org/entity/Q33537	P31	Q34770	instance-of
http://www.wikidata.org/entity/Q33541	P31	Q34770	instance-of
http://www.wikidata.org/entity/Q3354339	P31	Q34770	instance-of
http://www.wikidata.org/entity/Q335478	P31	Q515	instance-of
http://www.wikidata.org/entity/Q33549	P31	Q34770	instance-of
http://www.wikidata.org/entity/Q335548	P31	Q515	instance-of
http://www.wikidata.org/entity/Q33557	P31	Q34770	instance-of
http://www.wikidata.org/entity/Q3355834	P31	Q34770	instance-of
http://www.wikidata.org/entity/Q33563	P31	Q34770	instance-of
http://www.wikidata.org/entity/Q33578	P31	Q34770	instance-of
http://www.wikidata.org/entity/Q3357881	P31	Q34770	instance-of
http://www.wikidata.org/entity/Q33581	P31	Q515	instance-of
http://www.wikidata.org/entity/Q3358211	P31	Q34770	instance-of
http://www.wikidata.org/entity/Q33590	P31	Q34770	instance-of
http://www.wikidata.org/entity/Q33590104	P31	Q34770	instance-of
http://www.wikidata.org/entity/Q33591	P31	Q34770	instance-of
http://www.wikidata.org/entity/Q33594	P31	Q34770	instance-of
http://www.wikidata.org/entity/Q33595	P31	Q34770	instance-of
http://www.wikidata.org/entity/Q33597	P31	Q34770	instance-of
http://www.wikidata.org/entity/Q33599	P31	Q34770	instance-of
http://www.wikidata.org/entity/Q3359940	P31	Q34770	instance-of
http://www.wikidata.org/entity/Q33600	P31	Q34770	instance-of
http://www.wikidata.org/entity/Q3360016	P31	Q34770	instance-of
http://www.wikidata.org/entity/Q33601	P31	Q34770	instance-of
http://www.wikidata.org/entity/Q33603	P31	Q34770	instance-of
http://www.wikidata.org/entity/Q3360370	P31	Q34770	instance-of
http://www.wikidata.org/entity/Q33604	P31	Q34770	instance-of
http://www.wikidata.org/entity/Q33606	P31	Q34770	instance-of
http://www.wikidata.org/entity/Q3360656	P31	Q34770	instance-of
http://www.wikidata.org/entity/Q33607	P31	Q34770	instance-of
http://www.wikidata.org/entity/Q3360711	P31	Q34770	instance-of
http://www.wikidata.org/entity/Q33608	P31	Q34770	instance-of
http://www.wikidata.org/entity/Q33613	P31	Q515	instance-of
http://www.wikidata.org/entity/Q33617	P31	Q34770	instance-of
http://www.wikidata.org/entity/Q3361723	P31	Q34770	instance-of
http://www.wikidata.org/entity/Q3361762	P31	Q34770	instance-of
http://www.wikidata.org/entity/Q3361763	P31	Q34770	instance-of
http://www.wikidata.org/entity/Q3361765	P31	Q34770	instance-of
http://www.wikidata.org/entity/Q3361895	P31	Q34770	instance-of
http://www.wikidata.org/entity/Q3362086	P31	Q34770	instance-of
http://www.wikidata.org/entity/Q33622	P31	Q34770	instance-of
http://www.wikidata.org/entity/Q33624	P31	Q34770	instance-of
http://www.wikidata.org/entity/Q336250	P31	Q515	instance-of
http://www.wikidata.org/entity/Q33626	P31	Q34770	instance-of
http://www.wikidata.org/entity/Q336264	P31	Q3918	instance-of
http://www.wikidata.org/entity/Q33627	P31	Q34770	instance-of
http://www.wikidata.org/entity/Q3362757	P31	Q34770	instance-of
http://www.wikidata.org/entity/Q33628	P31	Q34770	instance-of
http://www.wikidata.org/entity/Q33630	P31	Q34770	instance-of
http://www.wikidata.org/entity/Q33634	P31	Q34770	instance-of
http://www.wikidata.org/entity/Q3363719	P31	Q34770	instance-of
http://www.wikidata.org/entity/Q33643	P31	Q34770	instance-of
http://www.wikidata.org/entity/Q3364475	P31	Q34770	instance-of
http://www.wikidata.org/entity/Q3364501	P31	Q34770	instance-of
http://www.wikidata.org/entity/Q3364594	P31	Q34770	instance-of
http://www.wikidata.org/entity/Q3365443	P31	Q34770	instance-of
http://www.wikidata.org/entity/Q33655	P31	Q34770	instance-of
http://www.wikidata.org/entity/Q3365567	P31	Q34770	instance-of
http://www.wikidata.org/entity/Q33657	P31	Q34770	instance-of
http://www.wikidata.org/entity/Q33658	P31	Q34770	instance-of
http://www.wikidata.org/entity/Q33660	P31	Q34770	instance-of
http://www.wikidata.org/entity/Q33661	P31	Q34770	instance-of
http://www.wikidata.org/entity/Q33662	P31	Q34770	instance-of
http://www.wikidata.org/entity/Q33663	P31	Q34770	instance-of
http://www.wikidata.org/entity/Q33664	P31	Q34770	instance-of
http://www.wikidata.org/entity/Q33665	P31	Q34770	instance-of
http://www.wikidata.org/entity/Q336661	P31	Q515	instance-of
http://www.wikidata.org/entity/Q33672	P31	Q34770	instance-of
http://www.wikidata.org/entity/Q33675	P31	Q34770	instance-of
http://www.wikidata.org/entity/Q33676	P31	Q34770	instance-of
http://www.wikidata.org/entity/Q33677	P31	Q34770	instance-of
http://www.wikidata.org/entity/Q3368506	P31	Q34770	instance-of
http://www.wikidata.org/entity/Q3368679	P31	Q34770	instance-of
http://www.wikidata.org/entity/Q3368846	P31	Q34770	instance-of
http://www.wikidata.org/entity/Q336966	P31	Q515	instance-of
http://www.wikidata.org/entity/Q3370	P31	Q515	instance-of
http://www.wikidata.org/entity/Q3370184	P31	Q34770	instance-of
http://www.wikidata.org/entity/Q3370188	P31	Q34770	instance-of
http://www.wikidata.org/entity/Q33714	P31	Q34770	instance-of
http://www.wikidata.org/entity/Q33717	P31	Q34770	instance-of
http://www.wikidata.org/entity/Q33720	P31	Q34770	instance-of
http://www.wikidata.org/entity/Q33723	P31	Q34770	instance-of
http://www.wikidata.org/entity/Q337272	P31	Q9143	instance-of
http://www.wikidata.org/entity/Q33736	P31	Q34770	instance-of
http://www.wikidata.org/entity/Q3373890	P31	Q34770	instance-of
http://www.wikidata.org/entity/Q33743	P31	Q34770	instance-of
http://www.wikidata.org/entity/Q3374631	P31	Q34770	instance-of
http://www.wikidata.org/entity/Q33751	P31	Q34770	instance-of
http://www.wikidata.org/entity/Q3375142	P31	Q34770	instance-of
http://www.wikidata.org/entity/Q337530	P31	Q515	instance-of
http://www.wikidata.org/entity/Q3376353	P31	Q34770	instance-of
http://www.wikidata.org/entity/Q33765	P31	Q34770	instance-of
http://www.wikidata.org/entity/Q3376818	P31	Q34770	instance-of
http://www.wikidata.org/entity/Q33784	P31	Q34770	instance-of
http://www.wikidata.org/entity/Q33790	P31	Q34770	instance-of
http://www.wikidata.org/entity/Q33794	P31	Q34770	instance-of
http://www.wikidata.org/entity/Q33800	P31	Q34770	instance-of
http://www.wikidata.org/entity/Q33810	P31	Q34770	instance-of
http://www.wikidata.org/entity/Q33811	P31	Q34770	instance-of
http://www.wikidata.org/entity/Q33813	P31	Q34770	instance-of
http://www.wikidata.org/entity/Q3382207	P31	Q34770	instance-of
http://www.wikidata.org/entity/Q3382208	P31	Q34770	instance-of
http://www.wikidata.org/entity/Q33825	P31	Q34770	instance-of
http://www.wikidata.org/entity/Q33856	P31	Q34770	instance-of
http://www.wikidata.org/entity/Q33864	P31	Q34770	instance-of
http://www.wikidata.org/entity/Q33868	P31	Q34770	instance-of
http://www.wikidata.org/entity/Q33880	P31	Q34770	instance-of
http://www.wikidata.org/entity/Q3388339	P31	Q34770	instance-of
http://www.wikidata.org/entity/Q338844	P31	Q515	instance-of
http://www.wikidata.org/entity/Q3388544	P31	Q34770	instance-of
http://www.wikidata.org/entity/Q33890	P31	Q34770	instance-of
http://www.wikidata.org/entity/Q3389119	P31	Q34770	instance-of
http://www.wikidata.org/entity/Q3391031	P31	Q34770	instance-of
http://www.wikidata.org/entity/Q33914	P31	Q34770	instance-of
http://www.wikidata.org/entity/Q33916	P31	Q34770	instance-of
http://www.wikidata.org/entity/Q33918	P31	Q34770	instance-of
http://www.wikidata.org/entity/Q33924	P31	Q34770	instance-of
http://www.wikidata.org/entity/Q33926	P31	Q34770	instance-of
http://www.wikidata.org/entity/Q33928	P31	Q34770	instance-of
http://www.wikidata.org/entity/Q33930	P31	Q34770	instance-of
http://www.wikidata.org/entity/Q3393063	P31	Q34770	instance-of
http://www.wikidata.org/entity/Q33935	P31	Q515	instance-of
http://www.wikidata.org/entity/Q3393634	P31	Q34770	instance-of
http://www.wikidata.org/entity/Q33940	P31	Q34770	instance-of
http://www.wikidata.org/entity/Q3394363	P31	Q34770	instance-of
http://www.wikidata.org/entity/Q33947	P31	Q34770	instance-of
http://www.wikidata.org/entity/Q33948	P31	Q34770	instance-of
http://www.wikidata.org/entity/Q339527	P31	Q515	instance-of
http://www.wikidata.org/entity/Q33954	P31	Q34770	instance-of
http://www.wikidata.org/entity/Q33957	P31	Q34770	instance-of
http://www.wikidata.org/entity/Q33960	P31	Q34770	instance-of
http://www.wikidata.org/entity/Q3396018	P31	Q34770	instance-of
http://www.wikidata.org/entity/Q3396020	P31	Q34770	instance-of
http://www.wikidata.org/entity/Q3396021	P31	Q34770	instance-of
http://www.wikidata.org/entity/Q3396023	P31	Q34770	instance-of
http://www.wikidata.org/entity/Q3396025	P31	Q34770	instance-of
http://www.wikidata.org/entity/Q3396032	P31	Q34770	instance-of
http://www.wikidata.org/entity/Q3396122	P31	Q34770	instance-of
http://www.wikidata.org/entity/Q33962	P31	Q515	instance-of
http://www.wikidata.org/entity/Q3397346	P31	Q34770	instance-of
http://www.wikidata.org/entity/Q3398276	P31	Q34770	instance-of
http://www.wikidata.org/entity/Q3398323	P31	Q34770	instance-of
http://www.wikidata.org/entity/Q3398324	P31	Q34770	instance-of
http://www.wikidata.org/entity/Q3398785	P31	Q34770	instance-of
http://www.wikidata.org/entity/Q33990	P31	Q34770	instance-of
http://www.wikidata.org/entity/Q3399050	P31	Q34770	instance-of
http://www.wikidata.org/entity/Q3399095	P31	Q34770	instance-of
http://www.wikidata.org/entity/Q3399507	P31	Q34770	instance-of
http://www.wikidata.org/entity/Q3399652	P31	Q34770	instance-of
http://www.wikidata.org/entity/Q3399682	P31	Q34770	instance-of
http://www.wikidata.org/entity/Q3399691	P31	Q34770	instance-of
http://www.wikidata.org/entity/Q3399709	P31	Q34770	instance-of
http://www.wikidata.org/entity/Q3399725	P31	Q34770	instance-of
http://www.wikidata.org/entity/Q34	P31	Q6256	instance-of
http://www.wikidata.org/entity/Q3400073	P31	Q34770	instance-of
http://www.wikidata.org/entity/Q34001	P31	Q515	instance-of
http://www.wikidata.org/entity/Q34002	P31	Q34770	instance-of
http://www.wikidata.org/entity/Q3400829	P31	Q34770	instance-of
http://www.wikidata.org/entity/Q3401023	P31	Q34770	instance-of
http://www.wikidata.org/entity/Q34014	P31	Q34770	instance-of
http://www.wikidata.org/entity/Q3401474	P31	Q34770	instance-of
http://www.wikidata.org/entity/Q34015	P31	Q34770	instance-of
http://www.wikidata.org/entity/Q34016	P31	Q34770	instance-of
http://www.wikidata.org/entity/Q34017	P31	Q34770	instance-of
http://www.wikidata.org/entity/Q3401998	P31	Q34770	instance-of
http://www.wikidata.org/entity/Q34020	P31	Q6256	instance-of
http://www.wikidata.org/entity/Q34022	P31	Q34770	instance-of
http://www.wikidata.org/entity/Q34024	P31	Q34770	instance-of
http://www.wikidata.org/entity/Q34029	P31	Q34770	instance-of
http://www.wikidata.org/entity/Q3403245	P31	Q34770	instance-of
http://www.wikidata.org/entity/Q3403246	P31	Q34770	instance-of
http://www.wikidata.org/entity/Q34035	P31	Q34770	instance-of
http://www.wikidata.org/entity/Q34037	P31	Q34770	instance-of
http://www.wikidata.org/entity/Q34040	P31	Q34770	instance-of
http://www.wikidata.org/entity/Q34067	P31	Q34770	instance-of
http://www.wikidata.org/entity/Q3407029	P31	Q34770	instance-of
http://www.wikidata.org/entity/Q3407136	P31	Q34770	instance-of
http://www.wikidata.org/entity/Q34079	P31	Q34770	instance-of
http://www.wikidata.org/entity/Q3408516	P31	Q34770	instance-of
http://www.wikidata.org/entity/Q34088	P31	Q34770	instance-of
http://www.wikidata.org/entity/Q34089	P31	Q34770	instance-of
http://www.wikidata.org/entity/Q3409297	P31	Q34770	instance-of
http://www.wikidata.org/entity/Q3409301	P31	Q34770	instance-of
http://www.wikidata.org/entity/Q3409307	P31	Q34770	instance-of
http://www.wikidata.org/entity/Q3409311	P31	Q34770	instance-of
http://www.wikidata.org/entity/Q3409819	P31	Q34770	instance-of
http://www.wikidata.org/entity/Q34101	P31	Q34770	instance-of
http://www.wikidata.org/entity/Q34108	P31	Q34770	instance-of
http://www.wikidata.org/entity/Q3410962	P31	Q34770	instance-of
http://www.wikidata.org/entity/Q3411152	P31	Q34770	instance-of
http://www.wikidata.org/entity/Q3411153	P31	Q34770	instance-of
http://www.wikidata.org/entity/Q34116	P31	Q515	instance-of
http://www.wikidata.org/entity/Q34124	P31	Q34770	instance-of
http://www.wikidata.org/entity/Q34126	P31	Q515	instance-of
http://www.wikidata.org/entity/Q3412974	P31	Q34770	instance-of
http://www.wikidata.org/entity/Q34133	P31	Q34770	instance-of
http://www.wikidata.org/entity/Q34137	P31	Q34770	instance-of
http://www.wikidata.org/entity/Q34139	P31	Q34770	instance-of
http://www.wikidata.org/entity/Q34140	P31	Q34770	instance-of
http://www.wikidata.org/entity/Q3414203	P31	Q34770	instance-of
http://www.wikidata.org/entity/Q3414352	P31	Q34770	instance-of
http://www.wikidata.org/entity/Q3414490	P31	Q34770	instance-of
http://www.wikidata.org/entity/Q3414522	P31	Q34770	instance-of
http://www.wikidata.org/entity/Q3414714	P31	Q34770	instance-of
http://www.wikidata.org/entity/Q3415	P31	Q515	instance-of
http://www.wikidata.org/entity/Q34154	P31	Q34770	instance-of
http://www.wikidata.org/entity/Q34163	P31	Q34770	instance-of
http://www.wikidata.org/entity/Q34170	P31	Q34770	instance-of
http://www.wikidata.org/entity/Q3417070	P31	Q34770	instance-of
http://www.wikidata.org/entity/Q34173	P31	Q34770	instance-of
http://www.wikidata.org/entity/Q34174	P31	Q34770	instance-of
http://www.wikidata.org/entity/Q3417555	P31	Q34770	instance-of
http://www.wikidata.org/entity/Q34180	P31	Q515	instance-of
http://www.wikidata.org/entity/Q34183	P31	Q515	instance-of
http://www.wikidata.org/entity/Q3418509	P31	Q34770	instance-of
http://www.wikidata.org/entity/Q34191	P31	Q34770	instance-of
http://www.wikidata.org/entity/Q34196	P31	Q34770	instance-of
http://www.wikidata.org/entity/Q34197	P31	Q34770	instance-of
http://www.wikidata.org/entity/Q3419746	P31	Q34770	instance-of
http://www.wikidata.org/entity/Q34198	P31	Q34770	instance-of
http://www.wikidata.org/entity/Q3420026	P31	Q34770	instance-of
http://www.wikidata.org/entity/Q34202	P31	Q34770	instance-of
http://www.wikidata.org/entity/Q34204	P31	Q34770	instance-of
http://www.wikidata.org/entity/Q34207	P31	Q34770	instance-of
http://www.wikidata.org/entity/Q34213	P31	Q34770	instance-of
http://www.wikidata.org/entity/Q34214	P31	Q34770	instance-of
http://www.wikidata.org/entity/Q34217	P31	Q515	instance-of
http://www.wikidata.org/entity/Q34219	P31	Q34770	instance-of
http://www.wikidata.org/entity/Q34224	P31	Q34770	instance-of
http://www.wikidata.org/entity/Q34226	P31	Q34770	instance-of
http://www.wikidata.org/entity/Q34235	P31	Q34770	instance-of
http://www.wikidata.org/entity/Q3423957	P31	Q34770	instance-of
http://www.wikidata.org/entity/Q34241	P31	Q34770	instance-of
http://www.wikidata.org/entity/Q34249	P31	Q34770	instance-of
http://www.wikidata.org/entity/Q3426367	P31	Q34770	instance-of
http://www.wikidata.org/entity/Q34279	P31	Q34770	instance-of
http://www.wikidata.org/entity/Q34280	P31	Q9143	instance-of
http://www.wikidata.org/entity/Q3429088	P31	Q34770	instance-of
http://www.wikidata.org/entity/Q34295800	P31	Q34770	instance-of
http://www.wikidata.org/entity/Q3431451	P31	Q34770	instance-of
http://www.wikidata.org/entity/Q34327	P31	Q34770	instance-of
http://www.wikidata.org/entity/Q34333	P31	Q34770	instance-of
http://www.wikidata.org/entity/Q3435078	P31	Q34770	instance-of
http://www.wikidata.org/entity/Q3436461	P31	Q34770	instance-of
http://www.wikidata.org/entity/Q3436467	P31	Q34770	instance-of
http://www.wikidata.org/entity/Q3436586	P31	Q34770	instance-of
http://www.wikidata.org/entity/Q3436590	P31	Q34770	instance-of
http://www.wikidata.org/entity/Q3436603	P31	Q34770	instance-of
http://www.wikidata.org/entity/Q3436612	P31	Q34770	instance-of
http://www.wikidata.org/entity/Q3436637	P31	Q34770	instance-of
http://www.wikidata.org/entity/Q3436645	P31	Q34770	instance-of
http://www.wikidata.org/entity/Q3436664	P31	Q34770	instance-of
http://www.wikidata.org/entity/Q3436680	P31	Q34770	instance-of
http://www.wikidata.org/entity/Q3436689	P31	Q34770	instance-of
http://www.wikidata.org/entity/Q3436700	P31	Q34770	instance-of
http://www.wikidata.org/entity/Q3436736	P31	Q34770	instance-of
http://www.wikidata.org/entity/Q3437	P31	Q515	instance-of
http://www.wikidata.org/entity/Q34370	P31	Q515	instance-of
http://www.wikidata.org/entity/Q3437230	P31	Q34770	instance-of
http://www.wikidata.org/entity/Q3437292	P31	Q34770	instance-of
http://www.wikidata.org/entity/Q3437607	P31	Q34770	instance-of
http://www.wikidata.org/entity/Q3437616	P31	Q34770	instance-of
http://www.wikidata.org/entity/Q3437626	P31	Q34770	instance-of
http://www.wikidata.org/entity/Q3437645	P31	Q34770	instance-of
http://www.wikidata.org/entity/Q3437656	P31	Q34770	instance-of
http://www.wikidata.org/entity/Q3438316	P31	Q34770	instance-of
http://www.wikidata.org/entity/Q3438330	P31	Q34770	instance-of
http://www.wikidata.org/entity/Q3438334	P31	Q34770	instance-of
http://www.wikidata.org/entity/Q3438345	P31	Q34770	instance-of
http://www.wikidata.org/entity/Q3438356	P31	Q34770	instance-of
http://www.wikidata.org/entity/Q3438361	P31	Q34770	instance-of
http://www.wikidata.org/entity/Q3438373	P31	Q34770	instance-of
http://www.wikidata.org/entity/Q3438383	P31	Q34770	instance-of
http://www.wikidata.org/entity/Q3438402	P31	Q34770	instance-of
http://www.wikidata.org/entity/Q3438405	P31	Q34770	instance-of
http://www.wikidata.org/entity/Q3438444	P31	Q34770	instance-of
http://www.wikidata.org/entity/Q3438705	P31	Q34770	instance-of
http://www.wikidata.org/entity/Q3438708	P31	Q34770	instance-of
http://www.wikidata.org/entity/Q3438718	P31	Q34770	instance-of
http://www.wikidata.org/entity/Q3438725	P31	Q34770	instance-of
http://www.wikidata.org/entity/Q3438747	P31	Q34770	instance-of
http://www.wikidata.org/entity/Q3438755	P31	Q34770	instance-of
http://www.wikidata.org/entity/Q3438764	P31	Q34770	instance-of
http://www.wikidata.org/entity/Q3438770	P31	Q34770	instance-of
http://www.wikidata.org/entity/Q3438780	P31	Q34770	instance-of
http://www.wikidata.org/entity/Q3438789	P31	Q34770	instance-of
http://www.wikidata.org/entity/Q3438816	P31	Q34770	instance-of
http://www.wikidata.org/entity/Q3438830	P31	Q34770	instance-of
http://www.wikidata.org/entity/Q3439012	P31	Q34770	instance-of
http://www.wikidata.org/entity/Q3439071	P31	Q34770	instance-of
http://www.wikidata.org/entity/Q3439680	P31	Q34770	instance-of
http://www.wikidata.org/entity/Q34397870	P31	Q34770	instance-of
http://www.wikidata.org/entity/Q34398731	P31	Q34770	instance-of
http://www.wikidata.org/entity/Q3440381	P31	Q34770	instance-of
http://www.wikidata.org/entity/Q3440398	P31	Q34770	instance-of
http://www.wikidata.org/entity/Q3440403	P31	Q34770	instance-of
http://www.wikidata.org/entity/Q3440422	P31	Q34770	instance-of
http://www.wikidata.org/entity/Q3440427	P31	Q34770	instance-of
http://www.wikidata.org/entity/Q3440432	P31	Q34770	instance-of
http://www.wikidata.org/entity/Q3440437	P31	Q34770	instance-of
http://www.wikidata.org/entity/Q3440480	P31	Q34770	instance-of
http://www.wikidata.org/entity/Q3440486	P31	Q34770	instance-of
http://www.wikidata.org/entity/Q3440492	P31	Q34770	instance-of
http://www.wikidata.org/entity/Q3440512	P31	Q34770	instance-of
http://www.wikidata.org/entity/Q3440518	P31	Q34770	instance-of
http://www.wikidata.org/entity/Q3440525	P31	Q34770	instance-of
http://www.wikidata.org/entity/Q3440883	P31	Q34770	instance-of
http://www.wikidata.org/entity/Q3441097	P31	Q34770	instance-of
http://www.wikidata.org/entity/Q3441122	P31	Q34770	instance-of
http://www.wikidata.org/entity/Q3441160	P31	Q34770	instance-of
http://www.wikidata.org/entity/Q3441172	P31	Q34770	instance-of
http://www.wikidata.org/entity/Q3441180	P31	Q34770	instance-of
http://www.wikidata.org/entity/Q3441188	P31	Q34770	instance-of
http://www.wikidata.org/entity/Q3441193	P31	Q34770	instance-of
http://www.wikidata.org/entity/Q3441206	P31	Q34770	instance-of
http://www.wikidata.org/entity/Q3441210	P31	Q34770	instance-of
http://www.wikidata.org/entity/Q3441216	P31	Q34770	instance-of
http://www.wikidata.org/entity/Q3441225	P31	Q34770	instance-of
http://www.wikidata.org/entity/Q3441230	P31	Q34770	instance-of
http://www.wikidata.org/entity/Q3441237	P31	Q34770	instance-of
http://www.wikidata.org/entity/Q3441244	P31	Q34770	instance-of
http://www.wikidata.org/entity/Q3441249	P31	Q34770	instance-of
http://www.wikidata.org/entity/Q3441264	P31	Q34770	instance-of
http://www.wikidata.org/entity/Q3441272	P31	Q34770	instance-of
http://www.wikidata.org/entity/Q3441277	P31	Q34770	instance-of
http://www.wikidata.org/entity/Q3441285	P31	Q34770	instance-of
http://www.wikidata.org/entity/Q3441293	P31	Q34770	instance-of
http://www.wikidata.org/entity/Q3441299	P31	Q34770	instance-of
http://www.wikidata.org/entity/Q3441303	P31	Q34770	instance-of
http://www.wikidata.org/entity/Q3441310	P31	Q34770	instance-of
http://www.wikidata.org/entity/Q3441315	P31	Q34770	instance-of
http://www.wikidata.org/entity/Q3441333	P31	Q34770	instance-of
http://www.wikidata.org/entity/Q3441344	P31	Q34770	instance-of
http://www.wikidata.org/entity/Q3441350	P31	Q34770	instance-of
http://www.wikidata.org/entity/Q3441365	P31	Q34770	instance-of
http://www.wikidata.org/entity/Q3441370	P31	Q34770	instance-of
http://www.wikidata.org/entity/Q3441375	P31	Q34770	instance-of
http://www.wikidata.org/entity/Q3441387	P31	Q34770	instance-of
http://www.wikidata.org/entity/Q3441392	P31	Q34770	instance-of
http://www.wikidata.org/entity/Q3441409	P31	Q34770	instance-of
http://www.wikidata.org/entity/Q3441427	P31	Q34770	instance-of
http://www.wikidata.org/entity/Q3441435	P31	Q34770	instance-of
http://www.wikidata.org/entity/Q3441447	P31	Q34770	instance-of
http://www.wikidata.org/entity/Q3441595	P31	Q34770	instance-of
http://www.wikidata.org/entity/Q3441672	P31	Q34770	instance-of
http://www.wikidata.org/entity/Q3441683	P31	Q34770	instance-of
http://www.wikidata.org/entity/Q3441762	P31	Q34770	instance-of
http://www.wikidata.org/entity/Q3441763	P31	Q34770	instance-of
http://www.wikidata.org/entity/Q3441962	P31	Q34770	instance-of
http://www.wikidata.org/entity/Q3442330	P31	Q34770	instance-of
http://www.wikidata.org/entity/Q3442402	P31	Q34770	instance-of
http://www.wikidata.org/entity/Q3442442	P31	Q34770	instance-of
http://www.wikidata.org/entity/Q344266	P31	Q9143	instance-of
http://www.wikidata.org/entity/Q3442732	P31	Q34770	instance-of
http://www.wikidata.org/entity/Q3442745	P31	Q34770	instance-of
http://www.wikidata.org/entity/Q34439761	P31	Q34770	instance-of
http://www.wikidata.org/entity/Q3444486	P31	Q34770	instance-of
http://www.wikidata.org/entity/Q3445546	P31	Q34770	instance-of
http://www.wikidata.org/entity/Q3445811	P31	Q34770	instance-of
http://www.wikidata.org/entity/Q3446241	P31	Q34770	instance-of
http://www.wikidata.org/entity/Q3446591	P31	Q34770	instance-of
http://www.wikidata.org/entity/Q3446596	P31	Q34770	instance-of
http://www.wikidata.org/entity/Q3446608	P31	Q34770	instance-of
http://www.wikidata.org/entity/Q3446613	P31	Q34770	instance-of
http://www.wikidata.org/entity/Q3446617	P31	Q34770	instance-of
http://www.wikidata.org/entity/Q3446622	P31	Q34770	instance-of
http://www.wikidata.org/entity/Q3446632	P31	Q34770	instance-of
http://www.wikidata.org/entity/Q3446640	P31	Q34770	instance-of
http://www.wikidata.org/entity/Q3446647	P31	Q34770	instance-of
http://www.wikidata.org/entity/Q3446651	P31	Q34770	instance-of
http://www.wikidata.org/entity/Q3446655	P31	Q34770	instance-of
http://www.wikidata.org/entity/Q3446660	P31	Q34770	instance-of
http://www.wikidata.org/entity/Q3446663	P31	Q34770	instance-of
http://www.wikidata.org/entity/Q3446668	P31	Q34770	instance-of
http://www.wikidata.org/entity/Q3446682	P31	Q34770	instance-of
http://www.wikidata.org/entity/Q3446684	P31	Q34770	instance-of
http://www.wikidata.org/entity/Q3446687	P31	Q34770	instance-of
http://www.wikidata.org/entity/Q3446690	P31	Q34770	instance-of
http://www.wikidata.org/entity/Q3446691	P31	Q34770	instance-of
http://www.wikidata.org/entity/Q3446774	P31	Q34770	instance-of
http://www.wikidata.org/entity/Q3447116	P31	Q34770	instance-of
http://www.wikidata.org/entity/Q3447258	P31	Q34770	instance-of
http://www.wikidata.org/entity/Q3447297	P31	Q34770	instance-of
http://www.wikidata.org/entity/Q3448149	P31	Q34770	instance-of
http://www.wikidata.org/entity/Q3448673	P31	Q34770	instance-of
http://www.wikidata.org/entity/Q3448919	P31	Q34770	instance-of
http://www.wikidata.org/entity/Q3449070	P31	Q34770	instance-of
http://www.wikidata.org/entity/Q3449082	P31	Q34770	instance-of
http://www.wikidata.org/entity/Q3449115	P31	Q34770	instance-of
http://www.wikidata.org/entity/Q3449126	P31	Q34770	instance-of
http://www.wikidata.org/entity/Q3449510	P31	Q34770	instance-of
http://www.wikidata.org/entity/Q3449805	P31	Q34770	instance-of
http://www.wikidata.org/entity/Q3449842	P31	Q34770	instance-of
http://www.wikidata.org/entity/Q3449885	P31	Q34770	instance-of
http://www.wikidata.org/entity/Q3449925	P31	Q34770	instance-of
http://www.wikidata.org/entity/Q3449964	P31	Q34770	instance-of
http://www.wikidata.org/entity/Q3450131	P31	Q34770	instance-of
http://www.wikidata.org/entity/Q3450142	P31	Q34770	instance-of
http://www.wikidata.org/entity/Q3450154	P31	Q34770	instance-of
http://www.wikidata.org/entity/Q3450194	P31	Q34770	instance-of
http://www.wikidata.org/entity/Q3450207	P31	Q34770	instance-of
http://www.wikidata.org/entity/Q3450252	P31	Q34770	instance-of
http://www.wikidata.org/entity/Q3450423	P31	Q34770	instance-of
http://www.wikidata.org/entity/Q3450469	P31	Q34770	instance-of
http://www.wikidata.org/entity/Q3450481	P31	Q34770	instance-of
http://www.wikidata.org/entity/Q3450493	P31	Q34770	instance-of
http://www.wikidata.org/entity/Q3450504	P31	Q34770	instance-of
http://www.wikidata.org/entity/Q3450516	P31	Q34770	instance-of
http://www.wikidata.org/entity/Q3450522	P31	Q34770	instance-of
http://www.wikidata.org/entity/Q3450556	P31	Q34770	instance-of
http://www.wikidata.org/entity/Q3450611	P31	Q34770	instance-of
http://www.wikidata.org/entity/Q3450623	P31	Q34770	instance-of
http://www.wikidata.org/entity/Q3450636	P31	Q34770	instance-of
http://www.wikidata.org/entity/Q3450660	P31	Q34770	instance-of
http://www.wikidata.org/entity/Q3450709	P31	Q34770	instance-of
http://www.wikidata.org/entity/Q3450735	P31	Q34770	instance-of
http://www.wikidata.org/entity/Q3450749	P31	Q34770	instance-of
http://www.wikidata.org/entity/Q3450761	P31	Q34770	instance-of
http://www.wikidata.org/entity/Q3450775	P31	Q34770	instance-of
http://www.wikidata.org/entity/Q3450788	P31	Q34770	instance-of
http://www.wikidata.org/entity/Q3450802	P31	Q34770	instance-of
http://www.wikidata.org/entity/Q3450812	P31	Q34770	instance-of
http://www.wikidata.org/entity/Q3450824	P31	Q34770	instance-of
http://www.wikidata.org/entity/Q3450949	P31	Q34770	instance-of
http://www.wikidata.org/entity/Q34511664	P31	Q34770	instance-of
http://www.wikidata.org/entity/Q34512239	P31	Q34770	instance-of
http://www.wikidata.org/entity/Q345204	P31	Q515	instance-of
http://www.wikidata.org/entity/Q3453188	P31	Q34770	instance-of
http://www.wikidata.org/entity/Q3460352	P31	Q34770	instance-of
http://www.wikidata.org/entity/Q3460478	P31	Q34770	instance-of
http://www.wikidata.org/entity/Q3460957	P31	Q34770	instance-of
http://www.wikidata.org/entity/Q34647	P31	Q515	instance-of
http://www.wikidata.org/entity/Q346744	P31	Q34770	instance-of
http://www.wikidata.org/entity/Q34685	P31	Q34770	instance-of
http://www.wikidata.org/entity/Q34692	P31	Q515	instance-of
http://www.wikidata.org/entity/Q347	P31	Q6256	instance-of
http://www.wikidata.org/entity/Q3470593	P31	Q34770	instance-of
http://www.wikidata.org/entity/Q3470594	P31	Q34770	instance-of
http://www.wikidata.org/entity/Q3472206	P31	Q34770	instance-of
http://www.wikidata.org/entity/Q34725	P31	Q34770	instance-of
http://www.wikidata.org/entity/Q34727	P31	Q34770	instance-of
http://www.wikidata.org/entity/Q34729	P31	Q34770	instance-of
http://www.wikidata.org/entity/Q34730	P31	Q34770	instance-of
http://www.wikidata.org/entity/Q3473187	P31	Q34770	instance-of
http://www.wikidata.org/entity/Q34732	P31	Q34770	instance-of
http://www.wikidata.org/entity/Q34733	P31	Q34770	instance-of
http://www.wikidata.org/entity/Q34737	P31	Q34770	instance-of
http://www.wikidata.org/entity/Q34738	P31	Q34770	instance-of
http://www.wikidata.org/entity/Q3474222	P31	Q34770	instance-of
http://www.wikidata.org/entity/Q3474649	P31	Q34770	instance-of
http://www.wikidata.org/entity/Q3474891	P31	Q34770	instance-of
http://www.wikidata.org/entity/Q34754	P31	Q6256	instance-of
http://www.wikidata.org/entity/Q3476	P31	Q515	instance-of
http://www.wikidata.org/entity/Q34767	P31	Q34770	instance-of
http://www.wikidata.org/entity/Q34769	P31	Q34770	instance-of
http://www.wikidata.org/entity/Q3477218	P31	Q34770	instance-of
http://www.wikidata.org/entity/Q34774	P31	Q34770	instance-of
http://www.wikidata.org/entity/Q34776	P31	Q34770	instance-of
http://www.wikidata.org/entity/Q34778	P31	Q34770	instance-of
http://www.wikidata.org/entity/Q34780	P31	Q34770	instance-of
http://www.wikidata.org/entity/Q34781	P31	Q34770	instance-of
http://www.wikidata.org/entity/Q34783	P31	Q34770	instance-of
http://www.wikidata.org/entity/Q34786	P31	Q34770	instance-of
http://www.wikidata.org/entity/Q34790	P31	Q34770	instance-of
http://www.wikidata.org/entity/Q34794	P31	Q34770	instance-of
http://www.wikidata.org/entity/Q34799	P31	Q34770	instance-of
http://www.wikidata.org/entity/Q3479942	P31	Q34770	instance-of
http://www.wikidata.org/entity/Q34801	P31	Q34770	instance-of
http://www.wikidata.org/entity/Q34802	P31	Q34770	instance-of
http://www.wikidata.org/entity/Q34808	P31	Q34770	instance-of
http://www.wikidata.org/entity/Q34810	P31	Q34770	instance-of
http://www.wikidata.org/entity/Q34813	P31	Q34770	instance-of
http://www.wikidata.org/entity/Q34814	P31	Q34770	instance-of
http://www.wikidata.org/entity/Q34815	P31	Q34770	instance-of
http://www.wikidata.org/entity/Q34817	P31	Q34770	instance-of
http://www.wikidata.org/entity/Q34818	P31	Q34770	instance-of
http://www.wikidata.org/entity/Q3481999	P31	Q34770	instance-of
http://www.wikidata.org/entity/Q34820	P31	Q515	instance-of
http://www.wikidata.org/entity/Q34822	P31	Q34770	instance-of
http://www.wikidata.org/entity/Q34823	P31	Q34770	instance-of
http://www.wikidata.org/entity/Q34824	P31	Q34770	instance-of
http://www.wikidata.org/entity/Q34826	P31	Q34770	instance-of
http://www.wikidata.org/entity/Q3482685	P31	Q34770	instance-of
http://www.wikidata.org/entity/Q3482903	P31	Q34770	instance-of
http://www.wikidata.org/entity/Q3482907	P31	Q34770	instance-of
http://www.wikidata.org/entity/Q34831	P31	Q34770	instance-of
http://www.wikidata.org/entity/Q34832	P31	Q34770	instance-of
http://www.wikidata.org/entity/Q34833	P31	Q34770	instance-of
http://www.wikidata.org/entity/Q34835	P31	Q34770	instance-of
http://www.wikidata.org/entity/Q34837	P31	Q34770	instance-of
http://www.wikidata.org/entity/Q34838	P31	Q34770	instance-of
http://www.wikidata.org/entity/Q34840	P31	Q34770	instance-of
http://www.wikidata.org/entity/Q348402	P31	Q3918	instance-of
http://www.wikidata.org/entity/Q34841	P31	Q34770	instance-of
http://www.wikidata.org/entity/Q3484101	P31	Q34770	instance-of
http://www.wikidata.org/entity/Q34844	P31	Q34770	instance-of
http://www.wikidata.org/entity/Q34846	P31	Q34770	instance-of
http://www.wikidata.org/entity/Q34849	P31	Q34770	instance-of
http://www.wikidata.org/entity/Q34850	P31	Q34770	instance-of
http://www.wikidata.org/entity/Q3485100	P31	Q34770	instance-of
http://www.wikidata.org/entity/Q3485116	P31	Q34770	instance-of
http://www.wikidata.org/entity/Q3485264	P31	Q34770	instance-of
http://www.wikidata.org/entity/Q34853	P31	Q34770	instance-of
http://www.wikidata.org/entity/Q34855	P31	Q34770	instance-of
http://www.wikidata.org/entity/Q34856	P31	Q34770	instance-of
http://www.wikidata.org/entity/Q34860	P31	Q34770	instance-of
http://www.wikidata.org/entity/Q34862	P31	Q34770	instance-of
http://www.wikidata.org/entity/Q34865	P31	Q34770	instance-of
http://www.wikidata.org/entity/Q34866	P31	Q34770	instance-of
http://www.wikidata.org/entity/Q34868	P31	Q34770	instance-of
http://www.wikidata.org/entity/Q34872	P31	Q34770	instance-of
http://www.wikidata.org/entity/Q34875	P31	Q34770	instance-of
http://www.wikidata.org/entity/Q34878	P31	Q34770	instance-of
http://www.wikidata.org/entity/Q34880	P31	Q34770	instance-of
http://www.wikidata.org/entity/Q34882	P31	Q34770	instance-of
http://www.wikidata.org/entity/Q34884	P31	Q34770	instance-of
http://www.wikidata.org/entity/Q34885	P31	Q34770	instance-of
http://www.wikidata.org/entity/Q34888	P31	Q34770	instance-of
http://www.wikidata.org/entity/Q34889	P31	Q34770	instance-of
http://www.wikidata.org/entity/Q34890	P31	Q34770	instance-of
http://www.wikidata.org/entity/Q34892	P31	Q34770	instance-of
http://www.wikidata.org/entity/Q34893	P31	Q34770	instance-of
http://www.wikidata.org/entity/Q34894	P31	Q34770	instance-of
http://www.wikidata.org/entity/Q34895	P31	Q34770	instance-of
http://www.wikidata.org/entity/Q3489591	P31	Q34770	instance-of
http://www.wikidata.org/entity/Q34898	P31	Q34770	instance-of
http://www.wikidata.org/entity/Q34899	P31	Q34770	instance-of
http://www.wikidata.org/entity/Q34901	P31	Q34770	instance-of
http://www.wikidata.org/entity/Q34903	P31	Q34770	instance-of
http://www.wikidata.org/entity/Q34910	P31	Q34770	instance-of
http://www.wikidata.org/entity/Q34911	P31	Q34770	instance-of
http://www.wikidata.org/entity/Q34912	P31	Q34770	instance-of
http://www.wikidata.org/entity/Q34914	P31	Q34770	instance-of
http://www.wikidata.org/entity/Q3491964	P31	Q34770	instance-of
http://www.wikidata.org/entity/Q34923	P31	Q34770	instance-of
http://www.wikidata.org/entity/Q3492334	P31	Q34770	instance-of
http://www.wikidata.org/entity/Q34928	P31	Q34770	instance-of
http://www.wikidata.org/entity/Q34930	P31	Q34770	instance-of
http://www.wikidata.org/entity/Q34931	P31	Q34770	instance-of
http://www.wikidata.org/entity/Q34932	P31	Q515	instance-of
http://www.wikidata.org/entity/Q34934	P31	Q34770	instance-of
http://www.wikidata.org/entity/Q34936	P31	Q34770	instance-of
http://www.wikidata.org/entity/Q3493704	P31	Q34770	instance-of
http://www.wikidata.org/entity/Q34938	P31	Q34770	instance-of
http://www.wikidata.org/entity/Q34940	P31	Q34770	instance-of
http://www.wikidata.org/entity/Q34941	P31	Q34770	instance-of
http://www.wikidata.org/entity/Q34942	P31	Q34770	instance-of
http://www.wikidata.org/entity/Q34946	P31	Q34770	instance-of
http://www.wikidata.org/entity/Q34949	P31	Q34770	instance-of
http://www.wikidata.org/entity/Q34950	P31	Q34770	instance-of
http://www.wikidata.org/entity/Q34952	P31	Q34770	instance-of
http://www.wikidata.org/entity/Q34953	P31	Q34770	instance-of
http://www.wikidata.org/entity/Q34954	P31	Q34770	instance-of
http://www.wikidata.org/entity/Q34958	P31	Q34770	instance-of
http://www.wikidata.org/entity/Q34960	P31	Q34770	instance-of
http://www.wikidata.org/entity/Q34961	P31	Q34770	instance-of
http://www.wikidata.org/entity/Q34964	P31	Q34770	instance-of
http://www.wikidata.org/entity/Q34967	P31	Q34770	instance-of
http://www.wikidata.org/entity/Q34968	P31	Q34770	instance-of
http://www.wikidata.org/entity/Q34971	P31	Q34770	instance-of
http://www.wikidata.org/entity/Q34973	P31	Q34770	instance-of
http://www.wikidata.org/entity/Q34976	P31	Q34770	instance-of
http://www.wikidata.org/entity/Q34977	P31	Q34770	instance-of
http://www.wikidata.org/entity/Q34979	P31	Q34770	instance-of
http://www.wikidata.org/entity/Q34983	P31	Q34770	instance-of
http://www.wikidata.org/entity/Q34984	P31	Q34770	instance-of
http://www.wikidata.org/entity/Q34985	P31	Q34770	instance-of
http://www.wikidata.org/entity/Q34986	P31	Q515	instance-of
http://www.wikidata.org/entity/Q34988	P31	Q34770	instance-of
http://www.wikidata.org/entity/Q34989	P31	Q34770	instance-of
http://www.wikidata.org/entity/Q34992	P31	Q34770	instance-of
http://www.wikidata.org/entity/Q34994	P31	Q34770	instance-of
http://www.wikidata.org/entity/Q34999	P31	Q34770	instance-of
http://www.wikidata.org/entity/Q3499934	P31	Q34770	instance-of
http://www.wikidata.org/entity/Q35	P31	Q6256	instance-of
http://www.wikidata.org/entity/Q350	P31	Q515	instance-of
http://www.wikidata.org/entity/Q35003	P31	Q34770	instance-of
http://www.wikidata.org/entity/Q35005	P31	Q34770	instance-of
http://www.wikidata.org/entity/Q35006	P31	Q34770	instance-of
http://www.wikidata.org/entity/Q35010	P31	Q34770	instance-of
http://www.wikidata.org/entity/Q3501019	P31	Q34770	instance-of
http://www.wikidata.org/entity/Q3501092	P31	Q34770	instance-of
http://www.wikidata.org/entity/Q35013	P31	Q34770	instance-of
http://www.wikidata.org/entity/Q3501553	P31	Q34770	instance-of
http://www.wikidata.org/entity/Q35017	P31	Q34770	instance-of
http://www.wikidata.org/entity/Q3501735	P31	Q34770	instance-of
http://www.wikidata.org/entity/Q3501747	P31	Q34770	instance-of
http://www.wikidata.org/entity/Q3501751	P31	Q34770	instance-of
http://www.wikidata.org/entity/Q3501773	P31	Q34770	instance-of
http://www.wikidata.org/entity/Q3501797	P31	Q34770	instance-of
http://www.wikidata.org/entity/Q3501809	P31	Q34770	instance-of
http://www.wikidata.org/entity/Q3501838	P31	Q34770	instance-of
http://www.wikidata.org/entity/Q3501850	P31	Q34770	instance-of
http://www.wikidata.org/entity/Q3501871	P31	Q34770	instance-of
http://www.wikidata.org/entity/Q35019	P31	Q34770	instance-of
http://www.wikidata.org/entity/Q3501903	P31	Q34770	instance-of
http://www.wikidata.org/entity/Q3501920	P31	Q34770	instance-of
http://www.wikidata.org/entity/Q3501930	P31	Q34770	instance-of
http://www.wikidata.org/entity/Q3501942	P31	Q34770	instance-of
http://www.wikidata.org/entity/Q3502030	P31	Q34770	instance-of
http://www.wikidata.org/entity/Q3502039	P31	Q34770	instance-of
http://www.wikidata.org/entity/Q3502072	P31	Q34770	instance-of
http://www.wikidata.org/entity/Q3502084	P31	Q34770	instance-of
http://www.wikidata.org/entity/Q3502094	P31	Q34770	instance-of
http://www.wikidata.org/entity/Q35021	P31	Q34770	instance-of
http://www.wikidata.org/entity/Q3502213	P31	Q34770	instance-of
http://www.wikidata.org/entity/Q3502224	P31	Q34770	instance-of
http://www.wikidata.org/entity/Q3502232	P31	Q34770	instance-of
http://www.wikidata.org/entity/Q3502234	P31	Q34770	instance-of
http://www.wikidata.org/entity/Q3502244	P31	Q34770	instance-of
http://www.wikidata.org/entity/Q3502255	P31	Q34770	instance-of
http://www.wikidata.org/entity/Q3502273	P31	Q34770	instance-of
http://www.wikidata.org/entity/Q3502301	P31	Q34770	instance-of
http://www.wikidata.org/entity/Q3502308	P31	Q34770	instance-of
http://www.wikidata.org/entity/Q3502314	P31	Q34770	instance-of
http://www.wikidata.org/entity/Q3502326	P31	Q34770	instance-of
http://www.wikidata.org/entity/Q3502338	P31	Q34770	instance-of
http://www.wikidata.org/entity/Q3502347	P31	Q34770	instance-of
http://www.wikidata.org/entity/Q3502575	P31	Q34770	instance-of
http://www.wikidata.org/entity/Q35026	P31	Q34770	instance-of
http://www.wikidata.org/entity/Q3502610	P31	Q34770	instance-of
http://www.wikidata.org/entity/Q35028	P31	Q34770	instance-of
http://www.wikidata.org/entity/Q3502895	P31	Q34770	instance-of
http://www.wikidata.org/entity/Q35029	P31	Q34770	instance-of
http://www.wikidata.org/entity/Q3503009	P31	Q34770	instance-of
http://www.wikidata.org/entity/Q35034	P31	Q34770	instance-of
http://www.wikidata.org/entity/Q3503403	P31	Q34770	instance-of
http://www.wikidata.org/entity/Q3503684	P31	Q34770	instance-of
http://www.wikidata.org/entity/Q3503788	P31	Q34770	instance-of
http://www.wikidata.org/entity/Q35038	P31	Q34770	instance-of
http://www.wikidata.org/entity/Q3503800	P31	Q34770	instance-of
http://www.wikidata.org/entity/Q3503856	P31	Q34770	instance-of
http://www.wikidata.org/entity/Q35040	P31	Q34770	instance-of
http://www.wikidata.org/entity/Q3504079	P31	Q34770	instance-of
http://www.wikidata.org/entity/Q3504087	P31	Q34770	instance-of
http://www.wikidata.org/entity/Q3504097	P31	Q34770	instance-of
http://www.wikidata.org/entity/Q3504106	P31	Q34770	instance-of
http://www.wikidata.org/entity/Q3504110	P31	Q34770	instance-of
http://www.wikidata.org/entity/Q3504118	P31	Q34770	instance-of
http://www.wikidata.org/entity/Q3504126	P31	Q34770	instance-of
http://www.wikidata.org/entity/Q3504147	P31	Q34770	instance-of
http://www.wikidata.org/entity/Q3504170	P31	Q34770	instance-of
http://www.wikidata.org/entity/Q3504178	P31	Q34770	instance-of
http://www.wikidata.org/entity/Q3504186	P31	Q34770	instance-of
http://www.wikidata.org/entity/Q35042	P31	Q34770	instance-of
http://www.wikidata.org/entity/Q3504201	P31	Q34770	instance-of
http://www.wikidata.org/entity/Q3504217	P31	Q34770	instance-of
http://www.wikidata.org/entity/Q3504260	P31	Q34770	instance-of
http://www.wikidata.org/entity/Q3504269	P31	Q34770	instance-of
http://www.wikidata.org/entity/Q3504287	P31	Q34770	instance-of
http://www.wikidata.org/entity/Q3504295	P31	Q34770	instance-of
http://www.wikidata.org/entity/Q35043	P31	Q34770	instance-of
http://www.wikidata.org/entity/Q3504312	P31	Q34770	instance-of
http://www.wikidata.org/entity/Q3504321	P31	Q34770	instance-of
http://www.wikidata.org/entity/Q3504331	P31	Q34770	instance-of
http://www.wikidata.org/entity/Q35044	P31	Q34770	instance-of
http://www.wikidata.org/entity/Q3504488	P31	Q34770	instance-of
http://www.wikidata.org/entity/Q35045	P31	Q515	instance-of
http://www.wikidata.org/entity/Q35046	P31	Q34770	instance-of
http://www.wikidata.org/entity/Q35048	P31	Q34770	instance-of
http://www.wikidata.org/entity/Q35050	P31	Q34770	instance-of
http://www.wikidata.org/entity/Q35052	P31	Q34770	instance-of
http://www.wikidata.org/entity/Q35055	P31	Q34770	instance-of
http://www.wikidata.org/entity/Q3505736	P31	Q34770	instance-of
http://www.wikidata.org/entity/Q35058	P31	Q34770	instance-of
http://www.wikidata.org/entity/Q3505859	P31	Q34770	instance-of
http://www.wikidata.org/entity/Q35061	P31	Q34770	instance-of
http://www.wikidata.org/entity/Q35063	P31	Q34770	instance-of
http://www.wikidata.org/entity/Q35065	P31	Q34770	instance-of
http://www.wikidata.org/entity/Q35067	P31	Q34770	instance-of
http://www.wikidata.org/entity/Q35068	P31	Q34770	instance-of
http://www.wikidata.org/entity/Q35071	P31	Q34770	instance-of
http://www.wikidata.org/entity/Q3507211	P31	Q34770	instance-of
http://www.wikidata.org/entity/Q35074	P31	Q34770	instance-of
http://www.wikidata.org/entity/Q3507479	P31	Q34770	instance-of
http://www.wikidata.org/entity/Q3507488	P31	Q34770	instance-of
http://www.wikidata.org/entity/Q35078	P31	Q34770	instance-of
http://www.wikidata.org/entity/Q3507832	P31	Q34770	instance-of
http://www.wikidata.org/entity/Q3507873	P31	Q34770	instance-of
http://www.wikidata.org/entity/Q3507881	P31	Q34770	instance-of
http://www.wikidata.org/entity/Q3507888	P31	Q34770	instance-of
http://www.wikidata.org/entity/Q3507895	P31	Q34770	instance-of
http://www.wikidata.org/entity/Q3507907	P31	Q34770	instance-of
http://www.wikidata.org/entity/Q3507920	P31	Q34770	instance-of
http://www.wikidata.org/entity/Q3507941	P31	Q34770	instance-of
http://www.wikidata.org/entity/Q3507959	P31	Q34770	instance-of
http://www.wikidata.org/entity/Q3507964	P31	Q34770	instance-of
http://www.wikidata.org/entity/Q3507971	P31	Q34770	instance-of
http://www.wikidata.org/entity/Q3507977	P31	Q34770	instance-of
http://www.wikidata.org/entity/Q3507983	P31	Q34770	instance-of
http://www.wikidata.org/entity/Q3507990	P31	Q34770	instance-of
http://www.wikidata.org/entity/Q3507995	P31	Q34770	instance-of
http://www.wikidata.org/entity/Q35080	P31	Q34770	instance-of
http://www.wikidata.org/entity/Q3508001	P31	Q34770	instance-of
http://www.wikidata.org/entity/Q3508007	P31	Q34770	instance-of
http://www.wikidata.org/entity/Q3508015	P31	Q34770	instance-of
http://www.wikidata.org/entity/Q3508025	P31	Q34770	instance-of
http://www.wikidata.org/entity/Q3508036	P31	Q34770	instance-of
http://www.wikidata.org/entity/Q3508044	P31	Q34770	instance-of
http://www.wikidata.org/entity/Q3508053	P31	Q34770	instance-of
http://www.wikidata.org/entity/Q3508067	P31	Q34770	instance-of
http://www.wikidata.org/entity/Q3508074	P31	Q34770	instance-of
http://www.wikidata.org/entity/Q3508100	P31	Q34770	instance-of
http://www.wikidata.org/entity/Q3508107	P31	Q34770	instance-of
http://www.wikidata.org/entity/Q3508116	P31	Q34770	instance-of
http://www.wikidata.org/entity/Q35083	P31	Q34770	instance-of
http://www.wikidata.org/entity/Q35084	P31	Q34770	instance-of
http://www.wikidata.org/entity/Q35085	P31	Q34770	instance-of
http://www.wikidata.org/entity/Q3508617	P31	Q34770	instance-of
http://www.wikidata.org/entity/Q35087	P31	Q34770	instance-of
http://www.wikidata.org/entity/Q3508760	P31	Q34770	instance-of
http://www.wikidata.org/entity/Q35088	P31	Q34770	instance-of
http://www.wikidata.org/entity/Q35089	P31	Q34770	instance-of
http://www.wikidata.org/entity/Q35091	P31	Q34770	instance-of
http://www.wikidata.org/entity/Q3509129	P31	Q34770	instance-of
http://www.wikidata.org/entity/Q3509164	P31	Q34770	instance-of
http://www.wikidata.org/entity/Q35092	P31	Q34770	instance-of
http://www.wikidata.org/entity/Q35095	P31	Q34770	instance-of
http://www.wikidata.org/entity/Q35096	P31	Q34770	instance-of
http://www.wikidata.org/entity/Q3509628	P31	Q34770	instance-of
http://www.wikidata.org/entity/Q35098	P31	Q34770	instance-of
http://www.wikidata.org/entity/Q35099	P31	Q34770	instance-of
http://www.wikidata.org/entity/Q35100	P31	Q34770	instance-of
http://www.wikidata.org/entity/Q35101	P31	Q34770	instance-of
http://www.wikidata.org/entity/Q35103	P31	Q34770	instance-of
http://www.wikidata.org/entity/Q35104	P31	Q34770	instance-of
http://www.wikidata.org/entity/Q35106	P31	Q34770	instance-of
http://www.wikidata.org/entity/Q35108	P31	Q34770	instance-of
http://www.wikidata.org/entity/Q35110	P31	Q34770	instance-of
http://www.wikidata.org/entity/Q35112	P31	Q34770	instance-of
http://www.wikidata.org/entity/Q35115	P31	Q34770	instance-of
http://www.wikidata.org/entity/Q3511919	P31	Q34770	instance-of
http://www.wikidata.org/entity/Q35121	P31	Q34770	instance-of
http://www.wikidata.org/entity/Q3512141	P31	Q34770	instance-of
http://www.wikidata.org/entity/Q35123	P31	Q34770	instance-of
http://www.wikidata.org/entity/Q3512660	P31	Q34770	instance-of
http://www.wikidata.org/entity/Q3512690	P31	Q34770	instance-of
http://www.wikidata.org/entity/Q35128	P31	Q34770	instance-of
http://www.wikidata.org/entity/Q35133	P31	Q34770	instance-of
http://www.wikidata.org/entity/Q3513326	P31	Q34770	instance-of
http://www.wikidata.org/entity/Q3513542	P31	Q34770	instance-of
http://www.wikidata.org/entity/Q3513597	P31	Q34770	instance-of
http://www.wikidata.org/entity/Q3513637	P31	Q34770	instance-of
http://www.wikidata.org/entity/Q35137	P31	Q34770	instance-of
http://www.wikidata.org/entity/Q35138	P31	Q34770	instance-of
http://www.wikidata.org/entity/Q35141	P31	Q34770	instance-of
http://www.wikidata.org/entity/Q3514220	P31	Q34770	instance-of
http://www.wikidata.org/entity/Q351427	P31	Q515	instance-of
http://www.wikidata.org/entity/Q3514336	P31	Q34770	instance-of
http://www.wikidata.org/entity/Q3514343	P31	Q34770	instance-of
http://www.wikidata.org/entity/Q3514481	P31	Q34770	instance-of
http://www.wikidata.org/entity/Q3514498	P31	Q34770	instance-of
http://www.wikidata.org/entity/Q35145	P31	Q34770	instance-of
http://www.wikidata.org/entity/Q3514510	P31	Q34770	instance-of
http://www.wikidata.org/entity/Q3514563	P31	Q34770	instance-of
http://www.wikidata.org/entity/Q3514714	P31	Q34770	instance-of
http://www.wikidata.org/entity/Q3514812	P31	Q34770	instance-of
http://www.wikidata.org/entity/Q3514851	P31	Q34770	instance-of
http://www.wikidata.org/entity/Q3514882	P31	Q34770	instance-of
http://www.wikidata.org/entity/Q3514892	P31	Q34770	instance-of
http://www.wikidata.org/entity/Q3514927	P31	Q34770	instance-of
http://www.wikidata.org/entity/Q3515056	P31	Q34770	instance-of
http://www.wikidata.org/entity/Q3515058	P31	Q34770	instance-of
http://www.wikidata.org/entity/Q3515061	P31	Q34770	instance-of
http://www.wikidata.org/entity/Q3515065	P31	Q34770	instance-of
http://www.wikidata.org/entity/Q3515067	P31	Q34770	instance-of
http://www.wikidata.org/entity/Q3515078	P31	Q34770	instance-of
http://www.wikidata.org/entity/Q3515084	P31	Q34770	instance-of
http://www.wikidata.org/entity/Q3515088	P31	Q34770	instance-of
http://www.wikidata.org/entity/Q3515096	P31	Q34770	instance-of
http://www.wikidata.org/entity/Q3515111	P31	Q34770	instance-of
http://www.wikidata.org/entity/Q3515185	P31	Q34770	instance-of
http://www.wikidata.org/entity/Q3515188	P31	Q34770	instance-of
http://www.wikidata.org/entity/Q3515198	P31	Q34770	instance-of
http://www.wikidata.org/entity/Q35152	P31	Q34770	instance-of
http://www.wikidata.org/entity/Q35154	P31	Q34770	instance-of
http://www.wikidata.org/entity/Q3515594	P31	Q34770	instance-of
http://www.wikidata.org/entity/Q35156	P31	Q34770	instance-of
http://www.wikidata.org/entity/Q3515603	P31	Q34770	instance-of
http://www.wikidata.org/entity/Q35157	P31	Q34770	instance-of
http://www.wikidata.org/entity/Q3516141	P31	Q34770	instance-of
http://www.wikidata.org/entity/Q35162	P31	Q34770	instance-of
http://www.wikidata.org/entity/Q35163	P31	Q34770	instance-of
http://www.wikidata.org/entity/Q351633	P31	Q34770	instance-of
http://www.wikidata.org/entity/Q35164	P31	Q34770	instance-of
http://www.wikidata.org/entity/Q3516641	P31	Q34770	instance-of
http://www.wikidata.org/entity/Q3516731	P31	Q34770	instance-of
http://www.wikidata.org/entity/Q35168	P31	Q34770	instance-of
http://www.wikidata.org/entity/Q35173	P31	Q34770	instance-of
http://www.wikidata.org/entity/Q35174	P31	Q34770	instance-of
http://www.wikidata.org/entity/Q35175	P31	Q34770	instance-of
http://www.wikidata.org/entity/Q35177	P31	Q34770	instance-of
http://www.wikidata.org/entity/Q35178	P31	Q515	instance-of
http://www.wikidata.org/entity/Q35179	P31	Q34770	instance-of
http://www.wikidata.org/entity/Q35180	P31	Q34770	instance-of
http://www.wikidata.org/entity/Q35182	P31	Q34770	instance-of
http://www.wikidata.org/entity/Q3518239	P31	Q34770	instance-of
http://www.wikidata.org/entity/Q3518245	P31	Q34770	instance-of
http://www.wikidata.org/entity/Q35183	P31	Q34770	instance-of
http://www.wikidata.org/entity/Q3518362	P31	Q34770	instance-of
http://www.wikidata.org/entity/Q3518379	P31	Q34770	instance-of
http://www.wikidata.org/entity/Q3518492	P31	Q34770	instance-of
http://www.wikidata.org/entity/Q35185	P31	Q34770	instance-of
http://www.wikidata.org/entity/Q35186	P31	Q34770	instance-of
http://www.wikidata.org/entity/Q35187	P31	Q34770	instance-of
http://www.wikidata.org/entity/Q35189	P31	Q34770	instance-of
http://www.wikidata.org/entity/Q3519	P31	Q515	instance-of
http://www.wikidata.org/entity/Q35190	P31	Q34770	instance-of
http://www.wikidata.org/entity/Q3519243	P31	Q34770	instance-of
http://www.wikidata.org/entity/Q35193	P31	Q34770	instance-of
http://www.wikidata.org/entity/Q3519302	P31	Q34770	instance-of
http://www.wikidata.org/entity/Q35194	P31	Q34770	instance-of
http://www.wikidata.org/entity/Q35196	P31	Q34770	instance-of
http://www.wikidata.org/entity/Q35199	P31	Q34770	instance-of
http://www.wikidata.org/entity/Q35202	P31	Q34770	instance-of
http://www.wikidata.org/entity/Q35206	P31	Q34770	instance-of
http://www.wikidata.org/entity/Q35208	P31	Q34770	instance-of
http://www.wikidata.org/entity/Q35214	P31	Q34770	instance-of
http://www.wikidata.org/entity/Q35215	P31	Q34770	instance-of
http://www.wikidata.org/entity/Q35218	P31	Q34770	instance-of
http://www.wikidata.org/entity/Q35219	P31	Q34770	instance-of
http://www.wikidata.org/entity/Q35222	P31	Q34770	instance-of
http://www.wikidata.org/entity/Q3522797	P31	Q34770	instance-of
http://www.wikidata.org/entity/Q35228	P31	Q34770	instance-of
http://www.wikidata.org/entity/Q35229	P31	Q34770	instance-of
http://www.wikidata.org/entity/Q35233	P31	Q34770	instance-of
http://www.wikidata.org/entity/Q35235	P31	Q34770	instance-of
http://www.wikidata.org/entity/Q35237	P31	Q34770	instance-of
http://www.wikidata.org/entity/Q35242	P31	Q34770	instance-of
http://www.wikidata.org/entity/Q35244	P31	Q34770	instance-of
http://www.wikidata.org/entity/Q35246	P31	Q515	instance-of
http://www.wikidata.org/entity/Q35247	P31	Q34770	instance-of
http://www.wikidata.org/entity/Q35250	P31	Q34770	instance-of
http://www.wikidata.org/entity/Q35251	P31	Q34770	instance-of
http://www.wikidata.org/entity/Q35254	P31	Q34770	instance-of
http://www.wikidata.org/entity/Q35256	P31	Q34770	instance-of
http://www.wikidata.org/entity/Q35257	P31	Q34770	instance-of
http://www.wikidata.org/entity/Q35258	P31	Q34770	instance-of
http://www.wikidata.org/entity/Q35259	P31	Q34770	instance-of
http://www.wikidata.org/entity/Q35260	P31	Q34770	instance-of
http://www.wikidata.org/entity/Q35262	P31	Q34770	instance-of
http://www.wikidata.org/entity/Q35263	P31	Q34770	instance-of
http://www.wikidata.org/entity/Q35265	P31	Q34770	instance-of
http://www.wikidata.org/entity/Q35266	P31	Q34770	instance-of
http://www.wikidata.org/entity/Q35267	P31	Q34770	instance-of
http://www.wikidata.org/entity/Q35268	P31	Q34770	instance-of
http://www.wikidata.org/entity/Q35270	P31	Q34770	instance-of
http://www.wikidata.org/entity/Q35271	P31	Q34770	instance-of
http://www.wikidata.org/entity/Q35272	P31	Q34770	instance-of
http://www.wikidata.org/entity/Q35274	P31	Q34770	instance-of
http://www.wikidata.org/entity/Q35278	P31	Q34770	instance-of
http://www.wikidata.org/entity/Q3528020	P31	Q34770	instance-of
http://www.wikidata.org/entity/Q3528199	P31	Q34770	instance-of
http://www.wikidata.org/entity/Q3528276	P31	Q34770	instance-of
http://www.wikidata.org/entity/Q35284	P31	Q34770	instance-of
http://www.wikidata.org/entity/Q35287	P31	Q34770	instance-of
http://www.wikidata.org/entity/Q35290	P31	Q34770	instance-of
http://www.wikidata.org/entity/Q35291	P31	Q34770	instance-of
http://www.wikidata.org/entity/Q3529155	P31	Q34770	instance-of
http://www.wikidata.org/entity/Q35292	P31	Q34770	instance-of
http://www.wikidata.org/entity/Q3529205	P31	Q34770	instance-of
http://www.wikidata.org/entity/Q35294	P31	Q34770	instance-of
http://www.wikidata.org/entity/Q35296	P31	Q34770	instance-of
http://www.wikidata.org/entity/Q35299	P31	Q34770	instance-of
http://www.wikidata.org/entity/Q35300	P31	Q34770	instance-of
http://www.wikidata.org/entity/Q35303	P31	Q34770	instance-of
http://www.wikidata.org/entity/Q3530330	P31	Q34770	instance-of
http://www.wikidata.org/entity/Q35306	P31	Q34770	instance-of
http://www.wikidata.org/entity/Q35309	P31	Q34770	instance-of
http://www.wikidata.org/entity/Q35311	P31	Q34770	instance-of
http://www.wikidata.org/entity/Q3531199	P31	Q34770	instance-of
http://www.wikidata.org/entity/Q35313	P31	Q34770	instance-of
http://www.wikidata.org/entity/Q3531388	P31	Q34770	instance-of
http://www.wikidata.org/entity/Q35315	P31	Q34770	instance-of
http://www.wikidata.org/entity/Q3531514	P31	Q34770	instance-of
http://www.wikidata.org/entity/Q35316	P31	Q34770	instance-of
http://www.wikidata.org/entity/Q3531659	P31	Q34770	instance-of
http://www.wikidata.org/entity/Q3531660	P31	Q34770	instance-of
http://www.wikidata.org/entity/Q3531666	P31	Q34770	instance-of
http://www.wikidata.org/entity/Q35317	P31	Q34770	instance-of
http://www.wikidata.org/entity/Q35318	P31	Q34770	instance-of
http://www.wikidata.org/entity/Q35319	P31	Q34770	instance-of
http://www.wikidata.org/entity/Q35322	P31	Q34770	instance-of
http://www.wikidata.org/entity/Q3532208	P31	Q34770	instance-of
http://www.wikidata.org/entity/Q3532287	P31	Q34770	instance-of
http://www.wikidata.org/entity/Q35323758	P31	Q34770	instance-of
http://www.wikidata.org/entity/Q35326	P31	Q34770	instance-of
http://www.wikidata.org/entity/Q35327	P31	Q34770	instance-of
http://www.wikidata.org/entity/Q3532756	P31	Q34770	instance-of
http://www.wikidata.org/entity/Q35329	P31	Q34770	instance-of
http://www.wikidata.org/entity/Q3532921	P31	Q3918	instance-of
http://www.wikidata.org/entity/Q35331	P31	Q34770	instance-of
http://www.wikidata.org/entity/Q35336	P31	Q34770	instance-of
http://www.wikidata.org/entity/Q35338	P31	Q34770	instance-of
http://www.wikidata.org/entity/Q35340	P31	Q34770	instance-of
http://www.wikidata.org/entity/Q35343	P31	Q34770	instance-of
http://www.wikidata.org/entity/Q35345	P31	Q34770	instance-of
http://www.wikidata.org/entity/Q35353	P31	Q34770	instance-of
http://www.wikidata.org/entity/Q35361	P31	Q34770	instance-of
http://www.wikidata.org/entity/Q35363	P31	Q34770	instance-of
http://www.wikidata.org/entity/Q35365	P31	Q34770	instance-of
http://www.wikidata.org/entity/Q35371	P31	Q34770	instance-of
http://www.wikidata.org/entity/Q3537135	P31	Q34770	instance-of
http://www.wikidata.org/entity/Q35375	P31	Q34770	instance-of
http://www.wikidata.org/entity/Q35377	P31	Q34770	instance-of
http://www.wikidata.org/entity/Q35379	P31	Q34770	instance-of
http://www.wikidata.org/entity/Q35381	P31	Q515	instance-of
http://www.wikidata.org/entity/Q35386	P31	Q34770	instance-of
http://www.wikidata.org/entity/Q35388	P31	Q34770	instance-of
http://www.wikidata.org/entity/Q35392	P31	Q34770	instance-of
http://www.wikidata.org/entity/Q3539279	P31	Q34770	instance-of
http://www.wikidata.org/entity/Q3539587	P31	Q34770	instance-of
http://www.wikidata.org/entity/Q35397	P31	Q34770	instance-of
http://www.wikidata.org/entity/Q35399	P31	Q34770	instance-of
http://www.wikidata.org/entity/Q35401	P31	Q34770	instance-of
http://www.wikidata.org/entity/Q35403	P31	Q34770	instance-of
http://www.wikidata.org/entity/Q35406	P31	Q34770	instance-of
http://www.wikidata.org/entity/Q35408	P31	Q34770	instance-of
http://www.wikidata.org/entity/Q3540927	P31	Q34770	instance-of
http://www.wikidata.org/entity/Q35412	P31	Q34770	instance-of
http://www.wikidata.org/entity/Q35414	P31	Q34770	instance-of
http://www.wikidata.org/entity/Q3541574	P31	Q34770	instance-of
http://www.wikidata.org/entity/Q3541581	P31	Q34770	instance-of
http://www.wikidata.org/entity/Q3541834	P31	Q34770	instance-of
http://www.wikidata.org/entity/Q3541935	P31	Q34770	instance-of
http://www.wikidata.org/entity/Q35420	P31	Q34770	instance-of
http://www.wikidata.org/entity/Q35420285	P31	Q34770	instance-of
http://www.wikidata.org/entity/Q3542085	P31	Q34770	instance-of
http://www.wikidata.org/entity/Q3542117	P31	Q34770	instance-of
http://www.wikidata.org/entity/Q3542217	P31	Q34770	instance-of
http://www.wikidata.org/entity/Q35423	P31	Q34770	instance-of
http://www.wikidata.org/entity/Q3542307	P31	Q34770	instance-of
http://www.wikidata.org/entity/Q35426	P31	Q34770	instance-of
http://www.wikidata.org/entity/Q35428	P31	Q34770	instance-of
http://www.wikidata.org/entity/Q3543	P31	Q515	instance-of
http://www.wikidata.org/entity/Q35431	P31	Q34770	instance-of
http://www.wikidata.org/entity/Q3543151	P31	Q34770	instance-of
http://www.wikidata.org/entity/Q35432	P31	Q34770	instance-of
http://www.wikidata.org/entity/Q35434	P31	Q34770	instance-of
http://www.wikidata.org/entity/Q35439	P31	Q34770	instance-of
http://www.wikidata.org/entity/Q35441	P31	Q34770	instance-of
http://www.wikidata.org/entity/Q35443	P31	Q34770	instance-of
http://www.wikidata.org/entity/Q35446	P31	Q34770	instance-of
http://www.wikidata.org/entity/Q35447	P31	Q34770	instance-of
http://www.wikidata.org/entity/Q35449	P31	Q34770	instance-of
http://www.wikidata.org/entity/Q3545044	P31	Q34770	instance-of
http://www.wikidata.org/entity/Q35455	P31	Q34770	instance-of
http://www.wikidata.org/entity/Q35457	P31	Q34770	instance-of
http://www.wikidata.org/entity/Q35463	P31	Q34770	instance-of
http://www.wikidata.org/entity/Q35467	P31	Q34770	instance-of
http://www.wikidata.org/entity/Q35472	P31	Q34770	instance-of
http://www.wikidata.org/entity/Q35474	P31	Q34770	instance-of
http://www.wikidata.org/entity/Q35475	P31	Q34770	instance-of
http://www.wikidata.org/entity/Q3547642	P31	Q34770	instance-of
http://www.wikidata.org/entity/Q35478	P31	Q34770	instance-of
http://www.wikidata.org/entity/Q35481	P31	Q34770	instance-of
http://www.wikidata.org/entity/Q3548186	P31	Q34770	instance-of
http://www.wikidata.org/entity/Q35483	P31	Q34770	instance-of
http://www.wikidata.org/entity/Q35486	P31	Q34770	instance-of
http://www.wikidata.org/entity/Q35490	P31	Q34770	instance-of
http://www.wikidata.org/entity/Q35491	P31	Q34770	instance-of
http://www.wikidata.org/entity/Q35492	P31	Q34770	instance-of
http://www.wikidata.org/entity/Q35493	P31	Q515	instance-of
http://www.wikidata.org/entity/Q35497	P31	Q34770	instance-of
http://www.wikidata.org/entity/Q35508	P31	Q34770	instance-of
http://www.wikidata.org/entity/Q3551	P31	Q515	instance-of
http://www.wikidata.org/entity/Q35519	P31	Q34770	instance-of
http://www.wikidata.org/entity/Q3552042	P31	Q34770	instance-of
http://www.wikidata.org/entity/Q35521	P31	Q34770	instance-of
http://www.wikidata.org/entity/Q35523	P31	Q34770	instance-of
http://www.wikidata.org/entity/Q35524	P31	Q34770	instance-of
http://www.wikidata.org/entity/Q35528	P31	Q34770	instance-of
http://www.wikidata.org/entity/Q35529	P31	Q34770	instance-of
http://www.wikidata.org/entity/Q35531	P31	Q34770	instance-of
http://www.wikidata.org/entity/Q3553248	P31	Q34770	instance-of
http://www.wikidata.org/entity/Q3553423	P31	Q34770	instance-of
http://www.wikidata.org/entity/Q3553459	P31	Q34770	instance-of
http://www.wikidata.org/entity/Q35536	P31	Q34770	instance-of
http://www.wikidata.org/entity/Q35537	P31	Q34770	instance-of
http://www.wikidata.org/entity/Q35539	P31	Q34770	instance-of
http://www.wikidata.org/entity/Q3553981	P31	Q34770	instance-of
http://www.wikidata.org/entity/Q35541	P31	Q34770	instance-of
http://www.wikidata.org/entity/Q35542	P31	Q34770	instance-of
http://www.wikidata.org/entity/Q3554582	P31	Q34770	instance-of
http://www.wikidata.org/entity/Q3554807	P31	Q34770	instance-of
http://www.wikidata.org/entity/Q35549	P31	Q34770	instance-of
http://www.wikidata.org/entity/Q35551	P31	Q34770	instance-of
http://www.wikidata.org/entity/Q35552	P31	Q34770	instance-of
http://www.wikidata.org/entity/Q35554	P31	Q34770	instance-of
http://www.wikidata.org/entity/Q35556	P31	Q34770	instance-of
http://www.wikidata.org/entity/Q3555689	P31	Q34770	instance-of
http://www.wikidata.org/entity/Q35559	P31	Q34770	instance-of
http://www.wikidata.org/entity/Q35561	P31	Q34770	instance-of
http://www.wikidata.org/entity/Q35562	P31	Q34770	instance-of
http://www.wikidata.org/entity/Q35564	P31	Q34770	instance-of
http://www.wikidata.org/entity/Q35566	P31	Q34770	instance-of
http://www.wikidata.org/entity/Q35567	P31	Q34770	instance-of
http://www.wikidata.org/entity/Q35568	P31	Q34770	instance-of
http://www.wikidata.org/entity/Q35573	P31	Q34770	instance-of
http://www.wikidata.org/entity/Q35575	P31	Q34770	instance-of
http://www.wikidata.org/entity/Q35577	P31	Q34770	instance-of
http://www.wikidata.org/entity/Q35579	P31	Q34770	instance-of
http://www.wikidata.org/entity/Q35580	P31	Q34770	instance-of
http://www.wikidata.org/entity/Q35582	P31	Q34770	instance-of
http://www.wikidata.org/entity/Q3558409	P31	Q34770	instance-of
http://www.wikidata.org/entity/Q35585	P31	Q34770	instance-of
http://www.wikidata.org/entity/Q35586	P31	Q34770	instance-of
http://www.wikidata.org/entity/Q35588	P31	Q34770	instance-of
http://www.wikidata.org/entity/Q35593	P31	Q34770	instance-of
http://www.wikidata.org/entity/Q35595	P31	Q34770	instance-of
http://www.wikidata.org/entity/Q35596	P31	Q34770	instance-of
http://www.wikidata.org/entity/Q35597	P31	Q34770	instance-of
http://www.wikidata.org/entity/Q35602	P31	Q34770	instance-of
http://www.wikidata.org/entity/Q35607	P31	Q34770	instance-of
http://www.wikidata.org/entity/Q35609	P31	Q34770	instance-of
http://www.wikidata.org/entity/Q3561	P31	Q515	instance-of
http://www.wikidata.org/entity/Q35613	P31	Q34770	instance-of
http://www.wikidata.org/entity/Q35614	P31	Q34770	instance-of
http://www.wikidata.org/entity/Q35624	P31	Q34770	instance-of
http://www.wikidata.org/entity/Q35626	P31	Q34770	instance-of
http://www.wikidata.org/entity/Q35628	P31	Q34770	instance-of
http://www.wikidata.org/entity/Q3562943	P31	Q515	instance-of
http://www.wikidata.org/entity/Q35632	P31	Q34770	instance-of
http://www.wikidata.org/entity/Q35634	P31	Q34770	instance-of
http://www.wikidata.org/entity/Q35636	P31	Q34770	instance-of
http://www.wikidata.org/entity/Q3563857	P31	Q34770	instance-of
http://www.wikidata.org/entity/Q35641	P31	Q34770	instance-of
http://www.wikidata.org/entity/Q35643	P31	Q34770	instance-of
http://www.wikidata.org/entity/Q35645	P31	Q34770	instance-of
http://www.wikidata.org/entity/Q35650	P31	Q34770	instance-of
http://www.wikidata.org/entity/Q3565058	P31	Q34770	instance-of
http://www.wikidata.org/entity/Q35651	P31	Q34770	instance-of
http://www.wikidata.org/entity/Q3565122	P31	Q34770	instance-of
http://www.wikidata.org/entity/Q35652	P31	Q34770	instance-of
http://www.wikidata.org/entity/Q3565284	P31	Q34770	instance-of
http://www.wikidata.org/entity/Q3565286	P31	Q34770	instance-of
http://www.wikidata.org/entity/Q35655	P31	Q34770	instance-of
http://www.wikidata.org/entity/Q35660	P31	Q34770	instance-of
http://www.wikidata.org/entity/Q3566001	P31	Q34770	instance-of
http://www.wikidata.org/entity/Q3566166	P31	Q34770	instance-of
http://www.wikidata.org/entity/Q35662	P31	Q34770	instance-of
http://www.wikidata.org/entity/Q35663	P31	Q34770	instance-of
http://www.wikidata.org/entity/Q35664	P31	Q34770	instance-of
http://www.wikidata.org/entity/Q3566463	P31	Q34770	instance-of
http://www.wikidata.org/entity/Q3566597	P31	Q34770	instance-of
http://www.wikidata.org/entity/Q35667	P31	Q34770	instance-of
http://www.wikidata.org/entity/Q3566780	P31	Q34770	instance-of
http://www.wikidata.org/entity/Q35670	P31	Q34770	instance-of
http://www.wikidata.org/entity/Q35671	P31	Q34770	instance-of
http://www.wikidata.org/entity/Q3567223	P31	Q34770	instance-of
http://www.wikidata.org/entity/Q35673	P31	Q34770	instance-of
http://www.wikidata.org/entity/Q35674	P31	Q34770	instance-of
http://www.wikidata.org/entity/Q35675	P31	Q34770	instance-of
http://www.wikidata.org/entity/Q35677	P31	Q34770	instance-of
http://www.wikidata.org/entity/Q35679	P31	Q34770	instance-of
http://www.wikidata.org/entity/Q35680	P31	Q34770	instance-of
http://www.wikidata.org/entity/Q35681	P31	Q34770	instance-of
http://www.wikidata.org/entity/Q35682	P31	Q34770	instance-of
http://www.wikidata.org/entity/Q35683	P31	Q34770	instance-of
http://www.wikidata.org/entity/Q35685	P31	Q34770	instance-of
http://www.wikidata.org/entity/Q35687	P31	Q34770	instance-of
http://www.wikidata.org/entity/Q35688	P31	Q34770	instance-of
http://www.wikidata.org/entity/Q35693	P31	Q34770	instance-of
http://www.wikidata.org/entity/Q3569569	P31	Q34770	instance-of
http://www.wikidata.org/entity/Q35696	P31	Q34770	instance-of
http://www.wikidata.org/entity/Q35697	P31	Q34770	instance-of
http://www.wikidata.org/entity/Q35699	P31	Q34770	instance-of
http://www.wikidata.org/entity/Q35700	P31	Q34770	instance-of
http://www.wikidata.org/entity/Q35701	P31	Q34770	instance-of
http://www.wikidata.org/entity/Q35704	P31	Q34770	instance-of
http://www.wikidata.org/entity/Q35707	P31	Q34770	instance-of
http://www.wikidata.org/entity/Q35708	P31	Q34770	instance-of
http://www.wikidata.org/entity/Q3571097	P31	Q34770	instance-of
http://www.wikidata.org/entity/Q35711	P31	Q34770	instance-of
http://www.wikidata.org/entity/Q3571231	P31	Q34770	instance-of
http://www.wikidata.org/entity/Q3571232	P31	Q34770	instance-of
http://www.wikidata.org/entity/Q3571238	P31	Q34770	instance-of
http://www.wikidata.org/entity/Q35713	P31	Q34770	instance-of
http://www.wikidata.org/entity/Q3571351	P31	Q34770	instance-of
http://www.wikidata.org/entity/Q3571364	P31	Q34770	instance-of
http://www.wikidata.org/entity/Q35716	P31	Q34770	instance-of
http://www.wikidata.org/entity/Q3571876	P31	Q34770	instance-of
http://www.wikidata.org/entity/Q3572020	P31	Q34770	instance-of
http://www.wikidata.org/entity/Q3572191	P31	Q34770	instance-of
http://www.wikidata.org/entity/Q3572572	P31	Q34770	instance-of
http://www.wikidata.org/entity/Q35726	P31	Q34770	instance-of
http://www.wikidata.org/entity/Q35727	P31	Q34770	instance-of
http://www.wikidata.org/entity/Q3573088	P31	Q34770	instance-of
http://www.wikidata.org/entity/Q35731	P31	Q34770	instance-of
http://www.wikidata.org/entity/Q3573115	P31	Q34770	instance-of
http://www.wikidata.org/entity/Q3573199	P31	Q34770	instance-of
http://www.wikidata.org/entity/Q3573266	P31	Q34770	instance-of
http://www.wikidata.org/entity/Q35737	P31	Q34770	instance-of
http://www.wikidata.org/entity/Q35741	P31	Q34770	instance-of
http://www.wikidata.org/entity/Q35746	P31	Q34770	instance-of
http://www.wikidata.org/entity/Q35748	P31	Q34770	instance-of
http://www.wikidata.org/entity/Q3574815	P31	Q34770	instance-of
http://www.wikidata.org/entity/Q3574818	P31	Q34770	instance-of
http://www.wikidata.org/entity/Q3574969	P31	Q34770	instance-of
http://www.wikidata.org/entity/Q35751	P31	Q34770	instance-of
http://www.wikidata.org/entity/Q3575458	P31	Q34770	instance-of
http://www.wikidata.org/entity/Q35755	P31	Q34770	instance-of
http://www.wikidata.org/entity/Q3575552	P31	Q34770	instance-of
http://www.wikidata.org/entity/Q35761	P31	Q34770	instance-of
http://www.wikidata.org/entity/Q35762	P31	Q34770	instance-of
http://www.wikidata.org/entity/Q35764	P31	Q34770	instance-of
http://www.wikidata.org/entity/Q35766	P31	Q34770	instance-of
http://www.wikidata.org/entity/Q35768	P31	Q34770	instance-of
http://www.wikidata.org/entity/Q35770	P31	Q34770	instance-of
http://www.wikidata.org/entity/Q35771	P31	Q34770	instance-of
http://www.wikidata.org/entity/Q35774	P31	Q34770	instance-of
http://www.wikidata.org/entity/Q35777	P31	Q34770	instance-of
http://www.wikidata.org/entity/Q35779	P31	Q34770	instance-of
http://www.wikidata.org/entity/Q35780	P31	Q34770	instance-of
http://www.wikidata.org/entity/Q35782	P31	Q34770	instance-of
http://www.wikidata.org/entity/Q35784	P31	Q515	instance-of
http://www.wikidata.org/entity/Q35785	P31	Q34770	instance-of
http://www.wikidata.org/entity/Q35787	P31	Q34770	instance-of
http://www.wikidata.org/entity/Q35789	P31	Q34770	instance-of
http://www.wikidata.org/entity/Q3579	P31	Q515	instance-of
http://www.wikidata.org/entity/Q35790	P31	Q34770	instance-of
http://www.wikidata.org/entity/Q35795	P31	Q34770	instance-of
http://www.wikidata.org/entity/Q35796	P31	Q34770	instance-of
http://www.wikidata.org/entity/Q35797	P31	Q34770	instance-of
http://www.wikidata.org/entity/Q35799	P31	Q34770	instance-of
http://www.wikidata.org/entity/Q35800	P31	Q34770	instance-of
http://www.wikidata.org/entity/Q35801	P31	Q34770	instance-of
http://www.wikidata.org/entity/Q35803	P31	Q34770	instance-of
http://www.wikidata.org/entity/Q35804	P31	Q34770	instance-of
http://www.wikidata.org/entity/Q35806	P31	Q34770	instance-of
http://www.wikidata.org/entity/Q35807	P31	Q34770	instance-of
http://www.wikidata.org/entity/Q35809	P31	Q34770	instance-of
http://www.wikidata.org/entity/Q35813	P31	Q34770	instance-of
http://www.wikidata.org/entity/Q35814	P31	Q34770	instance-of
http://www.wikidata.org/entity/Q35816	P31	Q34770	instance-of
http://www.wikidata.org/entity/Q35819	P31	Q34770	instance-of
http://www.wikidata.org/entity/Q35822	P31	Q34770	instance-of
http://www.wikidata.org/entity/Q35824	P31	Q34770	instance-of
http://www.wikidata.org/entity/Q35825	P31	Q34770	instance-of
http://www.wikidata.org/entity/Q35828	P31	Q34770	instance-of
http://www.wikidata.org/entity/Q35832	P31	Q34770	instance-of
http://www.wikidata.org/entity/Q35837	P31	Q34770	instance-of
http://www.wikidata.org/entity/Q35839	P31	Q34770	instance-of
http://www.wikidata.org/entity/Q35842	P31	Q34770	instance-of
http://www.wikidata.org/entity/Q35844	P31	Q34770	instance-of
http://www.wikidata.org/entity/Q35845	P31	Q34770	instance-of
http://www.wikidata.org/entity/Q35857	P31	Q34770	instance-of
http://www.wikidata.org/entity/Q35859	P31	Q34770	instance-of
http://www.wikidata.org/entity/Q35860	P31	Q34770	instance-of
http://www.wikidata.org/entity/Q35861	P31	Q34770	instance-of
http://www.wikidata.org/entity/Q35862	P31	Q34770	instance-of
http://www.wikidata.org/entity/Q35863	P31	Q34770	instance-of
http://www.wikidata.org/entity/Q35868	P31	Q34770	instance-of
http://www.wikidata.org/entity/Q35876	P31	Q34770	instance-of
http://www.wikidata.org/entity/Q35877	P31	Q34770	instance-of
http://www.wikidata.org/entity/Q35880	P31	Q34770	instance-of
http://www.wikidata.org/entity/Q35885	P31	Q34770	instance-of
http://www.wikidata.org/entity/Q35888	P31	Q34770	instance-of
http://www.wikidata.org/entity/Q3588942	P31	Q34770	instance-of
http://www.wikidata.org/entity/Q35893	P31	Q34770	instance-of
http://www.wikidata.org/entity/Q35894	P31	Q34770	instance-of
http://www.wikidata.org/entity/Q35898	P31	Q34770	instance-of
http://www.wikidata.org/entity/Q35901	P31	Q34770	instance-of
http://www.wikidata.org/entity/Q35906	P31	Q34770	instance-of
http://www.wikidata.org/entity/Q35908	P31	Q34770	instance-of
http://www.wikidata.org/entity/Q35913	P31	Q34770	instance-of
http://www.wikidata.org/entity/Q35915	P31	Q34770	instance-of
http://www.wikidata.org/entity/Q35917	P31	Q34770	instance-of
http://www.wikidata.org/entity/Q35923	P31	Q34770	instance-of
http://www.wikidata.org/entity/Q35924	P31	Q34770	instance-of
http://www.wikidata.org/entity/Q35929	P31	Q34770	instance-of
http://www.wikidata.org/entity/Q35936	P31	Q34770	instance-of
http://www.wikidata.org/entity/Q35950	P31	Q34770	instance-of
http://www.wikidata.org/entity/Q35959	P31	Q34770	instance-of
http://www.wikidata.org/entity/Q35961	P31	Q34770	instance-of
http://www.wikidata.org/entity/Q35965	P31	Q34770	instance-of
http://www.wikidata.org/entity/Q35967	P31	Q34770	instance-of
http://www.wikidata.org/entity/Q35969	P31	Q34770	instance-of
http://www.wikidata.org/entity/Q35972	P31	Q34770	instance-of
http://www.wikidata.org/entity/Q35974	P31	Q34770	instance-of
http://www.wikidata.org/entity/Q35976053	P31	Q34770	instance-of
http://www.wikidata.org/entity/Q35981	P31	Q34770	instance-of
http://www.wikidata.org/entity/Q35983	P31	Q34770	instance-of
http://www.wikidata.org/entity/Q35988	P31	Q34770	instance-of
http://www.wikidata.org/entity/Q35991	P31	Q34770	instance-of
http://www.wikidata.org/entity/Q35995	P31	Q34770	instance-of
http://www.wikidata.org/entity/Q35999	P31	Q34770	instance-of
http://www.wikidata.org/entity/Q36	P31	Q6256	instance-of
http://www.wikidata.org/entity/Q36000	P31	Q34770	instance-of
http://www.wikidata.org/entity/Q36002	P31	Q34770	instance-of
http://www.wikidata.org/entity/Q36003	P31	Q34770	instance-of
http://www.wikidata.org/entity/Q36007	P31	Q34770	instance-of
http://www.wikidata.org/entity/Q36009	P31	Q34770	instance-of
http://www.wikidata.org/entity/Q36010	P31	Q34770	instance-of
http://www.wikidata.org/entity/Q36011	P31	Q34770	instance-of
http://www.wikidata.org/entity/Q36013	P31	Q34770	instance-of
http://www.wikidata.org/entity/Q36016	P31	Q34770	instance-of
http://www.wikidata.org/entity/Q36017	P31	Q34770	instance-of
http://www.wikidata.org/entity/Q36019	P31	Q34770	instance-of
http://www.wikidata.org/entity/Q36021	P31	Q34770	instance-of
http://www.wikidata.org/entity/Q36022	P31	Q34770	instance-of
http://www.wikidata.org/entity/Q36026	P31	Q34770	instance-of
http://www.wikidata.org/entity/Q36028	P31	Q34770	instance-of
http://www.wikidata.org/entity/Q36030	P31	Q34770	instance-of
http://www.wikidata.org/entity/Q36038	P31	Q34770	instance-of
http://www.wikidata.org/entity/Q3603807	P31	Q34770	instance-of
http://www.wikidata.org/entity/Q3604	P31	Q515	instance-of
http://www.wikidata.org/entity/Q36041	P31	Q34770	instance-of
http://www.wikidata.org/entity/Q36042	P31	Q34770	instance-of
http://www.wikidata.org/entity/Q36045	P31	Q34770	instance-of
http://www.wikidata.org/entity/Q36047	P31	Q34770	instance-of
http://www.wikidata.org/entity/Q36051	P31	Q34770	instance-of
http://www.wikidata.org/entity/Q36054	P31	Q34770	instance-of
http://www.wikidata.org/entity/Q36056	P31	Q34770	instance-of
http://www.wikidata.org/entity/Q36058	P31	Q34770	instance-of
http://www.wikidata.org/entity/Q36062	P31	Q34770	instance-of
http://www.wikidata.org/entity/Q36064	P31	Q34770	instance-of
http://www.wikidata.org/entity/Q36066	P31	Q34770	instance-of
http://www.wikidata.org/entity/Q36068	P31	Q34770	instance-of
http://www.wikidata.org/entity/Q36069	P31	Q34770	instance-of
http://www.wikidata.org/entity/Q36072	P31	Q34770	instance-of
http://www.wikidata.org/entity/Q36078	P31	Q34770	instance-of
http://www.wikidata.org/entity/Q36080	P31	Q34770	instance-of
http://www.wikidata.org/entity/Q36083	P31	Q34770	instance-of
http://www.wikidata.org/entity/Q36085	P31	Q34770	instance-of
http://www.wikidata.org/entity/Q36087	P31	Q34770	instance-of
http://www.wikidata.org/entity/Q36089	P31	Q34770	instance-of
http://www.wikidata.org/entity/Q36095	P31	Q34770	instance-of
http://www.wikidata.org/entity/Q36096	P31	Q34770	instance-of
http://www.wikidata.org/entity/Q36098	P31	Q34770	instance-of
http://www.wikidata.org/entity/Q3610939	P31	Q34770	instance-of
http://www.wikidata.org/entity/Q36112	P31	Q34770	instance-of
http://www.wikidata.org/entity/Q36121	P31	Q34770	instance-of
http://www.wikidata.org/entity/Q36127	P31	Q34770	instance-of
http://www.wikidata.org/entity/Q36128	P31	Q34770	instance-of
http://www.wikidata.org/entity/Q36129	P31	Q34770	instance-of
http://www.wikidata.org/entity/Q36132	P31	Q34770	instance-of
http://www.wikidata.org/entity/Q36140	P31	Q34770	instance-of
http://www.wikidata.org/entity/Q36141	P31	Q34770	instance-of
http://www.wikidata.org/entity/Q36143	P31	Q34770	instance-of
http://www.wikidata.org/entity/Q36147	P31	Q34770	instance-of
http://www.wikidata.org/entity/Q36149	P31	Q34770	instance-of
http://www.wikidata.org/entity/Q36151	P31	Q34770	instance-of
http://www.wikidata.org/entity/Q36152	P31	Q34770	instance-of
http://www.wikidata.org/entity/Q36157	P31	Q34770	instance-of
http://www.wikidata.org/entity/Q3615900	P31	Q34770	instance-of
http://www.wikidata.org/entity/Q36162	P31	Q34770	instance-of
http://www.wikidata.org/entity/Q3616358	P31	Q34770	instance-of
http://www.wikidata.org/entity/Q36165	P31	Q34770	instance-of
http://www.wikidata.org/entity/Q36166	P31	Q34770	instance-of
http://www.wikidata.org/entity/Q36168	P31	Q515	instance-of
http://www.wikidata.org/entity/Q36170	P31	Q34770	instance-of
http://www.wikidata.org/entity/Q36172	P31	Q34770	instance-of
http://www.wikidata.org/entity/Q36173	P31	Q34770	instance-of
http://www.wikidata.org/entity/Q36176	P31	Q34770	instance-of
http://www.wikidata.org/entity/Q36179	P31	Q34770	instance-of
http://www.wikidata.org/entity/Q36181	P31	Q34770	instance-of
http://www.wikidata.org/entity/Q36183	P31	Q34770	instance-of
http://www.wikidata.org/entity/Q36187	P31	Q34770	instance-of
http://www.wikidata.org/entity/Q36189	P31	Q34770	instance-of
http://www.wikidata.org/entity/Q36199	P31	Q34770	instance-of
http://www.wikidata.org/entity/Q36202	P31	Q34770	instance-of
http://www.wikidata.org/entity/Q36211907	P31	Q34770	instance-of
http://www.wikidata.org/entity/Q36218	P31	Q34770	instance-of
http://www.wikidata.org/entity/Q36220	P31	Q34770	instance-of
http://www.wikidata.org/entity/Q36221	P31	Q34770	instance-of
http://www.wikidata.org/entity/Q3622471	P31	Q9143	instance-of
http://www.wikidata.org/entity/Q36228	P31	Q34770	instance-of
http://www.wikidata.org/entity/Q36230	P31	Q34770	instance-of
http://www.wikidata.org/entity/Q36237	P31	Q34770	instance-of
http://www.wikidata.org/entity/Q3624	P31	Q515	instance-of
http://www.wikidata.org/entity/Q36241	P31	Q34770	instance-of
http://www.wikidata.org/entity/Q36243	P31	Q34770	instance-of
http://www.wikidata.org/entity/Q36246	P31	Q34770	instance-of
http://www.wikidata.org/entity/Q36249	P31	Q34770	instance-of
http://www.wikidata.org/entity/Q36250	P31	Q34770	instance-of
http://www.wikidata.org/entity/Q36252	P31	Q34770	instance-of
http://www.wikidata.org/entity/Q36256	P31	Q34770	instance-of
http://www.wikidata.org/entity/Q36257	P31	Q34770	instance-of
http://www.wikidata.org/entity/Q36258	P31	Q34770	instance-of
http://www.wikidata.org/entity/Q36260	P31	Q515	instance-of
http://www.wikidata.org/entity/Q36262	P31	Q515	instance-of
http://www.wikidata.org/entity/Q36263	P31	Q34770	instance-of
http://www.wikidata.org/entity/Q36264959	P31	Q34770	instance-of
http://www.wikidata.org/entity/Q36265	P31	Q34770	instance-of
http://www.wikidata.org/entity/Q36266	P31	Q34770	instance-of
http://www.wikidata.org/entity/Q36267	P31	Q34770	instance-of
http://www.wikidata.org/entity/Q36269	P31	Q34770	instance-of
http://www.wikidata.org/entity/Q36270	P31	Q34770	instance-of
http://www.wikidata.org/entity/Q36272	P31	Q34770	instance-of
http://www.wikidata.org/entity/Q36274	P31	Q34770	instance-of
http://www.wikidata.org/entity/Q36278	P31	Q34770	instance-of
http://www.wikidata.org/entity/Q36281	P31	Q515	instance-of
http://www.wikidata.org/entity/Q36282	P31	Q34770	instance-of
http://www.wikidata.org/entity/Q36287	P31	Q34770	instance-of
http://www.wikidata.org/entity/Q36289	P31	Q34770	instance-of
http://www.wikidata.org/entity/Q36292	P31	Q34770	instance-of
http://www.wikidata.org/entity/Q36294	P31	Q34770	instance-of
http://www.wikidata.org/entity/Q36296	P31	Q34770	instance-of
http://www.wikidata.org/entity/Q36298	P31	Q34770	instance-of
http://www.wikidata.org/entity/Q36299	P31	Q34770	instance-of
http://www.wikidata.org/entity/Q36300	P31	Q34770	instance-of
http://www.wikidata.org/entity/Q36304	P31	Q34770	instance-of
http://www.wikidata.org/entity/Q36306	P31	Q34770	instance-of
http://www.wikidata.org/entity/Q36308	P31	Q34770	instance-of
http://www.wikidata.org/entity/Q36309	P31	Q34770	instance-of
http://www.wikidata.org/entity/Q36312	P31	Q515	instance-of
http://www.wikidata.org/entity/Q36313	P31	Q34770	instance-of
http://www.wikidata.org/entity/Q36314	P31	Q34770	instance-of
http://www.wikidata.org/entity/Q36316	P31	Q34770	instance-of
http://www.wikidata.org/entity/Q36318	P31	Q34770	instance-of
http://www.wikidata.org/entity/Q36321	P31	Q34770	instance-of
http://www.wikidata.org/entity/Q36323	P31	Q34770	instance-of
http://www.wikidata.org/entity/Q36327	P31	Q34770	instance-of
http://www.wikidata.org/entity/Q36328	P31	Q34770	instance-of
http://www.wikidata.org/entity/Q36331	P31	Q34770	instance-of
http://www.wikidata.org/entity/Q36334	P31	Q34770	instance-of
http://www.wikidata.org/entity/Q36337	P31	Q34770	instance-of
http://www.wikidata.org/entity/Q36339	P31	Q34770	instance-of
http://www.wikidata.org/entity/Q36342	P31	Q34770	instance-of
http://www.wikidata.org/entity/Q36344	P31	Q34770	instance-of
http://www.wikidata.org/entity/Q36346	P31	Q34770	instance-of
http://www.wikidata.org/entity/Q3635276	P31	Q515	instance-of
http://www.wikidata.org/entity/Q36353	P31	Q34770	instance-of
http://www.wikidata.org/entity/Q3636023	P31	Q515	instance-of
http://www.wikidata.org/entity/Q36361	P31	Q34770	instance-of
http://www.wikidata.org/entity/Q36364	P31	Q34770	instance-of
http://www.wikidata.org/entity/Q36368	P31	Q34770	instance-of
http://www.wikidata.org/entity/Q36373	P31	Q34770	instance-of
http://www.wikidata.org/entity/Q36374	P31	Q34770	instance-of
http://www.wikidata.org/entity/Q36375	P31	Q34770	instance-of
http://www.wikidata.org/entity/Q36377	P31	Q34770	instance-of
http://www.wikidata.org/entity/Q36380	P31	Q43229	instance-of
http://www.wikidata.org/entity/Q36381	P31	Q34770	instance-of
http://www.wikidata.org/entity/Q36383	P31	Q34770	instance-of
http://www.wikidata.org/entity/Q36388	P31	Q34770	instance-of
http://www.wikidata.org/entity/Q3639	P31	Q515	instance-of
http://www.wikidata.org/entity/Q36390	P31	Q34770	instance-of
http://www.wikidata.org/entity/Q36397	P31	Q34770	instance-of
http://www.wikidata.org/entity/Q36399	P31	Q515	instance-of
http://www.wikidata.org/entity/Q3640	P31	Q515	instance-of
http://www.wikidata.org/entity/Q36400	P31	Q34770	instance-of
http://www.wikidata.org/entity/Q36401	P31	Q34770	instance-of
http://www.wikidata.org/entity/Q36403	P31	Q34770	instance-of
http://www.wikidata.org/entity/Q36405	P31	Q515	instance-of
http://www.wikidata.org/entity/Q36407	P31	Q34770	instance-of
http://www.wikidata.org/entity/Q36408	P31	Q34770	instance-of
http://www.wikidata.org/entity/Q36410	P31	Q34770	instance-of
http://www.wikidata.org/entity/Q36412	P31	Q34770	instance-of
http://www.wikidata.org/entity/Q36414	P31	Q34770	instance-of
http://www.wikidata.org/entity/Q36416	P31	Q34770	instance-of
http://www.wikidata.org/entity/Q36417	P31	Q34770	instance-of
http://www.wikidata.org/entity/Q36418	P31	Q34770	instance-of
http://www.wikidata.org/entity/Q3642	P31	Q515	instance-of
http://www.wikidata.org/entity/Q36421	P31	Q34770	instance-of
http://www.wikidata.org/entity/Q36425	P31	Q34770	instance-of
http://www.wikidata.org/entity/Q36426	P31	Q34770	instance-of
http://www.wikidata.org/entity/Q36428	P31	Q34770	instance-of
http://www.wikidata.org/entity/Q36430	P31	Q34770	instance-of
http://www.wikidata.org/entity/Q36431	P31	Q34770	instance-of
http://www.wikidata.org/entity/Q36432	P31	Q34770	instance-of
http://www.wikidata.org/entity/Q36437	P31	Q34770	instance-of
http://www.wikidata.org/entity/Q36439	P31	Q34770	instance-of
http://www.wikidata.org/entity/Q36443	P31	Q34770	instance-of
http://www.wikidata.org/entity/Q36444	P31	Q34770	instance-of
http://www.wikidata.org/entity/Q36447	P31	Q34770	instance-of
http://www.wikidata.org/entity/Q36457	P31	Q34770	instance-of
http://www.wikidata.org/entity/Q36459	P31	Q34770	instance-of
http://www.wikidata.org/entity/Q36464	P31	Q34770	instance-of
http://www.wikidata.org/entity/Q36466	P31	Q34770	instance-of
http://www.wikidata.org/entity/Q36467	P31	Q34770	instance-of
http://www.wikidata.org/entity/Q36470	P31	Q34770	instance-of
http://www.wikidata.org/entity/Q36473	P31	Q34770	instance-of
http://www.wikidata.org/entity/Q36475	P31	Q34770	instance-of
http://www.wikidata.org/entity/Q36478	P31	Q34770	instance-of
http://www.wikidata.org/entity/Q36481	P31	Q34770	instance-of
http://www.wikidata.org/entity/Q36483	P31	Q34770	instance-of
http://www.wikidata.org/entity/Q36486	P31	Q34770	instance-of
http://www.wikidata.org/entity/Q36503	P31	Q34770	instance-of
http://www.wikidata.org/entity/Q36510	P31	Q34770	instance-of
http://www.wikidata.org/entity/Q36511	P31	Q34770	instance-of
http://www.wikidata.org/entity/Q36514	P31	Q34770	instance-of
http://www.wikidata.org/entity/Q36515	P31	Q34770	instance-of
http://www.wikidata.org/entity/Q36518	P31	Q34770	instance-of
http://www.wikidata.org/entity/Q36520	P31	Q34770	instance-of
http://www.wikidata.org/entity/Q36522	P31	Q34770	instance-of
http://www.wikidata.org/entity/Q36525	P31	Q34770	instance-of
http://www.wikidata.org/entity/Q36527	P31	Q34770	instance-of
http://www.wikidata.org/entity/Q36531	P31	Q34770	instance-of
http://www.wikidata.org/entity/Q36532	P31	Q34770	instance-of
http://www.wikidata.org/entity/Q36533	P31	Q34770	instance-of
http://www.wikidata.org/entity/Q36535	P31	Q34770	instance-of
http://www.wikidata.org/entity/Q36536	P31	Q34770	instance-of
http://www.wikidata.org/entity/Q36537	P31	Q34770	instance-of
http://www.wikidata.org/entity/Q36538	P31	Q34770	instance-of
http://www.wikidata.org/entity/Q36540	P31	Q34770	instance-of
http://www.wikidata.org/entity/Q36543	P31	Q34770	instance-of
http://www.wikidata.org/entity/Q36545	P31	Q34770	instance-of
http://www.wikidata.org/entity/Q36547	P31	Q34770	instance-of
http://www.wikidata.org/entity/Q36556	P31	Q34770	instance-of
http://www.wikidata.org/entity/Q36558	P31	Q34770	instance-of
http://www.wikidata.org/entity/Q36560	P31	Q34770	instance-of
http://www.wikidata.org/entity/Q36564	P31	Q34770	instance-of
http://www.wikidata.org/entity/Q36566	P31	Q34770	instance-of
http://www.wikidata.org/entity/Q36568	P31	Q34770	instance-of
http://www.wikidata.org/entity/Q36570	P31	Q34770	instance-of
http://www.wikidata.org/entity/Q36582	P31	Q34770	instance-of
http://www.wikidata.org/entity/Q36583	P31	Q34770	instance-of
http://www.wikidata.org/entity/Q36584	P31	Q34770	instance-of
http://www.wikidata.org/entity/Q36586	P31	Q34770	instance-of
http://www.wikidata.org/entity/Q36589	P31	Q34770	instance-of
http://www.wikidata.org/entity/Q3659	P31	Q515	instance-of
http://www.wikidata.org/entity/Q36590	P31	Q34770	instance-of
http://www.wikidata.org/entity/Q36593	P31	Q34770	instance-of
http://www.wikidata.org/entity/Q36595	P31	Q34770	instance-of
http://www.wikidata.org/entity/Q36598	P31	Q34770	instance-of
http://www.wikidata.org/entity/Q36599	P31	Q34770	instance-of
http://www.wikidata.org/entity/Q36600	P31	Q515	instance-of
http://www.wikidata.org/entity/Q36601	P31	Q34770	instance-of
http://www.wikidata.org/entity/Q366010	P31	Q515	instance-of
http://www.wikidata.org/entity/Q36603	P31	Q34770	instance-of
http://www.wikidata.org/entity/Q36604	P31	Q34770	instance-of
http://www.wikidata.org/entity/Q36606	P31	Q34770	instance-of
http://www.wikidata.org/entity/Q36609	P31	Q34770	instance-of
http://www.wikidata.org/entity/Q36612	P31	Q34770	instance-of
http://www.wikidata.org/entity/Q36613	P31	Q34770	instance-of
http://www.wikidata.org/entity/Q36623	P31	Q34770	instance-of
http://www.wikidata.org/entity/Q36627	P31	Q34770	instance-of
http://www.wikidata.org/entity/Q36629	P31	Q34770	instance-of
http://www.wikidata.org/entity/Q36634	P31	Q34770	instance-of
http://www.wikidata.org/entity/Q36636	P31	Q34770	instance-of
http://www.wikidata.org/entity/Q36637	P31	Q34770	instance-of
http://www.wikidata.org/entity/Q36639	P31	Q34770	instance-of
http://www.wikidata.org/entity/Q36643	P31	Q34770	instance-of
http://www.wikidata.org/entity/Q36644	P31	Q34770	instance-of
http://www.wikidata.org/entity/Q36645	P31	Q34770	instance-of
http://www.wikidata.org/entity/Q36646	P31	Q34770	instance-of
http://www.wikidata.org/entity/Q36647	P31	Q515	instance-of
http://www.wikidata.org/entity/Q36648	P31	Q34770	instance-of
http://www.wikidata.org/entity/Q36656	P31	Q34770	instance-of
http://www.wikidata.org/entity/Q36659	P31	Q34770	instance-of
http://www.wikidata.org/entity/Q36663	P31	Q34770	instance-of
http://www.wikidata.org/entity/Q36665	P31	Q34770	instance-of
http://www.wikidata.org/entity/Q36673	P31	Q34770	instance-of
http://www.wikidata.org/entity/Q36674	P31	Q34770	instance-of
http://www.wikidata.org/entity/Q36675	P31	Q34770	instance-of
http://www.wikidata.org/entity/Q36680	P31	Q34770	instance-of
http://www.wikidata.org/entity/Q36682	P31	Q34770	instance-of
http://www.wikidata.org/entity/Q36684	P31	Q34770	instance-of
http://www.wikidata.org/entity/Q36686	P31	Q34770	instance-of
http://www.wikidata.org/entity/Q36691	P31	Q34770	instance-of
http://www.wikidata.org/entity/Q36699	P31	Q34770	instance-of
http://www.wikidata.org/entity/Q36705	P31	Q34770	instance-of
http://www.wikidata.org/entity/Q36711	P31	Q34770	instance-of
http://www.wikidata.org/entity/Q36728	P31	Q34770	instance-of
http://www.wikidata.org/entity/Q36734	P31	Q34770	instance-of
http://www.wikidata.org/entity/Q3674	P31	Q515	instance-of
http://www.wikidata.org/entity/Q36743	P31	Q34770	instance-of
http://www.wikidata.org/entity/Q36746	P31	Q34770	instance-of
http://www.wikidata.org/entity/Q36748	P31	Q34770	instance-of
http://www.wikidata.org/entity/Q36753	P31	Q34770	instance-of
http://www.wikidata.org/entity/Q36762	P31	Q34770	instance-of
http://www.wikidata.org/entity/Q36785	P31	Q34770	instance-of
http://www.wikidata.org/entity/Q36803	P31	Q34770	instance-of
http://www.wikidata.org/entity/Q36807	P31	Q34770	instance-of
http://www.wikidata.org/entity/Q36809	P31	Q34770	instance-of
http://www.wikidata.org/entity/Q36811	P31	Q34770	instance-of
http://www.wikidata.org/entity/Q36814	P31	Q34770	instance-of
http://www.wikidata.org/entity/Q36825	P31	Q34770	instance-of
http://www.wikidata.org/entity/Q36837	P31	Q34770	instance-of
http://www.wikidata.org/entity/Q36842	P31	Q34770	instance-of
http://www.wikidata.org/entity/Q36858	P31	Q34770	instance-of
http://www.wikidata.org/entity/Q36867	P31	Q34770	instance-of
http://www.wikidata.org/entity/Q36868	P31	Q34770	instance-of
http://www.wikidata.org/entity/Q36871	P31	Q34770	instance-of
http://www.wikidata.org/entity/Q36872	P31	Q34770	instance-of
http://www.wikidata.org/entity/Q36873	P31	Q34770	instance-of
http://www.wikidata.org/entity/Q36875	P31	Q34770	instance-of
http://www.wikidata.org/entity/Q36876	P31	Q34770	instance-of
http://www.wikidata.org/entity/Q3688	P31	Q515	instance-of
http://www.wikidata.org/entity/Q36887	P31	Q34770	instance-of
http://www.wikidata.org/entity/Q36889	P31	Q34770	instance-of
http://www.wikidata.org/entity/Q36891	P31	Q34770	instance-of
http://www.wikidata.org/entity/Q36893	P31	Q34770	instance-of
http://www.wikidata.org/entity/Q36899	P31	Q34770	instance-of
http://www.wikidata.org/entity/Q36901	P31	Q34770	instance-of
http://www.wikidata.org/entity/Q36902	P31	Q34770	instance-of
http://www.wikidata.org/entity/Q36904	P31	Q34770	instance-of
http://www.wikidata.org/entity/Q36909	P31	Q34770	instance-of
http://www.wikidata.org/entity/Q369096	P31	Q9143	instance-of
http://www.wikidata.org/entity/Q36912	P31	Q34770	instance-of
http://www.wikidata.org/entity/Q36914	P31	Q34770	instance-of
http://www.wikidata.org/entity/Q36917	P31	Q34770	instance-of
http://www.wikidata.org/entity/Q36919	P31	Q34770	instance-of
http://www.wikidata.org/entity/Q36922	P31	Q34770	instance-of
http://www.wikidata.org/entity/Q36924	P31	Q34770	instance-of
http://www.wikidata.org/entity/Q36935	P31	Q34770	instance-of
http://www.wikidata.org/entity/Q36937	P31	Q34770	instance-of
http://www.wikidata.org/entity/Q36941	P31	Q34770	instance-of
http://www.wikidata.org/entity/Q36942	P31	Q34770	instance-of
http://www.wikidata.org/entity/Q36943	P31	Q34770	instance-of
http://www.wikidata.org/entity/Q36944	P31	Q34770	instance-of
http://www.wikidata.org/entity/Q36946	P31	Q34770	instance-of
http://www.wikidata.org/entity/Q36948	P31	Q34770	instance-of
http://www.wikidata.org/entity/Q3695185	P31	Q34770	instance-of
http://www.wikidata.org/entity/Q3695189	P31	Q34770	instance-of
http://www.wikidata.org/entity/Q3695197	P31	Q34770	instance-of
http://www.wikidata.org/entity/Q3695201	P31	Q34770	instance-of
http://www.wikidata.org/entity/Q3695204	P31	Q34770	instance-of
http://www.wikidata.org/entity/Q3695207	P31	Q34770	instance-of
http://www.wikidata.org/entity/Q36953	P31	Q34770	instance-of
http://www.wikidata.org/entity/Q36954	P31	Q34770	instance-of
http://www.wikidata.org/entity/Q36958	P31	Q34770	instance-of
http://www.wikidata.org/entity/Q36960	P31	Q34770	instance-of
http://www.wikidata.org/entity/Q36962	P31	Q34770	instance-of
http://www.wikidata.org/entity/Q36964	P31	Q34770	instance-of
http://www.wikidata.org/entity/Q36971	P31	Q34770	instance-of
http://www.wikidata.org/entity/Q36973	P31	Q34770	instance-of
http://www.wikidata.org/entity/Q36974	P31	Q34770	instance-of
http://www.wikidata.org/entity/Q36976	P31	Q34770	instance-of
http://www.wikidata.org/entity/Q36987	P31	Q34770	instance-of
http://www.wikidata.org/entity/Q36989	P31	Q515	instance-of
http://www.wikidata.org/entity/Q36991	P31	Q34770	instance-of
http://www.wikidata.org/entity/Q36993	P31	Q34770	instance-of
http://www.wikidata.org/entity/Q36994	P31	Q34770	instance-of
http://www.wikidata.org/entity/Q37	P31	Q6256	instance-of
http://www.wikidata.org/entity/Q37005	P31	Q34770	instance-of
http://www.wikidata.org/entity/Q37007	P31	Q34770	instance-of
http://www.wikidata.org/entity/Q37010	P31	Q34770	instance-of
http://www.wikidata.org/entity/Q37011	P31	Q34770	instance-of
http://www.wikidata.org/entity/Q37015	P31	Q34770	instance-of
http://www.wikidata.org/entity/Q3703	P31	Q515	instance-of
http://www.wikidata.org/entity/Q37051	P31	Q34770	instance-of
http://www.wikidata.org/entity/Q37053	P31	Q34770	instance-of
http://www.wikidata.org/entity/Q37059	P31	Q34770	instance-of
http://www.wikidata.org/entity/Q37100	P31	Q515	instance-of
http://www.wikidata.org/entity/Q37104	P31	Q515	instance-of
http://www.wikidata.org/entity/Q3711	P31	Q515	instance-of
http://www.wikidata.org/entity/Q371522	P31	Q3918	instance-of
http://www.wikidata.org/entity/Q3726	P31	Q515	instance-of
http://www.wikidata.org/entity/Q372773	P31	Q515	instance-of
http://www.wikidata.org/entity/Q372920	P31	Q515	instance-of
http://www.wikidata.org/entity/Q372927	P31	Q34770	instance-of
http://www.wikidata.org/entity/Q37300	P31	Q34770	instance-of
http://www.wikidata.org/entity/Q373059	P31	Q515	instance-of
http://www.wikidata.org/entity/Q3733	P31	Q515	instance-of
http://www.wikidata.org/entity/Q37333	P31	Q515	instance-of
http://www.wikidata.org/entity/Q373683	P31	Q34770	instance-of
http://www.wikidata.org/entity/Q373808	P31	Q515	instance-of
http://www.wikidata.org/entity/Q3739	P31	Q515	instance-of
http://www.wikidata.org/entity/Q3739441	P31	Q34770	instance-of
http://www.wikidata.org/entity/Q3739448	P31	Q34770	instance-of
http://www.wikidata.org/entity/Q37400	P31	Q515	instance-of
http://www.wikidata.org/entity/Q3740241	P31	Q34770	instance-of
http://www.wikidata.org/entity/Q374465	P31	Q515	instance-of
http://www.wikidata.org/entity/Q374748	P31	Q515	instance-of
http://www.wikidata.org/entity/Q3748	P31	Q515	instance-of
http://www.wikidata.org/entity/Q3751	P31	Q515	instance-of
http://www.wikidata.org/entity/Q3752	P31	Q515	instance-of
http://www.wikidata.org/entity/Q37548	P31	Q3918	instance-of
http://www.wikidata.org/entity/Q375619	P31	Q34770	instance-of
http://www.wikidata.org/entity/Q3761	P31	Q515	instance-of
http://www.wikidata.org/entity/Q3765	P31	Q515	instance-of
http://www.wikidata.org/entity/Q3766	P31	Q515	instance-of
http://www.wikidata.org/entity/Q376749	P31	Q515	instance-of
http://www.wikidata.org/entity/Q376903	P31	Q515	instance-of
http://www.wikidata.org/entity/Q37701	P31	Q515	instance-of
http://www.wikidata.org/entity/Q3771	P31	Q515	instance-of
http://www.wikidata.org/entity/Q37710600	P31	Q34770	instance-of
http://www.wikidata.org/entity/Q37733	P31	Q34770	instance-of
http://www.wikidata.org/entity/Q3775037	P31	Q34770	instance-of
http://www.wikidata.org/entity/Q3775265	P31	Q34770	instance-of
http://www.wikidata.org/entity/Q377757	P31	Q3918	instance-of
http://www.wikidata.org/entity/Q377986	P31	Q9143	instance-of
http://www.wikidata.org/entity/Q3780	P31	Q515	instance-of
http://www.wikidata.org/entity/Q378014	P31	Q3918	instance-of
http://www.wikidata.org/entity/Q37806	P31	Q515	instance-of
http://www.wikidata.org/entity/Q3780954	P31	Q34770	instance-of
http://www.wikidata.org/entity/Q37814092	P31	Q482994	instance-of
http://www.wikidata.org/entity/Q378222	P31	Q9143	instance-of
http://www.wikidata.org/entity/Q3786	P31	Q515	instance-of
http://www.wikidata.org/entity/Q3787	P31	Q515	instance-of
http://www.wikidata.org/entity/Q378743	P31	Q34770	instance-of
http://www.wikidata.org/entity/Q378821	P31	Q515	instance-of
http://www.wikidata.org/entity/Q3788739	P31	Q34770	instance-of
http://www.wikidata.org/entity/Q379130	P31	Q34770	instance-of
http://www.wikidata.org/entity/Q3792	P31	Q515	instance-of
http://www.wikidata.org/entity/Q3799	P31	Q515	instance-of
http://www.wikidata.org/entity/Q37995	P31	Q515	instance-of
http://www.wikidata.org/entity/Q38	P31	Q6256	instance-of
http://www.wikidata.org/entity/Q3805	P31	Q515	instance-of
http://www.wikidata.org/entity/Q38076	P31	Q43229	instance-of
http://www.wikidata.org/entity/Q3807652	P31	Q34770	instance-of
http://www.wikidata.org/entity/Q3808	P31	Q515	instance-of
http://www.wikidata.org/entity/Q381247	P31	Q9143	instance-of
http://www.wikidata.org/entity/Q3813281	P31	Q34770	instance-of
http://www.wikidata.org/entity/Q3813297	P31	Q34770	instance-of
http://www.wikidata.org/entity/Q3813301	P31	Q34770	instance-of
http://www.wikidata.org/entity/Q3813306	P31	Q34770	instance-of
http://www.wikidata.org/entity/Q3813392	P31	Q34770	instance-of
http://www.wikidata.org/entity/Q3813394	P31	Q34770	instance-of
http://www.wikidata.org/entity/Q3813400	P31	Q34770	instance-of
http://www.wikidata.org/entity/Q3813403	P31	Q34770	instance-of
http://www.wikidata.org/entity/Q3818	P31	Q515	instance-of
http://www.wikidata.org/entity/Q3825	P31	Q515	instance-of
http://www.wikidata.org/entity/Q3826985	P31	Q34770	instance-of
http://www.wikidata.org/entity/Q3832	P31	Q515	instance-of
http://www.wikidata.org/entity/Q3832933	P31	Q34770	instance-of
http://www.wikidata.org/entity/Q3832941	P31	Q34770	instance-of
http://www.wikidata.org/entity/Q3832945	P31	Q34770	instance-of
http://www.wikidata.org/entity/Q3832946	P31	Q34770	instance-of
http://www.wikidata.org/entity/Q3832950	P31	Q34770	instance-of
http://www.wikidata.org/entity/Q3832969	P31	Q34770	instance-of
http://www.wikidata.org/entity/Q3832970	P31	Q34770	instance-of
http://www.wikidata.org/entity/Q3832977	P31	Q34770	instance-of
http://www.wikidata.org/entity/Q3832982	P31	Q34770	instance-of
http://www.wikidata.org/entity/Q3833015	P31	Q34770	instance-of
http://www.wikidata.org/entity/Q383434	P31	Q515	instance-of
http://www.wikidata.org/entity/Q383701	P31	Q34770	instance-of
http://www.wikidata.org/entity/Q38380	P31	Q515	instance-of
http://www.wikidata.org/entity/Q384101	P31	Q34770	instance-of
http://www.wikidata.org/entity/Q3844	P31	Q515	instance-of
http://www.wikidata.org/entity/Q384544	P31	Q515	instance-of
http://www.wikidata.org/entity/Q3847550	P31	Q34770	instance-of
http://www.wikidata.org/entity/Q3847648	P31	Q34770	instance-of
http://www.wikidata.org/entity/Q385	P31	Q515	instance-of
http://www.wikidata.org/entity/Q38511	P31	Q515	instance-of
http://www.wikidata.org/entity/Q385122	P31	Q482994	instance-of
http://www.wikidata.org/entity/Q385325	P31	Q9143	instance-of
http://www.wikidata.org/entity/Q3854	P31	Q515	instance-of
http://www.wikidata.org/entity/Q38545	P31	Q515	instance-of
http://www.wikidata.org/entity/Q386991	P31	Q515	instance-of
http://www.wikidata.org/entity/Q3873	P31	Q515	instance-of
http://www.wikidata.org/entity/Q387396	P31	Q515	instance-of
http://www.wikidata.org/entity/Q3876	P31	Q515	instance-of
http://www.wikidata.org/entity/Q38807	P31	Q515	instance-of
http://www.wikidata.org/entity/Q3881	P31	Q515	instance-of
http://www.wikidata.org/entity/Q388108	P31	Q515	instance-of
http://www.wikidata.org/entity/Q38811	P31	Q515	instance-of
http://www.wikidata.org/entity/Q3882	P31	Q515	instance-of
http://www.wikidata.org/entity/Q3883	P31	Q515	instance-of
http://www.wikidata.org/entity/Q38834	P31	Q515	instance-of
http://www.wikidata.org/entity/Q3889	P31	Q515	instance-of
http://www.wikidata.org/entity/Q3892562	P31	Q34770	instance-of
http://www.wikidata.org/entity/Q3894	P31	Q515	instance-of
http://www.wikidata.org/entity/Q3894132	P31	Q34770	instance-of
http://www.wikidata.org/entity/Q3897	P31	Q515	instance-of
http://www.wikidata.org/entity/Q389827	P31	Q34770	instance-of
http://www.wikidata.org/entity/Q39	P31	Q6256	instance-of
http://www.wikidata.org/entity/Q3901	P31	Q515	instance-of
http://www.wikidata.org/entity/Q390295	P31	Q482994	instance-of
http://www.wikidata.org/entity/Q3904	P31	Q515	instance-of
http://www.wikidata.org/entity/Q3909	P31	Q515	instance-of
http://www.wikidata.org/entity/Q391028	P31	Q3918	instance-of
http://www.wikidata.org/entity/Q39121	P31	Q515	instance-of
http://www.wikidata.org/entity/Q3912758	P31	Q34770	instance-of
http://www.wikidata.org/entity/Q3912770	P31	Q34770	instance-of
http://www.wikidata.org/entity/Q3912772	P31	Q34770	instance-of
http://www.wikidata.org/entity/Q3912876	P31	Q34770	instance-of
http://www.wikidata.org/entity/Q3912880	P31	Q34770	instance-of
http://www.wikidata.org/entity/Q3913272	P31	Q34770	instance-of
http://www.wikidata.org/entity/Q3913281	P31	Q34770	instance-of
http://www.wikidata.org/entity/Q3913286	P31	Q34770	instance-of
http://www.wikidata.org/entity/Q3913293	P31	Q34770	instance-of
http://www.wikidata.org/entity/Q3913301	P31	Q34770	instance-of
http://www.wikidata.org/entity/Q3913304	P31	Q34770	instance-of
http://www.wikidata.org/entity/Q3913307	P31	Q34770	instance-of
http://www.wikidata.org/entity/Q3913311	P31	Q34770	instance-of
http://www.wikidata.org/entity/Q3913314	P31	Q34770	instance-of
http://www.wikidata.org/entity/Q3913317	P31	Q34770	instance-of
http://www.wikidata.org/entity/Q3913321	P31	Q34770	instance-of
http://www.wikidata.org/entity/Q3913326	P31	Q34770	instance-of
http://www.wikidata.org/entity/Q3913331	P31	Q34770	instance-of
http://www.wikidata.org/entity/Q3913334	P31	Q34770	instance-of
http://www.wikidata.org/entity/Q3913336	P31	Q34770	instance-of
http://www.wikidata.org/entity/Q3913339	P31	Q34770	instance-of
http://www.wikidata.org/entity/Q3913342	P31	Q34770	instance-of
http://www.wikidata.org/entity/Q3913350	P31	Q34770	instance-of
http://www.wikidata.org/entity/Q3913354	P31	Q34770	instance-of
http://www.wikidata.org/entity/Q3913360	P31	Q34770	instance-of
http://www.wikidata.org/entity/Q3913363	P31	Q34770	instance-of
http://www.wikidata.org/entity/Q3913366	P31	Q34770	instance-of
http://www.wikidata.org/entity/Q3913372	P31	Q34770	instance-of
http://www.wikidata.org/entity/Q3913375	P31	Q34770	instance-of
http://www.wikidata.org/entity/Q3913378	P31	Q34770	instance-of
http://www.wikidata.org/entity/Q3913381	P31	Q34770	instance-of
http://www.wikidata.org/entity/Q3913761	P31	Q34770	instance-of
http://www.wikidata.org/entity/Q3913765	P31	Q34770	instance-of
http://www.wikidata.org/entity/Q3913767	P31	Q34770	instance-of
http://www.wikidata.org/entity/Q3913770	P31	Q34770	instance-of
http://www.wikidata.org/entity/Q3913777	P31	Q34770	instance-of
http://www.wikidata.org/entity/Q3913780	P31	Q34770	instance-of
http://www.wikidata.org/entity/Q3913785	P31	Q34770	instance-of
http://www.wikidata.org/entity/Q3913790	P31	Q34770	instance-of
http://www.wikidata.org/entity/Q3913796	P31	Q34770	instance-of
http://www.wikidata.org/entity/Q3913800	P31	Q34770	instance-of
http://www.wikidata.org/entity/Q3913805	P31	Q34770	instance-of
http://www.wikidata.org/entity/Q3913817	P31	Q34770	instance-of
http://www.wikidata.org/entity/Q3913820	P31	Q34770	instance-of
http://www.wikidata.org/entity/Q3913825	P31	Q34770	instance-of
http://www.wikidata.org/entity/Q3913830	P31	Q34770	instance-of
http://www.wikidata.org/entity/Q3913834	P31	Q34770	instance-of
http://www.wikidata.org/entity/Q3913837	P31	Q34770	instance-of
http://www.wikidata.org/entity/Q3913840	P31	Q34770	instance-of
http://www.wikidata.org/entity/Q3913842	P31	Q34770	instance-of
http://www.wikidata.org/entity/Q3913844	P31	Q34770	instance-of
http://www.wikidata.org/entity/Q3913852	P31	Q34770	instance-of
http://www.wikidata.org/entity/Q3913856	P31	Q34770	instance-of
http://www.wikidata.org/entity/Q3913931	P31	Q34770	instance-of
http://www.wikidata.org/entity/Q3913934	P31	Q34770	instance-of
http://www.wikidata.org/entity/Q3913936	P31	Q34770	instance-of
http://www.wikidata.org/entity/Q3913943	P31	Q34770	instance-of
http://www.wikidata.org/entity/Q3913946	P31	Q34770	instance-of
http://www.wikidata.org/entity/Q3913949	P31	Q34770	instance-of
http://www.wikidata.org/entity/Q3913951	P31	Q34770	instance-of
http://www.wikidata.org/entity/Q3913955	P31	Q34770	instance-of
http://www.wikidata.org/entity/Q3913961	P31	Q34770	instance-of
http://www.wikidata.org/entity/Q3913963	P31	Q34770	instance-of
http://www.wikidata.org/entity/Q3913966	P31	Q34770	instance-of
http://www.wikidata.org/entity/Q3913968	P31	Q34770	instance-of
http://www.wikidata.org/entity/Q3913977	P31	Q34770	instance-of
http://www.wikidata.org/entity/Q3913979	P31	Q34770	instance-of
http://www.wikidata.org/entity/Q3913982	P31	Q34770	instance-of
http://www.wikidata.org/entity/Q3913987	P31	Q34770	instance-of
http://www.wikidata.org/entity/Q3913990	P31	Q34770	instance-of
http://www.wikidata.org/entity/Q3913992	P31	Q34770	instance-of
http://www.wikidata.org/entity/Q3914000	P31	Q34770	instance-of
http://www.wikidata.org/entity/Q3914008	P31	Q34770	instance-of
http://www.wikidata.org/entity/Q3914011	P31	Q34770	instance-of
http://www.wikidata.org/entity/Q3914015	P31	Q34770	instance-of
http://www.wikidata.org/entity/Q3914021	P31	Q34770	instance-of
http://www.wikidata.org/entity/Q3914025	P31	Q34770	instance-of
http://www.wikidata.org/entity/Q3914048	P31	Q34770	instance-of
http://www.wikidata.org/entity/Q3914052	P31	Q34770	instance-of
http://www.wikidata.org/entity/Q3914057	P31	Q34770	instance-of
http://www.wikidata.org/entity/Q3914066	P31	Q34770	instance-of
http://www.wikidata.org/entity/Q3914390	P31	Q34770	instance-of
http://www.wikidata.org/entity/Q3914395	P31	Q34770	instance-of
http://www.wikidata.org/entity/Q3914398	P31	Q34770	instance-of
http://www.wikidata.org/entity/Q3914402	P31	Q34770	instance-of
http://www.wikidata.org/entity/Q3914407	P31	Q34770	instance-of
http://www.wikidata.org/entity/Q3914409	P31	Q34770	instance-of
http://www.wikidata.org/entity/Q3914412	P31	Q34770	instance-of
http://www.wikidata.org/entity/Q3914415	P31	Q34770	instance-of
http://www.wikidata.org/entity/Q3914423	P31	Q34770	instance-of
http://www.wikidata.org/entity/Q3914427	P31	Q34770	instance-of
http://www.wikidata.org/entity/Q3914439	P31	Q34770	instance-of
http://www.wikidata.org/entity/Q3914444	P31	Q34770	instance-of
http://www.wikidata.org/entity/Q3914453	P31	Q34770	instance-of
http://www.wikidata.org/entity/Q3914455	P31	Q34770	instance-of
http://www.wikidata.org/entity/Q3914459	P31	Q34770	instance-of
http://www.wikidata.org/entity/Q3914462	P31	Q34770	instance-of
http://www.wikidata.org/entity/Q3914467	P31	Q34770	instance-of
http://www.wikidata.org/entity/Q3914470	P31	Q34770	instance-of
http://www.wikidata.org/entity/Q3914475	P31	Q34770	instance-of
http://www.wikidata.org/entity/Q3914478	P31	Q34770	instance-of
http://www.wikidata.org/entity/Q3914487	P31	Q34770	instance-of
http://www.wikidata.org/entity/Q3914490	P31	Q34770	instance-of
http://www.wikidata.org/entity/Q3914494	P31	Q34770	instance-of
http://www.wikidata.org/entity/Q3914497	P31	Q34770	instance-of
http://www.wikidata.org/entity/Q3914627	P31	Q34770	instance-of
http://www.wikidata.org/entity/Q3914630	P31	Q34770	instance-of
http://www.wikidata.org/entity/Q3914693	P31	Q34770	instance-of
http://www.wikidata.org/entity/Q3914866	P31	Q34770	instance-of
http://www.wikidata.org/entity/Q3914867	P31	Q34770	instance-of
http://www.wikidata.org/entity/Q3914871	P31	Q34770	instance-of
http://www.wikidata.org/entity/Q3914874	P31	Q34770	instance-of
http://www.wikidata.org/entity/Q3914879	P31	Q34770	instance-of
http://www.wikidata.org/entity/Q3914880	P31	Q34770	instance-of
http://www.wikidata.org/entity/Q3914882	P31	Q34770	instance-of
http://www.wikidata.org/entity/Q3914885	P31	Q34770	instance-of
http://www.wikidata.org/entity/Q3914887	P31	Q34770	instance-of
http://www.wikidata.org/entity/Q3914890	P31	Q34770	instance-of
http://www.wikidata.org/entity/Q3914892	P31	Q34770	instance-of
http://www.wikidata.org/entity/Q3914896	P31	Q34770	instance-of
http://www.wikidata.org/entity/Q3914897	P31	Q34770	instance-of
http://www.wikidata.org/entity/Q3914902	P31	Q34770	instance-of
http://www.wikidata.org/entity/Q3914907	P31	Q34770	instance-of
http://www.wikidata.org/entity/Q3914912	P31	Q34770	instance-of
http://www.wikidata.org/entity/Q3914914	P31	Q34770	instance-of
http://www.wikidata.org/entity/Q3914920	P31	Q34770	instance-of
http://www.wikidata.org/entity/Q3914924	P31	Q34770	instance-of
http://www.wikidata.org/entity/Q3914927	P31	Q34770	instance-of
http://www.wikidata.org/entity/Q3914934	P31	Q34770	instance-of
http://www.wikidata.org/entity/Q3914936	P31	Q34770	instance-of
http://www.wikidata.org/entity/Q3914941	P31	Q34770	instance-of
http://www.wikidata.org/entity/Q3914953	P31	Q34770	instance-of
http://www.wikidata.org/entity/Q3915200	P31	Q34770	instance-of
http://www.wikidata.org/entity/Q3915207	P31	Q34770	instance-of
http://www.wikidata.org/entity/Q3915212	P31	Q34770	instance-of
http://www.wikidata.org/entity/Q3915215	P31	Q34770	instance-of
http://www.wikidata.org/entity/Q3915310	P31	Q34770	instance-of
http://www.wikidata.org/entity/Q3915316	P31	Q34770	instance-of
http://www.wikidata.org/entity/Q3915319	P31	Q34770	instance-of
http://www.wikidata.org/entity/Q3915322	P31	Q34770	instance-of
http://www.wikidata.org/entity/Q3915330	P31	Q34770	instance-of
http://www.wikidata.org/entity/Q3915331	P31	Q34770	instance-of
http://www.wikidata.org/entity/Q3915334	P31	Q34770	instance-of
http://www.wikidata.org/entity/Q3915338	P31	Q34770	instance-of
http://www.wikidata.org/entity/Q3915347	P31	Q34770	instance-of
http://www.wikidata.org/entity/Q3915349	P31	Q34770	instance-of
http://www.wikidata.org/entity/Q3915355	P31	Q34770	instance-of
http://www.wikidata.org/entity/Q3915361	P31	Q34770	instance-of
http://www.wikidata.org/entity/Q3915363	P31	Q34770	instance-of
http://www.wikidata.org/entity/Q3915365	P31	Q34770	instance-of
http://www.wikidata.org/entity/Q3915366	P31	Q34770	instance-of
http://www.wikidata.org/entity/Q3915369	P31	Q34770	instance-of
http://www.wikidata.org/entity/Q3915372	P31	Q34770	instance-of
http://www.wikidata.org/entity/Q3915374	P31	Q34770	instance-of
http://www.wikidata.org/entity/Q3915380	P31	Q34770	instance-of
http://www.wikidata.org/entity/Q3915382	P31	Q34770	instance-of
http://www.wikidata.org/entity/Q3915384	P31	Q34770	instance-of
http://www.wikidata.org/entity/Q3915386	P31	Q34770	instance-of
http://www.wikidata.org/entity/Q3915388	P31	Q34770	instance-of
http://www.wikidata.org/entity/Q3915391	P31	Q34770	instance-of
http://www.wikidata.org/entity/Q3915392	P31	Q34770	instance-of
http://www.wikidata.org/entity/Q3915395	P31	Q34770	instance-of
http://www.wikidata.org/entity/Q3915409	P31	Q34770	instance-of
http://www.wikidata.org/entity/Q3915412	P31	Q34770	instance-of
http://www.wikidata.org/entity/Q3915418	P31	Q34770	instance-of
http://www.wikidata.org/entity/Q3915427	P31	Q34770	instance-of
http://www.wikidata.org/entity/Q3915435	P31	Q34770	instance-of
http://www.wikidata.org/entity/Q3915442	P31	Q34770	instance-of
http://www.wikidata.org/entity/Q3915449	P31	Q34770	instance-of
http://www.wikidata.org/entity/Q3915451	P31	Q34770	instance-of
http://www.wikidata.org/entity/Q3915454	P31	Q34770	instance-of
http://www.wikidata.org/entity/Q3915472	P31	Q34770	instance-of
http://www.wikidata.org/entity/Q3915477	P31	Q34770	instance-of
http://www.wikidata.org/entity/Q3915487	P31	Q34770	instance-of
http://www.wikidata.org/entity/Q3915502	P31	Q34770	instance-of
http://www.wikidata.org/entity/Q3915506	P31	Q34770	instance-of
http://www.wikidata.org/entity/Q3915511	P31	Q34770	instance-of
http://www.wikidata.org/entity/Q3915515	P31	Q34770	instance-of
http://www.wikidata.org/entity/Q3915517	P31	Q34770	instance-of
http://www.wikidata.org/entity/Q3915522	P31	Q34770	instance-of
http://www.wikidata.org/entity/Q3915525	P31	Q34770	instance-of
http://www.wikidata.org/entity/Q3915527	P31	Q34770	instance-of
http://www.wikidata.org/entity/Q3915551	P31	Q34770	instance-of
http://www.wikidata.org/entity/Q3915557	P31	Q34770	instance-of
http://www.wikidata.org/entity/Q3915581	P31	Q34770	instance-of
http://www.wikidata.org/entity/Q3915584	P31	Q34770	instance-of
http://www.wikidata.org/entity/Q3915595	P31	Q34770	instance-of
http://www.wikidata.org/entity/Q3915654	P31	Q34770	instance-of
http://www.wikidata.org/entity/Q3915667	P31	Q34770	instance-of
http://www.wikidata.org/entity/Q3915672	P31	Q34770	instance-of
http://www.wikidata.org/entity/Q3915677	P31	Q34770	instance-of
http://www.wikidata.org/entity/Q3915680	P31	Q34770	instance-of
http://www.wikidata.org/entity/Q3915684	P31	Q34770	instance-of
http://www.wikidata.org/entity/Q3915686	P31	Q34770	instance-of
http://www.wikidata.org/entity/Q3915687	P31	Q34770	instance-of
http://www.wikidata.org/entity/Q3915688	P31	Q34770	instance-of
http://www.wikidata.org/entity/Q3915692	P31	Q34770	instance-of
http://www.wikidata.org/entity/Q3915693	P31	Q34770	instance-of
http://www.wikidata.org/entity/Q3915694	P31	Q34770	instance-of
http://www.wikidata.org/entity/Q3915695	P31	Q34770	instance-of
http://www.wikidata.org/entity/Q3915696	P31	Q34770	instance-of
http://www.wikidata.org/entity/Q3915702	P31	Q34770	instance-of
http://www.wikidata.org/entity/Q3915711	P31	Q34770	instance-of
http://www.wikidata.org/entity/Q3915716	P31	Q34770	instance-of
http://www.wikidata.org/entity/Q3915769	P31	Q34770	instance-of
http://www.wikidata.org/entity/Q3915782	P31	Q34770	instance-of
http://www.wikidata.org/entity/Q3915783	P31	Q34770	instance-of
http://www.wikidata.org/entity/Q3915785	P31	Q34770	instance-of
http://www.wikidata.org/entity/Q3915794	P31	Q34770	instance-of
http://www.wikidata.org/entity/Q3915810	P31	Q34770	instance-of
http://www.wikidata.org/entity/Q3915822	P31	Q34770	instance-of
http://www.wikidata.org/entity/Q3915843	P31	Q34770	instance-of
http://www.wikidata.org/entity/Q3915845	P31	Q34770	instance-of
http://www.wikidata.org/entity/Q3915846	P31	Q34770	instance-of
http://www.wikidata.org/entity/Q3915847	P31	Q34770	instance-of
http://www.wikidata.org/entity/Q3915848	P31	Q34770	instance-of
http://www.wikidata.org/entity/Q3915849	P31	Q34770	instance-of
http://www.wikidata.org/entity/Q3915850	P31	Q34770	instance-of
http://www.wikidata.org/entity/Q3915851	P31	Q34770	instance-of
http://www.wikidata.org/entity/Q3915854	P31	Q34770	instance-of
http://www.wikidata.org/entity/Q3915860	P31	Q34770	instance-of
http://www.wikidata.org/entity/Q3915921	P31	Q34770	instance-of
http://www.wikidata.org/entity/Q3915942	P31	Q34770	instance-of
http://www.wikidata.org/entity/Q3915999	P31	Q34770	instance-of
http://www.wikidata.org/entity/Q39178	P31	Q515	instance-of
http://www.wikidata.org/entity/Q3919	P31	Q515	instance-of
http://www.wikidata.org/entity/Q3921	P31	Q515	instance-of
http://www.wikidata.org/entity/Q3922	P31	Q515	instance-of
http://www.wikidata.org/entity/Q392667	P31	Q3918	instance-of
http://www.wikidata.org/entity/Q392774	P31	Q3918	instance-of
http://www.wikidata.org/entity/Q3928	P31	Q515	instance-of
http://www.wikidata.org/entity/Q3929	P31	Q515	instance-of
http://www.wikidata.org/entity/Q393	P31	Q515	instance-of
http://www.wikidata.org/entity/Q393171	P31	Q515	instance-of
http://www.wikidata.org/entity/Q3932	P31	Q515	instance-of
http://www.wikidata.org/entity/Q3935	P31	Q515	instance-of
http://www.wikidata.org/entity/Q393829	P31	Q515	instance-of
http://www.wikidata.org/entity/Q3939	P31	Q515	instance-of
http://www.wikidata.org/entity/Q3940	P31	Q515	instance-of
http://www.wikidata.org/entity/Q394080	P31	Q515	instance-of
http://www.wikidata.org/entity/Q3944007	P31	Q34770	instance-of
http://www.wikidata.org/entity/Q3958	P31	Q515	instance-of
http://www.wikidata.org/entity/Q39583	P31	Q515	instance-of
http://www.wikidata.org/entity/Q395863	P31	Q515	instance-of
http://www.wikidata.org/entity/Q397	P31	Q34770	instance-of
http://www.wikidata.org/entity/Q398	P31	Q6256	instance-of
http://www.wikidata.org/entity/Q399	P31	Q6256	instance-of
http://www.wikidata.org/entity/Q3992	P31	Q515	instance-of
http://www.wikidata.org/entity/Q39920	P31	Q3918	instance-of
http://www.wikidata.org/entity/Q39984	P31	Q515	instance-of
http://www.wikidata.org/entity/Q40	P31	Q6256	instance-of
http://www.wikidata.org/entity/Q40104	P31	Q515	instance-of
http://www.wikidata.org/entity/Q4011	P31	Q515	instance-of
http://www.wikidata.org/entity/Q40191	P31	Q515	instance-of
http://www.wikidata.org/entity/Q40194	P31	Q515	instance-of
http://www.wikidata.org/entity/Q4023175	P31	Q34770	instance-of
http://www.wikidata.org/entity/Q4024	P31	Q515	instance-of
http://www.wikidata.org/entity/Q403	P31	Q6256	instance-of
http://www.wikidata.org/entity/Q4037189	P31	Q9143	instance-of
http://www.wikidata.org/entity/Q4044	P31	Q515	instance-of
http://www.wikidata.org/entity/Q406402	P31	Q3918	instance-of
http://www.wikidata.org/entity/Q40738	P31	Q515	instance-of
http://www.wikidata.org/entity/Q408	P31	Q6256	instance-of
http://www.wikidata.org/entity/Q40811	P31	Q515	instance-of
http://www.wikidata.org/entity/Q40816	P31	Q515	instance-of
http://www.wikidata.org/entity/Q40840	P31	Q515	instance-of
http://www.wikidata.org/entity/Q40844	P31	Q515	instance-of
http://www.wikidata.org/entity/Q40868	P31	Q515	instance-of
http://www.wikidata.org/entity/Q4087011	P31	Q34770	instance-of
http://www.wikidata.org/entity/Q40921	P31	Q515	instance-of
http://www.wikidata.org/entity/Q4093	P31	Q515	instance-of
http://www.wikidata.org/entity/Q41	P31	Q6256	instance-of
http://www.wikidata.org/entity/Q4108	P31	Q515	instance-of
http://www.wikidata.org/entity/Q41128	P31	Q515	instance-of
http://www.wikidata.org/entity/Q4113	P31	Q515	instance-of
http://www.wikidata.org/entity/Q4115304	P31	Q3918	instance-of
http://www.wikidata.org/entity/Q4115712	P31	Q515	instance-of
http://www.wikidata.org/entity/Q41183	P31	Q515	instance-of
http://www.wikidata.org/entity/Q4121130	P31	Q34770	instance-of
http://www.wikidata.org/entity/Q4121131	P31	Q34770	instance-of
http://www.wikidata.org/entity/Q4121133	P31	Q34770	instance-of
http://www.wikidata.org/entity/Q4121160	P31	Q34770	instance-of
http://www.wikidata.org/entity/Q4121200	P31	Q34770	instance-of
http://www.wikidata.org/entity/Q41252	P31	Q515	instance-of
http://www.wikidata.org/entity/Q41262	P31	Q515	instance-of
http://www.wikidata.org/entity/Q41278	P31	Q515	instance-of
http://www.wikidata.org/entity/Q41295	P31	Q515	instance-of
http://www.wikidata.org/entity/Q4133	P31	Q515	instance-of
http://www.wikidata.org/entity/Q41354532	P31	Q34770	instance-of
http://www.wikidata.org/entity/Q414	P31	Q6256	instance-of
http://www.wikidata.org/entity/Q414219	P31	Q3918	instance-of
http://www.wikidata.org/entity/Q41432343	P31	Q34770	instance-of
http://www.wikidata.org/entity/Q4144560	P31	Q34770	instance-of
http://www.wikidata.org/entity/Q414464	P31	Q3918	instance-of
http://www.wikidata.org/entity/Q414481	P31	Q3918	instance-of
http://www.wikidata.org/entity/Q41474	P31	Q515	instance-of
http://www.wikidata.org/entity/Q41483	P31	Q11424	instance-of
http://www.wikidata.org/entity/Q41496	P31	Q515	instance-of
http://www.wikidata.org/entity/Q41499830	P31	Q34770	instance-of
http://www.wikidata.org/entity/Q41499994	P31	Q34770	instance-of
http://www.wikidata.org/entity/Q41506724	P31	Q34770	instance-of
http://www.wikidata.org/entity/Q41547	P31	Q515	instance-of
http://www.wikidata.org/entity/Q41550	P31	Q43229	instance-of
http://www.wikidata.org/entity/Q41562	P31	Q515	instance-of
http://www.wikidata.org/entity/Q41574	P31	Q9143	instance-of
http://www.wikidata.org/entity/Q4159744	P31	Q34770	instance-of
http://www.wikidata.org/entity/Q4161005	P31	Q34770	instance-of
http://www.wikidata.org/entity/Q41621	P31	Q515	instance-of
http://www.wikidata.org/entity/Q4167202	P31	Q34770	instance-of
http://www.wikidata.org/entity/Q41699	P31	Q515	instance-of
http://www.wikidata.org/entity/Q4170719	P31	Q34770	instance-of
http://www.wikidata.org/entity/Q41715039	P31	Q34770	instance-of
http://www.wikidata.org/entity/Q4175893	P31	Q34770	instance-of
http://www.wikidata.org/entity/Q41843	P31	Q515	instance-of
http://www.wikidata.org/entity/Q419	P31	Q6256	instance-of
http://www.wikidata.org/entity/Q4203802	P31	Q34770	instance-of
http://www.wikidata.org/entity/Q42051	P31	Q11424	instance-of
http://www.wikidata.org/entity/Q4207412	P31	Q34770	instance-of
http://www.wikidata.org/entity/Q4207444	P31	Q34770	instance-of
http://www.wikidata.org/entity/Q4208197	P31	Q34770	instance-of
http://www.wikidata.org/entity/Q4216968	P31	Q34770	instance-of
http://www.wikidata.org/entity/Q42173731	P31	Q34770	instance-of
http://www.wikidata.org/entity/Q421739	P31	Q3918	instance-of
http://www.wikidata.org/entity/Q4220660	P31	Q34770	instance-of
http://www.wikidata.org/entity/Q4220685	P31	Q34770	instance-of
http://www.wikidata.org/entity/Q4227542	P31	Q34770	instance-of
http://www.wikidata.org/entity/Q423	P31	Q6256	instance-of
http://www.wikidata.org/entity/Q42303990	P31	Q34770	instance-of
http://www.wikidata.org/entity/Q42305075	P31	Q34770	instance-of
http://www.wikidata.org/entity/Q42308366	P31	Q34770	instance-of
http://www.wikidata.org/entity/Q42308820	P31	Q34770	instance-of
http://www.wikidata.org/entity/Q42310421	P31	Q34770	instance-of
http://www.wikidata.org/entity/Q42355124	P31	Q34770	instance-of
http://www.wikidata.org/entity/Q42365276	P31	Q34770	instance-of
http://www.wikidata.org/entity/Q42365630	P31	Q34770	instance-of
http://www.wikidata.org/entity/Q42369	P31	Q43229	instance-of
http://www.wikidata.org/entity/Q424	P31	Q6256	instance-of
http://www.wikidata.org/entity/Q42411307	P31	Q34770	instance-of
http://www.wikidata.org/entity/Q4243514	P31	Q3918	instance-of
http://www.wikidata.org/entity/Q42448	P31	Q515	instance-of
http://www.wikidata.org/entity/Q42462	P31	Q515	instance-of
http://www.wikidata.org/entity/Q4251381	P31	Q34770	instance-of
http://www.wikidata.org/entity/Q4252500	P31	Q34770	instance-of
http://www.wikidata.org/entity/Q42575433	P31	Q34770	instance-of
http://www.wikidata.org/entity/Q42589412	P31	Q34770	instance-of
http://www.wikidata.org/entity/Q4259152	P31	Q34770	instance-of
http://www.wikidata.org/entity/Q42603	P31	Q43229	instance-of
http://www.wikidata.org/entity/Q4261493	P31	Q34770	instance-of
http://www.wikidata.org/entity/Q426254	P31	Q34770	instance-of
http://www.wikidata.org/entity/Q4264884	P31	Q34770	instance-of
http://www.wikidata.org/entity/Q427300	P31	Q34770	instance-of
http://www.wikidata.org/entity/Q42751	P31	Q515	instance-of
http://www.wikidata.org/entity/Q42763	P31	Q515	instance-of
http://www.wikidata.org/entity/Q42780	P31	Q515	instance-of
http://www.wikidata.org/entity/Q42800	P31	Q515	instance-of
http://www.wikidata.org/entity/Q428136	P31	Q3918	instance-of
http://www.wikidata.org/entity/Q4286464	P31	Q34770	instance-of
http://www.wikidata.org/entity/Q4286473	P31	Q34770	instance-of
http://www.wikidata.org/entity/Q42908	P31	Q43229	instance-of
http://www.wikidata.org/entity/Q4294063	P31	Q34770	instance-of
http://www.wikidata.org/entity/Q42941	P31	Q515	instance-of
http://www.wikidata.org/entity/Q42956	P31	Q515	instance-of
http://www.wikidata.org/entity/Q42979	P31	Q9143	instance-of
http://www.wikidata.org/entity/Q429801	P31	Q9143	instance-of
http://www.wikidata.org/entity/Q429863	P31	Q3918	instance-of
http://www.wikidata.org/entity/Q43	P31	Q6256	instance-of
http://www.wikidata.org/entity/Q430018	P31	Q34770	instance-of
http://www.wikidata.org/entity/Q4300950	P31	Q34770	instance-of
http://www.wikidata.org/entity/Q4301	P31	Q515	instance-of
http://www.wikidata.org/entity/Q430138	P31	Q34770	instance-of
http://www.wikidata.org/entity/Q430776	P31	Q515	instance-of
http://www.wikidata.org/entity/Q4308074	P31	Q34770	instance-of
http://www.wikidata.org/entity/Q4314526	P31	Q34770	instance-of
http://www.wikidata.org/entity/Q43191372	P31	Q34770	instance-of
http://www.wikidata.org/entity/Q43195708	P31	Q34770	instance-of
http://www.wikidata.org/entity/Q43195791	P31	Q34770	instance-of
http://www.wikidata.org/entity/Q432475	P31	Q3918	instance-of
http://www.wikidata.org/entity/Q43328	P31	Q34770	instance-of
http://www.wikidata.org/entity/Q4337031	P31	Q34770	instance-of
http://www.wikidata.org/entity/Q43382	P31	Q515	instance-of
http://www.wikidata.org/entity/Q43387	P31	Q515	instance-of
http://www.wikidata.org/entity/Q43400970	P31	Q34770	instance-of
http://www.wikidata.org/entity/Q4342401	P31	Q34770	instance-of
http://www.wikidata.org/entity/Q43433	P31	Q515	instance-of
http://www.wikidata.org/entity/Q43453	P31	Q515	instance-of
http://www.wikidata.org/entity/Q43463	P31	Q515	instance-of
http://www.wikidata.org/entity/Q43475	P31	Q515	instance-of
http://www.wikidata.org/entity/Q43509	P31	Q515	instance-of
http://www.wikidata.org/entity/Q4356223	P31	Q34770	instance-of
http://www.wikidata.org/entity/Q4358289	P31	Q34770	instance-of
http://www.wikidata.org/entity/Q43595	P31	Q515	instance-of
http://www.wikidata.org/entity/Q43631	P31	Q515	instance-of
http://www.wikidata.org/entity/Q437	P31	Q515	instance-of
http://www.wikidata.org/entity/Q4380827	P31	Q34770	instance-of
http://www.wikidata.org/entity/Q44016	P31	Q515	instance-of
http://www.wikidata.org/entity/Q4407582	P31	Q34770	instance-of
http://www.wikidata.org/entity/Q4409155	P31	Q34770	instance-of
http://www.wikidata.org/entity/Q44104	P31	Q482994	instance-of
http://www.wikidata.org/entity/Q44142	P31	Q482994	instance-of
http://www.wikidata.org/entity/Q4418344	P31	Q34770	instance-of
http://www.wikidata.org/entity/Q44198	P31	Q515	instance-of
http://www.wikidata.org/entity/Q44213	P31	Q515	instance-of
http://www.wikidata.org/entity/Q44214	P31	Q515	instance-of
http://www.wikidata.org/entity/Q44217	P31	Q515	instance-of
http://www.wikidata.org/entity/Q44243	P31	Q515	instance-of
http://www.wikidata.org/entity/Q44254	P31	Q515	instance-of
http://www.wikidata.org/entity/Q4428829	P31	Q34770	instance-of
http://www.wikidata.org/entity/Q44289	P31	Q482994	instance-of
http://www.wikidata.org/entity/Q44294	P31	Q43229	instance-of
http://www.wikidata.org/entity/Q443089	P31	Q34770	instance-of
http://www.wikidata.org/entity/Q44320	P31	Q482994	instance-of
http://www.wikidata.org/entity/Q44347	P31	Q482994	instance-of
http://www.wikidata.org/entity/Q44376	P31	Q482994	instance-of
http://www.wikidata.org/entity/Q44401	P31	Q515	instance-of
http://www.wikidata.org/entity/Q4454131	P31	Q34770	instance-of
http://www.wikidata.org/entity/Q44578	P31	Q11424	instance-of
http://www.wikidata.org/entity/Q4461493	P31	Q34770	instance-of
http://www.wikidata.org/entity/Q44676	P31	Q34770	instance-of
http://www.wikidata.org/entity/Q4477735	P31	Q34770	instance-of
http://www.wikidata.org/entity/Q4494885	P31	Q34770	instance-of
http://www.wikidata.org/entity/Q45	P31	Q6256	instance-of
http://www.wikidata.org/entity/Q450625	P31	Q515	instance-of
http://www.wikidata.org/entity/Q45197	P31	Q515	instance-of
http://www.wikidata.org/entity/Q45242758	P31	Q34770	instance-of
http://www.wikidata.org/entity/Q45301	P31	Q515	instance-of
http://www.wikidata.org/entity/Q45313	P31	Q515	instance-of
http://www.wikidata.org/entity/Q4540302	P31	Q34770	instance-of
http://www.wikidata.org/entity/Q454476	P31	Q34770	instance-of
http://www.wikidata.org/entity/Q45604	P31	Q515	instance-of
http://www.wikidata.org/entity/Q456624	P31	Q515	instance-of
http://www.wikidata.org/entity/Q456842	P31	Q515	instance-of
http://www.wikidata.org/entity/Q457334	P31	Q515	instance-of
http://www.wikidata.org/entity/Q45775666	P31	Q34770	instance-of
http://www.wikidata.org/entity/Q4577633	P31	Q34770	instance-of
http://www.wikidata.org/entity/Q459360	P31	Q515	instance-of
http://www.wikidata.org/entity/Q459369	P31	Q515	instance-of
http://www.wikidata.org/entity/Q45942	P31	Q515	instance-of
http://www.wikidata.org/entity/Q459495	P31	Q515	instance-of
http://www.wikidata.org/entity/Q459553	P31	Q515	instance-of
http://www.wikidata.org/entity/Q459600	P31	Q515	instance-of
http://www.wikidata.org/entity/Q459714	P31	Q515	instance-of
http://www.wikidata.org/entity/Q460222	P31	Q515	instance-of
http://www.wikidata.org/entity/Q460925	P31	Q515	instance-of
http://www.wikidata.org/entity/Q461287	P31	Q515	instance-of
http://www.wikidata.org/entity/Q461307	P31	Q515	instance-of
http://www.wikidata.org/entity/Q46135	P31	Q515	instance-of
http://www.wikidata.org/entity/Q461922	P31	Q515	instance-of
http://www.wikidata.org/entity/Q46264708	P31	Q34770	instance-of
http://www.wikidata.org/entity/Q4629	P31	Q515	instance-of
http://www.wikidata.org/entity/Q463165	P31	Q515	instance-of
http://www.wikidata.org/entity/Q463252	P31	Q515	instance-of
http://www.wikidata.org/entity/Q4632950	P31	Q34770	instance-of
http://www.wikidata.org/entity/Q463384	P31	Q515	instance-of
http://www.wikidata.org/entity/Q46441	P31	Q9143	instance-of
http://www.wikidata.org/entity/Q464699	P31	Q515	instance-of
http://www.wikidata.org/entity/Q465698	P31	Q515	instance-of
http://www.wikidata.org/entity/Q46603077	P31	Q34770	instance-of
http://www.wikidata.org/entity/Q466221	P31	Q515	instance-of
http://www.wikidata.org/entity/Q46698638	P31	Q34770	instance-of
http://www.wikidata.org/entity/Q4670066	P31	Q34770	instance-of
http://www.wikidata.org/entity/Q46702	P31	Q515	instance-of
http://www.wikidata.org/entity/Q4670715	P31	Q34770	instance-of
http://www.wikidata.org/entity/Q467164	P31	Q3918	instance-of
http://www.wikidata.org/entity/Q46717	P31	Q11424	instance-of
http://www.wikidata.org/entity/Q4672235	P31	Q34770	instance-of
http://www.wikidata.org/entity/Q46728	P31	Q34770	instance-of
http://www.wikidata.org/entity/Q467501	P31	Q515	instance-of
http://www.wikidata.org/entity/Q4683034	P31	Q34770	instance-of
http://www.wikidata.org/entity/Q4684505	P31	Q34770	instance-of
http://www.wikidata.org/entity/Q468782	P31	Q515	instance-of
http://www.wikidata.org/entity/Q4694612	P31	Q34770	instance-of
http://www.wikidata.org/entity/Q4696964	P31	Q34770	instance-of
http://www.wikidata.org/entity/Q4697175	P31	Q34770	instance-of
http://www.wikidata.org/entity/Q4699269	P31	Q34770	instance-of
http://www.wikidata.org/entity/Q46995026	P31	Q34770	instance-of
http://www.wikidata.org/entity/Q47004517	P31	Q34770	instance-of
http://www.wikidata.org/entity/Q47004719	P31	Q34770	instance-of
http://www.wikidata.org/entity/Q47004724	P31	Q34770	instance-of
http://www.wikidata.org/entity/Q47004730	P31	Q34770	instance-of
http://www.wikidata.org/entity/Q47004732	P31	Q34770	instance-of
http://www.wikidata.org/entity/Q4700657	P31	Q34770	instance-of
http://www.wikidata.org/entity/Q47010865	P31	Q34770	instance-of
http://www.wikidata.org/entity/Q47012480	P31	Q34770	instance-of
http://www.wikidata.org/entity/Q47012776	P31	Q34770	instance-of
http://www.wikidata.org/entity/Q47012784	P31	Q34770	instance-of
http://www.wikidata.org/entity/Q47012789	P31	Q34770	instance-of
http://www.wikidata.org/entity/Q47012824	P31	Q34770	instance-of
http://www.wikidata.org/entity/Q47012866	P31	Q34770	instance-of
http://www.wikidata.org/entity/Q47012900	P31	Q34770	instance-of
http://www.wikidata.org/entity/Q47012992	P31	Q34770	instance-of
http://www.wikidata.org/entity/Q47013024	P31	Q34770	instance-of
http://www.wikidata.org/entity/Q47015522	P31	Q34770	instance-of
http://www.wikidata.org/entity/Q47015550	P31	Q34770	instance-of
http://www.wikidata.org/entity/Q47015558	P31	Q34770	instance-of
http://www.wikidata.org/entity/Q4701931	P31	Q34770	instance-of
http://www.wikidata.org/entity/Q4701960	P31	Q34770	instance-of
http://www.wikidata.org/entity/Q4702035	P31	Q34770	instance-of
http://www.wikidata.org/entity/Q47034	P31	Q515	instance-of
http://www.wikidata.org/entity/Q470445	P31	Q515	instance-of
http://www.wikidata.org/entity/Q47048	P31	Q515	instance-of
http://www.wikidata.org/entity/Q4709	P31	Q515	instance-of
http://www.wikidata.org/entity/Q47090852	P31	Q34770	instance-of
http://www.wikidata.org/entity/Q47090856	P31	Q34770	instance-of
http://www.wikidata.org/entity/Q47092323	P31	Q34770	instance-of
http://www.wikidata.org/entity/Q47092325	P31	Q34770	instance-of
http://www.wikidata.org/entity/Q47092330	P31	Q34770	instance-of
http://www.wikidata.org/entity/Q47092623	P31	Q34770	instance-of
http://www.wikidata.org/entity/Q47092630	P31	Q34770	instance-of
http://www.wikidata.org/entity/Q47092632	P31	Q34770	instance-of
http://www.wikidata.org/entity/Q47092633	P31	Q34770	instance-of
http://www.wikidata.org/entity/Q47092935	P31	Q34770	instance-of
http://www.wikidata.org/entity/Q47092939	P31	Q34770	instance-of
http://www.wikidata.org/entity/Q47092951	P31	Q34770	instance-of
http://www.wikidata.org/entity/Q47092956	P31	Q34770	instance-of
http://www.wikidata.org/entity/Q47092974	P31	Q34770	instance-of
http://www.wikidata.org/entity/Q47092979	P31	Q34770	instance-of
http://www.wikidata.org/entity/Q47093005	P31	Q34770	instance-of
http://www.wikidata.org/entity/Q47093059	P31	Q34770	instance-of
http://www.wikidata.org/entity/Q47093071	P31	Q34770	instance-of
http://www.wikidata.org/entity/Q47093136	P31	Q34770	instance-of
http://www.wikidata.org/entity/Q4709425	P31	Q34770	instance-of
http://www.wikidata.org/entity/Q4709467	P31	Q34770	instance-of
http://www.wikidata.org/entity/Q471181	P31	Q9143	instance-of
http://www.wikidata.org/entity/Q47138	P31	Q515	instance-of
http://www.wikidata.org/entity/Q47166	P31	Q515	instance-of
http://www.wikidata.org/entity/Q471886	P31	Q515	instance-of
http://www.wikidata.org/entity/Q472621	P31	Q515	instance-of
http://www.wikidata.org/entity/Q47265	P31	Q515	instance-of
http://www.wikidata.org/entity/Q47282	P31	Q515	instance-of
http://www.wikidata.org/entity/Q472822	P31	Q515	instance-of
http://www.wikidata.org/entity/Q472925	P31	Q515	instance-of
http://www.wikidata.org/entity/Q473201	P31	Q9143	instance-of
http://www.wikidata.org/entity/Q4734726	P31	Q34770	instance-of
http://www.wikidata.org/entity/Q4737539	P31	Q34770	instance-of
http://www.wikidata.org/entity/Q47385077	P31	Q34770	instance-of
http://www.wikidata.org/entity/Q473914	P31	Q515	instance-of
http://www.wikidata.org/entity/Q4740192	P31	Q34770	instance-of
http://www.wikidata.org/entity/Q4740400	P31	Q34770	instance-of
http://www.wikidata.org/entity/Q4740613	P31	Q34770	instance-of
http://www.wikidata.org/entity/Q4741706	P31	Q34770	instance-of
http://www.wikidata.org/entity/Q474651	P31	Q515	instance-of
http://www.wikidata.org/entity/Q4748057	P31	Q34770	instance-of
http://www.wikidata.org/entity/Q47482662	P31	Q34770	instance-of
http://www.wikidata.org/entity/Q474868	P31	Q515	instance-of
http://www.wikidata.org/entity/Q47489306	P31	Q34770	instance-of
http://www.wikidata.org/entity/Q4748974	P31	Q34770	instance-of
http://www.wikidata.org/entity/Q47492	P31	Q515	instance-of
http://www.wikidata.org/entity/Q47495733	P31	Q34770	instance-of
http://www.wikidata.org/entity/Q4750346	P31	Q34770	instance-of
http://www.wikidata.org/entity/Q4751795	P31	Q34770	instance-of
http://www.wikidata.org/entity/Q4753480	P31	Q34770	instance-of
http://www.wikidata.org/entity/Q4754487	P31	Q34770	instance-of
http://www.wikidata.org/entity/Q4754509	P31	Q34770	instance-of
http://www.wikidata.org/entity/Q47554	P31	Q515	instance-of
http://www.wikidata.org/entity/Q475700	P31	Q3918	instance-of
http://www.wikidata.org/entity/Q47607	P31	Q9143	instance-of
http://www.wikidata.org/entity/Q4761919	P31	Q34770	instance-of
http://www.wikidata.org/entity/Q47631	P31	Q34770	instance-of
http://www.wikidata.org/entity/Q4764288	P31	Q34770	instance-of
http://www.wikidata.org/entity/Q476800	P31	Q515	instance-of
http://www.wikidata.org/entity/Q47683644	P31	Q34770	instance-of
http://www.wikidata.org/entity/Q47703	P31	Q11424	instance-of
http://www.wikidata.org/entity/Q477148	P31	Q515	instance-of
http://www.wikidata.org/entity/Q477232	P31	Q515	instance-of
http://www.wikidata.org/entity/Q477238	P31	Q515	instance-of
http://www.wikidata.org/entity/Q4778608	P31	Q34770	instance-of
http://www.wikidata.org/entity/Q4780046	P31	Q34770	instance-of
http://www.wikidata.org/entity/Q478031	P31	Q515	instance-of
http://www.wikidata.org/entity/Q478207	P31	Q515	instance-of
http://www.wikidata.org/entity/Q4784070	P31	Q34770	instance-of
http://www.wikidata.org/entity/Q4784301	P31	Q34770	instance-of
http://www.wikidata.org/entity/Q4784535	P31	Q34770	instance-of
http://www.wikidata.org/entity/Q478675	P31	Q515	instance-of
http://www.wikidata.org/entity/Q4789666	P31	Q515	instance-of
http://www.wikidata.org/entity/Q4790085	P31	Q34770	instance-of
http://www.wikidata.org/entity/Q4790086	P31	Q34770	instance-of
http://www.wikidata.org/entity/Q47952	P31	Q515	instance-of
http://www.wikidata.org/entity/Q4796002	P31	Q34770	instance-of
http://www.wikidata.org/entity/Q4800819	P31	Q34770	instance-of
http://www.wikidata.org/entity/Q48037487	P31	Q34770	instance-of
http://www.wikidata.org/entity/Q48068440	P31	Q34770	instance-of
http://www.wikidata.org/entity/Q4811870	P31	Q34770	instance-of
http://www.wikidata.org/entity/Q4811888	P31	Q34770	instance-of
http://www.wikidata.org/entity/Q4812603	P31	Q34770	instance-of
http://www.wikidata.org/entity/Q4813055	P31	Q34770	instance-of
http://www.wikidata.org/entity/Q481659	P31	Q3918	instance-of
http://www.wikidata.org/entity/Q4827334	P31	Q34770	instance-of
http://www.wikidata.org/entity/Q48278	P31	Q515	instance-of
http://www.wikidata.org/entity/Q4829584	P31	Q34770	instance-of
http://www.wikidata.org/entity/Q4830038	P31	Q34770	instance-of
http://www.wikidata.org/entity/Q4830109	P31	Q34770	instance-of
http://www.wikidata.org/entity/Q4830892	P31	Q34770	instance-of
http://www.wikidata.org/entity/Q4831570	P31	Q34770	instance-of
http://www.wikidata.org/entity/Q483331	P31	Q515	instance-of
http://www.wikidata.org/entity/Q48338	P31	Q515	instance-of
http://www.wikidata.org/entity/Q48344	P31	Q515	instance-of
http://www.wikidata.org/entity/Q483522	P31	Q515	instance-of
http://www.wikidata.org/entity/Q483778	P31	Q482994	instance-of
http://www.wikidata.org/entity/Q483941	P31	Q11424	instance-of
http://www.wikidata.org/entity/Q48403	P31	Q515	instance-of
http://www.wikidata.org/entity/Q4840520	P31	Q34770	instance-of
http://www.wikidata.org/entity/Q4840986	P31	Q34770	instance-of
http://www.wikidata.org/entity/Q4841264	P31	Q34770	instance-of
http://www.wikidata.org/entity/Q4842178	P31	Q34770	instance-of
http://www.wikidata.org/entity/Q484442	P31	Q11424	instance-of
http://www.wikidata.org/entity/Q484706	P31	Q515	instance-of
http://www.wikidata.org/entity/Q48472	P31	Q515	instance-of
http://www.wikidata.org/entity/Q48472935	P31	Q34770	instance-of
http://www.wikidata.org/entity/Q4848866	P31	Q34770	instance-of
http://www.wikidata.org/entity/Q4849710	P31	Q34770	instance-of
http://www.wikidata.org/entity/Q4849796	P31	Q34770	instance-of
http://www.wikidata.org/entity/Q4850053	P31	Q34770	instance-of
http://www.wikidata.org/entity/Q4850912	P31	Q34770	instance-of
http://www.wikidata.org/entity/Q485496	P31	Q515	instance-of
http://www.wikidata.org/entity/Q4856243	P31	Q34770	instance-of
http://www.wikidata.org/entity/Q48565339	P31	Q34770	instance-of
http://www.wikidata.org/entity/Q48565467	P31	Q34770	instance-of
http://www.wikidata.org/entity/Q4858065	P31	Q34770	instance-of
http://www.wikidata.org/entity/Q4858315	P31	Q34770	instance-of
http://www.wikidata.org/entity/Q4860543	P31	Q34770	instance-of
http://www.wikidata.org/entity/Q486113	P31	Q482994	instance-of
http://www.wikidata.org/entity/Q486195	P31	Q515	instance-of
http://www.wikidata.org/entity/Q486282	P31	Q515	instance-of
http://www.wikidata.org/entity/Q4863220	P31	Q34770	instance-of
http://www.wikidata.org/entity/Q486329	P31	Q515	instance-of
http://www.wikidata.org/entity/Q486387	P31	Q482994	instance-of
http://www.wikidata.org/entity/Q4866152	P31	Q34770	instance-of
http://www.wikidata.org/entity/Q486792	P31	Q515	instance-of
http://www.wikidata.org/entity/Q486913	P31	Q515	instance-of
http://www.wikidata.org/entity/Q4869253	P31	Q34770	instance-of
http://www.wikidata.org/entity/Q4873607	P31	Q34770	instance-of
http://www.wikidata.org/entity/Q4874263	P31	Q34770	instance-of
http://www.wikidata.org/entity/Q487439	P31	Q515	instance-of
http://www.wikidata.org/entity/Q487626	P31	Q482994	instance-of
http://www.wikidata.org/entity/Q487672	P31	Q515	instance-of
http://www.wikidata.org/entity/Q48767245	P31	Q34770	instance-of
http://www.wikidata.org/entity/Q48767781	P31	Q34770	instance-of
http://www.wikidata.org/entity/Q487679	P31	Q515	instance-of
http://www.wikidata.org/entity/Q487684	P31	Q515	instance-of
http://www.wikidata.org/entity/Q487689	P31	Q515	instance-of
http://www.wikidata.org/entity/Q48769531	P31	Q34770	instance-of
http://www.wikidata.org/entity/Q487801	P31	Q515	instance-of
http://www.wikidata.org/entity/Q4878430	P31	Q34770	instance-of
http://www.wikidata.org/entity/Q4879330	P31	Q34770	instance-of
http://www.wikidata.org/entity/Q487981	P31	Q515	instance-of
http://www.wikidata.org/entity/Q488004	P31	Q515	instance-of
http://www.wikidata.org/entity/Q48809800	P31	Q34770	instance-of
http://www.wikidata.org/entity/Q48814	P31	Q515	instance-of
http://www.wikidata.org/entity/Q48817387	P31	Q34770	instance-of
http://www.wikidata.org/entity/Q4885023	P31	Q34770	instance-of
http://www.wikidata.org/entity/Q4886561	P31	Q34770	instance-of
http://www.wikidata.org/entity/Q4887064	P31	Q34770	instance-of
http://www.wikidata.org/entity/Q4887742	P31	Q34770	instance-of
http://www.wikidata.org/entity/Q488987	P31	Q515	instance-of
http://www.wikidata.org/entity/Q489011	P31	Q34770	instance-of
http://www.wikidata.org/entity/Q4890914	P31	Q34770	instance-of
http://www.wikidata.org/entity/Q4891018	P31	Q34770	instance-of
http://www.wikidata.org/entity/Q4897329	P31	Q34770	instance-of
http://www.wikidata.org/entity/Q48987680	P31	Q34770	instance-of
http://www.wikidata.org/entity/Q4898889	P31	Q34770	instance-of
http://www.wikidata.org/entity/Q489890	P31	Q515	instance-of
http://www.wikidata.org/entity/Q489898	P31	Q515	instance-of
http://www.wikidata.org/entity/Q490	P31	Q515	instance-of
http://www.wikidata.org/entity/Q4900493	P31	Q34770	instance-of
http://www.wikidata.org/entity/Q4901671	P31	Q34770	instance-of
http://www.wikidata.org/entity/Q4901729	P31	Q34770	instance-of
http://www.wikidata.org/entity/Q4901734	P31	Q34770	instance-of
http://www.wikidata.org/entity/Q4904523	P31	Q34770	instance-of
http://www.wikidata.org/entity/Q4904607	P31	Q34770	instance-of
http://www.wikidata.org/entity/Q4904687	P31	Q34770	instance-of
http://www.wikidata.org/entity/Q490643	P31	Q515	instance-of
http://www.wikidata.org/entity/Q4906894	P31	Q34770	instance-of
http://www.wikidata.org/entity/Q4907504	P31	Q34770	instance-of
http://www.wikidata.org/entity/Q4910139	P31	Q34770	instance-of
http://www.wikidata.org/entity/Q49108	P31	Q3918	instance-of
http://www.wikidata.org/entity/Q491102	P31	Q515	instance-of
http://www.wikidata.org/entity/Q49111	P31	Q515	instance-of
http://www.wikidata.org/entity/Q49118	P31	Q3918	instance-of
http://www.wikidata.org/entity/Q49119	P31	Q3918	instance-of
http://www.wikidata.org/entity/Q49120	P31	Q3918	instance-of
http://www.wikidata.org/entity/Q4913743	P31	Q34770	instance-of
http://www.wikidata.org/entity/Q4913807	P31	Q34770	instance-of
http://www.wikidata.org/entity/Q4913840	P31	Q34770	instance-of
http://www.wikidata.org/entity/Q4914077	P31	Q34770	instance-of
http://www.wikidata.org/entity/Q4914403	P31	Q34770	instance-of
http://www.wikidata.org/entity/Q4914576	P31	Q34770	instance-of
http://www.wikidata.org/entity/Q4915439	P31	Q34770	instance-of
http://www.wikidata.org/entity/Q49167	P31	Q3918	instance-of
http://www.wikidata.org/entity/Q49169	P31	Q515	instance-of
http://www.wikidata.org/entity/Q491879	P31	Q515	instance-of
http://www.wikidata.org/entity/Q4919173	P31	Q34770	instance-of
http://www.wikidata.org/entity/Q49192	P31	Q515	instance-of
http://www.wikidata.org/entity/Q4919322	P31	Q34770	instance-of
http://www.wikidata.org/entity/Q49196	P31	Q515	instance-of
http://www.wikidata.org/entity/Q4920003	P31	Q34770	instance-of
http://www.wikidata.org/entity/Q49204	P31	Q3918	instance-of
http://www.wikidata.org/entity/Q49205	P31	Q3918	instance-of
http://www.wikidata.org/entity/Q4920575	P31	Q34770	instance-of
http://www.wikidata.org/entity/Q49215	P31	Q34770	instance-of
http://www.wikidata.org/entity/Q4921648	P31	Q34770	instance-of
http://www.wikidata.org/entity/Q49218	P31	Q515	instance-of
http://www.wikidata.org/entity/Q4923414	P31	Q34770	instance-of
http://www.wikidata.org/entity/Q4923846	P31	Q34770	instance-of
http://www.wikidata.org/entity/Q4925096	P31	Q34770	instance-of
http://www.wikidata.org/entity/Q4925378	P31	Q34770	instance-of
http://www.wikidata.org/entity/Q492552	P31	Q515	instance-of
http://www.wikidata.org/entity/Q4926344	P31	Q34770	instance-of
http://www.wikidata.org/entity/Q4926353	P31	Q34770	instance-of
http://www.wikidata.org/entity/Q4931255	P31	Q34770	instance-of
http://www.wikidata.org/entity/Q4931258	P31	Q34770	instance-of
http://www.wikidata.org/entity/Q493141	P31	Q3918	instance-of
http://www.wikidata.org/entity/Q49340	P31	Q34770	instance-of
http://www.wikidata.org/entity/Q49341	P31	Q34770	instance-of
http://www.wikidata.org/entity/Q4935896	P31	Q34770	instance-of
http://www.wikidata.org/entity/Q4936715	P31	Q34770	instance-of
http://www.wikidata.org/entity/Q4938727	P31	Q34770	instance-of
http://www.wikidata.org/entity/Q4938812	P31	Q34770	instance-of
http://www.wikidata.org/entity/Q4938876	P31	Q34770	instance-of
http://www.wikidata.org/entity/Q4939959	P31	Q34770	instance-of
http://www.wikidata.org/entity/Q4941378	P31	Q34770	instance-of
http://www.wikidata.org/entity/Q4941860	P31	Q34770	instance-of
http://www.wikidata.org/entity/Q4941936	P31	Q34770	instance-of
http://www.wikidata.org/entity/Q4942134	P31	Q34770	instance-of
http://www.wikidata.org/entity/Q4942634	P31	Q34770	instance-of
http://www.wikidata.org/entity/Q494355	P31	Q34770	instance-of
http://www.wikidata.org/entity/Q4945106	P31	Q34770	instance-of
http://www.wikidata.org/entity/Q4946773	P31	Q34770	instance-of
http://www.wikidata.org/entity/Q494693	P31	Q515	instance-of
http://www.wikidata.org/entity/Q4947229	P31	Q34770	instance-of
http://www.wikidata.org/entity/Q4947249	P31	Q34770	instance-of
http://www.wikidata.org/entity/Q4952879	P31	Q34770	instance-of
http://www.wikidata.org/entity/Q495730	P31	Q515	instance-of
http://www.wikidata.org/entity/Q4957737	P31	Q34770	instance-of
http://www.wikidata.org/entity/Q4961835	P31	Q34770	instance-of
http://www.wikidata.org/entity/Q496442	P31	Q515	instance-of
http://www.wikidata.org/entity/Q496567	P31	Q515	instance-of
http://www.wikidata.org/entity/Q4967930	P31	Q34770	instance-of
http://www.wikidata.org/entity/Q497130	P31	Q515	instance-of
http://www.wikidata.org/entity/Q497345	P31	Q34770	instance-of
http://www.wikidata.org/entity/Q4973472	P31	Q34770	instance-of
http://www.wikidata.org/entity/Q497793	P31	Q515	instance-of
http://www.wikidata.org/entity/Q498401	P31	Q3918	instance-of
http://www.wikidata.org/entity/Q4985086	P31	Q34770	instance-of
http://www.wikidata.org/entity/Q4985158	P31	Q34770	instance-of
http://www.wikidata.org/entity/Q4985178	P31	Q34770	instance-of
http://www.wikidata.org/entity/Q4985281	P31	Q34770	instance-of
http://www.wikidata.org/entity/Q4985474	P31	Q34770	instance-of
http://www.wikidata.org/entity/Q4986814	P31	Q34770	instance-of
http://www.wikidata.org/entity/Q49929396	P31	Q34770	instance-of
http://www.wikidata.org/entity/Q49929872	P31	Q34770	instance-of
http://www.wikidata.org/entity/Q4996380	P31	Q34770	instance-of
http://www.wikidata.org/entity/Q4997162	P31	Q34770	instance-of
http://www.wikidata.org/entity/Q4997234	P31	Q34770	instance-of
http://www.wikidata.org/entity/Q4997235	P31	Q34770	instance-of
http://www.wikidata.org/entity/Q4997615	P31	Q34770	instance-of
http://www.wikidata.org/entity/Q4998124	P31	Q34770	instance-of
http://www.wikidata.org/entity/Q4998313	P31	Q34770	instance-of
http://www.wikidata.org/entity/Q499911	P31	Q3918	instance-of
http://www.wikidata.org/entity/Q5000976	P31	Q34770	instance-of
http://www.wikidata.org/entity/Q5000984	P31	Q34770	instance-of
http://www.wikidata.org/entity/Q500131	P31	Q3918	instance-of
http://www.wikidata.org/entity/Q500189	P31	Q515	instance-of
http://www.wikidata.org/entity/Q5002001	P31	Q34770	instance-of
http://www.wikidata.org/entity/Q5002345	P31	Q34770	instance-of
http://www.wikidata.org/entity/Q5003359	P31	Q34770	instance-of
http://www.wikidata.org/entity/Q5003401	P31	Q34770	instance-of
http://www.wikidata.org/entity/Q5005069	P31	Q34770	instance-of
http://www.wikidata.org/entity/Q500888	P31	Q515	instance-of
http://www.wikidata.org/entity/Q501090	P31	Q515	instance-of
http://www.wikidata.org/entity/Q5013745	P31	Q34770	instance-of
http://www.wikidata.org/entity/Q501709	P31	Q515	instance-of
http://www.wikidata.org/entity/Q501715	P31	Q515	instance-of
http://www.wikidata.org/entity/Q5017296	P31	Q34770	instance-of
http://www.wikidata.org/entity/Q5017528	P31	Q34770	instance-of
http://www.wikidata.org/entity/Q5017997	P31	Q34770	instance-of
http://www.wikidata.org/entity/Q5018037	P31	Q34770	instance-of
http://www.wikidata.org/entity/Q50195	P31	Q515	instance-of
http://www.wikidata.org/entity/Q50207890	P31	Q34770	instance-of
http://www.wikidata.org/entity/Q502141	P31	Q515	instance-of
http://www.wikidata.org/entity/Q5026908	P31	Q34770	instance-of
http://www.wikidata.org/entity/Q5027893	P31	Q34770	instance-of
http://www.wikidata.org/entity/Q50313949	P31	Q34770	instance-of
http://www.wikidata.org/entity/Q503469	P31	Q515	instance-of
http://www.wikidata.org/entity/Q504114	P31	Q515	instance-of
http://www.wikidata.org/entity/Q504215	P31	Q515	instance-of
http://www.wikidata.org/entity/Q5044773	P31	Q34770	instance-of
http://www.wikidata.org/entity/Q504657	P31	Q515	instance-of
http://www.wikidata.org/entity/Q5054242	P31	Q34770	instance-of
http://www.wikidata.org/entity/Q5054550	P31	Q34770	instance-of
http://www.wikidata.org/entity/Q505655	P31	Q34770	instance-of
http://www.wikidata.org/entity/Q5061548	P31	Q34770	instance-of
http://www.wikidata.org/entity/Q5061727	P31	Q34770	instance-of
http://www.wikidata.org/entity/Q5061915	P31	Q34770	instance-of
http://www.wikidata.org/entity/Q5062046	P31	Q34770	instance-of
http://www.wikidata.org/entity/Q506745	P31	Q515	instance-of
http://www.wikidata.org/entity/Q5068066	P31	Q34770	instance-of
http://www.wikidata.org/entity/Q5069707	P31	Q34770	instance-of
http://www.wikidata.org/entity/Q507080	P31	Q515	instance-of
http://www.wikidata.org/entity/Q5072105	P31	Q34770	instance-of
http://www.wikidata.org/entity/Q5072884	P31	Q34770	instance-of
http://www.wikidata.org/entity/Q5073694	P31	Q34770	instance-of
http://www.wikidata.org/entity/Q50816	P31	Q515	instance-of
http://www.wikidata.org/entity/Q508332	P31	Q34770	instance-of
http://www.wikidata.org/entity/Q5086680	P31	Q34770	instance-of
http://www.wikidata.org/entity/Q5088056	P31	Q34770	instance-of
http://www.wikidata.org/entity/Q5091044	P31	Q34770	instance-of
http://www.wikidata.org/entity/Q5091274	P31	Q34770	instance-of
http://www.wikidata.org/entity/Q5091700	P31	Q34770	instance-of
http://www.wikidata.org/entity/Q50924966	P31	Q34770	instance-of
http://www.wikidata.org/entity/Q50927151	P31	Q34770	instance-of
http://www.wikidata.org/entity/Q50927152	P31	Q34770	instance-of
http://www.wikidata.org/entity/Q50927170	P31	Q34770	instance-of
http://www.wikidata.org/entity/Q50927229	P31	Q34770	instance-of
http://www.wikidata.org/entity/Q50931559	P31	Q34770	instance-of
http://www.wikidata.org/entity/Q50934253	P31	Q34770	instance-of
http://www.wikidata.org/entity/Q50934254	P31	Q34770	instance-of
http://www.wikidata.org/entity/Q50934484	P31	Q34770	instance-of
http://www.wikidata.org/entity/Q50934868	P31	Q34770	instance-of
http://www.wikidata.org/entity/Q50934920	P31	Q34770	instance-of
http://www.wikidata.org/entity/Q50934947	P31	Q34770	instance-of
http://www.wikidata.org/entity/Q50935153	P31	Q34770	instance-of
http://www.wikidata.org/entity/Q50948445	P31	Q34770	instance-of
http://www.wikidata.org/entity/Q5095221	P31	Q34770	instance-of
http://www.wikidata.org/entity/Q5096050	P31	Q34770	instance-of
http://www.wikidata.org/entity/Q5096458	P31	Q34770	instance-of
http://www.wikidata.org/entity/Q5099289	P31	Q34770	instance-of
http://www.wikidata.org/entity/Q5100107	P31	Q34770	instance-of
http://www.wikidata.org/entity/Q5100110	P31	Q34770	instance-of
http://www.wikidata.org/entity/Q5100111	P31	Q34770	instance-of
http://www.wikidata.org/entity/Q5100112	P31	Q34770	instance-of
http://www.wikidata.org/entity/Q5100113	P31	Q34770	instance-of
http://www.wikidata.org/entity/Q510029	P31	Q3918	instance-of
http://www.wikidata.org/entity/Q5101757	P31	Q34770	instance-of
http://www.wikidata.org/entity/Q5102016	P31	Q34770	instance-of
http://www.wikidata.org/entity/Q5103425	P31	Q34770	instance-of
http://www.wikidata.org/entity/Q5103508	P31	Q34770	instance-of
http://www.wikidata.org/entity/Q5104247	P31	Q34770	instance-of
http://www.wikidata.org/entity/Q510544	P31	Q34770	instance-of
http://www.wikidata.org/entity/Q510561	P31	Q34770	instance-of
http://www.wikidata.org/entity/Q5105629	P31	Q34770	instance-of
http://www.wikidata.org/entity/Q51103	P31	Q515	instance-of
http://www.wikidata.org/entity/Q51111	P31	Q515	instance-of
http://www.wikidata.org/entity/Q5112	P31	Q515	instance-of
http://www.wikidata.org/entity/Q5115226	P31	Q34770	instance-of
http://www.wikidata.org/entity/Q5116126	P31	Q34770	instance-of
http://www.wikidata.org/entity/Q5118412	P31	Q34770	instance-of
http://www.wikidata.org/entity/Q5121095	P31	Q34770	instance-of
http://www.wikidata.org/entity/Q513238	P31	Q9143	instance-of
http://www.wikidata.org/entity/Q513727	P31	Q515	instance-of
http://www.wikidata.org/entity/Q5138603	P31	Q34770	instance-of
http://www.wikidata.org/entity/Q5138605	P31	Q34770	instance-of
http://www.wikidata.org/entity/Q514123	P31	Q34770	instance-of
http://www.wikidata.org/entity/Q51432	P31	Q515	instance-of
http://www.wikidata.org/entity/Q515117	P31	Q515	instance-of
http://www.wikidata.org/entity/Q515229	P31	Q515	instance-of
http://www.wikidata.org/entity/Q5166	P31	Q34770	instance-of
http://www.wikidata.org/entity/Q5168	P31	Q515	instance-of
http://www.wikidata.org/entity/Q5172075	P31	Q34770	instance-of
http://www.wikidata.org/entity/Q517956	P31	Q9143	instance-of
http://www.wikidata.org/entity/Q51798	P31	Q9143	instance-of
http://www.wikidata.org/entity/Q5180100	P31	Q34770	instance-of
http://www.wikidata.org/entity/Q51878	P31	Q515	instance-of
http://www.wikidata.org/entity/Q51885456	P31	Q9143	instance-of
http://www.wikidata.org/entity/Q5193781	P31	Q34770	instance-of
http://www.wikidata.org/entity/Q5193784	P31	Q34770	instance-of
http://www.wikidata.org/entity/Q51955140	P31	Q34770	instance-of
http://www.wikidata.org/entity/Q52008172	P31	Q34770	instance-of
http://www.wikidata.org/entity/Q5201809	P31	Q34770	instance-of
http://www.wikidata.org/entity/Q5202780	P31	Q34770	instance-of
http://www.wikidata.org/entity/Q5207451	P31	Q34770	instance-of
http://www.wikidata.org/entity/Q5208077	P31	Q34770	instance-of
http://www.wikidata.org/entity/Q5208442	P31	Q34770	instance-of
http://www.wikidata.org/entity/Q5209052	P31	Q34770	instance-of
http://www.wikidata.org/entity/Q5209890	P31	Q34770	instance-of
http://www.wikidata.org/entity/Q5209962	P31	Q34770	instance-of
http://www.wikidata.org/entity/Q52101	P31	Q515	instance-of
http://www.wikidata.org/entity/Q5211865	P31	Q34770	instance-of
http://www.wikidata.org/entity/Q5211943	P31	Q34770	instance-of
http://www.wikidata.org/entity/Q5212928	P31	Q34770	instance-of
http://www.wikidata.org/entity/Q522041	P31	Q9143	instance-of
http://www.wikidata.org/entity/Q5221513	P31	Q34770	instance-of
http://www.wikidata.org/entity/Q5221528	P31	Q34770	instance-of
http://www.wikidata.org/entity/Q5222637	P31	Q34770	instance-of
http://www.wikidata.org/entity/Q5223660	P31	Q34770	instance-of
http://www.wikidata.org/entity/Q5223941	P31	Q34770	instance-of
http://www.wikidata.org/entity/Q5224058	P31	Q34770	instance-of
http://www.wikidata.org/entity/Q5224156	P31	Q34770	instance-of
http://www.wikidata.org/entity/Q5228174	P31	Q34770	instance-of
http://www.wikidata.org/entity/Q523823	P31	Q34770	instance-of
http://www.wikidata.org/entity/Q52393786	P31	Q34770	instance-of
http://www.wikidata.org/entity/Q52395140	P31	Q34770	instance-of
http://www.wikidata.org/entity/Q524102	P31	Q34770	instance-of
http://www.wikidata.org/entity/Q52413	P31	Q3918	instance-of
http://www.wikidata.org/entity/Q5242286	P31	Q34770	instance-of
http://www.wikidata.org/entity/Q525169	P31	Q3918	instance-of
http://www.wikidata.org/entity/Q5251770	P31	Q34770	instance-of
http://www.wikidata.org/entity/Q5252754	P31	Q34770	instance-of
http://www.wikidata.org/entity/Q5253046	P31	Q34770	instance-of
http://www.wikidata.org/entity/Q5254989	P31	Q34770	instance-of
http://www.wikidata.org/entity/Q5261289	P31	Q34770	instance-of
http://www.wikidata.org/entity/Q5266	P31	Q515	instance-of
http://www.wikidata.org/entity/Q5268787	P31	Q34770	instance-of
http://www.wikidata.org/entity/Q5268960	P31	Q34770	instance-of
http://www.wikidata.org/entity/Q5269842	P31	Q34770	instance-of
http://www.wikidata.org/entity/Q5272268	P31	Q34770	instance-of
http://www.wikidata.org/entity/Q5276	P31	Q515	instance-of
http://www.wikidata.org/entity/Q5277140	P31	Q34770	instance-of
http://www.wikidata.org/entity/Q527748	P31	Q515	instance-of
http://www.wikidata.org/entity/Q5278044	P31	Q34770	instance-of
http://www.wikidata.org/entity/Q528231	P31	Q3918	instance-of
http://www.wikidata.org/entity/Q5283765	P31	Q34770	instance-of
http://www.wikidata.org/entity/Q52842	P31	Q515	instance-of
http://www.wikidata.org/entity/Q528432	P31	Q515	instance-of
http://www.wikidata.org/entity/Q52845	P31	Q515	instance-of
http://www.wikidata.org/entity/Q52847	P31	Q43229	instance-of
http://www.wikidata.org/entity/Q5285033	P31	Q34770	instance-of
http://www.wikidata.org/entity/Q5285185	P31	Q34770	instance-of
http://www.wikidata.org/entity/Q5285187	P31	Q34770	instance-of
http://www.wikidata.org/entity/Q5285190	P31	Q34770	instance-of
http://www.wikidata.org/entity/Q5285274	P31	Q34770	instance-of
http://www.wikidata.org/entity/Q5285350	P31	Q34770	instance-of
http://www.wikidata.org/entity/Q5285351	P31	Q34770	instance-of
http://www.wikidata.org/entity/Q5286517	P31	Q34770	instance-of
http://www.wikidata.org/entity/Q5288055	P31	Q34770	instance-of
http://www.wikidata.org/entity/Q5288764	P31	Q34770	instance-of
http://www.wikidata.org/entity/Q5288841	P31	Q34770	instance-of
http://www.wikidata.org/entity/Q52892	P31	Q515	instance-of
http://www.wikidata.org/entity/Q5291375	P31	Q34770	instance-of
http://www.wikidata.org/entity/Q5291378	P31	Q34770	instance-of
http://www.wikidata.org/entity/Q5295571	P31	Q34770	instance-of
http://www.wikidata.org/entity/Q5295991	P31	Q34770	instance-of
http://www.wikidata.org/entity/Q5296051	P31	Q34770	instance-of
http://www.wikidata.org/entity/Q5297022	P31	Q34770	instance-of
http://www.wikidata.org/entity/Q5297532	P31	Q34770	instance-of
http://www.wikidata.org/entity/Q52981	P31	Q515	instance-of
http://www.wikidata.org/entity/Q5298175	P31	Q34770	instance-of
http://www.wikidata.org/entity/Q529921	P31	Q34770	instance-of
http://www.wikidata.org/entity/Q5301	P31	Q9143	instance-of
http://www.wikidata.org/entity/Q530171	P31	Q515	instance-of
http://www.wikidata.org/entity/Q5302331	P31	Q34770	instance-of
http://www.wikidata.org/entity/Q5310448	P31	Q34770	instance-of
http://www.wikidata.org/entity/Q5310792	P31	Q34770	instance-of
http://www.wikidata.org/entity/Q53122	P31	Q3918	instance-of
http://www.wikidata.org/entity/Q5313310	P31	Q34770	instance-of
http://www.wikidata.org/entity/Q5313387	P31	Q34770	instance-of
http://www.wikidata.org/entity/Q5313405	P31	Q34770	instance-of
http://www.wikidata.org/entity/Q5313599	P31	Q34770	instance-of
http://www.wikidata.org/entity/Q5314004	P31	Q34770	instance-of
http://www.wikidata.org/entity/Q5314039	P31	Q34770	instance-of
http://www.wikidata.org/entity/Q5315230	P31	Q34770	instance-of
http://www.wikidata.org/entity/Q5315912	P31	Q34770	instance-of
http://www.wikidata.org/entity/Q5316627	P31	Q34770	instance-of
http://www.wikidata.org/entity/Q5316948	P31	Q34770	instance-of
http://www.wikidata.org/entity/Q5317647	P31	Q34770	instance-of
http://www.wikidata.org/entity/Q5318651	P31	Q34770	instance-of
http://www.wikidata.org/entity/Q5319619	P31	Q34770	instance-of
http://www.wikidata.org/entity/Q5319622	P31	Q34770	instance-of
http://www.wikidata.org/entity/Q5320028	P31	Q34770	instance-of
http://www.wikidata.org/entity/Q5328200	P31	Q34770	instance-of
http://www.wikidata.org/entity/Q532822	P31	Q3918	instance-of
http://www.wikidata.org/entity/Q5329945	P31	Q34770	instance-of
http://www.wikidata.org/entity/Q5330342	P31	Q34770	instance-of
http://www.wikidata.org/entity/Q5330355	P31	Q34770	instance-of
http://www.wikidata.org/entity/Q5330379	P31	Q34770	instance-of
http://www.wikidata.org/entity/Q5330390	P31	Q34770	instance-of
http://www.wikidata.org/entity/Q53386731	P31	Q34770	instance-of
http://www.wikidata.org/entity/Q5340184	P31	Q34770	instance-of
http://www.wikidata.org/entity/Q534409	P31	Q515	instance-of
http://www.wikidata.org/entity/Q534515	P31	Q3918	instance-of
http://www.wikidata.org/entity/Q534643	P31	Q3918	instance-of
http://www.wikidata.org/entity/Q53482453	P31	Q34770	instance-of
http://www.wikidata.org/entity/Q5349839	P31	Q34770	instance-of
http://www.wikidata.org/entity/Q5350030	P31	Q34770	instance-of
http://www.wikidata.org/entity/Q5350265	P31	Q34770	instance-of
http://www.wikidata.org/entity/Q5350305	P31	Q34770	instance-of
http://www.wikidata.org/entity/Q5350418	P31	Q34770	instance-of
http://www.wikidata.org/entity/Q5350733	P31	Q34770	instance-of
http://www.wikidata.org/entity/Q5351410	P31	Q34770	instance-of
http://www.wikidata.org/entity/Q53575940	P31	Q34770	instance-of
http://www.wikidata.org/entity/Q5359444	P31	Q34770	instance-of
http://www.wikidata.org/entity/Q5359560	P31	Q34770	instance-of
http://www.wikidata.org/entity/Q5362035	P31	Q9143	instance-of
http://www.wikidata.org/entity/Q536280	P31	Q3918	instance-of
http://www.wikidata.org/entity/Q5364172	P31	Q34770	instance-of
http://www.wikidata.org/entity/Q5364210	P31	Q34770	instance-of
http://www.wikidata.org/entity/Q5364419	P31	Q34770	instance-of
http://www.wikidata.org/entity/Q5364424	P31	Q34770	instance-of
http://www.wikidata.org/entity/Q5367223	P31	Q34770	instance-of
http://www.wikidata.org/entity/Q5368975	P31	Q34770	instance-of
http://www.wikidata.org/entity/Q5369424	P31	Q34770	instance-of
http://www.wikidata.org/entity/Q5370369	P31	Q34770	instance-of
http://www.wikidata.org/entity/Q5372139	P31	Q34770	instance-of
http://www.wikidata.org/entity/Q5374265	P31	Q34770	instance-of
http://www.wikidata.org/entity/Q53765528	P31	Q34770	instance-of
http://www.wikidata.org/entity/Q53766256	P31	Q34770	instance-of
http://www.wikidata.org/entity/Q5380858	P31	Q34770	instance-of
http://www.wikidata.org/entity/Q5381447	P31	Q34770	instance-of
http://www.wikidata.org/entity/Q5381452	P31	Q34770	instance-of
http://www.wikidata.org/entity/Q538364	P31	Q34770	instance-of
http://www.wikidata.org/entity/Q538452	P31	Q3918	instance-of
http://www.wikidata.org/entity/Q5385061	P31	Q34770	instance-of
http://www.wikidata.org/entity/Q5388365	P31	Q34770	instance-of
http://www.wikidata.org/entity/Q539268	P31	Q9143	instance-of
http://www.wikidata.org/entity/Q5393974	P31	Q34770	instance-of
http://www.wikidata.org/entity/Q5395296	P31	Q34770	instance-of
http://www.wikidata.org/entity/Q5395662	P31	Q34770	instance-of
http://www.wikidata.org/entity/Q5401071	P31	Q34770	instance-of
http://www.wikidata.org/entity/Q540672	P31	Q3918	instance-of
http://www.wikidata.org/entity/Q540844	P31	Q515	instance-of
http://www.wikidata.org/entity/Q5414796	P31	Q34770	instance-of
http://www.wikidata.org/entity/Q541548	P31	Q3918	instance-of
http://www.wikidata.org/entity/Q542564	P31	Q34770	instance-of
http://www.wikidata.org/entity/Q54274	P31	Q11424	instance-of
http://www.wikidata.org/entity/Q54312860	P31	Q34770	instance-of
http://www.wikidata.org/entity/Q5433811	P31	Q34770	instance-of
http://www.wikidata.org/entity/Q5439113	P31	Q34770	instance-of
http://www.wikidata.org/entity/Q5443742	P31	Q34770	instance-of
http://www.wikidata.org/entity/Q5449202	P31	Q34770	instance-of
http://www.wikidata.org/entity/Q544927	P31	Q9143	instance-of
http://www.wikidata.org/entity/Q54548740	P31	Q34770	instance-of
http://www.wikidata.org/entity/Q5456292	P31	Q34770	instance-of
http://www.wikidata.org/entity/Q546	P31	Q515	instance-of
http://www.wikidata.org/entity/Q5460	P31	Q515	instance-of
http://www.wikidata.org/entity/Q5463819	P31	Q34770	instance-of
http://www.wikidata.org/entity/Q5464146	P31	Q34770	instance-of
http://www.wikidata.org/entity/Q5464843	P31	Q34770	instance-of
http://www.wikidata.org/entity/Q5464911	P31	Q34770	instance-of
http://www.wikidata.org/entity/Q5465566	P31	Q34770	instance-of
http://www.wikidata.org/entity/Q5467173	P31	Q34770	instance-of
http://www.wikidata.org/entity/Q5468	P31	Q515	instance-of
http://www.wikidata.org/entity/Q5468035	P31	Q34770	instance-of
http://www.wikidata.org/entity/Q546976	P31	Q3918	instance-of
http://www.wikidata.org/entity/Q5473983	P31	Q34770	instance-of
http://www.wikidata.org/entity/Q54743	P31	Q515	instance-of
http://www.wikidata.org/entity/Q5475	P31	Q515	instance-of
http://www.wikidata.org/entity/Q54766	P31	Q515	instance-of
http://www.wikidata.org/entity/Q547867	P31	Q3918	instance-of
http://www.wikidata.org/entity/Q5480718	P31	Q34770	instance-of
http://www.wikidata.org/entity/Q54841654	P31	Q34770	instance-of
http://www.wikidata.org/entity/Q548441	P31	Q515	instance-of
http://www.wikidata.org/entity/Q54879035	P31	Q34770	instance-of
http://www.wikidata.org/entity/Q54880	P31	Q515	instance-of
http://www.wikidata.org/entity/Q54886	P31	Q515	instance-of
http://www.wikidata.org/entity/Q54898	P31	Q515	instance-of
http://www.wikidata.org/entity/Q55	P31	Q6256	instance-of
http://www.wikidata.org/entity/Q550263	P31	Q3918	instance-of
http://www.wikidata.org/entity/Q5515189	P31	Q34770	instance-of
http://www.wikidata.org/entity/Q5516952	P31	Q34770	instance-of
http://www.wikidata.org/entity/Q5517032	P31	Q34770	instance-of
http://www.wikidata.org/entity/Q5517742	P31	Q34770	instance-of
http://www.wikidata.org/entity/Q5517764	P31	Q34770	instance-of
http://www.wikidata.org/entity/Q5520226	P31	Q34770	instance-of
http://www.wikidata.org/entity/Q5521529	P31	Q34770	instance-of
http://www.wikidata.org/entity/Q5521556	P31	Q34770	instance-of
http://www.wikidata.org/entity/Q55218915	P31	Q34770	instance-of
http://www.wikidata.org/entity/Q5523396	P31	Q34770	instance-of
http://www.wikidata.org/entity/Q55254102	P31	Q34770	instance-of
http://www.wikidata.org/entity/Q5528335	P31	Q34770	instance-of
http://www.wikidata.org/entity/Q5528771	P31	Q34770	instance-of
http://www.wikidata.org/entity/Q5529130	P31	Q34770	instance-of
http://www.wikidata.org/entity/Q5529310	P31	Q34770	instance-of
http://www.wikidata.org/entity/Q5529341	P31	Q34770	instance-of
http://www.wikidata.org/entity/Q5529342	P31	Q34770	instance-of
http://www.wikidata.org/entity/Q5530317	P31	Q34770	instance-of
http://www.wikidata.org/entity/Q5531038	P31	Q34770	instance-of
http://www.wikidata.org/entity/Q553514	P31	Q9143	instance-of
http://www.wikidata.org/entity/Q5555259	P31	Q34770	instance-of
http://www.wikidata.org/entity/Q5555465	P31	Q34770	instance-of
http://www.wikidata.org/entity/Q5559094	P31	Q34770	instance-of
http://www.wikidata.org/entity/Q55607615	P31	Q34770	instance-of
http://www.wikidata.org/entity/Q556098	P31	Q3918	instance-of
http://www.wikidata.org/entity/Q5564185	P31	Q34770	instance-of
http://www.wikidata.org/entity/Q5565906	P31	Q34770	instance-of
http://www.wikidata.org/entity/Q5565941	P31	Q34770	instance-of
http://www.wikidata.org/entity/Q55740060	P31	Q34770	instance-of
http://www.wikidata.org/entity/Q5575236	P31	Q34770	instance-of
http://www.wikidata.org/entity/Q5578069	P31	Q34770	instance-of
http://www.wikidata.org/entity/Q5580728	P31	Q34770	instance-of
http://www.wikidata.org/entity/Q5582862	P31	Q515	instance-of
http://www.wikidata.org/entity/Q5583799	P31	Q9143	instance-of
http://www.wikidata.org/entity/Q5584396	P31	Q515	instance-of
http://www.wikidata.org/entity/Q558922	P31	Q3918	instance-of
http://www.wikidata.org/entity/Q5590235	P31	Q34770	instance-of
http://www.wikidata.org/entity/Q5595219	P31	Q34770	instance-of
http://www.wikidata.org/entity/Q56064	P31	Q515	instance-of
http://www.wikidata.org/entity/Q56069	P31	Q515	instance-of
http://www.wikidata.org/entity/Q56071779	P31	Q34770	instance-of
http://www.wikidata.org/entity/Q5607612	P31	Q34770	instance-of
http://www.wikidata.org/entity/Q5613495	P31	Q34770	instance-of
http://www.wikidata.org/entity/Q5614751	P31	Q34770	instance-of
http://www.wikidata.org/entity/Q5614858	P31	Q34770	instance-of
http://www.wikidata.org/entity/Q5615186	P31	Q34770	instance-of
http://www.wikidata.org/entity/Q5615279	P31	Q34770	instance-of
http://www.wikidata.org/entity/Q5615286	P31	Q34770	instance-of
http://www.wikidata.org/entity/Q5616927	P31	Q34770	instance-of
http://www.wikidata.org/entity/Q5617176	P31	Q34770	instance-of
http://www.wikidata.org/entity/Q5618523	P31	Q34770	instance-of
http://www.wikidata.org/entity/Q5619801	P31	Q34770	instance-of
http://www.wikidata.org/entity/Q56199161	P31	Q34770	instance-of
http://www.wikidata.org/entity/Q5619931	P31	Q34770	instance-of
http://www.wikidata.org/entity/Q5619998	P31	Q34770	instance-of
http://www.wikidata.org/entity/Q5620091	P31	Q34770	instance-of
http://www.wikidata.org/entity/Q5621973	P31	Q34770	instance-of
http://www.wikidata.org/entity/Q5621992	P31	Q34770	instance-of
http://www.wikidata.org/entity/Q56231	P31	Q34770	instance-of
http://www.wikidata.org/entity/Q5623219	P31	Q34770	instance-of
http://www.wikidata.org/entity/Q5623246	P31	Q34770	instance-of
http://www.wikidata.org/entity/Q5623387	P31	Q34770	instance-of
http://www.wikidata.org/entity/Q56235	P31	Q34770	instance-of
http://www.wikidata.org/entity/Q5623559	P31	Q34770	instance-of
http://www.wikidata.org/entity/Q56236	P31	Q34770	instance-of
http://www.wikidata.org/entity/Q56237	P31	Q34770	instance-of
http://www.wikidata.org/entity/Q56238	P31	Q34770	instance-of
http://www.wikidata.org/entity/Q56239	P31	Q34770	instance-of
http://www.wikidata.org/entity/Q5624046	P31	Q34770	instance-of
http://www.wikidata.org/entity/Q56241	P31	Q34770	instance-of
http://www.wikidata.org/entity/Q56244	P31	Q34770	instance-of
http://www.wikidata.org/entity/Q56245	P31	Q34770	instance-of
http://www.wikidata.org/entity/Q56246	P31	Q34770	instance-of
http://www.wikidata.org/entity/Q56249	P31	Q34770	instance-of
http://www.wikidata.org/entity/Q56250	P31	Q34770	instance-of
http://www.wikidata.org/entity/Q56254	P31	Q34770	instance-of
http://www.wikidata.org/entity/Q56256	P31	Q34770	instance-of
http://www.wikidata.org/entity/Q56258	P31	Q34770	instance-of
http://www.wikidata.org/entity/Q56259	P31	Q34770	instance-of
http://www.wikidata.org/entity/Q56260	P31	Q34770	instance-of
http://www.wikidata.org/entity/Q56261	P31	Q34770	instance-of
http://www.wikidata.org/entity/Q56261010	P31	Q34770	instance-of
http://www.wikidata.org/entity/Q56262	P31	Q34770	instance-of
http://www.wikidata.org/entity/Q56264	P31	Q34770	instance-of
http://www.wikidata.org/entity/Q56265	P31	Q34770	instance-of
http://www.wikidata.org/entity/Q56267	P31	Q34770	instance-of
http://www.wikidata.org/entity/Q5626799	P31	Q34770	instance-of
http://www.wikidata.org/entity/Q56268	P31	Q34770	instance-of
http://www.wikidata.org/entity/Q5626813	P31	Q34770	instance-of
http://www.wikidata.org/entity/Q56269	P31	Q34770	instance-of
http://www.wikidata.org/entity/Q56271	P31	Q34770	instance-of
http://www.wikidata.org/entity/Q56272	P31	Q34770	instance-of
http://www.wikidata.org/entity/Q56273	P31	Q34770	instance-of
http://www.wikidata.org/entity/Q56274	P31	Q34770	instance-of
http://www.wikidata.org/entity/Q56278	P31	Q34770	instance-of
http://www.wikidata.org/entity/Q56279	P31	Q34770	instance-of
http://www.wikidata.org/entity/Q56280	P31	Q34770	instance-of
http://www.wikidata.org/entity/Q56281	P31	Q34770	instance-of
http://www.wikidata.org/entity/Q56282	P31	Q34770	instance-of
http://www.wikidata.org/entity/Q56283	P31	Q34770	instance-of
http://www.wikidata.org/entity/Q56284	P31	Q34770	instance-of
http://www.wikidata.org/entity/Q56285	P31	Q34770	instance-of
http://www.wikidata.org/entity/Q56285392	P31	Q34770	instance-of
http://www.wikidata.org/entity/Q56286	P31	Q34770	instance-of
http://www.wikidata.org/entity/Q56287	P31	Q34770	instance-of
http://www.wikidata.org/entity/Q56288	P31	Q34770	instance-of
http://www.wikidata.org/entity/Q56291	P31	Q34770	instance-of
http://www.wikidata.org/entity/Q56293	P31	Q34770	instance-of
http://www.wikidata.org/entity/Q56294	P31	Q34770	instance-of
http://www.wikidata.org/entity/Q56297	P31	Q34770	instance-of
http://www.wikidata.org/entity/Q56298	P31	Q34770	instance-of
http://www.wikidata.org/entity/Q56299	P31	Q34770	instance-of
http://www.wikidata.org/entity/Q56300	P31	Q34770	instance-of
http://www.wikidata.org/entity/Q56301	P31	Q34770	instance-of
http://www.wikidata.org/entity/Q56302	P31	Q34770	instance-of
http://www.wikidata.org/entity/Q56303	P31	Q34770	instance-of
http://www.wikidata.org/entity/Q56304	P31	Q34770	instance-of
http://www.wikidata.org/entity/Q56306	P31	Q34770	instance-of
http://www.wikidata.org/entity/Q56307	P31	Q34770	instance-of
http://www.wikidata.org/entity/Q56308	P31	Q34770	instance-of
http://www.wikidata.org/entity/Q56310	P31	Q34770	instance-of
http://www.wikidata.org/entity/Q56311	P31	Q34770	instance-of
http://www.wikidata.org/entity/Q56313	P31	Q34770	instance-of
http://www.wikidata.org/entity/Q56316	P31	Q34770	instance-of
http://www.wikidata.org/entity/Q56317	P31	Q34770	instance-of
http://www.wikidata.org/entity/Q56319	P31	Q34770	instance-of
http://www.wikidata.org/entity/Q56320	P31	Q34770	instance-of
http://www.wikidata.org/entity/Q56323	P31	Q34770	instance-of
http://www.wikidata.org/entity/Q56325	P31	Q34770	instance-of
http://www.wikidata.org/entity/Q56325199	P31	Q34770	instance-of
http://www.wikidata.org/entity/Q56326	P31	Q34770	instance-of
http://www.wikidata.org/entity/Q56327	P31	Q34770	instance-of
http://www.wikidata.org/entity/Q56328	P31	Q34770	instance-of
http://www.wikidata.org/entity/Q56329	P31	Q34770	instance-of
http://www.wikidata.org/entity/Q56329630	P31	Q34770	instance-of
http://www.wikidata.org/entity/Q56330	P31	Q34770	instance-of
http://www.wikidata.org/entity/Q56332	P31	Q34770	instance-of
http://www.wikidata.org/entity/Q56333	P31	Q34770	instance-of
http://www.wikidata.org/entity/Q56334	P31	Q34770	instance-of
http://www.wikidata.org/entity/Q56336	P31	Q34770	instance-of
http://www.wikidata.org/entity/Q56338	P31	Q34770	instance-of
http://www.wikidata.org/entity/Q56339	P31	Q34770	instance-of
http://www.wikidata.org/entity/Q56343	P31	Q34770	instance-of
http://www.wikidata.org/entity/Q56344	P31	Q34770	instance-of
http://www.wikidata.org/entity/Q56345	P31	Q34770	instance-of
http://www.wikidata.org/entity/Q56346	P31	Q34770	instance-of
http://www.wikidata.org/entity/Q56348	P31	Q34770	instance-of
http://www.wikidata.org/entity/Q56349	P31	Q34770	instance-of
http://www.wikidata.org/entity/Q56350	P31	Q34770	instance-of
http://www.wikidata.org/entity/Q56351	P31	Q34770	instance-of
http://www.wikidata.org/entity/Q56352	P31	Q34770	instance-of
http://www.wikidata.org/entity/Q56353	P31	Q34770	instance-of
http://www.wikidata.org/entity/Q56354	P31	Q34770	instance-of
http://www.wikidata.org/entity/Q56355	P31	Q34770	instance-of
http://www.wikidata.org/entity/Q56356	P31	Q34770	instance-of
http://www.wikidata.org/entity/Q56357	P31	Q34770	instance-of
http://www.wikidata.org/entity/Q56358	P31	Q34770	instance-of
http://www.wikidata.org/entity/Q56360	P31	Q34770	instance-of
http://www.wikidata.org/entity/Q56362	P31	Q34770	instance-of
http://www.wikidata.org/entity/Q56363	P31	Q34770	instance-of
http://www.wikidata.org/entity/Q56364	P31	Q34770	instance-of
http://www.wikidata.org/entity/Q56366	P31	Q34770	instance-of
http://www.wikidata.org/entity/Q56367	P31	Q34770	instance-of
http://www.wikidata.org/entity/Q56368	P31	Q34770	instance-of
http://www.wikidata.org/entity/Q56369	P31	Q34770	instance-of
http://www.wikidata.org/entity/Q56372	P31	Q34770	instance-of
http://www.wikidata.org/entity/Q56373	P31	Q34770	instance-of
http://www.wikidata.org/entity/Q56375	P31	Q34770	instance-of
http://www.wikidata.org/entity/Q56376	P31	Q34770	instance-of
http://www.wikidata.org/entity/Q56378	P31	Q34770	instance-of
http://www.wikidata.org/entity/Q56379	P31	Q34770	instance-of
http://www.wikidata.org/entity/Q56380	P31	Q34770	instance-of
http://www.wikidata.org/entity/Q56381	P31	Q34770	instance-of
http://www.wikidata.org/entity/Q5638166	P31	Q34770	instance-of
http://www.wikidata.org/entity/Q56382	P31	Q34770	instance-of
http://www.wikidata.org/entity/Q5638398	P31	Q34770	instance-of
http://www.wikidata.org/entity/Q56384	P31	Q34770	instance-of
http://www.wikidata.org/entity/Q5638511	P31	Q34770	instance-of
http://www.wikidata.org/entity/Q56386	P31	Q34770	instance-of
http://www.wikidata.org/entity/Q56387	P31	Q34770	instance-of
http://www.wikidata.org/entity/Q56388	P31	Q34770	instance-of
http://www.wikidata.org/entity/Q56391	P31	Q34770	instance-of
http://www.wikidata.org/entity/Q56392	P31	Q34770	instance-of
http://www.wikidata.org/entity/Q56396	P31	Q34770	instance-of
http://www.wikidata.org/entity/Q56397	P31	Q34770	instance-of
http://www.wikidata.org/entity/Q56398	P31	Q34770	instance-of
http://www.wikidata.org/entity/Q56399	P31	Q34770	instance-of
http://www.wikidata.org/entity/Q56400	P31	Q34770	instance-of
http://www.wikidata.org/entity/Q5640338	P31	Q34770	instance-of
http://www.wikidata.org/entity/Q56404	P31	Q34770	instance-of
http://www.wikidata.org/entity/Q56406	P31	Q34770	instance-of
http://www.wikidata.org/entity/Q56407	P31	Q34770	instance-of
http://www.wikidata.org/entity/Q56410	P31	Q34770	instance-of
http://www.wikidata.org/entity/Q56411	P31	Q34770	instance-of
http://www.wikidata.org/entity/Q56412	P31	Q34770	instance-of
http://www.wikidata.org/entity/Q56413	P31	Q34770	instance-of
http://www.wikidata.org/entity/Q56417	P31	Q34770	instance-of
http://www.wikidata.org/entity/Q56419	P31	Q34770	instance-of
http://www.wikidata.org/entity/Q56421	P31	Q34770	instance-of
http://www.wikidata.org/entity/Q56423	P31	Q34770	instance-of
http://www.wikidata.org/entity/Q56425	P31	Q34770	instance-of
http://www.wikidata.org/entity/Q56431	P31	Q34770	instance-of
http://www.wikidata.org/entity/Q56434	P31	Q34770	instance-of
http://www.wikidata.org/entity/Q56435	P31	Q34770	instance-of
http://www.wikidata.org/entity/Q56438	P31	Q34770	instance-of
http://www.wikidata.org/entity/Q56441	P31	Q34770	instance-of
http://www.wikidata.org/entity/Q56443	P31	Q34770	instance-of
http://www.wikidata.org/entity/Q56445	P31	Q34770	instance-of
http://www.wikidata.org/entity/Q56447	P31	Q34770	instance-of
http://www.wikidata.org/entity/Q56448	P31	Q34770	instance-of
http://www.wikidata.org/entity/Q56449	P31	Q34770	instance-of
http://www.wikidata.org/entity/Q56451	P31	Q34770	instance-of
http://www.wikidata.org/entity/Q56452	P31	Q34770	instance-of
http://www.wikidata.org/entity/Q56454	P31	Q34770	instance-of
http://www.wikidata.org/entity/Q56455	P31	Q34770	instance-of
http://www.wikidata.org/entity/Q56458	P31	Q34770	instance-of
http://www.wikidata.org/entity/Q56459	P31	Q34770	instance-of
http://www.wikidata.org/entity/Q5646	P31	Q34770	instance-of
http://www.wikidata.org/entity/Q56460	P31	Q34770	instance-of
http://www.wikidata.org/entity/Q56464	P31	Q34770	instance-of
http://www.wikidata.org/entity/Q56466	P31	Q34770	instance-of
http://www.wikidata.org/entity/Q56469	P31	Q34770	instance-of
http://www.wikidata.org/entity/Q56473	P31	Q34770	instance-of
http://www.wikidata.org/entity/Q56478	P31	Q34770	instance-of
http://www.wikidata.org/entity/Q56479	P31	Q34770	instance-of
http://www.wikidata.org/entity/Q5647930	P31	Q34770	instance-of
http://www.wikidata.org/entity/Q56483	P31	Q34770	instance-of
http://www.wikidata.org/entity/Q56485	P31	Q34770	instance-of
http://www.wikidata.org/entity/Q56489	P31	Q34770	instance-of
http://www.wikidata.org/entity/Q56491	P31	Q34770	instance-of
http://www.wikidata.org/entity/Q56492	P31	Q34770	instance-of
http://www.wikidata.org/entity/Q56494	P31	Q34770	instance-of
http://www.wikidata.org/entity/Q56495	P31	Q34770	instance-of
http://www.wikidata.org/entity/Q56500	P31	Q34770	instance-of
http://www.wikidata.org/entity/Q56507	P31	Q34770	instance-of
http://www.wikidata.org/entity/Q56508	P31	Q34770	instance-of
http://www.wikidata.org/entity/Q56510	P31	Q34770	instance-of
http://www.wikidata.org/entity/Q56512	P31	Q34770	instance-of
http://www.wikidata.org/entity/Q56513	P31	Q34770	instance-of
http://www.wikidata.org/entity/Q56514	P31	Q34770	instance-of
http://www.wikidata.org/entity/Q56515	P31	Q34770	instance-of
http://www.wikidata.org/entity/Q56516	P31	Q34770	instance-of
http://www.wikidata.org/entity/Q56517	P31	Q34770	instance-of
http://www.wikidata.org/entity/Q56519	P31	Q34770	instance-of
http://www.wikidata.org/entity/Q56522	P31	Q34770	instance-of
http://www.wikidata.org/entity/Q56525223	P31	Q34770	instance-of
http://www.wikidata.org/entity/Q56528	P31	Q34770	instance-of
http://www.wikidata.org/entity/Q56530	P31	Q34770	instance-of
http://www.wikidata.org/entity/Q56531	P31	Q34770	instance-of
http://www.wikidata.org/entity/Q56532	P31	Q34770	instance-of
http://www.wikidata.org/entity/Q56536	P31	Q34770	instance-of
http://www.wikidata.org/entity/Q56537	P31	Q34770	instance-of
http://www.wikidata.org/entity/Q56539	P31	Q34770	instance-of
http://www.wikidata.org/entity/Q56540	P31	Q34770	instance-of
http://www.wikidata.org/entity/Q56541	P31	Q34770	instance-of
http://www.wikidata.org/entity/Q56542	P31	Q34770	instance-of
http://www.wikidata.org/entity/Q56545	P31	Q34770	instance-of
http://www.wikidata.org/entity/Q56546	P31	Q34770	instance-of
http://www.wikidata.org/entity/Q56548	P31	Q34770	instance-of
http://www.wikidata.org/entity/Q56549	P31	Q34770	instance-of
http://www.wikidata.org/entity/Q56550	P31	Q34770	instance-of
http://www.wikidata.org/entity/Q56551	P31	Q34770	instance-of
http://www.wikidata.org/entity/Q56552	P31	Q34770	instance-of
http://www.wikidata.org/entity/Q56555	P31	Q34770	instance-of
http://www.wikidata.org/entity/Q56556	P31	Q34770	instance-of
http://www.wikidata.org/entity/Q565568	P31	Q515	instance-of
http://www.wikidata.org/entity/Q56557	P31	Q34770	instance-of
http://www.wikidata.org/entity/Q56558	P31	Q34770	instance-of
http://www.wikidata.org/entity/Q56559	P31	Q34770	instance-of
http://www.wikidata.org/entity/Q56560	P31	Q34770	instance-of
http://www.wikidata.org/entity/Q56562	P31	Q34770	instance-of
http://www.wikidata.org/entity/Q56563	P31	Q34770	instance-of
http://www.wikidata.org/entity/Q56564	P31	Q34770	instance-of
http://www.wikidata.org/entity/Q56567	P31	Q34770	instance-of
http://www.wikidata.org/entity/Q56570	P31	Q34770	instance-of
http://www.wikidata.org/entity/Q56571	P31	Q34770	instance-of
http://www.wikidata.org/entity/Q56577	P31	Q34770	instance-of
http://www.wikidata.org/entity/Q56583	P31	Q34770	instance-of
http://www.wikidata.org/entity/Q56586	P31	Q34770	instance-of
http://www.wikidata.org/entity/Q56589	P31	Q34770	instance-of
http://www.wikidata.org/entity/Q56591	P31	Q34770	instance-of
http://www.wikidata.org/entity/Q56592	P31	Q34770	instance-of
http://www.wikidata.org/entity/Q56593	P31	Q34770	instance-of
http://www.wikidata.org/entity/Q56594	P31	Q34770	instance-of
http://www.wikidata.org/entity/Q56595	P31	Q34770	instance-of
http://www.wikidata.org/entity/Q56596	P31	Q34770	instance-of
http://www.wikidata.org/entity/Q56597	P31	Q34770	instance-of
http://www.wikidata.org/entity/Q56599	P31	Q34770	instance-of
http://www.wikidata.org/entity/Q56601	P31	Q34770	instance-of
http://www.wikidata.org/entity/Q56603	P31	Q34770	instance-of
http://www.wikidata.org/entity/Q56604	P31	Q34770	instance-of
http://www.wikidata.org/entity/Q56605	P31	Q34770	instance-of
http://www.wikidata.org/entity/Q56606	P31	Q34770	instance-of
http://www.wikidata.org/entity/Q56607	P31	Q34770	instance-of
http://www.wikidata.org/entity/Q56609	P31	Q34770	instance-of
http://www.wikidata.org/entity/Q56610	P31	Q34770	instance-of
http://www.wikidata.org/entity/Q56612	P31	Q34770	instance-of
http://www.wikidata.org/entity/Q56613	P31	Q34770	instance-of
http://www.wikidata.org/entity/Q56614	P31	Q34770	instance-of
http://www.wikidata.org/entity/Q56615	P31	Q34770	instance-of
http://www.wikidata.org/entity/Q56616	P31	Q34770	instance-of
http://www.wikidata.org/entity/Q56617	P31	Q34770	instance-of
http://www.wikidata.org/entity/Q56618	P31	Q34770	instance-of
http://www.wikidata.org/entity/Q56619	P31	Q34770	instance-of
http://www.wikidata.org/entity/Q56620	P31	Q34770	instance-of
http://www.wikidata.org/entity/Q56621	P31	Q34770	instance-of
http://www.wikidata.org/entity/Q56622	P31	Q34770	instance-of
http://www.wikidata.org/entity/Q56625	P31	Q34770	instance-of
http://www.wikidata.org/entity/Q56626	P31	Q34770	instance-of
http://www.wikidata.org/entity/Q56627	P31	Q34770	instance-of
http://www.wikidata.org/entity/Q56628	P31	Q34770	instance-of
http://www.wikidata.org/entity/Q56631	P31	Q34770	instance-of
http://www.wikidata.org/entity/Q56632	P31	Q34770	instance-of
http://www.wikidata.org/entity/Q56633	P31	Q34770	instance-of
http://www.wikidata.org/entity/Q56634	P31	Q34770	instance-of
http://www.wikidata.org/entity/Q56636	P31	Q34770	instance-of
http://www.wikidata.org/entity/Q56637	P31	Q34770	instance-of
http://www.wikidata.org/entity/Q56638	P31	Q34770	instance-of
http://www.wikidata.org/entity/Q56642	P31	Q34770	instance-of
http://www.wikidata.org/entity/Q56643	P31	Q34770	instance-of
http://www.wikidata.org/entity/Q56650	P31	Q34770	instance-of
http://www.wikidata.org/entity/Q56652	P31	Q34770	instance-of
http://www.wikidata.org/entity/Q56654	P31	Q34770	instance-of
http://www.wikidata.org/entity/Q56657	P31	Q34770	instance-of
http://www.wikidata.org/entity/Q56659	P31	Q34770	instance-of
http://www.wikidata.org/entity/Q56661	P31	Q34770	instance-of
http://www.wikidata.org/entity/Q56664	P31	Q34770	instance-of
http://www.wikidata.org/entity/Q56666	P31	Q34770	instance-of
http://www.wikidata.org/entity/Q56668	P31	Q34770	instance-of
http://www.wikidata.org/entity/Q56672	P31	Q34770	instance-of
http://www.wikidata.org/entity/Q56674	P31	Q34770	instance-of
http://www.wikidata.org/entity/Q56676	P31	Q34770	instance-of
http://www.wikidata.org/entity/Q56677	P31	Q34770	instance-of
http://www.wikidata.org/entity/Q56678	P31	Q34770	instance-of
http://www.wikidata.org/entity/Q56679	P31	Q34770	instance-of
http://www.wikidata.org/entity/Q56681	P31	Q34770	instance-of
http://www.wikidata.org/entity/Q56682	P31	Q34770	instance-of
http://www.wikidata.org/entity/Q56685	P31	Q34770	instance-of
http://www.wikidata.org/entity/Q56687	P31	Q34770	instance-of
http://www.wikidata.org/entity/Q56688	P31	Q34770	instance-of
http://www.wikidata.org/entity/Q56690	P31	Q34770	instance-of
http://www.wikidata.org/entity/Q56699	P31	Q34770	instance-of
http://www.wikidata.org/entity/Q56706	P31	Q34770	instance-of
http://www.wikidata.org/entity/Q56708	P31	Q34770	instance-of
http://www.wikidata.org/entity/Q56710	P31	Q34770	instance-of
http://www.wikidata.org/entity/Q56712	P31	Q34770	instance-of
http://www.wikidata.org/entity/Q56718	P31	Q34770	instance-of
http://www.wikidata.org/entity/Q56719	P31	Q34770	instance-of
http://www.wikidata.org/entity/Q56722	P31	Q34770	instance-of
http://www.wikidata.org/entity/Q56723	P31	Q34770	instance-of
http://www.wikidata.org/entity/Q56724	P31	Q34770	instance-of
http://www.wikidata.org/entity/Q56725	P31	Q34770	instance-of
http://www.wikidata.org/entity/Q56726	P31	Q34770	instance-of
http://www.wikidata.org/entity/Q56727	P31	Q34770	instance-of
http://www.wikidata.org/entity/Q56728	P31	Q34770	instance-of
http://www.wikidata.org/entity/Q56729	P31	Q34770	instance-of
http://www.wikidata.org/entity/Q56731	P31	Q34770	instance-of
http://www.wikidata.org/entity/Q56735	P31	Q34770	instance-of
http://www.wikidata.org/entity/Q56738	P31	Q34770	instance-of
http://www.wikidata.org/entity/Q56739	P31	Q34770	instance-of
http://www.wikidata.org/entity/Q56742	P31	Q34770	instance-of
http://www.wikidata.org/entity/Q56743	P31	Q34770	instance-of
http://www.wikidata.org/entity/Q56744	P31	Q34770	instance-of
http://www.wikidata.org/entity/Q56745	P31	Q34770	instance-of
http://www.wikidata.org/entity/Q56746	P31	Q34770	instance-of
http://www.wikidata.org/entity/Q56747	P31	Q34770	instance-of
http://www.wikidata.org/entity/Q56749	P31	Q34770	instance-of
http://www.wikidata.org/entity/Q56750	P31	Q34770	instance-of
http://www.wikidata.org/entity/Q56751	P31	Q34770	instance-of
http://www.wikidata.org/entity/Q56751275	P31	Q34770	instance-of
http://www.wikidata.org/entity/Q56754	P31	Q34770	instance-of
http://www.wikidata.org/entity/Q56760	P31	Q34770	instance-of
http://www.wikidata.org/entity/Q56761	P31	Q34770	instance-of
http://www.wikidata.org/entity/Q56765	P31	Q34770	instance-of
http://www.wikidata.org/entity/Q56767	P31	Q34770	instance-of
http://www.wikidata.org/entity/Q56770	P31	Q34770	instance-of
http://www.wikidata.org/entity/Q56772	P31	Q34770	instance-of
http://www.wikidata.org/entity/Q56782	P31	Q34770	instance-of
http://www.wikidata.org/entity/Q56785	P31	Q34770	instance-of
http://www.wikidata.org/entity/Q56789	P31	Q34770	instance-of
http://www.wikidata.org/entity/Q56791	P31	Q34770	instance-of
http://www.wikidata.org/entity/Q56793	P31	Q34770	instance-of
http://www.wikidata.org/entity/Q56795	P31	Q34770	instance-of
http://www.wikidata.org/entity/Q56796	P31	Q34770	instance-of
http://www.wikidata.org/entity/Q56798	P31	Q34770	instance-of
http://www.wikidata.org/entity/Q56800	P31	Q34770	instance-of
http://www.wikidata.org/entity/Q56802	P31	Q34770	instance-of
http://www.wikidata.org/entity/Q56804	P31	Q34770	instance-of
http://www.wikidata.org/entity/Q56806	P31	Q34770	instance-of
http://www.wikidata.org/entity/Q56807	P31	Q34770	instance-of
http://www.wikidata.org/entity/Q56809	P31	Q34770	instance-of
http://www.wikidata.org/entity/Q56809601	P31	Q34770	instance-of
http://www.wikidata.org/entity/Q56809813	P31	Q34770	instance-of
http://www.wikidata.org/entity/Q56811	P31	Q34770	instance-of
http://www.wikidata.org/entity/Q56815	P31	Q34770	instance-of
http://www.wikidata.org/entity/Q56817	P31	Q34770	instance-of
http://www.wikidata.org/entity/Q56821	P31	Q34770	instance-of
http://www.wikidata.org/entity/Q56823	P31	Q34770	instance-of
http://www.wikidata.org/entity/Q56825	P31	Q34770	instance-of
http://www.wikidata.org/entity/Q56825017	P31	Q34770	instance-of
http://www.wikidata.org/entity/Q56826369	P31	Q34770	instance-of
http://www.wikidata.org/entity/Q56829	P31	Q34770	instance-of
http://www.wikidata.org/entity/Q5683513	P31	Q34770	instance-of
http://www.wikidata.org/entity/Q56836	P31	Q34770	instance-of
http://www.wikidata.org/entity/Q568377	P31	Q34770	instance-of
http://www.wikidata.org/entity/Q56838	P31	Q34770	instance-of
http://www.wikidata.org/entity/Q5684097	P31	Q34770	instance-of
http://www.wikidata.org/entity/Q56842	P31	Q34770	instance-of
http://www.wikidata.org/entity/Q56844	P31	Q34770	instance-of
http://www.wikidata.org/entity/Q56848	P31	Q34770	instance-of
http://www.wikidata.org/entity/Q56850	P31	Q34770	instance-of
http://www.wikidata.org/entity/Q56852	P31	Q34770	instance-of
http://www.wikidata.org/entity/Q56854	P31	Q34770	instance-of
http://www.wikidata.org/entity/Q56854791	P31	Q34770	instance-of
http://www.wikidata.org/entity/Q56856	P31	Q34770	instance-of
http://www.wikidata.org/entity/Q56858	P31	Q34770	instance-of
http://www.wikidata.org/entity/Q56862126	P31	Q34770	instance-of
http://www.wikidata.org/entity/Q56863	P31	Q34770	instance-of
http://www.wikidata.org/entity/Q56865	P31	Q34770	instance-of
http://www.wikidata.org/entity/Q56866845	P31	Q34770	instance-of
http://www.wikidata.org/entity/Q56867	P31	Q34770	instance-of
http://www.wikidata.org/entity/Q5687	P31	Q515	instance-of
http://www.wikidata.org/entity/Q56871	P31	Q34770	instance-of
http://www.wikidata.org/entity/Q56872	P31	Q34770	instance-of
http://www.wikidata.org/entity/Q56874	P31	Q34770	instance-of
http://www.wikidata.org/entity/Q56876	P31	Q34770	instance-of
http://www.wikidata.org/entity/Q56878	P31	Q34770	instance-of
http://www.wikidata.org/entity/Q56881	P31	Q34770	instance-of
http://www.wikidata.org/entity/Q56885	P31	Q34770	instance-of
http://www.wikidata.org/entity/Q56889	P31	Q34770	instance-of
http://www.wikidata.org/entity/Q56893	P31	Q34770	instance-of
http://www.wikidata.org/entity/Q56895	P31	Q34770	instance-of
http://www.wikidata.org/entity/Q56900	P31	Q34770	instance-of
http://www.wikidata.org/entity/Q56902	P31	Q34770	instance-of
http://www.wikidata.org/entity/Q56904	P31	Q34770	instance-of
http://www.wikidata.org/entity/Q56921	P31	Q34770	instance-of
http://www.wikidata.org/entity/Q56925	P31	Q34770	instance-of
http://www.wikidata.org/entity/Q56928	P31	Q34770	instance-of
http://www.wikidata.org/entity/Q56944	P31	Q34770	instance-of
http://www.wikidata.org/entity/Q56946	P31	Q34770	instance-of
http://www.wikidata.org/entity/Q569766	P31	Q515	instance-of
http://www.wikidata.org/entity/Q56984	P31	Q34770	instance-of
http://www.wikidata.org/entity/Q56991	P31	Q34770	instance-of
http://www.wikidata.org/entity/Q56994	P31	Q34770	instance-of
http://www.wikidata.org/entity/Q5699507	P31	Q34770	instance-of
http://www.wikidata.org/entity/Q56996	P31	Q34770	instance-of
http://www.wikidata.org/entity/Q57000	P31	Q34770	instance-of
http://www.wikidata.org/entity/Q57001	P31	Q34770	instance-of
http://www.wikidata.org/entity/Q57003	P31	Q34770	instance-of
http://www.wikidata.org/entity/Q57037	P31	Q34770	instance-of
http://www.wikidata.org/entity/Q5710904	P31	Q34770	instance-of
http://www.wikidata.org/entity/Q5711209	P31	Q34770	instance-of
http://www.wikidata.org/entity/Q5713	P31	Q515	instance-of
http://www.wikidata.org/entity/Q5713543	P31	Q34770	instance-of
http://www.wikidata.org/entity/Q572041	P31	Q515	instance-of
http://www.wikidata.org/entity/Q572380	P31	Q515	instance-of
http://www.wikidata.org/entity/Q5724	P31	Q515	instance-of
http://www.wikidata.org/entity/Q57259564	P31	Q34770	instance-of
http://www.wikidata.org/entity/Q57278	P31	Q515	instance-of
http://www.wikidata.org/entity/Q57337359	P31	Q34770	instance-of
http://www.wikidata.org/entity/Q573954	P31	Q3918	instance-of
http://www.wikidata.org/entity/Q57395850	P31	Q34770	instance-of
http://www.wikidata.org/entity/Q574	P31	Q6256	instance-of
http://www.wikidata.org/entity/Q57419690	P31	Q34770	instance-of
http://www.wikidata.org/entity/Q57420215	P31	Q34770	instance-of
http://www.wikidata.org/entity/Q57420736	P31	Q34770	instance-of
http://www.wikidata.org/entity/Q57457608	P31	Q34770	instance-of
http://www.wikidata.org/entity/Q574606	P31	Q3918	instance-of
http://www.wikidata.org/entity/Q5748345	P31	Q34770	instance-of
http://www.wikidata.org/entity/Q5758703	P31	Q34770	instance-of
http://www.wikidata.org/entity/Q5758709	P31	Q34770	instance-of
http://www.wikidata.org/entity/Q5760	P31	Q515	instance-of
http://www.wikidata.org/entity/Q5762200	P31	Q34770	instance-of
http://www.wikidata.org/entity/Q576368	P31	Q515	instance-of
http://www.wikidata.org/entity/Q5764	P31	Q515	instance-of
http://www.wikidata.org/entity/Q57660014	P31	Q34770	instance-of
http://www.wikidata.org/entity/Q5766763	P31	Q34770	instance-of
http://www.wikidata.org/entity/Q57707719	P31	Q34770	instance-of
http://www.wikidata.org/entity/Q57726128	P31	Q34770	instance-of
http://www.wikidata.org/entity/Q5776	P31	Q515	instance-of
http://www.wikidata.org/entity/Q57783835	P31	Q34770	instance-of
http://www.wikidata.org/entity/Q57783910	P31	Q34770	instance-of
http://www.wikidata.org/entity/Q578326	P31	Q3918	instance-of
http://www.wikidata.org/entity/Q5788	P31	Q515	instance-of
http://www.wikidata.org/entity/Q578815	P31	Q34770	instance-of
http://www.wikidata.org/entity/Q580	P31	Q515	instance-of
http://www.wikidata.org/entity/Q580533	P31	Q515	instance-of
http://www.wikidata.org/entity/Q580923	P31	Q34770	instance-of
http://www.wikidata.org/entity/Q581256	P31	Q9143	instance-of
http://www.wikidata.org/entity/Q583184	P31	Q515	instance-of
http://www.wikidata.org/entity/Q5832	P31	Q515	instance-of
http://www.wikidata.org/entity/Q5838	P31	Q515	instance-of
http://www.wikidata.org/entity/Q584295	P31	Q515	instance-of
http://www.wikidata.org/entity/Q584983	P31	Q34770	instance-of
http://www.wikidata.org/entity/Q586	P31	Q515	instance-of
http://www.wikidata.org/entity/Q58635	P31	Q34770	instance-of
http://www.wikidata.org/entity/Q5867	P31	Q515	instance-of
http://www.wikidata.org/entity/Q5869	P31	Q515	instance-of
http://www.wikidata.org/entity/Q586907	P31	Q34770	instance-of
http://www.wikidata.org/entity/Q587085	P31	Q515	instance-of
http://www.wikidata.org/entity/Q5873537	P31	Q34770	instance-of
http://www.wikidata.org/entity/Q5873572	P31	Q34770	instance-of
http://www.wikidata.org/entity/Q5873712	P31	Q34770	instance-of
http://www.wikidata.org/entity/Q5873715	P31	Q34770	instance-of
http://www.wikidata.org/entity/Q5876347	P31	Q34770	instance-of
http://www.wikidata.org/entity/Q5877767	P31	Q34770	instance-of
http://www.wikidata.org/entity/Q58797	P31	Q515	instance-of
http://www.wikidata.org/entity/Q588	P31	Q515	instance-of
http://www.wikidata.org/entity/Q588239	P31	Q3918	instance-of
http://www.wikidata.org/entity/Q588806	P31	Q9143	instance-of
http://www.wikidata.org/entity/Q5890	P31	Q11424	instance-of
http://www.wikidata.org/entity/Q58900	P31	Q515	instance-of
http://www.wikidata.org/entity/Q59018	P31	Q515	instance-of
http://www.wikidata.org/entity/Q5908646	P31	Q34770	instance-of
http://www.wikidata.org/entity/Q5908687	P31	Q34770	instance-of
http://www.wikidata.org/entity/Q5908693	P31	Q34770	instance-of
http://www.wikidata.org/entity/Q5908707	P31	Q34770	instance-of
http://www.wikidata.org/entity/Q5908722	P31	Q34770	instance-of
http://www.wikidata.org/entity/Q5908753	P31	Q34770	instance-of
http://www.wikidata.org/entity/Q59101	P31	Q515	instance-of
http://www.wikidata.org/entity/Q5912372	P31	Q34770	instance-of
http://www.wikidata.org/entity/Q592162	P31	Q34770	instance-of
http://www.wikidata.org/entity/Q5923010	P31	Q34770	instance-of
http://www.wikidata.org/entity/Q5923277	P31	Q34770	instance-of
http://www.wikidata.org/entity/Q5923933	P31	Q34770	instance-of
http://www.wikidata.org/entity/Q59245703	P31	Q34770	instance-of
http://www.wikidata.org/entity/Q5929409	P31	Q34770	instance-of
http://www.wikidata.org/entity/Q593193	P31	Q515	instance-of
http://www.wikidata.org/entity/Q593321	P31	Q3918	instance-of
http://www.wikidata.org/entity/Q5935217	P31	Q34770	instance-of
http://www.wikidata.org/entity/Q5943524	P31	Q34770	instance-of
http://www.wikidata.org/entity/Q5957720	P31	Q34770	instance-of
http://www.wikidata.org/entity/Q5964576	P31	Q34770	instance-of
http://www.wikidata.org/entity/Q5968	P31	Q515	instance-of
http://www.wikidata.org/entity/Q59698	P31	Q515	instance-of
http://www.wikidata.org/entity/Q5972916	P31	Q34770	instance-of
http://www.wikidata.org/entity/Q598	P31	Q515	instance-of
http://www.wikidata.org/entity/Q5983460	P31	Q34770	instance-of
http://www.wikidata.org/entity/Q5988630	P31	Q34770	instance-of
http://www.wikidata.org/entity/Q5991454	P31	Q34770	instance-of
http://www.wikidata.org/entity/Q599416	P31	Q515	instance-of
http://www.wikidata.org/entity/Q5994495	P31	Q34770	instance-of
http://www.wikidata.org/entity/Q5995402	P31	Q34770	instance-of
http://www.wikidata.org/entity/Q5996114	P31	Q34770	instance-of
http://www.wikidata.org/entity/Q5996885	P31	Q34770	instance-of
http://www.wikidata.org/entity/Q59975	P31	Q515	instance-of
http://www.wikidata.org/entity/Q5997810	P31	Q34770	instance-of
http://www.wikidata.org/entity/Q60	P31	Q515	instance-of
http://www.wikidata.org/entity/Q6001357	P31	Q34770	instance-of
http://www.wikidata.org/entity/Q600450	P31	Q9143	instance-of
http://www.wikidata.org/entity/Q6005721	P31	Q34770	instance-of
http://www.wikidata.org/entity/Q6013569	P31	Q34770	instance-of
http://www.wikidata.org/entity/Q601956	P31	Q3918	instance-of
http://www.wikidata.org/entity/Q6025550	P31	Q34770	instance-of
http://www.wikidata.org/entity/Q604444	P31	Q3918	instance-of
http://www.wikidata.org/entity/Q604470	P31	Q3918	instance-of
http://www.wikidata.org/entity/Q604487	P31	Q3918	instance-of
http://www.wikidata.org/entity/Q6046	P31	Q515	instance-of
http://www.wikidata.org/entity/Q6047309	P31	Q34770	instance-of
http://www.wikidata.org/entity/Q6047326	P31	Q34770	instance-of
http://www.wikidata.org/entity/Q604792	P31	Q9143	instance-of
http://www.wikidata.org/entity/Q605483	P31	Q515	instance-of
http://www.wikidata.org/entity/Q60611109	P31	Q34770	instance-of
http://www.wikidata.org/entity/Q60611652	P31	Q34770	instance-of
http://www.wikidata.org/entity/Q606550	P31	Q9143	instance-of
http://www.wikidata.org/entity/Q6066	P31	Q515	instance-of
http://www.wikidata.org/entity/Q60676411	P31	Q482994	instance-of
http://www.wikidata.org/entity/Q6068356	P31	Q34770	instance-of
http://www.wikidata.org/entity/Q6069398	P31	Q34770	instance-of
http://www.wikidata.org/entity/Q60787394	P31	Q34770	instance-of
http://www.wikidata.org/entity/Q60787395	P31	Q34770	instance-of
http://www.wikidata.org/entity/Q6078891	P31	Q34770	instance-of
http://www.wikidata.org/entity/Q6078982	P31	Q34770	instance-of
http://www.wikidata.org/entity/Q6081098	P31	Q34770	instance-of
http://www.wikidata.org/entity/Q6085162	P31	Q34770	instance-of
http://www.wikidata.org/entity/Q608565	P31	Q9143	instance-of
http://www.wikidata.org/entity/Q6088	P31	Q515	instance-of
http://www.wikidata.org/entity/Q6088873	P31	Q34770	instance-of
http://www.wikidata.org/entity/Q609024	P31	Q515	instance-of
http://www.wikidata.org/entity/Q609180	P31	Q9143	instance-of
http://www.wikidata.org/entity/Q609301	P31	Q3918	instance-of
http://www.wikidata.org/entity/Q6094333	P31	Q34770	instance-of
http://www.wikidata.org/entity/Q6094343	P31	Q34770	instance-of
http://www.wikidata.org/entity/Q6094713	P31	Q34770	instance-of
http://www.wikidata.org/entity/Q60956	P31	Q515	instance-of
http://www.wikidata.org/entity/Q609649	P31	Q515	instance-of
http://www.wikidata.org/entity/Q609808	P31	Q34770	instance-of
http://www.wikidata.org/entity/Q609817	P31	Q34770	instance-of
http://www.wikidata.org/entity/Q6101006	P31	Q34770	instance-of
http://www.wikidata.org/entity/Q6101049	P31	Q34770	instance-of
http://www.wikidata.org/entity/Q6101171	P31	Q34770	instance-of
http://www.wikidata.org/entity/Q6101185	P31	Q34770	instance-of
http://www.wikidata.org/entity/Q6101336	P31	Q34770	instance-of
http://www.wikidata.org/entity/Q6101921	P31	Q34770	instance-of
http://www.wikidata.org/entity/Q61053330	P31	Q34770	instance-of
http://www.wikidata.org/entity/Q61089	P31	Q515	instance-of
http://www.wikidata.org/entity/Q61092	P31	Q515	instance-of
http://www.wikidata.org/entity/Q61096301	P31	Q34770	instance-of
http://www.wikidata.org/entity/Q612	P31	Q515	instance-of
http://www.wikidata.org/entity/Q6122	P31	Q515	instance-of
http://www.wikidata.org/entity/Q612250	P31	Q515	instance-of
http://www.wikidata.org/entity/Q612665	P31	Q3918	instance-of
http://www.wikidata.org/entity/Q6127418	P31	Q34770	instance-of
http://www.wikidata.org/entity/Q61301	P31	Q515	instance-of
http://www.wikidata.org/entity/Q61302	P31	Q515	instance-of
http://www.wikidata.org/entity/Q61306	P31	Q515	instance-of
http://www.wikidata.org/entity/Q61320	P31	Q515	instance-of
http://www.wikidata.org/entity/Q61355252	P31	Q34770	instance-of
http://www.wikidata.org/entity/Q61434	P31	Q515	instance-of
http://www.wikidata.org/entity/Q61445	P31	Q515	instance-of
http://www.wikidata.org/entity/Q61448040	P31	Q11424	instance-of
http://www.wikidata.org/entity/Q6150919	P31	Q34770	instance-of
http://www.wikidata.org/entity/Q615154	P31	Q3918	instance-of
http://www.wikidata.org/entity/Q615660	P31	Q34770	instance-of
http://www.wikidata.org/entity/Q6157	P31	Q515	instance-of
http://www.wikidata.org/entity/Q616024	P31	Q34770	instance-of
http://www.wikidata.org/entity/Q6164898	P31	Q34770	instance-of
http://www.wikidata.org/entity/Q61676882	P31	Q34770	instance-of
http://www.wikidata.org/entity/Q617291	P31	Q34770	instance-of
http://www.wikidata.org/entity/Q6176527	P31	Q34770	instance-of
http://www.wikidata.org/entity/Q6176820	P31	Q34770	instance-of
http://www.wikidata.org/entity/Q6182097	P31	Q34770	instance-of
http://www.wikidata.org/entity/Q6190581	P31	Q43229	instance-of
http://www.wikidata.org/entity/Q6191995	P31	Q34770	instance-of
http://www.wikidata.org/entity/Q61944	P31	Q515	instance-of
http://www.wikidata.org/entity/Q61974839	P31	Q34770	instance-of
http://www.wikidata.org/entity/Q61975960	P31	Q34770	instance-of
http://www.wikidata.org/entity/Q61999310	P31	Q34770	instance-of
http://www.wikidata.org/entity/Q61999705	P31	Q34770	instance-of
http://www.wikidata.org/entity/Q61999823	P31	Q34770	instance-of
http://www.wikidata.org/entity/Q61999874	P31	Q34770	instance-of
http://www.wikidata.org/entity/Q62000004	P31	Q34770	instance-of
http://www.wikidata.org/entity/Q6202435	P31	Q34770	instance-of
http://www.wikidata.org/entity/Q6202716	P31	Q34770	instance-of
http://www.wikidata.org/entity/Q6202966	P31	Q34770	instance-of
http://www.wikidata.org/entity/Q6203228	P31	Q34770	instance-of
http://www.wikidata.org/entity/Q620464	P31	Q9143	instance-of
http://www.wikidata.org/entity/Q621001	P31	Q515	instance-of
http://www.wikidata.org/entity/Q62130740	P31	Q34770	instance-of
http://www.wikidata.org/entity/Q62130762	P31	Q34770	instance-of
http://www.wikidata.org/entity/Q62131923	P31	Q34770	instance-of
http://www.wikidata.org/entity/Q62132072	P31	Q34770	instance-of
http://www.wikidata.org/entity/Q621556	P31	Q9143	instance-of
http://www.wikidata.org/entity/Q62168628	P31	Q34770	instance-of
http://www.wikidata.org/entity/Q62168636	P31	Q34770	instance-of
http://www.wikidata.org/entity/Q62168723	P31	Q34770	instance-of
http://www.wikidata.org/entity/Q622	P31	Q515	instance-of
http://www.wikidata.org/entity/Q622030	P31	Q515	instance-of
http://www.wikidata.org/entity/Q6221	P31	Q515	instance-of
http://www.wikidata.org/entity/Q622137	P31	Q3918	instance-of
http://www.wikidata.org/entity/Q6225	P31	Q515	instance-of
http://www.wikidata.org/entity/Q6226	P31	Q515	instance-of
http://www.wikidata.org/entity/Q622683	P31	Q3918	instance-of
http://www.wikidata.org/entity/Q6231	P31	Q515	instance-of
http://www.wikidata.org/entity/Q62340675	P31	Q34770	instance-of
http://www.wikidata.org/entity/Q62387937	P31	Q34770	instance-of
http://www.wikidata.org/entity/Q62388282	P31	Q34770	instance-of
http://www.wikidata.org/entity/Q62388310	P31	Q34770	instance-of
http://www.wikidata.org/entity/Q62388335	P31	Q34770	instance-of
http://www.wikidata.org/entity/Q62388419	P31	Q34770	instance-of
http://www.wikidata.org/entity/Q62388428	P31	Q34770	instance-of
http://www.wikidata.org/entity/Q62388580	P31	Q34770	instance-of
http://www.wikidata.org/entity/Q62389225	P31	Q34770	instance-of
http://www.wikidata.org/entity/Q62389260	P31	Q34770	instance-of
http://www.wikidata.org/entity/Q62389340	P31	Q34770	instance-of
http://www.wikidata.org/entity/Q62389453	P31	Q34770	instance-of
http://www.wikidata.org/entity/Q62389525	P31	Q34770	instance-of
http://www.wikidata.org/entity/Q62389550	P31	Q34770	instance-of
http://www.wikidata.org/entity/Q62389576	P31	Q34770	instance-of
http://www.wikidata.org/entity/Q62389601	P31	Q34770	instance-of
http://www.wikidata.org/entity/Q62389625	P31	Q34770	instance-of
http://www.wikidata.org/entity/Q62389641	P31	Q34770	instance-of
http://www.wikidata.org/entity/Q62389662	P31	Q34770	instance-of
http://www.wikidata.org/entity/Q62389721	P31	Q34770	instance-of
http://www.wikidata.org/entity/Q62389804	P31	Q34770	instance-of
http://www.wikidata.org/entity/Q625158	P31	Q3918	instance-of
http://www.wikidata.org/entity/Q6252	P31	Q515	instance-of
http://www.wikidata.org/entity/Q62603022	P31	Q34770	instance-of
http://www.wikidata.org/entity/Q62603062	P31	Q34770	instance-of
http://www.wikidata.org/entity/Q62603115	P31	Q34770	instance-of
http://www.wikidata.org/entity/Q626210	P31	Q34770	instance-of
http://www.wikidata.org/entity/Q62663667	P31	Q34770	instance-of
http://www.wikidata.org/entity/Q62664215	P31	Q34770	instance-of
http://www.wikidata.org/entity/Q6269820	P31	Q34770	instance-of
http://www.wikidata.org/entity/Q627600	P31	Q9143	instance-of
http://www.wikidata.org/entity/Q628	P31	Q515	instance-of
http://www.wikidata.org/entity/Q6285	P31	Q515	instance-of
http://www.wikidata.org/entity/Q62868	P31	Q515	instance-of
http://www.wikidata.org/entity/Q6298648	P31	Q34770	instance-of
http://www.wikidata.org/entity/Q62997793	P31	Q34770	instance-of
http://www.wikidata.org/entity/Q6302426	P31	Q34770	instance-of
http://www.wikidata.org/entity/Q63036871	P31	Q34770	instance-of
http://www.wikidata.org/entity/Q630805	P31	Q515	instance-of
http://www.wikidata.org/entity/Q63140714	P31	Q34770	instance-of
http://www.wikidata.org/entity/Q63163361	P31	Q34770	instance-of
http://www.wikidata.org/entity/Q63170838	P31	Q34770	instance-of
http://www.wikidata.org/entity/Q6319103	P31	Q34770	instance-of
http://www.wikidata.org/entity/Q632004	P31	Q3918	instance-of
http://www.wikidata.org/entity/Q63213931	P31	Q34770	instance-of
http://www.wikidata.org/entity/Q63213949	P31	Q34770	instance-of
http://www.wikidata.org/entity/Q63214927	P31	Q34770	instance-of
http://www.wikidata.org/entity/Q63214936	P31	Q34770	instance-of
http://www.wikidata.org/entity/Q63214981	P31	Q34770	instance-of
http://www.wikidata.org/entity/Q63234615	P31	Q34770	instance-of
http://www.wikidata.org/entity/Q632558	P31	Q3918	instance-of
http://www.wikidata.org/entity/Q63256977	P31	Q34770	instance-of
http://www.wikidata.org/entity/Q63257089	P31	Q34770	instance-of
http://www.wikidata.org/entity/Q63257803	P31	Q34770	instance-of
http://www.wikidata.org/entity/Q63257856	P31	Q34770	instance-of
http://www.wikidata.org/entity/Q63257867	P31	Q34770	instance-of
http://www.wikidata.org/entity/Q63257894	P31	Q34770	instance-of
http://www.wikidata.org/entity/Q63259208	P31	Q34770	instance-of
http://www.wikidata.org/entity/Q63259319	P31	Q34770	instance-of
http://www.wikidata.org/entity/Q63259501	P31	Q34770	instance-of
http://www.wikidata.org/entity/Q63259736	P31	Q34770	instance-of
http://www.wikidata.org/entity/Q63259915	P31	Q34770	instance-of
http://www.wikidata.org/entity/Q63278779	P31	Q34770	instance-of
http://www.wikidata.org/entity/Q63283459	P31	Q34770	instance-of
http://www.wikidata.org/entity/Q63283476	P31	Q34770	instance-of
http://www.wikidata.org/entity/Q63283489	P31	Q34770	instance-of
http://www.wikidata.org/entity/Q63283609	P31	Q34770	instance-of
http://www.wikidata.org/entity/Q63283617	P31	Q34770	instance-of
http://www.wikidata.org/entity/Q63283693	P31	Q34770	instance-of
http://www.wikidata.org/entity/Q63283784	P31	Q34770	instance-of
http://www.wikidata.org/entity/Q63284284	P31	Q34770	instance-of
http://www.wikidata.org/entity/Q63284326	P31	Q34770	instance-of
http://www.wikidata.org/entity/Q63308004	P31	Q34770	instance-of
http://www.wikidata.org/entity/Q63308082	P31	Q34770	instance-of
http://www.wikidata.org/entity/Q63308144	P31	Q34770	instance-of
http://www.wikidata.org/entity/Q63308194	P31	Q34770	instance-of
http://www.wikidata.org/entity/Q63308389	P31	Q34770	instance-of
http://www.wikidata.org/entity/Q63311016	P31	Q34770	instance-of
http://www.wikidata.org/entity/Q63311092	P31	Q34770	instance-of
http://www.wikidata.org/entity/Q63311321	P31	Q34770	instance-of
http://www.wikidata.org/entity/Q63311769	P31	Q34770	instance-of
http://www.wikidata.org/entity/Q63311956	P31	Q34770	instance-of
http://www.wikidata.org/entity/Q63313662	P31	Q34770	instance-of
http://www.wikidata.org/entity/Q63313668	P31	Q34770	instance-of
http://www.wikidata.org/entity/Q63313677	P31	Q34770	instance-of
http://www.wikidata.org/entity/Q63313681	P31	Q34770	instance-of
http://www.wikidata.org/entity/Q63313740	P31	Q34770	instance-of
http://www.wikidata.org/entity/Q63313752	P31	Q34770	instance-of
http://www.wikidata.org/entity/Q63339949	P31	Q34770	instance-of
http://www.wikidata.org/entity/Q63339969	P31	Q34770	instance-of
http://www.wikidata.org/entity/Q63339998	P31	Q34770	instance-of
http://www.wikidata.org/entity/Q63340139	P31	Q34770	instance-of
http://www.wikidata.org/entity/Q63340189	P31	Q34770	instance-of
http://www.wikidata.org/entity/Q63340714	P31	Q34770	instance-of
http://www.wikidata.org/entity/Q63340998	P31	Q34770	instance-of
http://www.wikidata.org/entity/Q63341096	P31	Q34770	instance-of
http://www.wikidata.org/entity/Q63341179	P31	Q34770	instance-of
http://www.wikidata.org/entity/Q63341181	P31	Q34770	instance-of
http://www.wikidata.org/entity/Q63341186	P31	Q34770	instance-of
http://www.wikidata.org/entity/Q63341239	P31	Q34770	instance-of
http://www.wikidata.org/entity/Q63341260	P31	Q34770	instance-of
http://www.wikidata.org/entity/Q63341274	P31	Q34770	instance-of
http://www.wikidata.org/entity/Q63341278	P31	Q34770	instance-of
http://www.wikidata.org/entity/Q63341346	P31	Q34770	instance-of
http://www.wikidata.org/entity/Q63341349	P31	Q34770	instance-of
http://www.wikidata.org/entity/Q63348560	P31	Q34770	instance-of
http://www.wikidata.org/entity/Q633561	P31	Q3918	instance-of
http://www.wikidata.org/entity/Q633782	P31	Q3918	instance-of
http://www.wikidata.org/entity/Q633894	P31	Q9143	instance-of
http://www.wikidata.org/entity/Q6343432	P31	Q34770	instance-of
http://www.wikidata.org/entity/Q6344537	P31	Q34770	instance-of
http://www.wikidata.org/entity/Q6344539	P31	Q34770	instance-of
http://www.wikidata.org/entity/Q6344767	P31	Q34770	instance-of
http://www.wikidata.org/entity/Q6346712	P31	Q34770	instance-of
http://www.wikidata.org/entity/Q6347538	P31	Q34770	instance-of
http://www.wikidata.org/entity/Q6347565	P31	Q34770	instance-of
http://www.wikidata.org/entity/Q6347632	P31	Q34770	instance-of
http://www.wikidata.org/entity/Q6347840	P31	Q34770	instance-of
http://www.wikidata.org/entity/Q6348685	P31	Q34770	instance-of
http://www.wikidata.org/entity/Q6348709	P31	Q34770	instance-of
http://www.wikidata.org/entity/Q6349119	P31	Q34770	instance-of
http://www.wikidata.org/entity/Q6349417	P31	Q34770	instance-of
http://www.wikidata.org/entity/Q6349982	P31	Q34770	instance-of
http://www.wikidata.org/entity/Q6349988	P31	Q34770	instance-of
http://www.wikidata.org/entity/Q6350038	P31	Q34770	instance-of
http://www.wikidata.org/entity/Q6350643	P31	Q34770	instance-of
http://www.wikidata.org/entity/Q6352879	P31	Q34770	instance-of
http://www.wikidata.org/entity/Q6353484	P31	Q34770	instance-of
http://www.wikidata.org/entity/Q63537289	P31	Q34770	instance-of
http://www.wikidata.org/entity/Q6354305	P31	Q34770	instance-of
http://www.wikidata.org/entity/Q6356040	P31	Q34770	instance-of
http://www.wikidata.org/entity/Q6356107	P31	Q34770	instance-of
http://www.wikidata.org/entity/Q6356117	P31	Q34770	instance-of
http://www.wikidata.org/entity/Q6356254	P31	Q34770	instance-of
http://www.wikidata.org/entity/Q6359001	P31	Q34770	instance-of
http://www.wikidata.org/entity/Q6359692	P31	Q34770	instance-of
http://www.wikidata.org/entity/Q6359779	P31	Q34770	instance-of
http://www.wikidata.org/entity/Q6359866	P31	Q34770	instance-of
http://www.wikidata.org/entity/Q6360672	P31	Q34770	instance-of
http://www.wikidata.org/entity/Q6362363	P31	Q34770	instance-of
http://www.wikidata.org/entity/Q6362384	P31	Q34770	instance-of
http://www.wikidata.org/entity/Q6362743	P31	Q34770	instance-of
http://www.wikidata.org/entity/Q6362818	P31	Q34770	instance-of
http://www.wikidata.org/entity/Q6363201	P31	Q34770	instance-of
http://www.wikidata.org/entity/Q6363253	P31	Q34770	instance-of
http://www.wikidata.org/entity/Q6364300	P31	Q34770	instance-of
http://www.wikidata.org/entity/Q636479	P31	Q34770	instance-of
http://www.wikidata.org/entity/Q6366665	P31	Q34770	instance-of
http://www.wikidata.org/entity/Q6367199	P31	Q34770	instance-of
http://www.wikidata.org/entity/Q6367410	P31	Q34770	instance-of
http://www.wikidata.org/entity/Q6368857	P31	Q34770	instance-of
http://www.wikidata.org/entity/Q6370196	P31	Q34770	instance-of
http://www.wikidata.org/entity/Q6370438	P31	Q34770	instance-of
http://www.wikidata.org/entity/Q6371041	P31	Q34770	instance-of
http://www.wikidata.org/entity/Q6371069	P31	Q34770	instance-of
http://www.wikidata.org/entity/Q6371071	P31	Q34770	instance-of
http://www.wikidata.org/entity/Q637228	P31	Q34770	instance-of
http://www.wikidata.org/entity/Q6373260	P31	Q34770	instance-of
http://www.wikidata.org/entity/Q6373349	P31	Q34770	instance-of
http://www.wikidata.org/entity/Q637555	P31	Q515	instance-of
http://www.wikidata.org/entity/Q6375925	P31	Q34770	instance-of
http://www.wikidata.org/entity/Q6376639	P31	Q34770	instance-of
http://www.wikidata.org/entity/Q6377155	P31	Q34770	instance-of
http://www.wikidata.org/entity/Q6378400	P31	Q34770	instance-of
http://www.wikidata.org/entity/Q6378699	P31	Q34770	instance-of
http://www.wikidata.org/entity/Q6378867	P31	Q34770	instance-of
http://www.wikidata.org/entity/Q6378899	P31	Q34770	instance-of
http://www.wikidata.org/entity/Q6378983	P31	Q34770	instance-of
http://www.wikidata.org/entity/Q6379993	P31	Q34770	instance-of
http://www.wikidata.org/entity/Q6380124	P31	Q34770	instance-of
http://www.wikidata.org/entity/Q6380372	P31	Q34770	instance-of
http://www.wikidata.org/entity/Q6380394	P31	Q34770	instance-of
http://www.wikidata.org/entity/Q6380675	P31	Q34770	instance-of
http://www.wikidata.org/entity/Q6380723	P31	Q34770	instance-of
http://www.wikidata.org/entity/Q6382110	P31	Q34770	instance-of
http://www.wikidata.org/entity/Q6382444	P31	Q34770	instance-of
http://www.wikidata.org/entity/Q6382520	P31	Q34770	instance-of
http://www.wikidata.org/entity/Q638300	P31	Q34770	instance-of
http://www.wikidata.org/entity/Q6383641	P31	Q34770	instance-of
http://www.wikidata.org/entity/Q6383764	P31	Q34770	instance-of
http://www.wikidata.org/entity/Q6385426	P31	Q34770	instance-of
http://www.wikidata.org/entity/Q6385445	P31	Q34770	instance-of
http://www.wikidata.org/entity/Q6385549	P31	Q34770	instance-of
http://www.wikidata.org/entity/Q6386412	P31	Q34770	instance-of
http://www.wikidata.org/entity/Q6386414	P31	Q34770	instance-of
http://www.wikidata.org/entity/Q638704	P31	Q515	instance-of
http://www.wikidata.org/entity/Q6388963	P31	Q34770	instance-of
http://www.wikidata.org/entity/Q6391529	P31	Q34770	instance-of
http://www.wikidata.org/entity/Q6393217	P31	Q34770	instance-of
http://www.wikidata.org/entity/Q6393846	P31	Q34770	instance-of
http://www.wikidata.org/entity/Q6393847	P31	Q34770	instance-of
http://www.wikidata.org/entity/Q639421	P31	Q515	instance-of
http://www.wikidata.org/entity/Q6394907	P31	Q34770	instance-of
http://www.wikidata.org/entity/Q6397	P31	Q515	instance-of
http://www.wikidata.org/entity/Q6397914	P31	Q34770	instance-of
http://www.wikidata.org/entity/Q6399808	P31	Q34770	instance-of
http://www.wikidata.org/entity/Q6399833	P31	Q34770	instance-of
http://www.wikidata.org/entity/Q6400562	P31	Q34770	instance-of
http://www.wikidata.org/entity/Q6401519	P31	Q34770	instance-of
http://www.wikidata.org/entity/Q6401546	P31	Q34770	instance-of
http://www.wikidata.org/entity/Q6401919	P31	Q34770	instance-of
http://www.wikidata.org/entity/Q6403030	P31	Q34770	instance-of
http://www.wikidata.org/entity/Q6403501	P31	Q34770	instance-of
http://www.wikidata.org/entity/Q640652	P31	Q3918	instance-of
http://www.wikidata.org/entity/Q6406892	P31	Q34770	instance-of
http://www.wikidata.org/entity/Q6408020	P31	Q34770	instance-of
http://www.wikidata.org/entity/Q641	P31	Q515	instance-of
http://www.wikidata.org/entity/Q6410160	P31	Q34770	instance-of
http://www.wikidata.org/entity/Q6410340	P31	Q34770	instance-of
http://www.wikidata.org/entity/Q6412426	P31	Q34770	instance-of
http://www.wikidata.org/entity/Q6413014	P31	Q34770	instance-of
http://www.wikidata.org/entity/Q6414512	P31	Q34770	instance-of
http://www.wikidata.org/entity/Q6414519	P31	Q34770	instance-of
http://www.wikidata.org/entity/Q6414614	P31	Q34770	instance-of
http://www.wikidata.org/entity/Q6415159	P31	Q34770	instance-of
http://www.wikidata.org/entity/Q6416310	P31	Q34770	instance-of
http://www.wikidata.org/entity/Q6416362	P31	Q34770	instance-of
http://www.wikidata.org/entity/Q6416409	P31	Q34770	instance-of
http://www.wikidata.org/entity/Q641720	P31	Q34770	instance-of
http://www.wikidata.org/entity/Q641737	P31	Q34770	instance-of
http://www.wikidata.org/entity/Q641748	P31	Q34770	instance-of
http://www.wikidata.org/entity/Q6418846	P31	Q34770	instance-of
http://www.wikidata.org/entity/Q6419912	P31	Q515	instance-of
http://www.wikidata.org/entity/Q642207	P31	Q9143	instance-of
http://www.wikidata.org/entity/Q6425639	P31	Q34770	instance-of
http://www.wikidata.org/entity/Q6425665	P31	Q34770	instance-of
http://www.wikidata.org/entity/Q642581	P31	Q34770	instance-of
http://www.wikidata.org/entity/Q6426194	P31	Q34770	instance-of
http://www.wikidata.org/entity/Q6426342	P31	Q34770	instance-of
http://www.wikidata.org/entity/Q6426363	P31	Q34770	instance-of
http://www.wikidata.org/entity/Q6426388	P31	Q34770	instance-of
http://www.wikidata.org/entity/Q6426526	P31	Q34770	instance-of
http://www.wikidata.org/entity/Q6426699	P31	Q34770	instance-of
http://www.wikidata.org/entity/Q6426945	P31	Q34770	instance-of
http://www.wikidata.org/entity/Q6426967	P31	Q34770	instance-of
http://www.wikidata.org/entity/Q6427122	P31	Q34770	instance-of
http://www.wikidata.org/entity/Q6428259	P31	Q34770	instance-of
http://www.wikidata.org/entity/Q6428352	P31	Q34770	instance-of
http://www.wikidata.org/entity/Q642843	P31	Q34770	instance-of
http://www.wikidata.org/entity/Q6428450	P31	Q34770	instance-of
http://www.wikidata.org/entity/Q642856	P31	Q515	instance-of
http://www.wikidata.org/entity/Q6428671	P31	Q34770	instance-of
http://www.wikidata.org/entity/Q6428686	P31	Q34770	instance-of
http://www.wikidata.org/entity/Q6429269	P31	Q34770	instance-of
http://www.wikidata.org/entity/Q6429589	P31	Q34770	instance-of
http://www.wikidata.org/entity/Q6430448	P31	Q34770	instance-of
http://www.wikidata.org/entity/Q6430753	P31	Q34770	instance-of
http://www.wikidata.org/entity/Q6431129	P31	Q34770	instance-of
http://www.wikidata.org/entity/Q6431365	P31	Q34770	instance-of
http://www.wikidata.org/entity/Q6432598	P31	Q34770	instance-of
http://www.wikidata.org/entity/Q6432769	P31	Q34770	instance-of
http://www.wikidata.org/entity/Q6432786	P31	Q34770	instance-of
http://www.wikidata.org/entity/Q6432994	P31	Q34770	instance-of
http://www.wikidata.org/entity/Q6432995	P31	Q34770	instance-of
http://www.wikidata.org/entity/Q6433116	P31	Q34770	instance-of
http://www.wikidata.org/entity/Q6433240	P31	Q34770	instance-of
http://www.wikidata.org/entity/Q6434920	P31	Q34770	instance-of
http://www.wikidata.org/entity/Q6435028	P31	Q34770	instance-of
http://www.wikidata.org/entity/Q6435722	P31	Q34770	instance-of
http://www.wikidata.org/entity/Q6436747	P31	Q34770	instance-of
http://www.wikidata.org/entity/Q6436793	P31	Q34770	instance-of
http://www.wikidata.org/entity/Q6436902	P31	Q34770	instance-of
http://www.wikidata.org/entity/Q6436945	P31	Q34770	instance-of
http://www.wikidata.org/entity/Q643883	P31	Q515	instance-of
http://www.wikidata.org/entity/Q6438927	P31	Q34770	instance-of
http://www.wikidata.org/entity/Q6439314	P31	Q34770	instance-of
http://www.wikidata.org/entity/Q644	P31	Q515	instance-of
http://www.wikidata.org/entity/Q6441084	P31	Q34770	instance-of
http://www.wikidata.org/entity/Q6441341	P31	Q34770	instance-of
http://www.wikidata.org/entity/Q6441572	P31	Q34770	instance-of
http://www.wikidata.org/entity/Q6442073	P31	Q34770	instance-of
http://www.wikidata.org/entity/Q6442230	P31	Q34770	instance-of
http://www.wikidata.org/entity/Q6442398	P31	Q34770	instance-of
http://www.wikidata.org/entity/Q6442581	P31	Q34770	instance-of
http://www.wikidata.org/entity/Q6442714	P31	Q34770	instance-of
http://www.wikidata.org/entity/Q6442715	P31	Q34770	instance-of
http://www.wikidata.org/entity/Q64427349	P31	Q34770	instance-of
http://www.wikidata.org/entity/Q64427350	P31	Q34770	instance-of
http://www.wikidata.org/entity/Q64427352	P31	Q34770	instance-of
http://www.wikidata.org/entity/Q64427357	P31	Q34770	instance-of
http://www.wikidata.org/entity/Q6443027	P31	Q34770	instance-of
http://www.wikidata.org/entity/Q6443304	P31	Q34770	instance-of
http://www.wikidata.org/entity/Q6443722	P31	Q34770	instance-of
http://www.wikidata.org/entity/Q6444510	P31	Q34770	instance-of
http://www.wikidata.org/entity/Q6444516	P31	Q34770	instance-of
http://www.wikidata.org/entity/Q6444517	P31	Q34770	instance-of
http://www.wikidata.org/entity/Q6444526	P31	Q34770	instance-of
http://www.wikidata.org/entity/Q6445233	P31	Q34770	instance-of
http://www.wikidata.org/entity/Q6445354	P31	Q34770	instance-of
http://www.wikidata.org/entity/Q6445867	P31	Q34770	instance-of
http://www.wikidata.org/entity/Q6445968	P31	Q34770	instance-of
http://www.wikidata.org/entity/Q6448199	P31	Q34770	instance-of
http://www.wikidata.org/entity/Q6448337	P31	Q34770	instance-of
http://www.wikidata.org/entity/Q6448417	P31	Q34770	instance-of
http://www.wikidata.org/entity/Q6448718	P31	Q34770	instance-of
http://www.wikidata.org/entity/Q6448719	P31	Q34770	instance-of
http://www.wikidata.org/entity/Q6448731	P31	Q34770	instance-of
http://www.wikidata.org/entity/Q6448765	P31	Q34770	instance-of
http://www.wikidata.org/entity/Q6450184	P31	Q34770	instance-of
http://www.wikidata.org/entity/Q6450232	P31	Q34770	instance-of
http://www.wikidata.org/entity/Q6450276	P31	Q34770	instance-of
http://www.wikidata.org/entity/Q6450325	P31	Q34770	instance-of
http://www.wikidata.org/entity/Q6450328	P31	Q34770	instance-of
http://www.wikidata.org/entity/Q6450354	P31	Q34770	instance-of
http://www.wikidata.org/entity/Q6450460	P31	Q34770	instance-of
http://www.wikidata.org/entity/Q6450957	P31	Q34770	instance-of
http://www.wikidata.org/entity/Q6454	P31	Q515	instance-of
http://www.wikidata.org/entity/Q6460637	P31	Q34770	instance-of
http://www.wikidata.org/entity/Q646498	P31	Q515	instance-of
http://www.wikidata.org/entity/Q646718	P31	Q34770	instance-of
http://www.wikidata.org/entity/Q6467660	P31	Q34770	instance-of
http://www.wikidata.org/entity/Q6468403	P31	Q34770	instance-of
http://www.wikidata.org/entity/Q6468420	P31	Q34770	instance-of
http://www.wikidata.org/entity/Q64685183	P31	Q34770	instance-of
http://www.wikidata.org/entity/Q6470767	P31	Q9143	instance-of
http://www.wikidata.org/entity/Q6472114	P31	Q34770	instance-of
http://www.wikidata.org/entity/Q6473107	P31	Q34770	instance-of
http://www.wikidata.org/entity/Q6473510	P31	Q34770	instance-of
http://www.wikidata.org/entity/Q6473933	P31	Q34770	instance-of
http://www.wikidata.org/entity/Q6474196	P31	Q34770	instance-of
http://www.wikidata.org/entity/Q6474218	P31	Q34770	instance-of
http://www.wikidata.org/entity/Q6474237	P31	Q34770	instance-of
http://www.wikidata.org/entity/Q6474528	P31	Q34770	instance-of
http://www.wikidata.org/entity/Q647543	P31	Q515	instance-of
http://www.wikidata.org/entity/Q647982	P31	Q515	instance-of
http://www.wikidata.org/entity/Q6480112	P31	Q34770	instance-of
http://www.wikidata.org/entity/Q6480151	P31	Q34770	instance-of
http://www.wikidata.org/entity/Q6480154	P31	Q34770	instance-of
http://www.wikidata.org/entity/Q6480183	P31	Q34770	instance-of
http://www.wikidata.org/entity/Q6480756	P31	Q34770	instance-of
http://www.wikidata.org/entity/Q6480777	P31	Q34770	instance-of
http://www.wikidata.org/entity/Q648124	P31	Q9143	instance-of
http://www.wikidata.org/entity/Q6481472	P31	Q34770	instance-of
http://www.wikidata.org/entity/Q6482727	P31	Q34770	instance-of
http://www.wikidata.org/entity/Q6482736	P31	Q34770	instance-of
http://www.wikidata.org/entity/Q6485577	P31	Q34770	instance-of
http://www.wikidata.org/entity/Q648567	P31	Q515	instance-of
http://www.wikidata.org/entity/Q6485678	P31	Q34770	instance-of
http://www.wikidata.org/entity/Q648619	P31	Q9143	instance-of
http://www.wikidata.org/entity/Q6487	P31	Q515	instance-of
http://www.wikidata.org/entity/Q6487291	P31	Q34770	instance-of
http://www.wikidata.org/entity/Q648732	P31	Q515	instance-of
http://www.wikidata.org/entity/Q6488084	P31	Q34770	instance-of
http://www.wikidata.org/entity/Q648838	P31	Q3918	instance-of
http://www.wikidata.org/entity/Q6493203	P31	Q34770	instance-of
http://www.wikidata.org/entity/Q6497673	P31	Q34770	instance-of
http://www.wikidata.org/entity/Q6498258	P31	Q34770	instance-of
http://www.wikidata.org/entity/Q6502657	P31	Q34770	instance-of
http://www.wikidata.org/entity/Q6503548	P31	Q34770	instance-of
http://www.wikidata.org/entity/Q6509476	P31	Q9143	instance-of
http://www.wikidata.org/entity/Q651133	P31	Q3918	instance-of
http://www.wikidata.org/entity/Q651233	P31	Q3918	instance-of
http://www.wikidata.org/entity/Q6512694	P31	Q34770	instance-of
http://www.wikidata.org/entity/Q6520837	P31	Q34770	instance-of
http://www.wikidata.org/entity/Q6522465	P31	Q34770	instance-of
http://www.wikidata.org/entity/Q6528643	P31	Q34770	instance-of
http://www.wikidata.org/entity/Q6528659	P31	Q34770	instance-of
http://www.wikidata.org/entity/Q6536321	P31	Q34770	instance-of
http://www.wikidata.org/entity/Q6537	P31	Q515	instance-of
http://www.wikidata.org/entity/Q65379	P31	Q3918	instance-of
http://www.wikidata.org/entity/Q6538573	P31	Q34770	instance-of
http://www.wikidata.org/entity/Q6541128	P31	Q34770	instance-of
http://www.wikidata.org/entity/Q65455884	P31	Q34770	instance-of
http://www.wikidata.org/entity/Q65455892	P31	Q34770	instance-of
http://www.wikidata.org/entity/Q6547311	P31	Q34770	instance-of
http://www.wikidata.org/entity/Q6547570	P31	Q34770	instance-of
http://www.wikidata.org/entity/Q6549414	P31	Q34770	instance-of
http://www.wikidata.org/entity/Q6553735	P31	Q34770	instance-of
http://www.wikidata.org/entity/Q655542	P31	Q3918	instance-of
http://www.wikidata.org/entity/Q6558753	P31	Q34770	instance-of
http://www.wikidata.org/entity/Q6558822	P31	Q34770	instance-of
http://www.wikidata.org/entity/Q656189	P31	Q515	instance-of
http://www.wikidata.org/entity/Q656871	P31	Q3918	instance-of
http://www.wikidata.org/entity/Q657	P31	Q6256	instance-of
http://www.wikidata.org/entity/Q6576	P31	Q515	instance-of
http://www.wikidata.org/entity/Q6583541	P31	Q34770	instance-of
http://www.wikidata.org/entity/Q6583551	P31	Q34770	instance-of
http://www.wikidata.org/entity/Q6583558	P31	Q34770	instance-of
http://www.wikidata.org/entity/Q6583560	P31	Q34770	instance-of
http://www.wikidata.org/entity/Q6583562	P31	Q34770	instance-of
http://www.wikidata.org/entity/Q6583582	P31	Q34770	instance-of
http://www.wikidata.org/entity/Q6583595	P31	Q34770	instance-of
http://www.wikidata.org/entity/Q6583606	P31	Q34770	instance-of
http://www.wikidata.org/entity/Q6583612	P31	Q34770	instance-of
http://www.wikidata.org/entity/Q6583615	P31	Q34770	instance-of
http://www.wikidata.org/entity/Q6583617	P31	Q34770	instance-of
http://www.wikidata.org/entity/Q6583669	P31	Q34770	instance-of
http://www.wikidata.org/entity/Q6583710	P31	Q34770	instance-of
http://www.wikidata.org/entity/Q659706	P31	Q3918	instance-of
http://www.wikidata.org/entity/Q661529	P31	Q515	instance-of
http://www.wikidata.org/entity/Q6616	P31	Q515	instance-of
http://www.wikidata.org/entity/Q664	P31	Q6256	instance-of
http://www.wikidata.org/entity/Q664550	P31	Q515	instance-of
http://www.wikidata.org/entity/Q6647	P31	Q515	instance-of
http://www.wikidata.org/entity/Q664873	P31	Q482994	instance-of
http://www.wikidata.org/entity/Q665105	P31	Q3918	instance-of
http://www.wikidata.org/entity/Q6652138	P31	Q34770	instance-of
http://www.wikidata.org/entity/Q6653424	P31	Q34770	instance-of
http://www.wikidata.org/entity/Q66568	P31	Q515	instance-of
http://www.wikidata.org/entity/Q6660653	P31	Q34770	instance-of
http://www.wikidata.org/entity/Q6662	P31	Q515	instance-of
http://www.wikidata.org/entity/Q6663513	P31	Q34770	instance-of
http://www.wikidata.org/entity/Q6667767	P31	Q34770	instance-of
http://www.wikidata.org/entity/Q6667811	P31	Q34770	instance-of
http://www.wikidata.org/entity/Q6668040	P31	Q34770	instance-of
http://www.wikidata.org/entity/Q6668867	P31	Q34770	instance-of
http://www.wikidata.org/entity/Q6668883	P31	Q34770	instance-of
http://www.wikidata.org/entity/Q667566	P31	Q9143	instance-of
http://www.wikidata.org/entity/Q667747	P31	Q34770	instance-of
http://www.wikidata.org/entity/Q668	P31	Q6256	instance-of
http://www.wikidata.org/entity/Q6680287	P31	Q34770	instance-of
http://www.wikidata.org/entity/Q6681	P31	Q515	instance-of
http://www.wikidata.org/entity/Q6683546	P31	Q34770	instance-of
http://www.wikidata.org/entity/Q668366	P31	Q34770	instance-of
http://www.wikidata.org/entity/Q6685078	P31	Q34770	instance-of
http://www.wikidata.org/entity/Q6686	P31	Q43229	instance-of
http://www.wikidata.org/entity/Q6689636	P31	Q34770	instance-of
http://www.wikidata.org/entity/Q6693380	P31	Q34770	instance-of
http://www.wikidata.org/entity/Q6693681	P31	Q34770	instance-of
http://www.wikidata.org/entity/Q6694268	P31	Q34770	instance-of
http://www.wikidata.org/entity/Q669431	P31	Q34770	instance-of
http://www.wikidata.org/entity/Q6695015	P31	Q34770	instance-of
http://www.wikidata.org/entity/Q6699890	P31	Q34770	instance-of
http://www.wikidata.org/entity/Q67000681	P31	Q34770	instance-of
http://www.wikidata.org/entity/Q670180	P31	Q9143	instance-of
http://www.wikidata.org/entity/Q6703050	P31	Q34770	instance-of
http://www.wikidata.org/entity/Q6705910	P31	Q34770	instance-of
http://www.wikidata.org/entity/Q670649	P31	Q3918	instance-of
http://www.wikidata.org/entity/Q6706953	P31	Q34770	instance-of
http://www.wikidata.org/entity/Q6707102	P31	Q34770	instance-of
http://www.wikidata.org/entity/Q67080260	P31	Q34770	instance-of
http://www.wikidata.org/entity/Q670897	P31	Q3918	instance-of
http://www.wikidata.org/entity/Q671642	P31	Q3918	instance-of
http://www.wikidata.org/entity/Q672	P31	Q6256	instance-of
http://www.wikidata.org/entity/Q6720783	P31	Q34770	instance-of
http://www.wikidata.org/entity/Q6720909	P31	Q34770	instance-of
http://www.wikidata.org/entity/Q6722435	P31	Q34770	instance-of
http://www.wikidata.org/entity/Q672307	P31	Q9143	instance-of
http://www.wikidata.org/entity/Q672420	P31	Q3918	instance-of
http://www.wikidata.org/entity/Q6727353	P31	Q34770	instance-of
http://www.wikidata.org/entity/Q6727664	P31	Q34770	instance-of
http://www.wikidata.org/entity/Q6729706	P31	Q34770	instance-of
http://www.wikidata.org/entity/Q6733387	P31	Q34770	instance-of
http://www.wikidata.org/entity/Q6735243	P31	Q34770	instance-of
http://www.wikidata.org/entity/Q6735599	P31	Q34770	instance-of
http://www.wikidata.org/entity/Q6736761	P31	Q34770	instance-of
http://www.wikidata.org/entity/Q6737	P31	Q515	instance-of
http://www.wikidata.org/entity/Q6737666	P31	Q34770	instance-of
http://www.wikidata.org/entity/Q6737786	P31	Q34770	instance-of
http://www.wikidata.org/entity/Q6737795	P31	Q34770	instance-of
http://www.wikidata.org/entity/Q6738863	P31	Q34770	instance-of
http://www.wikidata.org/entity/Q673895	P31	Q34770	instance-of
http://www.wikidata.org/entity/Q6739816	P31	Q34770	instance-of
http://www.wikidata.org/entity/Q6740482	P31	Q34770	instance-of
http://www.wikidata.org/entity/Q6740513	P31	Q34770	instance-of
http://www.wikidata.org/entity/Q6741120	P31	Q34770	instance-of
http://www.wikidata.org/entity/Q6741212	P31	Q34770	instance-of
http://www.wikidata.org/entity/Q6741412	P31	Q34770	instance-of
http://www.wikidata.org/entity/Q6743201	P31	Q34770	instance-of
http://www.wikidata.org/entity/Q6743338	P31	Q34770	instance-of
http://www.wikidata.org/entity/Q6744350	P31	Q34770	instance-of
http://www.wikidata.org/entity/Q6744946	P31	Q34770	instance-of
http://www.wikidata.org/entity/Q6745346	P31	Q34770	instance-of
http://www.wikidata.org/entity/Q6746851	P31	Q34770	instance-of
http://www.wikidata.org/entity/Q6746900	P31	Q34770	instance-of
http://www.wikidata.org/entity/Q6747924	P31	Q34770	instance-of
http://www.wikidata.org/entity/Q6747925	P31	Q34770	instance-of
http://www.wikidata.org/entity/Q6747979	P31	Q34770	instance-of
http://www.wikidata.org/entity/Q6748126	P31	Q34770	instance-of
http://www.wikidata.org/entity/Q6748412	P31	Q34770	instance-of
http://www.wikidata.org/entity/Q6748664	P31	Q34770	instance-of
http://www.wikidata.org/entity/Q6748829	P31	Q34770	instance-of
http://www.wikidata.org/entity/Q6748872	P31	Q34770	instance-of
http://www.wikidata.org/entity/Q6748877	P31	Q34770	instance-of
http://www.wikidata.org/entity/Q6748880	P31	Q34770	instance-of
http://www.wikidata.org/entity/Q674990	P31	Q34770	instance-of
http://www.wikidata.org/entity/Q6750551	P31	Q34770	instance-of
http://www.wikidata.org/entity/Q6753787	P31	Q34770	instance-of
http://www.wikidata.org/entity/Q6753812	P31	Q34770	instance-of
http://www.wikidata.org/entity/Q6754565	P31	Q34770	instance-of
http://www.wikidata.org/entity/Q6754640	P31	Q34770	instance-of
http://www.wikidata.org/entity/Q6754745	P31	Q34770	instance-of
http://www.wikidata.org/entity/Q6760941	P31	Q34770	instance-of
http://www.wikidata.org/entity/Q6760942	P31	Q34770	instance-of
http://www.wikidata.org/entity/Q6762506	P31	Q34770	instance-of
http://www.wikidata.org/entity/Q6763404	P31	Q34770	instance-of
http://www.wikidata.org/entity/Q6763970	P31	Q34770	instance-of
http://www.wikidata.org/entity/Q6764397	P31	Q34770	instance-of
http://www.wikidata.org/entity/Q676778	P31	Q515	instance-of
http://www.wikidata.org/entity/Q677161	P31	Q9143	instance-of
http://www.wikidata.org/entity/Q6772774	P31	Q34770	instance-of
http://www.wikidata.org/entity/Q6772812	P31	Q34770	instance-of
http://www.wikidata.org/entity/Q6773014	P31	Q34770	instance-of
http://www.wikidata.org/entity/Q67780443	P31	Q34770	instance-of
http://www.wikidata.org/entity/Q67781377	P31	Q34770	instance-of
http://www.wikidata.org/entity/Q67781584	P31	Q34770	instance-of
http://www.wikidata.org/entity/Q677993	P31	Q3918	instance-of
http://www.wikidata.org/entity/Q678	P31	Q6256	instance-of
http://www.wikidata.org/entity/Q6782426	P31	Q34770	instance-of
http://www.wikidata.org/entity/Q6782966	P31	Q34770	instance-of
http://www.wikidata.org/entity/Q6783077	P31	Q34770	instance-of
http://www.wikidata.org/entity/Q6783273	P31	Q34770	instance-of
http://www.wikidata.org/entity/Q6787588	P31	Q34770	instance-of
http://www.wikidata.org/entity/Q6791974	P31	Q34770	instance-of
http://www.wikidata.org/entity/Q6792550	P31	Q34770	instance-of
http://www.wikidata.org/entity/Q6794095	P31	Q34770	instance-of
http://www.wikidata.org/entity/Q6794377	P31	Q34770	instance-of
http://www.wikidata.org/entity/Q6794395	P31	Q34770	instance-of
http://www.wikidata.org/entity/Q6794475	P31	Q34770	instance-of
http://www.wikidata.org/entity/Q6797580	P31	Q34770	instance-of
http://www.wikidata.org/entity/Q6798209	P31	Q34770	instance-of
http://www.wikidata.org/entity/Q6798223	P31	Q34770	instance-of
http://www.wikidata.org/entity/Q6799583	P31	Q34770	instance-of
http://www.wikidata.org/entity/Q6799593	P31	Q34770	instance-of
http://www.wikidata.org/entity/Q6799620	P31	Q34770	instance-of
http://www.wikidata.org/entity/Q6799663	P31	Q34770	instance-of
http://www.wikidata.org/entity/Q6799701	P31	Q34770	instance-of
http://www.wikidata.org/entity/Q6799710	P31	Q34770	instance-of
http://www.wikidata.org/entity/Q6799713	P31	Q34770	instance-of
http://www.wikidata.org/entity/Q6799738	P31	Q34770	instance-of
http://www.wikidata.org/entity/Q6799756	P31	Q34770	instance-of
http://www.wikidata.org/entity/Q6799790	P31	Q34770	instance-of
http://www.wikidata.org/entity/Q6805227	P31	Q34770	instance-of
http://www.wikidata.org/entity/Q6806017	P31	Q34770	instance-of
http://www.wikidata.org/entity/Q6809452	P31	Q34770	instance-of
http://www.wikidata.org/entity/Q6810592	P31	Q34770	instance-of
http://www.wikidata.org/entity/Q6813268	P31	Q34770	instance-of
http://www.wikidata.org/entity/Q681360	P31	Q9143	instance-of
http://www.wikidata.org/entity/Q68144	P31	Q515	instance-of
http://www.wikidata.org/entity/Q6817739	P31	Q34770	instance-of
http://www.wikidata.org/entity/Q6817777	P31	Q34770	instance-of
http://www.wikidata.org/entity/Q6817854	P31	Q34770	instance-of
http://www.wikidata.org/entity/Q6817936	P31	Q34770	instance-of
http://www.wikidata.org/entity/Q681893	P31	Q515	instance-of
http://www.wikidata.org/entity/Q6821190	P31	Q34770	instance-of
http://www.wikidata.org/entity/Q6824218	P31	Q34770	instance-of
http://www.wikidata.org/entity/Q6826794	P31	Q34770	instance-of
http://www.wikidata.org/entity/Q6827993	P31	Q34770	instance-of
http://www.wikidata.org/entity/Q683	P31	Q6256	instance-of
http://www.wikidata.org/entity/Q683512	P31	Q515	instance-of
http://www.wikidata.org/entity/Q6841428	P31	Q34770	instance-of
http://www.wikidata.org/entity/Q6845470	P31	Q34770	instance-of
http://www.wikidata.org/entity/Q6845474	P31	Q34770	instance-of
http://www.wikidata.org/entity/Q685	P31	Q6256	instance-of
http://www.wikidata.org/entity/Q6855	P31	Q515	instance-of
http://www.wikidata.org/entity/Q685820	P31	Q9143	instance-of
http://www.wikidata.org/entity/Q685941	P31	Q515	instance-of
http://www.wikidata.org/entity/Q686	P31	Q6256	instance-of
http://www.wikidata.org/entity/Q6862203	P31	Q34770	instance-of
http://www.wikidata.org/entity/Q6862206	P31	Q34770	instance-of
http://www.wikidata.org/entity/Q6862207	P31	Q34770	instance-of
http://www.wikidata.org/entity/Q6862618	P31	Q34770	instance-of
http://www.wikidata.org/entity/Q6863806	P31	Q34770	instance-of
http://www.wikidata.org/entity/Q6863842	P31	Q34770	instance-of
http://www.wikidata.org/entity/Q686501	P31	Q34770	instance-of
http://www.wikidata.org/entity/Q6865237	P31	Q34770	instance-of
http://www.wikidata.org/entity/Q6869641	P31	Q34770	instance-of
http://www.wikidata.org/entity/Q6873567	P31	Q34770	instance-of
http://www.wikidata.org/entity/Q6873793	P31	Q34770	instance-of
http://www.wikidata.org/entity/Q6881575	P31	Q34770	instance-of
http://www.wikidata.org/entity/Q6881813	P31	Q34770	instance-of
http://www.wikidata.org/entity/Q6883573	P31	Q34770	instance-of
http://www.wikidata.org/entity/Q6883590	P31	Q34770	instance-of
http://www.wikidata.org/entity/Q6883668	P31	Q34770	instance-of
http://www.wikidata.org/entity/Q6884125	P31	Q34770	instance-of
http://www.wikidata.org/entity/Q6885683	P31	Q34770	instance-of
http://www.wikidata.org/entity/Q6886053	P31	Q34770	instance-of
http://www.wikidata.org/entity/Q6888563	P31	Q34770	instance-of
http://www.wikidata.org/entity/Q689203	P31	Q34770	instance-of
http://www.wikidata.org/entity/Q6894594	P31	Q34770	instance-of
http://www.wikidata.org/entity/Q6895060	P31	Q34770	instance-of
http://www.wikidata.org/entity/Q6895579	P31	Q34770	instance-of
http://www.wikidata.org/entity/Q689617	P31	Q3918	instance-of
http://www.wikidata.org/entity/Q6897018	P31	Q34770	instance-of
http://www.wikidata.org/entity/Q6897030	P31	Q34770	instance-of
http://www.wikidata.org/entity/Q6897074	P31	Q34770	instance-of
http://www.wikidata.org/entity/Q6897079	P31	Q34770	instance-of
http://www.wikidata.org/entity/Q6897297	P31	Q34770	instance-of
http://www.wikidata.org/entity/Q6897407	P31	Q34770	instance-of
http://www.wikidata.org/entity/Q6897518	P31	Q34770	instance-of
http://www.wikidata.org/entity/Q6898840	P31	Q34770	instance-of
http://www.wikidata.org/entity/Q6899857	P31	Q34770	instance-of
http://www.wikidata.org/entity/Q690052	P31	Q515	instance-of
http://www.wikidata.org/entity/Q6903267	P31	Q515	instance-of
http://www.wikidata.org/entity/Q69060	P31	Q515	instance-of
http://www.wikidata.org/entity/Q690639	P31	Q3918	instance-of
http://www.wikidata.org/entity/Q6906792	P31	Q34770	instance-of
http://www.wikidata.org/entity/Q6907057	P31	Q34770	instance-of
http://www.wikidata.org/entity/Q6909020	P31	Q34770	instance-of
http://www.wikidata.org/entity/Q6909384	P31	Q34770	instance-of
http://www.wikidata.org/entity/Q691	P31	Q6256	instance-of
http://www.wikidata.org/entity/Q6912123	P31	Q34770	instance-of
http://www.wikidata.org/entity/Q6912195	P31	Q34770	instance-of
http://www.wikidata.org/entity/Q6913216	P31	Q34770	instance-of
http://www.wikidata.org/entity/Q6913275	P31	Q34770	instance-of
http://www.wikidata.org/entity/Q6913299	P31	Q34770	instance-of
http://www.wikidata.org/entity/Q6915014	P31	Q34770	instance-of
http://www.wikidata.org/entity/Q6916288	P31	Q34770	instance-of
http://www.wikidata.org/entity/Q691686	P31	Q3918	instance-of
http://www.wikidata.org/entity/Q6921430	P31	Q34770	instance-of
http://www.wikidata.org/entity/Q6925030	P31	Q34770	instance-of
http://www.wikidata.org/entity/Q6928192	P31	Q34770	instance-of
http://www.wikidata.org/entity/Q6928276	P31	Q34770	instance-of
http://www.wikidata.org/entity/Q6928303	P31	Q34770	instance-of
http://www.wikidata.org/entity/Q6928305	P31	Q34770	instance-of
http://www.wikidata.org/entity/Q6931290	P31	Q34770	instance-of
http://www.wikidata.org/entity/Q6931494	P31	Q34770	instance-of
http://www.wikidata.org/entity/Q6931573	P31	Q34770	instance-of
http://www.wikidata.org/entity/Q6932210	P31	Q34770	instance-of
http://www.wikidata.org/entity/Q6935387	P31	Q34770	instance-of
http://www.wikidata.org/entity/Q6935584	P31	Q34770	instance-of
http://www.wikidata.org/entity/Q6935898	P31	Q34770	instance-of
http://www.wikidata.org/entity/Q6938499	P31	Q34770	instance-of
http://www.wikidata.org/entity/Q6940074	P31	Q34770	instance-of
http://www.wikidata.org/entity/Q6943041	P31	Q34770	instance-of
http://www.wikidata.org/entity/Q6943093	P31	Q34770	instance-of
http://www.wikidata.org/entity/Q6944445	P31	Q34770	instance-of
http://www.wikidata.org/entity/Q6944591	P31	Q34770	instance-of
http://www.wikidata.org/entity/Q6944715	P31	Q34770	instance-of
http://www.wikidata.org/entity/Q6944725	P31	Q34770	instance-of
http://www.wikidata.org/entity/Q6949473	P31	Q34770	instance-of
http://www.wikidata.org/entity/Q695	P31	Q6256	instance-of
http://www.wikidata.org/entity/Q6950137	P31	Q34770	instance-of
http://www.wikidata.org/entity/Q695623	P31	Q515	instance-of
http://www.wikidata.org/entity/Q695631	P31	Q515	instance-of
http://www.wikidata.org/entity/Q6956591	P31	Q34770	instance-of
http://www.wikidata.org/entity/Q6956858	P31	Q34770	instance-of
http://www.wikidata.org/entity/Q6957144	P31	Q34770	instance-of
http://www.wikidata.org/entity/Q695740	P31	Q34770	instance-of
http://www.wikidata.org/entity/Q6958174	P31	Q34770	instance-of
http://www.wikidata.org/entity/Q6958211	P31	Q34770	instance-of
http://www.wikidata.org/entity/Q6960073	P31	Q34770	instance-of
http://www.wikidata.org/entity/Q6960109	P31	Q34770	instance-of
http://www.wikidata.org/entity/Q6960662	P31	Q34770	instance-of
http://www.wikidata.org/entity/Q6961032	P31	Q34770	instance-of
http://www.wikidata.org/entity/Q6962504	P31	Q34770	instance-of
http://www.wikidata.org/entity/Q6963443	P31	Q34770	instance-of
http://www.wikidata.org/entity/Q6964416	P31	Q34770	instance-of
http://www.wikidata.org/entity/Q6965452	P31	Q34770	instance-of
http://www.wikidata.org/entity/Q696605	P31	Q515	instance-of
http://www.wikidata.org/entity/Q6966574	P31	Q34770	instance-of
http://www.wikidata.org/entity/Q6966614	P31	Q34770	instance-of
http://www.wikidata.org/entity/Q6968399	P31	Q34770	instance-of
http://www.wikidata.org/entity/Q697	P31	Q6256	instance-of
http://www.wikidata.org/entity/Q697221	P31	Q3918	instance-of
http://www.wikidata.org/entity/Q6981095	P31	Q34770	instance-of
http://www.wikidata.org/entity/Q6983146	P31	Q34770	instance-of
http://www.wikidata.org/entity/Q6983667	P31	Q34770	instance-of
http://www.wikidata.org/entity/Q6983678	P31	Q34770	instance-of
http://www.wikidata.org/entity/Q6983681	P31	Q34770	instance-of
http://www.wikidata.org/entity/Q6983684	P31	Q34770	instance-of
http://www.wikidata.org/entity/Q6983774	P31	Q34770	instance-of
http://www.wikidata.org/entity/Q6983793	P31	Q34770	instance-of
http://www.wikidata.org/entity/Q6983819	P31	Q34770	instance-of
http://www.wikidata.org/entity/Q6983857	P31	Q34770	instance-of
http://www.wikidata.org/entity/Q6989781	P31	Q34770	instance-of
http://www.wikidata.org/entity/Q6989840	P31	Q34770	instance-of
http://www.wikidata.org/entity/Q6990895	P31	Q34770	instance-of
http://www.wikidata.org/entity/Q6991742	P31	Q34770	instance-of
http://www.wikidata.org/entity/Q699284	P31	Q34770	instance-of
http://www.wikidata.org/entity/Q6998869	P31	Q34770	instance-of
http://www.wikidata.org/entity/Q70	P31	Q515	instance-of
http://www.wikidata.org/entity/Q7002965	P31	Q34770	instance-of
http://www.wikidata.org/entity/Q7007251	P31	Q34770	instance-of
http://www.wikidata.org/entity/Q7011254	P31	Q34770	instance-of
http://www.wikidata.org/entity/Q7019	P31	Q515	instance-of
http://www.wikidata.org/entity/Q702	P31	Q6256	instance-of
http://www.wikidata.org/entity/Q7021846	P31	Q34770	instance-of
http://www.wikidata.org/entity/Q7021893	P31	Q34770	instance-of
http://www.wikidata.org/entity/Q7021937	P31	Q34770	instance-of
http://www.wikidata.org/entity/Q7021944	P31	Q34770	instance-of
http://www.wikidata.org/entity/Q7022063	P31	Q34770	instance-of
http://www.wikidata.org/entity/Q7022072	P31	Q34770	instance-of
http://www.wikidata.org/entity/Q7022078	P31	Q34770	instance-of
http://www.wikidata.org/entity/Q7022083	P31	Q34770	instance-of
http://www.wikidata.org/entity/Q7022091	P31	Q34770	instance-of
http://www.wikidata.org/entity/Q7022217	P31	Q34770	instance-of
http://www.wikidata.org/entity/Q7022266	P31	Q34770	instance-of
http://www.wikidata.org/entity/Q7022396	P31	Q34770	instance-of
http://www.wikidata.org/entity/Q7022405	P31	Q34770	instance-of
http://www.wikidata.org/entity/Q7022547	P31	Q34770	instance-of
http://www.wikidata.org/entity/Q7022582	P31	Q34770	instance-of
http://www.wikidata.org/entity/Q7022690	P31	Q34770	instance-of
http://www.wikidata.org/entity/Q7022712	P31	Q34770	instance-of
http://www.wikidata.org/entity/Q7024	P31	Q515	instance-of
http://www.wikidata.org/entity/Q702524	P31	Q3918	instance-of
http://www.wikidata.org/entity/Q7026	P31	Q34770	instance-of
http://www.wikidata.org/entity/Q7030	P31	Q515	instance-of
http://www.wikidata.org/entity/Q7033959	P31	Q34770	instance-of
http://www.wikidata.org/entity/Q7036	P31	Q515	instance-of
http://www.wikidata.org/entity/Q7036821	P31	Q34770	instance-of
http://www.wikidata.org/entity/Q7038710	P31	Q34770	instance-of
http://www.wikidata.org/entity/Q7038985	P31	Q34770	instance-of
http://www.wikidata.org/entity/Q7039	P31	Q515	instance-of
http://www.wikidata.org/entity/Q7042522	P31	Q34770	instance-of
http://www.wikidata.org/entity/Q7042580	P31	Q34770	instance-of
http://www.wikidata.org/entity/Q704371	P31	Q515	instance-of
http://www.wikidata.org/entity/Q7046410	P31	Q34770	instance-of
http://www.wikidata.org/entity/Q7048122	P31	Q34770	instance-of
http://www.wikidata.org/entity/Q7050035	P31	Q34770	instance-of
http://www.wikidata.org/entity/Q7051204	P31	Q34770	instance-of
http://www.wikidata.org/entity/Q7058116	P31	Q34770	instance-of
http://www.wikidata.org/entity/Q7058861	P31	Q34770	instance-of
http://www.wikidata.org/entity/Q7058885	P31	Q34770	instance-of
http://www.wikidata.org/entity/Q7060356	P31	Q34770	instance-of
http://www.wikidata.org/entity/Q706327	P31	Q34770	instance-of
http://www.wikidata.org/entity/Q7067553	P31	Q34770	instance-of
http://www.wikidata.org/entity/Q7067577	P31	Q34770	instance-of
http://www.wikidata.org/entity/Q7067615	P31	Q34770	instance-of
http://www.wikidata.org/entity/Q7067812	P31	Q34770	instance-of
http://www.wikidata.org/entity/Q7068421	P31	Q34770	instance-of
http://www.wikidata.org/entity/Q706857	P31	Q515	instance-of
http://www.wikidata.org/entity/Q7068874	P31	Q34770	instance-of
http://www.wikidata.org/entity/Q7068904	P31	Q34770	instance-of
http://www.wikidata.org/entity/Q7069052	P31	Q34770	instance-of
http://www.wikidata.org/entity/Q7069841	P31	Q34770	instance-of
http://www.wikidata.org/entity/Q7070830	P31	Q34770	instance-of
http://www.wikidata.org/entity/Q7070837	P31	Q34770	instance-of
http://www.wikidata.org/entity/Q7070876	P31	Q34770	instance-of
http://www.wikidata.org/entity/Q7070879	P31	Q34770	instance-of
http://www.wikidata.org/entity/Q7070884	P31	Q34770	instance-of
http://www.wikidata.org/entity/Q7070894	P31	Q34770	instance-of
http://www.wikidata.org/entity/Q7071227	P31	Q34770	instance-of
http://www.wikidata.org/entity/Q7071318	P31	Q34770	instance-of
http://www.wikidata.org/entity/Q7075258	P31	Q34770	instance-of
http://www.wikidata.org/entity/Q7076643	P31	Q34770	instance-of
http://www.wikidata.org/entity/Q7079984	P31	Q34770	instance-of
http://www.wikidata.org/entity/Q7083390	P31	Q34770	instance-of
http://www.wikidata.org/entity/Q7083619	P31	Q34770	instance-of
http://www.wikidata.org/entity/Q7089928	P31	Q34770	instance-of
http://www.wikidata.org/entity/Q709	P31	Q6256	instance-of
http://www.wikidata.org/entity/Q7093521	P31	Q34770	instance-of
http://www.wikidata.org/entity/Q7093790	P31	Q34770	instance-of
http://www.wikidata.org/entity/Q7093910	P31	Q34770	instance-of
http://www.wikidata.org/entity/Q7093968	P31	Q34770	instance-of
http://www.wikidata.org/entity/Q7095071	P31	Q34770	instance-of
http://www.wikidata.org/entity/Q7095585	P31	Q34770	instance-of
http://www.wikidata.org/entity/Q7099152	P31	Q34770	instance-of
http://www.wikidata.org/entity/Q710	P31	Q6256	instance-of
http://www.wikidata.org/entity/Q7102899	P31	Q34770	instance-of
http://www.wikidata.org/entity/Q7102970	P31	Q34770	instance-of
http://www.wikidata.org/entity/Q7103494	P31	Q34770	instance-of
http://www.wikidata.org/entity/Q7103752	P31	Q34770	instance-of
http://www.wikidata.org/entity/Q7103905	P31	Q34770	instance-of
http://www.wikidata.org/entity/Q7105295	P31	Q34770	instance-of
http://www.wikidata.org/entity/Q711	P31	Q6256	instance-of
http://www.wikidata.org/entity/Q7110494	P31	Q34770	instance-of
http://www.wikidata.org/entity/Q7116251	P31	Q34770	instance-of
http://www.wikidata.org/entity/Q7116610	P31	Q34770	instance-of
http://www.wikidata.org/entity/Q7116691	P31	Q34770	instance-of
http://www.wikidata.org/entity/Q712	P31	Q6256	instance-of
http://www.wikidata.org/entity/Q7121294	P31	Q34770	instance-of
http://www.wikidata.org/entity/Q7121353	P31	Q34770	instance-of
http://www.wikidata.org/entity/Q7123283	P31	Q34770	instance-of
http://www.wikidata.org/entity/Q7124354	P31	Q34770	instance-of
http://www.wikidata.org/entity/Q7124357	P31	Q34770	instance-of
http://www.wikidata.org/entity/Q7124462	P31	Q34770	instance-of
http://www.wikidata.org/entity/Q7124545	P31	Q34770	instance-of
http://www.wikidata.org/entity/Q7124619	P31	Q34770	instance-of
http://www.wikidata.org/entity/Q7127118	P31	Q34770	instance-of
http://www.wikidata.org/entity/Q7127734	P31	Q34770	instance-of
http://www.wikidata.org/entity/Q7128186	P31	Q34770	instance-of
http://www.wikidata.org/entity/Q7129017	P31	Q34770	instance-of
http://www.wikidata.org/entity/Q7129739	P31	Q34770	instance-of
http://www.wikidata.org/entity/Q7130113	P31	Q34770	instance-of
http://www.wikidata.org/entity/Q7130204	P31	Q34770	instance-of
http://www.wikidata.org/entity/Q7130477	P31	Q34770	instance-of
http://www.wikidata.org/entity/Q7130962	P31	Q34770	instance-of
http://www.wikidata.org/entity/Q7131211	P31	Q34770	instance-of
http://www.wikidata.org/entity/Q7131310	P31	Q34770	instance-of
http://www.wikidata.org/entity/Q7132487	P31	Q34770	instance-of
http://www.wikidata.org/entity/Q7132809	P31	Q34770	instance-of
http://www.wikidata.org/entity/Q7133239	P31	Q34770	instance-of
http://www.wikidata.org/entity/Q7133667	P31	Q34770	instance-of
http://www.wikidata.org/entity/Q7136278	P31	Q34770	instance-of
http://www.wikidata.org/entity/Q7136291	P31	Q34770	instance-of
http://www.wikidata.org/entity/Q713643	P31	Q34770	instance-of
http://www.wikidata.org/entity/Q713654	P31	Q34770	instance-of
http://www.wikidata.org/entity/Q7136554	P31	Q34770	instance-of
http://www.wikidata.org/entity/Q713659	P31	Q34770	instance-of
http://www.wikidata.org/entity/Q7136678	P31	Q34770	instance-of
http://www.wikidata.org/entity/Q7142091	P31	Q34770	instance-of
http://www.wikidata.org/entity/Q7143168	P31	Q34770	instance-of
http://www.wikidata.org/entity/Q7148323	P31	Q34770	instance-of
http://www.wikidata.org/entity/Q714891	P31	Q3918	instance-of
http://www.wikidata.org/entity/Q715465	P31	Q482994	instance-of
http://www.wikidata.org/entity/Q7155331	P31	Q34770	instance-of
http://www.wikidata.org/entity/Q7156099	P31	Q34770	instance-of
http://www.wikidata.org/entity/Q7156240	P31	Q34770	instance-of
http://www.wikidata.org/entity/Q7156643	P31	Q34770	instance-of
http://www.wikidata.org/entity/Q7156956	P31	Q34770	instance-of
http://www.wikidata.org/entity/Q7160431	P31	Q34770	instance-of
http://www.wikidata.org/entity/Q7160903	P31	Q34770	instance-of
http://www.wikidata.org/entity/Q7162371	P31	Q34770	instance-of
http://www.wikidata.org/entity/Q7162372	P31	Q34770	instance-of
http://www.wikidata.org/entity/Q7163057	P31	Q34770	instance-of
http://www.wikidata.org/entity/Q7163723	P31	Q34770	instance-of
http://www.wikidata.org/entity/Q716604	P31	Q34770	instance-of
http://www.wikidata.org/entity/Q716615	P31	Q34770	instance-of
http://www.wikidata.org/entity/Q716627	P31	Q34770	instance-of
http://www.wikidata.org/entity/Q716647	P31	Q34770	instance-of
http://www.wikidata.org/entity/Q7166821	P31	Q34770	instance-of
http://www.wikidata.org/entity/Q717	P31	Q6256	instance-of
http://www.wikidata.org/entity/Q7171675	P31	Q34770	instance-of
http://www.wikidata.org/entity/Q7180184	P31	Q34770	instance-of
http://www.wikidata.org/entity/Q7180427	P31	Q34770	instance-of
http://www.wikidata.org/entity/Q7187058	P31	Q34770	instance-of
http://www.wikidata.org/entity/Q7187959	P31	Q34770	instance-of
http://www.wikidata.org/entity/Q7187991	P31	Q34770	instance-of
http://www.wikidata.org/entity/Q7188289	P31	Q34770	instance-of
http://www.wikidata.org/entity/Q7188298	P31	Q34770	instance-of
http://www.wikidata.org/entity/Q7188361	P31	Q34770	instance-of
http://www.wikidata.org/entity/Q7188376	P31	Q34770	instance-of
http://www.wikidata.org/entity/Q7188378	P31	Q34770	instance-of
http://www.wikidata.org/entity/Q7190040	P31	Q34770	instance-of
http://www.wikidata.org/entity/Q7190042	P31	Q34770	instance-of
http://www.wikidata.org/entity/Q7191257	P31	Q34770	instance-of
http://www.wikidata.org/entity/Q7193313	P31	Q34770	instance-of
http://www.wikidata.org/entity/Q7193332	P31	Q34770	instance-of
http://www.wikidata.org/entity/Q7193418	P31	Q34770	instance-of
http://www.wikidata.org/entity/Q7194098	P31	Q34770	instance-of
http://www.wikidata.org/entity/Q7194632	P31	Q34770	instance-of
http://www.wikidata.org/entity/Q7194986	P31	Q34770	instance-of
http://www.wikidata.org/entity/Q7196415	P31	Q34770	instance-of
http://www.wikidata.org/entity/Q7199578	P31	Q34770	instance-of
http://www.wikidata.org/entity/Q720192	P31	Q34770	instance-of
http://www.wikidata.org/entity/Q7206342	P31	Q34770	instance-of
http://www.wikidata.org/entity/Q7207578	P31	Q34770	instance-of
http://www.wikidata.org/entity/Q7208577	P31	Q34770	instance-of
http://www.wikidata.org/entity/Q7208693	P31	Q34770	instance-of
http://www.wikidata.org/entity/Q721064	P31	Q3918	instance-of
http://www.wikidata.org/entity/Q721182	P31	Q34770	instance-of
http://www.wikidata.org/entity/Q721937	P31	Q515	instance-of
http://www.wikidata.org/entity/Q72248	P31	Q515	instance-of
http://www.wikidata.org/entity/Q72256	P31	Q34770	instance-of
http://www.wikidata.org/entity/Q72259	P31	Q515	instance-of
http://www.wikidata.org/entity/Q7225957	P31	Q34770	instance-of
http://www.wikidata.org/entity/Q7227739	P31	Q34770	instance-of
http://www.wikidata.org/entity/Q7227956	P31	Q34770	instance-of
http://www.wikidata.org/entity/Q7228475	P31	Q34770	instance-of
http://www.wikidata.org/entity/Q7230944	P31	Q34770	instance-of
http://www.wikidata.org/entity/Q7235814	P31	Q34770	instance-of
http://www.wikidata.org/entity/Q7239186	P31	Q34770	instance-of
http://www.wikidata.org/entity/Q724222	P31	Q3918	instance-of
http://www.wikidata.org/entity/Q725401	P31	Q9143	instance-of
http://www.wikidata.org/entity/Q7259044	P31	Q34770	instance-of
http://www.wikidata.org/entity/Q7259048	P31	Q34770	instance-of
http://www.wikidata.org/entity/Q7259892	P31	Q34770	instance-of
http://www.wikidata.org/entity/Q7259894	P31	Q34770	instance-of
http://www.wikidata.org/entity/Q7259895	P31	Q34770	instance-of
http://www.wikidata.org/entity/Q7261619	P31	Q34770	instance-of
http://www.wikidata.org/entity/Q7261622	P31	Q34770	instance-of
http://www.wikidata.org/entity/Q726218	P31	Q9143	instance-of
http://www.wikidata.org/entity/Q7262964	P31	Q34770	instance-of
http://www.wikidata.org/entity/Q7263152	P31	Q515	instance-of
http://www.wikidata.org/entity/Q72695	P31	Q34770	instance-of
http://www.wikidata.org/entity/Q727	P31	Q515	instance-of
http://www.wikidata.org/entity/Q7271640	P31	Q34770	instance-of
http://www.wikidata.org/entity/Q7271642	P31	Q34770	instance-of
http://www.wikidata.org/entity/Q7271823	P31	Q34770	instance-of
http://www.wikidata.org/entity/Q7272651	P31	Q34770	instance-of
http://www.wikidata.org/entity/Q727516	P31	Q3918	instance-of
http://www.wikidata.org/entity/Q727694	P31	Q34770	instance-of
http://www.wikidata.org/entity/Q72818	P31	Q515	instance-of
http://www.wikidata.org/entity/Q7286138	P31	Q34770	instance-of
http://www.wikidata.org/entity/Q7286370	P31	Q34770	instance-of
http://www.wikidata.org/entity/Q7288630	P31	Q34770	instance-of
http://www.wikidata.org/entity/Q7292645	P31	Q34770	instance-of
http://www.wikidata.org/entity/Q7293705	P31	Q34770	instance-of
http://www.wikidata.org/entity/Q7296262	P31	Q34770	instance-of
http://www.wikidata.org/entity/Q7296830	P31	Q34770	instance-of
http://www.wikidata.org/entity/Q7296948	P31	Q34770	instance-of
http://www.wikidata.org/entity/Q7299461	P31	Q34770	instance-of
http://www.wikidata.org/entity/Q730	P31	Q6256	instance-of
http://www.wikidata.org/entity/Q7306882	P31	Q34770	instance-of
http://www.wikidata.org/entity/Q7310626	P31	Q34770	instance-of
http://www.wikidata.org/entity/Q7310982	P31	Q34770	instance-of
http://www.wikidata.org/entity/Q7311502	P31	Q34770	instance-of
http://www.wikidata.org/entity/Q7311553	P31	Q34770	instance-of
http://www.wikidata.org/entity/Q7311570	P31	Q34770	instance-of
http://www.wikidata.org/entity/Q7312214	P31	Q34770	instance-of
http://www.wikidata.org/entity/Q7312239	P31	Q34770	instance-of
http://www.wikidata.org/entity/Q7313205	P31	Q34770	instance-of
http://www.wikidata.org/entity/Q7313900	P31	Q34770	instance-of
http://www.wikidata.org/entity/Q7317113	P31	Q34770	instance-of
http://www.wikidata.org/entity/Q732131	P31	Q34770	instance-of
http://www.wikidata.org/entity/Q732726	P31	Q34770	instance-of
http://www.wikidata.org/entity/Q733	P31	Q6256	instance-of
http://www.wikidata.org/entity/Q7334404	P31	Q34770	instance-of
http://www.wikidata.org/entity/Q7334628	P31	Q34770	instance-of
http://www.wikidata.org/entity/Q7334886	P31	Q34770	instance-of
http://www.wikidata.org/entity/Q7336730	P31	Q34770	instance-of
http://www.wikidata.org/entity/Q7336938	P31	Q34770	instance-of
http://www.wikidata.org/entity/Q734	P31	Q6256	instance-of
http://www.wikidata.org/entity/Q735138	P31	Q515	instance-of
http://www.wikidata.org/entity/Q735209	P31	Q34770	instance-of
http://www.wikidata.org/entity/Q735604	P31	Q9143	instance-of
http://www.wikidata.org/entity/Q7356069	P31	Q34770	instance-of
http://www.wikidata.org/entity/Q7359417	P31	Q34770	instance-of
http://www.wikidata.org/entity/Q736	P31	Q6256	instance-of
http://www.wikidata.org/entity/Q7363236	P31	Q34770	instance-of
http://www.wikidata.org/entity/Q73639	P31	Q515	instance-of
http://www.wikidata.org/entity/Q7365672	P31	Q34770	instance-of
http://www.wikidata.org/entity/Q7366825	P31	Q34770	instance-of
http://www.wikidata.org/entity/Q737784	P31	Q34770	instance-of
http://www.wikidata.org/entity/Q7377946	P31	Q34770	instance-of
http://www.wikidata.org/entity/Q7378127	P31	Q34770	instance-of
http://www.wikidata.org/entity/Q7379867	P31	Q34770	instance-of
http://www.wikidata.org/entity/Q7380625	P31	Q34770	instance-of
http://www.wikidata.org/entity/Q738258	P31	Q3918	instance-of
http://www.wikidata.org/entity/Q7383562	P31	Q34770	instance-of
http://www.wikidata.org/entity/Q7383564	P31	Q34770	instance-of
http://www.wikidata.org/entity/Q739	P31	Q6256	instance-of
http://www.wikidata.org/entity/Q7395644	P31	Q34770	instance-of
http://www.wikidata.org/entity/Q7395896	P31	Q34770	instance-of
http://www.wikidata.org/entity/Q7396479	P31	Q34770	instance-of
http://www.wikidata.org/entity/Q7396535	P31	Q34770	instance-of
http://www.wikidata.org/entity/Q7398112	P31	Q34770	instance-of
http://www.wikidata.org/entity/Q7399757	P31	Q34770	instance-of
http://www.wikidata.org/entity/Q7402721	P31	Q34770	instance-of
http://www.wikidata.org/entity/Q7403607	P31	Q34770	instance-of
http://www.wikidata.org/entity/Q7403694	P31	Q34770	instance-of
http://www.wikidata.org/entity/Q740604	P31	Q34770	instance-of
http://www.wikidata.org/entity/Q740832	P31	Q515	instance-of
http://www.wikidata.org/entity/Q7408387	P31	Q34770	instance-of
http://www.wikidata.org/entity/Q7408413	P31	Q34770	instance-of
http://www.wikidata.org/entity/Q7408415	P31	Q34770	instance-of
http://www.wikidata.org/entity/Q7408865	P31	Q34770	instance-of
http://www.wikidata.org/entity/Q7408902	P31	Q34770	instance-of
http://www.wikidata.org/entity/Q7409269	P31	Q34770	instance-of
http://www.wikidata.org/entity/Q7410037	P31	Q34770	instance-of
http://www.wikidata.org/entity/Q7413220	P31	Q34770	instance-of
http://www.wikidata.org/entity/Q7413390	P31	Q34770	instance-of
http://www.wikidata.org/entity/Q7413392	P31	Q34770	instance-of
http://www.wikidata.org/entity/Q7413841	P31	Q34770	instance-of
http://www.wikidata.org/entity/Q7414598	P31	Q34770	instance-of
http://www.wikidata.org/entity/Q7418149	P31	Q34770	instance-of
http://www.wikidata.org/entity/Q7418287	P31	Q34770	instance-of
http://www.wikidata.org/entity/Q7418302	P31	Q34770	instance-of
http://www.wikidata.org/entity/Q7419277	P31	Q34770	instance-of
http://www.wikidata.org/entity/Q7420514	P31	Q34770	instance-of
http://www.wikidata.org/entity/Q7420921	P31	Q34770	instance-of
http://www.wikidata.org/entity/Q7420922	P31	Q34770	instance-of
http://www.wikidata.org/entity/Q7424256	P31	Q34770	instance-of
http://www.wikidata.org/entity/Q7424699	P31	Q34770	instance-of
http://www.wikidata.org/entity/Q7427547	P31	Q34770	instance-of
http://www.wikidata.org/entity/Q7428639	P31	Q34770	instance-of
http://www.wikidata.org/entity/Q7428892	P31	Q34770	instance-of
http://www.wikidata.org/entity/Q743218	P31	Q515	instance-of
http://www.wikidata.org/entity/Q7436	P31	Q515	instance-of
http://www.wikidata.org/entity/Q743736	P31	Q34770	instance-of
http://www.wikidata.org/entity/Q7442316	P31	Q34770	instance-of
http://www.wikidata.org/entity/Q7442898	P31	Q34770	instance-of
http://www.wikidata.org/entity/Q7446180	P31	Q34770	instance-of
http://www.wikidata.org/entity/Q7446237	P31	Q34770	instance-of
http://www.wikidata.org/entity/Q7446815	P31	Q34770	instance-of
http://www.wikidata.org/entity/Q7447136	P31	Q34770	instance-of
http://www.wikidata.org/entity/Q7447500	P31	Q34770	instance-of
http://www.wikidata.org/entity/Q7447520	P31	Q34770	instance-of
http://www.wikidata.org/entity/Q7448845	P31	Q34770	instance-of
http://www.wikidata.org/entity/Q7449012	P31	Q34770	instance-of
http://www.wikidata.org/entity/Q7449119	P31	Q34770	instance-of
http://www.wikidata.org/entity/Q7449713	P31	Q34770	instance-of
http://www.wikidata.org/entity/Q7450252	P31	Q34770	instance-of
http://www.wikidata.org/entity/Q7450555	P31	Q34770	instance-of
http://www.wikidata.org/entity/Q7450584	P31	Q34770	instance-of
http://www.wikidata.org/entity/Q7450601	P31	Q34770	instance-of
http://www.wikidata.org/entity/Q7451434	P31	Q34770	instance-of
http://www.wikidata.org/entity/Q7451722	P31	Q34770	instance-of
http://www.wikidata.org/entity/Q7451725	P31	Q34770	instance-of
http://www.wikidata.org/entity/Q7452602	P31	Q34770	instance-of
http://www.wikidata.org/entity/Q7453056	P31	Q34770	instance-of
http://www.wikidata.org/entity/Q7454834	P31	Q34770	instance-of
http://www.wikidata.org/entity/Q7455488	P31	Q34770	instance-of
http://www.wikidata.org/entity/Q7456326	P31	Q34770	instance-of
http://www.wikidata.org/entity/Q7456333	P31	Q34770	instance-of
http://www.wikidata.org/entity/Q7456682	P31	Q34770	instance-of
http://www.wikidata.org/entity/Q7456938	P31	Q34770	instance-of
http://www.wikidata.org/entity/Q746723	P31	Q34770	instance-of
http://www.wikidata.org/entity/Q747840	P31	Q515	instance-of
http://www.wikidata.org/entity/Q748085	P31	Q3918	instance-of
http://www.wikidata.org/entity/Q748106	P31	Q3918	instance-of
http://www.wikidata.org/entity/Q748336	P31	Q515	instance-of
http://www.wikidata.org/entity/Q7488659	P31	Q34770	instance-of
http://www.wikidata.org/entity/Q7489783	P31	Q34770	instance-of
http://www.wikidata.org/entity/Q749	P31	Q515	instance-of
http://www.wikidata.org/entity/Q749170	P31	Q515	instance-of
http://www.wikidata.org/entity/Q7492248	P31	Q34770	instance-of
http://www.wikidata.org/entity/Q7494785	P31	Q34770	instance-of
http://www.wikidata.org/entity/Q7497605	P31	Q34770	instance-of
http://www.wikidata.org/entity/Q7499445	P31	Q34770	instance-of
http://www.wikidata.org/entity/Q750	P31	Q6256	instance-of
http://www.wikidata.org/entity/Q7502	P31	Q34770	instance-of
http://www.wikidata.org/entity/Q7506059	P31	Q34770	instance-of
http://www.wikidata.org/entity/Q7506806	P31	Q34770	instance-of
http://www.wikidata.org/entity/Q7506812	P31	Q34770	instance-of
http://www.wikidata.org/entity/Q7511556	P31	Q34770	instance-of
http://www.wikidata.org/entity/Q7513600	P31	Q34770	instance-of
http://www.wikidata.org/entity/Q7514020	P31	Q34770	instance-of
http://www.wikidata.org/entity/Q7514021	P31	Q34770	instance-of
http://www.wikidata.org/entity/Q7514027	P31	Q34770	instance-of
http://www.wikidata.org/entity/Q7514337	P31	Q34770	instance-of
http://www.wikidata.org/entity/Q7515090	P31	Q34770	instance-of
http://www.wikidata.org/entity/Q7515533	P31	Q34770	instance-of
http://www.wikidata.org/entity/Q7517329	P31	Q34770	instance-of
http://www.wikidata.org/entity/Q7521268	P31	Q34770	instance-of
http://www.wikidata.org/entity/Q7521655	P31	Q34770	instance-of
http://www.wikidata.org/entity/Q7521813	P31	Q34770	instance-of
http://www.wikidata.org/entity/Q752348	P31	Q515	instance-of
http://www.wikidata.org/entity/Q7524158	P31	Q34770	instance-of
http://www.wikidata.org/entity/Q7530937	P31	Q34770	instance-of
http://www.wikidata.org/entity/Q7534244	P31	Q34770	instance-of
http://www.wikidata.org/entity/Q753604	P31	Q9143	instance-of
http://www.wikidata.org/entity/Q753868	P31	Q9143	instance-of
http://www.wikidata.org/entity/Q754	P31	Q6256	instance-of
http://www.wikidata.org/entity/Q7550388	P31	Q34770	instance-of
http://www.wikidata.org/entity/Q755149	P31	Q515	instance-of
http://www.wikidata.org/entity/Q755763	P31	Q515	instance-of
http://www.wikidata.org/entity/Q755765	P31	Q515	instance-of
http://www.wikidata.org/entity/Q7559081	P31	Q34770	instance-of
http://www.wikidata.org/entity/Q756014	P31	Q34770	instance-of
http://www.wikidata.org/entity/Q7560536	P31	Q34770	instance-of
http://www.wikidata.org/entity/Q756126	P31	Q3918	instance-of
http://www.wikidata.org/entity/Q7561280	P31	Q34770	instance-of
http://www.wikidata.org/entity/Q756175	P31	Q9143	instance-of
http://www.wikidata.org/entity/Q7563215	P31	Q34770	instance-of
http://www.wikidata.org/entity/Q7563340	P31	Q34770	instance-of
http://www.wikidata.org/entity/Q7563749	P31	Q34770	instance-of
http://www.wikidata.org/entity/Q7563752	P31	Q34770	instance-of
http://www.wikidata.org/entity/Q7563811	P31	Q34770	instance-of
http://www.wikidata.org/entity/Q756651	P31	Q34770	instance-of
http://www.wikidata.org/entity/Q7569611	P31	Q34770	instance-of
http://www.wikidata.org/entity/Q7569696	P31	Q34770	instance-of
http://www.wikidata.org/entity/Q7569754	P31	Q34770	instance-of
http://www.wikidata.org/entity/Q757	P31	Q6256	instance-of
http://www.wikidata.org/entity/Q7570103	P31	Q34770	instance-of
http://www.wikidata.org/entity/Q7570194	P31	Q34770	instance-of
http://www.wikidata.org/entity/Q7570327	P31	Q34770	instance-of
http://www.wikidata.org/entity/Q7570345	P31	Q34770	instance-of
http://www.wikidata.org/entity/Q7570552	P31	Q34770	instance-of
http://www.wikidata.org/entity/Q7571845	P31	Q34770	instance-of
http://www.wikidata.org/entity/Q7572120	P31	Q34770	instance-of
http://www.wikidata.org/entity/Q75809	P31	Q43229	instance-of
http://www.wikidata.org/entity/Q758570	P31	Q34770	instance-of
http://www.wikidata.org/entity/Q758659	P31	Q3918	instance-of
http://www.wikidata.org/entity/Q759770	P31	Q34770	instance-of
http://www.wikidata.org/entity/Q759984	P31	Q34770	instance-of
http://www.wikidata.org/entity/Q759992	P31	Q34770	instance-of
http://www.wikidata.org/entity/Q759995	P31	Q34770	instance-of
http://www.wikidata.org/entity/Q760	P31	Q6256	instance-of
http://www.wikidata.org/entity/Q760144	P31	Q515	instance-of
http://www.wikidata.org/entity/Q760714	P31	Q515	instance-of
http://www.wikidata.org/entity/Q760732	P31	Q34770	instance-of
http://www.wikidata.org/entity/Q761	P31	Q515	instance-of
http://www.wikidata.org/entity/Q761534	P31	Q3918	instance-of
http://www.wikidata.org/entity/Q7616385	P31	Q34770	instance-of
http://www.wikidata.org/entity/Q762464	P31	Q9143	instance-of
http://www.wikidata.org/entity/Q763	P31	Q6256	instance-of
http://www.wikidata.org/entity/Q763015	P31	Q515	instance-of
http://www.wikidata.org/entity/Q7630429	P31	Q34770	instance-of
http://www.wikidata.org/entity/Q7630513	P31	Q34770	instance-of
http://www.wikidata.org/entity/Q7630687	P31	Q34770	instance-of
http://www.wikidata.org/entity/Q7631298	P31	Q34770	instance-of
http://www.wikidata.org/entity/Q7633412	P31	Q34770	instance-of
http://www.wikidata.org/entity/Q7634386	P31	Q34770	instance-of
http://www.wikidata.org/entity/Q7634706	P31	Q34770	instance-of
http://www.wikidata.org/entity/Q7636341	P31	Q34770	instance-of
http://www.wikidata.org/entity/Q7636966	P31	Q34770	instance-of
http://www.wikidata.org/entity/Q7637055	P31	Q34770	instance-of
http://www.wikidata.org/entity/Q7641864	P31	Q34770	instance-of
http://www.wikidata.org/entity/Q7646993	P31	Q34770	instance-of
http://www.wikidata.org/entity/Q7649752	P31	Q34770	instance-of
http://www.wikidata.org/entity/Q7650407	P31	Q34770	instance-of
http://www.wikidata.org/entity/Q765887	P31	Q515	instance-of
http://www.wikidata.org/entity/Q766	P31	Q6256	instance-of
http://www.wikidata.org/entity/Q767018	P31	Q9143	instance-of
http://www.wikidata.org/entity/Q7672849	P31	Q34770	instance-of
http://www.wikidata.org/entity/Q7673105	P31	Q34770	instance-of
http://www.wikidata.org/entity/Q7673650	P31	Q34770	instance-of
http://www.wikidata.org/entity/Q7673668	P31	Q34770	instance-of
http://www.wikidata.org/entity/Q7674700	P31	Q34770	instance-of
http://www.wikidata.org/entity/Q7675188	P31	Q34770	instance-of
http://www.wikidata.org/entity/Q7675300	P31	Q34770	instance-of
http://www.wikidata.org/entity/Q7675746	P31	Q34770	instance-of
http://www.wikidata.org/entity/Q7675751	P31	Q34770	instance-of
http://www.wikidata.org/entity/Q7675753	P31	Q34770	instance-of
http://www.wikidata.org/entity/Q7675773	P31	Q34770	instance-of
http://www.wikidata.org/entity/Q7675784	P31	Q34770	instance-of
http://www.wikidata.org/entity/Q7675795	P31	Q34770	instance-of
http://www.wikidata.org/entity/Q7675798	P31	Q34770	instance-of
http://www.wikidata.org/entity/Q7675842	P31	Q34770	instance-of
http://www.wikidata.org/entity/Q7676018	P31	Q34770	instance-of
http://www.wikidata.org/entity/Q7676870	P31	Q34770	instance-of
http://www.wikidata.org/entity/Q7678594	P31	Q34770	instance-of
http://www.wikidata.org/entity/Q7679471	P31	Q34770	instance-of
http://www.wikidata.org/entity/Q7679530	P31	Q34770	instance-of
http://www.wikidata.org/entity/Q7680293	P31	Q34770	instance-of
http://www.wikidata.org/entity/Q7680531	P31	Q34770	instance-of
http://www.wikidata.org/entity/Q7681065	P31	Q34770	instance-of
http://www.wikidata.org/entity/Q7682361	P31	Q34770	instance-of
http://www.wikidata.org/entity/Q7682454	P31	Q34770	instance-of
http://www.wikidata.org/entity/Q7682930	P31	Q34770	instance-of
http://www.wikidata.org/entity/Q7682992	P31	Q34770	instance-of
http://www.wikidata.org/entity/Q7682993	P31	Q34770	instance-of
http://www.wikidata.org/entity/Q7683166	P31	Q34770	instance-of
http://www.wikidata.org/entity/Q7684320	P31	Q34770	instance-of
http://www.wikidata.org/entity/Q7684401	P31	Q34770	instance-of
http://www.wikidata.org/entity/Q7684673	P31	Q34770	instance-of
http://www.wikidata.org/entity/Q7685358	P31	Q34770	instance-of
http://www.wikidata.org/entity/Q7685430	P31	Q34770	instance-of
http://www.wikidata.org/entity/Q7687571	P31	Q34770	instance-of
http://www.wikidata.org/entity/Q7687853	P31	Q34770	instance-of
http://www.wikidata.org/entity/Q7688634	P31	Q34770	instance-of
http://www.wikidata.org/entity/Q7688832	P31	Q34770	instance-of
http://www.wikidata.org/entity/Q7689158	P31	Q34770	instance-of
http://www.wikidata.org/entity/Q7689247	P31	Q34770	instance-of
http://www.wikidata.org/entity/Q7689337	P31	Q34770	instance-of
http://www.wikidata.org/entity/Q769	P31	Q6256	instance-of
http://www.wikidata.org/entity/Q7690594	P31	Q34770	instance-of
http://www.wikidata.org/entity/Q7690709	P31	Q34770	instance-of
http://www.wikidata.org/entity/Q7692059	P31	Q34770	instance-of
http://www.wikidata.org/entity/Q7692089	P31	Q34770	instance-of
http://www.wikidata.org/entity/Q7692795	P31	Q34770	instance-of
http://www.wikidata.org/entity/Q7694618	P31	Q34770	instance-of
http://www.wikidata.org/entity/Q7694690	P31	Q34770	instance-of
http://www.wikidata.org/entity/Q7694851	P31	Q34770	instance-of
http://www.wikidata.org/entity/Q7696150	P31	Q34770	instance-of
http://www.wikidata.org/entity/Q7698064	P31	Q34770	instance-of
http://www.wikidata.org/entity/Q769809	P31	Q34770	instance-of
http://www.wikidata.org/entity/Q7698191	P31	Q34770	instance-of
http://www.wikidata.org/entity/Q7698205	P31	Q34770	instance-of
http://www.wikidata.org/entity/Q7699720	P31	Q34770	instance-of
http://www.wikidata.org/entity/Q7699870	P31	Q34770	instance-of
http://www.wikidata.org/entity/Q77	P31	Q6256	instance-of
http://www.wikidata.org/entity/Q7701188	P31	Q34770	instance-of
http://www.wikidata.org/entity/Q7701217	P31	Q34770	instance-of
http://www.wikidata.org/entity/Q7702572	P31	Q34770	instance-of
http://www.wikidata.org/entity/Q7706087	P31	Q34770	instance-of
http://www.wikidata.org/entity/Q7706841	P31	Q34770	instance-of
http://www.wikidata.org/entity/Q7708357	P31	Q34770	instance-of
http://www.wikidata.org/entity/Q7709159	P31	Q34770	instance-of
http://www.wikidata.org/entity/Q7709348	P31	Q34770	instance-of
http://www.wikidata.org/entity/Q7710314	P31	Q34770	instance-of
http://www.wikidata.org/entity/Q7711494	P31	Q34770	instance-of
http://www.wikidata.org/entity/Q7737	P31	Q34770	instance-of
http://www.wikidata.org/entity/Q774	P31	Q6256	instance-of
http://www.wikidata.org/entity/Q77433	P31	Q515	instance-of
http://www.wikidata.org/entity/Q774441	P31	Q34770	instance-of
http://www.wikidata.org/entity/Q774520	P31	Q3918	instance-of
http://www.wikidata.org/entity/Q775159	P31	Q9143	instance-of
http://www.wikidata.org/entity/Q776223	P31	Q3918	instance-of
http://www.wikidata.org/entity/Q776965	P31	Q515	instance-of
http://www.wikidata.org/entity/Q777358	P31	Q9143	instance-of
http://www.wikidata.org/entity/Q778	P31	Q6256	instance-of
http://www.wikidata.org/entity/Q7786695	P31	Q34770	instance-of
http://www.wikidata.org/entity/Q779317	P31	Q9143	instance-of
http://www.wikidata.org/entity/Q779632	P31	Q34770	instance-of
http://www.wikidata.org/entity/Q779819	P31	Q9143	instance-of
http://www.wikidata.org/entity/Q7801784	P31	Q34770	instance-of
http://www.wikidata.org/entity/Q7802050	P31	Q34770	instance-of
http://www.wikidata.org/entity/Q7802959	P31	Q34770	instance-of
http://www.wikidata.org/entity/Q7803037	P31	Q34770	instance-of
http://www.wikidata.org/entity/Q780803	P31	Q9143	instance-of
http://www.wikidata.org/entity/Q7808195	P31	Q34770	instance-of
http://www.wikidata.org/entity/Q7809425	P31	Q34770	instance-of
http://www.wikidata.org/entity/Q781	P31	Q6256	instance-of
http://www.wikidata.org/entity/Q7810394	P31	Q34770	instance-of
http://www.wikidata.org/entity/Q7810466	P31	Q34770	instance-of
http://www.wikidata.org/entity/Q7810685	P31	Q34770	instance-of
http://www.wikidata.org/entity/Q7810697	P31	Q34770	instance-of
http://www.wikidata.org/entity/Q7811216	P31	Q34770	instance-of
http://www.wikidata.org/entity/Q7811403	P31	Q34770	instance-of
http://www.wikidata.org/entity/Q7811556	P31	Q34770	instance-of
http://www.wikidata.org/entity/Q7811712	P31	Q34770	instance-of
http://www.wikidata.org/entity/Q7818197	P31	Q34770	instance-of
http://www.wikidata.org/entity/Q7818911	P31	Q34770	instance-of
http://www.wikidata.org/entity/Q7819095	P31	Q34770	instance-of
http://www.wikidata.org/entity/Q7820798	P31	Q34770	instance-of
http://www.wikidata.org/entity/Q782278	P31	Q515	instance-of
http://www.wikidata.org/entity/Q782397	P31	Q9143	instance-of
http://www.wikidata.org/entity/Q7824008	P31	Q34770	instance-of
http://www.wikidata.org/entity/Q7824180	P31	Q34770	instance-of
http://www.wikidata.org/entity/Q7824218	P31	Q34770	instance-of
http://www.wikidata.org/entity/Q782600	P31	Q3918	instance-of
http://www.wikidata.org/entity/Q7827518	P31	Q34770	instance-of
http://www.wikidata.org/entity/Q7827899	P31	Q34770	instance-of
http://www.wikidata.org/entity/Q7828387	P31	Q34770	instance-of
http://www.wikidata.org/entity/Q7828390	P31	Q34770	instance-of
http://www.wikidata.org/entity/Q7828400	P31	Q34770	instance-of
http://www.wikidata.org/entity/Q7829037	P31	Q34770	instance-of
http://www.wikidata.org/entity/Q7829606	P31	Q34770	instance-of
http://www.wikidata.org/entity/Q783	P31	Q6256	instance-of
http://www.wikidata.org/entity/Q784	P31	Q6256	instance-of
http://www.wikidata.org/entity/Q7842270	P31	Q34770	instance-of
http://www.wikidata.org/entity/Q7842493	P31	Q34770	instance-of
http://www.wikidata.org/entity/Q784502	P31	Q34770	instance-of
http://www.wikidata.org/entity/Q7851988	P31	Q34770	instance-of
http://www.wikidata.org/entity/Q7852006	P31	Q34770	instance-of
http://www.wikidata.org/entity/Q7852641	P31	Q34770	instance-of
http://www.wikidata.org/entity/Q7853191	P31	Q34770	instance-of
http://www.wikidata.org/entity/Q7853636	P31	Q34770	instance-of
http://www.wikidata.org/entity/Q7854914	P31	Q34770	instance-of
http://www.wikidata.org/entity/Q7856508	P31	Q34770	instance-of
http://www.wikidata.org/entity/Q7856961	P31	Q34770	instance-of
http://www.wikidata.org/entity/Q7857052	P31	Q34770	instance-of
http://www.wikidata.org/entity/Q7857159	P31	Q34770	instance-of
http://www.wikidata.org/entity/Q7857160	P31	Q34770	instance-of
http://www.wikidata.org/entity/Q7857412	P31	Q34770	instance-of
http://www.wikidata.org/entity/Q7857682	P31	Q34770	instance-of
http://www.wikidata.org/entity/Q7859815	P31	Q34770	instance-of
http://www.wikidata.org/entity/Q786	P31	Q6256	instance-of
http://www.wikidata.org/entity/Q7862029	P31	Q34770	instance-of
http://www.wikidata.org/entity/Q7862281	P31	Q34770	instance-of
http://www.wikidata.org/entity/Q7862789	P31	Q34770	instance-of
http://www.wikidata.org/entity/Q787388	P31	Q3918	instance-of
http://www.wikidata.org/entity/Q7877531	P31	Q34770	instance-of
http://www.wikidata.org/entity/Q7878123	P31	Q34770	instance-of
http://www.wikidata.org/entity/Q7878321	P31	Q34770	instance-of
http://www.wikidata.org/entity/Q7878623	P31	Q34770	instance-of
http://www.wikidata.org/entity/Q7878635	P31	Q34770	instance-of
http://www.wikidata.org/entity/Q7878769	P31	Q34770	instance-of
http://www.wikidata.org/entity/Q7881227	P31	Q34770	instance-of
http://www.wikidata.org/entity/Q7881346	P31	Q34770	instance-of
http://www.wikidata.org/entity/Q788174	P31	Q34770	instance-of
http://www.wikidata.org/entity/Q7881740	P31	Q34770	instance-of
http://www.wikidata.org/entity/Q788423	P31	Q34770	instance-of
http://www.wikidata.org/entity/Q7887299	P31	Q34770	instance-of
http://www.wikidata.org/entity/Q7897776	P31	Q34770	instance-of
http://www.wikidata.org/entity/Q7899531	P31	Q34770	instance-of
http://www.wikidata.org/entity/Q7899769	P31	Q34770	instance-of
http://www.wikidata.org/entity/Q79	P31	Q6256	instance-of
http://www.wikidata.org/entity/Q790	P31	Q6256	instance-of
http://www.wikidata.org/entity/Q7900609	P31	Q34770	instance-of
http://www.wikidata.org/entity/Q7900611	P31	Q34770	instance-of
http://www.wikidata.org/entity/Q7901389	P31	Q34770	instance-of
http://www.wikidata.org/entity/Q7901470	P31	Q34770	instance-of
http://www.wikidata.org/entity/Q7901530	P31	Q34770	instance-of
http://www.wikidata.org/entity/Q7901709	P31	Q34770	instance-of
http://www.wikidata.org/entity/Q7901979	P31	Q34770	instance-of
http://www.wikidata.org/entity/Q7902545	P31	Q34770	instance-of
http://www.wikidata.org/entity/Q7903	P31	Q515	instance-of
http://www.wikidata.org/entity/Q7903995	P31	Q34770	instance-of
http://www.wikidata.org/entity/Q7904082	P31	Q34770	instance-of
http://www.wikidata.org/entity/Q7904085	P31	Q34770	instance-of
http://www.wikidata.org/entity/Q7904095	P31	Q34770	instance-of
http://www.wikidata.org/entity/Q7912479	P31	Q34770	instance-of
http://www.wikidata.org/entity/Q7912582	P31	Q34770	instance-of
http://www.wikidata.org/entity/Q7915259	P31	Q34770	instance-of
http://www.wikidata.org/entity/Q7917585	P31	Q34770	instance-of
http://www.wikidata.org/entity/Q7918	P31	Q34770	instance-of
http://www.wikidata.org/entity/Q7918407	P31	Q34770	instance-of
http://www.wikidata.org/entity/Q792	P31	Q6256	instance-of
http://www.wikidata.org/entity/Q7928151	P31	Q34770	instance-of
http://www.wikidata.org/entity/Q7929052	P31	Q34770	instance-of
http://www.wikidata.org/entity/Q7930463	P31	Q34770	instance-of
http://www.wikidata.org/entity/Q7932956	P31	Q34770	instance-of
http://www.wikidata.org/entity/Q7937086	P31	Q34770	instance-of
http://www.wikidata.org/entity/Q7937210	P31	Q34770	instance-of
http://www.wikidata.org/entity/Q793809	P31	Q515	instance-of
http://www.wikidata.org/entity/Q794	P31	Q6256	instance-of
http://www.wikidata.org/entity/Q7942202	P31	Q34770	instance-of
http://www.wikidata.org/entity/Q7943647	P31	Q34770	instance-of
http://www.wikidata.org/entity/Q795327	P31	Q34770	instance-of
http://www.wikidata.org/entity/Q7958575	P31	Q34770	instance-of
http://www.wikidata.org/entity/Q7958576	P31	Q34770	instance-of
http://www.wikidata.org/entity/Q7958701	P31	Q34770	instance-of
http://www.wikidata.org/entity/Q7958705	P31	Q34770	instance-of
http://www.wikidata.org/entity/Q7959249	P31	Q34770	instance-of
http://www.wikidata.org/entity/Q7959375	P31	Q34770	instance-of
http://www.wikidata.org/entity/Q7959485	P31	Q34770	instance-of
http://www.wikidata.org/entity/Q7959487	P31	Q34770	instance-of
http://www.wikidata.org/entity/Q7959489	P31	Q34770	instance-of
http://www.wikidata.org/entity/Q7959490	P31	Q34770	instance-of
http://www.wikidata.org/entity/Q7959569	P31	Q34770	instance-of
http://www.wikidata.org/entity/Q7959737	P31	Q34770	instance-of
http://www.wikidata.org/entity/Q79598	P31	Q9143	instance-of
http://www.wikidata.org/entity/Q7959888	P31	Q34770	instance-of
http://www.wikidata.org/entity/Q7959937	P31	Q34770	instance-of
http://www.wikidata.org/entity/Q796	P31	Q6256	instance-of
http://www.wikidata.org/entity/Q7960056	P31	Q34770	instance-of
http://www.wikidata.org/entity/Q7960062	P31	Q34770	instance-of
http://www.wikidata.org/entity/Q7960132	P31	Q34770	instance-of
http://www.wikidata.org/entity/Q7960241	P31	Q34770	instance-of
http://www.wikidata.org/entity/Q7960726	P31	Q34770	instance-of
http://www.wikidata.org/entity/Q7961958	P31	Q34770	instance-of
http://www.wikidata.org/entity/Q7966909	P31	Q34770	instance-of
http://www.wikidata.org/entity/Q7966922	P31	Q34770	instance-of
http://www.wikidata.org/entity/Q7966934	P31	Q34770	instance-of
http://www.wikidata.org/entity/Q7966946	P31	Q34770	instance-of
http://www.wikidata.org/entity/Q7967060	P31	Q34770	instance-of
http://www.wikidata.org/entity/Q7967085	P31	Q34770	instance-of
http://www.wikidata.org/entity/Q7967153	P31	Q34770	instance-of
http://www.wikidata.org/entity/Q796723	P31	Q3918	instance-of
http://www.wikidata.org/entity/Q7967334	P31	Q34770	instance-of
http://www.wikidata.org/entity/Q7967859	P31	Q34770	instance-of
http://www.wikidata.org/entity/Q7967860	P31	Q34770	instance-of
http://www.wikidata.org/entity/Q7967891	P31	Q34770	instance-of
http://www.wikidata.org/entity/Q7967989	P31	Q34770	instance-of
http://www.wikidata.org/entity/Q7968184	P31	Q34770	instance-of
http://www.wikidata.org/entity/Q7968201	P31	Q34770	instance-of
http://www.wikidata.org/entity/Q7968772	P31	Q34770	instance-of
http://www.wikidata.org/entity/Q7969314	P31	Q34770	instance-of
http://www.wikidata.org/entity/Q7969453	P31	Q34770	instance-of
http://www.wikidata.org/entity/Q7969971	P31	Q34770	instance-of
http://www.wikidata.org/entity/Q7970852	P31	Q34770	instance-of
http://www.wikidata.org/entity/Q7970854	P31	Q34770	instance-of
http://www.wikidata.org/entity/Q797249	P31	Q34770	instance-of
http://www.wikidata.org/entity/Q7972683	P31	Q34770	instance-of
http://www.wikidata.org/entity/Q7972975	P31	Q34770	instance-of
http://www.wikidata.org/entity/Q797302	P31	Q9143	instance-of
http://www.wikidata.org/entity/Q7974656	P31	Q34770	instance-of
http://www.wikidata.org/entity/Q7975084	P31	Q34770	instance-of
http://www.wikidata.org/entity/Q7975842	P31	Q34770	instance-of
http://www.wikidata.org/entity/Q7979690	P31	Q34770	instance-of
http://www.wikidata.org/entity/Q798	P31	Q515	instance-of
http://www.wikidata.org/entity/Q7980503	P31	Q34770	instance-of
http://www.wikidata.org/entity/Q79808	P31	Q515	instance-of
http://www.wikidata.org/entity/Q7982165	P31	Q34770	instance-of
http://www.wikidata.org/entity/Q7983230	P31	Q34770	instance-of
http://www.wikidata.org/entity/Q7983284	P31	Q34770	instance-of
http://www.wikidata.org/entity/Q7984319	P31	Q34770	instance-of
http://www.wikidata.org/entity/Q7984377	P31	Q34770	instance-of
http://www.wikidata.org/entity/Q79848	P31	Q515	instance-of
http://www.wikidata.org/entity/Q7985624	P31	Q34770	instance-of
http://www.wikidata.org/entity/Q79857	P31	Q515	instance-of
http://www.wikidata.org/entity/Q79863	P31	Q515	instance-of
http://www.wikidata.org/entity/Q7987643	P31	Q34770	instance-of
http://www.wikidata.org/entity/Q7987774	P31	Q34770	instance-of
http://www.wikidata.org/entity/Q7988174	P31	Q34770	instance-of
http://www.wikidata.org/entity/Q7988202	P31	Q34770	instance-of
http://www.wikidata.org/entity/Q7997684	P31	Q34770	instance-of
http://www.wikidata.org/entity/Q79980	P31	Q515	instance-of
http://www.wikidata.org/entity/Q7998045	P31	Q34770	instance-of
http://www.wikidata.org/entity/Q79990	P31	Q515	instance-of
http://www.wikidata.org/entity/Q7999800	P31	Q34770	instance-of
http://www.wikidata.org/entity/Q800	P31	Q6256	instance-of
http://www.wikidata.org/entity/Q8000029	P31	Q34770	instance-of
http://www.wikidata.org/entity/Q801	P31	Q6256	instance-of
http://www.wikidata.org/entity/Q8011202	P31	Q515	instance-of
http://www.wikidata.org/entity/Q802	P31	Q515	instance-of
http://www.wikidata.org/entity/Q8026711	P31	Q34770	instance-of
http://www.wikidata.org/entity/Q8026955	P31	Q34770	instance-of
http://www.wikidata.org/entity/Q8027044	P31	Q34770	instance-of
http://www.wikidata.org/entity/Q8029061	P31	Q34770	instance-of
http://www.wikidata.org/entity/Q8029092	P31	Q34770	instance-of
http://www.wikidata.org/entity/Q8029096	P31	Q34770	instance-of
http://www.wikidata.org/entity/Q8029704	P31	Q34770	instance-of
http://www.wikidata.org/entity/Q8030620	P31	Q34770	instance-of
http://www.wikidata.org/entity/Q8031646	P31	Q34770	instance-of
http://www.wikidata.org/entity/Q8032058	P31	Q34770	instance-of
http://www.wikidata.org/entity/Q8034514	P31	Q34770	instance-of
http://www.wikidata.org/entity/Q8036912	P31	Q34770	instance-of
http://www.wikidata.org/entity/Q8039044	P31	Q34770	instance-of
http://www.wikidata.org/entity/Q804	P31	Q6256	instance-of
http://www.wikidata.org/entity/Q8042823	P31	Q34770	instance-of
http://www.wikidata.org/entity/Q8042887	P31	Q34770	instance-of
http://www.wikidata.org/entity/Q8042924	P31	Q34770	instance-of
http://www.wikidata.org/entity/Q8044353	P31	Q34770	instance-of
http://www.wikidata.org/entity/Q8044571	P31	Q34770	instance-of
http://www.wikidata.org/entity/Q8044745	P31	Q34770	instance-of
http://www.wikidata.org/entity/Q8044819	P31	Q34770	instance-of
http://www.wikidata.org/entity/Q8045299	P31	Q34770	instance-of
http://www.wikidata.org/entity/Q8045635	P31	Q34770	instance-of
http://www.wikidata.org/entity/Q8046372	P31	Q34770	instance-of
http://www.wikidata.org/entity/Q8046690	P31	Q34770	instance-of
http://www.wikidata.org/entity/Q8046792	P31	Q34770	instance-of
http://www.wikidata.org/entity/Q8047026	P31	Q34770	instance-of
http://www.wikidata.org/entity/Q8047041	P31	Q34770	instance-of
http://www.wikidata.org/entity/Q8047048	P31	Q34770	instance-of
http://www.wikidata.org/entity/Q8047298	P31	Q34770	instance-of
http://www.wikidata.org/entity/Q8047468	P31	Q34770	instance-of
http://www.wikidata.org/entity/Q8047534	P31	Q34770	instance-of
http://www.wikidata.org/entity/Q8048030	P31	Q34770	instance-of
http://www.wikidata.org/entity/Q8048316	P31	Q34770	instance-of
http://www.wikidata.org/entity/Q8048318	P31	Q34770	instance-of
http://www.wikidata.org/entity/Q8048335	P31	Q34770	instance-of
http://www.wikidata.org/entity/Q80484	P31	Q515	instance-of
http://www.wikidata.org/entity/Q8048537	P31	Q34770	instance-of
http://www.wikidata.org/entity/Q8048561	P31	Q34770	instance-of
http://www.wikidata.org/entity/Q8048601	P31	Q34770	instance-of
http://www.wikidata.org/entity/Q8048922	P31	Q34770	instance-of
http://www.wikidata.org/entity/Q8048928	P31	Q34770	instance-of
http://www.wikidata.org/entity/Q8049237	P31	Q34770	instance-of
http://www.wikidata.org/entity/Q8049590	P31	Q34770	instance-of
http://www.wikidata.org/entity/Q8049597	P31	Q34770	instance-of
http://www.wikidata.org/entity/Q8049598	P31	Q34770	instance-of
http://www.wikidata.org/entity/Q805	P31	Q6256	instance-of
http://www.wikidata.org/entity/Q8050300	P31	Q34770	instance-of
http://www.wikidata.org/entity/Q8050301	P31	Q34770	instance-of
http://www.wikidata.org/entity/Q8050328	P31	Q34770	instance-of
http://www.wikidata.org/entity/Q8050336	P31	Q34770	instance-of
http://www.wikidata.org/entity/Q8050347	P31	Q34770	instance-of
http://www.wikidata.org/entity/Q8050392	P31	Q34770	instance-of
http://www.wikidata.org/entity/Q8050463	P31	Q34770	instance-of
http://www.wikidata.org/entity/Q8050479	P31	Q34770	instance-of
http://www.wikidata.org/entity/Q8050525	P31	Q34770	instance-of
http://www.wikidata.org/entity/Q8050607	P31	Q34770	instance-of
http://www.wikidata.org/entity/Q8050724	P31	Q34770	instance-of
http://www.wikidata.org/entity/Q805122	P31	Q3918	instance-of
http://www.wikidata.org/entity/Q8052020	P31	Q34770	instance-of
http://www.wikidata.org/entity/Q8052024	P31	Q34770	instance-of
http://www.wikidata.org/entity/Q8052531	P31	Q34770	instance-of
http://www.wikidata.org/entity/Q8052565	P31	Q34770	instance-of
http://www.wikidata.org/entity/Q8052927	P31	Q34770	instance-of
http://www.wikidata.org/entity/Q8053020	P31	Q34770	instance-of
http://www.wikidata.org/entity/Q8053347	P31	Q34770	instance-of
http://www.wikidata.org/entity/Q8053734	P31	Q34770	instance-of
http://www.wikidata.org/entity/Q8053819	P31	Q34770	instance-of
http://www.wikidata.org/entity/Q8053828	P31	Q34770	instance-of
http://www.wikidata.org/entity/Q8053831	P31	Q34770	instance-of
http://www.wikidata.org/entity/Q8053879	P31	Q34770	instance-of
http://www.wikidata.org/entity/Q8054817	P31	Q34770	instance-of
http://www.wikidata.org/entity/Q8054983	P31	Q34770	instance-of
http://www.wikidata.org/entity/Q8055032	P31	Q34770	instance-of
http://www.wikidata.org/entity/Q805515	P31	Q515	instance-of
http://www.wikidata.org/entity/Q8055849	P31	Q34770	instance-of
http://www.wikidata.org/entity/Q8057765	P31	Q34770	instance-of
http://www.wikidata.org/entity/Q8060191	P31	Q34770	instance-of
http://www.wikidata.org/entity/Q8061062	P31	Q34770	instance-of
http://www.wikidata.org/entity/Q8061430	P31	Q34770	instance-of
http://www.wikidata.org/entity/Q8061440	P31	Q34770	instance-of
http://www.wikidata.org/entity/Q8063390	P31	Q34770	instance-of
http://www.wikidata.org/entity/Q8063754	P31	Q34770	instance-of
http://www.wikidata.org/entity/Q8066018	P31	Q34770	instance-of
http://www.wikidata.org/entity/Q8066220	P31	Q34770	instance-of
http://www.wikidata.org/entity/Q8066599	P31	Q34770	instance-of
http://www.wikidata.org/entity/Q8068234	P31	Q34770	instance-of
http://www.wikidata.org/entity/Q8068685	P31	Q34770	instance-of
http://www.wikidata.org/entity/Q8070885	P31	Q34770	instance-of
http://www.wikidata.org/entity/Q8071451	P31	Q34770	instance-of
http://www.wikidata.org/entity/Q8072097	P31	Q34770	instance-of
http://www.wikidata.org/entity/Q8072460	P31	Q34770	instance-of
http://www.wikidata.org/entity/Q8072753	P31	Q34770	instance-of
http://www.wikidata.org/entity/Q8072851	P31	Q34770	instance-of
http://www.wikidata.org/entity/Q8073148	P31	Q34770	instance-of
http://www.wikidata.org/entity/Q8074100	P31	Q34770	instance-of
http://www.wikidata.org/entity/Q8074520	P31	Q34770	instance-of
http://www.wikidata.org/entity/Q8078669	P31	Q34770	instance-of
http://www.wikidata.org/entity/Q8078975	P31	Q34770	instance-of
http://www.wikidata.org/entity/Q80985	P31	Q515	instance-of
http://www.wikidata.org/entity/Q80989	P31	Q515	instance-of
http://www.wikidata.org/entity/Q810	P31	Q6256	instance-of
http://www.wikidata.org/entity/Q810009	P31	Q9143	instance-of
http://www.wikidata.org/entity/Q81033	P31	Q515	instance-of
http://www.wikidata.org/entity/Q810378	P31	Q34770	instance-of
http://www.wikidata.org/entity/Q811	P31	Q6256	instance-of
http://www.wikidata.org/entity/Q81137	P31	Q515	instance-of
http://www.wikidata.org/entity/Q81294	P31	Q9143	instance-of
http://www.wikidata.org/entity/Q812964	P31	Q9143	instance-of
http://www.wikidata.org/entity/Q813	P31	Q6256	instance-of
http://www.wikidata.org/entity/Q81348	P31	Q9143	instance-of
http://www.wikidata.org/entity/Q81398	P31	Q515	instance-of
http://www.wikidata.org/entity/Q8141	P31	Q34770	instance-of
http://www.wikidata.org/entity/Q814269	P31	Q9143	instance-of
http://www.wikidata.org/entity/Q815352	P31	Q3918	instance-of
http://www.wikidata.org/entity/Q815721	P31	Q515	instance-of
http://www.wikidata.org/entity/Q81581	P31	Q515	instance-of
http://www.wikidata.org/entity/Q816145	P31	Q3918	instance-of
http://www.wikidata.org/entity/Q81621	P31	Q515	instance-of
http://www.wikidata.org/entity/Q816699	P31	Q515	instance-of
http://www.wikidata.org/entity/Q817	P31	Q6256	instance-of
http://www.wikidata.org/entity/Q817247	P31	Q515	instance-of
http://www.wikidata.org/entity/Q817578	P31	Q515	instance-of
http://www.wikidata.org/entity/Q81788	P31	Q515	instance-of
http://www.wikidata.org/entity/Q819	P31	Q6256	instance-of
http://www.wikidata.org/entity/Q820235	P31	Q515	instance-of
http://www.wikidata.org/entity/Q8202951	P31	Q34770	instance-of
http://www.wikidata.org/entity/Q82059	P31	Q43229	instance-of
http://www.wikidata.org/entity/Q82070	P31	Q515	instance-of
http://www.wikidata.org/entity/Q820887	P31	Q3918	instance-of
http://www.wikidata.org/entity/Q82185	P31	Q515	instance-of
http://www.wikidata.org/entity/Q822	P31	Q6256	instance-of
http://www.wikidata.org/entity/Q822679	P31	Q515	instance-of
http://www.wikidata.org/entity/Q824594	P31	Q515	instance-of
http://www.wikidata.org/entity/Q82500	P31	Q515	instance-of
http://www.wikidata.org/entity/Q826	P31	Q6256	instance-of
http://www.wikidata.org/entity/Q826068	P31	Q515	instance-of
http://www.wikidata.org/entity/Q82765	P31	Q515	instance-of
http://www.wikidata.org/entity/Q828742	P31	Q9143	instance-of
http://www.wikidata.org/entity/Q82960	P31	Q515	instance-of
http://www.wikidata.org/entity/Q83061	P31	Q515	instance-of
http://www.wikidata.org/entity/Q83065	P31	Q515	instance-of
http://www.wikidata.org/entity/Q830842	P31	Q9143	instance-of
http://www.wikidata.org/entity/Q83178	P31	Q515	instance-of
http://www.wikidata.org/entity/Q83189	P31	Q515	instance-of
http://www.wikidata.org/entity/Q832026	P31	Q34770	instance-of
http://www.wikidata.org/entity/Q83285	P31	Q515	instance-of
http://www.wikidata.org/entity/Q833	P31	Q6256	instance-of
http://www.wikidata.org/entity/Q833016	P31	Q515	instance-of
http://www.wikidata.org/entity/Q83317	P31	Q515	instance-of
http://www.wikidata.org/entity/Q83387	P31	Q515	instance-of
http://www.wikidata.org/entity/Q83495	P31	Q11424	instance-of
http://www.wikidata.org/entity/Q83531	P31	Q515	instance-of
http://www.wikidata.org/entity/Q835960	P31	Q3918	instance-of
http://www.wikidata.org/entity/Q836	P31	Q6256	instance-of
http://www.wikidata.org/entity/Q836805	P31	Q3918	instance-of
http://www.wikidata.org/entity/Q837	P31	Q6256	instance-of
http://www.wikidata.org/entity/Q837164	P31	Q3918	instance-of
http://www.wikidata.org/entity/Q837169	P31	Q34770	instance-of
http://www.wikidata.org/entity/Q83786	P31	Q515	instance-of
http://www.wikidata.org/entity/Q838062	P31	Q9143	instance-of
http://www.wikidata.org/entity/Q838165	P31	Q34770	instance-of
http://www.wikidata.org/entity/Q838954	P31	Q515	instance-of
http://www.wikidata.org/entity/Q839669	P31	Q3918	instance-of
http://www.wikidata.org/entity/Q84	P31	Q515	instance-of
http://www.wikidata.org/entity/Q840543	P31	Q9143	instance-of
http://www.wikidata.org/entity/Q840712	P31	Q515	instance-of
http://www.wikidata.org/entity/Q841704	P31	Q34770	instance-of
http://www.wikidata.org/entity/Q842	P31	Q6256	instance-of
http://www.wikidata.org/entity/Q842214	P31	Q482994	instance-of
http://www.wikidata.org/entity/Q842779	P31	Q515	instance-of
http://www.wikidata.org/entity/Q842869	P31	Q515	instance-of
http://www.wikidata.org/entity/Q843	P31	Q6256	instance-of
http://www.wikidata.org/entity/Q843138	P31	Q515	instance-of
http://www.wikidata.org/entity/Q844417	P31	Q515	instance-of
http://www.wikidata.org/entity/Q844430	P31	Q515	instance-of
http://www.wikidata.org/entity/Q844595	P31	Q9143	instance-of
http://www.wikidata.org/entity/Q845662	P31	Q515	instance-of
http://www.wikidata.org/entity/Q845720	P31	Q515	instance-of
http://www.wikidata.org/entity/Q845783	P31	Q482994	instance-of
http://www.wikidata.org/entity/Q846	P31	Q6256	instance-of
http://www.wikidata.org/entity/Q846502	P31	Q515	instance-of
http://www.wikidata.org/entity/Q847064	P31	Q34770	instance-of
http://www.wikidata.org/entity/Q8475	P31	Q43229	instance-of
http://www.wikidata.org/entity/Q848460	P31	Q9143	instance-of
http://www.wikidata.org/entity/Q848638	P31	Q515	instance-of
http://www.wikidata.org/entity/Q849146	P31	Q9143	instance-of
http://www.wikidata.org/entity/Q849524	P31	Q515	instance-of
http://www.wikidata.org/entity/Q849561	P31	Q515	instance-of
http://www.wikidata.org/entity/Q849751	P31	Q3918	instance-of
http://www.wikidata.org/entity/Q850247	P31	Q3918	instance-of
http://www.wikidata.org/entity/Q851	P31	Q6256	instance-of
http://www.wikidata.org/entity/Q851164	P31	Q3918	instance-of
http://www.wikidata.org/entity/Q85132032	P31	Q34770	instance-of
http://www.wikidata.org/entity/Q852276	P31	Q515	instance-of
http://www.wikidata.org/entity/Q85300	P31	Q3918	instance-of
http://www.wikidata.org/entity/Q853258	P31	Q515	instance-of
http://www.wikidata.org/entity/Q853414	P31	Q34770	instance-of
http://www.wikidata.org/entity/Q853785	P31	Q515	instance-of
http://www.wikidata.org/entity/Q854	P31	Q6256	instance-of
http://www.wikidata.org/entity/Q854280	P31	Q3918	instance-of
http://www.wikidata.org/entity/Q854333	P31	Q515	instance-of
http://www.wikidata.org/entity/Q85449	P31	Q3918	instance-of
http://www.wikidata.org/entity/Q855215	P31	Q34770	instance-of
http://www.wikidata.org/entity/Q855236	P31	Q34770	instance-of
http://www.wikidata.org/entity/Q85746016	P31	Q34770	instance-of
http://www.wikidata.org/entity/Q85760309	P31	Q34770	instance-of
http://www.wikidata.org/entity/Q85767165	P31	Q34770	instance-of
http://www.wikidata.org/entity/Q857858	P31	Q34770	instance-of
http://www.wikidata.org/entity/Q858	P31	Q6256	instance-of
http://www.wikidata.org/entity/Q85805206	P31	Q34770	instance-of
http://www.wikidata.org/entity/Q858750	P31	Q482994	instance-of
http://www.wikidata.org/entity/Q85970302	P31	Q34770	instance-of
http://www.wikidata.org/entity/Q860315	P31	Q34770	instance-of
http://www.wikidata.org/entity/Q860654	P31	Q9143	instance-of
http://www.wikidata.org/entity/Q862041	P31	Q515	instance-of
http://www.wikidata.org/entity/Q8621	P31	Q515	instance-of
http://www.wikidata.org/entity/Q863	P31	Q6256	instance-of
http://www.wikidata.org/entity/Q863721	P31	Q34770	instance-of
http://www.wikidata.org/entity/Q863726	P31	Q34770	instance-of
http://www.wikidata.org/entity/Q863813	P31	Q3918	instance-of
http://www.wikidata.org/entity/Q8646	P31	Q515	instance-of
http://www.wikidata.org/entity/Q865	P31	Q6256	instance-of
http://www.wikidata.org/entity/Q867086	P31	Q34770	instance-of
http://www.wikidata.org/entity/Q8673	P31	Q515	instance-of
http://www.wikidata.org/entity/Q867586	P31	Q515	instance-of
http://www.wikidata.org/entity/Q868203	P31	Q515	instance-of
http://www.wikidata.org/entity/Q8684	P31	Q515	instance-of
http://www.wikidata.org/entity/Q868631	P31	Q515	instance-of
http://www.wikidata.org/entity/Q869	P31	Q6256	instance-of
http://www.wikidata.org/entity/Q86919359	P31	Q482994	instance-of
http://www.wikidata.org/entity/Q8693	P31	Q515	instance-of
http://www.wikidata.org/entity/Q87	P31	Q515	instance-of
http://www.wikidata.org/entity/Q871369	P31	Q3918	instance-of
http://www.wikidata.org/entity/Q874	P31	Q6256	instance-of
http://www.wikidata.org/entity/Q875	P31	Q515	instance-of
http://www.wikidata.org/entity/Q876191	P31	Q515	instance-of
http://www.wikidata.org/entity/Q877925	P31	Q3918	instance-of
http://www.wikidata.org/entity/Q878	P31	Q6256	instance-of
http://www.wikidata.org/entity/Q8786	P31	Q34770	instance-of
http://www.wikidata.org/entity/Q88	P31	Q515	instance-of
http://www.wikidata.org/entity/Q880301	P31	Q34770	instance-of
http://www.wikidata.org/entity/Q881	P31	Q6256	instance-of
http://www.wikidata.org/entity/Q8821	P31	Q34770	instance-of
http://www.wikidata.org/entity/Q8826	P31	Q515	instance-of
http://www.wikidata.org/entity/Q8826802	P31	Q34770	instance-of
http://www.wikidata.org/entity/Q8827053	P31	Q34770	instance-of
http://www.wikidata.org/entity/Q8828787	P31	Q34770	instance-of
http://www.wikidata.org/entity/Q8829831	P31	Q34770	instance-of
http://www.wikidata.org/entity/Q8836490	P31	Q34770	instance-of
http://www.wikidata.org/entity/Q8836662	P31	Q34770	instance-of
http://www.wikidata.org/entity/Q884	P31	Q6256	instance-of
http://www.wikidata.org/entity/Q8840465	P31	Q34770	instance-of
http://www.wikidata.org/entity/Q8841054	P31	Q34770	instance-of
http://www.wikidata.org/entity/Q8841168	P31	Q34770	instance-of
http://www.wikidata.org/entity/Q8842027	P31	Q34770	instance-of
http://www.wikidata.org/entity/Q8842355	P31	Q34770	instance-of
http://www.wikidata.org/entity/Q8842956	P31	Q34770	instance-of
http://www.wikidata.org/entity/Q8843040	P31	Q34770	instance-of
http://www.wikidata.org/entity/Q8843664	P31	Q34770	instance-of
http://www.wikidata.org/entity/Q8844749	P31	Q34770	instance-of
http://www.wikidata.org/entity/Q8845514	P31	Q34770	instance-of
http://www.wikidata.org/entity/Q8845881	P31	Q34770	instance-of
http://www.wikidata.org/entity/Q889	P31	Q6256	instance-of
http://www.wikidata.org/entity/Q890884	P31	Q3918	instance-of
http://www.wikidata.org/entity/Q892948	P31	Q9143	instance-of
http://www.wikidata.org/entity/Q895194	P31	Q34770	instance-of
http://www.wikidata.org/entity/Q8969	P31	Q515	instance-of
http://www.wikidata.org/entity/Q9006723	P31	Q34770	instance-of
http://www.wikidata.org/entity/Q9006747	P31	Q34770	instance-of
http://www.wikidata.org/entity/Q902	P31	Q6256	instance-of
http://www.wikidata.org/entity/Q9027	P31	Q34770	instance-of
http://www.wikidata.org/entity/Q903092	P31	Q3918	instance-of
http://www.wikidata.org/entity/Q9040772	P31	Q34770	instance-of
http://www.wikidata.org/entity/Q9043	P31	Q34770	instance-of
http://www.wikidata.org/entity/Q9051	P31	Q34770	instance-of
http://www.wikidata.org/entity/Q9058	P31	Q34770	instance-of
http://www.wikidata.org/entity/Q906	P31	Q515	instance-of
http://www.wikidata.org/entity/Q9067	P31	Q34770	instance-of
http://www.wikidata.org/entity/Q9078	P31	Q34770	instance-of
http://www.wikidata.org/entity/Q9083	P31	Q34770	instance-of
http://www.wikidata.org/entity/Q9091	P31	Q34770	instance-of
http://www.wikidata.org/entity/Q912	P31	Q6256	instance-of
http://www.wikidata.org/entity/Q914077	P31	Q34770	instance-of
http://www.wikidata.org/entity/Q91540	P31	Q11424	instance-of
http://www.wikidata.org/entity/Q916	P31	Q6256	instance-of
http://www.wikidata.org/entity/Q9168	P31	Q34770	instance-of
http://www.wikidata.org/entity/Q917	P31	Q6256	instance-of
http://www.wikidata.org/entity/Q9192	P31	Q34770	instance-of
http://www.wikidata.org/entity/Q9205	P31	Q34770	instance-of
http://www.wikidata.org/entity/Q921	P31	Q6256	instance-of
http://www.wikidata.org/entity/Q9211	P31	Q34770	instance-of
http://www.wikidata.org/entity/Q921304	P31	Q34770	instance-of
http://www.wikidata.org/entity/Q92161	P31	Q515	instance-of
http://www.wikidata.org/entity/Q9217	P31	Q34770	instance-of
http://www.wikidata.org/entity/Q92212	P31	Q515	instance-of
http://www.wikidata.org/entity/Q9228931	P31	Q34770	instance-of
http://www.wikidata.org/entity/Q9229570	P31	Q34770	instance-of
http://www.wikidata.org/entity/Q9232446	P31	Q34770	instance-of
http://www.wikidata.org/entity/Q923610	P31	Q3918	instance-of
http://www.wikidata.org/entity/Q9237	P31	Q34770	instance-of
http://www.wikidata.org/entity/Q924	P31	Q6256	instance-of
http://www.wikidata.org/entity/Q9240	P31	Q34770	instance-of
http://www.wikidata.org/entity/Q924405	P31	Q34770	instance-of
http://www.wikidata.org/entity/Q92561	P31	Q515	instance-of
http://www.wikidata.org/entity/Q926551	P31	Q34770	instance-of
http://www.wikidata.org/entity/Q926742	P31	Q34770	instance-of
http://www.wikidata.org/entity/Q9270	P31	Q515	instance-of
http://www.wikidata.org/entity/Q9279	P31	Q515	instance-of
http://www.wikidata.org/entity/Q928	P31	Q6256	instance-of
http://www.wikidata.org/entity/Q9288	P31	Q34770	instance-of
http://www.wikidata.org/entity/Q929	P31	Q6256	instance-of
http://www.wikidata.org/entity/Q9296	P31	Q34770	instance-of
http://www.wikidata.org/entity/Q9299	P31	Q34770	instance-of
http://www.wikidata.org/entity/Q930528	P31	Q3918	instance-of
http://www.wikidata.org/entity/Q930579	P31	Q34770	instance-of
http://www.wikidata.org/entity/Q9307	P31	Q34770	instance-of
http://www.wikidata.org/entity/Q93230	P31	Q515	instance-of
http://www.wikidata.org/entity/Q932886	P31	Q515	instance-of
http://www.wikidata.org/entity/Q932901	P31	Q515	instance-of
http://www.wikidata.org/entity/Q93323	P31	Q515	instance-of
http://www.wikidata.org/entity/Q9333703	P31	Q34770	instance-of
http://www.wikidata.org/entity/Q93338	P31	Q515	instance-of
http://www.wikidata.org/entity/Q9344891	P31	Q34770	instance-of
http://www.wikidata.org/entity/Q934541	P31	Q34770	instance-of
http://www.wikidata.org/entity/Q9347	P31	Q515	instance-of
http://www.wikidata.org/entity/Q934738	P31	Q34770	instance-of
http://www.wikidata.org/entity/Q93482	P31	Q9143	instance-of
http://www.wikidata.org/entity/Q935886	P31	Q515	instance-of
http://www.wikidata.org/entity/Q9365	P31	Q515	instance-of
http://www.wikidata.org/entity/Q940486	P31	Q34770	instance-of
http://www.wikidata.org/entity/Q940919	P31	Q3918	instance-of
http://www.wikidata.org/entity/Q942591	P31	Q34770	instance-of
http://www.wikidata.org/entity/Q9427	P31	Q515	instance-of
http://www.wikidata.org/entity/Q943759	P31	Q3918	instance-of
http://www.wikidata.org/entity/Q94473	P31	Q3918	instance-of
http://www.wikidata.org/entity/Q945	P31	Q6256	instance-of
http://www.wikidata.org/entity/Q945482	P31	Q34770	instance-of
http://www.wikidata.org/entity/Q945748	P31	Q34770	instance-of
http://www.wikidata.org/entity/Q946143	P31	Q515	instance-of
http://www.wikidata.org/entity/Q947171	P31	Q9143	instance-of
http://www.wikidata.org/entity/Q948	P31	Q6256	instance-of
http://www.wikidata.org/entity/Q948514	P31	Q34770	instance-of
http://www.wikidata.org/entity/Q949746	P31	Q515	instance-of
http://www.wikidata.org/entity/Q951305	P31	Q3918	instance-of
http://www.wikidata.org/entity/Q952133	P31	Q34770	instance-of
http://www.wikidata.org/entity/Q953	P31	Q6256	instance-of
http://www.wikidata.org/entity/Q953421	P31	Q3918	instance-of
http://www.wikidata.org/entity/Q954	P31	Q6256	instance-of
http://www.wikidata.org/entity/Q954035	P31	Q3918	instance-of
http://www.wikidata.org/entity/Q954916	P31	Q34770	instance-of
http://www.wikidata.org/entity/Q955609	P31	Q3918	instance-of
http://www.wikidata.org/entity/Q956	P31	Q515	instance-of
http://www.wikidata.org/entity/Q956117	P31	Q515	instance-of
http://www.wikidata.org/entity/Q957945	P31	Q34770	instance-of
http://www.wikidata.org/entity/Q958	P31	Q6256	instance-of
http://www.wikidata.org/entity/Q959	P31	Q515	instance-of
http://www.wikidata.org/entity/Q96	P31	Q6256	instance-of
http://www.wikidata.org/entity/Q961543	P31	Q9143	instance-of
http://www.wikidata.org/entity/Q961982	P31	Q3918	instance-of
http://www.wikidata.org/entity/Q962	P31	Q6256	instance-of
http://www.wikidata.org/entity/Q96238391	P31	Q34770	instance-of
http://www.wikidata.org/entity/Q962392	P31	Q34770	instance-of
http://www.wikidata.org/entity/Q9627356	P31	Q34770	instance-of
http://www.wikidata.org/entity/Q963	P31	Q6256	instance-of
http://www.wikidata.org/entity/Q963636	P31	Q34770	instance-of
http://www.wikidata.org/entity/Q965	P31	Q6256	instance-of
http://www.wikidata.org/entity/Q966303	P31	Q34770	instance-of
http://www.wikidata.org/entity/Q966883	P31	Q34770	instance-of
http://www.wikidata.org/entity/Q967	P31	Q6256	instance-of
http://www.wikidata.org/entity/Q967031	P31	Q34770	instance-of
http://www.wikidata.org/entity/Q970	P31	Q6256	instance-of
http://www.wikidata.org/entity/Q971	P31	Q6256	instance-of
http://www.wikidata.org/entity/Q973097	P31	Q9143	instance-of
http://www.wikidata.org/entity/Q973685	P31	Q34770	instance-of
http://www.wikidata.org/entity/Q974	P31	Q6256	instance-of
http://www.wikidata.org/entity/Q974328	P31	Q3918	instance-of
http://www.wikidata.org/entity/Q975399	P31	Q34770	instance-of
http://www.wikidata.org/entity/Q975594	P31	Q9143	instance-of
http://www.wikidata.org/entity/Q97573477	P31	Q34770	instance-of
http://www.wikidata.org/entity/Q97620733	P31	Q482994	instance-of
http://www.wikidata.org/entity/Q976953	P31	Q34770	instance-of
http://www.wikidata.org/entity/Q977	P31	Q6256	instance-of
http://www.wikidata.org/entity/Q977255	P31	Q515	instance-of
http://www.wikidata.org/entity/Q977781	P31	Q3918	instance-of
http://www.wikidata.org/entity/Q977808	P31	Q34770	instance-of
http://www.wikidata.org/entity/Q978185	P31	Q9143	instance-of
http://www.wikidata.org/entity/Q9783	P31	Q515	instance-of
http://www.wikidata.org/entity/Q9824	P31	Q515	instance-of
http://www.wikidata.org/entity/Q983	P31	Q6256	instance-of
http://www.wikidata.org/entity/Q983540	P31	Q515	instance-of
http://www.wikidata.org/entity/Q9844	P31	Q515	instance-of
http://www.wikidata.org/entity/Q986	P31	Q6256	instance-of
http://www.wikidata.org/entity/Q9863	P31	Q515	instance-of
http://www.wikidata.org/entity/Q986984	P31	Q515	instance-of
http://www.wikidata.org/entity/Q9885	P31	Q515	instance-of
http://www.wikidata.org/entity/Q9918	P31	Q515	instance-of
http://www.wikidata.org/entity/Q9920	P31	Q515	instance-of
http://www.wikidata.org/entity/Q992830	P31	Q3918	instance-of
http://www.wikidata.org/entity/Q994	P31	Q515	instance-of
http://www.wikidata.org/entity/Q994514	P31	Q515	instance-of
http://www.wikidata.org/entity/Q99457246	P31	Q34770	instance-of
http://www.wikidata.org/entity/Q995265	P31	Q3918	instance-of
http://www.wikidata.org/entity/Q9954	P31	Q515	instance-of
http://www.wikidata.org/entity/Q9974	P31	Q515	instance-of
