sourceEntityId	propertyId	targetEntityId	relationLabel
Q1000	P31	Q6256	instance-of
Q10006	P31	Q515	instance-of
Q10014	P31	Q515	instance-of
Q100148307	P31	Q34770	instance-of
Q100188	P31	Q515	instance-of
Q100271134	P31	Q34770	instance-of
Q1002956	P31	Q34770	instance-of
Q1002996	P31	Q9143	instance-of
Q1003496	P31	Q515	instance-of
Q1005	P31	Q6256	instance-of
Q1006	P31	Q6256	instance-of
Q1007	P31	Q6256	instance-of
Q1008	P31	Q6256	instance-of
Q10086	P31	Q515	instance-of
Q1009	P31	Q6256	instance-of
Q1011	P31	Q6256	instance-of
Q1012	P31	Q515	instance-of
Q101254	P31	Q515	instance-of
Q1013	P31	Q6256	instance-of
Q1014	P31	Q6256	instance-of
Q101418	P31	Q515	instance-of
Q1015	P31	Q515	instance-of
Q101530	P31	Q515	instance-of
Q101541409	P31	Q34770	instance-of
Q1016	P31	Q6256	instance-of
Q1017152	P31	Q34770	instance-of
Q10179	P31	Q34770	instance-of
Q1019	P31	Q6256	instance-of
Q10195	P31	Q34770	instance-of
Q10199	P31	Q34770	instance-of
Q1020	P31	Q6256	instance-of
Q10206	P31	Q34770	instance-of
Q1021	P31	Q515	instance-of
Q102119757	P31	Q34770	instance-of
Q102225	P31	Q11424	instance-of
Q1022268	P31	Q9143	instance-of
Q102235	P31	Q11424	instance-of
Q102244	P31	Q11424	instance-of
Q1022488	P31	Q515	instance-of
Q102252955	P31	Q34770	instance-of
Q102317	P31	Q515	instance-of
Q102350	P31	Q515	instance-of
Q102397	P31	Q515	instance-of
Q1023991	P31	Q9143	instance-of
Q102438	P31	Q11424	instance-of
Q102448	P31	Q11424	instance-of
Q102469	P31	Q515	instance-of
Q1025	P31	Q6256	instance-of
Q10266010	P31	Q34770	instance-of
Q10266012	P31	Q34770	instance-of
Q102682	P31	Q515	instance-of
Q1027	P31	Q6256	instance-of
Q102737	P31	Q515	instance-of
Q1028	P31	Q6256	instance-of
Q1029	P31	Q6256	instance-of
Q1030	P31	Q6256	instance-of
Q103011	P31	Q515	instance-of
Q1031803	P31	Q3918	instance-of
Q1032	P31	Q6256	instance-of
Q10322066	P31	Q34770	instance-of
Q10322118	P31	Q34770	instance-of
Q10322127	P31	Q34770	instance-of
Q10322149	P31	Q34770	instance-of
Q10322157	P31	Q34770	instance-of
Q1032453	P31	Q34770	instance-of
Q1033	P31	Q6256	instance-of
Q103474	P31	Q11424	instance-of
Q103569	P31	Q11424	instance-of
Q1036	P31	Q6256	instance-of
Q1037	P31	Q6256	instance-of
Q103717	P31	Q515	instance-of
Q103725	P31	Q515	instance-of
Q103892	P31	Q515	instance-of
Q1039	P31	Q6256	instance-of
Q1039346	P31	Q34770	instance-of
Q10408315	P31	Q34770	instance-of
Q1041	P31	Q6256	instance-of
Q104123	P31	Q11424	instance-of
Q1041765	P31	Q34770	instance-of
Q1042	P31	Q6256	instance-of
Q104224080	P31	Q34770	instance-of
Q1042397	P31	Q9143	instance-of
Q10425920	P31	Q34770	instance-of
Q10427485	P31	Q34770	instance-of
Q104302	P31	Q515	instance-of
Q10433128	P31	Q34770	instance-of
Q1043515	P31	Q34770	instance-of
Q1044	P31	Q6256	instance-of
Q10441336	P31	Q34770	instance-of
Q1045	P31	Q6256	instance-of
Q10465931	P31	Q34770	instance-of
Q10467281	P31	Q34770	instance-of
Q10470289	P31	Q34770	instance-of
Q104712	P31	Q515	instance-of
Q104720	P31	Q515	instance-of
Q104725	P31	Q515	instance-of
Q1047293	P31	Q3918	instance-of
Q104731	P31	Q515	instance-of
Q104740	P31	Q515	instance-of
Q10474818	P31	Q34770	instance-of
Q104834820	P31	Q34770	instance-of
Q104841730	P31	Q34770	instance-of
Q104842001	P31	Q34770	instance-of
Q1048461	P31	Q3918	instance-of
Q10488401	P31	Q34770	instance-of
Q1049	P31	Q6256	instance-of
Q10495601	P31	Q34770	instance-of
Q1049708	P31	Q9143	instance-of
Q1050	P31	Q6256	instance-of
Q10502327	P31	Q34770	instance-of
Q105031	P31	Q11424	instance-of
Q105037	P31	Q515	instance-of
Q105048	P31	Q515	instance-of
Q105060	P31	Q515	instance-of
Q105061442	P31	Q34770	instance-of
Q105062703	P31	Q34770	instance-of
Q105084	P31	Q515	instance-of
Q105092416	P31	Q34770	instance-of
Q10510360	P31	Q34770	instance-of
Q10510745	P31	Q34770	instance-of
Q10510783	P31	Q34770	instance-of
Q10511001	P31	Q34770	instance-of
Q10511004	P31	Q34770	instance-of
Q10511016	P31	Q34770	instance-of
Q10511225	P31	Q34770	instance-of
Q10511230	P31	Q34770	instance-of
Q105150962	P31	Q34770	instance-of
Q105161535	P31	Q34770	instance-of
Q105196606	P31	Q34770	instance-of
Q105196607	P31	Q34770	instance-of
Q105196677	P31	Q34770	instance-of
Q105198599	P31	Q34770	instance-of
Q105198600	P31	Q34770	instance-of
Q105198636	P31	Q34770	instance-of
Q105198637	P31	Q34770	instance-of
Q105198681	P31	Q34770	instance-of
Q105198682	P31	Q34770	instance-of
Q105198683	P31	Q34770	instance-of
Q105198744	P31	Q34770	instance-of
Q1052614	P31	Q3918	instance-of
Q105288428	P31	Q34770	instance-of
Q105320180	P31	Q34770	instance-of
Q1053535	P31	Q9143	instance-of
Q10535532	P31	Q34770	instance-of
Q105360304	P31	Q34770	instance-of
Q105394037	P31	Q34770	instance-of
Q10543322	P31	Q34770	instance-of
Q1054365	P31	Q9143	instance-of
Q105453097	P31	Q34770	instance-of
Q10547021	P31	Q34770	instance-of
Q10549839	P31	Q34770	instance-of
Q10549849	P31	Q34770	instance-of
Q10549851	P31	Q34770	instance-of
Q10549852	P31	Q34770	instance-of
Q10549854	P31	Q34770	instance-of
Q10550183	P31	Q34770	instance-of
Q10550184	P31	Q34770	instance-of
Q10550697	P31	Q34770	instance-of
Q10551249	P31	Q34770	instance-of
Q1055287	P31	Q34770	instance-of
Q105582944	P31	Q34770	instance-of
Q1056057	P31	Q9143	instance-of
Q105627498	P31	Q34770	instance-of
Q1056373	P31	Q3918	instance-of
Q10566515	P31	Q34770	instance-of
Q105677219	P31	Q34770	instance-of
Q1057199	P31	Q3918	instance-of
Q10575155	P31	Q34770	instance-of
Q10575729	P31	Q34770	instance-of
Q10576334	P31	Q34770	instance-of
Q10576338	P31	Q34770	instance-of
Q10576387	P31	Q34770	instance-of
Q10576453	P31	Q34770	instance-of
Q10577017	P31	Q34770	instance-of
Q10577273	P31	Q34770	instance-of
Q10577274	P31	Q34770	instance-of
Q10577424	P31	Q34770	instance-of
Q10577443	P31	Q34770	instance-of
Q10577501	P31	Q34770	instance-of
Q10577724	P31	Q34770	instance-of
Q10577823	P31	Q34770	instance-of
Q1057802	P31	Q9143	instance-of
Q1057898	P31	Q34770	instance-of
Q10586712	P31	Q34770	instance-of
Q10590149	P31	Q34770	instance-of
Q105953310	P31	Q34770	instance-of
Q10600380	P31	Q34770	instance-of
Q10600396	P31	Q34770	instance-of
Q10600723	P31	Q34770	instance-of
Q10604066	P31	Q34770	instance-of
Q10604222	P31	Q34770	instance-of
Q10604331	P31	Q34770	instance-of
Q106103295	P31	Q34770	instance-of
Q1062121	P31	Q3918	instance-of
Q106274	P31	Q515	instance-of
Q106316	P31	Q11424	instance-of
Q10631927	P31	Q34770	instance-of
Q10632026	P31	Q34770	instance-of
Q10632195	P31	Q34770	instance-of
Q1063665	P31	Q3918	instance-of
Q106398670	P31	Q34770	instance-of
Q1064482	P31	Q34770	instance-of
Q1064516	P31	Q9143	instance-of
Q1064573	P31	Q3918	instance-of
Q1065414	P31	Q3918	instance-of
Q106554801	P31	Q34770	instance-of
Q106554892	P31	Q34770	instance-of
Q106562519	P31	Q34770	instance-of
Q106583	P31	Q515	instance-of
Q106608619	P31	Q34770	instance-of
Q106638475	P31	Q34770	instance-of
Q1067540	P31	Q9143	instance-of
Q1067986	P31	Q34770	instance-of
Q1068097	P31	Q34770	instance-of
Q1068112	P31	Q34770	instance-of
Q10686	P31	Q515	instance-of
Q106896	P31	Q515	instance-of
Q10690	P31	Q515	instance-of
Q106919818	P31	Q34770	instance-of
Q106920085	P31	Q34770	instance-of
Q106934583	P31	Q34770	instance-of
Q1069994	P31	Q3918	instance-of
Q1070391	P31	Q34770	instance-of
Q10706951	P31	Q34770	instance-of
Q107086896	P31	Q34770	instance-of
Q107086981	P31	Q34770	instance-of
Q107087480	P31	Q34770	instance-of
Q107094	P31	Q515	instance-of
Q10710522	P31	Q34770	instance-of
Q107106	P31	Q515	instance-of
Q10713	P31	Q34770	instance-of
Q1071609	P31	Q3918	instance-of
Q10717	P31	Q515	instance-of
Q107175785	P31	Q34770	instance-of
Q10719025	P31	Q34770	instance-of
Q10719289	P31	Q34770	instance-of
Q10720035	P31	Q34770	instance-of
Q10720036	P31	Q34770	instance-of
Q10720037	P31	Q34770	instance-of
Q10720039	P31	Q34770	instance-of
Q10720045	P31	Q34770	instance-of
Q10720050	P31	Q34770	instance-of
Q1072029	P31	Q3918	instance-of
Q107212528	P31	Q34770	instance-of
Q107222330	P31	Q34770	instance-of
Q10723405	P31	Q34770	instance-of
Q10723416	P31	Q34770	instance-of
Q10723454	P31	Q34770	instance-of
Q10723541	P31	Q34770	instance-of
Q10723597	P31	Q34770	instance-of
Q107258515	P31	Q6256	instance-of
Q107283523	P31	Q34770	instance-of
Q10729616	P31	Q34770	instance-of
Q107313245	P31	Q34770	instance-of
Q107388730	P31	Q34770	instance-of
Q107388867	P31	Q34770	instance-of
Q107398	P31	Q515	instance-of
Q107401	P31	Q515	instance-of
Q1074103	P31	Q3918	instance-of
Q107410460	P31	Q34770	instance-of
Q107427036	P31	Q34770	instance-of
Q107452086	P31	Q34770	instance-of
Q10751739	P31	Q34770	instance-of
Q107548681	P31	Q34770	instance-of
Q107582	P31	Q515	instance-of
Q1076606	P31	Q3918	instance-of
Q107675540	P31	Q34770	instance-of
Q107694220	P31	Q34770	instance-of
Q10771067	P31	Q34770	instance-of
Q107718199	P31	Q34770	instance-of
Q107722582	P31	Q34770	instance-of
Q107722584	P31	Q34770	instance-of
Q107722588	P31	Q34770	instance-of
Q107722590	P31	Q34770	instance-of
Q107722594	P31	Q34770	instance-of
Q107722596	P31	Q34770	instance-of
Q107722597	P31	Q34770	instance-of
Q107722599	P31	Q34770	instance-of
Q107722601	P31	Q34770	instance-of
Q107722602	P31	Q34770	instance-of
Q1077450	P31	Q34770	instance-of
Q107752469	P31	Q34770	instance-of
Q108099871	P31	Q34770	instance-of
Q108155	P31	Q515	instance-of
Q108223	P31	Q515	instance-of
Q1083	P31	Q515	instance-of
Q1083015	P31	Q34770	instance-of
Q108672	P31	Q515	instance-of
Q108679	P31	Q515	instance-of
Q10868363	P31	Q34770	instance-of
Q10882115	P31	Q34770	instance-of
Q108839994	P31	Q11424	instance-of
Q10884275	P31	Q34770	instance-of
Q108864467	P31	Q34770	instance-of
Q108887937	P31	Q34770	instance-of
Q1089069	P31	Q34770	instance-of
Q1089116	P31	Q34770	instance-of
Q1089151	P31	Q34770	instance-of
Q109092	P31	Q515	instance-of
Q1091095	P31	Q34770	instance-of
Q109116	P31	Q11424	instance-of
Q10913056	P31	Q34770	instance-of
Q109165661	P31	Q34770	instance-of
Q10919956	P31	Q34770	instance-of
Q109214	P31	Q482994	instance-of
Q109252766	P31	Q34770	instance-of
Q109256570	P31	Q34770	instance-of
Q109297657	P31	Q34770	instance-of
Q1093206	P31	Q34770	instance-of
Q109322418	P31	Q34770	instance-of
Q10933770	P31	Q34770	instance-of
Q109361777	P31	Q34770	instance-of
Q109386	P31	Q515	instance-of
Q109401654	P31	Q34770	instance-of
Q1094046	P31	Q3918	instance-of
Q10941068	P31	Q34770	instance-of
Q109421960	P31	Q34770	instance-of
Q109431506	P31	Q34770	instance-of
Q1094742	P31	Q3918	instance-of
Q10948482	P31	Q34770	instance-of
Q10949828	P31	Q34770	instance-of
Q10950308	P31	Q34770	instance-of
Q10950354	P31	Q34770	instance-of
Q10950421	P31	Q34770	instance-of
Q10950633	P31	Q34770	instance-of
Q10951226	P31	Q34770	instance-of
Q10951553	P31	Q34770	instance-of
Q10951638	P31	Q34770	instance-of
Q109535	P31	Q515	instance-of
Q109537502	P31	Q34770	instance-of
Q109545809	P31	Q34770	instance-of
Q1095608	P31	Q9143	instance-of
Q10957277	P31	Q34770	instance-of
Q10958896	P31	Q34770	instance-of
Q10961003	P31	Q34770	instance-of
Q10961665	P31	Q34770	instance-of
Q10961975	P31	Q34770	instance-of
Q10962292	P31	Q34770	instance-of
Q10962298	P31	Q34770	instance-of
Q10962309	P31	Q34770	instance-of
Q10962316	P31	Q34770	instance-of
Q10962737	P31	Q34770	instance-of
Q10963134	P31	Q34770	instance-of
Q10964025	P31	Q34770	instance-of
Q10973260	P31	Q34770	instance-of
Q10974017	P31	Q34770	instance-of
Q10974879	P31	Q34770	instance-of
Q10975121	P31	Q34770	instance-of
Q10975286	P31	Q34770	instance-of
Q10975356	P31	Q34770	instance-of
Q10975396	P31	Q34770	instance-of
Q10975611	P31	Q34770	instance-of
Q10977626	P31	Q34770	instance-of
Q10977716	P31	Q34770	instance-of
Q10977737	P31	Q34770	instance-of
Q10990152	P31	Q34770	instance-of
Q10994953	P31	Q34770	instance-of
Q10997740	P31	Q34770	instance-of
Q10998997	P31	Q34770	instance-of
Q110011	P31	Q515	instance-of
Q11001650	P31	Q34770	instance-of
Q11001714	P31	Q34770	instance-of
Q11001730	P31	Q34770	instance-of
Q11001739	P31	Q34770	instance-of
Q11001779	P31	Q34770	instance-of
Q11001788	P31	Q34770	instance-of
Q11002185	P31	Q34770	instance-of
Q11002210	P31	Q34770	instance-of
Q11002622	P31	Q34770	instance-of
Q11002851	P31	Q34770	instance-of
Q11002891	P31	Q34770	instance-of
Q11002922	P31	Q34770	instance-of
Q11003249	P31	Q34770	instance-of
Q11003311	P31	Q34770	instance-of
Q11003401	P31	Q34770	instance-of
Q11003439	P31	Q34770	instance-of
Q11003832	P31	Q34770	instance-of
Q11003859	P31	Q34770	instance-of
Q11004163	P31	Q34770	instance-of
Q11004218	P31	Q34770	instance-of
Q11004334	P31	Q34770	instance-of
Q11004666	P31	Q34770	instance-of
Q11004988	P31	Q34770	instance-of
Q11005332	P31	Q34770	instance-of
Q11005360	P31	Q34770	instance-of
Q11006056	P31	Q34770	instance-of
Q11006344	P31	Q34770	instance-of
Q11006832	P31	Q34770	instance-of
Q11007144	P31	Q34770	instance-of
Q11008159	P31	Q34770	instance-of
Q11008162	P31	Q34770	instance-of
Q11008360	P31	Q34770	instance-of
Q11008431	P31	Q34770	instance-of
Q11008568	P31	Q34770	instance-of
Q11008893	P31	Q34770	instance-of
Q11009194	P31	Q34770	instance-of
Q11009787	P31	Q34770	instance-of
Q11010149	P31	Q34770	instance-of
Q11010279	P31	Q34770	instance-of
Q11010783	P31	Q34770	instance-of
Q11011295	P31	Q34770	instance-of
Q11011389	P31	Q34770	instance-of
Q11011614	P31	Q34770	instance-of
Q11011870	P31	Q34770	instance-of
Q11011905	P31	Q34770	instance-of
Q11011951	P31	Q34770	instance-of
Q11013108	P31	Q34770	instance-of
Q11015105	P31	Q34770	instance-of
Q11015189	P31	Q34770	instance-of
Q11015820	P31	Q34770	instance-of
Q11016572	P31	Q34770	instance-of
Q11016905	P31	Q34770	instance-of
Q11017275	P31	Q34770	instance-of
Q11017443	P31	Q34770	instance-of
Q11018863	P31	Q34770	instance-of
Q11018949	P31	Q34770	instance-of
Q11019169	P31	Q34770	instance-of
Q11019185	P31	Q34770	instance-of
Q11019342	P31	Q34770	instance-of
Q11020264	P31	Q34770	instance-of
Q110218	P31	Q515	instance-of
Q11022615	P31	Q34770	instance-of
Q110245403	P31	Q34770	instance-of
Q11024697	P31	Q34770	instance-of
Q110251921	P31	Q34770	instance-of
Q110251938	P31	Q34770	instance-of
Q110276967	P31	Q34770	instance-of
Q11028619	P31	Q34770	instance-of
Q11028905	P31	Q34770	instance-of
Q11028974	P31	Q34770	instance-of
Q11029540	P31	Q34770	instance-of
Q11029738	P31	Q34770	instance-of
Q11030092	P31	Q34770	instance-of
Q11030685	P31	Q34770	instance-of
Q11030947	P31	Q34770	instance-of
Q11031321	P31	Q34770	instance-of
Q11031936	P31	Q34770	instance-of
Q11031964	P31	Q34770	instance-of
Q11033316	P31	Q34770	instance-of
Q11033658	P31	Q34770	instance-of
Q11033939	P31	Q34770	instance-of
Q11034212	P31	Q34770	instance-of
Q110413172	P31	Q34770	instance-of
Q11042324	P31	Q34770	instance-of
Q11043625	P31	Q34770	instance-of
Q11044246	P31	Q34770	instance-of
Q11044384	P31	Q34770	instance-of
Q11051591	P31	Q34770	instance-of
Q11052867	P31	Q34770	instance-of
Q11055484	P31	Q34770	instance-of
Q11056292	P31	Q34770	instance-of
Q11057478	P31	Q34770	instance-of
Q11061452	P31	Q34770	instance-of
Q110639824	P31	Q34770	instance-of
Q110653891	P31	Q34770	instance-of
Q1106819	P31	Q9143	instance-of
Q11072231	P31	Q34770	instance-of
Q110732	P31	Q515	instance-of
Q110736458	P31	Q34770	instance-of
Q110736897	P31	Q34770	instance-of
Q110736942	P31	Q34770	instance-of
Q110737014	P31	Q34770	instance-of
Q110737051	P31	Q34770	instance-of
Q110737080	P31	Q34770	instance-of
Q110812703	P31	Q34770	instance-of
Q1108934	P31	Q34770	instance-of
Q110903647	P31	Q34770	instance-of
Q11092831	P31	Q34770	instance-of
Q1109927	P31	Q34770	instance-of
Q1110149	P31	Q34770	instance-of
Q11110766	P31	Q34770	instance-of
Q11120157	P31	Q34770	instance-of
Q11120312	P31	Q34770	instance-of
Q11124792	P31	Q34770	instance-of
Q11126081	P31	Q34770	instance-of
Q11127231	P31	Q34770	instance-of
Q11128329	P31	Q34770	instance-of
Q11128374	P31	Q34770	instance-of
Q111285901	P31	Q34770	instance-of
Q11128658	P31	Q34770	instance-of
Q11128810	P31	Q34770	instance-of
Q11128833	P31	Q34770	instance-of
Q11128866	P31	Q34770	instance-of
Q11129508	P31	Q34770	instance-of
Q11129517	P31	Q34770	instance-of
Q11129537	P31	Q34770	instance-of
Q11129694	P31	Q34770	instance-of
Q11129733	P31	Q34770	instance-of
Q11130292	P31	Q34770	instance-of
Q11130307	P31	Q34770	instance-of
Q11130787	P31	Q34770	instance-of
Q11130804	P31	Q34770	instance-of
Q11132026	P31	Q34770	instance-of
Q11132859	P31	Q34770	instance-of
Q1113311	P31	Q515	instance-of
Q11134434	P31	Q34770	instance-of
Q111346251	P31	Q34770	instance-of
Q111360885	P31	Q34770	instance-of
Q111364656	P31	Q34770	instance-of
Q111364697	P31	Q34770	instance-of
Q111366015	P31	Q34770	instance-of
Q111366045	P31	Q34770	instance-of
Q111366384	P31	Q34770	instance-of
Q111367755	P31	Q34770	instance-of
Q11137550	P31	Q34770	instance-of
Q11137573	P31	Q34770	instance-of
Q11137618	P31	Q34770	instance-of
Q11137719	P31	Q34770	instance-of
Q11137851	P31	Q34770	instance-of
Q11137942	P31	Q34770	instance-of
Q11149315	P31	Q34770	instance-of
Q11150710	P31	Q34770	instance-of
Q11150714	P31	Q34770	instance-of
Q11152236	P31	Q34770	instance-of
Q11152243	P31	Q34770	instance-of
Q11152248	P31	Q34770	instance-of
Q11152253	P31	Q34770	instance-of
Q1115317	P31	Q34770	instance-of
Q11153465	P31	Q34770	instance-of
Q11153716	P31	Q34770	instance-of
Q11154769	P31	Q34770	instance-of
Q11154772	P31	Q34770	instance-of
Q11154776	P31	Q34770	instance-of
Q11155632	P31	Q34770	instance-of
Q11155635	P31	Q34770	instance-of
Q11155819	P31	Q34770	instance-of
Q11155821	P31	Q34770	instance-of
Q11157042	P31	Q34770	instance-of
Q11157342	P31	Q34770	instance-of
Q11157382	P31	Q34770	instance-of
Q1115878	P31	Q3918	instance-of
Q11158982	P31	Q34770	instance-of
Q11159067	P31	Q34770	instance-of
Q11159071	P31	Q34770	instance-of
Q11159524	P31	Q34770	instance-of
Q11159532	P31	Q34770	instance-of
Q11159536	P31	Q34770	instance-of
Q11160588	P31	Q34770	instance-of
Q11163308	P31	Q34770	instance-of
Q11164947	P31	Q34770	instance-of
Q11165235	P31	Q34770	instance-of
Q11167192	P31	Q34770	instance-of
Q11170629	P31	Q34770	instance-of
Q11173166	P31	Q34770	instance-of
Q11173588	P31	Q34770	instance-of
Q11182000	P31	Q34770	instance-of
Q11193772	P31	Q34770	instance-of
Q111938833	P31	Q34770	instance-of
Q11194	P31	Q515	instance-of
Q111972861	P31	Q34770	instance-of
Q11200640	P31	Q34770	instance-of
Q11207813	P31	Q34770	instance-of
Q112131902	P31	Q34770	instance-of
Q11214797	P31	Q34770	instance-of
Q112169115	P31	Q34770	instance-of
Q1121983	P31	Q3918	instance-of
Q11220654	P31	Q34770	instance-of
Q1122171	P31	Q3918	instance-of
Q1122188	P31	Q34770	instance-of
Q11222271	P31	Q34770	instance-of
Q112242019	P31	Q34770	instance-of
Q11250166	P31	Q34770	instance-of
Q11251864	P31	Q34770	instance-of
Q11252539	P31	Q34770	instance-of
Q11259563	P31	Q34770	instance-of
Q11260674	P31	Q34770	instance-of
Q112609315	P31	Q34770	instance-of
Q112622510	P31	Q34770	instance-of
Q112635957	P31	Q34770	instance-of
Q112657	P31	Q515	instance-of
Q11266334	P31	Q34770	instance-of
Q11269170	P31	Q34770	instance-of
Q112744654	P31	Q34770	instance-of
Q11275553	P31	Q34770	instance-of
Q112760813	P31	Q34770	instance-of
Q112762563	P31	Q34770	instance-of
Q112787165	P31	Q34770	instance-of
Q11280479	P31	Q34770	instance-of
Q11283696	P31	Q34770	instance-of
Q11288953	P31	Q34770	instance-of
Q112893	P31	Q34770	instance-of
Q112957914	P31	Q34770	instance-of
Q11297920	P31	Q34770	instance-of
Q1129925	P31	Q3918	instance-of
Q1131055	P31	Q3918	instance-of
Q113157814	P31	Q9143	instance-of
Q113245255	P31	Q34770	instance-of
Q113297976	P31	Q34770	instance-of
Q1133013	P31	Q3918	instance-of
Q1133089	P31	Q34770	instance-of
Q1133580	P31	Q9143	instance-of
Q113410861	P31	Q34770	instance-of
Q113411077	P31	Q34770	instance-of
Q1134292	P31	Q3918	instance-of
Q113430720	P31	Q34770	instance-of
Q113442170	P31	Q34770	instance-of
Q1134454	P31	Q515	instance-of
Q1134606	P31	Q3918	instance-of
Q113471585	P31	Q34770	instance-of
Q113512134	P31	Q34770	instance-of
Q1136189	P31	Q515	instance-of
Q1136926	P31	Q9143	instance-of
Q1137652	P31	Q3918	instance-of
Q1138080	P31	Q3918	instance-of
Q1138351	P31	Q34770	instance-of
Q1138374	P31	Q3918	instance-of
Q114	P31	Q6256	instance-of
Q1140136	P31	Q515	instance-of
Q1141484	P31	Q9143	instance-of
Q1142333	P31	Q34770	instance-of
Q114257	P31	Q515	instance-of
Q1142924	P31	Q3918	instance-of
Q1143040	P31	Q34770	instance-of
Q1144000	P31	Q3918	instance-of
Q114451679	P31	Q34770	instance-of
Q1144565	P31	Q3918	instance-of
Q1144631	P31	Q9143	instance-of
Q1144673	P31	Q3918	instance-of
Q1144682	P31	Q3918	instance-of
Q1145306	P31	Q3918	instance-of
Q1145414	P31	Q34770	instance-of
Q1145992	P31	Q3918	instance-of
Q1146247	P31	Q9143	instance-of
Q114680388	P31	Q34770	instance-of
Q1148613	P31	Q3918	instance-of
Q114862486	P31	Q34770	instance-of
Q115	P31	Q6256	instance-of
Q115004777	P31	Q34770	instance-of
Q1150105	P31	Q3918	instance-of
Q1152190	P31	Q3918	instance-of
Q115220	P31	Q3918	instance-of
Q115256	P31	Q515	instance-of
Q115276	P31	Q515	instance-of
Q1153276	P31	Q34770	instance-of
Q1154	P31	Q515	instance-of
Q115487586	P31	Q34770	instance-of
Q115517214	P31	Q34770	instance-of
Q115517517	P31	Q34770	instance-of
Q115531919	P31	Q34770	instance-of
Q1156	P31	Q515	instance-of
Q1156474	P31	Q9143	instance-of
Q11568	P31	Q515	instance-of
Q115704900	P31	Q34770	instance-of
Q115742930	P31	Q34770	instance-of
Q1157729	P31	Q34770	instance-of
Q115801363	P31	Q34770	instance-of
Q115812217	P31	Q34770	instance-of
Q1158134	P31	Q34770	instance-of
Q1158971	P31	Q34770	instance-of
Q1160312	P31	Q9143	instance-of
Q116044950	P31	Q34770	instance-of
Q1163234	P31	Q34770	instance-of
Q116341	P31	Q515	instance-of
Q116450240	P31	Q34770	instance-of
Q116450302	P31	Q34770	instance-of
Q116450348	P31	Q34770	instance-of
Q116450373	P31	Q34770	instance-of
Q116450533	P31	Q34770	instance-of
Q116450535	P31	Q34770	instance-of
Q116450964	P31	Q34770	instance-of
Q116456373	P31	Q34770	instance-of
Q116456761	P31	Q34770	instance-of
Q116482753	P31	Q34770	instance-of
Q11651781	P31	Q34770	instance-of
Q11651939	P31	Q34770	instance-of
Q11652079	P31	Q34770	instance-of
Q1165219	P31	Q9143	instance-of
Q1165865	P31	Q3918	instance-of
Q116737622	P31	Q34770	instance-of
Q116744054	P31	Q34770	instance-of
Q116789972	P31	Q34770	instance-of
Q116849	P31	Q34770	instance-of
Q116893937	P31	Q34770	instance-of
Q116921952	P31	Q34770	instance-of
Q116969960	P31	Q34770	instance-of
Q117	P31	Q6256	instance-of
Q117018117	P31	Q34770	instance-of
Q117040	P31	Q515	instance-of
Q117210028	P31	Q34770	instance-of
Q117236796	P31	Q34770	instance-of
Q117273335	P31	Q34770	instance-of
Q117273410	P31	Q34770	instance-of
Q11732021	P31	Q34770	instance-of
Q11732024	P31	Q34770	instance-of
Q11732040	P31	Q34770	instance-of
Q11732046	P31	Q34770	instance-of
Q11732048	P31	Q34770	instance-of
Q11732049	P31	Q34770	instance-of
Q11732121	P31	Q34770	instance-of
Q11732195	P31	Q34770	instance-of
Q11732205	P31	Q34770	instance-of
Q11732209	P31	Q34770	instance-of
Q11732210	P31	Q34770	instance-of
Q11732219	P31	Q34770	instance-of
Q11732220	P31	Q34770	instance-of
Q11732221	P31	Q34770	instance-of
Q11732224	P31	Q34770	instance-of
Q11732231	P31	Q34770	instance-of
Q11732235	P31	Q34770	instance-of
Q11732241	P31	Q34770	instance-of
Q11732247	P31	Q34770	instance-of
Q11732248	P31	Q34770	instance-of
Q11732253	P31	Q34770	instance-of
Q11732258	P31	Q34770	instance-of
Q11732264	P31	Q34770	instance-of
Q11732272	P31	Q34770	instance-of
Q11732281	P31	Q34770	instance-of
Q11732286	P31	Q34770	instance-of
Q11732297	P31	Q34770	instance-of
Q11732300	P31	Q34770	instance-of
Q11732302	P31	Q34770	instance-of
Q11732313	P31	Q34770	instance-of
Q11732320	P31	Q34770	instance-of
Q11732321	P31	Q34770	instance-of
Q11732322	P31	Q34770	instance-of
Q11732324	P31	Q34770	instance-of
Q11732325	P31	Q34770	instance-of
Q11732326	P31	Q34770	instance-of
Q11732339	P31	Q34770	instance-of
Q11732340	P31	Q34770	instance-of
Q11732341	P31	Q34770	instance-of
Q11732345	P31	Q34770	instance-of
Q11732346	P31	Q34770	instance-of
Q11732347	P31	Q34770	instance-of
Q11732359	P31	Q34770	instance-of
Q11732362	P31	Q34770	instance-of
Q11732373	P31	Q34770	instance-of
Q11732376	P31	Q34770	instance-of
Q11732388	P31	Q34770	instance-of
Q11732395	P31	Q34770	instance-of
Q11732402	P31	Q34770	instance-of
Q11732406	P31	Q34770	instance-of
Q11732415	P31	Q34770	instance-of
Q11732426	P31	Q34770	instance-of
Q11732427	P31	Q34770	instance-of
Q11732429	P31	Q34770	instance-of
Q11732444	P31	Q34770	instance-of
Q11732445	P31	Q34770	instance-of
Q11732448	P31	Q34770	instance-of
Q11732453	P31	Q34770	instance-of
Q11732457	P31	Q34770	instance-of
Q11732458	P31	Q34770	instance-of
Q11732459	P31	Q34770	instance-of
Q11732468	P31	Q34770	instance-of
Q11732474	P31	Q34770	instance-of
Q11732475	P31	Q34770	instance-of
Q11732477	P31	Q34770	instance-of
Q11732478	P31	Q34770	instance-of
Q11732482	P31	Q34770	instance-of
Q11732485	P31	Q34770	instance-of
Q11732486	P31	Q34770	instance-of
Q11732489	P31	Q34770	instance-of
Q11732491	P31	Q34770	instance-of
Q11732495	P31	Q34770	instance-of
Q11732496	P31	Q34770	instance-of
Q11732502	P31	Q34770	instance-of
Q11732509	P31	Q34770	instance-of
Q11732510	P31	Q34770	instance-of
Q11732514	P31	Q34770	instance-of
Q11732516	P31	Q34770	instance-of
Q11732523	P31	Q34770	instance-of
Q11732524	P31	Q34770	instance-of
Q11732526	P31	Q34770	instance-of
Q11732527	P31	Q34770	instance-of
Q11732528	P31	Q34770	instance-of
Q11732531	P31	Q34770	instance-of
Q11732532	P31	Q34770	instance-of
Q11732534	P31	Q34770	instance-of
Q11732537	P31	Q34770	instance-of
Q11732548	P31	Q34770	instance-of
Q11732562	P31	Q34770	instance-of
Q11732569	P31	Q34770	instance-of
Q11732596	P31	Q34770	instance-of
Q11732598	P31	Q34770	instance-of
Q11732610	P31	Q34770	instance-of
Q11732626	P31	Q34770	instance-of
Q11732656	P31	Q34770	instance-of
Q11732666	P31	Q34770	instance-of
Q11732670	P31	Q34770	instance-of
Q11732691	P31	Q34770	instance-of
Q11732702	P31	Q34770	instance-of
Q11732731	P31	Q34770	instance-of
Q11732736	P31	Q34770	instance-of
Q11732752	P31	Q34770	instance-of
Q11732766	P31	Q34770	instance-of
Q11732781	P31	Q34770	instance-of
Q117346147	P31	Q34770	instance-of
Q117356991	P31	Q34770	instance-of
Q117357262	P31	Q34770	instance-of
Q11736	P31	Q515	instance-of
Q11739	P31	Q515	instance-of
Q117706534	P31	Q34770	instance-of
Q117707514	P31	Q34770	instance-of
Q117740930	P31	Q34770	instance-of
Q117744680	P31	Q34770	instance-of
Q117790875	P31	Q34770	instance-of
Q1179603	P31	Q3918	instance-of
Q118147576	P31	Q34770	instance-of
Q1185114	P31	Q34770	instance-of
Q1185119	P31	Q34770	instance-of
Q1185127	P31	Q34770	instance-of
Q11854	P31	Q515	instance-of
Q11855245	P31	Q34770	instance-of
Q11864	P31	Q515	instance-of
Q1187271	P31	Q3918	instance-of
Q11874	P31	Q515	instance-of
Q1187444	P31	Q3918	instance-of
Q11883865	P31	Q34770	instance-of
Q11884845	P31	Q34770	instance-of
Q118875708	P31	Q34770	instance-of
Q1188786	P31	Q3918	instance-of
Q118897441	P31	Q34770	instance-of
Q118995	P31	Q515	instance-of
Q119044956	P31	Q34770	instance-of
Q1190852	P31	Q3918	instance-of
Q11909	P31	Q515	instance-of
Q11910	P31	Q515	instance-of
Q1191344	P31	Q3918	instance-of
Q1191442	P31	Q9143	instance-of
Q11921436	P31	Q34770	instance-of
Q11926474	P31	Q34770	instance-of
Q1193547	P31	Q3918	instance-of
Q119417361	P31	Q34770	instance-of
Q1194352	P31	Q9143	instance-of
Q119438064	P31	Q34770	instance-of
Q11959	P31	Q515	instance-of
Q11977	P31	Q515	instance-of
Q11994	P31	Q515	instance-of
Q1199751	P31	Q34770	instance-of
Q12001572	P31	Q34770	instance-of
Q12009520	P31	Q34770	instance-of
Q1201810	P31	Q9143	instance-of
Q1202039	P31	Q3918	instance-of
Q120287718	P31	Q34770	instance-of
Q1204300	P31	Q9143	instance-of
Q120499665	P31	Q34770	instance-of
Q120561700	P31	Q34770	instance-of
Q1206658	P31	Q3918	instance-of
Q1207611	P31	Q34770	instance-of
Q1208217	P31	Q9143	instance-of
Q120847304	P31	Q34770	instance-of
Q1209759	P31	Q9143	instance-of
Q121008459	P31	Q34770	instance-of
Q12117586	P31	Q34770	instance-of
Q121213994	P31	Q34770	instance-of
Q121247874	P31	Q34770	instance-of
Q121267908	P31	Q34770	instance-of
Q121437946	P31	Q34770	instance-of
Q121461186	P31	Q34770	instance-of
Q1215876	P31	Q34770	instance-of
Q12158992	P31	Q34770	instance-of
Q121627627	P31	Q34770	instance-of
Q12179308	P31	Q34770	instance-of
Q1218	P31	Q515	instance-of
Q12182838	P31	Q34770	instance-of
Q12191529	P31	Q6256	instance-of
Q122044	P31	Q515	instance-of
Q122173462	P31	Q34770	instance-of
Q122173465	P31	Q34770	instance-of
Q122173467	P31	Q34770	instance-of
Q1223508	P31	Q515	instance-of
Q12237466	P31	Q34770	instance-of
Q122463830	P31	Q34770	instance-of
Q122803	P31	Q515	instance-of
Q122827913	P31	Q34770	instance-of
Q122827921	P31	Q34770	instance-of
Q122917102	P31	Q34770	instance-of
Q12292	P31	Q515	instance-of
Q12294279	P31	Q34770	instance-of
Q123027565	P31	Q6256	instance-of
Q1231063	P31	Q3918	instance-of
Q123124370	P31	Q34770	instance-of
Q123124873	P31	Q34770	instance-of
Q123127643	P31	Q34770	instance-of
Q123152933	P31	Q34770	instance-of
Q123163337	P31	Q34770	instance-of
Q123196	P31	Q515	instance-of
Q1232428	P31	Q3918	instance-of
Q123253529	P31	Q34770	instance-of
Q123293092	P31	Q34770	instance-of
Q123347094	P31	Q34770	instance-of
Q123384097	P31	Q34770	instance-of
Q123475280	P31	Q34770	instance-of
Q1234776	P31	Q34770	instance-of
Q123511	P31	Q515	instance-of
Q1236136	P31	Q3918	instance-of
Q123653482	P31	Q34770	instance-of
Q12369351	P31	Q34770	instance-of
Q123700130	P31	Q34770	instance-of
Q123709	P31	Q515	instance-of
Q123753343	P31	Q34770	instance-of
Q1238770	P31	Q3918	instance-of
Q123885	P31	Q43229	instance-of
Q12391878	P31	Q34770	instance-of
Q12391880	P31	Q34770	instance-of
Q123964178	P31	Q34770	instance-of
Q124021083	P31	Q34770	instance-of
Q124021269	P31	Q34770	instance-of
Q124039494	P31	Q34770	instance-of
Q124041647	P31	Q34770	instance-of
Q124060703	P31	Q34770	instance-of
Q124154195	P31	Q34770	instance-of
Q124257204	P31	Q34770	instance-of
Q124260015	P31	Q34770	instance-of
Q124260316	P31	Q34770	instance-of
Q124283192	P31	Q34770	instance-of
Q12432	P31	Q3918	instance-of
Q124332085	P31	Q34770	instance-of
Q124367130	P31	Q34770	instance-of
Q124367132	P31	Q34770	instance-of
Q1243705	P31	Q3918	instance-of
Q124391460	P31	Q34770	instance-of
Q124424186	P31	Q34770	instance-of
Q124474689	P31	Q34770	instance-of
Q124504675	P31	Q34770	instance-of
Q1245318	P31	Q3918	instance-of
Q1245999	P31	Q3918	instance-of
Q1246	P31	Q6256	instance-of
Q124633375	P31	Q34770	instance-of
Q1246397	P31	Q34770	instance-of
Q124664681	P31	Q34770	instance-of
Q1247135	P31	Q3918	instance-of
Q12473343	P31	Q34770	instance-of
Q12473346	P31	Q34770	instance-of
Q12473347	P31	Q34770	instance-of
Q12473357	P31	Q34770	instance-of
Q12473376	P31	Q34770	instance-of
Q12473377	P31	Q34770	instance-of
Q12473380	P31	Q34770	instance-of
Q12473395	P31	Q34770	instance-of
Q12473397	P31	Q34770	instance-of
Q12473424	P31	Q34770	instance-of
Q12473435	P31	Q34770	instance-of
Q12473441	P31	Q34770	instance-of
Q12473442	P31	Q34770	instance-of
Q12473447	P31	Q34770	instance-of
Q12473448	P31	Q34770	instance-of
Q12473454	P31	Q34770	instance-of
Q12473456	P31	Q34770	instance-of
Q12473464	P31	Q34770	instance-of
Q12473466	P31	Q34770	instance-of
Q12473470	P31	Q34770	instance-of
Q12473471	P31	Q34770	instance-of
Q12473473	P31	Q34770	instance-of
Q12473479	P31	Q34770	instance-of
Q12473488	P31	Q34770	instance-of
Q12473489	P31	Q34770	instance-of
Q124739	P31	Q515	instance-of
Q1247544	P31	Q3918	instance-of
Q1248737	P31	Q3918	instance-of
Q1248821	P31	Q3918	instance-of
Q1249005	P31	Q3918	instance-of
Q124971195	P31	Q34770	instance-of
Q12497929	P31	Q34770	instance-of
Q125076	P31	Q11424	instance-of
Q125080	P31	Q515	instance-of
Q1251039	P31	Q3918	instance-of
Q125217172	P31	Q34770	instance-of
Q12533442	P31	Q34770	instance-of
Q1254148	P31	Q9143	instance-of
Q125421255	P31	Q34770	instance-of
Q125434	P31	Q515	instance-of
Q12547906	P31	Q34770	instance-of
Q125581498	P31	Q34770	instance-of
Q125587836	P31	Q34770	instance-of
Q1256646	P31	Q34770	instance-of
Q1256981	P31	Q3918	instance-of
Q125744490	P31	Q34770	instance-of
Q125760723	P31	Q34770	instance-of
Q125824888	P31	Q34770	instance-of
Q125845549	P31	Q34770	instance-of
Q125895243	P31	Q34770	instance-of
Q125966118	P31	Q34770	instance-of
Q125977465	P31	Q34770	instance-of
Q125997320	P31	Q34770	instance-of
Q126084	P31	Q515	instance-of
Q126148	P31	Q515	instance-of
Q1261509	P31	Q515	instance-of
Q126193127	P31	Q34770	instance-of
Q1262143	P31	Q34770	instance-of
Q12626524	P31	Q34770	instance-of
Q12626611	P31	Q34770	instance-of
Q12626798	P31	Q34770	instance-of
Q12626847	P31	Q34770	instance-of
Q126269	P31	Q515	instance-of
Q12627129	P31	Q34770	instance-of
Q12627135	P31	Q34770	instance-of
Q12627158	P31	Q34770	instance-of
Q12627242	P31	Q34770	instance-of
Q12627315	P31	Q34770	instance-of
Q12627412	P31	Q34770	instance-of
Q12627559	P31	Q34770	instance-of
Q12628007	P31	Q34770	instance-of
Q12628715	P31	Q34770	instance-of
Q12628777	P31	Q34770	instance-of
Q12628799	P31	Q34770	instance-of
Q12628801	P31	Q34770	instance-of
Q12628803	P31	Q34770	instance-of
Q12628867	P31	Q34770	instance-of
Q12628927	P31	Q34770	instance-of
Q12629011	P31	Q34770	instance-of
Q12629033	P31	Q34770	instance-of
Q12629195	P31	Q34770	instance-of
Q12629401	P31	Q34770	instance-of
Q12629491	P31	Q34770	instance-of
Q12629647	P31	Q34770	instance-of
Q12629678	P31	Q34770	instance-of
Q12629755	P31	Q34770	instance-of
Q12629969	P31	Q34770	instance-of
Q12630425	P31	Q34770	instance-of
Q12630569	P31	Q34770	instance-of
Q12630884	P31	Q34770	instance-of
Q12631584	P31	Q34770	instance-of
Q12631954	P31	Q34770	instance-of
Q12631978	P31	Q34770	instance-of
Q12632146	P31	Q34770	instance-of
Q12632397	P31	Q34770	instance-of
Q12632404	P31	Q34770	instance-of
Q12632753	P31	Q34770	instance-of
Q12632789	P31	Q34770	instance-of
Q12632888	P31	Q34770	instance-of
Q12632895	P31	Q34770	instance-of
Q12633013	P31	Q34770	instance-of
Q12633026	P31	Q34770	instance-of
Q12633372	P31	Q34770	instance-of
Q12633440	P31	Q34770	instance-of
Q12633505	P31	Q34770	instance-of
Q12633986	P31	Q34770	instance-of
Q12633989	P31	Q34770	instance-of
Q12633994	P31	Q34770	instance-of
Q12634070	P31	Q34770	instance-of
Q12634399	P31	Q34770	instance-of
Q12634577	P31	Q34770	instance-of
Q12635082	P31	Q34770	instance-of
Q12635137	P31	Q34770	instance-of
Q12635302	P31	Q34770	instance-of
Q12635445	P31	Q34770	instance-of
Q12635807	P31	Q34770	instance-of
Q12635887	P31	Q34770	instance-of
Q12635889	P31	Q34770	instance-of
Q12635902	P31	Q34770	instance-of
Q12636050	P31	Q34770	instance-of
Q12636052	P31	Q34770	instance-of
Q12636088	P31	Q34770	instance-of
Q12636092	P31	Q34770	instance-of
Q12636155	P31	Q34770	instance-of
Q12636156	P31	Q34770	instance-of
Q12636809	P31	Q34770	instance-of
Q12636991	P31	Q34770	instance-of
Q12637224	P31	Q34770	instance-of
Q12637238	P31	Q34770	instance-of
Q12638166	P31	Q34770	instance-of
Q12638175	P31	Q34770	instance-of
Q12639015	P31	Q34770	instance-of
Q12639245	P31	Q34770	instance-of
Q12639299	P31	Q34770	instance-of
Q12639686	P31	Q34770	instance-of
Q12640277	P31	Q34770	instance-of
Q12640726	P31	Q34770	instance-of
Q12640742	P31	Q34770	instance-of
Q12640779	P31	Q34770	instance-of
Q12640969	P31	Q34770	instance-of
Q126415	P31	Q515	instance-of
Q12641692	P31	Q34770	instance-of
Q12641739	P31	Q34770	instance-of
Q12641754	P31	Q34770	instance-of
Q12641773	P31	Q34770	instance-of
Q12641828	P31	Q34770	instance-of
Q12642078	P31	Q34770	instance-of
Q12642164	P31	Q34770	instance-of
Q12642165	P31	Q34770	instance-of
Q12642195	P31	Q34770	instance-of
Q12642473	P31	Q34770	instance-of
Q12642599	P31	Q34770	instance-of
Q12643315	P31	Q34770	instance-of
Q12643484	P31	Q34770	instance-of
Q12643582	P31	Q34770	instance-of
Q12643657	P31	Q34770	instance-of
Q12643975	P31	Q34770	instance-of
Q12644012	P31	Q34770	instance-of
Q12644019	P31	Q34770	instance-of
Q12644231	P31	Q34770	instance-of
Q12644329	P31	Q34770	instance-of
Q12644869	P31	Q34770	instance-of
Q12645081	P31	Q34770	instance-of
Q12645275	P31	Q34770	instance-of
Q12645352	P31	Q34770	instance-of
Q12645368	P31	Q34770	instance-of
Q12645448	P31	Q34770	instance-of
Q12645553	P31	Q34770	instance-of
Q12645568	P31	Q34770	instance-of
Q12645578	P31	Q34770	instance-of
Q12645588	P31	Q34770	instance-of
Q12645835	P31	Q34770	instance-of
Q12645985	P31	Q34770	instance-of
Q126478135	P31	Q34770	instance-of
Q1265294	P31	Q3918	instance-of
Q1265836	P31	Q9143	instance-of
Q126708439	P31	Q34770	instance-of
Q126708523	P31	Q34770	instance-of
Q126720868	P31	Q34770	instance-of
Q126805	P31	Q515	instance-of
Q1268244	P31	Q34770	instance-of
Q12683226	P31	Q34770	instance-of
Q1268744	P31	Q9143	instance-of
Q126888611	P31	Q34770	instance-of
Q126898	P31	Q515	instance-of
Q126915359	P31	Q34770	instance-of
Q126928420	P31	Q34770	instance-of
Q126936027	P31	Q34770	instance-of
Q126995642	P31	Q34770	instance-of
Q127063	P31	Q515	instance-of
Q127157869	P31	Q34770	instance-of
Q127163046	P31	Q34770	instance-of
Q127164458	P31	Q34770	instance-of
Q127179148	P31	Q34770	instance-of
Q127326962	P31	Q34770	instance-of
Q127367	P31	Q11424	instance-of
Q127416593	P31	Q34770	instance-of
Q127417309	P31	Q34770	instance-of
Q127437572	P31	Q34770	instance-of
Q12747951	P31	Q34770	instance-of
Q127503	P31	Q482994	instance-of
Q12755683	P31	Q34770	instance-of
Q127623	P31	Q515	instance-of
Q12773618	P31	Q34770	instance-of
Q127745	P31	Q3918	instance-of
Q1277803	P31	Q9143	instance-of
Q12778220	P31	Q34770	instance-of
Q12808828	P31	Q34770	instance-of
Q12811566	P31	Q34770	instance-of
Q1281291	P31	Q34770	instance-of
Q128147	P31	Q515	instance-of
Q128202996	P31	Q34770	instance-of
Q12825018	P31	Q515	instance-of
Q128261	P31	Q515	instance-of
Q12836150	P31	Q34770	instance-of
Q1283865	P31	Q9143	instance-of
Q128395177	P31	Q34770	instance-of
Q128395181	P31	Q34770	instance-of
Q128395185	P31	Q34770	instance-of
Q128395188	P31	Q34770	instance-of
Q128395191	P31	Q34770	instance-of
Q128395195	P31	Q34770	instance-of
Q128395198	P31	Q34770	instance-of
Q128395201	P31	Q34770	instance-of
Q128395205	P31	Q34770	instance-of
Q128395208	P31	Q34770	instance-of
Q128395210	P31	Q34770	instance-of
Q128395217	P31	Q34770	instance-of
Q128395219	P31	Q34770	instance-of
Q128395234	P31	Q34770	instance-of
Q1284877	P31	Q34770	instance-of
Q1284885	P31	Q34770	instance-of
Q128518	P31	Q11424	instance-of
Q1285318	P31	Q34770	instance-of
Q128792716	P31	Q34770	instance-of
Q128807788	P31	Q34770	instance-of
Q128810233	P31	Q34770	instance-of
Q128810345	P31	Q34770	instance-of
Q128810397	P31	Q34770	instance-of
Q1288385	P31	Q34770	instance-of
Q1289760	P31	Q34770	instance-of
Q12908815	P31	Q34770	instance-of
Q12911106	P31	Q34770	instance-of
Q12914662	P31	Q34770	instance-of
Q12919	P31	Q515	instance-of
Q129352	P31	Q515	instance-of
Q12937473	P31	Q34770	instance-of
Q129408861	P31	Q34770	instance-of
Q129421	P31	Q3918	instance-of
Q1294227	P31	Q34770	instance-of
Q1294243	P31	Q34770	instance-of
Q1294251	P31	Q34770	instance-of
Q1294439	P31	Q515	instance-of
Q12952247	P31	Q34770	instance-of
Q12952250	P31	Q34770	instance-of
Q12952294	P31	Q34770	instance-of
Q12952327	P31	Q34770	instance-of
Q12952337	P31	Q34770	instance-of
Q12952344	P31	Q34770	instance-of
Q12952357	P31	Q34770	instance-of
Q12952359	P31	Q34770	instance-of
Q12952360	P31	Q34770	instance-of
Q12952361	P31	Q34770	instance-of
Q12952372	P31	Q34770	instance-of
Q12952388	P31	Q34770	instance-of
Q12952392	P31	Q34770	instance-of
Q12952405	P31	Q34770	instance-of
Q12952406	P31	Q34770	instance-of
Q12952408	P31	Q34770	instance-of
Q12952409	P31	Q34770	instance-of
Q12952416	P31	Q34770	instance-of
Q12952417	P31	Q34770	instance-of
Q12952418	P31	Q34770	instance-of
Q12952419	P31	Q34770	instance-of
Q12952426	P31	Q34770	instance-of
Q12952430	P31	Q34770	instance-of
Q12952442	P31	Q34770	instance-of
Q12952445	P31	Q34770	instance-of
Q12952446	P31	Q34770	instance-of
Q12952447	P31	Q34770	instance-of
Q12952448	P31	Q34770	instance-of
Q12952453	P31	Q34770	instance-of
Q12952457	P31	Q34770	instance-of
Q12952462	P31	Q34770	instance-of
Q12952463	P31	Q34770	instance-of
Q12952473	P31	Q34770	instance-of
Q12952475	P31	Q34770	instance-of
Q12952504	P31	Q34770	instance-of
Q12952505	P31	Q34770	instance-of
Q12952511	P31	Q34770	instance-of
Q12952512	P31	Q34770	instance-of
Q12952528	P31	Q34770	instance-of
Q12952530	P31	Q34770	instance-of
Q12952535	P31	Q34770	instance-of
Q12952538	P31	Q34770	instance-of
Q12952550	P31	Q34770	instance-of
Q12952565	P31	Q34770	instance-of
Q12952566	P31	Q34770	instance-of
Q12952567	P31	Q34770	instance-of
Q12952568	P31	Q34770	instance-of
Q12952569	P31	Q34770	instance-of
Q12952571	P31	Q34770	instance-of
Q12952572	P31	Q34770	instance-of
Q12952577	P31	Q34770	instance-of
Q12952581	P31	Q34770	instance-of
Q12952582	P31	Q34770	instance-of
Q12952592	P31	Q34770	instance-of
Q12952596	P31	Q34770	instance-of
Q12952597	P31	Q34770	instance-of
Q12952599	P31	Q34770	instance-of
Q12952603	P31	Q34770	instance-of
Q12952616	P31	Q34770	instance-of
Q12952619	P31	Q34770	instance-of
Q12952622	P31	Q34770	instance-of
Q12952626	P31	Q34770	instance-of
Q12952628	P31	Q34770	instance-of
Q12952642	P31	Q34770	instance-of
Q12952647	P31	Q34770	instance-of
Q12952655	P31	Q34770	instance-of
Q12952656	P31	Q34770	instance-of
Q12952661	P31	Q34770	instance-of
Q12952663	P31	Q34770	instance-of
Q12952667	P31	Q34770	instance-of
Q12952670	P31	Q34770	instance-of
Q12952676	P31	Q34770	instance-of
Q12952678	P31	Q34770	instance-of
Q12952687	P31	Q34770	instance-of
Q12952690	P31	Q34770	instance-of
Q12952691	P31	Q34770	instance-of
Q12952694	P31	Q34770	instance-of
Q12952700	P31	Q34770	instance-of
Q12952703	P31	Q34770	instance-of
Q12952711	P31	Q34770	instance-of
Q12952713	P31	Q34770	instance-of
Q12952719	P31	Q34770	instance-of
Q12952722	P31	Q34770	instance-of
Q12952740	P31	Q34770	instance-of
Q12952742	P31	Q34770	instance-of
Q12952744	P31	Q34770	instance-of
Q12952748	P31	Q34770	instance-of
Q12952750	P31	Q34770	instance-of
Q12952754	P31	Q34770	instance-of
Q12952756	P31	Q34770	instance-of
Q12952758	P31	Q34770	instance-of
Q12952760	P31	Q34770	instance-of
Q12952764	P31	Q34770	instance-of
Q12952768	P31	Q34770	instance-of
Q12952773	P31	Q34770	instance-of
Q12952775	P31	Q34770	instance-of
Q12952776	P31	Q34770	instance-of
Q12952778	P31	Q34770	instance-of
Q12952800	P31	Q34770	instance-of
Q12952805	P31	Q34770	instance-of
Q12952816	P31	Q34770	instance-of
Q12952830	P31	Q34770	instance-of
Q12952840	P31	Q34770	instance-of
Q12952843	P31	Q34770	instance-of
Q12952844	P31	Q34770	instance-of
Q12952846	P31	Q34770	instance-of
Q12952852	P31	Q34770	instance-of
Q12952876	P31	Q34770	instance-of
Q12952883	P31	Q34770	instance-of
Q12952886	P31	Q34770	instance-of
Q12952895	P31	Q34770	instance-of
Q12952905	P31	Q34770	instance-of
Q12952906	P31	Q34770	instance-of
Q12952908	P31	Q34770	instance-of
Q12952910	P31	Q34770	instance-of
Q12952912	P31	Q34770	instance-of
Q12952915	P31	Q34770	instance-of
Q12952922	P31	Q34770	instance-of
Q12952923	P31	Q34770	instance-of
Q12952929	P31	Q34770	instance-of
Q12952941	P31	Q34770	instance-of
Q12952942	P31	Q34770	instance-of
Q12952953	P31	Q34770	instance-of
Q12952956	P31	Q34770	instance-of
Q12952967	P31	Q34770	instance-of
Q12952968	P31	Q34770	instance-of
Q12952969	P31	Q34770	instance-of
Q12952987	P31	Q34770	instance-of
Q12953011	P31	Q34770	instance-of
Q12953022	P31	Q34770	instance-of
Q12953030	P31	Q34770	instance-of
Q12953035	P31	Q34770	instance-of
Q12953036	P31	Q34770	instance-of
Q12953052	P31	Q34770	instance-of
Q12953056	P31	Q34770	instance-of
Q12953063	P31	Q34770	instance-of
Q12953069	P31	Q34770	instance-of
Q12953072	P31	Q34770	instance-of
Q12953082	P31	Q34770	instance-of
Q12953094	P31	Q34770	instance-of
Q12953126	P31	Q34770	instance-of
Q12953148	P31	Q34770	instance-of
Q12953173	P31	Q34770	instance-of
Q12953175	P31	Q34770	instance-of
Q12953176	P31	Q34770	instance-of
Q12953177	P31	Q34770	instance-of
Q12953178	P31	Q34770	instance-of
Q12953183	P31	Q34770	instance-of
Q12953185	P31	Q34770	instance-of
Q12953186	P31	Q34770	instance-of
Q12953194	P31	Q34770	instance-of
Q12953198	P31	Q34770	instance-of
Q12953200	P31	Q34770	instance-of
Q12953223	P31	Q34770	instance-of
Q12953225	P31	Q34770	instance-of
Q12953228	P31	Q34770	instance-of
Q12953229	P31	Q34770	instance-of
Q12953230	P31	Q34770	instance-of
Q12953237	P31	Q34770	instance-of
Q12953245	P31	Q34770	instance-of
Q12953261	P31	Q34770	instance-of
Q12953264	P31	Q34770	instance-of
Q12953273	P31	Q34770	instance-of
Q12953293	P31	Q34770	instance-of
Q12953294	P31	Q34770	instance-of
Q12953295	P31	Q34770	instance-of
Q12953302	P31	Q34770	instance-of
Q12953309	P31	Q34770	instance-of
Q12953310	P31	Q34770	instance-of
Q12953311	P31	Q34770	instance-of
Q12953319	P31	Q34770	instance-of
Q12953325	P31	Q34770	instance-of
Q12953326	P31	Q34770	instance-of
Q12953327	P31	Q34770	instance-of
Q12953328	P31	Q34770	instance-of
Q12953329	P31	Q34770	instance-of
Q12953333	P31	Q34770	instance-of
Q12953334	P31	Q34770	instance-of
Q12953336	P31	Q34770	instance-of
Q12953338	P31	Q34770	instance-of
Q12953340	P31	Q34770	instance-of
Q12953345	P31	Q34770	instance-of
Q12953347	P31	Q34770	instance-of
Q12953362	P31	Q34770	instance-of
Q12953386	P31	Q34770	instance-of
Q12953397	P31	Q34770	instance-of
Q12953415	P31	Q34770	instance-of
Q12953426	P31	Q34770	instance-of
Q12953435	P31	Q34770	instance-of
Q12953437	P31	Q34770	instance-of
Q12953443	P31	Q34770	instance-of
Q12953452	P31	Q34770	instance-of
Q12953453	P31	Q34770	instance-of
Q12953454	P31	Q34770	instance-of
Q12953464	P31	Q34770	instance-of
Q12953510	P31	Q34770	instance-of
Q12953512	P31	Q34770	instance-of
Q12953513	P31	Q34770	instance-of
Q12953516	P31	Q34770	instance-of
Q12953520	P31	Q34770	instance-of
Q12953522	P31	Q34770	instance-of
Q12953525	P31	Q34770	instance-of
Q12953530	P31	Q34770	instance-of
Q12953532	P31	Q34770	instance-of
Q12953534	P31	Q34770	instance-of
Q12953543	P31	Q34770	instance-of
Q12953553	P31	Q34770	instance-of
Q12953558	P31	Q34770	instance-of
Q12953559	P31	Q34770	instance-of
Q12953560	P31	Q34770	instance-of
Q12953561	P31	Q34770	instance-of
Q12953562	P31	Q34770	instance-of
Q12953563	P31	Q34770	instance-of
Q12953564	P31	Q34770	instance-of
Q12953565	P31	Q34770	instance-of
Q12953566	P31	Q34770	instance-of
Q12953568	P31	Q34770	instance-of
Q12953578	P31	Q34770	instance-of
Q12953579	P31	Q34770	instance-of
Q12953581	P31	Q34770	instance-of
Q12953583	P31	Q34770	instance-of
Q12953584	P31	Q34770	instance-of
Q12953585	P31	Q34770	instance-of
Q12953587	P31	Q34770	instance-of
Q12953588	P31	Q34770	instance-of
Q12953594	P31	Q34770	instance-of
Q12953596	P31	Q34770	instance-of
Q12953602	P31	Q34770	instance-of
Q12953604	P31	Q34770	instance-of
Q12953609	P31	Q34770	instance-of
Q12953610	P31	Q34770	instance-of
Q12953620	P31	Q34770	instance-of
Q12953621	P31	Q34770	instance-of
Q12953622	P31	Q34770	instance-of
Q12953626	P31	Q34770	instance-of
Q12953627	P31	Q34770	instance-of
Q12953639	P31	Q34770	instance-of
Q12953645	P31	Q34770	instance-of
Q12953646	P31	Q34770	instance-of
Q12953649	P31	Q34770	instance-of
Q12953650	P31	Q34770	instance-of
Q12953659	P31	Q34770	instance-of
Q12953660	P31	Q34770	instance-of
Q12953668	P31	Q34770	instance-of
Q12953671	P31	Q34770	instance-of
Q12953672	P31	Q34770	instance-of
Q12953674	P31	Q34770	instance-of
Q12953676	P31	Q34770	instance-of
Q12953677	P31	Q34770	instance-of
Q12953679	P31	Q34770	instance-of
Q12953680	P31	Q34770	instance-of
Q12953681	P31	Q34770	instance-of
Q12953683	P31	Q34770	instance-of
Q12953684	P31	Q34770	instance-of
Q12953696	P31	Q34770	instance-of
Q12953697	P31	Q34770	instance-of
Q12953698	P31	Q34770	instance-of
Q12953699	P31	Q34770	instance-of
Q12953700	P31	Q34770	instance-of
Q12953704	P31	Q34770	instance-of
Q12953705	P31	Q34770	instance-of
Q12953706	P31	Q34770	instance-of
Q12953718	P31	Q34770	instance-of
Q12953719	P31	Q34770	instance-of
Q12953721	P31	Q34770	instance-of
Q12953722	P31	Q34770	instance-of
Q12953723	P31	Q34770	instance-of
Q12953724	P31	Q34770	instance-of
Q12953726	P31	Q34770	instance-of
Q12953727	P31	Q34770	instance-of
Q12953729	P31	Q34770	instance-of
Q12953730	P31	Q34770	instance-of
Q12953731	P31	Q34770	instance-of
Q12953733	P31	Q34770	instance-of
Q12953734	P31	Q34770	instance-of
Q12953738	P31	Q34770	instance-of
Q12953739	P31	Q34770	instance-of
Q12953740	P31	Q34770	instance-of
Q12953741	P31	Q34770	instance-of
Q12953747	P31	Q34770	instance-of
Q12953749	P31	Q34770	instance-of
Q12953754	P31	Q34770	instance-of
Q12953756	P31	Q34770	instance-of
Q12953757	P31	Q34770	instance-of
Q12953768	P31	Q34770	instance-of
Q12953774	P31	Q34770	instance-of
Q12953782	P31	Q34770	instance-of
Q12953783	P31	Q34770	instance-of
Q12953785	P31	Q34770	instance-of
Q12953787	P31	Q34770	instance-of
Q12953788	P31	Q34770	instance-of
Q12953791	P31	Q34770	instance-of
Q12953795	P31	Q34770	instance-of
Q12953796	P31	Q34770	instance-of
Q12953797	P31	Q34770	instance-of
Q12953798	P31	Q34770	instance-of
Q12953804	P31	Q34770	instance-of
Q12953806	P31	Q34770	instance-of
Q12953808	P31	Q34770	instance-of
Q12953819	P31	Q34770	instance-of
Q12953831	P31	Q34770	instance-of
Q12953832	P31	Q34770	instance-of
Q12953835	P31	Q34770	instance-of
Q12953837	P31	Q34770	instance-of
Q12953838	P31	Q34770	instance-of
Q12953839	P31	Q34770	instance-of
Q12953840	P31	Q34770	instance-of
Q12953841	P31	Q34770	instance-of
Q12953844	P31	Q34770	instance-of
Q12953845	P31	Q34770	instance-of
Q12953846	P31	Q34770	instance-of
Q12953847	P31	Q34770	instance-of
Q12953848	P31	Q34770	instance-of
Q12953854	P31	Q34770	instance-of
Q12953857	P31	Q34770	instance-of
Q12953860	P31	Q34770	instance-of
Q12953867	P31	Q34770	instance-of
Q12953881	P31	Q34770	instance-of
Q12953884	P31	Q34770	instance-of
Q12953887	P31	Q34770	instance-of
Q12953890	P31	Q34770	instance-of
Q12953891	P31	Q34770	instance-of
Q12953892	P31	Q34770	instance-of
Q12953893	P31	Q34770	instance-of
Q12953902	P31	Q34770	instance-of
Q12953907	P31	Q34770	instance-of
Q12953908	P31	Q34770	instance-of
Q12953909	P31	Q34770	instance-of
Q12953912	P31	Q34770	instance-of
Q12953913	P31	Q34770	instance-of
Q12953917	P31	Q34770	instance-of
Q12953920	P31	Q34770	instance-of
Q12953921	P31	Q34770	instance-of
Q12953924	P31	Q34770	instance-of
Q12953934	P31	Q34770	instance-of
Q12953935	P31	Q34770	instance-of
Q12953942	P31	Q34770	instance-of
Q12953943	P31	Q34770	instance-of
Q12953952	P31	Q34770	instance-of
Q12953954	P31	Q34770	instance-of
Q12953960	P31	Q34770	instance-of
Q12953970	P31	Q34770	instance-of
Q12953981	P31	Q34770	instance-of
Q12954000	P31	Q34770	instance-of
Q12954011	P31	Q34770	instance-of
Q12954012	P31	Q34770	instance-of
Q12954015	P31	Q34770	instance-of
Q12954017	P31	Q34770	instance-of
Q12954031	P31	Q34770	instance-of
Q129610	P31	Q515	instance-of
Q129649	P31	Q515	instance-of
Q12967437	P31	Q34770	instance-of
Q12976968	P31	Q34770	instance-of
Q12980369	P31	Q34770	instance-of
Q12982112	P31	Q34770	instance-of
Q12982846	P31	Q34770	instance-of
Q12994	P31	Q515	instance-of
Q129982959	P31	Q34770	instance-of
Q13018490	P31	Q34770	instance-of
Q13018510	P31	Q34770	instance-of
Q13018514	P31	Q34770	instance-of
Q13018522	P31	Q34770	instance-of
Q13018524	P31	Q34770	instance-of
Q13018525	P31	Q34770	instance-of
Q13018526	P31	Q34770	instance-of
Q13018531	P31	Q34770	instance-of
Q13018536	P31	Q34770	instance-of
Q13018538	P31	Q34770	instance-of
Q13018541	P31	Q34770	instance-of
Q13018551	P31	Q34770	instance-of
Q13018555	P31	Q34770	instance-of
Q13018556	P31	Q34770	instance-of
Q13018557	P31	Q34770	instance-of
Q13018559	P31	Q34770	instance-of
Q13018575	P31	Q34770	instance-of
Q13018576	P31	Q34770	instance-of
Q13018596	P31	Q34770	instance-of
Q13018598	P31	Q34770	instance-of
Q13018603	P31	Q34770	instance-of
Q13018608	P31	Q34770	instance-of
Q13018626	P31	Q34770	instance-of
Q13018630	P31	Q34770	instance-of
Q130191	P31	Q515	instance-of
Q130212	P31	Q515	instance-of
Q130224860	P31	Q34770	instance-of
Q130244240	P31	Q34770	instance-of
Q130300614	P31	Q34770	instance-of
Q130307848	P31	Q34770	instance-of
Q130323218	P31	Q34770	instance-of
Q13036424	P31	Q34770	instance-of
Q130377329	P31	Q34770	instance-of
Q130383768	P31	Q34770	instance-of
Q130456773	P31	Q34770	instance-of
Q130469	P31	Q515	instance-of
Q1305	P31	Q515	instance-of
Q130514	P31	Q515	instance-of
Q130535687	P31	Q34770	instance-of
Q130542425	P31	Q34770	instance-of
Q1305486	P31	Q3918	instance-of
Q130641498	P31	Q34770	instance-of
Q1306585	P31	Q9143	instance-of
Q130724749	P31	Q34770	instance-of
Q1307730	P31	Q34770	instance-of
Q1308	P31	Q515	instance-of
Q130800	P31	Q515	instance-of
Q13091954	P31	Q34770	instance-of
Q13092737	P31	Q34770	instance-of
Q1310	P31	Q515	instance-of
Q131074	P31	Q11424	instance-of
Q131127	P31	Q515	instance-of
Q131127486	P31	Q34770	instance-of
Q131127495	P31	Q34770	instance-of
Q131127526	P31	Q34770	instance-of
Q131128	P31	Q515	instance-of
Q131143473	P31	Q34770	instance-of
Q13117696	P31	Q34770	instance-of
Q131182	P31	Q482994	instance-of
Q131233	P31	Q515	instance-of
Q13123376	P31	Q34770	instance-of
Q13123409	P31	Q34770	instance-of
Q13123488	P31	Q34770	instance-of
Q13123491	P31	Q34770	instance-of
Q13123500	P31	Q34770	instance-of
Q13123561	P31	Q34770	instance-of
Q13123571	P31	Q34770	instance-of
Q13123599	P31	Q34770	instance-of
Q131243	P31	Q515	instance-of
Q1312762	P31	Q3918	instance-of
Q131285970	P31	Q34770	instance-of
Q131287560	P31	Q34770	instance-of
Q131293350	P31	Q34770	instance-of
Q131313305	P31	Q34770	instance-of
Q131323	P31	Q515	instance-of
Q131324996	P31	Q34770	instance-of
Q131325008	P31	Q34770	instance-of
Q131325017	P31	Q34770	instance-of
Q131325023	P31	Q34770	instance-of
Q131325025	P31	Q34770	instance-of
Q131339	P31	Q34770	instance-of
Q131356914	P31	Q34770	instance-of
Q131390	P31	Q11424	instance-of
Q131392	P31	Q482994	instance-of
Q131396354	P31	Q34770	instance-of
Q13142474	P31	Q34770	instance-of
Q13143510	P31	Q34770	instance-of
Q13143772	P31	Q34770	instance-of
Q13144259	P31	Q34770	instance-of
Q13144955	P31	Q34770	instance-of
Q13145259	P31	Q34770	instance-of
Q131461241	P31	Q34770	instance-of
Q13146490	P31	Q34770	instance-of
Q131495	P31	Q515	instance-of
Q13155057	P31	Q34770	instance-of
Q131552156	P31	Q34770	instance-of
Q131553628	P31	Q34770	instance-of
Q131553700	P31	Q34770	instance-of
Q131578685	P31	Q34770	instance-of
Q131584212	P31	Q34770	instance-of
Q131588685	P31	Q6256	instance-of
Q131605	P31	Q515	instance-of
Q131607884	P31	Q34770	instance-of
Q131612	P31	Q515	instance-of
Q131623074	P31	Q3918	instance-of
Q131625885	P31	Q34770	instance-of
Q131638	P31	Q515	instance-of
Q131685659	P31	Q34770	instance-of
Q131689424	P31	Q34770	instance-of
Q131694	P31	Q515	instance-of
Q13171	P31	Q482994	instance-of
Q13172	P31	Q482994	instance-of
Q131761777	P31	Q34770	instance-of
Q131783071	P31	Q34770	instance-of
Q131818	P31	Q515	instance-of
Q131831106	P31	Q34770	instance-of
Q13191119	P31	Q34770	instance-of
Q131919251	P31	Q482994	instance-of
Q13197	P31	Q34770	instance-of
Q13198	P31	Q34770	instance-of
Q131995150	P31	Q34770	instance-of
Q13202	P31	Q34770	instance-of
Q132043	P31	Q515	instance-of
Q132069037	P31	Q34770	instance-of
Q1321	P31	Q34770	instance-of
Q13210	P31	Q34770	instance-of
Q132126724	P31	Q34770	instance-of
Q13214	P31	Q34770	instance-of
Q132168493	P31	Q34770	instance-of
Q132189699	P31	Q34770	instance-of
Q13226	P31	Q34770	instance-of
Q13229	P31	Q34770	instance-of
Q1323362	P31	Q9143	instance-of
Q13239	P31	Q34770	instance-of
Q1324132	P31	Q34770	instance-of
Q132444522	P31	Q34770	instance-of
Q132477777	P31	Q34770	instance-of
Q132477782	P31	Q34770	instance-of
Q132478	P31	Q3918	instance-of
Q13249	P31	Q34770	instance-of
Q13257	P31	Q34770	instance-of
Q132573239	P31	Q34770	instance-of
Q132645829	P31	Q34770	instance-of
Q132671	P31	Q515	instance-of
Q132679	P31	Q515	instance-of
Q13268	P31	Q34770	instance-of
Q132689	P31	Q11424	instance-of
Q13269	P31	Q34770	instance-of
Q13272	P31	Q34770	instance-of
Q13273	P31	Q34770	instance-of
Q132745846	P31	Q34770	instance-of
Q132754	P31	Q515	instance-of
Q13278	P31	Q34770	instance-of
Q13281	P31	Q34770	instance-of
Q132820243	P31	Q34770	instance-of
Q13283	P31	Q34770	instance-of
Q132861142	P31	Q34770	instance-of
Q132861242	P31	Q34770	instance-of
Q13295	P31	Q34770	instance-of
Q13297	P31	Q34770	instance-of
Q13299	P31	Q34770	instance-of
Q13301	P31	Q34770	instance-of
Q13303	P31	Q34770	instance-of
Q13307	P31	Q34770	instance-of
Q133073	P31	Q515	instance-of
Q133091621	P31	Q34770	instance-of
Q13310	P31	Q34770	instance-of
Q13311	P31	Q34770	instance-of
Q133116	P31	Q515	instance-of
Q133118	P31	Q515	instance-of
Q133123	P31	Q515	instance-of
Q13313	P31	Q34770	instance-of
Q133132	P31	Q43229	instance-of
Q13315	P31	Q34770	instance-of
Q133152067	P31	Q34770	instance-of
Q13316	P31	Q34770	instance-of
Q13318	P31	Q515	instance-of
Q13320	P31	Q515	instance-of
Q133236919	P31	Q34770	instance-of
Q13324	P31	Q34770	instance-of
Q133251390	P31	Q34770	instance-of
Q133269917	P31	Q34770	instance-of
Q133281301	P31	Q34770	instance-of
Q13329	P31	Q515	instance-of
Q133294847	P31	Q34770	instance-of
Q133315	P31	Q515	instance-of
Q13333	P31	Q34770	instance-of
Q1333399	P31	Q3918	instance-of
Q13336	P31	Q34770	instance-of
Q1333607	P31	Q3918	instance-of
Q13338	P31	Q3918	instance-of
Q13339	P31	Q34770	instance-of
Q133445037	P31	Q34770	instance-of
Q13345	P31	Q34770	instance-of
Q133456378	P31	Q34770	instance-of
Q1334586	P31	Q9143	instance-of
Q13349	P31	Q34770	instance-of
Q13351	P31	Q34770	instance-of
Q1335388	P31	Q9143	instance-of
Q13356	P31	Q34770	instance-of
Q13357	P31	Q34770	instance-of
Q13360	P31	Q515	instance-of
Q13361	P31	Q34770	instance-of
Q13362	P31	Q515	instance-of
Q13363	P31	Q34770	instance-of
Q13364	P31	Q515	instance-of
Q13365	P31	Q34770	instance-of
Q133654	P31	Q11424	instance-of
Q13367	P31	Q515	instance-of
Q133678	P31	Q34770	instance-of
Q13368	P31	Q34770	instance-of
Q13369	P31	Q515	instance-of
Q13372	P31	Q515	instance-of
Q13373	P31	Q515	instance-of
Q13375	P31	Q515	instance-of
Q13377	P31	Q515	instance-of
Q133802784	P31	Q34770	instance-of
Q133837276	P31	Q34770	instance-of
Q133850588	P31	Q34770	instance-of
Q13386	P31	Q515	instance-of
Q133871215	P31	Q34770	instance-of
Q13389	P31	Q34770	instance-of
Q133890689	P31	Q34770	instance-of
Q133896583	P31	Q34770	instance-of
Q1341	P31	Q515	instance-of
Q13410	P31	Q515	instance-of
Q13411396	P31	Q34770	instance-of
Q134127131	P31	Q34770	instance-of
Q13417189	P31	Q11424	instance-of
Q134238837	P31	Q34770	instance-of
Q134238853	P31	Q34770	instance-of
Q134274638	P31	Q34770	instance-of
Q134274657	P31	Q34770	instance-of
Q134287	P31	Q515	instance-of
Q134287195	P31	Q34770	instance-of
Q134291	P31	Q515	instance-of
Q134302168	P31	Q34770	instance-of
Q134303389	P31	Q34770	instance-of
Q134374036	P31	Q34770	instance-of
Q134378808	P31	Q34770	instance-of
Q134389658	P31	Q34770	instance-of
Q134396591	P31	Q34770	instance-of
Q134429142	P31	Q34770	instance-of
Q134445797	P31	Q34770	instance-of
Q134462946	P31	Q34770	instance-of
Q134509	P31	Q515	instance-of
Q134514	P31	Q515	instance-of
Q134522809	P31	Q34770	instance-of
Q134549456	P31	Q34770	instance-of
Q134563032	P31	Q34770	instance-of
Q1345684	P31	Q34770	instance-of
Q13459953	P31	Q34770	instance-of
Q134600258	P31	Q34770	instance-of
Q134607581	P31	Q34770	instance-of
Q134620	P31	Q515	instance-of
Q134621512	P31	Q34770	instance-of
Q134622149	P31	Q34770	instance-of
Q134626399	P31	Q34770	instance-of
Q13464	P31	Q515	instance-of
Q134641315	P31	Q34770	instance-of
Q134672	P31	Q515	instance-of
Q13470	P31	Q515	instance-of
Q134703	P31	Q515	instance-of
Q134705413	P31	Q34770	instance-of
Q134712	P31	Q515	instance-of
Q134716231	P31	Q34770	instance-of
Q134740069	P31	Q34770	instance-of
Q13479839	P31	Q34770	instance-of
Q13479983	P31	Q34770	instance-of
Q13486	P31	Q515	instance-of
Q134902	P31	Q515	instance-of
Q1349150	P31	Q3918	instance-of
Q13496636	P31	Q9143	instance-of
Q13498	P31	Q515	instance-of
Q134984777	P31	Q34770	instance-of
Q135002667	P31	Q34770	instance-of
Q135037948	P31	Q34770	instance-of
Q135099901	P31	Q34770	instance-of
Q13510225	P31	Q34770	instance-of
Q1351046	P31	Q515	instance-of
Q135153564	P31	Q34770	instance-of
Q135206271	P31	Q34770	instance-of
Q135219449	P31	Q34770	instance-of
Q135243489	P31	Q34770	instance-of
Q135263647	P31	Q34770	instance-of
Q13526867	P31	Q34770	instance-of
Q135275284	P31	Q34770	instance-of
Q135287537	P31	Q34770	instance-of
Q135287552	P31	Q34770	instance-of
Q1353139	P31	Q3918	instance-of
Q135350446	P31	Q34770	instance-of
Q135397539	P31	Q34770	instance-of
Q1354	P31	Q515	instance-of
Q1354097	P31	Q3918	instance-of
Q13541830	P31	Q34770	instance-of
Q13541831	P31	Q34770	instance-of
Q135420901	P31	Q34770	instance-of
Q135435190	P31	Q34770	instance-of
Q135435330	P31	Q34770	instance-of
Q135439178	P31	Q34770	instance-of
Q135439924	P31	Q34770	instance-of
Q135447213	P31	Q34770	instance-of
Q135466806	P31	Q34770	instance-of
Q135472206	P31	Q34770	instance-of
Q135472456	P31	Q34770	instance-of
Q13548133	P31	Q34770	instance-of
Q135483633	P31	Q34770	instance-of
Q1355	P31	Q515	instance-of
Q135520206	P31	Q34770	instance-of
Q13553748	P31	Q34770	instance-of
Q13561407	P31	Q34770	instance-of
Q13580777	P31	Q34770	instance-of
Q13580783	P31	Q34770	instance-of
Q13580912	P31	Q34770	instance-of
Q13581718	P31	Q34770	instance-of
Q13583504	P31	Q34770	instance-of
Q13583505	P31	Q34770	instance-of
Q13583508	P31	Q34770	instance-of
Q13583510	P31	Q34770	instance-of
Q13583581	P31	Q34770	instance-of
Q135843305	P31	Q34770	instance-of
Q13586632	P31	Q34770	instance-of
Q13589641	P31	Q34770	instance-of
Q135910492	P31	Q34770	instance-of
Q13591127	P31	Q34770	instance-of
Q13591205	P31	Q34770	instance-of
Q1359130	P31	Q34770	instance-of
Q13591670	P31	Q34770	instance-of
Q1359171	P31	Q9143	instance-of
Q13593518	P31	Q34770	instance-of
Q135984841	P31	Q34770	instance-of
Q135984844	P31	Q34770	instance-of
Q13601748	P31	Q34770	instance-of
Q136196924	P31	Q34770	instance-of
Q136217	P31	Q515	instance-of
Q13625	P31	Q515	instance-of
Q13629	P31	Q515	instance-of
Q136296616	P31	Q34770	instance-of
Q1363072	P31	Q34770	instance-of
Q136334317	P31	Q34770	instance-of
Q13634282	P31	Q34770	instance-of
Q136359830	P31	Q34770	instance-of
Q136411088	P31	Q34770	instance-of
Q136450438	P31	Q34770	instance-of
Q1364815	P31	Q34770	instance-of
Q136488499	P31	Q34770	instance-of
Q136512337	P31	Q34770	instance-of
Q136513019	P31	Q34770	instance-of
Q1365132	P31	Q34770	instance-of
Q136527538	P31	Q34770	instance-of
Q136528726	P31	Q34770	instance-of
Q136533016	P31	Q34770	instance-of
Q136534107	P31	Q34770	instance-of
Q1365342	P31	Q34770	instance-of
Q136546063	P31	Q34770	instance-of
Q136563052	P31	Q34770	instance-of
Q136659303	P31	Q34770	instance-of
Q13666	P31	Q515	instance-of
Q1366643	P31	Q34770	instance-of
Q136669191	P31	Q34770	instance-of
Q136683160	P31	Q34770	instance-of
Q136697399	P31	Q34770	instance-of
Q13670	P31	Q515	instance-of
Q136773021	P31	Q34770	instance-of
Q136773762	P31	Q34770	instance-of
Q13678	P31	Q515	instance-of
Q136798946	P31	Q34770	instance-of
Q136813367	P31	Q34770	instance-of
Q136892380	P31	Q34770	instance-of
Q136913366	P31	Q34770	instance-of
Q136989800	P31	Q34770	instance-of
Q1370318	P31	Q3918	instance-of
Q1370342	P31	Q3918	instance-of
Q137039828	P31	Q34770	instance-of
Q137103930	P31	Q34770	instance-of
Q137104115	P31	Q34770	instance-of
Q137168496	P31	Q34770	instance-of
Q137185971	P31	Q34770	instance-of
Q137217122	P31	Q34770	instance-of
Q1372362	P31	Q3918	instance-of
Q137241281	P31	Q34770	instance-of
Q137266043	P31	Q34770	instance-of
Q137266102	P31	Q34770	instance-of
Q137266140	P31	Q34770	instance-of
Q137271	P31	Q515	instance-of
Q13728042	P31	Q34770	instance-of
Q137302405	P31	Q34770	instance-of
Q137324164	P31	Q34770	instance-of
Q137368026	P31	Q34770	instance-of
Q137383068	P31	Q34770	instance-of
Q137384508	P31	Q34770	instance-of
Q1374139	P31	Q9143	instance-of
Q137439737	P31	Q34770	instance-of
Q13748797	P31	Q34770	instance-of
Q137503	P31	Q3918	instance-of
Q137525	P31	Q34770	instance-of
Q137591312	P31	Q34770	instance-of
Q137604299	P31	Q34770	instance-of
Q137690985	P31	Q34770	instance-of
Q137703893	P31	Q34770	instance-of
Q137767039	P31	Q34770	instance-of
Q137792067	P31	Q34770	instance-of
Q137799932	P31	Q34770	instance-of
Q137800733	P31	Q34770	instance-of
Q137812359	P31	Q34770	instance-of
Q137816738	P31	Q34770	instance-of
Q137883813	P31	Q34770	instance-of
Q137921907	P31	Q34770	instance-of
Q137921909	P31	Q34770	instance-of
Q138008668	P31	Q34770	instance-of
Q138009124	P31	Q34770	instance-of
Q138010504	P31	Q34770	instance-of
Q138020062	P31	Q34770	instance-of
Q138025322	P31	Q34770	instance-of
Q138030345	P31	Q34770	instance-of
Q1382	P31	Q515	instance-of
Q138297750	P31	Q34770	instance-of
Q138299483	P31	Q34770	instance-of
Q138303032	P31	Q34770	instance-of
Q138464039	P31	Q34770	instance-of
Q13848149	P31	Q34770	instance-of
Q138499099	P31	Q34770	instance-of
Q138542319	P31	Q34770	instance-of
Q138543658	P31	Q34770	instance-of
Q138544926	P31	Q34770	instance-of
Q138545434	P31	Q34770	instance-of
Q138565081	P31	Q34770	instance-of
Q138565089	P31	Q34770	instance-of
Q138605686	P31	Q34770	instance-of
Q138662681	P31	Q34770	instance-of
Q138673609	P31	Q34770	instance-of
Q138673625	P31	Q34770	instance-of
Q138713601	P31	Q34770	instance-of
Q1387402	P31	Q9143	instance-of
Q138755986	P31	Q34770	instance-of
Q138858478	P31	Q34770	instance-of
Q138858515	P31	Q34770	instance-of
Q138858573	P31	Q34770	instance-of
Q1389173	P31	Q9143	instance-of
Q13893353	P31	Q34770	instance-of
Q138986	P31	Q515	instance-of
Q139071161	P31	Q34770	instance-of
Q1391724	P31	Q9143	instance-of
Q139242	P31	Q515	instance-of
Q139256148	P31	Q34770	instance-of
Q139262086	P31	Q34770	instance-of
Q139380	P31	Q9143	instance-of
Q13939	P31	Q515	instance-of
Q139497533	P31	Q34770	instance-of
Q139498196	P31	Q34770	instance-of
Q139499106	P31	Q34770	instance-of
Q139499141	P31	Q34770	instance-of
Q139500047	P31	Q34770	instance-of
Q139505180	P31	Q34770	instance-of
Q139547964	P31	Q34770	instance-of
Q13955	P31	Q34770	instance-of
Q139552213	P31	Q34770	instance-of
Q139558990	P31	Q34770	instance-of
Q139706	P31	Q515	instance-of
Q139745322	P31	Q34770	instance-of
Q139746314	P31	Q34770	instance-of
Q139761351	P31	Q34770	instance-of
Q139819026	P31	Q34770	instance-of
Q139822680	P31	Q34770	instance-of
Q139822891	P31	Q34770	instance-of
Q139853857	P31	Q34770	instance-of
Q139854763	P31	Q34770	instance-of
Q139891076	P31	Q34770	instance-of
Q140030295	P31	Q6256	instance-of
Q140042859	P31	Q34770	instance-of
Q140068739	P31	Q34770	instance-of
Q140075	P31	Q515	instance-of
Q140133367	P31	Q34770	instance-of
Q140157328	P31	Q34770	instance-of
Q140157369	P31	Q34770	instance-of
Q140159852	P31	Q34770	instance-of
Q140304	P31	Q515	instance-of
Q140631	P31	Q515	instance-of
Q1406574	P31	Q34770	instance-of
Q1410	P31	Q515	instance-of
Q1411222	P31	Q3918	instance-of
Q1411245	P31	Q9143	instance-of
Q1411875	P31	Q9143	instance-of
Q14171368	P31	Q11424	instance-of
Q14183	P31	Q34770	instance-of
Q1419737	P31	Q3918	instance-of
Q142	P31	Q6256	instance-of
Q1420205	P31	Q34770	instance-of
Q1420239	P31	Q3918	instance-of
Q1422458	P31	Q3918	instance-of
Q14240916	P31	Q34770	instance-of
Q1425428	P31	Q515	instance-of
Q1430113	P31	Q3918	instance-of
Q143130	P31	Q34770	instance-of
Q1432030	P31	Q3918	instance-of
Q1432632	P31	Q3918	instance-of
Q143419	P31	Q9143	instance-of
Q14352960	P31	Q34770	instance-of
Q14355034	P31	Q34770	instance-of
Q1436816	P31	Q515	instance-of
Q14378091	P31	Q9143	instance-of
Q14426328	P31	Q34770	instance-of
Q14426329	P31	Q34770	instance-of
Q144488	P31	Q3918	instance-of
Q14453	P31	Q515	instance-of
Q14454446	P31	Q34770	instance-of
Q1446181	P31	Q3918	instance-of
Q14466283	P31	Q34770	instance-of
Q14468943	P31	Q34770	instance-of
Q144983	P31	Q515	instance-of
Q145	P31	Q6256	instance-of
Q145002	P31	Q515	instance-of
Q14531212	P31	Q34770	instance-of
Q1453196	P31	Q515	instance-of
Q1458695	P31	Q3918	instance-of
Q145972	P31	Q515	instance-of
Q14623791	P31	Q34770	instance-of
Q146307	P31	Q515	instance-of
Q1463356	P31	Q3918	instance-of
Q146342	P31	Q515	instance-of
Q146356	P31	Q515	instance-of
Q146509	P31	Q515	instance-of
Q1465448	P31	Q3918	instance-of
Q14697894	P31	Q34770	instance-of
Q14697981	P31	Q34770	instance-of
Q147006	P31	Q482994	instance-of
Q1470769	P31	Q3918	instance-of
Q147089	P31	Q515	instance-of
Q1471879	P31	Q3918	instance-of
Q1472199	P31	Q34770	instance-of
Q1472213	P31	Q34770	instance-of
Q1472421	P31	Q34770	instance-of
Q147243	P31	Q515	instance-of
Q1473289	P31	Q34770	instance-of
Q147402	P31	Q515	instance-of
Q1474656	P31	Q3918	instance-of
Q14759	P31	Q34770	instance-of
Q1477607	P31	Q3918	instance-of
Q147934	P31	Q515	instance-of
Q147975	P31	Q515	instance-of
Q148	P31	Q6256	instance-of
Q148062	P31	Q515	instance-of
Q1486208	P31	Q9143	instance-of
Q1489	P31	Q515	instance-of
Q14916876	P31	Q34770	instance-of
Q14916877	P31	Q34770	instance-of
Q14916883	P31	Q34770	instance-of
Q14916885	P31	Q34770	instance-of
Q14916887	P31	Q34770	instance-of
Q14916889	P31	Q34770	instance-of
Q14916894	P31	Q34770	instance-of
Q14916896	P31	Q34770	instance-of
Q14916897	P31	Q34770	instance-of
Q14916900	P31	Q34770	instance-of
Q14916905	P31	Q34770	instance-of
Q14916906	P31	Q34770	instance-of
Q14916907	P31	Q34770	instance-of
Q14916908	P31	Q34770	instance-of
Q14916911	P31	Q34770	instance-of
Q14916912	P31	Q34770	instance-of
Q1492	P31	Q515	instance-of
Q149208	P31	Q34770	instance-of
Q1494353	P31	Q3918	instance-of
Q14957	P31	Q515	instance-of
Q149588	P31	Q34770	instance-of
Q1496597	P31	Q34770	instance-of
Q1496662	P31	Q3918	instance-of
Q1499115	P31	Q34770	instance-of
Q149990	P31	Q3918	instance-of
Q150	P31	Q34770	instance-of
Q1505372	P31	Q9143	instance-of
Q15069308	P31	Q34770	instance-of
Q15080869	P31	Q34770	instance-of
Q15085	P31	Q34770	instance-of
Q150901	P31	Q482994	instance-of
Q15092	P31	Q515	instance-of
Q151114	P31	Q482994	instance-of
Q1513	P31	Q515	instance-of
Q15142	P31	Q3918	instance-of
Q1515	P31	Q515	instance-of
Q151657	P31	Q482994	instance-of
Q1516651	P31	Q34770	instance-of
Q1516803	P31	Q34770	instance-of
Q1517021	P31	Q3918	instance-of
Q151714	P31	Q482994	instance-of
Q15174	P31	Q515	instance-of
Q151880	P31	Q482994	instance-of
Q1519	P31	Q515	instance-of
Q151920	P31	Q515	instance-of
Q1519764	P31	Q34770	instance-of
Q15220528	P31	Q34770	instance-of
Q152368	P31	Q515	instance-of
Q1523902	P31	Q3918	instance-of
Q152396	P31	Q515	instance-of
Q15241057	P31	Q9143	instance-of
Q152436	P31	Q515	instance-of
Q152449	P31	Q515	instance-of
Q152467	P31	Q515	instance-of
Q152473	P31	Q515	instance-of
Q152491	P31	Q515	instance-of
Q1524992	P31	Q3918	instance-of
Q1526037	P31	Q34770	instance-of
Q152605	P31	Q482994	instance-of
Q1526525	P31	Q34770	instance-of
Q152831	P31	Q515	instance-of
Q152873	P31	Q482994	instance-of
Q152902	P31	Q515	instance-of
Q15293344	P31	Q34770	instance-of
Q15302988	P31	Q34770	instance-of
Q1530394	P31	Q34770	instance-of
Q1533	P31	Q515	instance-of
Q15338035	P31	Q34770	instance-of
Q15342275	P31	Q34770	instance-of
Q153627	P31	Q34770	instance-of
Q153723	P31	Q11424	instance-of
Q1537759	P31	Q3918	instance-of
Q1538	P31	Q515	instance-of
Q1538458	P31	Q9143	instance-of
Q15407174	P31	Q34770	instance-of
Q15407179	P31	Q34770	instance-of
Q15407187	P31	Q34770	instance-of
Q15408477	P31	Q9143	instance-of
Q1542386	P31	Q3918	instance-of
Q1542418	P31	Q3918	instance-of
Q1543126	P31	Q3918	instance-of
Q15462609	P31	Q34770	instance-of
Q15462671	P31	Q34770	instance-of
Q1546494	P31	Q34770	instance-of
Q1546906	P31	Q3918	instance-of
Q1547084	P31	Q3918	instance-of
Q1547448	P31	Q9143	instance-of
Q154797	P31	Q43229	instance-of
Q154897	P31	Q515	instance-of
Q155	P31	Q6256	instance-of
Q155169	P31	Q482994	instance-of
Q15549890	P31	Q34770	instance-of
Q1555	P31	Q515	instance-of
Q155593	P31	Q482994	instance-of
Q155645	P31	Q34770	instance-of
Q15570	P31	Q3918	instance-of
Q155715	P31	Q482994	instance-of
Q155915	P31	Q515	instance-of
Q155993	P31	Q515	instance-of
Q15613270	P31	Q34770	instance-of
Q15613282	P31	Q34770	instance-of
Q15614922	P31	Q34770	instance-of
Q15615591	P31	Q34770	instance-of
Q15615594	P31	Q34770	instance-of
Q15615651	P31	Q34770	instance-of
Q15615982	P31	Q34770	instance-of
Q15616302	P31	Q34770	instance-of
Q15616384	P31	Q34770	instance-of
Q15616395	P31	Q34770	instance-of
Q15616509	P31	Q34770	instance-of
Q15616518	P31	Q34770	instance-of
Q15622700	P31	Q34770	instance-of
Q1563	P31	Q515	instance-of
Q1563050	P31	Q3918	instance-of
Q15632357	P31	Q34770	instance-of
Q15632387	P31	Q34770	instance-of
Q15633149	P31	Q34770	instance-of
Q15634505	P31	Q34770	instance-of
Q15637215	P31	Q34770	instance-of
Q15637273	P31	Q34770	instance-of
Q15637351	P31	Q34770	instance-of
Q15640	P31	Q515	instance-of
Q15649021	P31	Q34770	instance-of
Q156558	P31	Q515	instance-of
Q156598	P31	Q3918	instance-of
Q156598	P31	Q43229	instance-of
Q15661430	P31	Q34770	instance-of
Q15662050	P31	Q34770	instance-of
Q15662248	P31	Q34770	instance-of
Q1567033	P31	Q34770	instance-of
Q156710	P31	Q482994	instance-of
Q15679	P31	Q515	instance-of
Q15684	P31	Q515	instance-of
Q156858	P31	Q515	instance-of
Q15688	P31	Q515	instance-of
Q1568938	P31	Q34770	instance-of
Q1568989	P31	Q34770	instance-of
Q156974	P31	Q515	instance-of
Q15699255	P31	Q34770	instance-of
Q157024	P31	Q515	instance-of
Q157032	P31	Q515	instance-of
Q1570483	P31	Q3918	instance-of
Q157050	P31	Q515	instance-of
Q1571077	P31	Q9143	instance-of
Q15723156	P31	Q34770	instance-of
Q1572341	P31	Q9143	instance-of
Q157246	P31	Q515	instance-of
Q1572865	P31	Q9143	instance-of
Q15736037	P31	Q34770	instance-of
Q1575044	P31	Q3918	instance-of
Q15762	P31	Q515	instance-of
Q157734	P31	Q6256	instance-of
Q157915	P31	Q515	instance-of
Q1579397	P31	Q3918	instance-of
Q1579560	P31	Q34770	instance-of
Q158004	P31	Q515	instance-of
Q158006	P31	Q515	instance-of
Q158119	P31	Q515	instance-of
Q1582460	P31	Q3918	instance-of
Q15831607	P31	Q34770	instance-of
Q158467	P31	Q515	instance-of
Q158485	P31	Q515	instance-of
Q158488	P31	Q515	instance-of
Q15865	P31	Q515	instance-of
Q15877	P31	Q515	instance-of
Q15883	P31	Q515	instance-of
Q15887898	P31	Q34770	instance-of
Q15887910	P31	Q34770	instance-of
Q158903	P31	Q515	instance-of
Q15895870	P31	Q34770	instance-of
Q15899	P31	Q515	instance-of
Q159	P31	Q6256	instance-of
Q15901	P31	Q515	instance-of
Q15901269	P31	Q34770	instance-of
Q15902450	P31	Q34770	instance-of
Q15904507	P31	Q34770	instance-of
Q15906	P31	Q515	instance-of
Q15913235	P31	Q34770	instance-of
Q15913367	P31	Q34770	instance-of
Q15914009	P31	Q34770	instance-of
Q15918	P31	Q515	instance-of
Q15926547	P31	Q34770	instance-of
Q15927842	P31	Q34770	instance-of
Q15928	P31	Q515	instance-of
Q15929997	P31	Q34770	instance-of
Q15930224	P31	Q34770	instance-of
Q159325	P31	Q515	instance-of
Q15942798	P31	Q34770	instance-of
Q159610	P31	Q515	instance-of
Q15971618	P31	Q9143	instance-of
Q15974357	P31	Q34770	instance-of
Q15977293	P31	Q34770	instance-of
Q159835	P31	Q515	instance-of
Q15984	P31	Q515	instance-of
Q16	P31	Q6256	instance-of
Q16010	P31	Q515	instance-of
Q160112	P31	Q43229	instance-of
Q16012	P31	Q515	instance-of
Q160450	P31	Q515	instance-of
Q160493	P31	Q515	instance-of
Q160544	P31	Q515	instance-of
Q160618	P31	Q11424	instance-of
Q160642	P31	Q515	instance-of
Q160746	P31	Q43229	instance-of
Q160927	P31	Q515	instance-of
Q1609529	P31	Q9143	instance-of
Q1610024	P31	Q3918	instance-of
Q161087	P31	Q11424	instance-of
Q16109975	P31	Q34770	instance-of
Q16110177	P31	Q34770	instance-of
Q16110528	P31	Q34770	instance-of
Q16110782	P31	Q34770	instance-of
Q16111302	P31	Q34770	instance-of
Q16112427	P31	Q34770	instance-of
Q16112760	P31	Q34770	instance-of
Q16113158	P31	Q34770	instance-of
Q16113356	P31	Q34770	instance-of
Q16113894	P31	Q34770	instance-of
Q16114206	P31	Q34770	instance-of
Q16114351	P31	Q34770	instance-of
Q16114387	P31	Q34770	instance-of
Q16114413	P31	Q34770	instance-of
Q16115012	P31	Q34770	instance-of
Q16115423	P31	Q34770	instance-of
Q16115430	P31	Q34770	instance-of
Q16115449	P31	Q34770	instance-of
Q16115455	P31	Q34770	instance-of
Q16115463	P31	Q34770	instance-of
Q16115511	P31	Q34770	instance-of
Q16115619	P31	Q34770	instance-of
Q16116122	P31	Q34770	instance-of
Q16116386	P31	Q34770	instance-of
Q16116522	P31	Q34770	instance-of
Q16116629	P31	Q34770	instance-of
Q16117272	P31	Q34770	instance-of
Q161562	P31	Q3918	instance-of
Q1616241	P31	Q34770	instance-of
Q161678	P31	Q11424	instance-of
Q161687	P31	Q11424	instance-of
Q16208632	P31	Q34770	instance-of
Q16211905	P31	Q34770	instance-of
Q16211970	P31	Q34770	instance-of
Q162255	P31	Q11424	instance-of
Q162279	P31	Q515	instance-of
Q16242050	P31	Q34770	instance-of
Q162442	P31	Q515	instance-of
Q162548	P31	Q515	instance-of
Q16258	P31	Q515	instance-of
Q162729	P31	Q11424	instance-of
Q1627967	P31	Q3918	instance-of
Q1629255	P31	Q3918	instance-of
Q16306549	P31	Q34770	instance-of
Q16306631	P31	Q34770	instance-of
Q16306695	P31	Q34770	instance-of
Q16306703	P31	Q34770	instance-of
Q16306754	P31	Q34770	instance-of
Q16310500	P31	Q34770	instance-of
Q1631474	P31	Q3918	instance-of
Q1633799	P31	Q3918	instance-of
Q16340	P31	Q9143	instance-of
Q1634624	P31	Q3918	instance-of
Q163468	P31	Q9143	instance-of
Q163490	P31	Q515	instance-of
Q163584	P31	Q515	instance-of
Q163607	P31	Q515	instance-of
Q163798	P31	Q515	instance-of
Q163852	P31	Q515	instance-of
Q163872	P31	Q11424	instance-of
Q1640	P31	Q515	instance-of
Q1640079	P31	Q515	instance-of
Q1640648	P31	Q3918	instance-of
Q1640726	P31	Q3918	instance-of
Q1640731	P31	Q3918	instance-of
Q164103	P31	Q11424	instance-of
Q1641493	P31	Q34770	instance-of
Q1641504	P31	Q3918	instance-of
Q1641543	P31	Q34770	instance-of
Q164197	P31	Q515	instance-of
Q1646181	P31	Q515	instance-of
Q164621	P31	Q482994	instance-of
Q164646	P31	Q482994	instance-of
Q1646874	P31	Q3918	instance-of
Q1648571	P31	Q9143	instance-of
Q1649537	P31	Q34770	instance-of
Q164963	P31	Q11424	instance-of
Q165090	P31	Q515	instance-of
Q165140	P31	Q515	instance-of
Q16520	P31	Q515	instance-of
Q165204	P31	Q515	instance-of
Q165372	P31	Q9143	instance-of
Q165380	P31	Q515	instance-of
Q165413	P31	Q515	instance-of
Q165422	P31	Q515	instance-of
Q1654327	P31	Q34770	instance-of
Q165436	P31	Q9143	instance-of
Q165444	P31	Q515	instance-of
Q1656014	P31	Q34770	instance-of
Q16564526	P31	Q34770	instance-of
Q1656595	P31	Q34770	instance-of
Q165713	P31	Q11424	instance-of
Q165736	P31	Q515	instance-of
Q165763	P31	Q6256	instance-of
Q165795	P31	Q34770	instance-of
Q165817	P31	Q11424	instance-of
Q1658937	P31	Q34770	instance-of
Q1659701	P31	Q34770	instance-of
Q165980	P31	Q3918	instance-of
Q165995	P31	Q515	instance-of
Q166262	P31	Q11424	instance-of
Q16628193	P31	Q34770	instance-of
Q16646278	P31	Q34770	instance-of
Q1665857	P31	Q9143	instance-of
Q16666	P31	Q515	instance-of
Q166824	P31	Q515	instance-of
Q1668296	P31	Q34770	instance-of
Q167551	P31	Q515	instance-of
Q167554	P31	Q482994	instance-of
Q167715	P31	Q515	instance-of
Q167726	P31	Q11424	instance-of
Q167744	P31	Q515	instance-of
Q167749	P31	Q515	instance-of
Q1678185	P31	Q3918	instance-of
Q1678733	P31	Q3918	instance-of
Q167895	P31	Q515	instance-of
Q168193	P31	Q515	instance-of
Q168197	P31	Q515	instance-of
Q168225	P31	Q515	instance-of
Q16825981	P31	Q34770	instance-of
Q16827670	P31	Q34770	instance-of
Q16828252	P31	Q34770	instance-of
Q16828359	P31	Q34770	instance-of
Q16828520	P31	Q34770	instance-of
Q16829627	P31	Q34770	instance-of
Q16835180	P31	Q34770	instance-of
Q16837736	P31	Q34770	instance-of
Q16837866	P31	Q34770	instance-of
Q16839143	P31	Q34770	instance-of
Q16839275	P31	Q34770	instance-of
Q16841033	P31	Q34770	instance-of
Q1684174	P31	Q9143	instance-of
Q16841801	P31	Q34770	instance-of
Q16843668	P31	Q34770	instance-of
Q16844787	P31	Q34770	instance-of
Q16846294	P31	Q34770	instance-of
Q16848784	P31	Q34770	instance-of
Q16849906	P31	Q34770	instance-of
Q16850160	P31	Q34770	instance-of
Q16856460	P31	Q34770	instance-of
Q16863097	P31	Q9143	instance-of
Q16869	P31	Q515	instance-of
Q16869068	P31	Q34770	instance-of
Q168751	P31	Q3918	instance-of
Q16878146	P31	Q34770	instance-of
Q16879234	P31	Q34770	instance-of
Q16879440	P31	Q34770	instance-of
Q16879490	P31	Q34770	instance-of
Q16880516	P31	Q34770	instance-of
Q16881283	P31	Q6256	instance-of
Q168819	P31	Q34770	instance-of
Q16882415	P31	Q34770	instance-of
Q16885737	P31	Q34770	instance-of
Q168866	P31	Q515	instance-of
Q16886762	P31	Q34770	instance-of
Q16886849	P31	Q34770	instance-of
Q16886936	P31	Q34770	instance-of
Q16887296	P31	Q34770	instance-of
Q16887371	P31	Q34770	instance-of
Q16889183	P31	Q34770	instance-of
Q16889525	P31	Q34770	instance-of
Q16889677	P31	Q34770	instance-of
Q16889772	P31	Q34770	instance-of
Q16889876	P31	Q34770	instance-of
Q16889925	P31	Q34770	instance-of
Q16889997	P31	Q34770	instance-of
Q16890038	P31	Q34770	instance-of
Q16890110	P31	Q34770	instance-of
Q16890729	P31	Q34770	instance-of
Q16890829	P31	Q34770	instance-of
Q16891606	P31	Q34770	instance-of
Q16892094	P31	Q34770	instance-of
Q16892360	P31	Q34770	instance-of
Q16893055	P31	Q34770	instance-of
Q16893603	P31	Q34770	instance-of
Q16894595	P31	Q34770	instance-of
Q168954	P31	Q515	instance-of
Q16897028	P31	Q34770	instance-of
Q16901637	P31	Q34770	instance-of
Q16905490	P31	Q34770	instance-of
Q16906282	P31	Q34770	instance-of
Q16909063	P31	Q34770	instance-of
Q16909608	P31	Q34770	instance-of
Q16909698	P31	Q34770	instance-of
Q16909966	P31	Q34770	instance-of
Q16910017	P31	Q34770	instance-of
Q16910249	P31	Q34770	instance-of
Q16910269	P31	Q34770	instance-of
Q16910923	P31	Q34770	instance-of
Q16911222	P31	Q34770	instance-of
Q16911261	P31	Q34770	instance-of
Q16911396	P31	Q34770	instance-of
Q16911431	P31	Q34770	instance-of
Q16912048	P31	Q34770	instance-of
Q16915811	P31	Q34770	instance-of
Q169160	P31	Q515	instance-of
Q16916143	P31	Q34770	instance-of
Q16916645	P31	Q34770	instance-of
Q16917079	P31	Q34770	instance-of
Q16917497	P31	Q34770	instance-of
Q16918160	P31	Q34770	instance-of
Q16918315	P31	Q34770	instance-of
Q16919227	P31	Q34770	instance-of
Q16919393	P31	Q34770	instance-of
Q16919427	P31	Q34770	instance-of
Q16919429	P31	Q34770	instance-of
Q16919822	P31	Q34770	instance-of
Q16919847	P31	Q34770	instance-of
Q16919861	P31	Q34770	instance-of
Q16920253	P31	Q34770	instance-of
Q16920653	P31	Q34770	instance-of
Q16920700	P31	Q34770	instance-of
Q169226	P31	Q482994	instance-of
Q169247	P31	Q515	instance-of
Q16926155	P31	Q34770	instance-of
Q16927208	P31	Q34770	instance-of
Q16927555	P31	Q34770	instance-of
Q16928162	P31	Q34770	instance-of
Q16928284	P31	Q34770	instance-of
Q16930605	P31	Q34770	instance-of
Q16931662	P31	Q34770	instance-of
Q16934495	P31	Q34770	instance-of
Q16934650	P31	Q34770	instance-of
Q16934711	P31	Q34770	instance-of
Q16934745	P31	Q34770	instance-of
Q16935551	P31	Q34770	instance-of
Q16937048	P31	Q34770	instance-of
Q16937754	P31	Q34770	instance-of
Q16938029	P31	Q34770	instance-of
Q16938541	P31	Q34770	instance-of
Q16938789	P31	Q34770	instance-of
Q16939267	P31	Q34770	instance-of
Q16939373	P31	Q34770	instance-of
Q16939552	P31	Q34770	instance-of
Q16941271	P31	Q34770	instance-of
Q16943542	P31	Q34770	instance-of
Q16945580	P31	Q34770	instance-of
Q16945613	P31	Q34770	instance-of
Q16945774	P31	Q34770	instance-of
Q16946370	P31	Q34770	instance-of
Q16947	P31	Q3918	instance-of
Q169478	P31	Q9143	instance-of
Q16948429	P31	Q34770	instance-of
Q16954400	P31	Q34770	instance-of
Q16955	P31	Q3918	instance-of
Q16957192	P31	Q34770	instance-of
Q16960599	P31	Q34770	instance-of
Q16963389	P31	Q34770	instance-of
Q16964423	P31	Q34770	instance-of
Q16966111	P31	Q34770	instance-of
Q16978	P31	Q515	instance-of
Q16978087	P31	Q34770	instance-of
Q16979655	P31	Q34770	instance-of
Q16999095	P31	Q34770	instance-of
Q17	P31	Q6256	instance-of
Q17002115	P31	Q34770	instance-of
Q17002646	P31	Q34770	instance-of
Q170027	P31	Q3918	instance-of
Q17006588	P31	Q34770	instance-of
Q17007626	P31	Q34770	instance-of
Q17011270	P31	Q34770	instance-of
Q17011619	P31	Q34770	instance-of
Q17012020	P31	Q34770	instance-of
Q170244	P31	Q515	instance-of
Q170263	P31	Q515	instance-of
Q17030513	P31	Q34770	instance-of
Q170313	P31	Q515	instance-of
Q17031342	P31	Q34770	instance-of
Q170315	P31	Q515	instance-of
Q17036256	P31	Q34770	instance-of
Q170457	P31	Q515	instance-of
Q17046415	P31	Q34770	instance-of
Q170497	P31	Q515	instance-of
Q170507	P31	Q515	instance-of
Q17051429	P31	Q34770	instance-of
Q17052493	P31	Q34770	instance-of
Q170525	P31	Q515	instance-of
Q170532	P31	Q515	instance-of
Q17053237	P31	Q34770	instance-of
Q170564	P31	Q11424	instance-of
Q17059380	P31	Q34770	instance-of
Q170616	P31	Q515	instance-of
Q17064263	P31	Q34770	instance-of
Q170688	P31	Q515	instance-of
Q170693	P31	Q515	instance-of
Q1707319	P31	Q34770	instance-of
Q1708709	P31	Q3918	instance-of
Q1709	P31	Q515	instance-of
Q170919	P31	Q515	instance-of
Q17093766	P31	Q34770	instance-of
Q1709572	P31	Q3918	instance-of
Q17096251	P31	Q34770	instance-of
Q170967	P31	Q515	instance-of
Q171031	P31	Q515	instance-of
Q171080	P31	Q515	instance-of
Q17111558	P31	Q34770	instance-of
Q1711558	P31	Q3918	instance-of
Q171219	P31	Q515	instance-of
Q171223	P31	Q515	instance-of
Q17142957	P31	Q34770	instance-of
Q17145521	P31	Q34770	instance-of
Q17152586	P31	Q34770	instance-of
Q171632	P31	Q515	instance-of
Q171639	P31	Q515	instance-of
Q171764	P31	Q43229	instance-of
Q171771	P31	Q515	instance-of
Q171810	P31	Q515	instance-of
Q1718656	P31	Q3918	instance-of
Q1719466	P31	Q515	instance-of
Q17195499	P31	Q34770	instance-of
Q172	P31	Q515	instance-of
Q172157	P31	Q515	instance-of
Q172241	P31	Q11424	instance-of
Q172343	P31	Q515	instance-of
Q172415	P31	Q515	instance-of
Q172438	P31	Q515	instance-of
Q1725075	P31	Q3918	instance-of
Q17284874	P31	Q34770	instance-of
Q1728622	P31	Q3918	instance-of
Q172975	P31	Q11424	instance-of
Q172996	P31	Q515	instance-of
Q173037	P31	Q515	instance-of
Q173121	P31	Q515	instance-of
Q17319622	P31	Q34770	instance-of
Q17319726	P31	Q34770	instance-of
Q17319822	P31	Q34770	instance-of
Q17323940	P31	Q34770	instance-of
Q173270	P31	Q515	instance-of
Q1733	P31	Q515	instance-of
Q173310	P31	Q515	instance-of
Q173338	P31	Q515	instance-of
Q1735	P31	Q515	instance-of
Q173532	P31	Q515	instance-of
Q173545	P31	Q515	instance-of
Q173643	P31	Q482994	instance-of
Q173690	P31	Q515	instance-of
Q173731	P31	Q515	instance-of
Q1737734	P31	Q3918	instance-of
Q17379638	P31	Q34770	instance-of
Q173985	P31	Q515	instance-of
Q174	P31	Q515	instance-of
Q174002	P31	Q515	instance-of
Q174019	P31	Q515	instance-of
Q174060	P31	Q515	instance-of
Q1740805	P31	Q34770	instance-of
Q174158	P31	Q3918	instance-of
Q174237	P31	Q515	instance-of
Q1742604	P31	Q3918	instance-of
Q174262	P31	Q515	instance-of
Q174341	P31	Q515	instance-of
Q17438312	P31	Q34770	instance-of
Q17442461	P31	Q34770	instance-of
Q17444	P31	Q482994	instance-of
Q174684	P31	Q515	instance-of
Q17478065	P31	Q34770	instance-of
Q17478066	P31	Q34770	instance-of
Q1747811	P31	Q34770	instance-of
Q1748	P31	Q515	instance-of
Q174841	P31	Q9143	instance-of
Q174916	P31	Q515	instance-of
Q1752043	P31	Q3918	instance-of
Q17522631	P31	Q34770	instance-of
Q17522635	P31	Q34770	instance-of
Q17523694	P31	Q34770	instance-of
Q17523697	P31	Q34770	instance-of
Q175241	P31	Q3918	instance-of
Q1752712	P31	Q3918	instance-of
Q1753738	P31	Q9143	instance-of
Q1754	P31	Q515	instance-of
Q17544553	P31	Q482994	instance-of
Q1756018	P31	Q9143	instance-of
Q175617	P31	Q515	instance-of
Q175651	P31	Q515	instance-of
Q1757	P31	Q515	instance-of
Q1758009	P31	Q3918	instance-of
Q17584381	P31	Q34770	instance-of
Q17588918	P31	Q34770	instance-of
Q175903	P31	Q515	instance-of
Q1760791	P31	Q3918	instance-of
Q17639755	P31	Q34770	instance-of
Q1764	P31	Q515	instance-of
Q17651534	P31	Q34770	instance-of
Q17651536	P31	Q34770	instance-of
Q17651538	P31	Q34770	instance-of
Q17651540	P31	Q34770	instance-of
Q17651542	P31	Q34770	instance-of
Q1768321	P31	Q34770	instance-of
Q176984	P31	Q9143	instance-of
Q1771717	P31	Q3918	instance-of
Q17738	P31	Q11424	instance-of
Q1775596	P31	Q34770	instance-of
Q1776032	P31	Q34770	instance-of
Q1778689	P31	Q3918	instance-of
Q177943	P31	Q482994	instance-of
Q1779923	P31	Q9143	instance-of
Q1780	P31	Q515	instance-of
Q178067	P31	Q515	instance-of
Q178168	P31	Q515	instance-of
Q1782980	P31	Q3918	instance-of
Q178405	P31	Q515	instance-of
Q1785111	P31	Q34770	instance-of
Q17856	P31	Q515	instance-of
Q178582	P31	Q515	instance-of
Q178663	P31	Q515	instance-of
Q1788115	P31	Q515	instance-of
Q1788342	P31	Q3918	instance-of
Q178835	P31	Q515	instance-of
Q178948	P31	Q515	instance-of
Q179046	P31	Q515	instance-of
Q179351	P31	Q515	instance-of
Q1795142	P31	Q34770	instance-of
Q1795928	P31	Q3918	instance-of
Q179815	P31	Q515	instance-of
Q1798284	P31	Q9143	instance-of
Q1800	P31	Q515	instance-of
Q180057	P31	Q515	instance-of
Q180176	P31	Q515	instance-of
Q18021	P31	Q515	instance-of
Q180233	P31	Q515	instance-of
Q180294	P31	Q515	instance-of
Q180522	P31	Q515	instance-of
Q1807379	P31	Q9143	instance-of
Q180775	P31	Q515	instance-of
Q180803	P31	Q515	instance-of
Q180810	P31	Q515	instance-of
Q1808326	P31	Q3918	instance-of
Q180921	P31	Q515	instance-of
Q180945	P31	Q34770	instance-of
Q181037	P31	Q34770	instance-of
Q181069	P31	Q11424	instance-of
Q1811224	P31	Q34770	instance-of
Q181177	P31	Q3918	instance-of
Q18125	P31	Q515	instance-of
Q181379	P31	Q515	instance-of
Q1815205	P31	Q34770	instance-of
Q181557	P31	Q515	instance-of
Q1815830	P31	Q34770	instance-of
Q18168288	P31	Q34770	instance-of
Q1817355	P31	Q3918	instance-of
Q181795	P31	Q11424	instance-of
Q181803	P31	Q11424	instance-of
Q181826	P31	Q482994	instance-of
Q181854	P31	Q515	instance-of
Q181966	P31	Q515	instance-of
Q182009	P31	Q515	instance-of
Q182025	P31	Q515	instance-of
Q18202981	P31	Q9143	instance-of
Q182049	P31	Q515	instance-of
Q182059	P31	Q515	instance-of
Q182092	P31	Q515	instance-of
Q182153	P31	Q11424	instance-of
Q182218	P31	Q11424	instance-of
Q182299	P31	Q515	instance-of
Q182389	P31	Q482994	instance-of
Q182481	P31	Q515	instance-of
Q182518	P31	Q482994	instance-of
Q182521	P31	Q515	instance-of
Q182692	P31	Q11424	instance-of
Q18276822	P31	Q34770	instance-of
Q1828035	P31	Q515	instance-of
Q182826	P31	Q482994	instance-of
Q182923	P31	Q515	instance-of
Q182973	P31	Q3918	instance-of
Q182984	P31	Q515	instance-of
Q183	P31	Q6256	instance-of
Q183124	P31	Q515	instance-of
Q183199	P31	Q515	instance-of
Q183298	P31	Q515	instance-of
Q183303	P31	Q515	instance-of
Q183405	P31	Q515	instance-of
Q18343030	P31	Q34770	instance-of
Q18343036	P31	Q34770	instance-of
Q18343041	P31	Q34770	instance-of
Q18344310	P31	Q34770	instance-of
Q18354903	P31	Q34770	instance-of
Q183551	P31	Q515	instance-of
Q183584	P31	Q515	instance-of
Q183651	P31	Q515	instance-of
Q18379970	P31	Q34770	instance-of
Q18379975	P31	Q34770	instance-of
Q18385114	P31	Q34770	instance-of
Q18390055	P31	Q34770	instance-of
Q184	P31	Q6256	instance-of
Q184046	P31	Q515	instance-of
Q184090	P31	Q515	instance-of
Q184163	P31	Q515	instance-of
Q184184	P31	Q515	instance-of
Q1842	P31	Q515	instance-of
Q1844620	P31	Q34770	instance-of
Q1844993	P31	Q34770	instance-of
Q1845148	P31	Q34770	instance-of
Q184539	P31	Q515	instance-of
Q18457536	P31	Q34770	instance-of
Q18458203	P31	Q34770	instance-of
Q18463605	P31	Q34770	instance-of
Q18468761	P31	Q34770	instance-of
Q184768	P31	Q11424	instance-of
Q1848	P31	Q515	instance-of
Q184843	P31	Q11424	instance-of
Q184864	P31	Q515	instance-of
Q18487451	P31	Q34770	instance-of
Q1850	P31	Q515	instance-of
Q1850416	P31	Q3918	instance-of
Q185066	P31	Q515	instance-of
Q185084	P31	Q515	instance-of
Q185121	P31	Q482994	instance-of
Q185134	P31	Q515	instance-of
Q185156	P31	Q515	instance-of
Q185157	P31	Q515	instance-of
Q185246	P31	Q3918	instance-of
Q185280	P31	Q515	instance-of
Q185336	P31	Q515	instance-of
Q185345	P31	Q515	instance-of
Q185346	P31	Q515	instance-of
Q1854	P31	Q515	instance-of
Q18544857	P31	Q34770	instance-of
Q185453	P31	Q515	instance-of
Q185458	P31	Q515	instance-of
Q185518	P31	Q515	instance-of
Q18569	P31	Q515	instance-of
Q1857773	P31	Q3918	instance-of
Q1860	P31	Q34770	instance-of
Q18603687	P31	Q34770	instance-of
Q18603801	P31	Q34770	instance-of
Q186040	P31	Q515	instance-of
Q18609750	P31	Q34770	instance-of
Q1861	P31	Q515	instance-of
Q18611555	P31	Q34770	instance-of
Q186141	P31	Q515	instance-of
Q186142	P31	Q515	instance-of
Q186182	P31	Q515	instance-of
Q186188	P31	Q482994	instance-of
Q186234	P31	Q515	instance-of
Q186237	P31	Q515	instance-of
Q1863	P31	Q515	instance-of
Q18638319	P31	Q34770	instance-of
Q18642280	P31	Q34770	instance-of
Q18642293	P31	Q34770	instance-of
Q18642842	P31	Q34770	instance-of
Q18644464	P31	Q34770	instance-of
Q18644465	P31	Q34770	instance-of
Q1864529	P31	Q9143	instance-of
Q1865	P31	Q515	instance-of
Q18650060	P31	Q34770	instance-of
Q18664462	P31	Q34770	instance-of
Q18664494	P31	Q34770	instance-of
Q18664557	P31	Q34770	instance-of
Q1867	P31	Q515	instance-of
Q187284	P31	Q515	instance-of
Q187346	P31	Q515	instance-of
Q18748212	P31	Q34770	instance-of
Q18748222	P31	Q34770	instance-of
Q18748761	P31	Q34770	instance-of
Q18748769	P31	Q34770	instance-of
Q18748906	P31	Q34770	instance-of
Q18748913	P31	Q34770	instance-of
Q187507	P31	Q482994	instance-of
Q18753300	P31	Q34770	instance-of
Q18753301	P31	Q34770	instance-of
Q18753303	P31	Q34770	instance-of
Q18753304	P31	Q34770	instance-of
Q18753305	P31	Q34770	instance-of
Q18753307	P31	Q34770	instance-of
Q18753329	P31	Q34770	instance-of
Q18755523	P31	Q34770	instance-of
Q18755610	P31	Q34770	instance-of
Q18755617	P31	Q34770	instance-of
Q18756514	P31	Q34770	instance-of
Q18757427	P31	Q34770	instance-of
Q1875885	P31	Q34770	instance-of
Q187861	P31	Q515	instance-of
Q187895	P31	Q515	instance-of
Q188022	P31	Q515	instance-of
Q18808	P31	Q515	instance-of
Q1882071	P31	Q9143	instance-of
Q1882973	P31	Q9143	instance-of
Q188304	P31	Q515	instance-of
Q188336	P31	Q515	instance-of
Q188370	P31	Q3918	instance-of
Q188436	P31	Q9143	instance-of
Q188531	P31	Q9143	instance-of
Q1886145	P31	Q9143	instance-of
Q188693	P31	Q515	instance-of
Q188736	P31	Q6256	instance-of
Q1887879	P31	Q3918	instance-of
Q1888771	P31	Q3918	instance-of
Q188894	P31	Q515	instance-of
Q189	P31	Q6256	instance-of
Q189022	P31	Q3918	instance-of
Q189059	P31	Q515	instance-of
Q1891	P31	Q515	instance-of
Q189128	P31	Q515	instance-of
Q189133	P31	Q515	instance-of
Q189134	P31	Q515	instance-of
Q189138	P31	Q515	instance-of
Q189157	P31	Q515	instance-of
Q18935525	P31	Q34770	instance-of
Q189383	P31	Q515	instance-of
Q189441	P31	Q3918	instance-of
Q189546	P31	Q515	instance-of
Q1895587	P31	Q9143	instance-of
Q1896148	P31	Q3918	instance-of
Q189685	P31	Q515	instance-of
Q189697	P31	Q515	instance-of
Q189969	P31	Q515	instance-of
Q190005	P31	Q515	instance-of
Q190021	P31	Q515	instance-of
Q190050	P31	Q11424	instance-of
Q190086	P31	Q11424	instance-of
Q190165	P31	Q515	instance-of
Q190184	P31	Q515	instance-of
Q190235	P31	Q515	instance-of
Q190583	P31	Q515	instance-of
Q19059301	P31	Q34770	instance-of
Q19059576	P31	Q34770	instance-of
Q19059577	P31	Q34770	instance-of
Q19059578	P31	Q34770	instance-of
Q1906	P31	Q515	instance-of
Q19060	P31	Q482994	instance-of
Q190640	P31	Q482994	instance-of
Q190828	P31	Q515	instance-of
Q190847	P31	Q515	instance-of
Q190897	P31	Q515	instance-of
Q190911	P31	Q482994	instance-of
Q190989	P31	Q482994	instance-of
Q191	P31	Q6256	instance-of
Q191015	P31	Q515	instance-of
Q191047	P31	Q515	instance-of
Q191170	P31	Q515	instance-of
Q191204	P31	Q515	instance-of
Q1915350	P31	Q34770	instance-of
Q191718	P31	Q515	instance-of
Q191764	P31	Q43229	instance-of
Q191805	P31	Q515	instance-of
Q1920769	P31	Q34770	instance-of
Q192155	P31	Q515	instance-of
Q192176	P31	Q515	instance-of
Q192213	P31	Q515	instance-of
Q192225	P31	Q515	instance-of
Q192235	P31	Q515	instance-of
Q192379	P31	Q515	instance-of
Q192508	P31	Q515	instance-of
Q192518	P31	Q515	instance-of
Q192724	P31	Q11424	instance-of
Q192755	P31	Q482994	instance-of
Q192807	P31	Q515	instance-of
Q1928222	P31	Q9143	instance-of
Q192896	P31	Q515	instance-of
Q192898	P31	Q515	instance-of
Q1929075	P31	Q9143	instance-of
Q192918	P31	Q515	instance-of
Q192961	P31	Q515	instance-of
Q192980	P31	Q515	instance-of
Q19300	P31	Q515	instance-of
Q193103	P31	Q515	instance-of
Q1931221	P31	Q34770	instance-of
Q193226	P31	Q515	instance-of
Q193229	P31	Q515	instance-of
Q193250	P31	Q515	instance-of
Q193289	P31	Q515	instance-of
Q193367	P31	Q515	instance-of
Q193409	P31	Q515	instance-of
Q19344	P31	Q515	instance-of
Q193445	P31	Q515	instance-of
Q19345	P31	Q482994	instance-of
Q193452	P31	Q515	instance-of
Q193477	P31	Q482994	instance-of
Q193478	P31	Q515	instance-of
Q193486	P31	Q515	instance-of
Q193490	P31	Q482994	instance-of
Q193510	P31	Q3918	instance-of
Q19355	P31	Q11424	instance-of
Q193563	P31	Q43229	instance-of
Q19359034	P31	Q34770	instance-of
Q19359039	P31	Q34770	instance-of
Q193787	P31	Q515	instance-of
Q193802	P31	Q515	instance-of
Q193821	P31	Q515	instance-of
Q193920	P31	Q515	instance-of
Q193950	P31	Q482994	instance-of
Q1939845	P31	Q34770	instance-of
Q1940803	P31	Q3918	instance-of
Q194146	P31	Q515	instance-of
Q194164	P31	Q515	instance-of
Q194165	P31	Q515	instance-of
Q1941682	P31	Q34770	instance-of
Q194445	P31	Q3918	instance-of
Q194452	P31	Q515	instance-of
Q1945756	P31	Q3918	instance-of
Q1947	P31	Q515	instance-of
Q19570729	P31	Q34770	instance-of
Q19570732	P31	Q34770	instance-of
Q19570843	P31	Q34770	instance-of
Q1957120	P31	Q34770	instance-of
Q19571396	P31	Q34770	instance-of
Q19572028	P31	Q34770	instance-of
Q19572059	P31	Q34770	instance-of
Q19572305	P31	Q34770	instance-of
Q19572452	P31	Q34770	instance-of
Q19572455	P31	Q34770	instance-of
Q19572979	P31	Q34770	instance-of
Q19573012	P31	Q34770	instance-of
Q19573111	P31	Q34770	instance-of
Q19573137	P31	Q34770	instance-of
Q19573234	P31	Q34770	instance-of
Q19573402	P31	Q34770	instance-of
Q19573682	P31	Q34770	instance-of
Q19573683	P31	Q34770	instance-of
Q19573685	P31	Q34770	instance-of
Q1957508	P31	Q34770	instance-of
Q1957612	P31	Q34770	instance-of
Q19583	P31	Q515	instance-of
Q195929	P31	Q9143	instance-of
Q19597674	P31	Q34770	instance-of
Q19597676	P31	Q34770	instance-of
Q19597677	P31	Q34770	instance-of
Q1960	P31	Q515	instance-of
Q1961488	P31	Q34770	instance-of
Q1961570	P31	Q3918	instance-of
Q196163	P31	Q515	instance-of
Q1962613	P31	Q3918	instance-of
Q1963	P31	Q515	instance-of
Q1964642	P31	Q3918	instance-of
Q1965222	P31	Q34770	instance-of
Q19689	P31	Q515	instance-of
Q19694214	P31	Q34770	instance-of
Q1971400	P31	Q34770	instance-of
Q1972050	P31	Q3918	instance-of
Q19724101	P31	Q34770	instance-of
Q19724103	P31	Q34770	instance-of
Q19724109	P31	Q34770	instance-of
Q1972721	P31	Q3918	instance-of
Q19746006	P31	Q34770	instance-of
Q19747217	P31	Q34770	instance-of
Q1975199	P31	Q34770	instance-of
Q197543	P31	Q3918	instance-of
Q19755	P31	Q43229	instance-of
Q19757551	P31	Q34770	instance-of
Q19757586	P31	Q34770	instance-of
Q19757590	P31	Q34770	instance-of
Q19757823	P31	Q34770	instance-of
Q1976816	P31	Q34770	instance-of
Q1977419	P31	Q34770	instance-of
Q1977429	P31	Q34770	instance-of
Q197936	P31	Q34770	instance-of
Q1979891	P31	Q3918	instance-of
Q1982248	P31	Q34770	instance-of
Q1982696	P31	Q34770	instance-of
Q19830648	P31	Q34770	instance-of
Q19830649	P31	Q34770	instance-of
Q19839846	P31	Q34770	instance-of
Q19840020	P31	Q34770	instance-of
Q19840830	P31	Q34770	instance-of
Q19840950	P31	Q34770	instance-of
Q19841092	P31	Q34770	instance-of
Q19841106	P31	Q34770	instance-of
Q19855	P31	Q482994	instance-of
Q19855028	P31	Q34770	instance-of
Q19855032	P31	Q34770	instance-of
Q19858	P31	Q482994	instance-of
Q19862	P31	Q482994	instance-of
Q19864441	P31	Q34770	instance-of
Q198650	P31	Q515	instance-of
Q19874842	P31	Q34770	instance-of
Q19877481	P31	Q34770	instance-of
Q1988433	P31	Q34770	instance-of
Q19893092	P31	Q34770	instance-of
Q19894302	P31	Q34770	instance-of
Q1989628	P31	Q3918	instance-of
Q198989	P31	Q515	instance-of
Q1990210	P31	Q34770	instance-of
Q1990659	P31	Q34770	instance-of
Q19921576	P31	Q34770	instance-of
Q19921578	P31	Q34770	instance-of
Q19921582	P31	Q34770	instance-of
Q199500	P31	Q515	instance-of
Q199575	P31	Q515	instance-of
Q199585	P31	Q482994	instance-of
Q19967295	P31	Q34770	instance-of
Q199712	P31	Q515	instance-of
Q199723	P31	Q515	instance-of
Q199762	P31	Q515	instance-of
Q1998811	P31	Q3918	instance-of
Q199909	P31	Q515	instance-of
Q20	P31	Q6256	instance-of
Q200019	P31	Q515	instance-of
Q200028	P31	Q515	instance-of
Q200030	P31	Q515	instance-of
Q200036	P31	Q515	instance-of
Q200049	P31	Q515	instance-of
Q200061	P31	Q515	instance-of
Q200078	P31	Q515	instance-of
Q200119	P31	Q515	instance-of
Q200123	P31	Q515	instance-of
Q200133	P31	Q515	instance-of
Q200166	P31	Q515	instance-of
Q200237	P31	Q515	instance-of
Q2002420	P31	Q3918	instance-of
Q2002619	P31	Q3918	instance-of
Q2004114	P31	Q3918	instance-of
Q20050850	P31	Q34770	instance-of
Q20050949	P31	Q34770	instance-of
Q20054210	P31	Q34770	instance-of
Q20054484	P31	Q34770	instance-of
Q2005511	P31	Q3918	instance-of
Q20059806	P31	Q34770	instance-of
Q20064918	P31	Q34770	instance-of
Q200709	P31	Q515	instance-of
Q200713	P31	Q515	instance-of
Q200718	P31	Q515	instance-of
Q200733	P31	Q515	instance-of
Q20080327	P31	Q9143	instance-of
Q200805	P31	Q515	instance-of
Q2008062	P31	Q34770	instance-of
Q200872	P31	Q482994	instance-of
Q200878	P31	Q515	instance-of
Q20088125	P31	Q34770	instance-of
Q20090009	P31	Q34770	instance-of
Q200908	P31	Q515	instance-of
Q200951	P31	Q515	instance-of
Q201051	P31	Q515	instance-of
Q201095	P31	Q515	instance-of
Q201101	P31	Q515	instance-of
Q2011413	P31	Q34770	instance-of
Q201214	P31	Q34770	instance-of
Q201436	P31	Q9143	instance-of
Q20162127	P31	Q34770	instance-of
Q201816	P31	Q482994	instance-of
Q201832	P31	Q515	instance-of
Q201940	P31	Q482994	instance-of
Q201949	P31	Q482994	instance-of
Q20210398	P31	Q34770	instance-of
Q20210553	P31	Q34770	instance-of
Q202158	P31	Q515	instance-of
Q202162	P31	Q515	instance-of
Q202188	P31	Q515	instance-of
Q202195	P31	Q515	instance-of
Q2026106	P31	Q34770	instance-of
Q202714	P31	Q482994	instance-of
Q2027503	P31	Q34770	instance-of
Q2028	P31	Q515	instance-of
Q2028448	P31	Q34770	instance-of
Q202852	P31	Q515	instance-of
Q2028772	P31	Q34770	instance-of
Q202973	P31	Q515	instance-of
Q202996	P31	Q482994	instance-of
Q2030	P31	Q515	instance-of
Q203000	P31	Q515	instance-of
Q2030998	P31	Q34770	instance-of
Q2031144	P31	Q34770	instance-of
Q20312391	P31	Q34770	instance-of
Q203197	P31	Q515	instance-of
Q2032882	P31	Q34770	instance-of
Q203299	P31	Q515	instance-of
Q203370	P31	Q515	instance-of
Q203380	P31	Q515	instance-of
Q203476	P31	Q515	instance-of
Q203675	P31	Q515	instance-of
Q203995	P31	Q515	instance-of
Q204181	P31	Q3918	instance-of
Q204234	P31	Q515	instance-of
Q204266	P31	Q515	instance-of
Q204271	P31	Q515	instance-of
Q20430250	P31	Q34770	instance-of
Q204317	P31	Q515	instance-of
Q204365	P31	Q515	instance-of
Q204434	P31	Q515	instance-of
Q204439	P31	Q515	instance-of
Q204457	P31	Q3918	instance-of
Q204626	P31	Q3918	instance-of
Q204693	P31	Q9143	instance-of
Q204709	P31	Q515	instance-of
Q20471677	P31	Q34770	instance-of
Q204720	P31	Q515	instance-of
Q20473038	P31	Q34770	instance-of
Q20479	P31	Q9143	instance-of
Q204905	P31	Q515	instance-of
Q20491	P31	Q515	instance-of
Q205119	P31	Q515	instance-of
Q20526385	P31	Q34770	instance-of
Q20526532	P31	Q34770	instance-of
Q20526610	P31	Q34770	instance-of
Q2052676	P31	Q9143	instance-of
Q20527138	P31	Q34770	instance-of
Q20527166	P31	Q34770	instance-of
Q20527226	P31	Q34770	instance-of
Q20527242	P31	Q34770	instance-of
Q20527363	P31	Q34770	instance-of
Q20527417	P31	Q34770	instance-of
Q2053828	P31	Q34770	instance-of
Q2053913	P31	Q34770	instance-of
Q205458	P31	Q482994	instance-of
Q2055	P31	Q515	instance-of
Q20572404	P31	Q3918	instance-of
Q205792	P31	Q515	instance-of
Q20580460	P31	Q34770	instance-of
Q20581520	P31	Q34770	instance-of
Q205832	P31	Q515	instance-of
Q205905	P31	Q515	instance-of
Q205942	P31	Q515	instance-of
Q20596956	P31	Q34770	instance-of
Q205979	P31	Q34770	instance-of
Q2060023	P31	Q34770	instance-of
Q206040	P31	Q9143	instance-of
Q20607	P31	Q34770	instance-of
Q20609	P31	Q34770	instance-of
Q206097	P31	Q482994	instance-of
Q2061	P31	Q515	instance-of
Q20613214	P31	Q34770	instance-of
Q20613396	P31	Q34770	instance-of
Q20614	P31	Q34770	instance-of
Q206216	P31	Q482994	instance-of
Q20627	P31	Q34770	instance-of
Q206271	P31	Q482994	instance-of
Q20628	P31	Q34770	instance-of
Q20638949	P31	Q34770	instance-of
Q20639178	P31	Q34770	instance-of
Q20639851	P31	Q34770	instance-of
Q2064378	P31	Q34770	instance-of
Q206484	P31	Q515	instance-of
Q2065666	P31	Q3918	instance-of
Q20658262	P31	Q34770	instance-of
Q20668241	P31	Q34770	instance-of
Q206687	P31	Q515	instance-of
Q206702	P31	Q3918	instance-of
Q206760	P31	Q515	instance-of
Q2067656	P31	Q34770	instance-of
Q2068190	P31	Q34770	instance-of
Q206848	P31	Q482994	instance-of
Q206879	P31	Q515	instance-of
Q206881	P31	Q515	instance-of
Q206885	P31	Q515	instance-of
Q20688708	P31	Q34770	instance-of
Q206891	P31	Q515	instance-of
Q206895	P31	Q515	instance-of
Q206900	P31	Q515	instance-of
Q206903	P31	Q515	instance-of
Q206904	P31	Q9143	instance-of
Q2069475	P31	Q34770	instance-of
Q206954	P31	Q515	instance-of
Q206957	P31	Q515	instance-of
Q20707040	P31	Q34770	instance-of
Q20707795	P31	Q34770	instance-of
Q20709516	P31	Q34770	instance-of
Q207098	P31	Q515	instance-of
Q20710801	P31	Q34770	instance-of
Q20711	P31	Q34770	instance-of
Q20712242	P31	Q34770	instance-of
Q20712452	P31	Q34770	instance-of
Q20712464	P31	Q34770	instance-of
Q2071325	P31	Q34770	instance-of
Q20716055	P31	Q34770	instance-of
Q207223	P31	Q515	instance-of
Q207316	P31	Q9143	instance-of
Q207322	P31	Q515	instance-of
Q207324	P31	Q515	instance-of
Q2073277	P31	Q34770	instance-of
Q207336	P31	Q482994	instance-of
Q207350	P31	Q515	instance-of
Q207371	P31	Q515	instance-of
Q207438	P31	Q482994	instance-of
Q207467	P31	Q515	instance-of
Q207470	P31	Q515	instance-of
Q20747371	P31	Q34770	instance-of
Q207502	P31	Q482994	instance-of
Q207540	P31	Q515	instance-of
Q207639	P31	Q515	instance-of
Q207661	P31	Q482994	instance-of
Q20771657	P31	Q34770	instance-of
Q207749	P31	Q515	instance-of
Q207752	P31	Q515	instance-of
Q207754	P31	Q515	instance-of
Q207756	P31	Q515	instance-of
Q207801	P31	Q515	instance-of
Q2079	P31	Q515	instance-of
Q207935	P31	Q515	instance-of
Q207972	P31	Q515	instance-of
Q208005	P31	Q515	instance-of
Q208006	P31	Q515	instance-of
Q208022	P31	Q515	instance-of
Q208097	P31	Q515	instance-of
Q208098	P31	Q515	instance-of
Q20812287	P31	Q34770	instance-of
Q208162	P31	Q515	instance-of
Q208200	P31	Q515	instance-of
Q20822	P31	Q34770	instance-of
Q208227	P31	Q482994	instance-of
Q20823	P31	Q34770	instance-of
Q20824	P31	Q34770	instance-of
Q20825	P31	Q34770	instance-of
Q20826	P31	Q34770	instance-of
Q20827	P31	Q34770	instance-of
Q20829	P31	Q34770	instance-of
Q208293	P31	Q515	instance-of
Q20831	P31	Q34770	instance-of
Q208318	P31	Q515	instance-of
Q2083185	P31	Q34770	instance-of
Q2083197	P31	Q34770	instance-of
Q20832	P31	Q34770	instance-of
Q208340	P31	Q482994	instance-of
Q208352	P31	Q515	instance-of
Q208403	P31	Q515	instance-of
Q208472	P31	Q515	instance-of
Q208473	P31	Q515	instance-of
Q2085051	P31	Q34770	instance-of
Q208521	P31	Q482994	instance-of
Q208573	P31	Q515	instance-of
Q20857698	P31	Q34770	instance-of
Q20859658	P31	Q34770	instance-of
Q2086145	P31	Q34770	instance-of
Q208676	P31	Q482994	instance-of
Q208715	P31	Q515	instance-of
Q208725	P31	Q515	instance-of
Q208736	P31	Q3918	instance-of
Q2088743	P31	Q34770	instance-of
Q20888004	P31	Q34770	instance-of
Q208948	P31	Q515	instance-of
Q2089984	P31	Q34770	instance-of
Q209009	P31	Q515	instance-of
Q209034	P31	Q515	instance-of
Q209176	P31	Q515	instance-of
Q209217	P31	Q515	instance-of
Q2092286	P31	Q34770	instance-of
Q2092358	P31	Q3918	instance-of
Q2093214	P31	Q34770	instance-of
Q209423	P31	Q515	instance-of
Q2094884	P31	Q34770	instance-of
Q2095090	P31	Q9143	instance-of
Q209537	P31	Q515	instance-of
Q209539	P31	Q482994	instance-of
Q2096	P31	Q515	instance-of
Q2096524	P31	Q3918	instance-of
Q20967012	P31	Q34770	instance-of
Q20968488	P31	Q34770	instance-of
Q209698	P31	Q515	instance-of
Q20979	P31	Q34770	instance-of
Q20982409	P31	Q34770	instance-of
Q20983638	P31	Q34770	instance-of
Q20984087	P31	Q34770	instance-of
Q20984088	P31	Q34770	instance-of
Q20984092	P31	Q34770	instance-of
Q20984095	P31	Q34770	instance-of
Q20984096	P31	Q34770	instance-of
Q20984131	P31	Q34770	instance-of
Q20984132	P31	Q34770	instance-of
Q20984142	P31	Q34770	instance-of
Q20984163	P31	Q34770	instance-of
Q20984165	P31	Q34770	instance-of
Q20984184	P31	Q34770	instance-of
Q20984188	P31	Q34770	instance-of
Q20984207	P31	Q34770	instance-of
Q20984209	P31	Q34770	instance-of
Q20984222	P31	Q34770	instance-of
Q20984234	P31	Q34770	instance-of
Q20987434	P31	Q34770	instance-of
Q209905	P31	Q515	instance-of
Q20992073	P31	Q34770	instance-of
Q209925	P31	Q515	instance-of
Q209978	P31	Q515	instance-of
Q21	P31	Q6256	instance-of
Q210007	P31	Q515	instance-of
Q210048	P31	Q482994	instance-of
Q210122	P31	Q482994	instance-of
Q210161	P31	Q515	instance-of
Q210197	P31	Q515	instance-of
Q210292	P31	Q515	instance-of
Q210296	P31	Q515	instance-of
Q21039439	P31	Q34770	instance-of
Q21039454	P31	Q34770	instance-of
Q21039455	P31	Q34770	instance-of
Q21041529	P31	Q34770	instance-of
Q210470	P31	Q515	instance-of
Q21057	P31	Q34770	instance-of
Q21058	P31	Q34770	instance-of
Q2106984	P31	Q34770	instance-of
Q21070792	P31	Q34770	instance-of
Q21070851	P31	Q34770	instance-of
Q21072753	P31	Q34770	instance-of
Q21074781	P31	Q34770	instance-of
Q210809	P31	Q482994	instance-of
Q21084409	P31	Q34770	instance-of
Q2109432	P31	Q34770	instance-of
Q210985	P31	Q515	instance-of
Q211	P31	Q6256	instance-of
Q211218	P31	Q515	instance-of
Q211292	P31	Q482994	instance-of
Q211318	P31	Q515	instance-of
Q211343	P31	Q515	instance-of
Q211405	P31	Q482994	instance-of
Q2114962	P31	Q34770	instance-of
Q211563	P31	Q515	instance-of
Q211590	P31	Q515	instance-of
Q21168	P31	Q515	instance-of
Q21176	P31	Q515	instance-of
Q211760	P31	Q515	instance-of
Q21178	P31	Q515	instance-of
Q21179921	P31	Q34770	instance-of
Q21179986	P31	Q34770	instance-of
Q21180	P31	Q515	instance-of
Q211805	P31	Q515	instance-of
Q21181	P31	Q515	instance-of
Q211811	P31	Q515	instance-of
Q211828	P31	Q515	instance-of
Q211867	P31	Q515	instance-of
Q2118858	P31	Q9143	instance-of
Q211950	P31	Q515	instance-of
Q211952	P31	Q515	instance-of
Q21197	P31	Q515	instance-of
Q211970	P31	Q515	instance-of
Q2119752	P31	Q3918	instance-of
Q212	P31	Q6256	instance-of
Q21203	P31	Q6256	instance-of
Q2122792	P31	Q34770	instance-of
Q212283	P31	Q515	instance-of
Q212289	P31	Q515	instance-of
Q2123	P31	Q515	instance-of
Q212332	P31	Q515	instance-of
Q212546	P31	Q515	instance-of
Q212569	P31	Q9143	instance-of
Q2126436	P31	Q515	instance-of
Q212665	P31	Q482994	instance-of
Q212680	P31	Q515	instance-of
Q2127	P31	Q515	instance-of
Q212757	P31	Q515	instance-of
Q212773	P31	Q515	instance-of
Q21282543	P31	Q34770	instance-of
Q212841	P31	Q515	instance-of
Q212846	P31	Q482994	instance-of
Q212856	P31	Q515	instance-of
Q212863	P31	Q482994	instance-of
Q212984	P31	Q515	instance-of
Q213	P31	Q6256	instance-of
Q213014	P31	Q515	instance-of
Q213026	P31	Q515	instance-of
Q213127	P31	Q515	instance-of
Q213248	P31	Q515	instance-of
Q213434	P31	Q34770	instance-of
Q213516	P31	Q482994	instance-of
Q2138	P31	Q515	instance-of
Q213898	P31	Q515	instance-of
Q214	P31	Q6256	instance-of
Q21403256	P31	Q34770	instance-of
Q21403317	P31	Q34770	instance-of
Q214057	P31	Q515	instance-of
Q214134	P31	Q482994	instance-of
Q214139	P31	Q482994	instance-of
Q214178	P31	Q515	instance-of
Q214248	P31	Q515	instance-of
Q214303	P31	Q515	instance-of
Q214341	P31	Q3918	instance-of
Q214344	P31	Q515	instance-of
Q214485	P31	Q515	instance-of
Q214495	P31	Q515	instance-of
Q214651	P31	Q515	instance-of
Q214655	P31	Q515	instance-of
Q214681	P31	Q515	instance-of
Q2147917	P31	Q34770	instance-of
Q21481817	P31	Q34770	instance-of
Q21481876	P31	Q34770	instance-of
Q214973	P31	Q482994	instance-of
Q215	P31	Q6256	instance-of
Q215080	P31	Q515	instance-of
Q215277	P31	Q515	instance-of
Q21550769	P31	Q34770	instance-of
Q2155119	P31	Q34770	instance-of
Q215633	P31	Q515	instance-of
Q2157412	P31	Q34770	instance-of
Q2157421	P31	Q34770	instance-of
Q2157431	P31	Q34770	instance-of
Q2157439	P31	Q34770	instance-of
Q2157452	P31	Q34770	instance-of
Q2157461	P31	Q34770	instance-of
Q2159476	P31	Q34770	instance-of
Q216	P31	Q515	instance-of
Q2160405	P31	Q34770	instance-of
Q2160435	P31	Q34770	instance-of
Q216075	P31	Q515	instance-of
Q2160963	P31	Q9143	instance-of
Q216243	P31	Q3918	instance-of
Q2164778	P31	Q34770	instance-of
Q21655542	P31	Q34770	instance-of
Q21658869	P31	Q34770	instance-of
Q216638	P31	Q515	instance-of
Q2166735	P31	Q9143	instance-of
Q2167	P31	Q515	instance-of
Q2167573	P31	Q34770	instance-of
Q216835	P31	Q515	instance-of
Q216847	P31	Q515	instance-of
Q216853	P31	Q515	instance-of
Q216902	P31	Q515	instance-of
Q216912	P31	Q515	instance-of
Q216939	P31	Q515	instance-of
Q216990	P31	Q515	instance-of
Q217	P31	Q6256	instance-of
Q217040	P31	Q515	instance-of
Q217071	P31	Q515	instance-of
Q217125	P31	Q515	instance-of
Q217156	P31	Q515	instance-of
Q217203	P31	Q482994	instance-of
Q217426	P31	Q515	instance-of
Q217439	P31	Q3918	instance-of
Q217443	P31	Q515	instance-of
Q2177054	P31	Q3918	instance-of
Q217720	P31	Q515	instance-of
Q218	P31	Q6256	instance-of
Q21838040	P31	Q34770	instance-of
Q218513	P31	Q482994	instance-of
Q218861	P31	Q515	instance-of
Q218928	P31	Q515	instance-of
Q218971	P31	Q482994	instance-of
Q219	P31	Q6256	instance-of
Q219060	P31	Q6256	instance-of
Q219117	P31	Q515	instance-of
Q21921428	P31	Q9143	instance-of
Q219417	P31	Q515	instance-of
Q219425	P31	Q482994	instance-of
Q2194290	P31	Q34770	instance-of
Q219564	P31	Q3918	instance-of
Q219583	P31	Q515	instance-of
Q219671	P31	Q515	instance-of
Q2196866	P31	Q34770	instance-of
Q219747	P31	Q482994	instance-of
Q2203	P31	Q515	instance-of
Q2203911	P31	Q34770	instance-of
Q2204061	P31	Q34770	instance-of
Q22074616	P31	Q34770	instance-of
Q220756	P31	Q482994	instance-of
Q22077739	P31	Q34770	instance-of
Q22080879	P31	Q34770	instance-of
Q22083804	P31	Q34770	instance-of
Q22083815	P31	Q34770	instance-of
Q22083822	P31	Q34770	instance-of
Q22083826	P31	Q34770	instance-of
Q220843	P31	Q515	instance-of
Q221	P31	Q6256	instance-of
Q2211	P31	Q515	instance-of
Q221447	P31	Q515	instance-of
Q221734	P31	Q515	instance-of
Q221914	P31	Q515	instance-of
Q221921	P31	Q515	instance-of
Q222	P31	Q6256	instance-of
Q222001	P31	Q482994	instance-of
Q2222616	P31	Q515	instance-of
Q222267	P31	Q515	instance-of
Q2222874	P31	Q515	instance-of
Q22236996	P31	Q34770	instance-of
Q22237017	P31	Q34770	instance-of
Q222738	P31	Q3918	instance-of
Q222755	P31	Q515	instance-of
Q22281491	P31	Q34770	instance-of
Q223	P31	Q6256	instance-of
Q22303142	P31	Q34770	instance-of
Q22303263	P31	Q34770	instance-of
Q223154	P31	Q515	instance-of
Q223181	P31	Q482994	instance-of
Q22320437	P31	Q34770	instance-of
Q2232696	P31	Q34770	instance-of
Q223306	P31	Q34770	instance-of
Q223314	P31	Q515	instance-of
Q2233794	P31	Q34770	instance-of
Q223433	P31	Q9143	instance-of
Q223587	P31	Q515	instance-of
Q223679	P31	Q9143	instance-of
Q223761	P31	Q515	instance-of
Q223858	P31	Q482994	instance-of
Q223914	P31	Q515	instance-of
Q223920	P31	Q515	instance-of
Q223966	P31	Q515	instance-of
Q224	P31	Q6256	instance-of
Q224641	P31	Q482994	instance-of
Q225	P31	Q6256	instance-of
Q2252191	P31	Q34770	instance-of
Q2256	P31	Q515	instance-of
Q225641	P31	Q515	instance-of
Q226	P31	Q515	instance-of
Q2261128	P31	Q3918	instance-of
Q2262283	P31	Q34770	instance-of
Q2262353	P31	Q34770	instance-of
Q22661876	P31	Q34770	instance-of
Q22662104	P31	Q34770	instance-of
Q22674828	P31	Q34770	instance-of
Q22674847	P31	Q34770	instance-of
Q2268	P31	Q34770	instance-of
Q22694600	P31	Q34770	instance-of
Q22694631	P31	Q34770	instance-of
Q227	P31	Q6256	instance-of
Q22711	P31	Q34770	instance-of
Q2278732	P31	Q34770	instance-of
Q228	P31	Q6256	instance-of
Q22808992	P31	Q34770	instance-of
Q22809485	P31	Q34770	instance-of
Q2281517	P31	Q3918	instance-of
Q2281564	P31	Q3918	instance-of
Q228405	P31	Q515	instance-of
Q22889	P31	Q515	instance-of
Q22893424	P31	Q34770	instance-of
Q229	P31	Q6256	instance-of
Q2291492	P31	Q34770	instance-of
Q22918391	P31	Q34770	instance-of
Q2292517	P31	Q515	instance-of
Q22948260	P31	Q34770	instance-of
Q22948538	P31	Q34770	instance-of
Q22949342	P31	Q34770	instance-of
Q2295569	P31	Q34770	instance-of
Q2298909	P31	Q9143	instance-of
Q2299797	P31	Q3918	instance-of
Q230	P31	Q6256	instance-of
Q23009966	P31	Q34770	instance-of
Q230104	P31	Q515	instance-of
Q23014	P31	Q34770	instance-of
Q2302663	P31	Q3918	instance-of
Q2303102	P31	Q3918	instance-of
Q23042461	P31	Q34770	instance-of
Q23042560	P31	Q34770	instance-of
Q23042641	P31	Q34770	instance-of
Q2304583	P31	Q34770	instance-of
Q23051	P31	Q515	instance-of
Q230628	P31	Q515	instance-of
Q23070	P31	Q515	instance-of
Q230818	P31	Q515	instance-of
Q230899	P31	Q3918	instance-of
Q2311602	P31	Q34770	instance-of
Q23154	P31	Q515	instance-of
Q2315424	P31	Q34770	instance-of
Q231765	P31	Q515	instance-of
Q2319877	P31	Q34770	instance-of
Q232	P31	Q6256	instance-of
Q232009	P31	Q11424	instance-of
Q232842	P31	Q515	instance-of
Q2328761	P31	Q34770	instance-of
Q233	P31	Q6256	instance-of
Q23311	P31	Q515	instance-of
Q2335528	P31	Q34770	instance-of
Q234056	P31	Q515	instance-of
Q234178	P31	Q515	instance-of
Q234184	P31	Q515	instance-of
Q23430	P31	Q515	instance-of
Q23436	P31	Q515	instance-of
Q23438	P31	Q515	instance-of
Q234600	P31	Q515	instance-of
Q234657	P31	Q9143	instance-of
Q2347334	P31	Q9143	instance-of
Q235	P31	Q6256	instance-of
Q235086	P31	Q9143	instance-of
Q23551	P31	Q515	instance-of
Q235571	P31	Q515	instance-of
Q23564	P31	Q515	instance-of
Q2356431	P31	Q34770	instance-of
Q2356440	P31	Q34770	instance-of
Q236	P31	Q6256	instance-of
Q236083	P31	Q515	instance-of
Q2361829	P31	Q34770	instance-of
Q2364661	P31	Q34770	instance-of
Q2365210	P31	Q34770	instance-of
Q23681	P31	Q6256	instance-of
Q237	P31	Q6256	instance-of
Q2370136	P31	Q34770	instance-of
Q2371358	P31	Q34770	instance-of
Q2372207	P31	Q34770	instance-of
Q237409	P31	Q34770	instance-of
Q2375468	P31	Q34770	instance-of
Q23755688	P31	Q34770	instance-of
Q23755711	P31	Q34770	instance-of
Q2378	P31	Q9143	instance-of
Q23780914	P31	Q11424	instance-of
Q23781155	P31	Q11424	instance-of
Q237847	P31	Q515	instance-of
Q2379113	P31	Q34770	instance-of
Q2379405	P31	Q34770	instance-of
Q238	P31	Q6256	instance-of
Q23800	P31	Q515	instance-of
Q2380124	P31	Q34770	instance-of
Q23807993	P31	Q34770	instance-of
Q23808030	P31	Q34770	instance-of
Q2381310	P31	Q34770	instance-of
Q238217	P31	Q515	instance-of
Q238452	P31	Q515	instance-of
Q238508	P31	Q515	instance-of
Q23855	P31	Q34770	instance-of
Q2386361	P31	Q34770	instance-of
Q2387274	P31	Q34770	instance-of
Q2387391	P31	Q34770	instance-of
Q2388310	P31	Q34770	instance-of
Q239097	P31	Q515	instance-of
Q239107	P31	Q515	instance-of
Q2391112	P31	Q34770	instance-of
Q2391273	P31	Q34770	instance-of
Q2391297	P31	Q34770	instance-of
Q2392351	P31	Q3918	instance-of
Q239266	P31	Q515	instance-of
Q2393095	P31	Q34770	instance-of
Q239421	P31	Q515	instance-of
Q2394710	P31	Q34770	instance-of
Q2394775	P31	Q3918	instance-of
Q2395641	P31	Q34770	instance-of
Q239580	P31	Q515	instance-of
Q2396970	P31	Q34770	instance-of
Q2400870	P31	Q34770	instance-of
Q2404190	P31	Q34770	instance-of
Q2405552	P31	Q34770	instance-of
Q2405981	P31	Q34770	instance-of
Q24061939	P31	Q34770	instance-of
Q240828	P31	Q482994	instance-of
Q241	P31	Q6256	instance-of
Q2410276	P31	Q34770	instance-of
Q2410352	P31	Q34770	instance-of
Q2411063	P31	Q34770	instance-of
Q241122	P31	Q515	instance-of
Q241146	P31	Q34770	instance-of
Q241298	P31	Q515	instance-of
Q241767	P31	Q515	instance-of
Q24190184	P31	Q34770	instance-of
Q24190219	P31	Q34770	instance-of
Q24190249	P31	Q34770	instance-of
Q24190396	P31	Q34770	instance-of
Q24191321	P31	Q34770	instance-of
Q24191493	P31	Q34770	instance-of
Q242	P31	Q6256	instance-of
Q24204852	P31	Q34770	instance-of
Q242144	P31	Q515	instance-of
Q2422065	P31	Q34770	instance-of
Q2422759	P31	Q34770	instance-of
Q24233881	P31	Q34770	instance-of
Q242497	P31	Q515	instance-of
Q242587	P31	Q515	instance-of
Q24265483	P31	Q34770	instance-of
Q24265507	P31	Q34770	instance-of
Q24265536	P31	Q34770	instance-of
Q24265552	P31	Q34770	instance-of
Q24265559	P31	Q34770	instance-of
Q24265566	P31	Q34770	instance-of
Q24265568	P31	Q34770	instance-of
Q24265571	P31	Q34770	instance-of
Q24265574	P31	Q34770	instance-of
Q24265579	P31	Q34770	instance-of
Q24265587	P31	Q34770	instance-of
Q24265594	P31	Q34770	instance-of
Q24265597	P31	Q34770	instance-of
Q24265601	P31	Q34770	instance-of
Q24265606	P31	Q34770	instance-of
Q2427341	P31	Q34770	instance-of
Q24275211	P31	Q34770	instance-of
Q2428476	P31	Q9143	instance-of
Q242895	P31	Q515	instance-of
Q242898	P31	Q515	instance-of
Q2429648	P31	Q34770	instance-of
Q242992	P31	Q515	instance-of
Q242995	P31	Q515	instance-of
Q243319	P31	Q515	instance-of
Q243322	P31	Q515	instance-of
Q243325	P31	Q515	instance-of
Q243699	P31	Q515	instance-of
Q24378966	P31	Q34770	instance-of
Q2438046	P31	Q9143	instance-of
Q243846	P31	Q515	instance-of
Q243859	P31	Q515	instance-of
Q244	P31	Q6256	instance-of
Q244004	P31	Q515	instance-of
Q244139	P31	Q515	instance-of
Q244154	P31	Q515	instance-of
Q244159	P31	Q515	instance-of
Q244236	P31	Q515	instance-of
Q24442801	P31	Q34770	instance-of
Q244509	P31	Q515	instance-of
Q2445129	P31	Q34770	instance-of
Q244627	P31	Q9143	instance-of
Q244747	P31	Q515	instance-of
Q244898	P31	Q515	instance-of
Q2449	P31	Q515	instance-of
Q2449994	P31	Q34770	instance-of
Q245023	P31	Q515	instance-of
Q24510318	P31	Q34770	instance-of
Q24510457	P31	Q34770	instance-of
Q24510944	P31	Q34770	instance-of
Q24511000	P31	Q34770	instance-of
Q24514203	P31	Q34770	instance-of
Q24514221	P31	Q34770	instance-of
Q2452885	P31	Q34770	instance-of
Q2453446	P31	Q3918	instance-of
Q2454881	P31	Q34770	instance-of
Q2454915	P31	Q34770	instance-of
Q246122	P31	Q34770	instance-of
Q2463067	P31	Q9143	instance-of
Q24661078	P31	Q34770	instance-of
Q24661089	P31	Q34770	instance-of
Q24661091	P31	Q34770	instance-of
Q24661094	P31	Q34770	instance-of
Q24661116	P31	Q34770	instance-of
Q24661281	P31	Q34770	instance-of
Q24661769	P31	Q34770	instance-of
Q24661795	P31	Q34770	instance-of
Q2467	P31	Q515	instance-of
Q24702005	P31	Q34770	instance-of
Q24702030	P31	Q34770	instance-of
Q24702038	P31	Q34770	instance-of
Q24702054	P31	Q34770	instance-of
Q24702056	P31	Q34770	instance-of
Q24702058	P31	Q34770	instance-of
Q24702084	P31	Q34770	instance-of
Q24702086	P31	Q34770	instance-of
Q24702087	P31	Q34770	instance-of
Q24702095	P31	Q34770	instance-of
Q24702102	P31	Q34770	instance-of
Q24702103	P31	Q34770	instance-of
Q24702118	P31	Q34770	instance-of
Q24702170	P31	Q34770	instance-of
Q24702178	P31	Q34770	instance-of
Q24702343	P31	Q34770	instance-of
Q24705177	P31	Q34770	instance-of
Q24705179	P31	Q34770	instance-of
Q24705196	P31	Q34770	instance-of
Q24705203	P31	Q34770	instance-of
Q24705210	P31	Q34770	instance-of
Q24705226	P31	Q34770	instance-of
Q24705257	P31	Q34770	instance-of
Q24705285	P31	Q34770	instance-of
Q24705287	P31	Q34770	instance-of
Q24705298	P31	Q34770	instance-of
Q24705303	P31	Q34770	instance-of
Q24705489	P31	Q34770	instance-of
Q24705494	P31	Q34770	instance-of
Q24705501	P31	Q34770	instance-of
Q24705530	P31	Q34770	instance-of
Q24705534	P31	Q34770	instance-of
Q24705536	P31	Q34770	instance-of
Q24705558	P31	Q34770	instance-of
Q24705565	P31	Q34770	instance-of
Q24705769	P31	Q34770	instance-of
Q24705790	P31	Q34770	instance-of
Q24705801	P31	Q34770	instance-of
Q24705873	P31	Q34770	instance-of
Q24705879	P31	Q34770	instance-of
Q2471	P31	Q515	instance-of
Q2472016	P31	Q34770	instance-of
Q2474492	P31	Q34770	instance-of
Q24750566	P31	Q34770	instance-of
Q24750680	P31	Q34770	instance-of
Q24751235	P31	Q34770	instance-of
Q24751336	P31	Q34770	instance-of
Q24751853	P31	Q34770	instance-of
Q24751899	P31	Q34770	instance-of
Q2475442	P31	Q34770	instance-of
Q2475478	P31	Q34770	instance-of
Q2475526	P31	Q34770	instance-of
Q2475538	P31	Q34770	instance-of
Q2475551	P31	Q34770	instance-of
Q24765803	P31	Q34770	instance-of
Q24765843	P31	Q34770	instance-of
Q24766151	P31	Q34770	instance-of
Q24766218	P31	Q34770	instance-of
Q24766592	P31	Q34770	instance-of
Q24766827	P31	Q34770	instance-of
Q2478711	P31	Q34770	instance-of
Q2478745	P31	Q34770	instance-of
Q2479725	P31	Q34770	instance-of
Q24815	P31	Q11424	instance-of
Q24826	P31	Q515	instance-of
Q24829073	P31	Q34770	instance-of
Q24832462	P31	Q34770	instance-of
Q24837167	P31	Q34770	instance-of
Q24841591	P31	Q34770	instance-of
Q24841855	P31	Q34770	instance-of
Q24841860	P31	Q34770	instance-of
Q24841880	P31	Q34770	instance-of
Q2484337	P31	Q34770	instance-of
Q2484579	P31	Q34770	instance-of
Q2484810	P31	Q34770	instance-of
Q24871	P31	Q11424	instance-of
Q248758	P31	Q34770	instance-of
Q2490115	P31	Q34770	instance-of
Q24907429	P31	Q34770	instance-of
Q24909565	P31	Q9143	instance-of
Q24912301	P31	Q34770	instance-of
Q24915992	P31	Q34770	instance-of
Q24929451	P31	Q34770	instance-of
Q24952038	P31	Q34770	instance-of
Q24957401	P31	Q34770	instance-of
Q2495760	P31	Q3918	instance-of
Q2496046	P31	Q3918	instance-of
Q2496233	P31	Q3918	instance-of
Q24971967	P31	Q34770	instance-of
Q2498808	P31	Q34770	instance-of
Q249884	P31	Q515	instance-of
Q249994	P31	Q515	instance-of
Q249996	P31	Q515	instance-of
Q2501174	P31	Q34770	instance-of
Q25025479	P31	Q34770	instance-of
Q2502949	P31	Q34770	instance-of
Q25035641	P31	Q34770	instance-of
Q25035821	P31	Q34770	instance-of
Q2503809	P31	Q3918	instance-of
Q25044405	P31	Q34770	instance-of
Q25045593	P31	Q34770	instance-of
Q25047888	P31	Q34770	instance-of
Q25047893	P31	Q34770	instance-of
Q25048763	P31	Q34770	instance-of
Q25052427	P31	Q34770	instance-of
Q25052429	P31	Q34770	instance-of
Q25052457	P31	Q34770	instance-of
Q25060438	P31	Q34770	instance-of
Q25060451	P31	Q34770	instance-of
Q2507721	P31	Q9143	instance-of
Q25098807	P31	Q34770	instance-of
Q25098810	P31	Q34770	instance-of
Q251	P31	Q9143	instance-of
Q25100077	P31	Q34770	instance-of
Q25100625	P31	Q34770	instance-of
Q25101928	P31	Q34770	instance-of
Q25110469	P31	Q34770	instance-of
Q2512084	P31	Q34770	instance-of
Q251329	P31	Q515	instance-of
Q25164	P31	Q34770	instance-of
Q25167	P31	Q34770	instance-of
Q251678	P31	Q515	instance-of
Q251728	P31	Q34770	instance-of
Q25188	P31	Q11424	instance-of
Q2519308	P31	Q34770	instance-of
Q252	P31	Q6256	instance-of
Q2520538	P31	Q34770	instance-of
Q2520657	P31	Q34770	instance-of
Q2520717	P31	Q34770	instance-of
Q2522153	P31	Q34770	instance-of
Q25226861	P31	Q34770	instance-of
Q25230440	P31	Q34770	instance-of
Q25230632	P31	Q34770	instance-of
Q252349	P31	Q34770	instance-of
Q25238369	P31	Q34770	instance-of
Q25239243	P31	Q34770	instance-of
Q2523999	P31	Q34770	instance-of
Q2524007	P31	Q34770	instance-of
Q2524022	P31	Q34770	instance-of
Q252411	P31	Q34770	instance-of
Q25258	P31	Q34770	instance-of
Q25261947	P31	Q34770	instance-of
Q25270	P31	Q515	instance-of
Q25279	P31	Q6256	instance-of
Q25282	P31	Q515	instance-of
Q25286	P31	Q515	instance-of
Q2529518	P31	Q3918	instance-of
Q2531629	P31	Q3918	instance-of
Q25337171	P31	Q34770	instance-of
Q25338040	P31	Q34770	instance-of
Q25338337	P31	Q34770	instance-of
Q25339626	P31	Q34770	instance-of
Q25339627	P31	Q34770	instance-of
Q25339628	P31	Q34770	instance-of
Q25339642	P31	Q34770	instance-of
Q25339835	P31	Q34770	instance-of
Q25340451	P31	Q34770	instance-of
Q25383006	P31	Q34770	instance-of
Q25389804	P31	Q34770	instance-of
Q25390	P31	Q515	instance-of
Q25394634	P31	Q34770	instance-of
Q25395221	P31	Q34770	instance-of
Q25407081	P31	Q34770	instance-of
Q25407698	P31	Q34770	instance-of
Q25409	P31	Q515	instance-of
Q25442	P31	Q34770	instance-of
Q25473909	P31	Q34770	instance-of
Q25475	P31	Q515	instance-of
Q2548276	P31	Q34770	instance-of
Q255455	P31	Q515	instance-of
Q25559289	P31	Q34770	instance-of
Q25559302	P31	Q34770	instance-of
Q25559314	P31	Q34770	instance-of
Q25559318	P31	Q34770	instance-of
Q25559347	P31	Q34770	instance-of
Q25559417	P31	Q34770	instance-of
Q25559419	P31	Q34770	instance-of
Q25559420	P31	Q34770	instance-of
Q25559432	P31	Q34770	instance-of
Q25559435	P31	Q34770	instance-of
Q25559440	P31	Q34770	instance-of
Q25559442	P31	Q34770	instance-of
Q25559454	P31	Q34770	instance-of
Q25559455	P31	Q34770	instance-of
Q25559456	P31	Q34770	instance-of
Q25559467	P31	Q34770	instance-of
Q25559468	P31	Q34770	instance-of
Q25559518	P31	Q34770	instance-of
Q25559519	P31	Q34770	instance-of
Q25559536	P31	Q34770	instance-of
Q25559558	P31	Q34770	instance-of
Q25559563	P31	Q34770	instance-of
Q25559575	P31	Q34770	instance-of
Q25559582	P31	Q34770	instance-of
Q25559585	P31	Q34770	instance-of
Q25559587	P31	Q34770	instance-of
Q25559589	P31	Q34770	instance-of
Q25559590	P31	Q34770	instance-of
Q25559598	P31	Q34770	instance-of
Q25559602	P31	Q34770	instance-of
Q25559604	P31	Q34770	instance-of
Q25559605	P31	Q34770	instance-of
Q25559652	P31	Q34770	instance-of
Q25559662	P31	Q34770	instance-of
Q25559664	P31	Q34770	instance-of
Q25559666	P31	Q34770	instance-of
Q25559675	P31	Q34770	instance-of
Q25559676	P31	Q34770	instance-of
Q25559677	P31	Q34770	instance-of
Q25559686	P31	Q34770	instance-of
Q25559688	P31	Q34770	instance-of
Q25559690	P31	Q34770	instance-of
Q25559692	P31	Q34770	instance-of
Q25559700	P31	Q34770	instance-of
Q25559701	P31	Q34770	instance-of
Q25559703	P31	Q34770	instance-of
Q25559704	P31	Q34770	instance-of
Q25559706	P31	Q34770	instance-of
Q25559715	P31	Q34770	instance-of
Q25559716	P31	Q34770	instance-of
Q25559721	P31	Q34770	instance-of
Q25559728	P31	Q34770	instance-of
Q25559729	P31	Q34770	instance-of
Q25559730	P31	Q34770	instance-of
Q25559732	P31	Q34770	instance-of
Q25559751	P31	Q34770	instance-of
Q25559779	P31	Q34770	instance-of
Q25562736	P31	Q34770	instance-of
Q25562959	P31	Q34770	instance-of
Q25580791	P31	Q34770	instance-of
Q25662652	P31	Q34770	instance-of
Q25664180	P31	Q34770	instance-of
Q25668566	P31	Q34770	instance-of
Q2567055	P31	Q34770	instance-of
Q2567916	P31	Q34770	instance-of
Q2567925	P31	Q34770	instance-of
Q2567934	P31	Q34770	instance-of
Q2567942	P31	Q34770	instance-of
Q25714758	P31	Q34770	instance-of
Q25714802	P31	Q34770	instance-of
Q2574767	P31	Q34770	instance-of
Q2575010	P31	Q9143	instance-of
Q2576407	P31	Q34770	instance-of
Q2577228	P31	Q34770	instance-of
Q2578935	P31	Q34770	instance-of
Q2579500	P31	Q34770	instance-of
Q25797	P31	Q515	instance-of
Q2579702	P31	Q3918	instance-of
Q258	P31	Q6256	instance-of
Q25803943	P31	Q34770	instance-of
Q25804	P31	Q515	instance-of
Q25816636	P31	Q34770	instance-of
Q25818908	P31	Q34770	instance-of
Q2585357	P31	Q34770	instance-of
Q25854011	P31	Q34770	instance-of
Q2585632	P31	Q34770	instance-of
Q2586893	P31	Q34770	instance-of
Q258778	P31	Q9143	instance-of
Q25893645	P31	Q34770	instance-of
Q2591165	P31	Q34770	instance-of
Q2591175	P31	Q34770	instance-of
Q2591184	P31	Q34770	instance-of
Q2591193	P31	Q34770	instance-of
Q2591202	P31	Q34770	instance-of
Q2591221	P31	Q34770	instance-of
Q2591230	P31	Q34770	instance-of
Q2591243	P31	Q34770	instance-of
Q2591251	P31	Q34770	instance-of
Q2591288	P31	Q34770	instance-of
Q2591320	P31	Q34770	instance-of
Q2591329	P31	Q34770	instance-of
Q2592378	P31	Q34770	instance-of
Q25927334	P31	Q34770	instance-of
Q25927362	P31	Q34770	instance-of
Q25927432	P31	Q34770	instance-of
Q25931428	P31	Q34770	instance-of
Q25934578	P31	Q34770	instance-of
Q25953	P31	Q34770	instance-of
Q2598797	P31	Q34770	instance-of
Q2598963	P31	Q34770	instance-of
Q2599826	P31	Q34770	instance-of
Q2600085	P31	Q34770	instance-of
Q2600390	P31	Q34770	instance-of
Q2603103	P31	Q34770	instance-of
Q2603808	P31	Q34770	instance-of
Q26040	P31	Q515	instance-of
Q2605298	P31	Q34770	instance-of
Q2605680	P31	Q34770	instance-of
Q2605689	P31	Q34770	instance-of
Q2605703	P31	Q34770	instance-of
Q2605943	P31	Q34770	instance-of
Q260911	P31	Q515	instance-of
Q261076	P31	Q515	instance-of
Q26119	P31	Q515	instance-of
Q261243	P31	Q515	instance-of
Q2613477	P31	Q34770	instance-of
Q26155	P31	Q515	instance-of
Q26175	P31	Q515	instance-of
Q2618974	P31	Q34770	instance-of
Q262	P31	Q6256	instance-of
Q26233906	P31	Q34770	instance-of
Q26234	P31	Q515	instance-of
Q26236162	P31	Q34770	instance-of
Q2625398	P31	Q34770	instance-of
Q2625410	P31	Q34770	instance-of
Q262579	P31	Q515	instance-of
Q26268	P31	Q515	instance-of
Q26273	P31	Q6256	instance-of
Q262854	P31	Q3918	instance-of
Q2630324	P31	Q9143	instance-of
Q2634	P31	Q515	instance-of
Q263544	P31	Q9143	instance-of
Q2635961	P31	Q34770	instance-of
Q2638144	P31	Q34770	instance-of
Q26393	P31	Q515	instance-of
Q26397	P31	Q515	instance-of
Q2640621	P31	Q34770	instance-of
Q2640628	P31	Q34770	instance-of
Q2640646	P31	Q34770	instance-of
Q2640686	P31	Q34770	instance-of
Q2640863	P31	Q34770	instance-of
Q2640935	P31	Q34770	instance-of
Q2642029	P31	Q9143	instance-of
Q26421	P31	Q515	instance-of
Q26425602	P31	Q34770	instance-of
Q26432	P31	Q515	instance-of
Q265	P31	Q6256	instance-of
Q265039	P31	Q9143	instance-of
Q26521	P31	Q515	instance-of
Q2656	P31	Q515	instance-of
Q26563	P31	Q515	instance-of
Q26569	P31	Q515	instance-of
Q2658244	P31	Q9143	instance-of
Q2658760	P31	Q34770	instance-of
Q2659044	P31	Q34770	instance-of
Q266417	P31	Q34770	instance-of
Q2665734	P31	Q34770	instance-of
Q2666835	P31	Q34770	instance-of
Q266896	P31	Q515	instance-of
Q2669150	P31	Q34770	instance-of
Q2669157	P31	Q34770	instance-of
Q2669164	P31	Q34770	instance-of
Q2669169	P31	Q34770	instance-of
Q2669181	P31	Q34770	instance-of
Q2669184	P31	Q34770	instance-of
Q2669188	P31	Q34770	instance-of
Q2669193	P31	Q34770	instance-of
Q2669202	P31	Q34770	instance-of
Q2669214	P31	Q34770	instance-of
Q2669219	P31	Q34770	instance-of
Q2669221	P31	Q34770	instance-of
Q2669225	P31	Q34770	instance-of
Q2669235	P31	Q34770	instance-of
Q2669239	P31	Q34770	instance-of
Q2669248	P31	Q34770	instance-of
Q2669569	P31	Q34770	instance-of
Q2671988	P31	Q34770	instance-of
Q2671999	P31	Q9143	instance-of
Q26736324	P31	Q34770	instance-of
Q2678840	P31	Q34770	instance-of
Q26793	P31	Q515	instance-of
Q268130	P31	Q34770	instance-of
Q2683	P31	Q515	instance-of
Q26881	P31	Q515	instance-of
Q268924	P31	Q34770	instance-of
Q26898358	P31	Q482994	instance-of
Q269	P31	Q515	instance-of
Q26906	P31	Q515	instance-of
Q2691548	P31	Q34770	instance-of
Q26937	P31	Q515	instance-of
Q2697010	P31	Q34770	instance-of
Q26988	P31	Q6256	instance-of
Q269899	P31	Q515	instance-of
Q269960	P31	Q515	instance-of
Q269980	P31	Q515	instance-of
Q2699882	P31	Q34770	instance-of
Q27	P31	Q6256	instance-of
Q270	P31	Q515	instance-of
Q27001	P31	Q515	instance-of
Q270041	P31	Q515	instance-of
Q270083	P31	Q482994	instance-of
Q2701322	P31	Q34770	instance-of
Q270176	P31	Q515	instance-of
Q270222	P31	Q3918	instance-of
Q2704	P31	Q515	instance-of
Q270535	P31	Q515	instance-of
Q270690	P31	Q482994	instance-of
Q270734	P31	Q515	instance-of
Q2707343	P31	Q34770	instance-of
Q270821	P31	Q515	instance-of
Q27116	P31	Q515	instance-of
Q27119	P31	Q515	instance-of
Q2712572	P31	Q34770	instance-of
Q27144776	P31	Q34770	instance-of
Q2714654	P31	Q34770	instance-of
Q2714690	P31	Q34770	instance-of
Q27168	P31	Q515	instance-of
Q271771	P31	Q515	instance-of
Q271787	P31	Q482994	instance-of
Q271911	P31	Q515	instance-of
Q2719893	P31	Q34770	instance-of
Q2721227	P31	Q34770	instance-of
Q2723670	P31	Q3918	instance-of
Q272471	P31	Q515	instance-of
Q27265	P31	Q3918	instance-of
Q272680	P31	Q515	instance-of
Q272795	P31	Q515	instance-of
Q273030	P31	Q515	instance-of
Q2731717	P31	Q34770	instance-of
Q2734	P31	Q515	instance-of
Q2735715	P31	Q34770	instance-of
Q2736980	P31	Q34770	instance-of
Q273779	P31	Q515	instance-of
Q27393	P31	Q515	instance-of
Q274120	P31	Q515	instance-of
Q2741615	P31	Q34770	instance-of
Q2742262	P31	Q34770	instance-of
Q2742268	P31	Q34770	instance-of
Q27425	P31	Q515	instance-of
Q2742661	P31	Q34770	instance-of
Q27431369	P31	Q34770	instance-of
Q27431376	P31	Q34770	instance-of
Q2743297	P31	Q482994	instance-of
Q27434946	P31	Q34770	instance-of
Q27447	P31	Q515	instance-of
Q2744745	P31	Q34770	instance-of
Q27452	P31	Q515	instance-of
Q2746221	P31	Q34770	instance-of
Q27478542	P31	Q34770	instance-of
Q27480	P31	Q34770	instance-of
Q2748232	P31	Q34770	instance-of
Q2748259	P31	Q34770	instance-of
Q2751	P31	Q515	instance-of
Q275131	P31	Q9143	instance-of
Q275472	P31	Q9143	instance-of
Q275635	P31	Q515	instance-of
Q275828	P31	Q482994	instance-of
Q275834	P31	Q482994	instance-of
Q2759	P31	Q515	instance-of
Q27602	P31	Q34770	instance-of
Q2760613	P31	Q34770	instance-of
Q2762100	P31	Q515	instance-of
Q276537	P31	Q515	instance-of
Q276546	P31	Q482994	instance-of
Q27683	P31	Q34770	instance-of
Q27692	P31	Q34770	instance-of
Q27709	P31	Q34770	instance-of
Q27740	P31	Q34770	instance-of
Q277664	P31	Q3918	instance-of
Q277681	P31	Q3918	instance-of
Q277710	P31	Q9143	instance-of
Q27782	P31	Q34770	instance-of
Q27785	P31	Q34770	instance-of
Q2779411	P31	Q34770	instance-of
Q277963	P31	Q34770	instance-of
Q278041	P31	Q34770	instance-of
Q27808515	P31	Q34770	instance-of
Q278204	P31	Q515	instance-of
Q278365	P31	Q34770	instance-of
Q2784033	P31	Q34770	instance-of
Q27864	P31	Q34770	instance-of
Q2786408	P31	Q34770	instance-of
Q27867	P31	Q34770	instance-of
Q27878	P31	Q34770	instance-of
Q278791	P31	Q9143	instance-of
Q279	P31	Q515	instance-of
Q2790	P31	Q515	instance-of
Q27921409	P31	Q34770	instance-of
Q27926110	P31	Q34770	instance-of
Q279350	P31	Q34770	instance-of
Q2794758	P31	Q515	instance-of
Q27963	P31	Q34770	instance-of
Q27968097	P31	Q34770	instance-of
Q27968108	P31	Q34770	instance-of
Q2796873	P31	Q34770	instance-of
Q27993	P31	Q34770	instance-of
Q28	P31	Q6256	instance-of
Q2802914	P31	Q34770	instance-of
Q28058	P31	Q34770	instance-of
Q28059	P31	Q34770	instance-of
Q28060	P31	Q34770	instance-of
Q2806128	P31	Q34770	instance-of
Q28062	P31	Q34770	instance-of
Q28064	P31	Q34770	instance-of
Q28070	P31	Q34770	instance-of
Q280824	P31	Q3918	instance-of
Q2809121	P31	Q34770	instance-of
Q28092	P31	Q34770	instance-of
Q28176	P31	Q34770	instance-of
Q282011	P31	Q34770	instance-of
Q2820163	P31	Q34770	instance-of
Q2822110	P31	Q34770	instance-of
Q2822982	P31	Q34770	instance-of
Q2823170	P31	Q34770	instance-of
Q28268	P31	Q34770	instance-of
Q28269	P31	Q34770	instance-of
Q2827041	P31	Q34770	instance-of
Q28272	P31	Q34770	instance-of
Q28277	P31	Q34770	instance-of
Q2827749	P31	Q34770	instance-of
Q28281	P31	Q34770	instance-of
Q2828867	P31	Q34770	instance-of
Q282888	P31	Q34770	instance-of
Q2828964	P31	Q34770	instance-of
Q2829146	P31	Q34770	instance-of
Q28302	P31	Q34770	instance-of
Q28304	P31	Q34770	instance-of
Q28305	P31	Q34770	instance-of
Q28335	P31	Q34770	instance-of
Q283368	P31	Q515	instance-of
Q28395	P31	Q34770	instance-of
Q2839722	P31	Q34770	instance-of
Q28400	P31	Q34770	instance-of
Q28410857	P31	Q34770	instance-of
Q2841180	P31	Q34770	instance-of
Q2841465	P31	Q34770	instance-of
Q2841471	P31	Q34770	instance-of
Q2841479	P31	Q34770	instance-of
Q28422	P31	Q34770	instance-of
Q2842468	P31	Q34770	instance-of
Q2842667	P31	Q34770	instance-of
Q28427	P31	Q34770	instance-of
Q28433	P31	Q34770	instance-of
Q2844	P31	Q515	instance-of
Q28449794	P31	Q34770	instance-of
Q28449798	P31	Q34770	instance-of
Q28449855	P31	Q34770	instance-of
Q2845320	P31	Q34770	instance-of
Q284604	P31	Q515	instance-of
Q2846078	P31	Q34770	instance-of
Q2846171	P31	Q34770	instance-of
Q2846195	P31	Q34770	instance-of
Q28477	P31	Q34770	instance-of
Q28497058	P31	Q34770	instance-of
Q28501331	P31	Q34770	instance-of
Q2850262	P31	Q34770	instance-of
Q28508	P31	Q34770	instance-of
Q28516	P31	Q515	instance-of
Q2852547	P31	Q34770	instance-of
Q2852592	P31	Q34770	instance-of
Q2852610	P31	Q34770	instance-of
Q28535	P31	Q34770	instance-of
Q28552	P31	Q34770	instance-of
Q28562	P31	Q34770	instance-of
Q28565	P31	Q34770	instance-of
Q28568	P31	Q34770	instance-of
Q28570	P31	Q34770	instance-of
Q2857892	P31	Q34770	instance-of
Q2858311	P31	Q34770	instance-of
Q285886	P31	Q9143	instance-of
Q2859081	P31	Q34770	instance-of
Q2859505	P31	Q34770	instance-of
Q28602	P31	Q34770	instance-of
Q286196	P31	Q9143	instance-of
Q2863482	P31	Q34770	instance-of
Q2863483	P31	Q34770	instance-of
Q2863511	P31	Q34770	instance-of
Q2866218	P31	Q34770	instance-of
Q28671271	P31	Q34770	instance-of
Q28671322	P31	Q34770	instance-of
Q2868	P31	Q515	instance-of
Q28695	P31	Q3918	instance-of
Q2871740	P31	Q34770	instance-of
Q2872082	P31	Q34770	instance-of
Q28729	P31	Q515	instance-of
Q2873211	P31	Q34770	instance-of
Q2873230	P31	Q34770	instance-of
Q28744623	P31	Q34770	instance-of
Q2874642	P31	Q34770	instance-of
Q2874650	P31	Q34770	instance-of
Q2874658	P31	Q34770	instance-of
Q2874670	P31	Q34770	instance-of
Q2874710	P31	Q34770	instance-of
Q28747534	P31	Q34770	instance-of
Q2875	P31	Q11424	instance-of
Q2875044	P31	Q34770	instance-of
Q2877155	P31	Q9143	instance-of
Q2877785	P31	Q34770	instance-of
Q2878833	P31	Q34770	instance-of
Q2878850	P31	Q34770	instance-of
Q2878874	P31	Q34770	instance-of
Q2879238	P31	Q34770	instance-of
Q2879298	P31	Q34770	instance-of
Q2880165	P31	Q34770	instance-of
Q2880535	P31	Q34770	instance-of
Q2881675	P31	Q34770	instance-of
Q2882543	P31	Q34770	instance-of
Q2882857	P31	Q34770	instance-of
Q2883521	P31	Q34770	instance-of
Q2883738	P31	Q34770	instance-of
Q2883794	P31	Q34770	instance-of
Q2883843	P31	Q34770	instance-of
Q2884502	P31	Q34770	instance-of
Q2884743	P31	Q34770	instance-of
Q2886189	P31	Q34770	instance-of
Q2886281	P31	Q34770	instance-of
Q28868951	P31	Q34770	instance-of
Q2888158	P31	Q34770	instance-of
Q2891042	P31	Q34770	instance-of
Q2891045	P31	Q34770	instance-of
Q2891049	P31	Q34770	instance-of
Q2891054	P31	Q34770	instance-of
Q28911	P31	Q515	instance-of
Q2891902	P31	Q34770	instance-of
Q2891938	P31	Q34770	instance-of
Q2892068	P31	Q34770	instance-of
Q2892477	P31	Q34770	instance-of
Q2894198	P31	Q34770	instance-of
Q2895638	P31	Q34770	instance-of
Q2896217	P31	Q34770	instance-of
Q2896850	P31	Q34770	instance-of
Q289693	P31	Q515	instance-of
Q28972018	P31	Q34770	instance-of
Q289816	P31	Q34770	instance-of
Q289832	P31	Q34770	instance-of
Q2899128	P31	Q34770	instance-of
Q29	P31	Q6256	instance-of
Q2900	P31	Q515	instance-of
Q2900881	P31	Q34770	instance-of
Q2902029	P31	Q34770	instance-of
Q2902304	P31	Q34770	instance-of
Q2902375	P31	Q34770	instance-of
Q2902626	P31	Q34770	instance-of
Q2903780	P31	Q34770	instance-of
Q2903788	P31	Q34770	instance-of
Q29042	P31	Q515	instance-of
Q2904312	P31	Q34770	instance-of
Q2904383	P31	Q34770	instance-of
Q2904868	P31	Q34770	instance-of
Q2905245	P31	Q34770	instance-of
Q2906632	P31	Q34770	instance-of
Q2907	P31	Q515	instance-of
Q2907551	P31	Q34770	instance-of
Q2908807	P31	Q34770	instance-of
Q2909984	P31	Q34770	instance-of
Q2910053	P31	Q34770	instance-of
Q2910067	P31	Q34770	instance-of
Q2910610	P31	Q34770	instance-of
Q2912846	P31	Q34770	instance-of
Q2916195	P31	Q34770	instance-of
Q2919128	P31	Q34770	instance-of
Q292068	P31	Q9143	instance-of
Q2922261	P31	Q34770	instance-of
Q2927370	P31	Q34770	instance-of
Q29277	P31	Q34770	instance-of
Q2927723	P31	Q34770	instance-of
Q2927799	P31	Q34770	instance-of
Q2927952	P31	Q34770	instance-of
Q2928207	P31	Q34770	instance-of
Q2928261	P31	Q34770	instance-of
Q2928278	P31	Q34770	instance-of
Q2928522	P31	Q34770	instance-of
Q2928650	P31	Q34770	instance-of
Q2928942	P31	Q34770	instance-of
Q2929025	P31	Q34770	instance-of
Q2929111	P31	Q34770	instance-of
Q29292	P31	Q34770	instance-of
Q29303	P31	Q515	instance-of
Q29316	P31	Q34770	instance-of
Q2932212	P31	Q34770	instance-of
Q2932485	P31	Q34770	instance-of
Q2932604	P31	Q34770	instance-of
Q2933	P31	Q515	instance-of
Q2933175	P31	Q34770	instance-of
Q29347	P31	Q34770	instance-of
Q2936334	P31	Q34770	instance-of
Q2936374	P31	Q34770	instance-of
Q2936935	P31	Q34770	instance-of
Q2937196	P31	Q34770	instance-of
Q2937753	P31	Q34770	instance-of
Q29440	P31	Q34770	instance-of
Q2944443	P31	Q34770	instance-of
Q2945610	P31	Q34770	instance-of
Q2947313	P31	Q34770	instance-of
Q29474	P31	Q34770	instance-of
Q2948019	P31	Q34770	instance-of
Q29490	P31	Q34770	instance-of
Q295232	P31	Q9143	instance-of
Q29540	P31	Q34770	instance-of
Q29579	P31	Q34770	instance-of
Q2961735	P31	Q34770	instance-of
Q2962074	P31	Q34770	instance-of
Q2962165	P31	Q34770	instance-of
Q2963680	P31	Q34770	instance-of
Q2963735	P31	Q34770	instance-of
Q2963909	P31	Q34770	instance-of
Q2963912	P31	Q34770	instance-of
Q2964008	P31	Q34770	instance-of
Q2964262	P31	Q34770	instance-of
Q2964447	P31	Q34770	instance-of
Q2964450	P31	Q34770	instance-of
Q2964454	P31	Q34770	instance-of
Q2964457	P31	Q34770	instance-of
Q2964521	P31	Q34770	instance-of
Q2964623	P31	Q34770	instance-of
Q2967321	P31	Q34770	instance-of
Q2967621	P31	Q34770	instance-of
Q2967636	P31	Q34770	instance-of
Q2967638	P31	Q34770	instance-of
Q2967709	P31	Q34770	instance-of
Q2976736	P31	Q34770	instance-of
Q298	P31	Q6256	instance-of
Q2980375	P31	Q34770	instance-of
Q2980381	P31	Q34770	instance-of
Q2980386	P31	Q34770	instance-of
Q2980392	P31	Q34770	instance-of
Q2980398	P31	Q34770	instance-of
Q2980404	P31	Q34770	instance-of
Q2980421	P31	Q34770	instance-of
Q2981109	P31	Q34770	instance-of
Q2981620	P31	Q34770	instance-of
Q2981948	P31	Q34770	instance-of
Q2982063	P31	Q34770	instance-of
Q2982964	P31	Q34770	instance-of
Q2984540	P31	Q34770	instance-of
Q2984602	P31	Q34770	instance-of
Q2988323	P31	Q34770	instance-of
Q29888	P31	Q515	instance-of
Q29902	P31	Q34770	instance-of
Q2991985	P31	Q34770	instance-of
Q2992833	P31	Q34770	instance-of
Q2992841	P31	Q34770	instance-of
Q2992872	P31	Q34770	instance-of
Q2992876	P31	Q34770	instance-of
Q2992892	P31	Q34770	instance-of
Q2992906	P31	Q34770	instance-of
Q2992915	P31	Q34770	instance-of
Q29930	P31	Q34770	instance-of
Q29942	P31	Q34770	instance-of
Q29962	P31	Q515	instance-of
Q2996970	P31	Q34770	instance-of
Q2999	P31	Q515	instance-of
Q29999	P31	Q6256	instance-of
Q30	P31	Q6256	instance-of
Q30002	P31	Q515	instance-of
Q30004	P31	Q34770	instance-of
Q3001	P31	Q515	instance-of
Q3001877	P31	Q34770	instance-of
Q300447	P31	Q482994	instance-of
Q300577	P31	Q515	instance-of
Q3006280	P31	Q34770	instance-of
Q3006281	P31	Q34770	instance-of
Q3006285	P31	Q34770	instance-of
Q3006705	P31	Q34770	instance-of
Q300867	P31	Q9143	instance-of
Q300897	P31	Q9143	instance-of
Q3009690	P31	Q34770	instance-of
Q301116	P31	Q34770	instance-of
Q30119628	P31	Q34770	instance-of
Q3012	P31	Q515	instance-of
Q30125	P31	Q34770	instance-of
Q3012604	P31	Q34770	instance-of
Q30130163	P31	Q34770	instance-of
Q3015523	P31	Q34770	instance-of
Q3016310	P31	Q34770	instance-of
Q30226846	P31	Q34770	instance-of
Q30226923	P31	Q34770	instance-of
Q30227112	P31	Q34770	instance-of
Q30238671	P31	Q34770	instance-of
Q30238732	P31	Q34770	instance-of
Q30238809	P31	Q34770	instance-of
Q30238909	P31	Q34770	instance-of
Q30246963	P31	Q34770	instance-of
Q30249597	P31	Q34770	instance-of
Q3025610	P31	Q34770	instance-of
Q3026110	P31	Q34770	instance-of
Q302745	P31	Q515	instance-of
Q3027471	P31	Q34770	instance-of
Q3027474	P31	Q34770	instance-of
Q3027879	P31	Q34770	instance-of
Q3027894	P31	Q34770	instance-of
Q3027909	P31	Q34770	instance-of
Q3027918	P31	Q34770	instance-of
Q3027923	P31	Q34770	instance-of
Q3027928	P31	Q34770	instance-of
Q3027930	P31	Q34770	instance-of
Q3027940	P31	Q34770	instance-of
Q3027953	P31	Q34770	instance-of
Q3028668	P31	Q34770	instance-of
Q3029682	P31	Q34770	instance-of
Q3029805	P31	Q34770	instance-of
Q30301407	P31	Q34770	instance-of
Q30301408	P31	Q34770	instance-of
Q3030315	P31	Q34770	instance-of
Q30304253	P31	Q34770	instance-of
Q30304266	P31	Q34770	instance-of
Q30304280	P31	Q34770	instance-of
Q30304295	P31	Q34770	instance-of
Q30304404	P31	Q34770	instance-of
Q30304423	P31	Q34770	instance-of
Q30304527	P31	Q34770	instance-of
Q30304565	P31	Q34770	instance-of
Q30304618	P31	Q34770	instance-of
Q30304639	P31	Q34770	instance-of
Q30312065	P31	Q34770	instance-of
Q303154	P31	Q34770	instance-of
Q30319	P31	Q34770	instance-of
Q3032135	P31	Q34770	instance-of
Q30323994	P31	Q34770	instance-of
Q30326401	P31	Q34770	instance-of
Q30326599	P31	Q34770	instance-of
Q30334533	P31	Q34770	instance-of
Q30334557	P31	Q34770	instance-of
Q30334589	P31	Q34770	instance-of
Q30334614	P31	Q34770	instance-of
Q30334618	P31	Q34770	instance-of
Q30334646	P31	Q34770	instance-of
Q30334681	P31	Q34770	instance-of
Q30334797	P31	Q34770	instance-of
Q30334808	P31	Q34770	instance-of
Q30334812	P31	Q34770	instance-of
Q30334841	P31	Q34770	instance-of
Q3033534	P31	Q34770	instance-of
Q3033544	P31	Q34770	instance-of
Q3033547	P31	Q34770	instance-of
Q3033554	P31	Q34770	instance-of
Q3033556	P31	Q34770	instance-of
Q3033560	P31	Q34770	instance-of
Q3033565	P31	Q34770	instance-of
Q3033570	P31	Q34770	instance-of
Q3033575	P31	Q34770	instance-of
Q3033578	P31	Q34770	instance-of
Q3033588	P31	Q34770	instance-of
Q3033594	P31	Q34770	instance-of
Q3033597	P31	Q34770	instance-of
Q3033726	P31	Q34770	instance-of
Q3033781	P31	Q34770	instance-of
Q3037	P31	Q515	instance-of
Q3037047	P31	Q34770	instance-of
Q3037084	P31	Q34770	instance-of
Q3038636	P31	Q34770	instance-of
Q3038640	P31	Q34770	instance-of
Q3038645	P31	Q34770	instance-of
Q3038653	P31	Q34770	instance-of
Q3039319	P31	Q34770	instance-of
Q3041061	P31	Q34770	instance-of
Q3041075	P31	Q34770	instance-of
Q3041178	P31	Q34770	instance-of
Q3041711	P31	Q34770	instance-of
Q3042189	P31	Q34770	instance-of
Q3042206	P31	Q34770	instance-of
Q3042278	P31	Q34770	instance-of
Q3042978	P31	Q34770	instance-of
Q3043	P31	Q515	instance-of
Q3046889	P31	Q34770	instance-of
Q3051961	P31	Q34770	instance-of
Q3052039	P31	Q34770	instance-of
Q3052041	P31	Q34770	instance-of
Q3052042	P31	Q34770	instance-of
Q3052971	P31	Q34770	instance-of
Q3053275	P31	Q34770	instance-of
Q3053279	P31	Q34770	instance-of
Q3053283	P31	Q34770	instance-of
Q3053288	P31	Q34770	instance-of
Q30540931	P31	Q34770	instance-of
Q3055682	P31	Q34770	instance-of
Q30557231	P31	Q34770	instance-of
Q30557234	P31	Q34770	instance-of
Q30557239	P31	Q34770	instance-of
Q30557242	P31	Q34770	instance-of
Q30557568	P31	Q34770	instance-of
Q30557570	P31	Q34770	instance-of
Q30557622	P31	Q34770	instance-of
Q30557634	P31	Q34770	instance-of
Q30557645	P31	Q34770	instance-of
Q30557652	P31	Q34770	instance-of
Q30557664	P31	Q34770	instance-of
Q30557667	P31	Q34770	instance-of
Q30557680	P31	Q34770	instance-of
Q30557723	P31	Q34770	instance-of
Q3056045	P31	Q34770	instance-of
Q3056339	P31	Q34770	instance-of
Q3056813	P31	Q3918	instance-of
Q30570453	P31	Q34770	instance-of
Q30570524	P31	Q34770	instance-of
Q30570551	P31	Q34770	instance-of
Q30579929	P31	Q34770	instance-of
Q30579936	P31	Q34770	instance-of
Q3058083	P31	Q34770	instance-of
Q3058192	P31	Q34770	instance-of
Q30590120	P31	Q34770	instance-of
Q3059362	P31	Q34770	instance-of
Q30597440	P31	Q34770	instance-of
Q30620	P31	Q515	instance-of
Q3062746	P31	Q34770	instance-of
Q3062751	P31	Q34770	instance-of
Q3063193	P31	Q34770	instance-of
Q3063517	P31	Q34770	instance-of
Q3063524	P31	Q34770	instance-of
Q3063531	P31	Q34770	instance-of
Q3063759	P31	Q34770	instance-of
Q3063761	P31	Q34770	instance-of
Q3063974	P31	Q34770	instance-of
Q30642960	P31	Q34770	instance-of
Q3064408	P31	Q34770	instance-of
Q3064409	P31	Q34770	instance-of
Q306626	P31	Q34770	instance-of
Q3067168	P31	Q34770	instance-of
Q3068282	P31	Q9143	instance-of
Q30688576	P31	Q34770	instance-of
Q3070	P31	Q515	instance-of
Q3070307	P31	Q34770	instance-of
Q307065	P31	Q3918	instance-of
Q3070731	P31	Q34770	instance-of
Q3071880	P31	Q34770	instance-of
Q30718851	P31	Q34770	instance-of
Q30718872	P31	Q34770	instance-of
Q30719105	P31	Q34770	instance-of
Q30719410	P31	Q34770	instance-of
Q30719951	P31	Q34770	instance-of
Q30719984	P31	Q34770	instance-of
Q30731827	P31	Q34770	instance-of
Q3073436	P31	Q34770	instance-of
Q3073441	P31	Q34770	instance-of
Q3073448	P31	Q34770	instance-of
Q3073453	P31	Q34770	instance-of
Q3073458	P31	Q34770	instance-of
Q3073465	P31	Q34770	instance-of
Q3073472	P31	Q34770	instance-of
Q3073532	P31	Q34770	instance-of
Q3073568	P31	Q34770	instance-of
Q30742253	P31	Q34770	instance-of
Q3075137	P31	Q34770	instance-of
Q3075144	P31	Q34770	instance-of
Q3077126	P31	Q34770	instance-of
Q30771931	P31	Q34770	instance-of
Q30772888	P31	Q34770	instance-of
Q30773342	P31	Q34770	instance-of
Q30773481	P31	Q34770	instance-of
Q30774198	P31	Q34770	instance-of
Q30779849	P31	Q34770	instance-of
Q307953	P31	Q34770	instance-of
Q3081996	P31	Q34770	instance-of
Q3082027	P31	Q34770	instance-of
Q3082037	P31	Q34770	instance-of
Q3083213	P31	Q34770	instance-of
Q3086050	P31	Q34770	instance-of
Q3088540	P31	Q34770	instance-of
Q3089032	P31	Q34770	instance-of
Q30894134	P31	Q34770	instance-of
Q30897168	P31	Q34770	instance-of
Q30898	P31	Q34770	instance-of
Q309021	P31	Q482994	instance-of
Q3091331	P31	Q34770	instance-of
Q309164	P31	Q515	instance-of
Q3092284	P31	Q34770	instance-of
Q3092293	P31	Q34770	instance-of
Q309348	P31	Q515	instance-of
Q309355	P31	Q515	instance-of
Q3094570	P31	Q34770	instance-of
Q3095108	P31	Q34770	instance-of
Q3095228	P31	Q34770	instance-of
Q3095245	P31	Q34770	instance-of
Q30963	P31	Q515	instance-of
Q30970	P31	Q515	instance-of
Q30985	P31	Q515	instance-of
Q3098656	P31	Q34770	instance-of
Q3098708	P31	Q34770	instance-of
Q30990	P31	Q515	instance-of
Q30994	P31	Q515	instance-of
Q30996	P31	Q515	instance-of
Q3099986	P31	Q34770	instance-of
Q31	P31	Q6256	instance-of
Q3100032	P31	Q34770	instance-of
Q3100264	P31	Q34770	instance-of
Q3100425	P31	Q34770	instance-of
Q3100814	P31	Q34770	instance-of
Q310117	P31	Q515	instance-of
Q3101212	P31	Q34770	instance-of
Q31031407	P31	Q34770	instance-of
Q3104772	P31	Q34770	instance-of
Q3104782	P31	Q34770	instance-of
Q3105505	P31	Q34770	instance-of
Q3107095	P31	Q3918	instance-of
Q31073316	P31	Q34770	instance-of
Q3107399	P31	Q34770	instance-of
Q3107606	P31	Q34770	instance-of
Q3107862	P31	Q34770	instance-of
Q3107865	P31	Q34770	instance-of
Q310842	P31	Q3918	instance-of
Q310893	P31	Q515	instance-of
Q31091048	P31	Q34770	instance-of
Q31102530	P31	Q34770	instance-of
Q3110291	P31	Q34770	instance-of
Q31102935	P31	Q34770	instance-of
Q31102977	P31	Q34770	instance-of
Q31104570	P31	Q34770	instance-of
Q3110470	P31	Q34770	instance-of
Q31107	P31	Q34770	instance-of
Q3110816	P31	Q34770	instance-of
Q3110877	P31	Q34770	instance-of
Q311099	P31	Q515	instance-of
Q3111396	P31	Q34770	instance-of
Q3111838	P31	Q34770	instance-of
Q3111847	P31	Q34770	instance-of
Q3111857	P31	Q34770	instance-of
Q3111869	P31	Q34770	instance-of
Q3111873	P31	Q34770	instance-of
Q3111883	P31	Q34770	instance-of
Q3111983	P31	Q34770	instance-of
Q3112184	P31	Q34770	instance-of
Q3112363	P31	Q34770	instance-of
Q3112388	P31	Q34770	instance-of
Q311321	P31	Q515	instance-of
Q3113756	P31	Q34770	instance-of
Q3114	P31	Q515	instance-of
Q3114402	P31	Q34770	instance-of
Q31147471	P31	Q34770	instance-of
Q31157882	P31	Q34770	instance-of
Q31172660	P31	Q34770	instance-of
Q31174256	P31	Q34770	instance-of
Q3118702	P31	Q34770	instance-of
Q3118757	P31	Q34770	instance-of
Q3118779	P31	Q34770	instance-of
Q311946	P31	Q515	instance-of
Q3119695	P31	Q34770	instance-of
Q31202516	P31	Q34770	instance-of
Q31202518	P31	Q34770	instance-of
Q31202520	P31	Q34770	instance-of
Q31202529	P31	Q34770	instance-of
Q31202530	P31	Q34770	instance-of
Q31203215	P31	Q34770	instance-of
Q31203218	P31	Q34770	instance-of
Q3120345	P31	Q34770	instance-of
Q31203603	P31	Q34770	instance-of
Q31203606	P31	Q34770	instance-of
Q31203614	P31	Q34770	instance-of
Q31203625	P31	Q34770	instance-of
Q31203632	P31	Q34770	instance-of
Q31203635	P31	Q34770	instance-of
Q31203637	P31	Q34770	instance-of
Q31203639	P31	Q34770	instance-of
Q31203642	P31	Q34770	instance-of
Q31203645	P31	Q34770	instance-of
Q31203647	P31	Q34770	instance-of
Q31203859	P31	Q34770	instance-of
Q31203861	P31	Q34770	instance-of
Q31203878	P31	Q34770	instance-of
Q31203880	P31	Q34770	instance-of
Q31203884	P31	Q34770	instance-of
Q31203894	P31	Q34770	instance-of
Q31203901	P31	Q34770	instance-of
Q31203905	P31	Q34770	instance-of
Q31203912	P31	Q34770	instance-of
Q31203916	P31	Q34770	instance-of
Q31203919	P31	Q34770	instance-of
Q31203924	P31	Q34770	instance-of
Q31203929	P31	Q34770	instance-of
Q31203931	P31	Q34770	instance-of
Q31203944	P31	Q34770	instance-of
Q31204096	P31	Q34770	instance-of
Q31204099	P31	Q34770	instance-of
Q31204105	P31	Q34770	instance-of
Q31204106	P31	Q34770	instance-of
Q31204109	P31	Q34770	instance-of
Q3120647	P31	Q34770	instance-of
Q3120733	P31	Q34770	instance-of
Q3120736	P31	Q34770	instance-of
Q3120761	P31	Q34770	instance-of
Q3120791	P31	Q34770	instance-of
Q3120935	P31	Q34770	instance-of
Q3120966	P31	Q515	instance-of
Q3121032	P31	Q34770	instance-of
Q3121035	P31	Q34770	instance-of
Q3121040	P31	Q34770	instance-of
Q3121045	P31	Q34770	instance-of
Q3121049	P31	Q34770	instance-of
Q3121063	P31	Q34770	instance-of
Q3121068	P31	Q34770	instance-of
Q3121073	P31	Q34770	instance-of
Q3121081	P31	Q34770	instance-of
Q3121835	P31	Q34770	instance-of
Q3123275	P31	Q34770	instance-of
Q3123524	P31	Q34770	instance-of
Q3123545	P31	Q34770	instance-of
Q3123566	P31	Q34770	instance-of
Q3124354	P31	Q34770	instance-of
Q3125121	P31	Q34770	instance-of
Q3125730	P31	Q34770	instance-of
Q3125871	P31	Q34770	instance-of
Q3125959	P31	Q34770	instance-of
Q3126783	P31	Q34770	instance-of
Q31271957	P31	Q34770	instance-of
Q312723	P31	Q515	instance-of
Q3127568	P31	Q34770	instance-of
Q312759	P31	Q515	instance-of
Q3128376	P31	Q34770	instance-of
Q31295480	P31	Q34770	instance-of
Q3130	P31	Q515	instance-of
Q3130221	P31	Q34770	instance-of
Q3130286	P31	Q34770	instance-of
Q3130290	P31	Q34770	instance-of
Q3130296	P31	Q34770	instance-of
Q3130301	P31	Q34770	instance-of
Q3130374	P31	Q34770	instance-of
Q3130514	P31	Q34770	instance-of
Q3130911	P31	Q34770	instance-of
Q3133606	P31	Q3918	instance-of
Q3134240	P31	Q34770	instance-of
Q3135164	P31	Q34770	instance-of
Q3135234	P31	Q34770	instance-of
Q3135421	P31	Q34770	instance-of
Q3135426	P31	Q34770	instance-of
Q3135432	P31	Q34770	instance-of
Q3138	P31	Q515	instance-of
Q3138713	P31	Q34770	instance-of
Q3138831	P31	Q34770	instance-of
Q3138832	P31	Q34770	instance-of
Q3138887	P31	Q34770	instance-of
Q3139484	P31	Q34770	instance-of
Q3140491	P31	Q34770	instance-of
Q3141	P31	Q515	instance-of
Q3141783	P31	Q34770	instance-of
Q3141869	P31	Q34770	instance-of
Q3142164	P31	Q34770	instance-of
Q3142988	P31	Q34770	instance-of
Q3143384	P31	Q34770	instance-of
Q314536	P31	Q3918	instance-of
Q3147383	P31	Q34770	instance-of
Q3148190	P31	Q34770	instance-of
Q3148787	P31	Q34770	instance-of
Q31493	P31	Q515	instance-of
Q3150912	P31	Q34770	instance-of
Q31519	P31	Q3918	instance-of
Q31519	P31	Q43229	instance-of
Q3153972	P31	Q34770	instance-of
Q3156306	P31	Q34770	instance-of
Q3156391	P31	Q34770	instance-of
Q31565	P31	Q515	instance-of
Q315658	P31	Q3918	instance-of
Q31572	P31	Q515	instance-of
Q31610	P31	Q515	instance-of
Q3162245	P31	Q34770	instance-of
Q3162806	P31	Q34770	instance-of
Q3163200	P31	Q34770	instance-of
Q317145	P31	Q515	instance-of
Q31722921	P31	Q34770	instance-of
Q31745045	P31	Q34770	instance-of
Q317636	P31	Q34770	instance-of
Q317642	P31	Q34770	instance-of
Q31775823	P31	Q34770	instance-of
Q31777873	P31	Q34770	instance-of
Q3178570	P31	Q34770	instance-of
Q3178609	P31	Q34770	instance-of
Q3178610	P31	Q34770	instance-of
Q31805	P31	Q515	instance-of
Q3181238	P31	Q34770	instance-of
Q318156	P31	Q515	instance-of
Q31819036	P31	Q34770	instance-of
Q318245	P31	Q515	instance-of
Q3182551	P31	Q34770	instance-of
Q3182557	P31	Q34770	instance-of
Q3182562	P31	Q34770	instance-of
Q3182567	P31	Q34770	instance-of
Q3182570	P31	Q34770	instance-of
Q3182573	P31	Q34770	instance-of
Q3182577	P31	Q34770	instance-of
Q3182581	P31	Q34770	instance-of
Q3182585	P31	Q34770	instance-of
Q3182593	P31	Q34770	instance-of
Q3183	P31	Q515	instance-of
Q3183349	P31	Q34770	instance-of
Q3183355	P31	Q34770	instance-of
Q3183382	P31	Q34770	instance-of
Q318418	P31	Q515	instance-of
Q31887629	P31	Q34770	instance-of
Q3191906	P31	Q34770	instance-of
Q3192052	P31	Q34770	instance-of
Q3192120	P31	Q34770	instance-of
Q3192121	P31	Q34770	instance-of
Q3192219	P31	Q34770	instance-of
Q3192220	P31	Q34770	instance-of
Q3192221	P31	Q34770	instance-of
Q3192316	P31	Q34770	instance-of
Q3192336	P31	Q34770	instance-of
Q3192339	P31	Q34770	instance-of
Q3192590	P31	Q34770	instance-of
Q319268	P31	Q9143	instance-of
Q3192697	P31	Q34770	instance-of
Q3192799	P31	Q34770	instance-of
Q3192889	P31	Q34770	instance-of
Q3192947	P31	Q34770	instance-of
Q3192950	P31	Q34770	instance-of
Q3193345	P31	Q34770	instance-of
Q319366	P31	Q515	instance-of
Q3193689	P31	Q34770	instance-of
Q3193895	P31	Q34770	instance-of
Q3194265	P31	Q34770	instance-of
Q3194294	P31	Q34770	instance-of
Q319476	P31	Q515	instance-of
Q3194847	P31	Q34770	instance-of
Q3194984	P31	Q34770	instance-of
Q3195346	P31	Q34770	instance-of
Q3195366	P31	Q34770	instance-of
Q3195442	P31	Q34770	instance-of
Q3195598	P31	Q34770	instance-of
Q3196052	P31	Q34770	instance-of
Q3196077	P31	Q34770	instance-of
Q3196124	P31	Q34770	instance-of
Q3196221	P31	Q34770	instance-of
Q3196320	P31	Q34770	instance-of
Q3196527	P31	Q34770	instance-of
Q3196559	P31	Q34770	instance-of
Q3196589	P31	Q34770	instance-of
Q3196601	P31	Q34770	instance-of
Q3196845	P31	Q34770	instance-of
Q3196953	P31	Q34770	instance-of
Q319729	P31	Q515	instance-of
Q3197441	P31	Q34770	instance-of
Q3197533	P31	Q34770	instance-of
Q3197558	P31	Q34770	instance-of
Q319813	P31	Q515	instance-of
Q3198209	P31	Q34770	instance-of
Q3198286	P31	Q34770	instance-of
Q3198399	P31	Q34770	instance-of
Q3198565	P31	Q34770	instance-of
Q3198688	P31	Q34770	instance-of
Q3198689	P31	Q34770	instance-of
Q3198700	P31	Q34770	instance-of
Q3198703	P31	Q34770	instance-of
Q3198732	P31	Q34770	instance-of
Q3198734	P31	Q34770	instance-of
Q3198896	P31	Q34770	instance-of
Q3198924	P31	Q34770	instance-of
Q3198994	P31	Q34770	instance-of
Q3198995	P31	Q34770	instance-of
Q3199000	P31	Q34770	instance-of
Q3199022	P31	Q34770	instance-of
Q3199353	P31	Q34770	instance-of
Q3199402	P31	Q34770	instance-of
Q3199549	P31	Q34770	instance-of
Q3199593	P31	Q34770	instance-of
Q3199686	P31	Q34770	instance-of
Q3199710	P31	Q34770	instance-of
Q32	P31	Q6256	instance-of
Q3200300	P31	Q34770	instance-of
Q3200326	P31	Q34770	instance-of
Q32004246	P31	Q34770	instance-of
Q3200468	P31	Q34770	instance-of
Q3200540	P31	Q34770	instance-of
Q3200615	P31	Q34770	instance-of
Q3200624	P31	Q34770	instance-of
Q3200633	P31	Q34770	instance-of
Q3200638	P31	Q34770	instance-of
Q32007168	P31	Q34770	instance-of
Q32007512	P31	Q34770	instance-of
Q32007699	P31	Q34770	instance-of
Q32007790	P31	Q34770	instance-of
Q3200796	P31	Q34770	instance-of
Q3200806	P31	Q34770	instance-of
Q3200829	P31	Q34770	instance-of
Q3200839	P31	Q34770	instance-of
Q3200846	P31	Q34770	instance-of
Q3201059	P31	Q34770	instance-of
Q32041490	P31	Q34770	instance-of
Q320519	P31	Q515	instance-of
Q3206623	P31	Q34770	instance-of
Q320704	P31	Q515	instance-of
Q320792	P31	Q515	instance-of
Q32093046	P31	Q34770	instance-of
Q32093049	P31	Q34770	instance-of
Q32110	P31	Q9143	instance-of
Q3211090	P31	Q34770	instance-of
Q321279	P31	Q515	instance-of
Q3214	P31	Q515	instance-of
Q3214296	P31	Q34770	instance-of
Q321475	P31	Q515	instance-of
Q3216169	P31	Q34770	instance-of
Q3216471	P31	Q34770	instance-of
Q3216494	P31	Q34770	instance-of
Q3216723	P31	Q34770	instance-of
Q3217305	P31	Q34770	instance-of
Q3217458	P31	Q34770	instance-of
Q3217470	P31	Q34770	instance-of
Q3217488	P31	Q34770	instance-of
Q3217892	P31	Q34770	instance-of
Q3217917	P31	Q34770	instance-of
Q3217929	P31	Q34770	instance-of
Q3218296	P31	Q34770	instance-of
Q3218574	P31	Q34770	instance-of
Q3219799	P31	Q34770	instance-of
Q3219937	P31	Q34770	instance-of
Q322149	P31	Q515	instance-of
Q322155	P31	Q515	instance-of
Q32238	P31	Q34770	instance-of
Q32260	P31	Q34770	instance-of
Q322828	P31	Q515	instance-of
Q3229119	P31	Q34770	instance-of
Q3229216	P31	Q34770	instance-of
Q3229263	P31	Q34770	instance-of
Q3229269	P31	Q34770	instance-of
Q3229273	P31	Q34770	instance-of
Q3229429	P31	Q34770	instance-of
Q3229434	P31	Q34770	instance-of
Q3229454	P31	Q34770	instance-of
Q3229472	P31	Q34770	instance-of
Q322964	P31	Q3918	instance-of
Q322986	P31	Q515	instance-of
Q323325	P31	Q34770	instance-of
Q3236789	P31	Q34770	instance-of
Q3236886	P31	Q34770	instance-of
Q3236912	P31	Q34770	instance-of
Q3237321	P31	Q34770	instance-of
Q3237491	P31	Q34770	instance-of
Q323801	P31	Q515	instance-of
Q323873	P31	Q515	instance-of
Q32389	P31	Q34770	instance-of
Q323986	P31	Q515	instance-of
Q3240737	P31	Q34770	instance-of
Q3241515	P31	Q34770	instance-of
Q3241781	P31	Q34770	instance-of
Q32430	P31	Q34770	instance-of
Q324394	P31	Q515	instance-of
Q3244176	P31	Q34770	instance-of
Q32480	P31	Q34770	instance-of
Q3250286	P31	Q34770	instance-of
Q325124	P31	Q515	instance-of
Q32571318	P31	Q34770	instance-of
Q3257566	P31	Q34770	instance-of
Q3258739	P31	Q34770	instance-of
Q3258818	P31	Q34770	instance-of
Q3259058	P31	Q34770	instance-of
Q3259061	P31	Q34770	instance-of
Q3259105	P31	Q34770	instance-of
Q3259202	P31	Q34770	instance-of
Q3259216	P31	Q34770	instance-of
Q3259972	P31	Q34770	instance-of
Q3260104	P31	Q34770	instance-of
Q32611	P31	Q34770	instance-of
Q326339	P31	Q515	instance-of
Q32641	P31	Q34770	instance-of
Q3264685	P31	Q34770	instance-of
Q3265143	P31	Q34770	instance-of
Q3267590	P31	Q34770	instance-of
Q3267788	P31	Q34770	instance-of
Q3268098	P31	Q34770	instance-of
Q32685	P31	Q34770	instance-of
Q32689	P31	Q34770	instance-of
Q32706	P31	Q34770	instance-of
Q3270727	P31	Q34770	instance-of
Q3272124	P31	Q34770	instance-of
Q3272620	P31	Q34770	instance-of
Q3272630	P31	Q34770	instance-of
Q3272737	P31	Q34770	instance-of
Q327274	P31	Q34770	instance-of
Q3273750	P31	Q34770	instance-of
Q3273980	P31	Q34770	instance-of
Q3275059	P31	Q34770	instance-of
Q3275205	P31	Q34770	instance-of
Q32762	P31	Q34770	instance-of
Q3276286	P31	Q34770	instance-of
Q3276435	P31	Q34770	instance-of
Q3277370	P31	Q34770	instance-of
Q3278074	P31	Q34770	instance-of
Q3278246	P31	Q34770	instance-of
Q3279409	P31	Q34770	instance-of
Q328030	P31	Q515	instance-of
Q3280623	P31	Q34770	instance-of
Q3280640	P31	Q34770	instance-of
Q3280670	P31	Q34770	instance-of
Q3281037	P31	Q34770	instance-of
Q3281043	P31	Q34770	instance-of
Q3281057	P31	Q34770	instance-of
Q3281496	P31	Q34770	instance-of
Q3281522	P31	Q34770	instance-of
Q328153	P31	Q515	instance-of
Q3281884	P31	Q34770	instance-of
Q328482	P31	Q482994	instance-of
Q3284890	P31	Q34770	instance-of
Q3285082	P31	Q34770	instance-of
Q328510	P31	Q515	instance-of
Q3285424	P31	Q34770	instance-of
Q3285426	P31	Q34770	instance-of
Q3285432	P31	Q34770	instance-of
Q3285748	P31	Q34770	instance-of
Q32858	P31	Q34770	instance-of
Q32859745	P31	Q34770	instance-of
Q3286037	P31	Q34770	instance-of
Q32860401	P31	Q34770	instance-of
Q32861734	P31	Q34770	instance-of
Q32867815	P31	Q34770	instance-of
Q3287127	P31	Q34770	instance-of
Q3287224	P31	Q34770	instance-of
Q32878	P31	Q34770	instance-of
Q3289596	P31	Q34770	instance-of
Q3291159	P31	Q34770	instance-of
Q32915	P31	Q34770	instance-of
Q32924	P31	Q34770	instance-of
Q32928	P31	Q34770	instance-of
Q32930	P31	Q34770	instance-of
Q32932	P31	Q34770	instance-of
Q3293280	P31	Q34770	instance-of
Q3293299	P31	Q34770	instance-of
Q32934	P31	Q34770	instance-of
Q3294683	P31	Q34770	instance-of
Q32947	P31	Q34770	instance-of
Q3295515	P31	Q482994	instance-of
Q3295916	P31	Q34770	instance-of
Q3296011	P31	Q34770	instance-of
Q32961	P31	Q34770	instance-of
Q32964	P31	Q34770	instance-of
Q32967	P31	Q34770	instance-of
Q32972	P31	Q34770	instance-of
Q3297282	P31	Q34770	instance-of
Q32981	P31	Q34770	instance-of
Q3298421	P31	Q34770	instance-of
Q32986	P31	Q34770	instance-of
Q3299145	P31	Q34770	instance-of
Q3299190	P31	Q34770	instance-of
Q33	P31	Q6256	instance-of
Q33025	P31	Q34770	instance-of
Q33028	P31	Q34770	instance-of
Q3302929	P31	Q34770	instance-of
Q3302952	P31	Q34770	instance-of
Q3303572	P31	Q34770	instance-of
Q33044	P31	Q34770	instance-of
Q33046	P31	Q34770	instance-of
Q3304803	P31	Q34770	instance-of
Q3304806	P31	Q34770	instance-of
Q3305008	P31	Q34770	instance-of
Q33052	P31	Q34770	instance-of
Q330531	P31	Q515	instance-of
Q33054	P31	Q34770	instance-of
Q3305477	P31	Q34770	instance-of
Q3305831	P31	Q34770	instance-of
Q3306	P31	Q515	instance-of
Q33060509	P31	Q34770	instance-of
Q33060513	P31	Q34770	instance-of
Q33060526	P31	Q34770	instance-of
Q33060533	P31	Q34770	instance-of
Q33061540	P31	Q34770	instance-of
Q330643	P31	Q515	instance-of
Q3306595	P31	Q34770	instance-of
Q3307184	P31	Q34770	instance-of
Q3307195	P31	Q34770	instance-of
Q3307204	P31	Q34770	instance-of
Q3307901	P31	Q34770	instance-of
Q33081	P31	Q34770	instance-of
Q33087049	P31	Q34770	instance-of
Q33093	P31	Q34770	instance-of
Q33103591	P31	Q34770	instance-of
Q33103997	P31	Q34770	instance-of
Q331099	P31	Q515	instance-of
Q33110152	P31	Q34770	instance-of
Q33110188	P31	Q34770	instance-of
Q33112829	P31	Q34770	instance-of
Q33120805	P31	Q34770	instance-of
Q33122730	P31	Q34770	instance-of
Q33123613	P31	Q34770	instance-of
Q33125	P31	Q34770	instance-of
Q33127766	P31	Q34770	instance-of
Q331340	P31	Q34770	instance-of
Q33138	P31	Q34770	instance-of
Q3314550	P31	Q34770	instance-of
Q3314742	P31	Q34770	instance-of
Q33151	P31	Q34770	instance-of
Q33153	P31	Q34770	instance-of
Q33161	P31	Q34770	instance-of
Q3316328	P31	Q34770	instance-of
Q3317286	P31	Q34770	instance-of
Q3317290	P31	Q34770	instance-of
Q33173	P31	Q34770	instance-of
Q331764	P31	Q515	instance-of
Q33178	P31	Q34770	instance-of
Q33190	P31	Q34770	instance-of
Q3319130	P31	Q34770	instance-of
Q3319155	P31	Q34770	instance-of
Q33192	P31	Q34770	instance-of
Q3319380	P31	Q34770	instance-of
Q3319387	P31	Q34770	instance-of
Q3319495	P31	Q34770	instance-of
Q3320030	P31	Q34770	instance-of
Q3320111	P31	Q34770	instance-of
Q33205	P31	Q34770	instance-of
Q3320594	P31	Q34770	instance-of
Q3320659	P31	Q34770	instance-of
Q3321131	P31	Q34770	instance-of
Q33219	P31	Q34770	instance-of
Q3322093	P31	Q34770	instance-of
Q33225	P31	Q34770	instance-of
Q33230	P31	Q34770	instance-of
Q332319	P31	Q515	instance-of
Q33234	P31	Q34770	instance-of
Q332342	P31	Q3918	instance-of
Q33236	P31	Q34770	instance-of
Q33239	P31	Q34770	instance-of
Q3324069	P31	Q34770	instance-of
Q3324070	P31	Q34770	instance-of
Q3324598	P31	Q34770	instance-of
Q3324744	P31	Q34770	instance-of
Q3325498	P31	Q34770	instance-of
Q33257	P31	Q34770	instance-of
Q33259	P31	Q34770	instance-of
Q33265	P31	Q34770	instance-of
Q33269	P31	Q34770	instance-of
Q33270	P31	Q34770	instance-of
Q3327000	P31	Q34770	instance-of
Q3327139	P31	Q34770	instance-of
Q3327339	P31	Q34770	instance-of
Q3327357	P31	Q34770	instance-of
Q3327367	P31	Q34770	instance-of
Q3327384	P31	Q34770	instance-of
Q3327399	P31	Q34770	instance-of
Q3327405	P31	Q34770	instance-of
Q3327415	P31	Q34770	instance-of
Q3327418	P31	Q34770	instance-of
Q3327420	P31	Q34770	instance-of
Q3327423	P31	Q34770	instance-of
Q3327427	P31	Q34770	instance-of
Q3327445	P31	Q34770	instance-of
Q3327462	P31	Q34770	instance-of
Q33276	P31	Q34770	instance-of
Q332792	P31	Q34770	instance-of
Q3328150	P31	Q34770	instance-of
Q33284	P31	Q34770	instance-of
Q33286	P31	Q34770	instance-of
Q33290	P31	Q34770	instance-of
Q33291	P31	Q34770	instance-of
Q3329139	P31	Q34770	instance-of
Q33295	P31	Q34770	instance-of
Q33299	P31	Q34770	instance-of
Q3330162	P31	Q34770	instance-of
Q33302	P31	Q34770	instance-of
Q33305	P31	Q34770	instance-of
Q333074	P31	Q515	instance-of
Q3330979	P31	Q34770	instance-of
Q3331003	P31	Q34770	instance-of
Q3331111	P31	Q34770	instance-of
Q3331115	P31	Q34770	instance-of
Q3331203	P31	Q34770	instance-of
Q3331491	P31	Q34770	instance-of
Q3331506	P31	Q34770	instance-of
Q33317	P31	Q34770	instance-of
Q3332062	P31	Q34770	instance-of
Q3332143	P31	Q34770	instance-of
Q3332149	P31	Q34770	instance-of
Q33330	P31	Q34770	instance-of
Q33332	P31	Q34770	instance-of
Q33335	P31	Q34770	instance-of
Q33339	P31	Q34770	instance-of
Q333476	P31	Q515	instance-of
Q3335011	P31	Q34770	instance-of
Q3335385	P31	Q34770	instance-of
Q3335387	P31	Q34770	instance-of
Q3335410	P31	Q34770	instance-of
Q3335553	P31	Q34770	instance-of
Q33360	P31	Q34770	instance-of
Q33361	P31	Q34770	instance-of
Q3336118	P31	Q34770	instance-of
Q3336135	P31	Q34770	instance-of
Q33362	P31	Q34770	instance-of
Q33363	P31	Q34770	instance-of
Q33364	P31	Q34770	instance-of
Q33367	P31	Q34770	instance-of
Q33370	P31	Q34770	instance-of
Q333705	P31	Q3918	instance-of
Q3337158	P31	Q34770	instance-of
Q3337327	P31	Q34770	instance-of
Q33377	P31	Q515	instance-of
Q3337774	P31	Q34770	instance-of
Q3338008	P31	Q34770	instance-of
Q3338052	P31	Q34770	instance-of
Q33385	P31	Q34770	instance-of
Q3339226	P31	Q34770	instance-of
Q333928	P31	Q515	instance-of
Q33393	P31	Q34770	instance-of
Q3339380	P31	Q34770	instance-of
Q33394	P31	Q34770	instance-of
Q334	P31	Q515	instance-of
Q334	P31	Q6256	instance-of
Q33402	P31	Q34770	instance-of
Q33404	P31	Q34770	instance-of
Q33411	P31	Q34770	instance-of
Q3342138	P31	Q34770	instance-of
Q33423	P31	Q34770	instance-of
Q33426	P31	Q34770	instance-of
Q33427	P31	Q34770	instance-of
Q33428	P31	Q515	instance-of
Q3342992	P31	Q34770	instance-of
Q33431	P31	Q34770	instance-of
Q3343229	P31	Q34770	instance-of
Q3343396	P31	Q34770	instance-of
Q33434	P31	Q34770	instance-of
Q3343420	P31	Q34770	instance-of
Q33436	P31	Q34770	instance-of
Q3344226	P31	Q34770	instance-of
Q33443	P31	Q34770	instance-of
Q33445	P31	Q34770	instance-of
Q3344784	P31	Q34770	instance-of
Q3344791	P31	Q34770	instance-of
Q33448	P31	Q34770	instance-of
Q3344819	P31	Q34770	instance-of
Q33450	P31	Q34770	instance-of
Q334577	P31	Q515	instance-of
Q3346228	P31	Q34770	instance-of
Q3346231	P31	Q34770	instance-of
Q3346277	P31	Q34770	instance-of
Q3346290	P31	Q34770	instance-of
Q33463	P31	Q34770	instance-of
Q33464	P31	Q34770	instance-of
Q3346655	P31	Q34770	instance-of
Q3346666	P31	Q34770	instance-of
Q33467	P31	Q34770	instance-of
Q3346774	P31	Q34770	instance-of
Q3347070	P31	Q34770	instance-of
Q33471	P31	Q34770	instance-of
Q3347266	P31	Q34770	instance-of
Q3347428	P31	Q34770	instance-of
Q33479	P31	Q34770	instance-of
Q33491	P31	Q34770	instance-of
Q33492	P31	Q34770	instance-of
Q3349758	P31	Q34770	instance-of
Q33500	P31	Q34770	instance-of
Q33501	P31	Q34770	instance-of
Q3350126	P31	Q34770	instance-of
Q33503	P31	Q34770	instance-of
Q3351562	P31	Q34770	instance-of
Q33516	P31	Q34770	instance-of
Q33522157	P31	Q34770	instance-of
Q3352827	P31	Q34770	instance-of
Q33530726	P31	Q34770	instance-of
Q335322	P31	Q515	instance-of
Q33537	P31	Q34770	instance-of
Q33541	P31	Q34770	instance-of
Q3354339	P31	Q34770	instance-of
Q335478	P31	Q515	instance-of
Q33549	P31	Q34770	instance-of
Q335548	P31	Q515	instance-of
Q33557	P31	Q34770	instance-of
Q3355834	P31	Q34770	instance-of
Q33563	P31	Q34770	instance-of
Q33578	P31	Q34770	instance-of
Q3357881	P31	Q34770	instance-of
Q33581	P31	Q515	instance-of
Q3358211	P31	Q34770	instance-of
Q33590	P31	Q34770	instance-of
Q33590104	P31	Q34770	instance-of
Q33591	P31	Q34770	instance-of
Q33594	P31	Q34770	instance-of
Q33595	P31	Q34770	instance-of
Q33597	P31	Q34770	instance-of
Q33599	P31	Q34770	instance-of
Q3359940	P31	Q34770	instance-of
Q33600	P31	Q34770	instance-of
Q3360016	P31	Q34770	instance-of
Q33601	P31	Q34770	instance-of
Q33603	P31	Q34770	instance-of
Q3360370	P31	Q34770	instance-of
Q33604	P31	Q34770	instance-of
Q33606	P31	Q34770	instance-of
Q3360656	P31	Q34770	instance-of
Q33607	P31	Q34770	instance-of
Q3360711	P31	Q34770	instance-of
Q33608	P31	Q34770	instance-of
Q33613	P31	Q515	instance-of
Q33617	P31	Q34770	instance-of
Q3361723	P31	Q34770	instance-of
Q3361762	P31	Q34770	instance-of
Q3361763	P31	Q34770	instance-of
Q3361765	P31	Q34770	instance-of
Q3361895	P31	Q34770	instance-of
Q3362086	P31	Q34770	instance-of
Q33622	P31	Q34770	instance-of
Q33624	P31	Q34770	instance-of
Q336250	P31	Q515	instance-of
Q33626	P31	Q34770	instance-of
Q336264	P31	Q3918	instance-of
Q33627	P31	Q34770	instance-of
Q3362757	P31	Q34770	instance-of
Q33628	P31	Q34770	instance-of
Q33630	P31	Q34770	instance-of
Q33634	P31	Q34770	instance-of
Q3363719	P31	Q34770	instance-of
Q33643	P31	Q34770	instance-of
Q3364475	P31	Q34770	instance-of
Q3364501	P31	Q34770	instance-of
Q3364594	P31	Q34770	instance-of
Q33653	P31	Q34770	instance-of
Q3365443	P31	Q34770	instance-of
Q33655	P31	Q34770	instance-of
Q3365567	P31	Q34770	instance-of
Q33657	P31	Q34770	instance-of
Q33658	P31	Q34770	instance-of
Q33660	P31	Q34770	instance-of
Q33661	P31	Q34770	instance-of
Q33662	P31	Q34770	instance-of
Q33663	P31	Q34770	instance-of
Q33664	P31	Q34770	instance-of
Q33665	P31	Q34770	instance-of
Q336661	P31	Q515	instance-of
Q33672	P31	Q34770	instance-of
Q33675	P31	Q34770	instance-of
Q33676	P31	Q34770	instance-of
Q33677	P31	Q34770	instance-of
Q3367751	P31	Q34770	instance-of
Q3368506	P31	Q34770	instance-of
Q3368679	P31	Q34770	instance-of
Q3368846	P31	Q34770	instance-of
Q336966	P31	Q515	instance-of
Q3370	P31	Q515	instance-of
Q3370184	P31	Q34770	instance-of
Q3370188	P31	Q34770	instance-of
Q33714	P31	Q34770	instance-of
Q33717	P31	Q34770	instance-of
Q33720	P31	Q34770	instance-of
Q33723	P31	Q34770	instance-of
Q337272	P31	Q9143	instance-of
Q33736	P31	Q34770	instance-of
Q3373890	P31	Q34770	instance-of
Q33743	P31	Q34770	instance-of
Q3374631	P31	Q34770	instance-of
Q33751	P31	Q34770	instance-of
Q3375142	P31	Q34770	instance-of
Q337530	P31	Q515	instance-of
Q3376353	P31	Q34770	instance-of
Q33765	P31	Q34770	instance-of
Q3376818	P31	Q34770	instance-of
Q33784	P31	Q34770	instance-of
Q33790	P31	Q34770	instance-of
Q33794	P31	Q34770	instance-of
Q33800	P31	Q34770	instance-of
Q33810	P31	Q34770	instance-of
Q33811	P31	Q34770	instance-of
Q33813	P31	Q34770	instance-of
Q3382207	P31	Q34770	instance-of
Q3382208	P31	Q34770	instance-of
Q33825	P31	Q34770	instance-of
Q33856	P31	Q34770	instance-of
Q33864	P31	Q34770	instance-of
Q33868	P31	Q34770	instance-of
Q33880	P31	Q34770	instance-of
Q3388339	P31	Q34770	instance-of
Q338844	P31	Q515	instance-of
Q3388544	P31	Q34770	instance-of
Q33890	P31	Q34770	instance-of
Q3389119	P31	Q34770	instance-of
Q3391031	P31	Q34770	instance-of
Q33914	P31	Q34770	instance-of
Q33916	P31	Q34770	instance-of
Q33918	P31	Q34770	instance-of
Q33924	P31	Q34770	instance-of
Q33926	P31	Q34770	instance-of
Q33928	P31	Q34770	instance-of
Q33930	P31	Q34770	instance-of
Q3393063	P31	Q34770	instance-of
Q33935	P31	Q515	instance-of
Q3393634	P31	Q34770	instance-of
Q33940	P31	Q34770	instance-of
Q3394363	P31	Q34770	instance-of
Q33947	P31	Q34770	instance-of
Q33948	P31	Q34770	instance-of
Q339527	P31	Q515	instance-of
Q33954	P31	Q34770	instance-of
Q33957	P31	Q34770	instance-of
Q33960	P31	Q34770	instance-of
Q3396018	P31	Q34770	instance-of
Q3396020	P31	Q34770	instance-of
Q3396021	P31	Q34770	instance-of
Q3396023	P31	Q34770	instance-of
Q3396025	P31	Q34770	instance-of
Q3396032	P31	Q34770	instance-of
Q3396122	P31	Q34770	instance-of
Q33962	P31	Q515	instance-of
Q3397346	P31	Q34770	instance-of
Q3398276	P31	Q34770	instance-of
Q3398323	P31	Q34770	instance-of
Q3398324	P31	Q34770	instance-of
Q3398785	P31	Q34770	instance-of
Q33990	P31	Q34770	instance-of
Q3399050	P31	Q34770	instance-of
Q3399095	P31	Q34770	instance-of
Q3399507	P31	Q34770	instance-of
Q3399642	P31	Q34770	instance-of
Q3399652	P31	Q34770	instance-of
Q3399682	P31	Q34770	instance-of
Q3399691	P31	Q34770	instance-of
Q3399709	P31	Q34770	instance-of
Q3399717	P31	Q34770	instance-of
Q3399725	P31	Q34770	instance-of
Q34	P31	Q6256	instance-of
Q3400073	P31	Q34770	instance-of
Q34001	P31	Q515	instance-of
Q34002	P31	Q34770	instance-of
Q3400829	P31	Q34770	instance-of
Q3401023	P31	Q34770	instance-of
Q34014	P31	Q34770	instance-of
Q3401474	P31	Q34770	instance-of
Q34015	P31	Q34770	instance-of
Q34016	P31	Q34770	instance-of
Q34017	P31	Q34770	instance-of
Q3401998	P31	Q34770	instance-of
Q34020	P31	Q6256	instance-of
Q3402048	P31	Q34770	instance-of
Q34022	P31	Q34770	instance-of
Q34024	P31	Q34770	instance-of
Q34029	P31	Q34770	instance-of
Q3403245	P31	Q34770	instance-of
Q3403246	P31	Q34770	instance-of
Q34035	P31	Q34770	instance-of
Q34037	P31	Q34770	instance-of
Q34040	P31	Q34770	instance-of
Q34067	P31	Q34770	instance-of
Q3407029	P31	Q34770	instance-of
Q3407136	P31	Q34770	instance-of
Q34079	P31	Q34770	instance-of
Q3408516	P31	Q34770	instance-of
Q34088	P31	Q34770	instance-of
Q34089	P31	Q34770	instance-of
Q3409297	P31	Q34770	instance-of
Q3409301	P31	Q34770	instance-of
Q3409307	P31	Q34770	instance-of
Q3409311	P31	Q34770	instance-of
Q3409318	P31	Q34770	instance-of
Q3409818	P31	Q34770	instance-of
Q3409819	P31	Q34770	instance-of
Q34101	P31	Q34770	instance-of
Q34108	P31	Q34770	instance-of
Q3410962	P31	Q34770	instance-of
Q3411152	P31	Q34770	instance-of
Q3411153	P31	Q34770	instance-of
Q34116	P31	Q515	instance-of
Q34124	P31	Q34770	instance-of
Q34126	P31	Q515	instance-of
Q3412974	P31	Q34770	instance-of
Q34133	P31	Q34770	instance-of
Q34137	P31	Q34770	instance-of
Q34139	P31	Q34770	instance-of
Q34140	P31	Q34770	instance-of
Q3414203	P31	Q34770	instance-of
Q3414352	P31	Q34770	instance-of
Q3414490	P31	Q34770	instance-of
Q3414522	P31	Q34770	instance-of
Q3414714	P31	Q34770	instance-of
Q3415	P31	Q515	instance-of
Q34154	P31	Q34770	instance-of
Q34163	P31	Q34770	instance-of
Q34170	P31	Q34770	instance-of
Q3417070	P31	Q34770	instance-of
Q34173	P31	Q34770	instance-of
Q34174	P31	Q34770	instance-of
Q3417555	P31	Q34770	instance-of
Q34180	P31	Q515	instance-of
Q34183	P31	Q515	instance-of
Q3418509	P31	Q34770	instance-of
Q34191	P31	Q34770	instance-of
Q34196	P31	Q34770	instance-of
Q34197	P31	Q34770	instance-of
Q3419746	P31	Q34770	instance-of
Q34198	P31	Q34770	instance-of
Q3420026	P31	Q34770	instance-of
Q34202	P31	Q34770	instance-of
Q34204	P31	Q34770	instance-of
Q34207	P31	Q34770	instance-of
Q34213	P31	Q34770	instance-of
Q34214	P31	Q34770	instance-of
Q34217	P31	Q515	instance-of
Q34219	P31	Q34770	instance-of
Q34222	P31	Q34770	instance-of
Q34224	P31	Q34770	instance-of
Q34226	P31	Q34770	instance-of
Q34235	P31	Q34770	instance-of
Q3423957	P31	Q34770	instance-of
Q34241	P31	Q34770	instance-of
Q34249	P31	Q34770	instance-of
Q3426367	P31	Q34770	instance-of
Q34279	P31	Q34770	instance-of
Q34280	P31	Q9143	instance-of
Q3429088	P31	Q34770	instance-of
Q34295800	P31	Q34770	instance-of
Q3431451	P31	Q34770	instance-of
Q34327	P31	Q34770	instance-of
Q3433211	P31	Q34770	instance-of
Q34333	P31	Q34770	instance-of
Q3435078	P31	Q34770	instance-of
Q3436461	P31	Q34770	instance-of
Q3436467	P31	Q34770	instance-of
Q3436586	P31	Q34770	instance-of
Q3436590	P31	Q34770	instance-of
Q3436597	P31	Q34770	instance-of
Q3436603	P31	Q34770	instance-of
Q3436612	P31	Q34770	instance-of
Q3436621	P31	Q34770	instance-of
Q3436626	P31	Q34770	instance-of
Q3436637	P31	Q34770	instance-of
Q3436645	P31	Q34770	instance-of
Q3436664	P31	Q34770	instance-of
Q3436668	P31	Q34770	instance-of
Q3436680	P31	Q34770	instance-of
Q3436689	P31	Q34770	instance-of
Q3436700	P31	Q34770	instance-of
Q3436736	P31	Q34770	instance-of
Q3437	P31	Q515	instance-of
Q34370	P31	Q515	instance-of
Q3437230	P31	Q34770	instance-of
Q3437292	P31	Q34770	instance-of
Q3437607	P31	Q34770	instance-of
Q3437616	P31	Q34770	instance-of
Q3437626	P31	Q34770	instance-of
Q3437645	P31	Q34770	instance-of
Q3437656	P31	Q34770	instance-of
Q3437661	P31	Q34770	instance-of
Q3438316	P31	Q34770	instance-of
Q3438330	P31	Q34770	instance-of
Q3438334	P31	Q34770	instance-of
Q3438338	P31	Q34770	instance-of
Q3438345	P31	Q34770	instance-of
Q3438350	P31	Q34770	instance-of
Q3438356	P31	Q34770	instance-of
Q3438361	P31	Q34770	instance-of
Q3438367	P31	Q34770	instance-of
Q3438373	P31	Q34770	instance-of
Q3438383	P31	Q34770	instance-of
Q3438402	P31	Q34770	instance-of
Q3438405	P31	Q34770	instance-of
Q3438444	P31	Q34770	instance-of
Q3438705	P31	Q34770	instance-of
Q3438708	P31	Q34770	instance-of
Q3438718	P31	Q34770	instance-of
Q3438725	P31	Q34770	instance-of
Q3438729	P31	Q34770	instance-of
Q3438738	P31	Q34770	instance-of
Q3438747	P31	Q34770	instance-of
Q3438755	P31	Q34770	instance-of
Q3438764	P31	Q34770	instance-of
Q3438770	P31	Q34770	instance-of
Q3438780	P31	Q34770	instance-of
Q3438789	P31	Q34770	instance-of
Q3438799	P31	Q34770	instance-of
Q3438807	P31	Q34770	instance-of
Q3438816	P31	Q34770	instance-of
Q3438830	P31	Q34770	instance-of
Q3439012	P31	Q34770	instance-of
Q3439071	P31	Q34770	instance-of
Q3439680	P31	Q34770	instance-of
Q34397870	P31	Q34770	instance-of
Q34398731	P31	Q34770	instance-of
Q3440381	P31	Q34770	instance-of
Q3440387	P31	Q34770	instance-of
Q3440392	P31	Q34770	instance-of
Q3440398	P31	Q34770	instance-of
Q3440403	P31	Q34770	instance-of
Q3440412	P31	Q34770	instance-of
Q3440422	P31	Q34770	instance-of
Q3440427	P31	Q34770	instance-of
Q3440432	P31	Q34770	instance-of
Q3440437	P31	Q34770	instance-of
Q3440448	P31	Q34770	instance-of
Q3440457	P31	Q34770	instance-of
Q3440464	P31	Q34770	instance-of
Q3440473	P31	Q34770	instance-of
Q3440480	P31	Q34770	instance-of
Q3440486	P31	Q34770	instance-of
Q3440492	P31	Q34770	instance-of
Q3440501	P31	Q34770	instance-of
Q3440506	P31	Q34770	instance-of
Q3440512	P31	Q34770	instance-of
Q3440518	P31	Q34770	instance-of
Q3440525	P31	Q34770	instance-of
Q3440527	P31	Q34770	instance-of
Q3440883	P31	Q34770	instance-of
Q3441097	P31	Q34770	instance-of
Q3441115	P31	Q34770	instance-of
Q3441122	P31	Q34770	instance-of
Q3441160	P31	Q34770	instance-of
Q3441166	P31	Q34770	instance-of
Q3441172	P31	Q34770	instance-of
Q3441180	P31	Q34770	instance-of
Q3441188	P31	Q34770	instance-of
Q3441193	P31	Q34770	instance-of
Q3441199	P31	Q34770	instance-of
Q3441206	P31	Q34770	instance-of
Q3441210	P31	Q34770	instance-of
Q3441216	P31	Q34770	instance-of
Q3441225	P31	Q34770	instance-of
Q3441230	P31	Q34770	instance-of
Q3441237	P31	Q34770	instance-of
Q3441244	P31	Q34770	instance-of
Q3441249	P31	Q34770	instance-of
Q3441256	P31	Q34770	instance-of
Q3441264	P31	Q34770	instance-of
Q3441272	P31	Q34770	instance-of
Q3441277	P31	Q34770	instance-of
Q3441285	P31	Q34770	instance-of
Q3441293	P31	Q34770	instance-of
Q3441299	P31	Q34770	instance-of
Q3441303	P31	Q34770	instance-of
Q3441310	P31	Q34770	instance-of
Q3441315	P31	Q34770	instance-of
Q3441324	P31	Q34770	instance-of
Q3441333	P31	Q34770	instance-of
Q3441344	P31	Q34770	instance-of
Q3441350	P31	Q34770	instance-of
Q3441359	P31	Q34770	instance-of
Q3441365	P31	Q34770	instance-of
Q3441370	P31	Q34770	instance-of
Q3441375	P31	Q34770	instance-of
Q3441382	P31	Q34770	instance-of
Q3441387	P31	Q34770	instance-of
Q3441392	P31	Q34770	instance-of
Q3441409	P31	Q34770	instance-of
Q3441418	P31	Q34770	instance-of
Q3441427	P31	Q34770	instance-of
Q3441435	P31	Q34770	instance-of
Q3441447	P31	Q34770	instance-of
Q3441595	P31	Q34770	instance-of
Q3441672	P31	Q34770	instance-of
Q3441683	P31	Q34770	instance-of
Q3441692	P31	Q34770	instance-of
Q3441762	P31	Q34770	instance-of
Q3441763	P31	Q34770	instance-of
Q3441962	P31	Q34770	instance-of
Q3442330	P31	Q34770	instance-of
Q3442402	P31	Q34770	instance-of
Q3442442	P31	Q34770	instance-of
Q344266	P31	Q9143	instance-of
Q3442732	P31	Q34770	instance-of
Q3442745	P31	Q34770	instance-of
Q34439761	P31	Q34770	instance-of
Q3444486	P31	Q34770	instance-of
Q3445546	P31	Q34770	instance-of
Q3445811	P31	Q34770	instance-of
Q3446241	P31	Q34770	instance-of
Q3446591	P31	Q34770	instance-of
Q3446596	P31	Q34770	instance-of
Q3446608	P31	Q34770	instance-of
Q3446613	P31	Q34770	instance-of
Q3446617	P31	Q34770	instance-of
Q3446622	P31	Q34770	instance-of
Q3446631	P31	Q34770	instance-of
Q3446632	P31	Q34770	instance-of
Q3446640	P31	Q34770	instance-of
Q3446643	P31	Q34770	instance-of
Q3446647	P31	Q34770	instance-of
Q3446651	P31	Q34770	instance-of
Q3446655	P31	Q34770	instance-of
Q3446660	P31	Q34770	instance-of
Q3446663	P31	Q34770	instance-of
Q3446668	P31	Q34770	instance-of
Q3446671	P31	Q34770	instance-of
Q3446675	P31	Q34770	instance-of
Q3446679	P31	Q34770	instance-of
Q3446682	P31	Q34770	instance-of
Q3446684	P31	Q34770	instance-of
Q3446687	P31	Q34770	instance-of
Q3446690	P31	Q34770	instance-of
Q3446691	P31	Q34770	instance-of
Q3446774	P31	Q34770	instance-of
Q3446788	P31	Q34770	instance-of
Q3447116	P31	Q34770	instance-of
Q3447258	P31	Q34770	instance-of
Q3447279	P31	Q34770	instance-of
Q3447286	P31	Q34770	instance-of
Q3447297	P31	Q34770	instance-of
Q3447440	P31	Q34770	instance-of
Q3448149	P31	Q34770	instance-of
Q3448673	P31	Q34770	instance-of
Q3448896	P31	Q34770	instance-of
Q3448919	P31	Q34770	instance-of
Q3449070	P31	Q34770	instance-of
Q3449082	P31	Q34770	instance-of
Q3449115	P31	Q34770	instance-of
Q3449126	P31	Q34770	instance-of
Q3449510	P31	Q34770	instance-of
Q3449805	P31	Q34770	instance-of
Q3449842	P31	Q34770	instance-of
Q3449885	P31	Q34770	instance-of
Q3449925	P31	Q34770	instance-of
Q3449953	P31	Q34770	instance-of
Q3449964	P31	Q34770	instance-of
Q3450131	P31	Q34770	instance-of
Q3450142	P31	Q34770	instance-of
Q3450154	P31	Q34770	instance-of
Q3450179	P31	Q34770	instance-of
Q3450194	P31	Q34770	instance-of
Q3450207	P31	Q34770	instance-of
Q3450252	P31	Q34770	instance-of
Q3450423	P31	Q34770	instance-of
Q3450433	P31	Q34770	instance-of
Q3450459	P31	Q34770	instance-of
Q3450469	P31	Q34770	instance-of
Q3450481	P31	Q34770	instance-of
Q3450493	P31	Q34770	instance-of
Q3450504	P31	Q34770	instance-of
Q3450516	P31	Q34770	instance-of
Q3450522	P31	Q34770	instance-of
Q3450534	P31	Q34770	instance-of
Q3450546	P31	Q34770	instance-of
Q3450556	P31	Q34770	instance-of
Q3450566	P31	Q34770	instance-of
Q3450578	P31	Q34770	instance-of
Q3450601	P31	Q34770	instance-of
Q3450611	P31	Q34770	instance-of
Q3450623	P31	Q34770	instance-of
Q3450636	P31	Q34770	instance-of
Q3450648	P31	Q34770	instance-of
Q3450660	P31	Q34770	instance-of
Q3450674	P31	Q34770	instance-of
Q3450686	P31	Q34770	instance-of
Q3450697	P31	Q34770	instance-of
Q3450709	P31	Q34770	instance-of
Q3450724	P31	Q34770	instance-of
Q3450735	P31	Q34770	instance-of
Q3450749	P31	Q34770	instance-of
Q3450761	P31	Q34770	instance-of
Q3450775	P31	Q34770	instance-of
Q3450788	P31	Q34770	instance-of
Q3450802	P31	Q34770	instance-of
Q3450812	P31	Q34770	instance-of
Q3450824	P31	Q34770	instance-of
Q3450949	P31	Q34770	instance-of
Q34511664	P31	Q34770	instance-of
Q34512239	P31	Q34770	instance-of
Q345204	P31	Q515	instance-of
Q3453188	P31	Q34770	instance-of
Q3460352	P31	Q34770	instance-of
Q3460478	P31	Q34770	instance-of
Q3460957	P31	Q34770	instance-of
Q34647	P31	Q515	instance-of
Q346744	P31	Q34770	instance-of
Q34685	P31	Q34770	instance-of
Q34692	P31	Q515	instance-of
Q347	P31	Q6256	instance-of
Q3470593	P31	Q34770	instance-of
Q3470594	P31	Q34770	instance-of
Q3472206	P31	Q34770	instance-of
Q34723	P31	Q34770	instance-of
Q34725	P31	Q34770	instance-of
Q34727	P31	Q34770	instance-of
Q34729	P31	Q34770	instance-of
Q34730	P31	Q34770	instance-of
Q3473187	P31	Q34770	instance-of
Q34732	P31	Q34770	instance-of
Q34733	P31	Q34770	instance-of
Q34734	P31	Q34770	instance-of
Q34736	P31	Q34770	instance-of
Q34737	P31	Q34770	instance-of
Q34738	P31	Q34770	instance-of
Q3474222	P31	Q34770	instance-of
Q3474649	P31	Q34770	instance-of
Q3474891	P31	Q34770	instance-of
Q34754	P31	Q6256	instance-of
Q3476	P31	Q515	instance-of
Q34767	P31	Q34770	instance-of
Q34769	P31	Q34770	instance-of
Q3477218	P31	Q34770	instance-of
Q34774	P31	Q34770	instance-of
Q34776	P31	Q34770	instance-of
Q34778	P31	Q34770	instance-of
Q34780	P31	Q34770	instance-of
Q34781	P31	Q34770	instance-of
Q34783	P31	Q34770	instance-of
Q34786	P31	Q34770	instance-of
Q34788	P31	Q34770	instance-of
Q34790	P31	Q34770	instance-of
Q34794	P31	Q34770	instance-of
Q34798	P31	Q34770	instance-of
Q34799	P31	Q34770	instance-of
Q3479942	P31	Q34770	instance-of
Q34801	P31	Q34770	instance-of
Q34802	P31	Q34770	instance-of
Q34808	P31	Q34770	instance-of
Q34810	P31	Q34770	instance-of
Q34813	P31	Q34770	instance-of
Q34814	P31	Q34770	instance-of
Q34815	P31	Q34770	instance-of
Q34817	P31	Q34770	instance-of
Q34818	P31	Q34770	instance-of
Q34819	P31	Q34770	instance-of
Q3481999	P31	Q34770	instance-of
Q34820	P31	Q515	instance-of
Q34822	P31	Q34770	instance-of
Q34823	P31	Q34770	instance-of
Q34824	P31	Q34770	instance-of
Q34826	P31	Q34770	instance-of
Q3482685	P31	Q34770	instance-of
Q34829	P31	Q34770	instance-of
Q3482903	P31	Q34770	instance-of
Q3482907	P31	Q34770	instance-of
Q34831	P31	Q34770	instance-of
Q34832	P31	Q34770	instance-of
Q34833	P31	Q34770	instance-of
Q34835	P31	Q34770	instance-of
Q34837	P31	Q34770	instance-of
Q34838	P31	Q34770	instance-of
Q34840	P31	Q34770	instance-of
Q348402	P31	Q3918	instance-of
Q34841	P31	Q34770	instance-of
Q3484101	P31	Q34770	instance-of
Q34842	P31	Q34770	instance-of
Q34844	P31	Q34770	instance-of
Q34846	P31	Q34770	instance-of
Q34849	P31	Q34770	instance-of
Q34850	P31	Q34770	instance-of
Q3485100	P31	Q34770	instance-of
Q3485116	P31	Q34770	instance-of
Q3485264	P31	Q34770	instance-of
Q34853	P31	Q34770	instance-of
Q34855	P31	Q34770	instance-of
Q34856	P31	Q34770	instance-of
Q34860	P31	Q34770	instance-of
Q34862	P31	Q34770	instance-of
Q34865	P31	Q34770	instance-of
Q34866	P31	Q34770	instance-of
Q34867	P31	Q34770	instance-of
Q34868	P31	Q34770	instance-of
Q3487165	P31	Q34770	instance-of
Q34872	P31	Q34770	instance-of
Q34875	P31	Q34770	instance-of
Q34878	P31	Q34770	instance-of
Q34880	P31	Q34770	instance-of
Q34882	P31	Q34770	instance-of
Q34884	P31	Q34770	instance-of
Q34885	P31	Q34770	instance-of
Q34888	P31	Q34770	instance-of
Q34889	P31	Q34770	instance-of
Q34890	P31	Q34770	instance-of
Q34892	P31	Q34770	instance-of
Q34893	P31	Q34770	instance-of
Q34894	P31	Q34770	instance-of
Q34895	P31	Q34770	instance-of
Q3489591	P31	Q34770	instance-of
Q34898	P31	Q34770	instance-of
Q34899	P31	Q34770	instance-of
Q34901	P31	Q34770	instance-of
Q34903	P31	Q34770	instance-of
Q3490756	P31	Q34770	instance-of
Q34910	P31	Q34770	instance-of
Q34911	P31	Q34770	instance-of
Q34912	P31	Q34770	instance-of
Q34914	P31	Q34770	instance-of
Q3491964	P31	Q34770	instance-of
Q34923	P31	Q34770	instance-of
Q3492334	P31	Q34770	instance-of
Q34928	P31	Q34770	instance-of
Q34930	P31	Q34770	instance-of
Q34931	P31	Q34770	instance-of
Q34932	P31	Q515	instance-of
Q34934	P31	Q34770	instance-of
Q34936	P31	Q34770	instance-of
Q3493704	P31	Q34770	instance-of
Q34938	P31	Q34770	instance-of
Q34940	P31	Q34770	instance-of
Q34941	P31	Q34770	instance-of
Q34942	P31	Q34770	instance-of
Q34946	P31	Q34770	instance-of
Q34949	P31	Q34770	instance-of
Q34950	P31	Q34770	instance-of
Q34952	P31	Q34770	instance-of
Q34953	P31	Q34770	instance-of
Q34954	P31	Q34770	instance-of
Q34958	P31	Q34770	instance-of
Q34960	P31	Q34770	instance-of
Q34961	P31	Q34770	instance-of
Q34964	P31	Q34770	instance-of
Q34967	P31	Q34770	instance-of
Q34968	P31	Q34770	instance-of
Q34971	P31	Q34770	instance-of
Q34973	P31	Q34770	instance-of
Q34974	P31	Q34770	instance-of
Q34976	P31	Q34770	instance-of
Q34977	P31	Q34770	instance-of
Q34979	P31	Q34770	instance-of
Q34983	P31	Q34770	instance-of
Q34984	P31	Q34770	instance-of
Q34985	P31	Q34770	instance-of
Q34986	P31	Q515	instance-of
Q34987	P31	Q34770	instance-of
Q34988	P31	Q34770	instance-of
Q34989	P31	Q34770	instance-of
Q34992	P31	Q34770	instance-of
Q34994	P31	Q34770	instance-of
Q34999	P31	Q34770	instance-of
Q3499934	P31	Q34770	instance-of
Q35	P31	Q6256	instance-of
Q350	P31	Q515	instance-of
Q35003	P31	Q34770	instance-of
Q35005	P31	Q34770	instance-of
Q35006	P31	Q34770	instance-of
Q35008	P31	Q34770	instance-of
Q35010	P31	Q34770	instance-of
Q3501019	P31	Q34770	instance-of
Q3501092	P31	Q34770	instance-of
Q35013	P31	Q34770	instance-of
Q3501553	P31	Q34770	instance-of
Q35017	P31	Q34770	instance-of
Q3501735	P31	Q34770	instance-of
Q3501747	P31	Q34770	instance-of
Q3501751	P31	Q34770	instance-of
Q3501773	P31	Q34770	instance-of
Q3501785	P31	Q34770	instance-of
Q3501797	P31	Q34770	instance-of
Q3501809	P31	Q34770	instance-of
Q3501825	P31	Q34770	instance-of
Q3501838	P31	Q34770	instance-of
Q3501850	P31	Q34770	instance-of
Q3501858	P31	Q34770	instance-of
Q3501868	P31	Q34770	instance-of
Q3501871	P31	Q34770	instance-of
Q3501881	P31	Q34770	instance-of
Q3501892	P31	Q34770	instance-of
Q35019	P31	Q34770	instance-of
Q3501903	P31	Q34770	instance-of
Q3501920	P31	Q34770	instance-of
Q3501930	P31	Q34770	instance-of
Q3501942	P31	Q34770	instance-of
Q3502030	P31	Q34770	instance-of
Q3502039	P31	Q34770	instance-of
Q3502072	P31	Q34770	instance-of
Q3502084	P31	Q34770	instance-of
Q3502094	P31	Q34770	instance-of
Q35021	P31	Q34770	instance-of
Q3502104	P31	Q34770	instance-of
Q3502213	P31	Q34770	instance-of
Q3502224	P31	Q34770	instance-of
Q3502232	P31	Q34770	instance-of
Q3502234	P31	Q34770	instance-of
Q3502244	P31	Q34770	instance-of
Q3502255	P31	Q34770	instance-of
Q3502273	P31	Q34770	instance-of
Q3502293	P31	Q34770	instance-of
Q3502294	P31	Q34770	instance-of
Q3502301	P31	Q34770	instance-of
Q3502308	P31	Q34770	instance-of
Q3502314	P31	Q34770	instance-of
Q3502326	P31	Q34770	instance-of
Q3502338	P31	Q34770	instance-of
Q3502347	P31	Q34770	instance-of
Q3502575	P31	Q34770	instance-of
Q35026	P31	Q34770	instance-of
Q3502610	P31	Q34770	instance-of
Q35028	P31	Q34770	instance-of
Q3502878	P31	Q34770	instance-of
Q3502895	P31	Q34770	instance-of
Q35029	P31	Q34770	instance-of
Q3503002	P31	Q34770	instance-of
Q3503009	P31	Q34770	instance-of
Q35034	P31	Q34770	instance-of
Q3503403	P31	Q34770	instance-of
Q3503454	P31	Q34770	instance-of
Q3503684	P31	Q34770	instance-of
Q3503717	P31	Q34770	instance-of
Q3503788	P31	Q34770	instance-of
Q35038	P31	Q34770	instance-of
Q3503800	P31	Q34770	instance-of
Q3503802	P31	Q34770	instance-of
Q3503856	P31	Q34770	instance-of
Q35040	P31	Q34770	instance-of
Q3504079	P31	Q34770	instance-of
Q3504087	P31	Q34770	instance-of
Q3504097	P31	Q34770	instance-of
Q3504106	P31	Q34770	instance-of
Q3504110	P31	Q34770	instance-of
Q3504118	P31	Q34770	instance-of
Q3504126	P31	Q34770	instance-of
Q3504136	P31	Q34770	instance-of
Q3504147	P31	Q34770	instance-of
Q3504170	P31	Q34770	instance-of
Q3504178	P31	Q34770	instance-of
Q3504186	P31	Q34770	instance-of
Q3504195	P31	Q34770	instance-of
Q35042	P31	Q34770	instance-of
Q3504201	P31	Q34770	instance-of
Q3504208	P31	Q34770	instance-of
Q3504217	P31	Q34770	instance-of
Q3504260	P31	Q34770	instance-of
Q3504269	P31	Q34770	instance-of
Q3504279	P31	Q34770	instance-of
Q3504287	P31	Q34770	instance-of
Q3504295	P31	Q34770	instance-of
Q35043	P31	Q34770	instance-of
Q3504312	P31	Q34770	instance-of
Q3504321	P31	Q34770	instance-of
Q3504331	P31	Q34770	instance-of
Q3504358	P31	Q34770	instance-of
Q35044	P31	Q34770	instance-of
Q3504488	P31	Q34770	instance-of
Q35045	P31	Q515	instance-of
Q35046	P31	Q34770	instance-of
Q3504757	P31	Q34770	instance-of
Q35048	P31	Q34770	instance-of
Q35050	P31	Q34770	instance-of
Q35052	P31	Q34770	instance-of
Q35055	P31	Q34770	instance-of
Q3505736	P31	Q34770	instance-of
Q35058	P31	Q34770	instance-of
Q3505859	P31	Q34770	instance-of
Q35061	P31	Q34770	instance-of
Q35063	P31	Q34770	instance-of
Q35065	P31	Q34770	instance-of
Q35066	P31	Q34770	instance-of
Q35067	P31	Q34770	instance-of
Q35068	P31	Q34770	instance-of
Q35071	P31	Q34770	instance-of
Q3507211	P31	Q34770	instance-of
Q35074	P31	Q34770	instance-of
Q3507479	P31	Q34770	instance-of
Q3507488	P31	Q34770	instance-of
Q35078	P31	Q34770	instance-of
Q3507832	P31	Q34770	instance-of
Q3507864	P31	Q34770	instance-of
Q3507873	P31	Q34770	instance-of
Q3507881	P31	Q34770	instance-of
Q3507888	P31	Q34770	instance-of
Q3507895	P31	Q34770	instance-of
Q3507907	P31	Q34770	instance-of
Q3507920	P31	Q34770	instance-of
Q3507932	P31	Q34770	instance-of
Q3507941	P31	Q34770	instance-of
Q3507959	P31	Q34770	instance-of
Q3507964	P31	Q34770	instance-of
Q3507971	P31	Q34770	instance-of
Q3507977	P31	Q34770	instance-of
Q3507983	P31	Q34770	instance-of
Q3507990	P31	Q34770	instance-of
Q3507995	P31	Q34770	instance-of
Q35080	P31	Q34770	instance-of
Q3508001	P31	Q34770	instance-of
Q3508007	P31	Q34770	instance-of
Q3508015	P31	Q34770	instance-of
Q3508025	P31	Q34770	instance-of
Q3508036	P31	Q34770	instance-of
Q3508044	P31	Q34770	instance-of
Q3508053	P31	Q34770	instance-of
Q3508067	P31	Q34770	instance-of
Q3508074	P31	Q34770	instance-of
Q3508085	P31	Q34770	instance-of
Q3508092	P31	Q34770	instance-of
Q3508100	P31	Q34770	instance-of
Q3508107	P31	Q34770	instance-of
Q3508116	P31	Q34770	instance-of
Q3508132	P31	Q34770	instance-of
Q35083	P31	Q34770	instance-of
Q35084	P31	Q34770	instance-of
Q35085	P31	Q34770	instance-of
Q3508617	P31	Q34770	instance-of
Q35087	P31	Q34770	instance-of
Q3508760	P31	Q34770	instance-of
Q35088	P31	Q34770	instance-of
Q35089	P31	Q34770	instance-of
Q35091	P31	Q34770	instance-of
Q3509129	P31	Q34770	instance-of
Q3509164	P31	Q34770	instance-of
Q35092	P31	Q34770	instance-of
Q35095	P31	Q34770	instance-of
Q35096	P31	Q34770	instance-of
Q3509628	P31	Q34770	instance-of
Q3509732	P31	Q34770	instance-of
Q35098	P31	Q34770	instance-of
Q35099	P31	Q34770	instance-of
Q35100	P31	Q34770	instance-of
Q35101	P31	Q34770	instance-of
Q35103	P31	Q34770	instance-of
Q35104	P31	Q34770	instance-of
Q35106	P31	Q34770	instance-of
Q35108	P31	Q34770	instance-of
Q35110	P31	Q34770	instance-of
Q35112	P31	Q34770	instance-of
Q35115	P31	Q34770	instance-of
Q3511919	P31	Q34770	instance-of
Q35121	P31	Q34770	instance-of
Q3512141	P31	Q34770	instance-of
Q3512161	P31	Q34770	instance-of
Q35123	P31	Q34770	instance-of
Q3512402	P31	Q34770	instance-of
Q35125	P31	Q34770	instance-of
Q3512660	P31	Q34770	instance-of
Q3512690	P31	Q34770	instance-of
Q35128	P31	Q34770	instance-of
Q35133	P31	Q34770	instance-of
Q3513300	P31	Q34770	instance-of
Q3513309	P31	Q34770	instance-of
Q3513320	P31	Q34770	instance-of
Q3513326	P31	Q34770	instance-of
Q3513542	P31	Q34770	instance-of
Q3513597	P31	Q34770	instance-of
Q3513637	P31	Q34770	instance-of
Q35137	P31	Q34770	instance-of
Q35138	P31	Q34770	instance-of
Q35141	P31	Q34770	instance-of
Q3514220	P31	Q34770	instance-of
Q351427	P31	Q515	instance-of
Q3514336	P31	Q34770	instance-of
Q3514343	P31	Q34770	instance-of
Q3514481	P31	Q34770	instance-of
Q3514498	P31	Q34770	instance-of
Q35145	P31	Q34770	instance-of
Q3514510	P31	Q34770	instance-of
Q3514563	P31	Q34770	instance-of
Q3514714	P31	Q34770	instance-of
Q3514812	P31	Q34770	instance-of
Q3514851	P31	Q34770	instance-of
Q3514882	P31	Q34770	instance-of
Q3514892	P31	Q34770	instance-of
Q3514927	P31	Q34770	instance-of
Q3515056	P31	Q34770	instance-of
Q3515058	P31	Q34770	instance-of
Q3515061	P31	Q34770	instance-of
Q3515065	P31	Q34770	instance-of
Q3515067	P31	Q34770	instance-of
Q3515074	P31	Q34770	instance-of
Q3515078	P31	Q34770	instance-of
Q3515084	P31	Q34770	instance-of
Q3515088	P31	Q34770	instance-of
Q3515096	P31	Q34770	instance-of
Q3515111	P31	Q34770	instance-of
Q3515185	P31	Q34770	instance-of
Q3515188	P31	Q34770	instance-of
Q3515198	P31	Q34770	instance-of
Q35152	P31	Q34770	instance-of
Q35154	P31	Q34770	instance-of
Q3515594	P31	Q34770	instance-of
Q35156	P31	Q34770	instance-of
Q3515603	P31	Q34770	instance-of
Q35157	P31	Q34770	instance-of
Q3516141	P31	Q34770	instance-of
Q35162	P31	Q34770	instance-of
Q35163	P31	Q34770	instance-of
Q351633	P31	Q34770	instance-of
Q35164	P31	Q34770	instance-of
Q3516641	P31	Q34770	instance-of
Q3516731	P31	Q34770	instance-of
Q35168	P31	Q34770	instance-of
Q35173	P31	Q34770	instance-of
Q35174	P31	Q34770	instance-of
Q35175	P31	Q34770	instance-of
Q35177	P31	Q34770	instance-of
Q35178	P31	Q515	instance-of
Q35179	P31	Q34770	instance-of
Q35180	P31	Q34770	instance-of
Q35181	P31	Q34770	instance-of
Q35182	P31	Q34770	instance-of
Q3518239	P31	Q34770	instance-of
Q3518245	P31	Q34770	instance-of
Q35183	P31	Q34770	instance-of
Q3518362	P31	Q34770	instance-of
Q3518379	P31	Q34770	instance-of
Q3518492	P31	Q34770	instance-of
Q35185	P31	Q34770	instance-of
Q35186	P31	Q34770	instance-of
Q35187	P31	Q34770	instance-of
Q35189	P31	Q34770	instance-of
Q3519	P31	Q515	instance-of
Q35190	P31	Q34770	instance-of
Q3519243	P31	Q34770	instance-of
Q35193	P31	Q34770	instance-of
Q3519302	P31	Q34770	instance-of
Q35194	P31	Q34770	instance-of
Q35196	P31	Q34770	instance-of
Q35199	P31	Q34770	instance-of
Q35202	P31	Q34770	instance-of
Q35204	P31	Q34770	instance-of
Q35206	P31	Q34770	instance-of
Q35208	P31	Q34770	instance-of
Q35210	P31	Q34770	instance-of
Q35214	P31	Q34770	instance-of
Q35215	P31	Q34770	instance-of
Q35217	P31	Q34770	instance-of
Q35218	P31	Q34770	instance-of
Q35219	P31	Q34770	instance-of
Q35222	P31	Q34770	instance-of
Q3522797	P31	Q34770	instance-of
Q35228	P31	Q34770	instance-of
Q35229	P31	Q34770	instance-of
Q35233	P31	Q34770	instance-of
Q35235	P31	Q34770	instance-of
Q35237	P31	Q34770	instance-of
Q35242	P31	Q34770	instance-of
Q35244	P31	Q34770	instance-of
Q35246	P31	Q515	instance-of
Q35247	P31	Q34770	instance-of
Q35250	P31	Q34770	instance-of
Q35251	P31	Q34770	instance-of
Q35254	P31	Q34770	instance-of
Q35256	P31	Q34770	instance-of
Q35257	P31	Q34770	instance-of
Q35258	P31	Q34770	instance-of
Q35259	P31	Q34770	instance-of
Q35260	P31	Q34770	instance-of
Q35262	P31	Q34770	instance-of
Q35263	P31	Q34770	instance-of
Q35265	P31	Q34770	instance-of
Q35266	P31	Q34770	instance-of
Q35267	P31	Q34770	instance-of
Q35268	P31	Q34770	instance-of
Q35270	P31	Q34770	instance-of
Q35271	P31	Q34770	instance-of
Q35272	P31	Q34770	instance-of
Q35274	P31	Q34770	instance-of
Q35278	P31	Q34770	instance-of
Q3528020	P31	Q34770	instance-of
Q3528199	P31	Q34770	instance-of
Q3528276	P31	Q34770	instance-of
Q35284	P31	Q34770	instance-of
Q35287	P31	Q34770	instance-of
Q35290	P31	Q34770	instance-of
Q35291	P31	Q34770	instance-of
Q3529155	P31	Q34770	instance-of
Q35292	P31	Q34770	instance-of
Q3529205	P31	Q34770	instance-of
Q35294	P31	Q34770	instance-of
Q35296	P31	Q34770	instance-of
Q35297	P31	Q34770	instance-of
Q35299	P31	Q34770	instance-of
Q35300	P31	Q34770	instance-of
Q35303	P31	Q34770	instance-of
Q3530330	P31	Q34770	instance-of
Q35304	P31	Q34770	instance-of
Q35306	P31	Q34770	instance-of
Q35309	P31	Q34770	instance-of
Q35311	P31	Q34770	instance-of
Q3531199	P31	Q34770	instance-of
Q35313	P31	Q34770	instance-of
Q3531388	P31	Q34770	instance-of
Q35315	P31	Q34770	instance-of
Q3531514	P31	Q34770	instance-of
Q35316	P31	Q34770	instance-of
Q3531659	P31	Q34770	instance-of
Q3531660	P31	Q34770	instance-of
Q3531666	P31	Q34770	instance-of
Q35317	P31	Q34770	instance-of
Q35318	P31	Q34770	instance-of
Q35319	P31	Q34770	instance-of
Q35322	P31	Q34770	instance-of
Q3532208	P31	Q34770	instance-of
Q3532287	P31	Q34770	instance-of
Q35323758	P31	Q34770	instance-of
Q35326	P31	Q34770	instance-of
Q35327	P31	Q34770	instance-of
Q3532756	P31	Q34770	instance-of
Q35329	P31	Q34770	instance-of
Q3532921	P31	Q3918	instance-of
Q35331	P31	Q34770	instance-of
Q35336	P31	Q34770	instance-of
Q35338	P31	Q34770	instance-of
Q35340	P31	Q34770	instance-of
Q35343	P31	Q34770	instance-of
Q35345	P31	Q34770	instance-of
Q3535117	P31	Q34770	instance-of
Q35353	P31	Q34770	instance-of
Q35361	P31	Q34770	instance-of
Q35363	P31	Q34770	instance-of
Q35365	P31	Q34770	instance-of
Q35371	P31	Q34770	instance-of
Q3537135	P31	Q34770	instance-of
Q35375	P31	Q34770	instance-of
Q35377	P31	Q34770	instance-of
Q35379	P31	Q34770	instance-of
Q35381	P31	Q515	instance-of
Q35386	P31	Q34770	instance-of
Q35388	P31	Q34770	instance-of
Q35392	P31	Q34770	instance-of
Q3539279	P31	Q34770	instance-of
Q3539587	P31	Q34770	instance-of
Q35397	P31	Q34770	instance-of
Q35399	P31	Q34770	instance-of
Q35401	P31	Q34770	instance-of
Q35403	P31	Q34770	instance-of
Q35406	P31	Q34770	instance-of
Q35408	P31	Q34770	instance-of
Q3540922	P31	Q34770	instance-of
Q3540927	P31	Q34770	instance-of
Q35412	P31	Q34770	instance-of
Q35414	P31	Q34770	instance-of
Q3541574	P31	Q34770	instance-of
Q3541581	P31	Q34770	instance-of
Q3541695	P31	Q34770	instance-of
Q3541834	P31	Q34770	instance-of
Q3541935	P31	Q34770	instance-of
Q35420	P31	Q34770	instance-of
Q35420285	P31	Q34770	instance-of
Q3542085	P31	Q34770	instance-of
Q3542117	P31	Q34770	instance-of
Q3542217	P31	Q34770	instance-of
Q35423	P31	Q34770	instance-of
Q3542307	P31	Q34770	instance-of
Q35426	P31	Q34770	instance-of
Q35428	P31	Q34770	instance-of
Q3543	P31	Q515	instance-of
Q35431	P31	Q34770	instance-of
Q3543151	P31	Q34770	instance-of
Q35432	P31	Q34770	instance-of
Q35434	P31	Q34770	instance-of
Q35435	P31	Q34770	instance-of
Q35439	P31	Q34770	instance-of
Q35441	P31	Q34770	instance-of
Q35443	P31	Q34770	instance-of
Q35446	P31	Q34770	instance-of
Q35447	P31	Q34770	instance-of
Q35449	P31	Q34770	instance-of
Q3545044	P31	Q34770	instance-of
Q35455	P31	Q34770	instance-of
Q35457	P31	Q34770	instance-of
Q35463	P31	Q34770	instance-of
Q35467	P31	Q34770	instance-of
Q3547080	P31	Q34770	instance-of
Q35472	P31	Q34770	instance-of
Q35474	P31	Q34770	instance-of
Q35475	P31	Q34770	instance-of
Q3547642	P31	Q34770	instance-of
Q35478	P31	Q34770	instance-of
Q35481	P31	Q34770	instance-of
Q3548186	P31	Q34770	instance-of
Q35483	P31	Q34770	instance-of
Q35486	P31	Q34770	instance-of
Q35490	P31	Q34770	instance-of
Q35491	P31	Q34770	instance-of
Q35492	P31	Q34770	instance-of
Q35493	P31	Q515	instance-of
Q35497	P31	Q34770	instance-of
Q35508	P31	Q34770	instance-of
Q3551	P31	Q515	instance-of
Q35514	P31	Q34770	instance-of
Q35519	P31	Q34770	instance-of
Q3552042	P31	Q34770	instance-of
Q35521	P31	Q34770	instance-of
Q35523	P31	Q34770	instance-of
Q35524	P31	Q34770	instance-of
Q35528	P31	Q34770	instance-of
Q35529	P31	Q34770	instance-of
Q35531	P31	Q34770	instance-of
Q3553248	P31	Q34770	instance-of
Q3553423	P31	Q34770	instance-of
Q3553459	P31	Q34770	instance-of
Q35536	P31	Q34770	instance-of
Q35537	P31	Q34770	instance-of
Q35539	P31	Q34770	instance-of
Q3553981	P31	Q34770	instance-of
Q35541	P31	Q34770	instance-of
Q35542	P31	Q34770	instance-of
Q35543	P31	Q34770	instance-of
Q3554582	P31	Q34770	instance-of
Q3554807	P31	Q34770	instance-of
Q35549	P31	Q34770	instance-of
Q35551	P31	Q34770	instance-of
Q35552	P31	Q34770	instance-of
Q35554	P31	Q34770	instance-of
Q35556	P31	Q34770	instance-of
Q3555689	P31	Q34770	instance-of
Q35558	P31	Q34770	instance-of
Q35559	P31	Q34770	instance-of
Q35561	P31	Q34770	instance-of
Q35562	P31	Q34770	instance-of
Q35564	P31	Q34770	instance-of
Q35566	P31	Q34770	instance-of
Q35567	P31	Q34770	instance-of
Q35568	P31	Q34770	instance-of
Q35573	P31	Q34770	instance-of
Q35575	P31	Q34770	instance-of
Q35577	P31	Q34770	instance-of
Q35579	P31	Q34770	instance-of
Q35580	P31	Q34770	instance-of
Q35582	P31	Q34770	instance-of
Q35584	P31	Q34770	instance-of
Q3558409	P31	Q34770	instance-of
Q35585	P31	Q34770	instance-of
Q35586	P31	Q34770	instance-of
Q35588	P31	Q34770	instance-of
Q35590	P31	Q34770	instance-of
Q35593	P31	Q34770	instance-of
Q35595	P31	Q34770	instance-of
Q35596	P31	Q34770	instance-of
Q35597	P31	Q34770	instance-of
Q35598	P31	Q34770	instance-of
Q35602	P31	Q34770	instance-of
Q35607	P31	Q34770	instance-of
Q35609	P31	Q34770	instance-of
Q3561	P31	Q515	instance-of
Q35613	P31	Q34770	instance-of
Q35614	P31	Q34770	instance-of
Q35624	P31	Q34770	instance-of
Q35626	P31	Q34770	instance-of
Q35628	P31	Q34770	instance-of
Q3562943	P31	Q515	instance-of
Q35632	P31	Q34770	instance-of
Q35634	P31	Q34770	instance-of
Q35636	P31	Q34770	instance-of
Q3563857	P31	Q34770	instance-of
Q35641	P31	Q34770	instance-of
Q35643	P31	Q34770	instance-of
Q35645	P31	Q34770	instance-of
Q35646	P31	Q34770	instance-of
Q35649	P31	Q34770	instance-of
Q35650	P31	Q34770	instance-of
Q3565058	P31	Q34770	instance-of
Q35651	P31	Q34770	instance-of
Q3565122	P31	Q34770	instance-of
Q35652	P31	Q34770	instance-of
Q3565284	P31	Q34770	instance-of
Q3565286	P31	Q34770	instance-of
Q35653	P31	Q34770	instance-of
Q35655	P31	Q34770	instance-of
Q35660	P31	Q34770	instance-of
Q3566001	P31	Q34770	instance-of
Q3566166	P31	Q34770	instance-of
Q35662	P31	Q34770	instance-of
Q35663	P31	Q34770	instance-of
Q35664	P31	Q34770	instance-of
Q3566463	P31	Q34770	instance-of
Q3566597	P31	Q34770	instance-of
Q35667	P31	Q34770	instance-of
Q3566780	P31	Q34770	instance-of
Q35670	P31	Q34770	instance-of
Q35671	P31	Q34770	instance-of
Q3567223	P31	Q34770	instance-of
Q35673	P31	Q34770	instance-of
Q35674	P31	Q34770	instance-of
Q35675	P31	Q34770	instance-of
Q35677	P31	Q34770	instance-of
Q35679	P31	Q34770	instance-of
Q35680	P31	Q34770	instance-of
Q35681	P31	Q34770	instance-of
Q35682	P31	Q34770	instance-of
Q35683	P31	Q34770	instance-of
Q35685	P31	Q34770	instance-of
Q35687	P31	Q34770	instance-of
Q35688	P31	Q34770	instance-of
Q35691	P31	Q34770	instance-of
Q35693	P31	Q34770	instance-of
Q35695	P31	Q34770	instance-of
Q3569569	P31	Q34770	instance-of
Q35696	P31	Q34770	instance-of
Q35697	P31	Q34770	instance-of
Q35699	P31	Q34770	instance-of
Q35700	P31	Q34770	instance-of
Q35701	P31	Q34770	instance-of
Q35704	P31	Q34770	instance-of
Q35707	P31	Q34770	instance-of
Q35708	P31	Q34770	instance-of
Q3571097	P31	Q34770	instance-of
Q35711	P31	Q34770	instance-of
Q3571231	P31	Q34770	instance-of
Q3571232	P31	Q34770	instance-of
Q3571238	P31	Q34770	instance-of
Q35713	P31	Q34770	instance-of
Q3571351	P31	Q34770	instance-of
Q3571364	P31	Q34770	instance-of
Q35716	P31	Q34770	instance-of
Q3571876	P31	Q34770	instance-of
Q3572020	P31	Q34770	instance-of
Q3572191	P31	Q34770	instance-of
Q3572572	P31	Q34770	instance-of
Q35726	P31	Q34770	instance-of
Q35727	P31	Q34770	instance-of
Q35729	P31	Q34770	instance-of
Q3573088	P31	Q34770	instance-of
Q35731	P31	Q34770	instance-of
Q3573115	P31	Q34770	instance-of
Q3573199	P31	Q34770	instance-of
Q3573266	P31	Q34770	instance-of
Q35737	P31	Q34770	instance-of
Q35741	P31	Q34770	instance-of
Q35746	P31	Q34770	instance-of
Q35748	P31	Q34770	instance-of
Q3574815	P31	Q34770	instance-of
Q3574818	P31	Q34770	instance-of
Q3574969	P31	Q34770	instance-of
Q35751	P31	Q34770	instance-of
Q3575458	P31	Q34770	instance-of
Q35755	P31	Q34770	instance-of
Q3575552	P31	Q34770	instance-of
Q35761	P31	Q34770	instance-of
Q35762	P31	Q34770	instance-of
Q35763	P31	Q34770	instance-of
Q35764	P31	Q34770	instance-of
Q35766	P31	Q34770	instance-of
Q35768	P31	Q34770	instance-of
Q35770	P31	Q34770	instance-of
Q35771	P31	Q34770	instance-of
Q35774	P31	Q34770	instance-of
Q35777	P31	Q34770	instance-of
Q35779	P31	Q34770	instance-of
Q35780	P31	Q34770	instance-of
Q35782	P31	Q34770	instance-of
Q35784	P31	Q515	instance-of
Q35785	P31	Q34770	instance-of
Q35787	P31	Q34770	instance-of
Q35787963	P31	Q34770	instance-of
Q35789	P31	Q34770	instance-of
Q3579	P31	Q515	instance-of
Q35790	P31	Q34770	instance-of
Q35795	P31	Q34770	instance-of
Q35796	P31	Q34770	instance-of
Q35797	P31	Q34770	instance-of
Q35799	P31	Q34770	instance-of
Q35800	P31	Q34770	instance-of
Q35801	P31	Q34770	instance-of
Q35803	P31	Q34770	instance-of
Q35804	P31	Q34770	instance-of
Q35806	P31	Q34770	instance-of
Q35807	P31	Q34770	instance-of
Q35809	P31	Q34770	instance-of
Q35813	P31	Q34770	instance-of
Q35814	P31	Q34770	instance-of
Q35815	P31	Q34770	instance-of
Q35816	P31	Q34770	instance-of
Q35819	P31	Q34770	instance-of
Q35822	P31	Q34770	instance-of
Q35824	P31	Q34770	instance-of
Q35825	P31	Q34770	instance-of
Q35828	P31	Q34770	instance-of
Q35832	P31	Q34770	instance-of
Q35837	P31	Q34770	instance-of
Q35839	P31	Q34770	instance-of
Q35842	P31	Q34770	instance-of
Q35844	P31	Q34770	instance-of
Q35845	P31	Q34770	instance-of
Q35857	P31	Q34770	instance-of
Q35859	P31	Q34770	instance-of
Q35860	P31	Q34770	instance-of
Q35861	P31	Q34770	instance-of
Q35862	P31	Q34770	instance-of
Q35863	P31	Q34770	instance-of
Q35868	P31	Q34770	instance-of
Q35876	P31	Q34770	instance-of
Q35877	P31	Q34770	instance-of
Q35880	P31	Q34770	instance-of
Q35885	P31	Q34770	instance-of
Q35888	P31	Q34770	instance-of
Q3588942	P31	Q34770	instance-of
Q35893	P31	Q34770	instance-of
Q35894	P31	Q34770	instance-of
Q35898	P31	Q34770	instance-of
Q35901	P31	Q34770	instance-of
Q35904	P31	Q34770	instance-of
Q35906	P31	Q34770	instance-of
Q35908	P31	Q34770	instance-of
Q35910	P31	Q34770	instance-of
Q35913	P31	Q34770	instance-of
Q35915	P31	Q34770	instance-of
Q35916	P31	Q34770	instance-of
Q35917	P31	Q34770	instance-of
Q35920	P31	Q34770	instance-of
Q35923	P31	Q34770	instance-of
Q35924	P31	Q34770	instance-of
Q35928	P31	Q34770	instance-of
Q35929	P31	Q34770	instance-of
Q35936	P31	Q34770	instance-of
Q35950	P31	Q34770	instance-of
Q35952	P31	Q34770	instance-of
Q35959	P31	Q34770	instance-of
Q35961	P31	Q34770	instance-of
Q35965	P31	Q34770	instance-of
Q35967	P31	Q34770	instance-of
Q35969	P31	Q34770	instance-of
Q35972	P31	Q34770	instance-of
Q35974	P31	Q34770	instance-of
Q35976053	P31	Q34770	instance-of
Q35981	P31	Q34770	instance-of
Q35983	P31	Q34770	instance-of
Q35988	P31	Q34770	instance-of
Q35991	P31	Q34770	instance-of
Q35995	P31	Q34770	instance-of
Q35999	P31	Q34770	instance-of
Q36	P31	Q6256	instance-of
Q36000	P31	Q34770	instance-of
Q36002	P31	Q34770	instance-of
Q36003	P31	Q34770	instance-of
Q36007	P31	Q34770	instance-of
Q36009	P31	Q34770	instance-of
Q36010	P31	Q34770	instance-of
Q36011	P31	Q34770	instance-of
Q36013	P31	Q34770	instance-of
Q36016	P31	Q34770	instance-of
Q36017	P31	Q34770	instance-of
Q36019	P31	Q34770	instance-of
Q36021	P31	Q34770	instance-of
Q36022	P31	Q34770	instance-of
Q36026	P31	Q34770	instance-of
Q36028	P31	Q34770	instance-of
Q36030	P31	Q34770	instance-of
Q36038	P31	Q34770	instance-of
Q3603807	P31	Q34770	instance-of
Q3604	P31	Q515	instance-of
Q36041	P31	Q34770	instance-of
Q36042	P31	Q34770	instance-of
Q36045	P31	Q34770	instance-of
Q36047	P31	Q34770	instance-of
Q36051	P31	Q34770	instance-of
Q36054	P31	Q34770	instance-of
Q36056	P31	Q34770	instance-of
Q36058	P31	Q34770	instance-of
Q36062	P31	Q34770	instance-of
Q36064	P31	Q34770	instance-of
Q36066	P31	Q34770	instance-of
Q36068	P31	Q34770	instance-of
Q36069	P31	Q34770	instance-of
Q36072	P31	Q34770	instance-of
Q36075	P31	Q34770	instance-of
Q36078	P31	Q34770	instance-of
Q36080	P31	Q34770	instance-of
Q36083	P31	Q34770	instance-of
Q36085	P31	Q34770	instance-of
Q36087	P31	Q34770	instance-of
Q36089	P31	Q34770	instance-of
Q36095	P31	Q34770	instance-of
Q36096	P31	Q34770	instance-of
Q36098	P31	Q34770	instance-of
Q3610939	P31	Q34770	instance-of
Q36112	P31	Q34770	instance-of
Q36121	P31	Q34770	instance-of
Q36127	P31	Q34770	instance-of
Q36128	P31	Q34770	instance-of
Q36129	P31	Q34770	instance-of
Q36131	P31	Q34770	instance-of
Q36132	P31	Q34770	instance-of
Q36134	P31	Q34770	instance-of
Q36138	P31	Q34770	instance-of
Q36140	P31	Q34770	instance-of
Q36141	P31	Q34770	instance-of
Q36143	P31	Q34770	instance-of
Q36147	P31	Q34770	instance-of
Q36149	P31	Q34770	instance-of
Q36151	P31	Q34770	instance-of
Q36152	P31	Q34770	instance-of
Q36157	P31	Q34770	instance-of
Q3615900	P31	Q34770	instance-of
Q36162	P31	Q34770	instance-of
Q3616358	P31	Q34770	instance-of
Q36165	P31	Q34770	instance-of
Q36166	P31	Q34770	instance-of
Q36168	P31	Q515	instance-of
Q36170	P31	Q34770	instance-of
Q36172	P31	Q34770	instance-of
Q36173	P31	Q34770	instance-of
Q36176	P31	Q34770	instance-of
Q36179	P31	Q34770	instance-of
Q36181	P31	Q34770	instance-of
Q36183	P31	Q34770	instance-of
Q36187	P31	Q34770	instance-of
Q36189	P31	Q34770	instance-of
Q36199	P31	Q34770	instance-of
Q36202	P31	Q34770	instance-of
Q36211907	P31	Q34770	instance-of
Q36218	P31	Q34770	instance-of
Q36220	P31	Q34770	instance-of
Q36221	P31	Q34770	instance-of
Q36223	P31	Q34770	instance-of
Q3622471	P31	Q9143	instance-of
Q36228	P31	Q34770	instance-of
Q36230	P31	Q34770	instance-of
Q36237	P31	Q34770	instance-of
Q3624	P31	Q515	instance-of
Q36241	P31	Q34770	instance-of
Q36243	P31	Q34770	instance-of
Q36246	P31	Q34770	instance-of
Q36249	P31	Q34770	instance-of
Q36250	P31	Q34770	instance-of
Q36252	P31	Q34770	instance-of
Q36256	P31	Q34770	instance-of
Q36257	P31	Q34770	instance-of
Q36258	P31	Q34770	instance-of
Q36259	P31	Q34770	instance-of
Q36260	P31	Q515	instance-of
Q36261	P31	Q34770	instance-of
Q36262	P31	Q515	instance-of
Q36263	P31	Q34770	instance-of
Q36264959	P31	Q34770	instance-of
Q36265	P31	Q34770	instance-of
Q3626597	P31	Q34770	instance-of
Q36266	P31	Q34770	instance-of
Q36267	P31	Q34770	instance-of
Q36269	P31	Q34770	instance-of
Q36270	P31	Q34770	instance-of
Q36272	P31	Q34770	instance-of
Q36274	P31	Q34770	instance-of
Q36278	P31	Q34770	instance-of
Q36281	P31	Q515	instance-of
Q36282	P31	Q34770	instance-of
Q36287	P31	Q34770	instance-of
Q36289	P31	Q34770	instance-of
Q36292	P31	Q34770	instance-of
Q36294	P31	Q34770	instance-of
Q36296	P31	Q34770	instance-of
Q36298	P31	Q34770	instance-of
Q36299	P31	Q34770	instance-of
Q36300	P31	Q34770	instance-of
Q36302	P31	Q34770	instance-of
Q36304	P31	Q34770	instance-of
Q36306	P31	Q34770	instance-of
Q36308	P31	Q34770	instance-of
Q36309	P31	Q34770	instance-of
Q36312	P31	Q515	instance-of
Q36313	P31	Q34770	instance-of
Q36314	P31	Q34770	instance-of
Q36316	P31	Q34770	instance-of
Q36318	P31	Q34770	instance-of
Q36321	P31	Q34770	instance-of
Q36323	P31	Q34770	instance-of
Q36325	P31	Q34770	instance-of
Q36327	P31	Q34770	instance-of
Q36328	P31	Q34770	instance-of
Q36329	P31	Q34770	instance-of
Q36331	P31	Q34770	instance-of
Q36334	P31	Q34770	instance-of
Q36337	P31	Q34770	instance-of
Q36339	P31	Q34770	instance-of
Q36342	P31	Q34770	instance-of
Q36344	P31	Q34770	instance-of
Q36346	P31	Q34770	instance-of
Q3635276	P31	Q515	instance-of
Q36353	P31	Q34770	instance-of
Q3636023	P31	Q515	instance-of
Q36361	P31	Q34770	instance-of
Q36364	P31	Q34770	instance-of
Q36368	P31	Q34770	instance-of
Q36373	P31	Q34770	instance-of
Q36374	P31	Q34770	instance-of
Q36375	P31	Q34770	instance-of
Q36377	P31	Q34770	instance-of
Q36380	P31	Q43229	instance-of
Q36381	P31	Q34770	instance-of
Q36383	P31	Q34770	instance-of
Q36388	P31	Q34770	instance-of
Q3639	P31	Q515	instance-of
Q36390	P31	Q34770	instance-of
Q36397	P31	Q34770	instance-of
Q36399	P31	Q515	instance-of
Q3640	P31	Q515	instance-of
Q36400	P31	Q34770	instance-of
Q36401	P31	Q34770	instance-of
Q36403	P31	Q34770	instance-of
Q36405	P31	Q515	instance-of
Q36407	P31	Q34770	instance-of
Q36408	P31	Q34770	instance-of
Q36410	P31	Q34770	instance-of
Q36412	P31	Q34770	instance-of
Q36414	P31	Q34770	instance-of
Q36416	P31	Q34770	instance-of
Q36417	P31	Q34770	instance-of
Q36418	P31	Q34770	instance-of
Q3642	P31	Q515	instance-of
Q36421	P31	Q34770	instance-of
Q36425	P31	Q34770	instance-of
Q36426	P31	Q34770	instance-of
Q36428	P31	Q34770	instance-of
Q36430	P31	Q34770	instance-of
Q36431	P31	Q34770	instance-of
Q36432	P31	Q34770	instance-of
Q36437	P31	Q34770	instance-of
Q36439	P31	Q34770	instance-of
Q36443	P31	Q34770	instance-of
Q36444	P31	Q34770	instance-of
Q36447	P31	Q34770	instance-of
Q36457	P31	Q34770	instance-of
Q36459	P31	Q34770	instance-of
Q36464	P31	Q34770	instance-of
Q36466	P31	Q34770	instance-of
Q36467	P31	Q34770	instance-of
Q36469	P31	Q34770	instance-of
Q36470	P31	Q34770	instance-of
Q36473	P31	Q34770	instance-of
Q36475	P31	Q34770	instance-of
Q36478	P31	Q34770	instance-of
Q36481	P31	Q34770	instance-of
Q36483	P31	Q34770	instance-of
Q36486	P31	Q34770	instance-of
Q36487	P31	Q34770	instance-of
Q36503	P31	Q34770	instance-of
Q36510	P31	Q34770	instance-of
Q36511	P31	Q34770	instance-of
Q36514	P31	Q34770	instance-of
Q36515	P31	Q34770	instance-of
Q36518	P31	Q34770	instance-of
Q36520	P31	Q34770	instance-of
Q36522	P31	Q34770	instance-of
Q36525	P31	Q34770	instance-of
Q36527	P31	Q34770	instance-of
Q36531	P31	Q34770	instance-of
Q36532	P31	Q34770	instance-of
Q36533	P31	Q34770	instance-of
Q36535	P31	Q34770	instance-of
Q36536	P31	Q34770	instance-of
Q36537	P31	Q34770	instance-of
Q36538	P31	Q34770	instance-of
Q36540	P31	Q34770	instance-of
Q36543	P31	Q34770	instance-of
Q36545	P31	Q34770	instance-of
Q36547	P31	Q34770	instance-of
Q36548	P31	Q34770	instance-of
Q36555	P31	Q34770	instance-of
Q36556	P31	Q34770	instance-of
Q36558	P31	Q34770	instance-of
Q36560	P31	Q34770	instance-of
Q36564	P31	Q34770	instance-of
Q36566	P31	Q34770	instance-of
Q36568	P31	Q34770	instance-of
Q36570	P31	Q34770	instance-of
Q36582	P31	Q34770	instance-of
Q36583	P31	Q34770	instance-of
Q36584	P31	Q34770	instance-of
Q36586	P31	Q34770	instance-of
Q36589	P31	Q34770	instance-of
Q3659	P31	Q515	instance-of
Q36590	P31	Q34770	instance-of
Q36593	P31	Q34770	instance-of
Q36595	P31	Q34770	instance-of
Q36598	P31	Q34770	instance-of
Q36599	P31	Q34770	instance-of
Q36600	P31	Q515	instance-of
Q36601	P31	Q34770	instance-of
Q366010	P31	Q515	instance-of
Q36603	P31	Q34770	instance-of
Q36604	P31	Q34770	instance-of
Q36606	P31	Q34770	instance-of
Q36609	P31	Q34770	instance-of
Q36612	P31	Q34770	instance-of
Q36613	P31	Q34770	instance-of
Q36618	P31	Q34770	instance-of
Q36623	P31	Q34770	instance-of
Q36625	P31	Q34770	instance-of
Q36627	P31	Q34770	instance-of
Q36629	P31	Q34770	instance-of
Q36634	P31	Q34770	instance-of
Q36636	P31	Q34770	instance-of
Q36637	P31	Q34770	instance-of
Q36639	P31	Q34770	instance-of
Q36643	P31	Q34770	instance-of
Q36644	P31	Q34770	instance-of
Q36645	P31	Q34770	instance-of
Q36646	P31	Q34770	instance-of
Q36647	P31	Q515	instance-of
Q36648	P31	Q34770	instance-of
Q36651	P31	Q34770	instance-of
Q36656	P31	Q34770	instance-of
Q36659	P31	Q34770	instance-of
Q36663	P31	Q34770	instance-of
Q36665	P31	Q34770	instance-of
Q36673	P31	Q34770	instance-of
Q36674	P31	Q34770	instance-of
Q36675	P31	Q34770	instance-of
Q36677	P31	Q34770	instance-of
Q36679	P31	Q34770	instance-of
Q36680	P31	Q34770	instance-of
Q36682	P31	Q34770	instance-of
Q36684	P31	Q34770	instance-of
Q36686	P31	Q34770	instance-of
Q36691	P31	Q34770	instance-of
Q36699	P31	Q34770	instance-of
Q36705	P31	Q34770	instance-of
Q36711	P31	Q34770	instance-of
Q36722	P31	Q34770	instance-of
Q36728	P31	Q34770	instance-of
Q36734	P31	Q34770	instance-of
Q3674	P31	Q515	instance-of
Q36743	P31	Q34770	instance-of
Q36746	P31	Q34770	instance-of
Q36748	P31	Q34770	instance-of
Q36753	P31	Q34770	instance-of
Q36762	P31	Q34770	instance-of
Q36785	P31	Q34770	instance-of
Q36803	P31	Q34770	instance-of
Q36807	P31	Q34770	instance-of
Q36809	P31	Q34770	instance-of
Q36811	P31	Q34770	instance-of
Q36814	P31	Q34770	instance-of
Q36825	P31	Q34770	instance-of
Q36837	P31	Q34770	instance-of
Q36842	P31	Q34770	instance-of
Q36858	P31	Q34770	instance-of
Q36863	P31	Q34770	instance-of
Q36867	P31	Q34770	instance-of
Q36868	P31	Q34770	instance-of
Q36871	P31	Q34770	instance-of
Q36872	P31	Q34770	instance-of
Q36873	P31	Q34770	instance-of
Q36875	P31	Q34770	instance-of
Q36876	P31	Q34770	instance-of
Q3688	P31	Q515	instance-of
Q36887	P31	Q34770	instance-of
Q36889	P31	Q34770	instance-of
Q36891	P31	Q34770	instance-of
Q36893	P31	Q34770	instance-of
Q36899	P31	Q34770	instance-of
Q36901	P31	Q34770	instance-of
Q36902	P31	Q34770	instance-of
Q36904	P31	Q34770	instance-of
Q36906	P31	Q34770	instance-of
Q36909	P31	Q34770	instance-of
Q369096	P31	Q9143	instance-of
Q36912	P31	Q34770	instance-of
Q36914	P31	Q34770	instance-of
Q36917	P31	Q34770	instance-of
Q36919	P31	Q34770	instance-of
Q36922	P31	Q34770	instance-of
Q36924	P31	Q34770	instance-of
Q36935	P31	Q34770	instance-of
Q36937	P31	Q34770	instance-of
Q36941	P31	Q34770	instance-of
Q36942	P31	Q34770	instance-of
Q36943	P31	Q34770	instance-of
Q36944	P31	Q34770	instance-of
Q36946	P31	Q34770	instance-of
Q36948	P31	Q34770	instance-of
Q3695185	P31	Q34770	instance-of
Q3695189	P31	Q34770	instance-of
Q3695197	P31	Q34770	instance-of
Q3695201	P31	Q34770	instance-of
Q3695204	P31	Q34770	instance-of
Q3695207	P31	Q34770	instance-of
Q36953	P31	Q34770	instance-of
Q36954	P31	Q34770	instance-of
Q36958	P31	Q34770	instance-of
Q36960	P31	Q34770	instance-of
Q36962	P31	Q34770	instance-of
Q36964	P31	Q34770	instance-of
Q36971	P31	Q34770	instance-of
Q36972	P31	Q34770	instance-of
Q36973	P31	Q34770	instance-of
Q36974	P31	Q34770	instance-of
Q36976	P31	Q34770	instance-of
Q36987	P31	Q34770	instance-of
Q36989	P31	Q515	instance-of
Q36991	P31	Q34770	instance-of
Q36993	P31	Q34770	instance-of
Q36994	P31	Q34770	instance-of
Q37	P31	Q6256	instance-of
Q37005	P31	Q34770	instance-of
Q37007	P31	Q34770	instance-of
Q37010	P31	Q34770	instance-of
Q37011	P31	Q34770	instance-of
Q37015	P31	Q34770	instance-of
Q37019	P31	Q34770	instance-of
Q3703	P31	Q515	instance-of
Q37051	P31	Q34770	instance-of
Q37053	P31	Q34770	instance-of
Q37054	P31	Q34770	instance-of
Q37059	P31	Q34770	instance-of
Q3706596	P31	Q34770	instance-of
Q37100	P31	Q515	instance-of
Q37104	P31	Q515	instance-of
Q3711	P31	Q515	instance-of
Q371522	P31	Q3918	instance-of
Q37156	P31	Q43229	instance-of
Q37227	P31	Q9143	instance-of
Q3726	P31	Q515	instance-of
Q372773	P31	Q515	instance-of
Q372920	P31	Q515	instance-of
Q372927	P31	Q34770	instance-of
Q37300	P31	Q34770	instance-of
Q373059	P31	Q515	instance-of
Q3733	P31	Q515	instance-of
Q37333	P31	Q515	instance-of
Q373683	P31	Q34770	instance-of
Q373808	P31	Q515	instance-of
Q3739	P31	Q515	instance-of
Q3739441	P31	Q34770	instance-of
Q3739448	P31	Q34770	instance-of
Q37400	P31	Q515	instance-of
Q3740241	P31	Q34770	instance-of
Q374465	P31	Q515	instance-of
Q374748	P31	Q515	instance-of
Q3748	P31	Q515	instance-of
Q3751	P31	Q515	instance-of
Q3752	P31	Q515	instance-of
Q37548	P31	Q3918	instance-of
Q375619	P31	Q34770	instance-of
Q375913	P31	Q9143	instance-of
Q3761	P31	Q515	instance-of
Q3765	P31	Q515	instance-of
Q3766	P31	Q515	instance-of
Q376749	P31	Q515	instance-of
Q376903	P31	Q515	instance-of
Q37701	P31	Q515	instance-of
Q3771	P31	Q515	instance-of
Q37710600	P31	Q34770	instance-of
Q37733	P31	Q34770	instance-of
Q3775037	P31	Q34770	instance-of
Q3775265	P31	Q34770	instance-of
Q377757	P31	Q3918	instance-of
Q377986	P31	Q9143	instance-of
Q3780	P31	Q515	instance-of
Q378014	P31	Q3918	instance-of
Q37806	P31	Q515	instance-of
Q3780954	P31	Q34770	instance-of
Q37814092	P31	Q482994	instance-of
Q378222	P31	Q9143	instance-of
Q3786	P31	Q515	instance-of
Q3787	P31	Q515	instance-of
Q378743	P31	Q34770	instance-of
Q378821	P31	Q515	instance-of
Q3788739	P31	Q34770	instance-of
Q379130	P31	Q34770	instance-of
Q3792	P31	Q515	instance-of
Q3799	P31	Q515	instance-of
Q37995	P31	Q515	instance-of
Q38	P31	Q6256	instance-of
Q3805	P31	Q515	instance-of
Q38076	P31	Q43229	instance-of
Q3807652	P31	Q34770	instance-of
Q3808	P31	Q515	instance-of
Q381247	P31	Q9143	instance-of
Q3813281	P31	Q34770	instance-of
Q3813288	P31	Q34770	instance-of
Q3813290	P31	Q34770	instance-of
Q3813297	P31	Q34770	instance-of
Q3813301	P31	Q34770	instance-of
Q3813306	P31	Q34770	instance-of
Q3813392	P31	Q34770	instance-of
Q3813394	P31	Q34770	instance-of
Q3813396	P31	Q34770	instance-of
Q3813398	P31	Q34770	instance-of
Q3813400	P31	Q34770	instance-of
Q3813403	P31	Q34770	instance-of
Q3813405	P31	Q34770	instance-of
Q3813833	P31	Q34770	instance-of
Q3818	P31	Q515	instance-of
Q3825	P31	Q515	instance-of
Q3826985	P31	Q34770	instance-of
Q3832	P31	Q515	instance-of
Q3832933	P31	Q34770	instance-of
Q3832941	P31	Q34770	instance-of
Q3832945	P31	Q34770	instance-of
Q3832946	P31	Q34770	instance-of
Q3832950	P31	Q34770	instance-of
Q3832958	P31	Q34770	instance-of
Q3832969	P31	Q34770	instance-of
Q3832970	P31	Q34770	instance-of
Q3832977	P31	Q34770	instance-of
Q3832982	P31	Q34770	instance-of
Q3833015	P31	Q34770	instance-of
Q383434	P31	Q515	instance-of
Q383701	P31	Q34770	instance-of
Q38380	P31	Q515	instance-of
Q384101	P31	Q34770	instance-of
Q3844	P31	Q515	instance-of
Q384544	P31	Q515	instance-of
Q3847550	P31	Q34770	instance-of
Q3847648	P31	Q34770	instance-of
Q385	P31	Q515	instance-of
Q38511	P31	Q515	instance-of
Q385122	P31	Q482994	instance-of
Q3851707	P31	Q34770	instance-of
Q385325	P31	Q9143	instance-of
Q3854	P31	Q515	instance-of
Q38545	P31	Q515	instance-of
Q386991	P31	Q515	instance-of
Q3873	P31	Q515	instance-of
Q387396	P31	Q515	instance-of
Q3876	P31	Q515	instance-of
Q38807	P31	Q515	instance-of
Q3881	P31	Q515	instance-of
Q388108	P31	Q515	instance-of
Q38811	P31	Q515	instance-of
Q3882	P31	Q515	instance-of
Q3883	P31	Q515	instance-of
Q38834	P31	Q515	instance-of
Q3889	P31	Q515	instance-of
Q3892562	P31	Q34770	instance-of
Q3894	P31	Q515	instance-of
Q3894132	P31	Q34770	instance-of
Q3897	P31	Q515	instance-of
Q389827	P31	Q34770	instance-of
Q39	P31	Q6256	instance-of
Q3901	P31	Q515	instance-of
Q390295	P31	Q482994	instance-of
Q3904	P31	Q515	instance-of
Q39046036	P31	Q34770	instance-of
Q39055709	P31	Q34770	instance-of
Q3909	P31	Q515	instance-of
Q391028	P31	Q3918	instance-of
Q39121	P31	Q515	instance-of
Q3912756	P31	Q34770	instance-of
Q3912758	P31	Q34770	instance-of
Q3912761	P31	Q34770	instance-of
Q3912770	P31	Q34770	instance-of
Q3912772	P31	Q34770	instance-of
Q3912777	P31	Q34770	instance-of
Q3912876	P31	Q34770	instance-of
Q3912880	P31	Q34770	instance-of
Q3913272	P31	Q34770	instance-of
Q3913277	P31	Q34770	instance-of
Q3913279	P31	Q34770	instance-of
Q3913281	P31	Q34770	instance-of
Q3913283	P31	Q34770	instance-of
Q3913286	P31	Q34770	instance-of
Q3913290	P31	Q34770	instance-of
Q3913293	P31	Q34770	instance-of
Q3913297	P31	Q34770	instance-of
Q3913301	P31	Q34770	instance-of
Q3913304	P31	Q34770	instance-of
Q3913307	P31	Q34770	instance-of
Q3913311	P31	Q34770	instance-of
Q3913314	P31	Q34770	instance-of
Q3913317	P31	Q34770	instance-of
Q3913321	P31	Q34770	instance-of
Q3913324	P31	Q34770	instance-of
Q3913326	P31	Q34770	instance-of
Q3913328	P31	Q34770	instance-of
Q3913331	P31	Q34770	instance-of
Q3913334	P31	Q34770	instance-of
Q3913336	P31	Q34770	instance-of
Q3913339	P31	Q34770	instance-of
Q3913342	P31	Q34770	instance-of
Q3913345	P31	Q34770	instance-of
Q3913350	P31	Q34770	instance-of
Q3913354	P31	Q34770	instance-of
Q3913357	P31	Q34770	instance-of
Q3913360	P31	Q34770	instance-of
Q3913363	P31	Q34770	instance-of
Q3913366	P31	Q34770	instance-of
Q3913372	P31	Q34770	instance-of
Q3913375	P31	Q34770	instance-of
Q3913378	P31	Q34770	instance-of
Q3913381	P31	Q34770	instance-of
Q3913384	P31	Q34770	instance-of
Q3913387	P31	Q34770	instance-of
Q3913390	P31	Q34770	instance-of
Q3913394	P31	Q34770	instance-of
Q3913398	P31	Q34770	instance-of
Q3913761	P31	Q34770	instance-of
Q3913765	P31	Q34770	instance-of
Q3913767	P31	Q34770	instance-of
Q3913770	P31	Q34770	instance-of
Q3913777	P31	Q34770	instance-of
Q3913780	P31	Q34770	instance-of
Q3913785	P31	Q34770	instance-of
Q3913790	P31	Q34770	instance-of
Q3913796	P31	Q34770	instance-of
Q3913800	P31	Q34770	instance-of
Q3913805	P31	Q34770	instance-of
Q3913817	P31	Q34770	instance-of
Q3913820	P31	Q34770	instance-of
Q3913825	P31	Q34770	instance-of
Q3913830	P31	Q34770	instance-of
Q3913834	P31	Q34770	instance-of
Q3913837	P31	Q34770	instance-of
Q3913840	P31	Q34770	instance-of
Q3913842	P31	Q34770	instance-of
Q3913844	P31	Q34770	instance-of
Q3913852	P31	Q34770	instance-of
Q3913856	P31	Q34770	instance-of
Q3913920	P31	Q34770	instance-of
Q3913924	P31	Q34770	instance-of
Q3913925	P31	Q34770	instance-of
Q3913929	P31	Q34770	instance-of
Q3913931	P31	Q34770	instance-of
Q3913934	P31	Q34770	instance-of
Q3913936	P31	Q34770	instance-of
Q3913940	P31	Q34770	instance-of
Q3913943	P31	Q34770	instance-of
Q3913946	P31	Q34770	instance-of
Q3913949	P31	Q34770	instance-of
Q3913951	P31	Q34770	instance-of
Q3913953	P31	Q34770	instance-of
Q3913955	P31	Q34770	instance-of
Q3913957	P31	Q34770	instance-of
Q3913961	P31	Q34770	instance-of
Q3913963	P31	Q34770	instance-of
Q3913966	P31	Q34770	instance-of
Q3913968	P31	Q34770	instance-of
Q3913972	P31	Q34770	instance-of
Q3913977	P31	Q34770	instance-of
Q3913979	P31	Q34770	instance-of
Q3913982	P31	Q34770	instance-of
Q3913985	P31	Q34770	instance-of
Q3913987	P31	Q34770	instance-of
Q3913990	P31	Q34770	instance-of
Q3913992	P31	Q34770	instance-of
Q3913994	P31	Q34770	instance-of
Q3913997	P31	Q34770	instance-of
Q3914000	P31	Q34770	instance-of
Q3914004	P31	Q34770	instance-of
Q3914008	P31	Q34770	instance-of
Q3914011	P31	Q34770	instance-of
Q3914015	P31	Q34770	instance-of
Q3914019	P31	Q34770	instance-of
Q3914021	P31	Q34770	instance-of
Q3914025	P31	Q34770	instance-of
Q3914027	P31	Q34770	instance-of
Q3914048	P31	Q34770	instance-of
Q3914052	P31	Q34770	instance-of
Q3914057	P31	Q34770	instance-of
Q3914062	P31	Q34770	instance-of
Q3914066	P31	Q34770	instance-of
Q3914381	P31	Q34770	instance-of
Q3914387	P31	Q34770	instance-of
Q3914390	P31	Q34770	instance-of
Q3914392	P31	Q34770	instance-of
Q3914395	P31	Q34770	instance-of
Q3914398	P31	Q34770	instance-of
Q3914402	P31	Q34770	instance-of
Q3914404	P31	Q34770	instance-of
Q3914407	P31	Q34770	instance-of
Q3914409	P31	Q34770	instance-of
Q3914412	P31	Q34770	instance-of
Q3914415	P31	Q34770	instance-of
Q3914417	P31	Q34770	instance-of
Q3914420	P31	Q34770	instance-of
Q3914423	P31	Q34770	instance-of
Q3914427	P31	Q34770	instance-of
Q3914436	P31	Q34770	instance-of
Q3914439	P31	Q34770	instance-of
Q3914441	P31	Q34770	instance-of
Q3914444	P31	Q34770	instance-of
Q3914448	P31	Q34770	instance-of
Q3914453	P31	Q34770	instance-of
Q3914455	P31	Q34770	instance-of
Q3914459	P31	Q34770	instance-of
Q3914462	P31	Q34770	instance-of
Q3914465	P31	Q34770	instance-of
Q3914467	P31	Q34770	instance-of
Q3914470	P31	Q34770	instance-of
Q3914475	P31	Q34770	instance-of
Q3914478	P31	Q34770	instance-of
Q3914482	P31	Q34770	instance-of
Q3914485	P31	Q34770	instance-of
Q3914487	P31	Q34770	instance-of
Q3914490	P31	Q34770	instance-of
Q3914492	P31	Q34770	instance-of
Q3914494	P31	Q34770	instance-of
Q3914497	P31	Q34770	instance-of
Q3914501	P31	Q34770	instance-of
Q3914627	P31	Q34770	instance-of
Q3914630	P31	Q34770	instance-of
Q3914632	P31	Q34770	instance-of
Q3914636	P31	Q34770	instance-of
Q3914693	P31	Q34770	instance-of
Q3914866	P31	Q34770	instance-of
Q3914867	P31	Q34770	instance-of
Q3914871	P31	Q34770	instance-of
Q3914874	P31	Q34770	instance-of
Q3914875	P31	Q34770	instance-of
Q3914876	P31	Q34770	instance-of
Q3914878	P31	Q34770	instance-of
Q3914879	P31	Q34770	instance-of
Q3914880	P31	Q34770	instance-of
Q3914882	P31	Q34770	instance-of
Q3914885	P31	Q34770	instance-of
Q3914887	P31	Q34770	instance-of
Q3914890	P31	Q34770	instance-of
Q3914891	P31	Q34770	instance-of
Q3914892	P31	Q34770	instance-of
Q3914894	P31	Q34770	instance-of
Q3914896	P31	Q34770	instance-of
Q3914897	P31	Q34770	instance-of
Q3914899	P31	Q34770	instance-of
Q3914902	P31	Q34770	instance-of
Q3914905	P31	Q34770	instance-of
Q3914907	P31	Q34770	instance-of
Q3914910	P31	Q34770	instance-of
Q3914912	P31	Q34770	instance-of
Q3914914	P31	Q34770	instance-of
Q3914920	P31	Q34770	instance-of
Q3914922	P31	Q34770	instance-of
Q3914924	P31	Q34770	instance-of
Q3914927	P31	Q34770	instance-of
Q3914934	P31	Q34770	instance-of
Q3914936	P31	Q34770	instance-of
Q3914939	P31	Q34770	instance-of
Q3914941	P31	Q34770	instance-of
Q3914945	P31	Q34770	instance-of
Q3914953	P31	Q34770	instance-of
Q3914956	P31	Q34770	instance-of
Q3914962	P31	Q34770	instance-of
Q3914977	P31	Q34770	instance-of
Q3915200	P31	Q34770	instance-of
Q3915207	P31	Q34770	instance-of
Q3915212	P31	Q34770	instance-of
Q3915215	P31	Q34770	instance-of
Q3915308	P31	Q34770	instance-of
Q3915310	P31	Q34770	instance-of
Q3915313	P31	Q34770	instance-of
Q3915316	P31	Q34770	instance-of
Q3915319	P31	Q34770	instance-of
Q3915322	P31	Q34770	instance-of
Q3915326	P31	Q34770	instance-of
Q3915330	P31	Q34770	instance-of
Q3915331	P31	Q34770	instance-of
Q3915334	P31	Q34770	instance-of
Q3915336	P31	Q34770	instance-of
Q3915338	P31	Q34770	instance-of
Q3915342	P31	Q34770	instance-of
Q3915345	P31	Q34770	instance-of
Q3915347	P31	Q34770	instance-of
Q3915349	P31	Q34770	instance-of
Q3915352	P31	Q34770	instance-of
Q3915355	P31	Q34770	instance-of
Q3915361	P31	Q34770	instance-of
Q3915363	P31	Q34770	instance-of
Q3915365	P31	Q34770	instance-of
Q3915366	P31	Q34770	instance-of
Q3915369	P31	Q34770	instance-of
Q3915372	P31	Q34770	instance-of
Q3915374	P31	Q34770	instance-of
Q3915378	P31	Q34770	instance-of
Q3915380	P31	Q34770	instance-of
Q3915382	P31	Q34770	instance-of
Q3915384	P31	Q34770	instance-of
Q3915386	P31	Q34770	instance-of
Q3915388	P31	Q34770	instance-of
Q3915391	P31	Q34770	instance-of
Q3915392	P31	Q34770	instance-of
Q3915395	P31	Q34770	instance-of
Q3915405	P31	Q34770	instance-of
Q3915409	P31	Q34770	instance-of
Q3915412	P31	Q34770	instance-of
Q3915414	P31	Q34770	instance-of
Q3915418	P31	Q34770	instance-of
Q3915427	P31	Q34770	instance-of
Q3915435	P31	Q34770	instance-of
Q3915441	P31	Q34770	instance-of
Q3915442	P31	Q34770	instance-of
Q3915445	P31	Q34770	instance-of
Q3915446	P31	Q34770	instance-of
Q3915448	P31	Q34770	instance-of
Q3915449	P31	Q34770	instance-of
Q3915451	P31	Q34770	instance-of
Q3915454	P31	Q34770	instance-of
Q3915472	P31	Q34770	instance-of
Q3915475	P31	Q34770	instance-of
Q3915477	P31	Q34770	instance-of
Q3915487	P31	Q34770	instance-of
Q3915502	P31	Q34770	instance-of
Q3915506	P31	Q34770	instance-of
Q3915511	P31	Q34770	instance-of
Q3915515	P31	Q34770	instance-of
Q3915517	P31	Q34770	instance-of
Q3915520	P31	Q34770	instance-of
Q3915522	P31	Q34770	instance-of
Q3915525	P31	Q34770	instance-of
Q3915527	P31	Q34770	instance-of
Q3915551	P31	Q34770	instance-of
Q3915557	P31	Q34770	instance-of
Q3915581	P31	Q34770	instance-of
Q3915584	P31	Q34770	instance-of
Q3915595	P31	Q34770	instance-of
Q3915654	P31	Q34770	instance-of
Q3915657	P31	Q34770	instance-of
Q3915665	P31	Q34770	instance-of
Q3915667	P31	Q34770	instance-of
Q3915671	P31	Q34770	instance-of
Q3915672	P31	Q34770	instance-of
Q3915677	P31	Q34770	instance-of
Q3915680	P31	Q34770	instance-of
Q3915684	P31	Q34770	instance-of
Q3915686	P31	Q34770	instance-of
Q3915687	P31	Q34770	instance-of
Q3915688	P31	Q34770	instance-of
Q3915692	P31	Q34770	instance-of
Q3915693	P31	Q34770	instance-of
Q3915694	P31	Q34770	instance-of
Q3915695	P31	Q34770	instance-of
Q3915696	P31	Q34770	instance-of
Q3915702	P31	Q34770	instance-of
Q3915711	P31	Q34770	instance-of
Q3915716	P31	Q34770	instance-of
Q3915769	P31	Q34770	instance-of
Q3915770	P31	Q34770	instance-of
Q3915782	P31	Q34770	instance-of
Q3915783	P31	Q34770	instance-of
Q3915785	P31	Q34770	instance-of
Q3915794	P31	Q34770	instance-of
Q3915810	P31	Q34770	instance-of
Q3915822	P31	Q34770	instance-of
Q3915843	P31	Q34770	instance-of
Q3915845	P31	Q34770	instance-of
Q3915846	P31	Q34770	instance-of
Q3915847	P31	Q34770	instance-of
Q3915848	P31	Q34770	instance-of
Q3915849	P31	Q34770	instance-of
Q3915850	P31	Q34770	instance-of
Q3915851	P31	Q34770	instance-of
Q3915854	P31	Q34770	instance-of
Q3915860	P31	Q34770	instance-of
Q3915918	P31	Q34770	instance-of
Q3915921	P31	Q34770	instance-of
Q3915942	P31	Q34770	instance-of
Q3915999	P31	Q34770	instance-of
Q39178	P31	Q515	instance-of
Q3919	P31	Q515	instance-of
Q3921	P31	Q515	instance-of
Q3922	P31	Q515	instance-of
Q392667	P31	Q3918	instance-of
Q392774	P31	Q3918	instance-of
Q3928	P31	Q515	instance-of
Q3929	P31	Q515	instance-of
Q393	P31	Q515	instance-of
Q393171	P31	Q515	instance-of
Q3932	P31	Q515	instance-of
Q3935	P31	Q515	instance-of
Q393829	P31	Q515	instance-of
Q3939	P31	Q515	instance-of
Q3940	P31	Q515	instance-of
Q394080	P31	Q515	instance-of
Q3944007	P31	Q34770	instance-of
Q3958	P31	Q515	instance-of
Q39583	P31	Q515	instance-of
Q395863	P31	Q515	instance-of
Q397	P31	Q34770	instance-of
Q398	P31	Q6256	instance-of
Q399	P31	Q6256	instance-of
Q3992	P31	Q515	instance-of
Q39920	P31	Q3918	instance-of
Q39984	P31	Q515	instance-of
Q40	P31	Q6256	instance-of
Q40064494	P31	Q34770	instance-of
Q40104	P31	Q515	instance-of
Q4011	P31	Q515	instance-of
Q40191	P31	Q515	instance-of
Q40194	P31	Q515	instance-of
Q4023175	P31	Q34770	instance-of
Q4024	P31	Q515	instance-of
Q403	P31	Q6256	instance-of
Q4037189	P31	Q9143	instance-of
Q4044	P31	Q515	instance-of
Q406402	P31	Q3918	instance-of
Q4071733	P31	Q34770	instance-of
Q4073552	P31	Q34770	instance-of
Q40738	P31	Q515	instance-of
Q408	P31	Q6256	instance-of
Q40811	P31	Q515	instance-of
Q40816	P31	Q515	instance-of
Q40840	P31	Q515	instance-of
Q40844	P31	Q515	instance-of
Q40868	P31	Q515	instance-of
Q4087011	P31	Q34770	instance-of
Q40921	P31	Q515	instance-of
Q4093	P31	Q515	instance-of
Q4095195	P31	Q34770	instance-of
Q41	P31	Q6256	instance-of
Q4103917	P31	Q34770	instance-of
Q4108	P31	Q515	instance-of
Q41128	P31	Q515	instance-of
Q4113	P31	Q515	instance-of
Q4115304	P31	Q3918	instance-of
Q4115712	P31	Q515	instance-of
Q41183	P31	Q515	instance-of
Q4121130	P31	Q34770	instance-of
Q4121131	P31	Q34770	instance-of
Q4121133	P31	Q34770	instance-of
Q4121160	P31	Q34770	instance-of
Q4121200	P31	Q34770	instance-of
Q41252	P31	Q515	instance-of
Q41262	P31	Q515	instance-of
Q41278	P31	Q515	instance-of
Q41295	P31	Q515	instance-of
Q4133	P31	Q515	instance-of
Q41354532	P31	Q34770	instance-of
Q414	P31	Q6256	instance-of
Q414219	P31	Q3918	instance-of
Q41432343	P31	Q34770	instance-of
Q4144560	P31	Q34770	instance-of
Q414464	P31	Q3918	instance-of
Q414481	P31	Q3918	instance-of
Q41474	P31	Q515	instance-of
Q41483	P31	Q11424	instance-of
Q41496	P31	Q515	instance-of
Q41499830	P31	Q34770	instance-of
Q41499994	P31	Q34770	instance-of
Q41506724	P31	Q34770	instance-of
Q41547	P31	Q515	instance-of
Q41550	P31	Q43229	instance-of
Q41562	P31	Q515	instance-of
Q41574	P31	Q9143	instance-of
Q4159744	P31	Q34770	instance-of
Q4159864	P31	Q34770	instance-of
Q4161005	P31	Q34770	instance-of
Q41621	P31	Q515	instance-of
Q4167202	P31	Q34770	instance-of
Q4167333	P31	Q34770	instance-of
Q41699	P31	Q515	instance-of
Q4170719	P31	Q34770	instance-of
Q41715039	P31	Q34770	instance-of
Q4175893	P31	Q34770	instance-of
Q4180871	P31	Q34770	instance-of
Q41843	P31	Q515	instance-of
Q419	P31	Q6256	instance-of
Q4203802	P31	Q34770	instance-of
Q42051	P31	Q11424	instance-of
Q4207412	P31	Q34770	instance-of
Q4207444	P31	Q34770	instance-of
Q4208197	P31	Q34770	instance-of
Q4209031	P31	Q34770	instance-of
Q4216968	P31	Q34770	instance-of
Q42173731	P31	Q34770	instance-of
Q421739	P31	Q3918	instance-of
Q4219330	P31	Q34770	instance-of
Q4220660	P31	Q34770	instance-of
Q4220685	P31	Q34770	instance-of
Q4227542	P31	Q34770	instance-of
Q423	P31	Q6256	instance-of
Q42303990	P31	Q34770	instance-of
Q42305075	P31	Q34770	instance-of
Q42308366	P31	Q34770	instance-of
Q42308820	P31	Q34770	instance-of
Q42310421	P31	Q34770	instance-of
Q42355124	P31	Q34770	instance-of
Q42365276	P31	Q34770	instance-of
Q42365630	P31	Q34770	instance-of
Q42369	P31	Q43229	instance-of
Q424	P31	Q6256	instance-of
Q42411307	P31	Q34770	instance-of
Q4243514	P31	Q3918	instance-of
Q42448	P31	Q515	instance-of
Q42462	P31	Q515	instance-of
Q4251381	P31	Q34770	instance-of
Q4252500	P31	Q34770	instance-of
Q42575433	P31	Q34770	instance-of
Q42589412	P31	Q34770	instance-of
Q4259152	P31	Q34770	instance-of
Q425973	P31	Q34770	instance-of
Q42603	P31	Q43229	instance-of
Q4261493	P31	Q34770	instance-of
Q426254	P31	Q34770	instance-of
Q4264884	P31	Q34770	instance-of
Q427300	P31	Q34770	instance-of
Q42751	P31	Q515	instance-of
Q42763	P31	Q515	instance-of
Q42780	P31	Q515	instance-of
Q42800	P31	Q515	instance-of
Q428136	P31	Q3918	instance-of
Q4286464	P31	Q34770	instance-of
Q4286473	P31	Q34770	instance-of
Q4286617	P31	Q34770	instance-of
Q42908	P31	Q43229	instance-of
Q4294063	P31	Q34770	instance-of
Q42941	P31	Q515	instance-of
Q42956	P31	Q515	instance-of
Q42967903	P31	Q34770	instance-of
Q42967999	P31	Q34770	instance-of
Q42968898	P31	Q34770	instance-of
Q429801	P31	Q9143	instance-of
Q429863	P31	Q3918	instance-of
Q43	P31	Q6256	instance-of
Q430018	P31	Q34770	instance-of
Q4300950	P31	Q34770	instance-of
Q4301	P31	Q515	instance-of
Q430138	P31	Q34770	instance-of
Q4306719	P31	Q34770	instance-of
Q430776	P31	Q515	instance-of
Q4308074	P31	Q34770	instance-of
Q4314526	P31	Q34770	instance-of
Q43191372	P31	Q34770	instance-of
Q43195708	P31	Q34770	instance-of
Q43195791	P31	Q34770	instance-of
Q432475	P31	Q3918	instance-of
Q43328	P31	Q34770	instance-of
Q4334657	P31	Q34770	instance-of
Q4337031	P31	Q34770	instance-of
Q43382	P31	Q515	instance-of
Q43387	P31	Q515	instance-of
Q43400970	P31	Q34770	instance-of
Q4342401	P31	Q34770	instance-of
Q43433	P31	Q515	instance-of
Q43453	P31	Q515	instance-of
Q4345653	P31	Q34770	instance-of
Q43463	P31	Q515	instance-of
Q43475	P31	Q515	instance-of
Q43509	P31	Q515	instance-of
Q4356223	P31	Q34770	instance-of
Q4356243	P31	Q34770	instance-of
Q4358289	P31	Q34770	instance-of
Q43595	P31	Q515	instance-of
Q43631	P31	Q515	instance-of
Q437	P31	Q515	instance-of
Q4380827	P31	Q34770	instance-of
Q44016	P31	Q515	instance-of
Q4407582	P31	Q34770	instance-of
Q4409155	P31	Q34770	instance-of
Q44104	P31	Q482994	instance-of
Q44142	P31	Q482994	instance-of
Q4414831	P31	Q34770	instance-of
Q4418344	P31	Q34770	instance-of
Q44198	P31	Q515	instance-of
Q44213	P31	Q515	instance-of
Q44214	P31	Q515	instance-of
Q44217	P31	Q515	instance-of
Q44243	P31	Q515	instance-of
Q44254	P31	Q515	instance-of
Q4428829	P31	Q34770	instance-of
Q44289	P31	Q482994	instance-of
Q44294	P31	Q43229	instance-of
Q443089	P31	Q34770	instance-of
Q44320	P31	Q482994	instance-of
Q44347	P31	Q482994	instance-of
Q44376	P31	Q482994	instance-of
Q4439353	P31	Q34770	instance-of
Q44401	P31	Q515	instance-of
Q4453270	P31	Q34770	instance-of
Q44535135	P31	Q34770	instance-of
Q4454131	P31	Q34770	instance-of
Q44578	P31	Q11424	instance-of
Q4461493	P31	Q34770	instance-of
Q44676	P31	Q34770	instance-of
Q4469116	P31	Q34770	instance-of
Q4477735	P31	Q34770	instance-of
Q4482931	P31	Q34770	instance-of
Q4494885	P31	Q34770	instance-of
Q45	P31	Q6256	instance-of
Q4500298	P31	Q34770	instance-of
Q4500404	P31	Q34770	instance-of
Q4506108	P31	Q34770	instance-of
Q450625	P31	Q515	instance-of
Q4506461	P31	Q34770	instance-of
Q45197	P31	Q515	instance-of
Q45242758	P31	Q34770	instance-of
Q45301	P31	Q515	instance-of
Q45313	P31	Q515	instance-of
Q4536460	P31	Q34770	instance-of
Q4536509	P31	Q34770	instance-of
Q4540302	P31	Q34770	instance-of
Q4544752	P31	Q34770	instance-of
Q454476	P31	Q34770	instance-of
Q45604	P31	Q515	instance-of
Q456624	P31	Q515	instance-of
Q456842	P31	Q515	instance-of
Q457334	P31	Q515	instance-of
Q45775666	P31	Q34770	instance-of
Q4577633	P31	Q34770	instance-of
Q45845782	P31	Q34770	instance-of
Q459360	P31	Q515	instance-of
Q459369	P31	Q515	instance-of
Q45942	P31	Q515	instance-of
Q459495	P31	Q515	instance-of
Q459553	P31	Q515	instance-of
Q459600	P31	Q515	instance-of
Q459714	P31	Q515	instance-of
Q460222	P31	Q515	instance-of
Q460584	P31	Q9143	instance-of
Q460925	P31	Q515	instance-of
Q461287	P31	Q515	instance-of
Q461307	P31	Q515	instance-of
Q46135	P31	Q515	instance-of
Q461922	P31	Q515	instance-of
Q46264708	P31	Q34770	instance-of
Q4629	P31	Q515	instance-of
Q463165	P31	Q515	instance-of
Q463252	P31	Q515	instance-of
Q4632950	P31	Q34770	instance-of
Q463384	P31	Q515	instance-of
Q46441	P31	Q9143	instance-of
Q464699	P31	Q515	instance-of
Q465698	P31	Q515	instance-of
Q46603077	P31	Q34770	instance-of
Q466221	P31	Q515	instance-of
Q4662604	P31	Q34770	instance-of
Q4663287	P31	Q34770	instance-of
Q46698638	P31	Q34770	instance-of
Q4670066	P31	Q34770	instance-of
Q46702	P31	Q515	instance-of
Q4670715	P31	Q34770	instance-of
Q467164	P31	Q3918	instance-of
Q46717	P31	Q11424	instance-of
Q4672235	P31	Q34770	instance-of
Q46728	P31	Q34770	instance-of
Q467501	P31	Q515	instance-of
Q4683034	P31	Q34770	instance-of
Q4684353	P31	Q34770	instance-of
Q4684505	P31	Q34770	instance-of
Q468782	P31	Q515	instance-of
Q4690919	P31	Q34770	instance-of
Q4694612	P31	Q34770	instance-of
Q4696964	P31	Q34770	instance-of
Q4697175	P31	Q34770	instance-of
Q4699269	P31	Q34770	instance-of
Q46995026	P31	Q34770	instance-of
Q47004517	P31	Q34770	instance-of
Q47004719	P31	Q34770	instance-of
Q47004724	P31	Q34770	instance-of
Q47004730	P31	Q34770	instance-of
Q47004732	P31	Q34770	instance-of
Q4700657	P31	Q34770	instance-of
Q47010865	P31	Q34770	instance-of
Q47012480	P31	Q34770	instance-of
Q47012776	P31	Q34770	instance-of
Q47012784	P31	Q34770	instance-of
Q47012789	P31	Q34770	instance-of
Q47012824	P31	Q34770	instance-of
Q47012866	P31	Q34770	instance-of
Q47012900	P31	Q34770	instance-of
Q47012992	P31	Q34770	instance-of
Q47013024	P31	Q34770	instance-of
Q47015522	P31	Q34770	instance-of
Q47015550	P31	Q34770	instance-of
Q47015558	P31	Q34770	instance-of
Q4701931	P31	Q34770	instance-of
Q4701960	P31	Q34770	instance-of
Q4702035	P31	Q34770	instance-of
Q47034	P31	Q515	instance-of
Q470445	P31	Q515	instance-of
Q47048	P31	Q515	instance-of
Q4709	P31	Q515	instance-of
Q47090852	P31	Q34770	instance-of
Q47090856	P31	Q34770	instance-of
Q47092323	P31	Q34770	instance-of
Q47092325	P31	Q34770	instance-of
Q47092330	P31	Q34770	instance-of
Q47092623	P31	Q34770	instance-of
Q47092630	P31	Q34770	instance-of
Q47092632	P31	Q34770	instance-of
Q47092633	P31	Q34770	instance-of
Q47092935	P31	Q34770	instance-of
Q47092939	P31	Q34770	instance-of
Q47092951	P31	Q34770	instance-of
Q47092956	P31	Q34770	instance-of
Q47092974	P31	Q34770	instance-of
Q47092979	P31	Q34770	instance-of
Q47093005	P31	Q34770	instance-of
Q47093059	P31	Q34770	instance-of
Q47093071	P31	Q34770	instance-of
Q47093136	P31	Q34770	instance-of
Q47093167	P31	Q34770	instance-of
Q4709425	P31	Q34770	instance-of
Q4709467	P31	Q34770	instance-of
Q471181	P31	Q9143	instance-of
Q47138	P31	Q515	instance-of
Q47166	P31	Q515	instance-of
Q471886	P31	Q515	instance-of
Q472621	P31	Q515	instance-of
Q47265	P31	Q515	instance-of
Q47282	P31	Q515	instance-of
Q472822	P31	Q515	instance-of
Q472925	P31	Q515	instance-of
Q473201	P31	Q9143	instance-of
Q4734726	P31	Q34770	instance-of
Q4737539	P31	Q34770	instance-of
Q47385077	P31	Q34770	instance-of
Q473914	P31	Q515	instance-of
Q4740192	P31	Q34770	instance-of
Q4740400	P31	Q34770	instance-of
Q4740613	P31	Q34770	instance-of
Q4741706	P31	Q34770	instance-of
Q474651	P31	Q515	instance-of
Q4748035	P31	Q34770	instance-of
Q4748057	P31	Q34770	instance-of
Q47482662	P31	Q34770	instance-of
Q474868	P31	Q515	instance-of
Q47489306	P31	Q34770	instance-of
Q4748974	P31	Q34770	instance-of
Q47492	P31	Q515	instance-of
Q47495733	P31	Q34770	instance-of
Q4750346	P31	Q34770	instance-of
Q4750964	P31	Q34770	instance-of
Q4751795	P31	Q34770	instance-of
Q4753480	P31	Q34770	instance-of
Q4754314	P31	Q34770	instance-of
Q4754487	P31	Q34770	instance-of
Q4754509	P31	Q34770	instance-of
Q47554	P31	Q515	instance-of
Q475700	P31	Q3918	instance-of
Q4761919	P31	Q34770	instance-of
Q47631	P31	Q34770	instance-of
Q4764288	P31	Q34770	instance-of
Q476800	P31	Q515	instance-of
Q47683644	P31	Q34770	instance-of
Q47703	P31	Q11424	instance-of
Q477148	P31	Q515	instance-of
Q477232	P31	Q515	instance-of
Q477238	P31	Q515	instance-of
Q4777679	P31	Q34770	instance-of
Q4778608	P31	Q34770	instance-of
Q4780046	P31	Q34770	instance-of
Q478031	P31	Q515	instance-of
Q478207	P31	Q515	instance-of
Q4782333	P31	Q34770	instance-of
Q4782887	P31	Q34770	instance-of
Q4783889	P31	Q34770	instance-of
Q4784070	P31	Q34770	instance-of
Q4784301	P31	Q34770	instance-of
Q4784535	P31	Q34770	instance-of
Q4784537	P31	Q34770	instance-of
Q478675	P31	Q515	instance-of
Q4788356	P31	Q34770	instance-of
Q4789666	P31	Q515	instance-of
Q4790085	P31	Q34770	instance-of
Q4790086	P31	Q34770	instance-of
Q4790560	P31	Q34770	instance-of
Q47952	P31	Q515	instance-of
Q4796002	P31	Q34770	instance-of
Q4800819	P31	Q34770	instance-of
Q4803639	P31	Q34770	instance-of
Q48037487	P31	Q34770	instance-of
Q48068440	P31	Q34770	instance-of
Q4811870	P31	Q34770	instance-of
Q4811888	P31	Q34770	instance-of
Q4812603	P31	Q34770	instance-of
Q4813055	P31	Q34770	instance-of
Q481659	P31	Q3918	instance-of
Q4817730	P31	Q34770	instance-of
Q4820191	P31	Q34770	instance-of
Q4827334	P31	Q34770	instance-of
Q48278	P31	Q515	instance-of
Q4829584	P31	Q34770	instance-of
Q4830038	P31	Q34770	instance-of
Q4830109	P31	Q34770	instance-of
Q4830439	P31	Q34770	instance-of
Q4830892	P31	Q34770	instance-of
Q4831570	P31	Q34770	instance-of
Q4832486	P31	Q34770	instance-of
Q4832535	P31	Q34770	instance-of
Q483331	P31	Q515	instance-of
Q48338	P31	Q515	instance-of
Q48344	P31	Q515	instance-of
Q483522	P31	Q515	instance-of
Q483778	P31	Q482994	instance-of
Q483941	P31	Q11424	instance-of
Q48403	P31	Q515	instance-of
Q4840520	P31	Q34770	instance-of
Q4840986	P31	Q34770	instance-of
Q4841264	P31	Q34770	instance-of
Q4842057	P31	Q34770	instance-of
Q4842178	P31	Q34770	instance-of
Q4842201	P31	Q34770	instance-of
Q484442	P31	Q11424	instance-of
Q484706	P31	Q515	instance-of
Q48472	P31	Q515	instance-of
Q48472935	P31	Q34770	instance-of
Q4848866	P31	Q34770	instance-of
Q4849710	P31	Q34770	instance-of
Q4849796	P31	Q34770	instance-of
Q4850033	P31	Q34770	instance-of
Q4850053	P31	Q34770	instance-of
Q4850134	P31	Q34770	instance-of
Q4850912	P31	Q34770	instance-of
Q4853321	P31	Q34770	instance-of
Q485496	P31	Q515	instance-of
Q4856243	P31	Q34770	instance-of
Q48565339	P31	Q34770	instance-of
Q48565467	P31	Q34770	instance-of
Q4858065	P31	Q34770	instance-of
Q4858206	P31	Q34770	instance-of
Q4858315	P31	Q34770	instance-of
Q4860543	P31	Q34770	instance-of
Q486113	P31	Q482994	instance-of
Q486195	P31	Q515	instance-of
Q486282	P31	Q515	instance-of
Q4863220	P31	Q34770	instance-of
Q486329	P31	Q515	instance-of
Q486387	P31	Q482994	instance-of
Q4866150	P31	Q34770	instance-of
Q4866152	P31	Q34770	instance-of
Q486792	P31	Q515	instance-of
Q486913	P31	Q515	instance-of
Q4869253	P31	Q34770	instance-of
Q48726851	P31	Q34770	instance-of
Q48731935	P31	Q34770	instance-of
Q48731939	P31	Q34770	instance-of
Q4873415	P31	Q34770	instance-of
Q4873607	P31	Q34770	instance-of
Q4874263	P31	Q34770	instance-of
Q487439	P31	Q515	instance-of
Q487626	P31	Q482994	instance-of
Q487672	P31	Q515	instance-of
Q48767245	P31	Q34770	instance-of
Q48767781	P31	Q34770	instance-of
Q487679	P31	Q515	instance-of
Q487684	P31	Q515	instance-of
Q487689	P31	Q515	instance-of
Q48769474	P31	Q34770	instance-of
Q48769526	P31	Q34770	instance-of
Q48769531	P31	Q34770	instance-of
Q487801	P31	Q515	instance-of
Q4878430	P31	Q34770	instance-of
Q48785410	P31	Q34770	instance-of
Q4879330	P31	Q34770	instance-of
Q487981	P31	Q515	instance-of
Q48799325	P31	Q34770	instance-of
Q488004	P31	Q515	instance-of
Q48803532	P31	Q34770	instance-of
Q48803960	P31	Q34770	instance-of
Q48803964	P31	Q34770	instance-of
Q48804020	P31	Q34770	instance-of
Q48804033	P31	Q34770	instance-of
Q48807961	P31	Q34770	instance-of
Q48807969	P31	Q34770	instance-of
Q48807973	P31	Q34770	instance-of
Q48808179	P31	Q34770	instance-of
Q48809800	P31	Q34770	instance-of
Q48809804	P31	Q34770	instance-of
Q48809807	P31	Q34770	instance-of
Q48809811	P31	Q34770	instance-of
Q48810023	P31	Q34770	instance-of
Q48810027	P31	Q34770	instance-of
Q48810031	P31	Q34770	instance-of
Q48810034	P31	Q34770	instance-of
Q48813271	P31	Q34770	instance-of
Q48813273	P31	Q34770	instance-of
Q48813291	P31	Q34770	instance-of
Q48814	P31	Q515	instance-of
Q48814357	P31	Q34770	instance-of
Q48816318	P31	Q34770	instance-of
Q48816625	P31	Q34770	instance-of
Q48816629	P31	Q34770	instance-of
Q48817387	P31	Q34770	instance-of
Q48844662	P31	Q34770	instance-of
Q48844744	P31	Q34770	instance-of
Q48847674	P31	Q34770	instance-of
Q4885023	P31	Q34770	instance-of
Q4886561	P31	Q34770	instance-of
Q4887064	P31	Q34770	instance-of
Q4887742	P31	Q34770	instance-of
Q48896030	P31	Q34770	instance-of
Q488987	P31	Q515	instance-of
Q489011	P31	Q34770	instance-of
Q4890644	P31	Q34770	instance-of
Q4890914	P31	Q34770	instance-of
Q4891018	P31	Q34770	instance-of
Q4897329	P31	Q34770	instance-of
Q48987680	P31	Q34770	instance-of
Q4898889	P31	Q34770	instance-of
Q489890	P31	Q515	instance-of
Q489898	P31	Q515	instance-of
Q490	P31	Q515	instance-of
Q4900493	P31	Q34770	instance-of
Q4901671	P31	Q34770	instance-of
Q4901729	P31	Q34770	instance-of
Q4901734	P31	Q34770	instance-of
Q4902547	P31	Q34770	instance-of
Q4904029	P31	Q34770	instance-of
Q4904523	P31	Q34770	instance-of
Q4904607	P31	Q34770	instance-of
Q4904687	P31	Q34770	instance-of
Q490643	P31	Q515	instance-of
Q4906894	P31	Q34770	instance-of
Q4907456	P31	Q34770	instance-of
Q4907473	P31	Q34770	instance-of
Q4907504	P31	Q34770	instance-of
Q4910139	P31	Q34770	instance-of
Q49108	P31	Q3918	instance-of
Q491102	P31	Q515	instance-of
Q49111	P31	Q515	instance-of
Q49118	P31	Q3918	instance-of
Q49119	P31	Q3918	instance-of
Q49120	P31	Q3918	instance-of
Q4913743	P31	Q34770	instance-of
Q4913807	P31	Q34770	instance-of
Q4913840	P31	Q34770	instance-of
Q4913975	P31	Q34770	instance-of
Q4914077	P31	Q34770	instance-of
Q4914403	P31	Q34770	instance-of
Q4914533	P31	Q34770	instance-of
Q4914553	P31	Q34770	instance-of
Q4914576	P31	Q34770	instance-of
Q4915439	P31	Q34770	instance-of
Q4916329	P31	Q34770	instance-of
Q49167	P31	Q3918	instance-of
Q49169	P31	Q515	instance-of
Q491879	P31	Q515	instance-of
Q4919173	P31	Q34770	instance-of
Q49192	P31	Q515	instance-of
Q4919322	P31	Q34770	instance-of
Q4919327	P31	Q34770	instance-of
Q49196	P31	Q515	instance-of
Q4920003	P31	Q34770	instance-of
Q49204	P31	Q3918	instance-of
Q49205	P31	Q3918	instance-of
Q4920575	P31	Q34770	instance-of
Q49215	P31	Q34770	instance-of
Q4921648	P31	Q34770	instance-of
Q49218	P31	Q515	instance-of
Q4923414	P31	Q34770	instance-of
Q4923846	P31	Q34770	instance-of
Q4925096	P31	Q34770	instance-of
Q4925378	P31	Q34770	instance-of
Q492552	P31	Q515	instance-of
Q4925684	P31	Q34770	instance-of
Q4926344	P31	Q34770	instance-of
Q4926353	P31	Q34770	instance-of
Q4931255	P31	Q34770	instance-of
Q4931258	P31	Q34770	instance-of
Q493141	P31	Q3918	instance-of
Q49340	P31	Q34770	instance-of
Q49341	P31	Q34770	instance-of
Q4934549	P31	Q34770	instance-of
Q4935896	P31	Q34770	instance-of
Q4936715	P31	Q34770	instance-of
Q4938727	P31	Q34770	instance-of
Q4938812	P31	Q34770	instance-of
Q4938876	P31	Q34770	instance-of
Q4939959	P31	Q34770	instance-of
Q4941378	P31	Q34770	instance-of
Q4941729	P31	Q34770	instance-of
Q4941733	P31	Q34770	instance-of
Q4941860	P31	Q34770	instance-of
Q4941930	P31	Q34770	instance-of
Q4941936	P31	Q34770	instance-of
Q4942134	P31	Q34770	instance-of
Q4942634	P31	Q34770	instance-of
Q494355	P31	Q34770	instance-of
Q4943708	P31	Q34770	instance-of
Q4945106	P31	Q34770	instance-of
Q4946263	P31	Q34770	instance-of
Q4946773	P31	Q34770	instance-of
Q494693	P31	Q515	instance-of
Q4947229	P31	Q34770	instance-of
Q4947249	P31	Q34770	instance-of
Q4952785	P31	Q34770	instance-of
Q4952879	P31	Q34770	instance-of
Q4955993	P31	Q34770	instance-of
Q495730	P31	Q515	instance-of
Q4957737	P31	Q34770	instance-of
Q4960502	P31	Q34770	instance-of
Q4961835	P31	Q34770	instance-of
Q496368	P31	Q515	instance-of
Q496442	P31	Q515	instance-of
Q496567	P31	Q515	instance-of
Q4967930	P31	Q34770	instance-of
Q497130	P31	Q515	instance-of
Q497345	P31	Q34770	instance-of
Q4973472	P31	Q34770	instance-of
Q4975277	P31	Q34770	instance-of
Q497793	P31	Q515	instance-of
Q4979601	P31	Q34770	instance-of
Q498401	P31	Q3918	instance-of
Q4985086	P31	Q34770	instance-of
Q4985158	P31	Q34770	instance-of
Q4985178	P31	Q34770	instance-of
Q4985281	P31	Q34770	instance-of
Q4985474	P31	Q34770	instance-of
Q4986329	P31	Q34770	instance-of
Q4986814	P31	Q34770	instance-of
Q49929396	P31	Q34770	instance-of
Q49929872	P31	Q34770	instance-of
Q4996380	P31	Q34770	instance-of
Q4997162	P31	Q34770	instance-of
Q4997234	P31	Q34770	instance-of
Q4997235	P31	Q34770	instance-of
Q4997416	P31	Q34770	instance-of
Q4997615	P31	Q34770	instance-of
Q4997686	P31	Q34770	instance-of
Q4998097	P31	Q34770	instance-of
Q4998124	P31	Q34770	instance-of
Q4998313	P31	Q34770	instance-of
Q499911	P31	Q3918	instance-of
Q5000976	P31	Q34770	instance-of
Q5000983	P31	Q34770	instance-of
Q5000984	P31	Q34770	instance-of
Q5001028	P31	Q34770	instance-of
Q5001031	P31	Q34770	instance-of
Q5001255	P31	Q34770	instance-of
Q500131	P31	Q3918	instance-of
Q500189	P31	Q515	instance-of
Q5002001	P31	Q34770	instance-of
Q5002345	P31	Q34770	instance-of
Q5003156	P31	Q34770	instance-of
Q5003359	P31	Q34770	instance-of
Q5003401	P31	Q34770	instance-of
Q5003667	P31	Q34770	instance-of
Q5003678	P31	Q34770	instance-of
Q5005069	P31	Q34770	instance-of
Q500888	P31	Q515	instance-of
Q501090	P31	Q515	instance-of
Q5013745	P31	Q34770	instance-of
Q501709	P31	Q515	instance-of
Q501715	P31	Q515	instance-of
Q5017296	P31	Q34770	instance-of
Q5017381	P31	Q34770	instance-of
Q5017528	P31	Q34770	instance-of
Q5017997	P31	Q34770	instance-of
Q5018037	P31	Q34770	instance-of
Q50195	P31	Q515	instance-of
Q50207890	P31	Q34770	instance-of
Q502141	P31	Q515	instance-of
Q5026908	P31	Q34770	instance-of
Q5027893	P31	Q34770	instance-of
Q5031131	P31	Q34770	instance-of
Q50313949	P31	Q34770	instance-of
Q503469	P31	Q515	instance-of
Q504114	P31	Q515	instance-of
Q504215	P31	Q515	instance-of
Q5044773	P31	Q34770	instance-of
Q504657	P31	Q515	instance-of
Q5054242	P31	Q34770	instance-of
Q5054550	P31	Q34770	instance-of
Q505655	P31	Q34770	instance-of
Q506010	P31	Q34770	instance-of
Q5061548	P31	Q34770	instance-of
Q5061727	P31	Q34770	instance-of
Q5061915	P31	Q34770	instance-of
Q5062046	P31	Q34770	instance-of
Q506745	P31	Q515	instance-of
Q5068066	P31	Q34770	instance-of
Q5069473	P31	Q34770	instance-of
Q5069707	P31	Q34770	instance-of
Q507080	P31	Q515	instance-of
Q5071694	P31	Q34770	instance-of
Q5072105	P31	Q34770	instance-of
Q5072884	P31	Q34770	instance-of
Q5073694	P31	Q34770	instance-of
Q50816	P31	Q515	instance-of
Q508332	P31	Q34770	instance-of
Q5086680	P31	Q34770	instance-of
Q5088056	P31	Q34770	instance-of
Q5091044	P31	Q34770	instance-of
Q5091274	P31	Q34770	instance-of
Q5091700	P31	Q34770	instance-of
Q50924812	P31	Q34770	instance-of
Q50924815	P31	Q34770	instance-of
Q50924816	P31	Q34770	instance-of
Q50924966	P31	Q34770	instance-of
Q50927151	P31	Q34770	instance-of
Q50927152	P31	Q34770	instance-of
Q50927170	P31	Q34770	instance-of
Q50927229	P31	Q34770	instance-of
Q50931559	P31	Q34770	instance-of
Q50934253	P31	Q34770	instance-of
Q50934254	P31	Q34770	instance-of
Q50934259	P31	Q34770	instance-of
Q50934484	P31	Q34770	instance-of
Q50934533	P31	Q34770	instance-of
Q50934868	P31	Q34770	instance-of
Q50934920	P31	Q34770	instance-of
Q50934947	P31	Q34770	instance-of
Q50935153	P31	Q34770	instance-of
Q50948445	P31	Q34770	instance-of
Q5095221	P31	Q34770	instance-of
Q5096050	P31	Q34770	instance-of
Q5096458	P31	Q34770	instance-of
Q5099289	P31	Q34770	instance-of
Q5100107	P31	Q34770	instance-of
Q5100110	P31	Q34770	instance-of
Q5100111	P31	Q34770	instance-of
Q5100112	P31	Q34770	instance-of
Q5100113	P31	Q34770	instance-of
Q510029	P31	Q3918	instance-of
Q5101597	P31	Q34770	instance-of
Q5101757	P31	Q34770	instance-of
Q5101803	P31	Q34770	instance-of
Q5102016	P31	Q34770	instance-of
Q5103425	P31	Q34770	instance-of
Q5103508	P31	Q34770	instance-of
Q5103788	P31	Q34770	instance-of
Q5104247	P31	Q34770	instance-of
Q5104704	P31	Q34770	instance-of
Q5105385	P31	Q34770	instance-of
Q510544	P31	Q34770	instance-of
Q510561	P31	Q34770	instance-of
Q5105629	P31	Q34770	instance-of
Q51103	P31	Q515	instance-of
Q51111	P31	Q515	instance-of
Q5112	P31	Q515	instance-of
Q5115226	P31	Q34770	instance-of
Q5116126	P31	Q34770	instance-of
Q5118412	P31	Q34770	instance-of
Q5121095	P31	Q34770	instance-of
Q5128278	P31	Q34770	instance-of
Q513238	P31	Q9143	instance-of
Q513727	P31	Q515	instance-of
Q5138603	P31	Q34770	instance-of
Q5138605	P31	Q34770	instance-of
Q514123	P31	Q34770	instance-of
Q51432	P31	Q515	instance-of
Q515117	P31	Q515	instance-of
Q515229	P31	Q515	instance-of
Q5166	P31	Q34770	instance-of
Q5168	P31	Q515	instance-of
Q5172075	P31	Q34770	instance-of
Q517956	P31	Q9143	instance-of
Q51798	P31	Q9143	instance-of
Q5179958	P31	Q34770	instance-of
Q5180100	P31	Q34770	instance-of
Q51878	P31	Q515	instance-of
Q51885456	P31	Q9143	instance-of
Q5193781	P31	Q34770	instance-of
Q5193784	P31	Q34770	instance-of
Q51955140	P31	Q34770	instance-of
Q52008172	P31	Q34770	instance-of
Q5201809	P31	Q34770	instance-of
Q5202780	P31	Q34770	instance-of
Q5207384	P31	Q34770	instance-of
Q5207451	P31	Q34770	instance-of
Q5208077	P31	Q34770	instance-of
Q5208442	P31	Q34770	instance-of
Q5209052	P31	Q34770	instance-of
Q5209056	P31	Q34770	instance-of
Q5209890	P31	Q34770	instance-of
Q5209962	P31	Q34770	instance-of
Q52101	P31	Q515	instance-of
Q5211865	P31	Q34770	instance-of
Q5211943	P31	Q34770	instance-of
Q5212928	P31	Q34770	instance-of
Q5214932	P31	Q34770	instance-of
Q522041	P31	Q9143	instance-of
Q5220979	P31	Q34770	instance-of
Q5221251	P31	Q34770	instance-of
Q5221513	P31	Q34770	instance-of
Q5221528	P31	Q34770	instance-of
Q5222637	P31	Q34770	instance-of
Q5223660	P31	Q34770	instance-of
Q5223941	P31	Q34770	instance-of
Q5224029	P31	Q34770	instance-of
Q5224058	P31	Q34770	instance-of
Q5224156	P31	Q34770	instance-of
Q5228140	P31	Q34770	instance-of
Q5228174	P31	Q34770	instance-of
Q523823	P31	Q34770	instance-of
Q52393786	P31	Q34770	instance-of
Q52395140	P31	Q34770	instance-of
Q524102	P31	Q34770	instance-of
Q52413	P31	Q3918	instance-of
Q5242286	P31	Q34770	instance-of
Q5242304	P31	Q34770	instance-of
Q5246937	P31	Q34770	instance-of
Q5249850	P31	Q34770	instance-of
Q525169	P31	Q3918	instance-of
Q5251770	P31	Q34770	instance-of
Q5252754	P31	Q34770	instance-of
Q5253046	P31	Q34770	instance-of
Q5254989	P31	Q34770	instance-of
Q5256954	P31	Q34770	instance-of
Q5261289	P31	Q34770	instance-of
Q5266	P31	Q515	instance-of
Q5268787	P31	Q34770	instance-of
Q5268960	P31	Q34770	instance-of
Q5268992	P31	Q34770	instance-of
Q5269658	P31	Q34770	instance-of
Q5269842	P31	Q34770	instance-of
Q5272268	P31	Q34770	instance-of
Q5272321	P31	Q34770	instance-of
Q5276	P31	Q515	instance-of
Q5277140	P31	Q34770	instance-of
Q5277406	P31	Q34770	instance-of
Q527748	P31	Q515	instance-of
Q5278044	P31	Q34770	instance-of
Q528231	P31	Q3918	instance-of
Q5283765	P31	Q34770	instance-of
Q5284171	P31	Q34770	instance-of
Q52842	P31	Q515	instance-of
Q528432	P31	Q515	instance-of
Q52845	P31	Q515	instance-of
Q52847	P31	Q43229	instance-of
Q5284967	P31	Q34770	instance-of
Q5285033	P31	Q34770	instance-of
Q5285185	P31	Q34770	instance-of
Q5285187	P31	Q34770	instance-of
Q5285190	P31	Q34770	instance-of
Q5285274	P31	Q34770	instance-of
Q5285350	P31	Q34770	instance-of
Q5285351	P31	Q34770	instance-of
Q5286517	P31	Q34770	instance-of
Q5288055	P31	Q34770	instance-of
Q5288764	P31	Q34770	instance-of
Q5288841	P31	Q34770	instance-of
Q52892	P31	Q515	instance-of
Q5289770	P31	Q34770	instance-of
Q5291375	P31	Q34770	instance-of
Q5291378	P31	Q34770	instance-of
Q5295571	P31	Q34770	instance-of
Q5295991	P31	Q34770	instance-of
Q5296051	P31	Q34770	instance-of
Q5297022	P31	Q34770	instance-of
Q5297532	P31	Q34770	instance-of
Q52981	P31	Q515	instance-of
Q5298175	P31	Q34770	instance-of
Q529921	P31	Q34770	instance-of
Q5301	P31	Q9143	instance-of
Q530171	P31	Q515	instance-of
Q5302331	P31	Q34770	instance-of
Q5310448	P31	Q34770	instance-of
Q5310792	P31	Q34770	instance-of
Q53122	P31	Q3918	instance-of
Q5313310	P31	Q34770	instance-of
Q5313387	P31	Q34770	instance-of
Q5313405	P31	Q34770	instance-of
Q5313599	P31	Q34770	instance-of
Q5314004	P31	Q34770	instance-of
Q5314039	P31	Q34770	instance-of
Q5315230	P31	Q34770	instance-of
Q5315912	P31	Q34770	instance-of
Q5316627	P31	Q34770	instance-of
Q5316948	P31	Q34770	instance-of
Q5317647	P31	Q34770	instance-of
Q5318651	P31	Q34770	instance-of
Q5319619	P31	Q34770	instance-of
Q5319622	P31	Q34770	instance-of
Q5320028	P31	Q34770	instance-of
Q53268	P31	Q43229	instance-of
Q5328200	P31	Q34770	instance-of
Q532822	P31	Q3918	instance-of
Q5329945	P31	Q34770	instance-of
Q5330240	P31	Q34770	instance-of
Q5330342	P31	Q34770	instance-of
Q5330355	P31	Q34770	instance-of
Q5330379	P31	Q34770	instance-of
Q5330390	P31	Q34770	instance-of
Q53386731	P31	Q34770	instance-of
Q5340184	P31	Q34770	instance-of
Q534409	P31	Q515	instance-of
Q534515	P31	Q3918	instance-of
Q534643	P31	Q3918	instance-of
Q53482453	P31	Q34770	instance-of
Q5349839	P31	Q34770	instance-of
Q5350030	P31	Q34770	instance-of
Q5350265	P31	Q34770	instance-of
Q5350305	P31	Q34770	instance-of
Q5350418	P31	Q34770	instance-of
Q5350733	P31	Q34770	instance-of
Q5351410	P31	Q34770	instance-of
Q53575940	P31	Q34770	instance-of
Q5359444	P31	Q34770	instance-of
Q5359560	P31	Q34770	instance-of
Q5362035	P31	Q9143	instance-of
Q536280	P31	Q3918	instance-of
Q5364172	P31	Q34770	instance-of
Q5364210	P31	Q34770	instance-of
Q5364419	P31	Q34770	instance-of
Q5364424	P31	Q34770	instance-of
Q5367223	P31	Q34770	instance-of
Q5368975	P31	Q34770	instance-of
Q5369424	P31	Q34770	instance-of
Q5370369	P31	Q34770	instance-of
Q5372139	P31	Q34770	instance-of
Q5374265	P31	Q34770	instance-of
Q53765528	P31	Q34770	instance-of
Q53766256	P31	Q34770	instance-of
Q5380858	P31	Q34770	instance-of
Q5381447	P31	Q34770	instance-of
Q5381452	P31	Q34770	instance-of
Q538364	P31	Q34770	instance-of
Q538452	P31	Q3918	instance-of
Q5385061	P31	Q34770	instance-of
Q5388365	P31	Q34770	instance-of
Q539268	P31	Q9143	instance-of
Q5393974	P31	Q34770	instance-of
Q5395296	P31	Q34770	instance-of
Q5395662	P31	Q34770	instance-of
Q5397551	P31	Q34770	instance-of
Q5401071	P31	Q34770	instance-of
Q540672	P31	Q3918	instance-of
Q540844	P31	Q515	instance-of
Q5414796	P31	Q34770	instance-of
Q541548	P31	Q3918	instance-of
Q5418860	P31	Q34770	instance-of
Q542564	P31	Q34770	instance-of
Q54274	P31	Q11424	instance-of
Q54312860	P31	Q34770	instance-of
Q5433811	P31	Q34770	instance-of
Q5439113	P31	Q34770	instance-of
Q5443742	P31	Q34770	instance-of
Q5446130	P31	Q34770	instance-of
Q5449202	P31	Q34770	instance-of
Q544927	P31	Q9143	instance-of
Q54548740	P31	Q34770	instance-of
Q5456292	P31	Q34770	instance-of
Q546	P31	Q515	instance-of
Q5460	P31	Q515	instance-of
Q5463819	P31	Q34770	instance-of
Q5464146	P31	Q34770	instance-of
Q5464843	P31	Q34770	instance-of
Q5464911	P31	Q34770	instance-of
Q5465566	P31	Q34770	instance-of
Q5467173	P31	Q34770	instance-of
Q5468	P31	Q515	instance-of
Q5468035	P31	Q34770	instance-of
Q546976	P31	Q3918	instance-of
Q5473983	P31	Q34770	instance-of
Q54743	P31	Q515	instance-of
Q5475	P31	Q515	instance-of
Q54766	P31	Q515	instance-of
Q547867	P31	Q3918	instance-of
Q5480718	P31	Q34770	instance-of
Q54841654	P31	Q34770	instance-of
Q548441	P31	Q515	instance-of
Q54879035	P31	Q34770	instance-of
Q54880	P31	Q515	instance-of
Q54886	P31	Q515	instance-of
Q54898	P31	Q515	instance-of
Q55	P31	Q6256	instance-of
Q550263	P31	Q3918	instance-of
Q55087169	P31	Q34770	instance-of
Q5509187	P31	Q34770	instance-of
Q5515189	P31	Q34770	instance-of
Q5516467	P31	Q34770	instance-of
Q5516952	P31	Q34770	instance-of
Q5517032	P31	Q34770	instance-of
Q5517742	P31	Q34770	instance-of
Q5517764	P31	Q34770	instance-of
Q5518509	P31	Q34770	instance-of
Q55185556	P31	Q34770	instance-of
Q5520226	P31	Q34770	instance-of
Q5520366	P31	Q34770	instance-of
Q5521140	P31	Q34770	instance-of
Q5521529	P31	Q34770	instance-of
Q5521556	P31	Q34770	instance-of
Q55218915	P31	Q34770	instance-of
Q5523396	P31	Q34770	instance-of
Q5524492	P31	Q34770	instance-of
Q55254102	P31	Q34770	instance-of
Q5528335	P31	Q34770	instance-of
Q5528771	P31	Q34770	instance-of
Q5529130	P31	Q34770	instance-of
Q5529310	P31	Q34770	instance-of
Q5529341	P31	Q34770	instance-of
Q5529342	P31	Q34770	instance-of
Q5530317	P31	Q34770	instance-of
Q5531038	P31	Q34770	instance-of
Q553514	P31	Q9143	instance-of
Q5548692	P31	Q34770	instance-of
Q5553579	P31	Q34770	instance-of
Q5555259	P31	Q34770	instance-of
Q5555465	P31	Q34770	instance-of
Q5555976	P31	Q34770	instance-of
Q5559094	P31	Q34770	instance-of
Q55603076	P31	Q34770	instance-of
Q55607615	P31	Q34770	instance-of
Q55609513	P31	Q34770	instance-of
Q556098	P31	Q3918	instance-of
Q55614048	P31	Q34770	instance-of
Q55615560	P31	Q34770	instance-of
Q55619764	P31	Q34770	instance-of
Q55621742	P31	Q34770	instance-of
Q55621803	P31	Q34770	instance-of
Q55632853	P31	Q34770	instance-of
Q55634678	P31	Q34770	instance-of
Q55636327	P31	Q34770	instance-of
Q55636524	P31	Q34770	instance-of
Q55637477	P31	Q34770	instance-of
Q5564185	P31	Q34770	instance-of
Q55642237	P31	Q34770	instance-of
Q5565906	P31	Q34770	instance-of
Q5565941	P31	Q34770	instance-of
Q55740060	P31	Q34770	instance-of
Q5575236	P31	Q34770	instance-of
Q5575414	P31	Q34770	instance-of
Q5578069	P31	Q34770	instance-of
Q5580728	P31	Q34770	instance-of
Q5582862	P31	Q515	instance-of
Q5583799	P31	Q9143	instance-of
Q5584396	P31	Q515	instance-of
Q55859637	P31	Q34770	instance-of
Q558922	P31	Q3918	instance-of
Q5590235	P31	Q34770	instance-of
Q5595219	P31	Q34770	instance-of
Q56064	P31	Q515	instance-of
Q56069	P31	Q515	instance-of
Q56071779	P31	Q34770	instance-of
Q5607612	P31	Q34770	instance-of
Q5613495	P31	Q34770	instance-of
Q5614528	P31	Q34770	instance-of
Q5614751	P31	Q34770	instance-of
Q5614858	P31	Q34770	instance-of
Q5614980	P31	Q34770	instance-of
Q5615186	P31	Q34770	instance-of
Q5615279	P31	Q34770	instance-of
Q5615286	P31	Q34770	instance-of
Q56158990	P31	Q34770	instance-of
Q5616927	P31	Q34770	instance-of
Q5617176	P31	Q34770	instance-of
Q5618027	P31	Q34770	instance-of
Q5618041	P31	Q34770	instance-of
Q5618523	P31	Q34770	instance-of
Q56197071	P31	Q34770	instance-of
Q56197072	P31	Q34770	instance-of
Q56197074	P31	Q34770	instance-of
Q5619801	P31	Q34770	instance-of
Q56199161	P31	Q34770	instance-of
Q5619931	P31	Q34770	instance-of
Q5619998	P31	Q34770	instance-of
Q5620091	P31	Q34770	instance-of
Q5621686	P31	Q34770	instance-of
Q5621973	P31	Q34770	instance-of
Q5621992	P31	Q34770	instance-of
Q56231	P31	Q34770	instance-of
Q5623219	P31	Q34770	instance-of
Q5623246	P31	Q34770	instance-of
Q5623387	P31	Q34770	instance-of
Q56235	P31	Q34770	instance-of
Q5623559	P31	Q34770	instance-of
Q56236	P31	Q34770	instance-of
Q56237	P31	Q34770	instance-of
Q56238	P31	Q34770	instance-of
Q56239	P31	Q34770	instance-of
Q5624046	P31	Q34770	instance-of
Q56241	P31	Q34770	instance-of
Q56242	P31	Q34770	instance-of
Q56243	P31	Q34770	instance-of
Q56244	P31	Q34770	instance-of
Q56245	P31	Q34770	instance-of
Q56246	P31	Q34770	instance-of
Q56247	P31	Q34770	instance-of
Q56248	P31	Q34770	instance-of
Q56249	P31	Q34770	instance-of
Q56250	P31	Q34770	instance-of
Q56252	P31	Q34770	instance-of
Q56254	P31	Q34770	instance-of
Q56256	P31	Q34770	instance-of
Q56257	P31	Q34770	instance-of
Q56258	P31	Q34770	instance-of
Q56259	P31	Q34770	instance-of
Q56260	P31	Q34770	instance-of
Q56261	P31	Q34770	instance-of
Q56261010	P31	Q34770	instance-of
Q56262	P31	Q34770	instance-of
Q56263	P31	Q34770	instance-of
Q56264	P31	Q34770	instance-of
Q56265	P31	Q34770	instance-of
Q56267	P31	Q34770	instance-of
Q5626799	P31	Q34770	instance-of
Q56268	P31	Q34770	instance-of
Q5626813	P31	Q34770	instance-of
Q56269	P31	Q34770	instance-of
Q56271	P31	Q34770	instance-of
Q56272	P31	Q34770	instance-of
Q56272241	P31	Q34770	instance-of
Q56273	P31	Q34770	instance-of
Q56274	P31	Q34770	instance-of
Q56274333	P31	Q34770	instance-of
Q56275	P31	Q34770	instance-of
Q56278	P31	Q34770	instance-of
Q56278936	P31	Q34770	instance-of
Q56279	P31	Q34770	instance-of
Q56280	P31	Q34770	instance-of
Q56281	P31	Q34770	instance-of
Q56282	P31	Q34770	instance-of
Q56283	P31	Q34770	instance-of
Q56284	P31	Q34770	instance-of
Q56285	P31	Q34770	instance-of
Q56285392	P31	Q34770	instance-of
Q56286	P31	Q34770	instance-of
Q56287	P31	Q34770	instance-of
Q56288	P31	Q34770	instance-of
Q56289	P31	Q34770	instance-of
Q56290	P31	Q34770	instance-of
Q56291	P31	Q34770	instance-of
Q56292	P31	Q34770	instance-of
Q56293	P31	Q34770	instance-of
Q56294	P31	Q34770	instance-of
Q56295	P31	Q34770	instance-of
Q56296	P31	Q34770	instance-of
Q56297	P31	Q34770	instance-of
Q56298	P31	Q34770	instance-of
Q56299	P31	Q34770	instance-of
Q56300	P31	Q34770	instance-of
Q56301	P31	Q34770	instance-of
Q56302	P31	Q34770	instance-of
Q56303	P31	Q34770	instance-of
Q56304	P31	Q34770	instance-of
Q56305	P31	Q34770	instance-of
Q56306	P31	Q34770	instance-of
Q56307	P31	Q34770	instance-of
Q56308	P31	Q34770	instance-of
Q56310	P31	Q34770	instance-of
Q56311	P31	Q34770	instance-of
Q56313	P31	Q34770	instance-of
Q56316	P31	Q34770	instance-of
Q56317	P31	Q34770	instance-of
Q56319	P31	Q34770	instance-of
Q56320	P31	Q34770	instance-of
Q56323	P31	Q34770	instance-of
Q56324	P31	Q34770	instance-of
Q56325	P31	Q34770	instance-of
Q56325199	P31	Q34770	instance-of
Q56326	P31	Q34770	instance-of
Q56327	P31	Q34770	instance-of
Q56328	P31	Q34770	instance-of
Q56329	P31	Q34770	instance-of
Q56329630	P31	Q34770	instance-of
Q56330	P31	Q34770	instance-of
Q56331	P31	Q34770	instance-of
Q56332	P31	Q34770	instance-of
Q56333	P31	Q34770	instance-of
Q56334	P31	Q34770	instance-of
Q56336	P31	Q34770	instance-of
Q56338	P31	Q34770	instance-of
Q56339	P31	Q34770	instance-of
Q56341	P31	Q34770	instance-of
Q56342	P31	Q34770	instance-of
Q56343	P31	Q34770	instance-of
Q56344	P31	Q34770	instance-of
Q56345	P31	Q34770	instance-of
Q56346	P31	Q34770	instance-of
Q56348	P31	Q34770	instance-of
Q56349	P31	Q34770	instance-of
Q56350	P31	Q34770	instance-of
Q56351	P31	Q34770	instance-of
Q56352	P31	Q34770	instance-of
Q56353	P31	Q34770	instance-of
Q56354	P31	Q34770	instance-of
Q56355	P31	Q34770	instance-of
Q56356	P31	Q34770	instance-of
Q56357	P31	Q34770	instance-of
Q56358	P31	Q34770	instance-of
Q56359	P31	Q34770	instance-of
Q56360	P31	Q34770	instance-of
Q56361	P31	Q34770	instance-of
Q56362	P31	Q34770	instance-of
Q56363	P31	Q34770	instance-of
Q56364	P31	Q34770	instance-of
Q56365	P31	Q34770	instance-of
Q56366	P31	Q34770	instance-of
Q56367	P31	Q34770	instance-of
Q56368	P31	Q34770	instance-of
Q56369	P31	Q34770	instance-of
Q56370	P31	Q34770	instance-of
Q56372	P31	Q34770	instance-of
Q56373	P31	Q34770	instance-of
Q56375	P31	Q34770	instance-of
Q56376	P31	Q34770	instance-of
Q56378	P31	Q34770	instance-of
Q56379	P31	Q34770	instance-of
Q56380	P31	Q34770	instance-of
Q56381	P31	Q34770	instance-of
Q5638166	P31	Q34770	instance-of
Q56382	P31	Q34770	instance-of
Q5638398	P31	Q34770	instance-of
Q56384	P31	Q34770	instance-of
Q5638511	P31	Q34770	instance-of
Q56386	P31	Q34770	instance-of
Q56387	P31	Q34770	instance-of
Q56388	P31	Q34770	instance-of
Q56391	P31	Q34770	instance-of
Q5639108	P31	Q34770	instance-of
Q56392	P31	Q34770	instance-of
Q56396	P31	Q34770	instance-of
Q56397	P31	Q34770	instance-of
Q56398	P31	Q34770	instance-of
Q56399	P31	Q34770	instance-of
Q5639933	P31	Q34770	instance-of
Q56400	P31	Q34770	instance-of
Q56403	P31	Q34770	instance-of
Q5640338	P31	Q34770	instance-of
Q56404	P31	Q34770	instance-of
Q56406	P31	Q34770	instance-of
Q56407	P31	Q34770	instance-of
Q56410	P31	Q34770	instance-of
Q56411	P31	Q34770	instance-of
Q5641132	P31	Q34770	instance-of
Q56412	P31	Q34770	instance-of
Q56413	P31	Q34770	instance-of
Q56417	P31	Q34770	instance-of
Q56419	P31	Q34770	instance-of
Q56421	P31	Q34770	instance-of
Q56423	P31	Q34770	instance-of
Q56425	P31	Q34770	instance-of
Q56431	P31	Q34770	instance-of
Q56434	P31	Q34770	instance-of
Q56435	P31	Q34770	instance-of
Q56438	P31	Q34770	instance-of
Q56441	P31	Q34770	instance-of
Q56443	P31	Q34770	instance-of
Q56445	P31	Q34770	instance-of
Q56446	P31	Q34770	instance-of
Q56447	P31	Q34770	instance-of
Q56448	P31	Q34770	instance-of
Q56449	P31	Q34770	instance-of
Q56450	P31	Q34770	instance-of
Q56451	P31	Q34770	instance-of
Q56452	P31	Q34770	instance-of
Q56454	P31	Q34770	instance-of
Q56455	P31	Q34770	instance-of
Q56458	P31	Q34770	instance-of
Q56459	P31	Q34770	instance-of
Q5646	P31	Q34770	instance-of
Q56460	P31	Q34770	instance-of
Q56464	P31	Q34770	instance-of
Q5646436	P31	Q34770	instance-of
Q56466	P31	Q34770	instance-of
Q56469	P31	Q34770	instance-of
Q56473	P31	Q34770	instance-of
Q56478	P31	Q34770	instance-of
Q56479	P31	Q34770	instance-of
Q5647930	P31	Q34770	instance-of
Q56483	P31	Q34770	instance-of
Q56485	P31	Q34770	instance-of
Q56489	P31	Q34770	instance-of
Q56491	P31	Q34770	instance-of
Q56492	P31	Q34770	instance-of
Q56494	P31	Q34770	instance-of
Q56495	P31	Q34770	instance-of
Q56498	P31	Q34770	instance-of
Q56500	P31	Q34770	instance-of
Q56507	P31	Q34770	instance-of
Q56508	P31	Q34770	instance-of
Q56510	P31	Q34770	instance-of
Q56512	P31	Q34770	instance-of
Q56513	P31	Q34770	instance-of
Q56514	P31	Q34770	instance-of
Q56515	P31	Q34770	instance-of
Q56516	P31	Q34770	instance-of
Q56517	P31	Q34770	instance-of
Q56519	P31	Q34770	instance-of
Q56522	P31	Q34770	instance-of
Q56525223	P31	Q34770	instance-of
Q56527	P31	Q34770	instance-of
Q56528	P31	Q34770	instance-of
Q56530	P31	Q34770	instance-of
Q56531	P31	Q34770	instance-of
Q56532	P31	Q34770	instance-of
Q56536	P31	Q34770	instance-of
Q56537	P31	Q34770	instance-of
Q56539	P31	Q34770	instance-of
Q56540	P31	Q34770	instance-of
Q56541	P31	Q34770	instance-of
Q56542	P31	Q34770	instance-of
Q56545	P31	Q34770	instance-of
Q56546	P31	Q34770	instance-of
Q56548	P31	Q34770	instance-of
Q56549	P31	Q34770	instance-of
Q56550	P31	Q34770	instance-of
Q56551	P31	Q34770	instance-of
Q56552	P31	Q34770	instance-of
Q56555	P31	Q34770	instance-of
Q56556	P31	Q34770	instance-of
Q565568	P31	Q515	instance-of
Q56557	P31	Q34770	instance-of
Q56558	P31	Q34770	instance-of
Q56559	P31	Q34770	instance-of
Q56560	P31	Q34770	instance-of
Q56562	P31	Q34770	instance-of
Q56563	P31	Q34770	instance-of
Q56564	P31	Q34770	instance-of
Q56567	P31	Q34770	instance-of
Q56570	P31	Q34770	instance-of
Q56571	P31	Q34770	instance-of
Q5657463	P31	Q34770	instance-of
Q56577	P31	Q34770	instance-of
Q56583	P31	Q34770	instance-of
Q56586	P31	Q34770	instance-of
Q56589	P31	Q34770	instance-of
Q56591	P31	Q34770	instance-of
Q56592	P31	Q34770	instance-of
Q56593	P31	Q34770	instance-of
Q56594	P31	Q34770	instance-of
Q56595	P31	Q34770	instance-of
Q56596	P31	Q34770	instance-of
Q56597	P31	Q34770	instance-of
Q56599	P31	Q34770	instance-of
Q56601	P31	Q34770	instance-of
Q56602	P31	Q34770	instance-of
Q56603	P31	Q34770	instance-of
Q56604	P31	Q34770	instance-of
Q56605	P31	Q34770	instance-of
Q56606	P31	Q34770	instance-of
Q56607	P31	Q34770	instance-of
Q56609	P31	Q34770	instance-of
Q56610	P31	Q34770	instance-of
Q56612	P31	Q34770	instance-of
Q56613	P31	Q34770	instance-of
Q56614	P31	Q34770	instance-of
Q56615	P31	Q34770	instance-of
Q56616	P31	Q34770	instance-of
Q56617	P31	Q34770	instance-of
Q56618	P31	Q34770	instance-of
Q56619	P31	Q34770	instance-of
Q56620	P31	Q34770	instance-of
Q56621	P31	Q34770	instance-of
Q56622	P31	Q34770	instance-of
Q56625	P31	Q34770	instance-of
Q56626	P31	Q34770	instance-of
Q56627	P31	Q34770	instance-of
Q56628	P31	Q34770	instance-of
Q56631	P31	Q34770	instance-of
Q56632	P31	Q34770	instance-of
Q56633	P31	Q34770	instance-of
Q56634	P31	Q34770	instance-of
Q56636	P31	Q34770	instance-of
Q56637	P31	Q34770	instance-of
Q56638	P31	Q34770	instance-of
Q56642	P31	Q34770	instance-of
Q56643	P31	Q34770	instance-of
Q56645	P31	Q34770	instance-of
Q56650	P31	Q34770	instance-of
Q56652	P31	Q34770	instance-of
Q56654	P31	Q34770	instance-of
Q56657	P31	Q34770	instance-of
Q56659	P31	Q34770	instance-of
Q56661	P31	Q34770	instance-of
Q56664	P31	Q34770	instance-of
Q56666	P31	Q34770	instance-of
Q56668	P31	Q34770	instance-of
Q56672	P31	Q34770	instance-of
Q56674	P31	Q34770	instance-of
Q56676	P31	Q34770	instance-of
Q56677	P31	Q34770	instance-of
Q56678	P31	Q34770	instance-of
Q56679	P31	Q34770	instance-of
Q56681	P31	Q34770	instance-of
Q56682	P31	Q34770	instance-of
Q56685	P31	Q34770	instance-of
Q56687	P31	Q34770	instance-of
Q56688	P31	Q34770	instance-of
Q56690	P31	Q34770	instance-of
Q56692	P31	Q34770	instance-of
Q56694	P31	Q34770	instance-of
Q56699	P31	Q34770	instance-of
Q56702805	P31	Q34770	instance-of
Q56704263	P31	Q34770	instance-of
Q56704265	P31	Q34770	instance-of
Q56706	P31	Q34770	instance-of
Q56708	P31	Q34770	instance-of
Q56710	P31	Q34770	instance-of
Q56712	P31	Q34770	instance-of
Q56718	P31	Q34770	instance-of
Q56719	P31	Q34770	instance-of
Q56722	P31	Q34770	instance-of
Q56723	P31	Q34770	instance-of
Q56724	P31	Q34770	instance-of
Q56725	P31	Q34770	instance-of
Q56726	P31	Q34770	instance-of
Q56727	P31	Q34770	instance-of
Q56728	P31	Q34770	instance-of
Q56729	P31	Q34770	instance-of
Q56730	P31	Q34770	instance-of
Q56731	P31	Q34770	instance-of
Q56733	P31	Q34770	instance-of
Q56735	P31	Q34770	instance-of
Q56738	P31	Q34770	instance-of
Q56739	P31	Q34770	instance-of
Q56740	P31	Q34770	instance-of
Q56742	P31	Q34770	instance-of
Q56743	P31	Q34770	instance-of
Q56744	P31	Q34770	instance-of
Q56745	P31	Q34770	instance-of
Q56746	P31	Q34770	instance-of
Q56747	P31	Q34770	instance-of
Q56749	P31	Q34770	instance-of
Q56750	P31	Q34770	instance-of
Q56751	P31	Q34770	instance-of
Q56751275	P31	Q34770	instance-of
Q56754	P31	Q34770	instance-of
Q5675762	P31	Q34770	instance-of
Q56760	P31	Q34770	instance-of
Q56761	P31	Q34770	instance-of
Q56765	P31	Q34770	instance-of
Q56767	P31	Q34770	instance-of
Q56769	P31	Q34770	instance-of
Q56770	P31	Q34770	instance-of
Q56772	P31	Q34770	instance-of
Q56782	P31	Q34770	instance-of
Q56785	P31	Q34770	instance-of
Q56787	P31	Q34770	instance-of
Q56789	P31	Q34770	instance-of
Q56791	P31	Q34770	instance-of
Q56793	P31	Q34770	instance-of
Q56795	P31	Q34770	instance-of
Q56796	P31	Q34770	instance-of
Q56798	P31	Q34770	instance-of
Q56800	P31	Q34770	instance-of
Q56802	P31	Q34770	instance-of
Q56804	P31	Q34770	instance-of
Q56806	P31	Q34770	instance-of
Q56807	P31	Q34770	instance-of
Q56809	P31	Q34770	instance-of
Q56809601	P31	Q34770	instance-of
Q56809813	P31	Q34770	instance-of
Q56811	P31	Q34770	instance-of
Q56815	P31	Q34770	instance-of
Q56817	P31	Q34770	instance-of
Q56821	P31	Q34770	instance-of
Q56823	P31	Q34770	instance-of
Q56825	P31	Q34770	instance-of
Q56825017	P31	Q34770	instance-of
Q56826369	P31	Q34770	instance-of
Q56827	P31	Q34770	instance-of
Q56829	P31	Q34770	instance-of
Q56830	P31	Q34770	instance-of
Q5683513	P31	Q34770	instance-of
Q56836	P31	Q34770	instance-of
Q568377	P31	Q34770	instance-of
Q56838	P31	Q34770	instance-of
Q56840	P31	Q34770	instance-of
Q5684097	P31	Q34770	instance-of
Q56842	P31	Q34770	instance-of
Q56844	P31	Q34770	instance-of
Q56848	P31	Q34770	instance-of
Q56850	P31	Q34770	instance-of
Q56852	P31	Q34770	instance-of
Q56854	P31	Q34770	instance-of
Q56854791	P31	Q34770	instance-of
Q56856	P31	Q34770	instance-of
Q56858	P31	Q34770	instance-of
Q56862126	P31	Q34770	instance-of
Q56863	P31	Q34770	instance-of
Q56865	P31	Q34770	instance-of
Q56866845	P31	Q34770	instance-of
Q56867	P31	Q34770	instance-of
Q5687	P31	Q515	instance-of
Q56871	P31	Q34770	instance-of
Q56872	P31	Q34770	instance-of
Q56874	P31	Q34770	instance-of
Q56876	P31	Q34770	instance-of
Q56878	P31	Q34770	instance-of
Q56881	P31	Q34770	instance-of
Q56885	P31	Q34770	instance-of
Q56889	P31	Q34770	instance-of
Q56893	P31	Q34770	instance-of
Q56895	P31	Q34770	instance-of
Q56900	P31	Q34770	instance-of
Q56902	P31	Q34770	instance-of
Q56904	P31	Q34770	instance-of
Q56910	P31	Q34770	instance-of
Q56921	P31	Q34770	instance-of
Q56925	P31	Q34770	instance-of
Q56928	P31	Q34770	instance-of
Q56944	P31	Q34770	instance-of
Q56946	P31	Q34770	instance-of
Q5695787	P31	Q34770	instance-of
Q569766	P31	Q515	instance-of
Q56984	P31	Q34770	instance-of
Q56991	P31	Q34770	instance-of
Q56994	P31	Q34770	instance-of
Q56995	P31	Q34770	instance-of
Q5699507	P31	Q34770	instance-of
Q56996	P31	Q34770	instance-of
Q57000	P31	Q34770	instance-of
Q57001	P31	Q34770	instance-of
Q57003	P31	Q34770	instance-of
Q57004	P31	Q34770	instance-of
Q5703484	P31	Q34770	instance-of
Q57037	P31	Q34770	instance-of
Q5704314	P31	Q34770	instance-of
Q5710904	P31	Q34770	instance-of
Q5711209	P31	Q34770	instance-of
Q5713	P31	Q515	instance-of
Q5713543	P31	Q34770	instance-of
Q572041	P31	Q515	instance-of
Q572380	P31	Q515	instance-of
Q5724	P31	Q515	instance-of
Q57259473	P31	Q34770	instance-of
Q57259564	P31	Q34770	instance-of
Q57273576	P31	Q34770	instance-of
Q57273661	P31	Q34770	instance-of
Q57273686	P31	Q34770	instance-of
Q57278	P31	Q515	instance-of
Q57333197	P31	Q34770	instance-of
Q57333741	P31	Q34770	instance-of
Q57337359	P31	Q34770	instance-of
Q573954	P31	Q3918	instance-of
Q57395850	P31	Q34770	instance-of
Q574	P31	Q6256	instance-of
Q57419690	P31	Q34770	instance-of
Q57420215	P31	Q34770	instance-of
Q57420736	P31	Q34770	instance-of
Q57457608	P31	Q34770	instance-of
Q574606	P31	Q3918	instance-of
Q5748345	P31	Q34770	instance-of
Q5753411	P31	Q34770	instance-of
Q5758703	P31	Q34770	instance-of
Q5758709	P31	Q34770	instance-of
Q5760	P31	Q515	instance-of
Q5762200	P31	Q34770	instance-of
Q576368	P31	Q515	instance-of
Q5764	P31	Q515	instance-of
Q5765127	P31	Q34770	instance-of
Q57660014	P31	Q34770	instance-of
Q5766763	P31	Q34770	instance-of
Q57707719	P31	Q34770	instance-of
Q57726128	P31	Q34770	instance-of
Q5776	P31	Q515	instance-of
Q57783835	P31	Q34770	instance-of
Q57783910	P31	Q34770	instance-of
Q578326	P31	Q3918	instance-of
Q5788	P31	Q515	instance-of
Q578815	P31	Q34770	instance-of
Q57982755	P31	Q34770	instance-of
Q580	P31	Q515	instance-of
Q580533	P31	Q515	instance-of
Q580923	P31	Q34770	instance-of
Q581256	P31	Q9143	instance-of
Q583184	P31	Q515	instance-of
Q5832	P31	Q515	instance-of
Q5838	P31	Q515	instance-of
Q584295	P31	Q515	instance-of
Q584983	P31	Q34770	instance-of
Q586	P31	Q515	instance-of
Q58635	P31	Q34770	instance-of
Q5867	P31	Q515	instance-of
Q5869	P31	Q515	instance-of
Q586907	P31	Q34770	instance-of
Q5869741	P31	Q34770	instance-of
Q587085	P31	Q515	instance-of
Q5872700	P31	Q34770	instance-of
Q5873537	P31	Q34770	instance-of
Q5873572	P31	Q34770	instance-of
Q5873712	P31	Q34770	instance-of
Q5873715	P31	Q34770	instance-of
Q5876347	P31	Q34770	instance-of
Q5877767	P31	Q34770	instance-of
Q58797	P31	Q515	instance-of
Q588	P31	Q515	instance-of
Q5880707	P31	Q34770	instance-of
Q58820663	P31	Q34770	instance-of
Q588239	P31	Q3918	instance-of
Q588806	P31	Q9143	instance-of
Q5890	P31	Q11424	instance-of
Q58900	P31	Q515	instance-of
Q59018	P31	Q515	instance-of
Q5908537	P31	Q34770	instance-of
Q5908546	P31	Q34770	instance-of
Q5908646	P31	Q34770	instance-of
Q5908669	P31	Q34770	instance-of
Q5908675	P31	Q34770	instance-of
Q5908687	P31	Q34770	instance-of
Q5908693	P31	Q34770	instance-of
Q5908707	P31	Q34770	instance-of
Q5908714	P31	Q34770	instance-of
Q5908722	P31	Q34770	instance-of
Q5908753	P31	Q34770	instance-of
Q5908756	P31	Q34770	instance-of
Q59101	P31	Q515	instance-of
Q5912372	P31	Q34770	instance-of
Q5917269	P31	Q34770	instance-of
Q592162	P31	Q34770	instance-of
Q5923010	P31	Q34770	instance-of
Q5923277	P31	Q34770	instance-of
Q5923435	P31	Q34770	instance-of
Q5923933	P31	Q34770	instance-of
Q5924455	P31	Q34770	instance-of
Q59245703	P31	Q34770	instance-of
Q5929409	P31	Q34770	instance-of
Q593193	P31	Q515	instance-of
Q593321	P31	Q3918	instance-of
Q5935217	P31	Q34770	instance-of
Q5943524	P31	Q34770	instance-of
Q5946223	P31	Q34770	instance-of
Q5957720	P31	Q34770	instance-of
Q5964576	P31	Q34770	instance-of
Q5968	P31	Q515	instance-of
Q59698	P31	Q515	instance-of
Q5972916	P31	Q34770	instance-of
Q598	P31	Q515	instance-of
Q5983460	P31	Q34770	instance-of
Q5988630	P31	Q34770	instance-of
Q5989839	P31	Q34770	instance-of
Q5991454	P31	Q34770	instance-of
Q599416	P31	Q515	instance-of
Q5994495	P31	Q34770	instance-of
Q5995402	P31	Q34770	instance-of
Q5996114	P31	Q34770	instance-of
Q5996885	P31	Q34770	instance-of
Q59975	P31	Q515	instance-of
Q5997810	P31	Q34770	instance-of
Q60	P31	Q515	instance-of
Q6001357	P31	Q34770	instance-of
Q600450	P31	Q9143	instance-of
Q6005721	P31	Q34770	instance-of
Q6008394	P31	Q34770	instance-of
Q6013569	P31	Q34770	instance-of
Q601956	P31	Q3918	instance-of
Q6025550	P31	Q34770	instance-of
Q6036531	P31	Q34770	instance-of
Q604444	P31	Q3918	instance-of
Q604470	P31	Q3918	instance-of
Q604487	P31	Q3918	instance-of
Q6046	P31	Q515	instance-of
Q6047309	P31	Q34770	instance-of
Q6047324	P31	Q34770	instance-of
Q6047326	P31	Q34770	instance-of
Q604792	P31	Q9143	instance-of
Q605483	P31	Q515	instance-of
Q6057507	P31	Q34770	instance-of
Q6060176	P31	Q34770	instance-of
Q60611109	P31	Q34770	instance-of
Q60611652	P31	Q34770	instance-of
Q6065141	P31	Q34770	instance-of
Q606550	P31	Q9143	instance-of
Q6066	P31	Q515	instance-of
Q60676411	P31	Q482994	instance-of
Q6068356	P31	Q34770	instance-of
Q6069398	P31	Q34770	instance-of
Q60785077	P31	Q34770	instance-of
Q60786086	P31	Q34770	instance-of
Q60786723	P31	Q34770	instance-of
Q60786729	P31	Q34770	instance-of
Q60787340	P31	Q34770	instance-of
Q60787394	P31	Q34770	instance-of
Q60787395	P31	Q34770	instance-of
Q60787446	P31	Q34770	instance-of
Q60787571	P31	Q34770	instance-of
Q60787662	P31	Q34770	instance-of
Q60787676	P31	Q34770	instance-of
Q60787677	P31	Q34770	instance-of
Q60787703	P31	Q34770	instance-of
Q60787781	P31	Q34770	instance-of
Q60787784	P31	Q34770	instance-of
Q60788006	P31	Q34770	instance-of
Q6078891	P31	Q34770	instance-of
Q6078982	P31	Q34770	instance-of
Q6081098	P31	Q34770	instance-of
Q6085162	P31	Q34770	instance-of
Q608565	P31	Q9143	instance-of
Q6088	P31	Q515	instance-of
Q6088873	P31	Q34770	instance-of
Q609024	P31	Q515	instance-of
Q609180	P31	Q9143	instance-of
Q609301	P31	Q3918	instance-of
Q6094203	P31	Q34770	instance-of
Q6094333	P31	Q34770	instance-of
Q6094343	P31	Q34770	instance-of
Q6094713	P31	Q34770	instance-of
Q60956	P31	Q515	instance-of
Q609649	P31	Q515	instance-of
Q60971348	P31	Q34770	instance-of
Q609808	P31	Q34770	instance-of
Q609817	P31	Q34770	instance-of
Q6101006	P31	Q34770	instance-of
Q6101049	P31	Q34770	instance-of
Q6101163	P31	Q34770	instance-of
Q6101171	P31	Q34770	instance-of
Q6101185	P31	Q34770	instance-of
Q6101336	P31	Q34770	instance-of
Q6101921	P31	Q34770	instance-of
Q61053330	P31	Q34770	instance-of
Q61055662	P31	Q34770	instance-of
Q61089	P31	Q515	instance-of
Q61092	P31	Q515	instance-of
Q61096301	P31	Q34770	instance-of
Q612	P31	Q515	instance-of
Q6122	P31	Q515	instance-of
Q612250	P31	Q515	instance-of
Q612665	P31	Q3918	instance-of
Q6127418	P31	Q34770	instance-of
Q61301	P31	Q515	instance-of
Q61302	P31	Q515	instance-of
Q61306	P31	Q515	instance-of
Q61320	P31	Q515	instance-of
Q61355252	P31	Q34770	instance-of
Q61434	P31	Q515	instance-of
Q61445	P31	Q515	instance-of
Q61448040	P31	Q11424	instance-of
Q615071	P31	Q34770	instance-of
Q6150919	P31	Q34770	instance-of
Q615154	P31	Q3918	instance-of
Q615660	P31	Q34770	instance-of
Q6157	P31	Q515	instance-of
Q616024	P31	Q34770	instance-of
Q6164898	P31	Q34770	instance-of
Q61676882	P31	Q34770	instance-of
Q617291	P31	Q34770	instance-of
Q6176527	P31	Q34770	instance-of
Q6176820	P31	Q34770	instance-of
Q6182097	P31	Q34770	instance-of
Q61855426	P31	Q34770	instance-of
Q6190581	P31	Q43229	instance-of
Q6191995	P31	Q34770	instance-of
Q6192674	P31	Q34770	instance-of
Q61944	P31	Q515	instance-of
Q61951665	P31	Q34770	instance-of
Q61965544	P31	Q34770	instance-of
Q61974839	P31	Q34770	instance-of
Q61975960	P31	Q34770	instance-of
Q61999310	P31	Q34770	instance-of
Q61999705	P31	Q34770	instance-of
Q61999823	P31	Q34770	instance-of
Q61999874	P31	Q34770	instance-of
Q62000004	P31	Q34770	instance-of
Q6202435	P31	Q34770	instance-of
Q6202716	P31	Q34770	instance-of
Q6202966	P31	Q34770	instance-of
Q6203123	P31	Q34770	instance-of
Q6203228	P31	Q34770	instance-of
Q620464	P31	Q9143	instance-of
Q621001	P31	Q515	instance-of
Q62130740	P31	Q34770	instance-of
Q62130762	P31	Q34770	instance-of
Q62131923	P31	Q34770	instance-of
Q62132072	P31	Q34770	instance-of
Q621556	P31	Q9143	instance-of
Q62168624	P31	Q34770	instance-of
Q62168628	P31	Q34770	instance-of
Q62168636	P31	Q34770	instance-of
Q62168697	P31	Q34770	instance-of
Q62168723	P31	Q34770	instance-of
Q622	P31	Q515	instance-of
Q622030	P31	Q515	instance-of
Q6221	P31	Q515	instance-of
Q622137	P31	Q3918	instance-of
Q6225	P31	Q515	instance-of
Q6226	P31	Q515	instance-of
Q622683	P31	Q3918	instance-of
Q6231	P31	Q515	instance-of
Q62340675	P31	Q34770	instance-of
Q62387937	P31	Q34770	instance-of
Q62388282	P31	Q34770	instance-of
Q62388310	P31	Q34770	instance-of
Q62388335	P31	Q34770	instance-of
Q62388419	P31	Q34770	instance-of
Q62388428	P31	Q34770	instance-of
Q62388580	P31	Q34770	instance-of
Q62389183	P31	Q34770	instance-of
Q62389225	P31	Q34770	instance-of
Q62389260	P31	Q34770	instance-of
Q62389294	P31	Q34770	instance-of
Q62389340	P31	Q34770	instance-of
Q62389407	P31	Q34770	instance-of
Q62389453	P31	Q34770	instance-of
Q62389525	P31	Q34770	instance-of
Q62389550	P31	Q34770	instance-of
Q62389576	P31	Q34770	instance-of
Q62389601	P31	Q34770	instance-of
Q62389625	P31	Q34770	instance-of
Q62389641	P31	Q34770	instance-of
Q62389662	P31	Q34770	instance-of
Q62389721	P31	Q34770	instance-of
Q62389750	P31	Q34770	instance-of
Q62389804	P31	Q34770	instance-of
Q625158	P31	Q3918	instance-of
Q6252	P31	Q515	instance-of
Q62603022	P31	Q34770	instance-of
Q62603062	P31	Q34770	instance-of
Q62603115	P31	Q34770	instance-of
Q626210	P31	Q34770	instance-of
Q62663667	P31	Q34770	instance-of
Q62664215	P31	Q34770	instance-of
Q6269820	P31	Q34770	instance-of
Q627600	P31	Q9143	instance-of
Q628	P31	Q515	instance-of
Q6285	P31	Q515	instance-of
Q62868	P31	Q515	instance-of
Q6298648	P31	Q34770	instance-of
Q62997793	P31	Q34770	instance-of
Q6302423	P31	Q34770	instance-of
Q6302426	P31	Q34770	instance-of
Q63036871	P31	Q34770	instance-of
Q630805	P31	Q515	instance-of
Q6310993	P31	Q34770	instance-of
Q63140714	P31	Q34770	instance-of
Q6314963	P31	Q34770	instance-of
Q63163361	P31	Q34770	instance-of
Q63170838	P31	Q34770	instance-of
Q6319103	P31	Q34770	instance-of
Q632004	P31	Q3918	instance-of
Q63213931	P31	Q34770	instance-of
Q63213949	P31	Q34770	instance-of
Q63214927	P31	Q34770	instance-of
Q63214936	P31	Q34770	instance-of
Q63214981	P31	Q34770	instance-of
Q63234615	P31	Q34770	instance-of
Q632558	P31	Q3918	instance-of
Q63256977	P31	Q34770	instance-of
Q63257089	P31	Q34770	instance-of
Q63257803	P31	Q34770	instance-of
Q63257856	P31	Q34770	instance-of
Q63257867	P31	Q34770	instance-of
Q63257894	P31	Q34770	instance-of
Q63259208	P31	Q34770	instance-of
Q63259319	P31	Q34770	instance-of
Q63259501	P31	Q34770	instance-of
Q63259736	P31	Q34770	instance-of
Q63259915	P31	Q34770	instance-of
Q63278779	P31	Q34770	instance-of
Q63283459	P31	Q34770	instance-of
Q63283476	P31	Q34770	instance-of
Q63283489	P31	Q34770	instance-of
Q63283609	P31	Q34770	instance-of
Q63283617	P31	Q34770	instance-of
Q63283693	P31	Q34770	instance-of
Q63283784	P31	Q34770	instance-of
Q63284284	P31	Q34770	instance-of
Q63284326	P31	Q34770	instance-of
Q63308004	P31	Q34770	instance-of
Q63308082	P31	Q34770	instance-of
Q63308144	P31	Q34770	instance-of
Q63308194	P31	Q34770	instance-of
Q63308389	P31	Q34770	instance-of
Q63311016	P31	Q34770	instance-of
Q63311092	P31	Q34770	instance-of
Q63311321	P31	Q34770	instance-of
Q63311769	P31	Q34770	instance-of
Q63311956	P31	Q34770	instance-of
Q63313662	P31	Q34770	instance-of
Q63313668	P31	Q34770	instance-of
Q63313677	P31	Q34770	instance-of
Q63313681	P31	Q34770	instance-of
Q63313740	P31	Q34770	instance-of
Q63313752	P31	Q34770	instance-of
Q63339949	P31	Q34770	instance-of
Q63339969	P31	Q34770	instance-of
Q63339998	P31	Q34770	instance-of
Q63340139	P31	Q34770	instance-of
Q63340189	P31	Q34770	instance-of
Q63340714	P31	Q34770	instance-of
Q63340998	P31	Q34770	instance-of
Q63341096	P31	Q34770	instance-of
Q63341179	P31	Q34770	instance-of
Q63341181	P31	Q34770	instance-of
Q63341186	P31	Q34770	instance-of
Q63341239	P31	Q34770	instance-of
Q63341260	P31	Q34770	instance-of
Q63341274	P31	Q34770	instance-of
Q63341278	P31	Q34770	instance-of
Q63341346	P31	Q34770	instance-of
Q63341349	P31	Q34770	instance-of
Q63348560	P31	Q34770	instance-of
Q633561	P31	Q3918	instance-of
Q633782	P31	Q3918	instance-of
Q633894	P31	Q9143	instance-of
Q6343432	P31	Q34770	instance-of
Q6344482	P31	Q34770	instance-of
Q6344537	P31	Q34770	instance-of
Q6344539	P31	Q34770	instance-of
Q6344767	P31	Q34770	instance-of
Q6345179	P31	Q34770	instance-of
Q6345632	P31	Q34770	instance-of
Q6346151	P31	Q34770	instance-of
Q6346422	P31	Q34770	instance-of
Q6346712	P31	Q34770	instance-of
Q6347538	P31	Q34770	instance-of
Q6347565	P31	Q34770	instance-of
Q6347611	P31	Q34770	instance-of
Q6347632	P31	Q34770	instance-of
Q6347757	P31	Q34770	instance-of
Q6347840	P31	Q34770	instance-of
Q6348011	P31	Q34770	instance-of
Q6348017	P31	Q34770	instance-of
Q6348319	P31	Q34770	instance-of
Q6348685	P31	Q34770	instance-of
Q6348709	P31	Q34770	instance-of
Q6348863	P31	Q34770	instance-of
Q6349119	P31	Q34770	instance-of
Q6349417	P31	Q34770	instance-of
Q6349982	P31	Q34770	instance-of
Q6349988	P31	Q34770	instance-of
Q6350038	P31	Q34770	instance-of
Q6350515	P31	Q34770	instance-of
Q6350643	P31	Q34770	instance-of
Q6352879	P31	Q34770	instance-of
Q6353484	P31	Q34770	instance-of
Q63537289	P31	Q34770	instance-of
Q6354305	P31	Q34770	instance-of
Q6354586	P31	Q34770	instance-of
Q6356040	P31	Q34770	instance-of
Q6356107	P31	Q34770	instance-of
Q6356117	P31	Q34770	instance-of
Q6356254	P31	Q34770	instance-of
Q6356317	P31	Q34770	instance-of
Q6359001	P31	Q34770	instance-of
Q6359692	P31	Q34770	instance-of
Q6359779	P31	Q34770	instance-of
Q6359866	P31	Q34770	instance-of
Q6360672	P31	Q34770	instance-of
Q6361369	P31	Q34770	instance-of
Q6362363	P31	Q34770	instance-of
Q6362384	P31	Q34770	instance-of
Q6362743	P31	Q34770	instance-of
Q6362818	P31	Q34770	instance-of
Q6363201	P31	Q34770	instance-of
Q6363253	P31	Q34770	instance-of
Q6364300	P31	Q34770	instance-of
Q636479	P31	Q34770	instance-of
Q6366665	P31	Q34770	instance-of
Q6366667	P31	Q34770	instance-of
Q6367199	P31	Q34770	instance-of
Q6367294	P31	Q34770	instance-of
Q6367410	P31	Q34770	instance-of
Q6367567	P31	Q34770	instance-of
Q6368857	P31	Q34770	instance-of
Q6370196	P31	Q34770	instance-of
Q6370438	P31	Q34770	instance-of
Q6371041	P31	Q34770	instance-of
Q6371069	P31	Q34770	instance-of
Q6371071	P31	Q34770	instance-of
Q637228	P31	Q34770	instance-of
Q6372803	P31	Q34770	instance-of
Q6373260	P31	Q34770	instance-of
Q6373349	P31	Q34770	instance-of
Q6374525	P31	Q34770	instance-of
Q6374863	P31	Q34770	instance-of
Q637555	P31	Q515	instance-of
Q6375925	P31	Q34770	instance-of
Q6376639	P31	Q34770	instance-of
Q6377155	P31	Q34770	instance-of
Q6377671	P31	Q34770	instance-of
Q6378400	P31	Q34770	instance-of
Q6378404	P31	Q34770	instance-of
Q6378699	P31	Q34770	instance-of
Q6378867	P31	Q34770	instance-of
Q6378899	P31	Q34770	instance-of
Q6378983	P31	Q34770	instance-of
Q6379993	P31	Q34770	instance-of
Q6380124	P31	Q34770	instance-of
Q6380372	P31	Q34770	instance-of
Q6380394	P31	Q34770	instance-of
Q6380673	P31	Q34770	instance-of
Q6380675	P31	Q34770	instance-of
Q6380723	P31	Q34770	instance-of
Q6382110	P31	Q34770	instance-of
Q6382179	P31	Q34770	instance-of
Q6382444	P31	Q34770	instance-of
Q6382520	P31	Q34770	instance-of
Q638300	P31	Q34770	instance-of
Q6383641	P31	Q34770	instance-of
Q6383764	P31	Q34770	instance-of
Q6385426	P31	Q34770	instance-of
Q6385445	P31	Q34770	instance-of
Q6385549	P31	Q34770	instance-of
Q6386412	P31	Q34770	instance-of
Q6386414	P31	Q34770	instance-of
Q6386874	P31	Q34770	instance-of
Q638704	P31	Q515	instance-of
Q6387179	P31	Q34770	instance-of
Q6388752	P31	Q34770	instance-of
Q6388963	P31	Q34770	instance-of
Q6389309	P31	Q34770	instance-of
Q6391529	P31	Q34770	instance-of
Q6393217	P31	Q34770	instance-of
Q6393846	P31	Q34770	instance-of
Q6393847	P31	Q34770	instance-of
Q639421	P31	Q515	instance-of
Q6394907	P31	Q34770	instance-of
Q6397	P31	Q515	instance-of
Q6397914	P31	Q34770	instance-of
Q6398208	P31	Q34770	instance-of
Q6399808	P31	Q34770	instance-of
Q6399833	P31	Q34770	instance-of
Q6400562	P31	Q34770	instance-of
Q6401095	P31	Q34770	instance-of
Q6401519	P31	Q34770	instance-of
Q6401546	P31	Q34770	instance-of
Q6401849	P31	Q34770	instance-of
Q6401919	P31	Q34770	instance-of
Q6403030	P31	Q34770	instance-of
Q6403501	P31	Q34770	instance-of
Q640652	P31	Q3918	instance-of
Q6406892	P31	Q34770	instance-of
Q6407456	P31	Q34770	instance-of
Q6408020	P31	Q34770	instance-of
Q641	P31	Q515	instance-of
Q6410160	P31	Q34770	instance-of
Q6410324	P31	Q34770	instance-of
Q6410340	P31	Q34770	instance-of
Q6410801	P31	Q34770	instance-of
Q6412426	P31	Q34770	instance-of
Q6413014	P31	Q34770	instance-of
Q6414335	P31	Q34770	instance-of
Q6414422	P31	Q34770	instance-of
Q6414512	P31	Q34770	instance-of
Q6414519	P31	Q34770	instance-of
Q6414614	P31	Q34770	instance-of
Q6415159	P31	Q34770	instance-of
Q6416310	P31	Q34770	instance-of
Q6416362	P31	Q34770	instance-of
Q6416409	P31	Q34770	instance-of
Q641720	P31	Q34770	instance-of
Q641737	P31	Q34770	instance-of
Q641748	P31	Q34770	instance-of
Q6418846	P31	Q34770	instance-of
Q6419912	P31	Q515	instance-of
Q642207	P31	Q9143	instance-of
Q6424249	P31	Q34770	instance-of
Q6425639	P31	Q34770	instance-of
Q6425665	P31	Q34770	instance-of
Q642581	P31	Q34770	instance-of
Q6425997	P31	Q34770	instance-of
Q6426194	P31	Q34770	instance-of
Q6426342	P31	Q34770	instance-of
Q6426363	P31	Q34770	instance-of
Q6426388	P31	Q34770	instance-of
Q6426526	P31	Q34770	instance-of
Q6426699	P31	Q34770	instance-of
Q6426734	P31	Q34770	instance-of
Q6426945	P31	Q34770	instance-of
Q6426967	P31	Q34770	instance-of
Q6427122	P31	Q34770	instance-of
Q6427954	P31	Q34770	instance-of
Q6428239	P31	Q34770	instance-of
Q6428241	P31	Q34770	instance-of
Q6428259	P31	Q34770	instance-of
Q6428352	P31	Q34770	instance-of
Q642843	P31	Q34770	instance-of
Q6428450	P31	Q34770	instance-of
Q642856	P31	Q515	instance-of
Q6428671	P31	Q34770	instance-of
Q6428686	P31	Q34770	instance-of
Q6429269	P31	Q34770	instance-of
Q6429589	P31	Q34770	instance-of
Q6430448	P31	Q34770	instance-of
Q6430753	P31	Q34770	instance-of
Q6431129	P31	Q34770	instance-of
Q6431365	P31	Q34770	instance-of
Q6432160	P31	Q34770	instance-of
Q6432515	P31	Q34770	instance-of
Q6432520	P31	Q34770	instance-of
Q6432560	P31	Q34770	instance-of
Q6432598	P31	Q34770	instance-of
Q6432769	P31	Q34770	instance-of
Q6432786	P31	Q34770	instance-of
Q6432994	P31	Q34770	instance-of
Q6432995	P31	Q34770	instance-of
Q6433116	P31	Q34770	instance-of
Q6433240	P31	Q34770	instance-of
Q6433808	P31	Q34770	instance-of
Q6434822	P31	Q34770	instance-of
Q6434920	P31	Q34770	instance-of
Q6435028	P31	Q34770	instance-of
Q6435722	P31	Q34770	instance-of
Q6436747	P31	Q34770	instance-of
Q6436793	P31	Q34770	instance-of
Q6436902	P31	Q34770	instance-of
Q6436945	P31	Q34770	instance-of
Q6437086	P31	Q34770	instance-of
Q643883	P31	Q515	instance-of
Q6438927	P31	Q34770	instance-of
Q6439314	P31	Q34770	instance-of
Q644	P31	Q515	instance-of
Q6440803	P31	Q34770	instance-of
Q6440952	P31	Q34770	instance-of
Q6441074	P31	Q34770	instance-of
Q6441084	P31	Q34770	instance-of
Q6441085	P31	Q34770	instance-of
Q6441341	P31	Q34770	instance-of
Q6441572	P31	Q34770	instance-of
Q6442073	P31	Q34770	instance-of
Q6442230	P31	Q34770	instance-of
Q6442398	P31	Q34770	instance-of
Q6442581	P31	Q34770	instance-of
Q6442714	P31	Q34770	instance-of
Q6442715	P31	Q34770	instance-of
Q64427347	P31	Q34770	instance-of
Q64427349	P31	Q34770	instance-of
Q64427350	P31	Q34770	instance-of
Q64427352	P31	Q34770	instance-of
Q64427357	P31	Q34770	instance-of
Q6443027	P31	Q34770	instance-of
Q6443304	P31	Q34770	instance-of
Q6443410	P31	Q34770	instance-of
Q6443722	P31	Q34770	instance-of
Q6444383	P31	Q34770	instance-of
Q6444510	P31	Q34770	instance-of
Q6444516	P31	Q34770	instance-of
Q6444517	P31	Q34770	instance-of
Q6444526	P31	Q34770	instance-of
Q6444619	P31	Q34770	instance-of
Q6444807	P31	Q34770	instance-of
Q6445233	P31	Q34770	instance-of
Q6445354	P31	Q34770	instance-of
Q6445867	P31	Q34770	instance-of
Q6445968	P31	Q34770	instance-of
Q6446193	P31	Q34770	instance-of
Q6448199	P31	Q34770	instance-of
Q6448337	P31	Q34770	instance-of
Q6448417	P31	Q34770	instance-of
Q6448517	P31	Q34770	instance-of
Q6448634	P31	Q34770	instance-of
Q6448718	P31	Q34770	instance-of
Q6448719	P31	Q34770	instance-of
Q6448731	P31	Q34770	instance-of
Q6448765	P31	Q34770	instance-of
Q6449056	P31	Q34770	instance-of
Q6450052	P31	Q34770	instance-of
Q6450184	P31	Q34770	instance-of
Q6450232	P31	Q34770	instance-of
Q6450276	P31	Q34770	instance-of
Q6450325	P31	Q34770	instance-of
Q6450328	P31	Q34770	instance-of
Q6450354	P31	Q34770	instance-of
Q6450460	P31	Q34770	instance-of
Q6450957	P31	Q34770	instance-of
Q6454	P31	Q515	instance-of
Q6460637	P31	Q34770	instance-of
Q646498	P31	Q515	instance-of
Q646718	P31	Q34770	instance-of
Q6467660	P31	Q34770	instance-of
Q6468403	P31	Q34770	instance-of
Q6468420	P31	Q34770	instance-of
Q64685183	P31	Q34770	instance-of
Q6470767	P31	Q9143	instance-of
Q6472114	P31	Q34770	instance-of
Q6473107	P31	Q34770	instance-of
Q6473510	P31	Q34770	instance-of
Q6473933	P31	Q34770	instance-of
Q6474196	P31	Q34770	instance-of
Q6474218	P31	Q34770	instance-of
Q6474237	P31	Q34770	instance-of
Q6474528	P31	Q34770	instance-of
Q6474529	P31	Q34770	instance-of
Q647543	P31	Q515	instance-of
Q647982	P31	Q515	instance-of
Q6480112	P31	Q34770	instance-of
Q6480151	P31	Q34770	instance-of
Q6480154	P31	Q34770	instance-of
Q6480183	P31	Q34770	instance-of
Q6480326	P31	Q34770	instance-of
Q6480756	P31	Q34770	instance-of
Q6480777	P31	Q34770	instance-of
Q6480787	P31	Q34770	instance-of
Q6480982	P31	Q34770	instance-of
Q648124	P31	Q9143	instance-of
Q6481472	P31	Q34770	instance-of
Q6481626	P31	Q34770	instance-of
Q6482727	P31	Q34770	instance-of
Q6482736	P31	Q34770	instance-of
Q6485577	P31	Q34770	instance-of
Q648567	P31	Q515	instance-of
Q6485678	P31	Q34770	instance-of
Q648619	P31	Q9143	instance-of
Q6486772	P31	Q34770	instance-of
Q6487	P31	Q515	instance-of
Q6487291	P31	Q34770	instance-of
Q648732	P31	Q515	instance-of
Q6488084	P31	Q34770	instance-of
Q648838	P31	Q3918	instance-of
Q6488691	P31	Q34770	instance-of
Q6492774	P31	Q34770	instance-of
Q6493203	P31	Q34770	instance-of
Q6497181	P31	Q34770	instance-of
Q6497673	P31	Q34770	instance-of
Q6498258	P31	Q34770	instance-of
Q6502107	P31	Q34770	instance-of
Q6502657	P31	Q34770	instance-of
Q6503548	P31	Q34770	instance-of
Q65043886	P31	Q34770	instance-of
Q65043887	P31	Q34770	instance-of
Q65046092	P31	Q34770	instance-of
Q65046112	P31	Q34770	instance-of
Q65046492	P31	Q34770	instance-of
Q6505073	P31	Q34770	instance-of
Q65057350	P31	Q34770	instance-of
Q65057636	P31	Q34770	instance-of
Q65059815	P31	Q34770	instance-of
Q65082803	P31	Q34770	instance-of
Q65083191	P31	Q34770	instance-of
Q65083532	P31	Q34770	instance-of
Q65083969	P31	Q34770	instance-of
Q65089673	P31	Q34770	instance-of
Q6509365	P31	Q34770	instance-of
Q6509476	P31	Q9143	instance-of
Q651133	P31	Q3918	instance-of
Q65118728	P31	Q34770	instance-of
Q651233	P31	Q3918	instance-of
Q6512694	P31	Q34770	instance-of
Q65173045	P31	Q34770	instance-of
Q65173053	P31	Q34770	instance-of
Q6520837	P31	Q34770	instance-of
Q6521067	P31	Q34770	instance-of
Q6521165	P31	Q34770	instance-of
Q6522465	P31	Q34770	instance-of
Q6522474	P31	Q34770	instance-of
Q6522666	P31	Q34770	instance-of
Q6528643	P31	Q34770	instance-of
Q6528659	P31	Q34770	instance-of
Q65325240	P31	Q34770	instance-of
Q65325260	P31	Q34770	instance-of
Q65325262	P31	Q34770	instance-of
Q65340277	P31	Q34770	instance-of
Q65341257	P31	Q34770	instance-of
Q6535860	P31	Q34770	instance-of
Q6536321	P31	Q34770	instance-of
Q6537	P31	Q515	instance-of
Q6537465	P31	Q34770	instance-of
Q65379	P31	Q3918	instance-of
Q6538573	P31	Q34770	instance-of
Q6539924	P31	Q34770	instance-of
Q6541128	P31	Q34770	instance-of
Q65419363	P31	Q34770	instance-of
Q65450018	P31	Q34770	instance-of
Q65455876	P31	Q34770	instance-of
Q65455877	P31	Q34770	instance-of
Q65455878	P31	Q34770	instance-of
Q65455879	P31	Q34770	instance-of
Q65455881	P31	Q34770	instance-of
Q65455882	P31	Q34770	instance-of
Q65455884	P31	Q34770	instance-of
Q65455887	P31	Q34770	instance-of
Q65455890	P31	Q34770	instance-of
Q65455891	P31	Q34770	instance-of
Q65455892	P31	Q34770	instance-of
Q6546938	P31	Q34770	instance-of
Q6547311	P31	Q34770	instance-of
Q6547570	P31	Q34770	instance-of
Q6549414	P31	Q34770	instance-of
Q6553735	P31	Q34770	instance-of
Q655542	P31	Q3918	instance-of
Q6558534	P31	Q34770	instance-of
Q6558753	P31	Q34770	instance-of
Q6558822	P31	Q34770	instance-of
Q656189	P31	Q515	instance-of
Q656871	P31	Q3918	instance-of
Q657	P31	Q6256	instance-of
Q6576	P31	Q515	instance-of
Q6583541	P31	Q34770	instance-of
Q6583551	P31	Q34770	instance-of
Q6583558	P31	Q34770	instance-of
Q6583560	P31	Q34770	instance-of
Q6583562	P31	Q34770	instance-of
Q6583582	P31	Q34770	instance-of
Q6583595	P31	Q34770	instance-of
Q6583606	P31	Q34770	instance-of
Q6583612	P31	Q34770	instance-of
Q6583615	P31	Q34770	instance-of
Q6583617	P31	Q34770	instance-of
Q6583669	P31	Q34770	instance-of
Q6583675	P31	Q34770	instance-of
Q6583692	P31	Q34770	instance-of
Q6583710	P31	Q34770	instance-of
Q6589401	P31	Q34770	instance-of
Q65954736	P31	Q34770	instance-of
Q659706	P31	Q3918	instance-of
Q661529	P31	Q515	instance-of
Q6616	P31	Q515	instance-of
Q663586	P31	Q34770	instance-of
Q664	P31	Q6256	instance-of
Q664550	P31	Q515	instance-of
Q6647	P31	Q515	instance-of
Q664873	P31	Q482994	instance-of
Q665105	P31	Q3918	instance-of
Q6652138	P31	Q34770	instance-of
Q6653424	P31	Q34770	instance-of
Q66568	P31	Q515	instance-of
Q6660653	P31	Q34770	instance-of
Q6662	P31	Q515	instance-of
Q6663513	P31	Q34770	instance-of
Q6666374	P31	Q34770	instance-of
Q6667767	P31	Q34770	instance-of
Q6667811	P31	Q34770	instance-of
Q6668040	P31	Q34770	instance-of
Q6668867	P31	Q34770	instance-of
Q6668883	P31	Q34770	instance-of
Q6673049	P31	Q34770	instance-of
Q667566	P31	Q9143	instance-of
Q667747	P31	Q34770	instance-of
Q6678781	P31	Q34770	instance-of
Q668	P31	Q6256	instance-of
Q6680287	P31	Q34770	instance-of
Q6681	P31	Q515	instance-of
Q6683546	P31	Q34770	instance-of
Q668366	P31	Q34770	instance-of
Q6685078	P31	Q34770	instance-of
Q6686	P31	Q43229	instance-of
Q6689636	P31	Q34770	instance-of
Q6693380	P31	Q34770	instance-of
Q6693681	P31	Q34770	instance-of
Q6694268	P31	Q34770	instance-of
Q669431	P31	Q34770	instance-of
Q6695015	P31	Q34770	instance-of
Q6699890	P31	Q34770	instance-of
Q67000681	P31	Q34770	instance-of
Q670180	P31	Q9143	instance-of
Q6703050	P31	Q34770	instance-of
Q6705910	P31	Q34770	instance-of
Q670649	P31	Q3918	instance-of
Q6706953	P31	Q34770	instance-of
Q6707102	P31	Q34770	instance-of
Q67080260	P31	Q34770	instance-of
Q6708569	P31	Q34770	instance-of
Q670897	P31	Q3918	instance-of
Q671642	P31	Q3918	instance-of
Q672	P31	Q6256	instance-of
Q6720783	P31	Q34770	instance-of
Q6720909	P31	Q34770	instance-of
Q6722435	P31	Q34770	instance-of
Q672307	P31	Q9143	instance-of
Q672420	P31	Q3918	instance-of
Q6727353	P31	Q34770	instance-of
Q6727664	P31	Q34770	instance-of
Q6729600	P31	Q34770	instance-of
Q6729706	P31	Q34770	instance-of
Q6733387	P31	Q34770	instance-of
Q6735234	P31	Q34770	instance-of
Q6735243	P31	Q34770	instance-of
Q6735599	P31	Q34770	instance-of
Q6736761	P31	Q34770	instance-of
Q6736872	P31	Q34770	instance-of
Q6737	P31	Q515	instance-of
Q6737223	P31	Q34770	instance-of
Q6737226	P31	Q34770	instance-of
Q6737666	P31	Q34770	instance-of
Q6737786	P31	Q34770	instance-of
Q6737795	P31	Q34770	instance-of
Q6738863	P31	Q34770	instance-of
Q673895	P31	Q34770	instance-of
Q6739816	P31	Q34770	instance-of
Q6740482	P31	Q34770	instance-of
Q6740513	P31	Q34770	instance-of
Q6740516	P31	Q34770	instance-of
Q6740693	P31	Q34770	instance-of
Q6741120	P31	Q34770	instance-of
Q6741212	P31	Q34770	instance-of
Q6741412	P31	Q34770	instance-of
Q6742927	P31	Q34770	instance-of
Q6743201	P31	Q34770	instance-of
Q6743338	P31	Q34770	instance-of
Q6743679	P31	Q34770	instance-of
Q6744350	P31	Q34770	instance-of
Q6744477	P31	Q34770	instance-of
Q6744946	P31	Q34770	instance-of
Q6745346	P31	Q34770	instance-of
Q6745452	P31	Q34770	instance-of
Q6746004	P31	Q34770	instance-of
Q6746036	P31	Q34770	instance-of
Q6746851	P31	Q34770	instance-of
Q6746900	P31	Q34770	instance-of
Q6746906	P31	Q34770	instance-of
Q6747924	P31	Q34770	instance-of
Q6747925	P31	Q34770	instance-of
Q6747979	P31	Q34770	instance-of
Q6748126	P31	Q34770	instance-of
Q6748412	P31	Q34770	instance-of
Q6748664	P31	Q34770	instance-of
Q6748829	P31	Q34770	instance-of
Q6748872	P31	Q34770	instance-of
Q6748877	P31	Q34770	instance-of
Q6748880	P31	Q34770	instance-of
Q6749097	P31	Q34770	instance-of
Q6749147	P31	Q34770	instance-of
Q6749799	P31	Q34770	instance-of
Q674990	P31	Q34770	instance-of
Q6750551	P31	Q34770	instance-of
Q6751253	P31	Q34770	instance-of
Q6753787	P31	Q34770	instance-of
Q6753812	P31	Q34770	instance-of
Q6754565	P31	Q34770	instance-of
Q6754640	P31	Q34770	instance-of
Q6754745	P31	Q34770	instance-of
Q6755055	P31	Q34770	instance-of
Q6755069	P31	Q34770	instance-of
Q6760941	P31	Q34770	instance-of
Q6760942	P31	Q34770	instance-of
Q6762506	P31	Q34770	instance-of
Q6763404	P31	Q34770	instance-of
Q6763970	P31	Q34770	instance-of
Q6764397	P31	Q34770	instance-of
Q6765544	P31	Q34770	instance-of
Q6765915	P31	Q34770	instance-of
Q676778	P31	Q515	instance-of
Q677064	P31	Q34770	instance-of
Q677161	P31	Q9143	instance-of
Q6772774	P31	Q34770	instance-of
Q6772792	P31	Q34770	instance-of
Q6772812	P31	Q34770	instance-of
Q6773014	P31	Q34770	instance-of
Q67780443	P31	Q34770	instance-of
Q67781377	P31	Q34770	instance-of
Q67781584	P31	Q34770	instance-of
Q677993	P31	Q3918	instance-of
Q678	P31	Q6256	instance-of
Q6782426	P31	Q34770	instance-of
Q6782966	P31	Q34770	instance-of
Q6783077	P31	Q34770	instance-of
Q6783273	P31	Q34770	instance-of
Q6783305	P31	Q34770	instance-of
Q6786187	P31	Q34770	instance-of
Q6787447	P31	Q34770	instance-of
Q6787588	P31	Q34770	instance-of
Q6791963	P31	Q34770	instance-of
Q6791974	P31	Q34770	instance-of
Q6792550	P31	Q34770	instance-of
Q6794095	P31	Q34770	instance-of
Q6794339	P31	Q34770	instance-of
Q6794377	P31	Q34770	instance-of
Q6794395	P31	Q34770	instance-of
Q6794475	P31	Q34770	instance-of
Q6797580	P31	Q34770	instance-of
Q6798209	P31	Q34770	instance-of
Q6798223	P31	Q34770	instance-of
Q6799583	P31	Q34770	instance-of
Q6799593	P31	Q34770	instance-of
Q6799604	P31	Q34770	instance-of
Q6799612	P31	Q34770	instance-of
Q6799620	P31	Q34770	instance-of
Q6799663	P31	Q34770	instance-of
Q6799676	P31	Q34770	instance-of
Q6799701	P31	Q34770	instance-of
Q6799710	P31	Q34770	instance-of
Q6799713	P31	Q34770	instance-of
Q6799727	P31	Q34770	instance-of
Q6799738	P31	Q34770	instance-of
Q6799756	P31	Q34770	instance-of
Q6799790	P31	Q34770	instance-of
Q6799817	P31	Q34770	instance-of
Q68003165	P31	Q34770	instance-of
Q6804364	P31	Q34770	instance-of
Q6805227	P31	Q34770	instance-of
Q6806017	P31	Q34770	instance-of
Q6808589	P31	Q34770	instance-of
Q6809452	P31	Q34770	instance-of
Q6810592	P31	Q34770	instance-of
Q6813268	P31	Q34770	instance-of
Q681360	P31	Q9143	instance-of
Q68144	P31	Q515	instance-of
Q6817739	P31	Q34770	instance-of
Q6817777	P31	Q34770	instance-of
Q6817854	P31	Q34770	instance-of
Q6817936	P31	Q34770	instance-of
Q681893	P31	Q515	instance-of
Q6819223	P31	Q34770	instance-of
Q6821190	P31	Q34770	instance-of
Q6821677	P31	Q34770	instance-of
Q6824218	P31	Q34770	instance-of
Q6826794	P31	Q34770	instance-of
Q6826835	P31	Q34770	instance-of
Q6827993	P31	Q34770	instance-of
Q683	P31	Q6256	instance-of
Q683512	P31	Q515	instance-of
Q6841428	P31	Q34770	instance-of
Q6842374	P31	Q34770	instance-of
Q6844970	P31	Q34770	instance-of
Q6845470	P31	Q34770	instance-of
Q6845474	P31	Q34770	instance-of
Q684979	P31	Q34770	instance-of
Q685	P31	Q6256	instance-of
Q6855	P31	Q515	instance-of
Q685820	P31	Q9143	instance-of
Q685941	P31	Q515	instance-of
Q686	P31	Q6256	instance-of
Q6862203	P31	Q34770	instance-of
Q6862206	P31	Q34770	instance-of
Q6862207	P31	Q34770	instance-of
Q6862618	P31	Q34770	instance-of
Q6863167	P31	Q34770	instance-of
Q6863278	P31	Q34770	instance-of
Q6863806	P31	Q34770	instance-of
Q6863842	P31	Q34770	instance-of
Q6864697	P31	Q34770	instance-of
Q686501	P31	Q34770	instance-of
Q6865237	P31	Q34770	instance-of
Q6867836	P31	Q34770	instance-of
Q6869641	P31	Q34770	instance-of
Q6873206	P31	Q34770	instance-of
Q6873567	P31	Q34770	instance-of
Q6873793	P31	Q34770	instance-of
Q6875666	P31	Q34770	instance-of
Q6881575	P31	Q34770	instance-of
Q6881813	P31	Q34770	instance-of
Q6883573	P31	Q34770	instance-of
Q6883590	P31	Q34770	instance-of
Q6883668	P31	Q34770	instance-of
Q6884125	P31	Q34770	instance-of
Q6885683	P31	Q34770	instance-of
Q6886053	P31	Q34770	instance-of
Q6888037	P31	Q34770	instance-of
Q6888563	P31	Q34770	instance-of
Q6888794	P31	Q34770	instance-of
Q689203	P31	Q34770	instance-of
Q6894594	P31	Q34770	instance-of
Q6895060	P31	Q34770	instance-of
Q6895579	P31	Q34770	instance-of
Q6895718	P31	Q34770	instance-of
Q689617	P31	Q3918	instance-of
Q6897018	P31	Q34770	instance-of
Q6897030	P31	Q34770	instance-of
Q6897074	P31	Q34770	instance-of
Q6897079	P31	Q34770	instance-of
Q6897297	P31	Q34770	instance-of
Q6897407	P31	Q34770	instance-of
Q6897518	P31	Q34770	instance-of
Q6898840	P31	Q34770	instance-of
Q6899857	P31	Q34770	instance-of
Q6900145	P31	Q34770	instance-of
Q690052	P31	Q515	instance-of
Q6901726	P31	Q34770	instance-of
Q6902496	P31	Q34770	instance-of
Q6903267	P31	Q515	instance-of
Q69060	P31	Q515	instance-of
Q690639	P31	Q3918	instance-of
Q6906792	P31	Q34770	instance-of
Q6907057	P31	Q34770	instance-of
Q6909020	P31	Q34770	instance-of
Q6909384	P31	Q34770	instance-of
Q691	P31	Q6256	instance-of
Q6912123	P31	Q34770	instance-of
Q6912195	P31	Q34770	instance-of
Q6913216	P31	Q34770	instance-of
Q6913275	P31	Q34770	instance-of
Q6913299	P31	Q34770	instance-of
Q6915014	P31	Q34770	instance-of
Q6916288	P31	Q34770	instance-of
Q691686	P31	Q3918	instance-of
Q6921430	P31	Q34770	instance-of
Q6921432	P31	Q34770	instance-of
Q6925030	P31	Q34770	instance-of
Q6927748	P31	Q34770	instance-of
Q6928192	P31	Q34770	instance-of
Q6928276	P31	Q34770	instance-of
Q6928303	P31	Q34770	instance-of
Q6928305	P31	Q34770	instance-of
Q6930815	P31	Q34770	instance-of
Q6931290	P31	Q34770	instance-of
Q6931494	P31	Q34770	instance-of
Q6931573	P31	Q34770	instance-of
Q6932210	P31	Q34770	instance-of
Q6933447	P31	Q34770	instance-of
Q6933720	P31	Q34770	instance-of
Q6935252	P31	Q34770	instance-of
Q6935387	P31	Q34770	instance-of
Q6935584	P31	Q34770	instance-of
Q6935898	P31	Q34770	instance-of
Q6936018	P31	Q34770	instance-of
Q6938499	P31	Q34770	instance-of
Q6940074	P31	Q34770	instance-of
Q6940113	P31	Q34770	instance-of
Q6940122	P31	Q34770	instance-of
Q6943041	P31	Q34770	instance-of
Q6943093	P31	Q34770	instance-of
Q6944445	P31	Q34770	instance-of
Q6944591	P31	Q34770	instance-of
Q6944666	P31	Q34770	instance-of
Q6944715	P31	Q34770	instance-of
Q6944725	P31	Q34770	instance-of
Q6949473	P31	Q34770	instance-of
Q695	P31	Q6256	instance-of
Q6950137	P31	Q34770	instance-of
Q695623	P31	Q515	instance-of
Q695631	P31	Q515	instance-of
Q6956591	P31	Q34770	instance-of
Q6956858	P31	Q34770	instance-of
Q6957144	P31	Q34770	instance-of
Q695740	P31	Q34770	instance-of
Q6958174	P31	Q34770	instance-of
Q6958211	P31	Q34770	instance-of
Q6960073	P31	Q34770	instance-of
Q6960109	P31	Q34770	instance-of
Q6960662	P31	Q34770	instance-of
Q6961032	P31	Q34770	instance-of
Q6962504	P31	Q34770	instance-of
Q6963443	P31	Q34770	instance-of
Q6964416	P31	Q34770	instance-of
Q6964594	P31	Q34770	instance-of
Q6965295	P31	Q34770	instance-of
Q6965452	P31	Q34770	instance-of
Q696605	P31	Q515	instance-of
Q6966574	P31	Q34770	instance-of
Q6966614	P31	Q34770	instance-of
Q6967931	P31	Q34770	instance-of
Q6968399	P31	Q34770	instance-of
Q697	P31	Q6256	instance-of
Q697221	P31	Q3918	instance-of
Q6981095	P31	Q34770	instance-of
Q6981305	P31	Q34770	instance-of
Q6982892	P31	Q34770	instance-of
Q6983146	P31	Q34770	instance-of
Q6983667	P31	Q34770	instance-of
Q6983678	P31	Q34770	instance-of
Q6983681	P31	Q34770	instance-of
Q6983684	P31	Q34770	instance-of
Q6983725	P31	Q34770	instance-of
Q6983726	P31	Q34770	instance-of
Q6983774	P31	Q34770	instance-of
Q6983788	P31	Q34770	instance-of
Q6983791	P31	Q34770	instance-of
Q6983792	P31	Q34770	instance-of
Q6983793	P31	Q34770	instance-of
Q6983809	P31	Q34770	instance-of
Q6983819	P31	Q34770	instance-of
Q6983833	P31	Q34770	instance-of
Q6983857	P31	Q34770	instance-of
Q6987002	P31	Q34770	instance-of
Q6989781	P31	Q34770	instance-of
Q6989840	P31	Q34770	instance-of
Q6990895	P31	Q34770	instance-of
Q6991554	P31	Q34770	instance-of
Q6991742	P31	Q34770	instance-of
Q699284	P31	Q34770	instance-of
Q6998869	P31	Q34770	instance-of
Q70	P31	Q515	instance-of
Q7002965	P31	Q34770	instance-of
Q7007251	P31	Q34770	instance-of
Q7011254	P31	Q34770	instance-of
Q7019	P31	Q515	instance-of
Q702	P31	Q6256	instance-of
Q7021846	P31	Q34770	instance-of
Q7021893	P31	Q34770	instance-of
Q7021937	P31	Q34770	instance-of
Q7021944	P31	Q34770	instance-of
Q7021977	P31	Q34770	instance-of
Q7022063	P31	Q34770	instance-of
Q7022072	P31	Q34770	instance-of
Q7022078	P31	Q34770	instance-of
Q7022083	P31	Q34770	instance-of
Q7022091	P31	Q34770	instance-of
Q7022217	P31	Q34770	instance-of
Q7022243	P31	Q34770	instance-of
Q7022266	P31	Q34770	instance-of
Q7022366	P31	Q34770	instance-of
Q7022396	P31	Q34770	instance-of
Q7022405	P31	Q34770	instance-of
Q7022547	P31	Q34770	instance-of
Q7022573	P31	Q34770	instance-of
Q7022582	P31	Q34770	instance-of
Q7022690	P31	Q34770	instance-of
Q7022712	P31	Q34770	instance-of
Q7024	P31	Q515	instance-of
Q702524	P31	Q3918	instance-of
Q7026	P31	Q34770	instance-of
Q7030	P31	Q515	instance-of
Q7033959	P31	Q34770	instance-of
Q7036	P31	Q515	instance-of
Q7036821	P31	Q34770	instance-of
Q7037729	P31	Q34770	instance-of
Q7038230	P31	Q34770	instance-of
Q7038710	P31	Q34770	instance-of
Q7038985	P31	Q34770	instance-of
Q7039	P31	Q515	instance-of
Q7042522	P31	Q34770	instance-of
Q7042580	P31	Q34770	instance-of
Q7042622	P31	Q34770	instance-of
Q704371	P31	Q515	instance-of
Q7046289	P31	Q34770	instance-of
Q7046410	P31	Q34770	instance-of
Q7048122	P31	Q34770	instance-of
Q7050035	P31	Q34770	instance-of
Q7051204	P31	Q34770	instance-of
Q7054041	P31	Q34770	instance-of
Q7056136	P31	Q34770	instance-of
Q7058116	P31	Q34770	instance-of
Q7058861	P31	Q34770	instance-of
Q7058885	P31	Q34770	instance-of
Q7060307	P31	Q34770	instance-of
Q7060356	P31	Q34770	instance-of
Q706327	P31	Q34770	instance-of
Q7067553	P31	Q34770	instance-of
Q7067577	P31	Q34770	instance-of
Q7067615	P31	Q34770	instance-of
Q7067812	P31	Q34770	instance-of
Q7068421	P31	Q34770	instance-of
Q706857	P31	Q515	instance-of
Q7068874	P31	Q34770	instance-of
Q7068904	P31	Q34770	instance-of
Q7068910	P31	Q34770	instance-of
Q7069052	P31	Q34770	instance-of
Q7069826	P31	Q34770	instance-of
Q7069841	P31	Q34770	instance-of
Q7070332	P31	Q34770	instance-of
Q7070684	P31	Q34770	instance-of
Q7070686	P31	Q34770	instance-of
Q7070801	P31	Q34770	instance-of
Q7070830	P31	Q34770	instance-of
Q7070837	P31	Q34770	instance-of
Q7070876	P31	Q34770	instance-of
Q7070879	P31	Q34770	instance-of
Q7070884	P31	Q34770	instance-of
Q7070894	P31	Q34770	instance-of
Q7071068	P31	Q34770	instance-of
Q7071227	P31	Q34770	instance-of
Q7071318	P31	Q34770	instance-of
Q7075258	P31	Q34770	instance-of
Q7076643	P31	Q34770	instance-of
Q7079984	P31	Q34770	instance-of
Q7082547	P31	Q34770	instance-of
Q7082551	P31	Q34770	instance-of
Q7083390	P31	Q34770	instance-of
Q7083619	P31	Q34770	instance-of
Q7084314	P31	Q34770	instance-of
Q7089905	P31	Q34770	instance-of
Q7089928	P31	Q34770	instance-of
Q709	P31	Q6256	instance-of
Q7093521	P31	Q34770	instance-of
Q7093790	P31	Q34770	instance-of
Q7093910	P31	Q34770	instance-of
Q7093968	P31	Q34770	instance-of
Q7094437	P31	Q34770	instance-of
Q7095071	P31	Q34770	instance-of
Q7095585	P31	Q34770	instance-of
Q7099152	P31	Q34770	instance-of
Q710	P31	Q6256	instance-of
Q7102899	P31	Q34770	instance-of
Q7102970	P31	Q34770	instance-of
Q7103494	P31	Q34770	instance-of
Q7103752	P31	Q34770	instance-of
Q7103758	P31	Q34770	instance-of
Q7103905	P31	Q34770	instance-of
Q7105295	P31	Q34770	instance-of
Q711	P31	Q6256	instance-of
Q7110049	P31	Q34770	instance-of
Q7110494	P31	Q34770	instance-of
Q7110521	P31	Q34770	instance-of
Q7114727	P31	Q34770	instance-of
Q7116243	P31	Q34770	instance-of
Q7116251	P31	Q34770	instance-of
Q7116610	P31	Q34770	instance-of
Q7116691	P31	Q34770	instance-of
Q712	P31	Q6256	instance-of
Q7121294	P31	Q34770	instance-of
Q7121353	P31	Q34770	instance-of
Q7122582	P31	Q34770	instance-of
Q7123283	P31	Q34770	instance-of
Q7124354	P31	Q34770	instance-of
Q7124357	P31	Q34770	instance-of
Q7124462	P31	Q34770	instance-of
Q7124545	P31	Q34770	instance-of
Q7124619	P31	Q34770	instance-of
Q7126121	P31	Q34770	instance-of
Q7127118	P31	Q34770	instance-of
Q7127643	P31	Q34770	instance-of
Q7127734	P31	Q34770	instance-of
Q7128186	P31	Q34770	instance-of
Q7128872	P31	Q34770	instance-of
Q7129017	P31	Q34770	instance-of
Q7129739	P31	Q34770	instance-of
Q7130113	P31	Q34770	instance-of
Q7130204	P31	Q34770	instance-of
Q7130477	P31	Q34770	instance-of
Q7130962	P31	Q34770	instance-of
Q7131211	P31	Q34770	instance-of
Q7131310	P31	Q34770	instance-of
Q7131391	P31	Q34770	instance-of
Q7132487	P31	Q34770	instance-of
Q7132508	P31	Q34770	instance-of
Q7132809	P31	Q34770	instance-of
Q7132812	P31	Q34770	instance-of
Q7133207	P31	Q34770	instance-of
Q7133239	P31	Q34770	instance-of
Q7133667	P31	Q34770	instance-of
Q7135432	P31	Q34770	instance-of
Q7135433	P31	Q34770	instance-of
Q7136278	P31	Q34770	instance-of
Q7136291	P31	Q34770	instance-of
Q713633	P31	Q34770	instance-of
Q713643	P31	Q34770	instance-of
Q713654	P31	Q34770	instance-of
Q7136554	P31	Q34770	instance-of
Q713659	P31	Q34770	instance-of
Q7136678	P31	Q34770	instance-of
Q7142091	P31	Q34770	instance-of
Q7143168	P31	Q34770	instance-of
Q7144242	P31	Q34770	instance-of
Q7144304	P31	Q34770	instance-of
Q7144790	P31	Q34770	instance-of
Q7148323	P31	Q34770	instance-of
Q714891	P31	Q3918	instance-of
Q715465	P31	Q482994	instance-of
Q7155331	P31	Q34770	instance-of
Q7155462	P31	Q34770	instance-of
Q7156099	P31	Q34770	instance-of
Q7156240	P31	Q34770	instance-of
Q7156643	P31	Q34770	instance-of
Q7156956	P31	Q34770	instance-of
Q7160431	P31	Q34770	instance-of
Q7160903	P31	Q34770	instance-of
Q7162371	P31	Q34770	instance-of
Q7162372	P31	Q34770	instance-of
Q7163057	P31	Q34770	instance-of
Q7163723	P31	Q34770	instance-of
Q716604	P31	Q34770	instance-of
Q716615	P31	Q34770	instance-of
Q716627	P31	Q34770	instance-of
Q716647	P31	Q34770	instance-of
Q7166821	P31	Q34770	instance-of
Q717	P31	Q6256	instance-of
Q7171675	P31	Q34770	instance-of
Q7179700	P31	Q34770	instance-of
Q7180184	P31	Q34770	instance-of
Q7180427	P31	Q34770	instance-of
Q7187058	P31	Q34770	instance-of
Q7187103	P31	Q34770	instance-of
Q7187959	P31	Q34770	instance-of
Q7187991	P31	Q34770	instance-of
Q7188289	P31	Q34770	instance-of
Q7188298	P31	Q34770	instance-of
Q7188361	P31	Q34770	instance-of
Q7188376	P31	Q34770	instance-of
Q7188378	P31	Q34770	instance-of
Q7190040	P31	Q34770	instance-of
Q7190042	P31	Q34770	instance-of
Q7190661	P31	Q34770	instance-of
Q7191257	P31	Q34770	instance-of
Q7193313	P31	Q34770	instance-of
Q7193332	P31	Q34770	instance-of
Q7193418	P31	Q34770	instance-of
Q7193519	P31	Q34770	instance-of
Q7194026	P31	Q34770	instance-of
Q7194057	P31	Q34770	instance-of
Q7194098	P31	Q34770	instance-of
Q7194632	P31	Q34770	instance-of
Q7194986	P31	Q34770	instance-of
Q7196415	P31	Q34770	instance-of
Q7198055	P31	Q34770	instance-of
Q7199578	P31	Q34770	instance-of
Q720192	P31	Q34770	instance-of
Q7206342	P31	Q34770	instance-of
Q7206699	P31	Q34770	instance-of
Q7207578	P31	Q34770	instance-of
Q7208577	P31	Q34770	instance-of
Q7208693	P31	Q34770	instance-of
Q721064	P31	Q3918	instance-of
Q721182	P31	Q34770	instance-of
Q721937	P31	Q515	instance-of
Q72248	P31	Q515	instance-of
Q72256	P31	Q34770	instance-of
Q72259	P31	Q515	instance-of
Q7225957	P31	Q34770	instance-of
Q7227178	P31	Q34770	instance-of
Q7227739	P31	Q34770	instance-of
Q7227956	P31	Q34770	instance-of
Q7228475	P31	Q34770	instance-of
Q7230944	P31	Q34770	instance-of
Q7232597	P31	Q34770	instance-of
Q7235814	P31	Q34770	instance-of
Q7239186	P31	Q34770	instance-of
Q724222	P31	Q3918	instance-of
Q725401	P31	Q9143	instance-of
Q7259044	P31	Q34770	instance-of
Q7259048	P31	Q34770	instance-of
Q7259163	P31	Q34770	instance-of
Q7259892	P31	Q34770	instance-of
Q7259894	P31	Q34770	instance-of
Q7259895	P31	Q34770	instance-of
Q7259896	P31	Q34770	instance-of
Q7260800	P31	Q34770	instance-of
Q7261619	P31	Q34770	instance-of
Q7261622	P31	Q34770	instance-of
Q7261687	P31	Q34770	instance-of
Q726218	P31	Q9143	instance-of
Q7262964	P31	Q34770	instance-of
Q7262966	P31	Q34770	instance-of
Q7263152	P31	Q515	instance-of
Q72695	P31	Q34770	instance-of
Q727	P31	Q515	instance-of
Q7271640	P31	Q34770	instance-of
Q7271642	P31	Q34770	instance-of
Q7271823	P31	Q34770	instance-of
Q7272651	P31	Q34770	instance-of
Q727516	P31	Q3918	instance-of
Q727694	P31	Q34770	instance-of
Q72818	P31	Q515	instance-of
Q7286138	P31	Q34770	instance-of
Q7286370	P31	Q34770	instance-of
Q7288392	P31	Q34770	instance-of
Q7288630	P31	Q34770	instance-of
Q7290041	P31	Q34770	instance-of
Q7292645	P31	Q34770	instance-of
Q7292878	P31	Q34770	instance-of
Q7293705	P31	Q34770	instance-of
Q7294279	P31	Q34770	instance-of
Q7294362	P31	Q34770	instance-of
Q7295692	P31	Q34770	instance-of
Q7296262	P31	Q34770	instance-of
Q7296830	P31	Q34770	instance-of
Q7296948	P31	Q34770	instance-of
Q7299461	P31	Q34770	instance-of
Q730	P31	Q6256	instance-of
Q7306882	P31	Q34770	instance-of
Q7310361	P31	Q34770	instance-of
Q7310626	P31	Q34770	instance-of
Q7310982	P31	Q34770	instance-of
Q7311502	P31	Q34770	instance-of
Q7311553	P31	Q34770	instance-of
Q7311570	P31	Q34770	instance-of
Q7312214	P31	Q34770	instance-of
Q7312239	P31	Q34770	instance-of
Q7313205	P31	Q34770	instance-of
Q7313900	P31	Q34770	instance-of
Q7314883	P31	Q34770	instance-of
Q7317113	P31	Q34770	instance-of
Q732131	P31	Q34770	instance-of
Q7322169	P31	Q34770	instance-of
Q7322443	P31	Q34770	instance-of
Q732726	P31	Q34770	instance-of
Q733	P31	Q6256	instance-of
Q7333135	P31	Q34770	instance-of
Q7334404	P31	Q34770	instance-of
Q7334628	P31	Q34770	instance-of
Q7334886	P31	Q34770	instance-of
Q7336730	P31	Q34770	instance-of
Q7336938	P31	Q34770	instance-of
Q734	P31	Q6256	instance-of
Q735138	P31	Q515	instance-of
Q735209	P31	Q34770	instance-of
Q735604	P31	Q9143	instance-of
Q7356069	P31	Q34770	instance-of
Q7359417	P31	Q34770	instance-of
Q736	P31	Q6256	instance-of
Q7363236	P31	Q34770	instance-of
Q73639	P31	Q515	instance-of
Q7365672	P31	Q34770	instance-of
Q7366335	P31	Q34770	instance-of
Q7366825	P31	Q34770	instance-of
Q737784	P31	Q34770	instance-of
Q7377946	P31	Q34770	instance-of
Q7378127	P31	Q34770	instance-of
Q7379420	P31	Q34770	instance-of
Q7379867	P31	Q34770	instance-of
Q7379873	P31	Q34770	instance-of
Q7380625	P31	Q34770	instance-of
Q738258	P31	Q3918	instance-of
Q7383562	P31	Q34770	instance-of
Q7383564	P31	Q34770	instance-of
Q739	P31	Q6256	instance-of
Q7395644	P31	Q34770	instance-of
Q7395896	P31	Q34770	instance-of
Q7396479	P31	Q34770	instance-of
Q7396535	P31	Q34770	instance-of
Q7398112	P31	Q34770	instance-of
Q7398312	P31	Q34770	instance-of
Q7398693	P31	Q34770	instance-of
Q7399757	P31	Q34770	instance-of
Q7402721	P31	Q34770	instance-of
Q7403607	P31	Q34770	instance-of
Q7403694	P31	Q34770	instance-of
Q7404262	P31	Q34770	instance-of
Q7405785	P31	Q34770	instance-of
Q740604	P31	Q34770	instance-of
Q7406296	P31	Q34770	instance-of
Q740832	P31	Q515	instance-of
Q7408387	P31	Q34770	instance-of
Q7408413	P31	Q34770	instance-of
Q7408415	P31	Q34770	instance-of
Q7408865	P31	Q34770	instance-of
Q7408902	P31	Q34770	instance-of
Q7409020	P31	Q34770	instance-of
Q7409269	P31	Q34770	instance-of
Q7409884	P31	Q34770	instance-of
Q7410037	P31	Q34770	instance-of
Q7413220	P31	Q34770	instance-of
Q7413390	P31	Q34770	instance-of
Q7413392	P31	Q34770	instance-of
Q7413841	P31	Q34770	instance-of
Q7414598	P31	Q34770	instance-of
Q7414970	P31	Q34770	instance-of
Q7418144	P31	Q34770	instance-of
Q7418149	P31	Q34770	instance-of
Q7418287	P31	Q34770	instance-of
Q7418302	P31	Q34770	instance-of
Q7419277	P31	Q34770	instance-of
Q7420514	P31	Q34770	instance-of
Q7420921	P31	Q34770	instance-of
Q7420922	P31	Q34770	instance-of
Q7421168	P31	Q34770	instance-of
Q7423093	P31	Q34770	instance-of
Q7424256	P31	Q34770	instance-of
Q7424639	P31	Q34770	instance-of
Q7424699	P31	Q34770	instance-of
Q7424700	P31	Q34770	instance-of
Q7427547	P31	Q34770	instance-of
Q7427605	P31	Q34770	instance-of
Q7428639	P31	Q34770	instance-of
Q7428892	P31	Q34770	instance-of
Q743218	P31	Q515	instance-of
Q7436	P31	Q515	instance-of
Q743736	P31	Q34770	instance-of
Q7439242	P31	Q34770	instance-of
Q7442316	P31	Q34770	instance-of
Q7442799	P31	Q34770	instance-of
Q7442898	P31	Q34770	instance-of
Q7445362	P31	Q34770	instance-of
Q7446180	P31	Q34770	instance-of
Q7446237	P31	Q34770	instance-of
Q7446815	P31	Q34770	instance-of
Q7446989	P31	Q34770	instance-of
Q7447132	P31	Q34770	instance-of
Q7447136	P31	Q34770	instance-of
Q7447500	P31	Q34770	instance-of
Q7447520	P31	Q34770	instance-of
Q7447917	P31	Q34770	instance-of
Q7448845	P31	Q34770	instance-of
Q7449012	P31	Q34770	instance-of
Q7449119	P31	Q34770	instance-of
Q7449713	P31	Q34770	instance-of
Q7450252	P31	Q34770	instance-of
Q7450555	P31	Q34770	instance-of
Q7450584	P31	Q34770	instance-of
Q7450601	P31	Q34770	instance-of
Q7451029	P31	Q34770	instance-of
Q7451223	P31	Q34770	instance-of
Q7451434	P31	Q34770	instance-of
Q7451722	P31	Q34770	instance-of
Q7451725	P31	Q34770	instance-of
Q7452602	P31	Q34770	instance-of
Q7453056	P31	Q34770	instance-of
Q7454834	P31	Q34770	instance-of
Q7455488	P31	Q34770	instance-of
Q7455503	P31	Q34770	instance-of
Q7456326	P31	Q34770	instance-of
Q7456333	P31	Q34770	instance-of
Q7456682	P31	Q34770	instance-of
Q7456938	P31	Q34770	instance-of
Q7458126	P31	Q34770	instance-of
Q7462280	P31	Q34770	instance-of
Q746723	P31	Q34770	instance-of
Q747840	P31	Q515	instance-of
Q748085	P31	Q3918	instance-of
Q748106	P31	Q3918	instance-of
Q748336	P31	Q515	instance-of
Q7488659	P31	Q34770	instance-of
Q7489783	P31	Q34770	instance-of
Q749	P31	Q515	instance-of
Q749170	P31	Q515	instance-of
Q7492248	P31	Q34770	instance-of
Q7494785	P31	Q34770	instance-of
Q7495993	P31	Q34770	instance-of
Q7497605	P31	Q34770	instance-of
Q7499445	P31	Q34770	instance-of
Q750	P31	Q6256	instance-of
Q7502	P31	Q34770	instance-of
Q7506059	P31	Q34770	instance-of
Q7506694	P31	Q34770	instance-of
Q7506806	P31	Q34770	instance-of
Q7506812	P31	Q34770	instance-of
Q7511556	P31	Q34770	instance-of
Q7513400	P31	Q34770	instance-of
Q7513600	P31	Q34770	instance-of
Q7514020	P31	Q34770	instance-of
Q7514021	P31	Q34770	instance-of
Q7514027	P31	Q34770	instance-of
Q7514337	P31	Q34770	instance-of
Q7515090	P31	Q34770	instance-of
Q7515533	P31	Q34770	instance-of
Q7517329	P31	Q34770	instance-of
Q7517427	P31	Q34770	instance-of
Q7517534	P31	Q34770	instance-of
Q7521268	P31	Q34770	instance-of
Q7521655	P31	Q34770	instance-of
Q7521813	P31	Q34770	instance-of
Q7522797	P31	Q34770	instance-of
Q752348	P31	Q515	instance-of
Q7524158	P31	Q34770	instance-of
Q7525035	P31	Q34770	instance-of
Q7530937	P31	Q34770	instance-of
Q7533375	P31	Q34770	instance-of
Q7534244	P31	Q34770	instance-of
Q753604	P31	Q9143	instance-of
Q753868	P31	Q9143	instance-of
Q754	P31	Q6256	instance-of
Q7542773	P31	Q34770	instance-of
Q7544418	P31	Q34770	instance-of
Q7550388	P31	Q34770	instance-of
Q755149	P31	Q515	instance-of
Q7555138	P31	Q34770	instance-of
Q755763	P31	Q515	instance-of
Q755765	P31	Q515	instance-of
Q7557754	P31	Q34770	instance-of
Q7558834	P31	Q34770	instance-of
Q7559081	P31	Q34770	instance-of
Q756014	P31	Q34770	instance-of
Q7560536	P31	Q34770	instance-of
Q7560736	P31	Q34770	instance-of
Q7560881	P31	Q34770	instance-of
Q756126	P31	Q3918	instance-of
Q7561280	P31	Q34770	instance-of
Q7561296	P31	Q34770	instance-of
Q756175	P31	Q9143	instance-of
Q7561770	P31	Q34770	instance-of
Q7562808	P31	Q34770	instance-of
Q7563215	P31	Q34770	instance-of
Q7563340	P31	Q34770	instance-of
Q7563749	P31	Q34770	instance-of
Q7563752	P31	Q34770	instance-of
Q7563811	P31	Q34770	instance-of
Q756651	P31	Q34770	instance-of
Q7567815	P31	Q34770	instance-of
Q7569611	P31	Q34770	instance-of
Q7569696	P31	Q34770	instance-of
Q7569754	P31	Q34770	instance-of
Q757	P31	Q6256	instance-of
Q7570103	P31	Q34770	instance-of
Q7570194	P31	Q34770	instance-of
Q7570327	P31	Q34770	instance-of
Q7570345	P31	Q34770	instance-of
Q7570552	P31	Q34770	instance-of
Q7571843	P31	Q34770	instance-of
Q7571845	P31	Q34770	instance-of
Q7572000	P31	Q34770	instance-of
Q7572001	P31	Q34770	instance-of
Q7572120	P31	Q34770	instance-of
Q75809	P31	Q43229	instance-of
Q758570	P31	Q34770	instance-of
Q758659	P31	Q3918	instance-of
Q759770	P31	Q34770	instance-of
Q759984	P31	Q34770	instance-of
Q759992	P31	Q34770	instance-of
Q759995	P31	Q34770	instance-of
Q760	P31	Q6256	instance-of
Q760144	P31	Q515	instance-of
Q760714	P31	Q515	instance-of
Q760732	P31	Q34770	instance-of
Q761	P31	Q515	instance-of
Q761534	P31	Q3918	instance-of
Q7616385	P31	Q34770	instance-of
Q762464	P31	Q9143	instance-of
Q763	P31	Q6256	instance-of
Q763015	P31	Q515	instance-of
Q7630429	P31	Q34770	instance-of
Q7630513	P31	Q34770	instance-of
Q7630687	P31	Q34770	instance-of
Q7631298	P31	Q34770	instance-of
Q7633412	P31	Q34770	instance-of
Q7634386	P31	Q34770	instance-of
Q7634706	P31	Q34770	instance-of
Q7636341	P31	Q34770	instance-of
Q7636489	P31	Q34770	instance-of
Q7636966	P31	Q34770	instance-of
Q7637021	P31	Q34770	instance-of
Q7637055	P31	Q34770	instance-of
Q7638087	P31	Q34770	instance-of
Q7641864	P31	Q34770	instance-of
Q7646993	P31	Q34770	instance-of
Q7649752	P31	Q34770	instance-of
Q7649910	P31	Q34770	instance-of
Q7650407	P31	Q34770	instance-of
Q7650588	P31	Q34770	instance-of
Q765418	P31	Q34770	instance-of
Q765887	P31	Q515	instance-of
Q766	P31	Q6256	instance-of
Q7665661	P31	Q34770	instance-of
Q767018	P31	Q9143	instance-of
Q7672849	P31	Q34770	instance-of
Q7673105	P31	Q34770	instance-of
Q7673650	P31	Q34770	instance-of
Q7673668	P31	Q34770	instance-of
Q7674700	P31	Q34770	instance-of
Q7675121	P31	Q34770	instance-of
Q7675188	P31	Q34770	instance-of
Q7675300	P31	Q34770	instance-of
Q7675351	P31	Q34770	instance-of
Q7675746	P31	Q34770	instance-of
Q7675751	P31	Q34770	instance-of
Q7675753	P31	Q34770	instance-of
Q7675773	P31	Q34770	instance-of
Q7675784	P31	Q34770	instance-of
Q7675795	P31	Q34770	instance-of
Q7675798	P31	Q34770	instance-of
Q7675842	P31	Q34770	instance-of
Q7675861	P31	Q34770	instance-of
Q7676018	P31	Q34770	instance-of
Q7676186	P31	Q34770	instance-of
Q7676373	P31	Q34770	instance-of
Q7676386	P31	Q34770	instance-of
Q7676870	P31	Q34770	instance-of
Q7678544	P31	Q34770	instance-of
Q7678594	P31	Q34770	instance-of
Q7678964	P31	Q34770	instance-of
Q7679471	P31	Q34770	instance-of
Q7679530	P31	Q34770	instance-of
Q7680293	P31	Q34770	instance-of
Q7680531	P31	Q34770	instance-of
Q7680671	P31	Q34770	instance-of
Q7681065	P31	Q34770	instance-of
Q7682361	P31	Q34770	instance-of
Q7682454	P31	Q34770	instance-of
Q7682930	P31	Q34770	instance-of
Q7682992	P31	Q34770	instance-of
Q7682993	P31	Q34770	instance-of
Q7683166	P31	Q34770	instance-of
Q7683179	P31	Q34770	instance-of
Q7684320	P31	Q34770	instance-of
Q7684401	P31	Q34770	instance-of
Q7684673	P31	Q34770	instance-of
Q7685313	P31	Q34770	instance-of
Q7685358	P31	Q34770	instance-of
Q7685430	P31	Q34770	instance-of
Q7686006	P31	Q34770	instance-of
Q7687571	P31	Q34770	instance-of
Q7687853	P31	Q34770	instance-of
Q7688634	P31	Q34770	instance-of
Q7688832	P31	Q34770	instance-of
Q7688978	P31	Q34770	instance-of
Q7689158	P31	Q34770	instance-of
Q7689206	P31	Q34770	instance-of
Q7689247	P31	Q34770	instance-of
Q7689337	P31	Q34770	instance-of
Q7689338	P31	Q34770	instance-of
Q7689745	P31	Q34770	instance-of
Q769	P31	Q6256	instance-of
Q7690594	P31	Q34770	instance-of
Q7690709	P31	Q34770	instance-of
Q7692059	P31	Q34770	instance-of
Q7692089	P31	Q34770	instance-of
Q7692795	P31	Q34770	instance-of
Q7692927	P31	Q34770	instance-of
Q7694618	P31	Q34770	instance-of
Q7694690	P31	Q34770	instance-of
Q7694851	P31	Q34770	instance-of
Q7695666	P31	Q34770	instance-of
Q7696150	P31	Q34770	instance-of
Q7698064	P31	Q34770	instance-of
Q769809	P31	Q34770	instance-of
Q7698191	P31	Q34770	instance-of
Q7698205	P31	Q34770	instance-of
Q7699720	P31	Q34770	instance-of
Q7699870	P31	Q34770	instance-of
Q77	P31	Q6256	instance-of
Q7701188	P31	Q34770	instance-of
Q7701217	P31	Q34770	instance-of
Q7701797	P31	Q34770	instance-of
Q7702572	P31	Q34770	instance-of
Q7706087	P31	Q34770	instance-of
Q7706841	P31	Q34770	instance-of
Q7708357	P31	Q34770	instance-of
Q7708880	P31	Q34770	instance-of
Q7709156	P31	Q34770	instance-of
Q7709159	P31	Q34770	instance-of
Q7709348	P31	Q34770	instance-of
Q7710314	P31	Q34770	instance-of
Q7711494	P31	Q34770	instance-of
Q7737	P31	Q34770	instance-of
Q774	P31	Q6256	instance-of
Q77433	P31	Q515	instance-of
Q774441	P31	Q34770	instance-of
Q774520	P31	Q3918	instance-of
Q775159	P31	Q9143	instance-of
Q776223	P31	Q3918	instance-of
Q776965	P31	Q515	instance-of
Q777358	P31	Q9143	instance-of
Q778	P31	Q6256	instance-of
Q7786695	P31	Q34770	instance-of
Q779317	P31	Q9143	instance-of
Q7796015	P31	Q34770	instance-of
Q779632	P31	Q34770	instance-of
Q779819	P31	Q9143	instance-of
Q7799291	P31	Q34770	instance-of
Q7800805	P31	Q34770	instance-of
Q7801784	P31	Q34770	instance-of
Q7802048	P31	Q34770	instance-of
Q7802050	P31	Q34770	instance-of
Q7802959	P31	Q34770	instance-of
Q7803037	P31	Q34770	instance-of
Q7804599	P31	Q34770	instance-of
Q7806995	P31	Q34770	instance-of
Q780803	P31	Q9143	instance-of
Q7808195	P31	Q34770	instance-of
Q7809425	P31	Q34770	instance-of
Q781	P31	Q6256	instance-of
Q7810394	P31	Q34770	instance-of
Q7810466	P31	Q34770	instance-of
Q7810685	P31	Q34770	instance-of
Q7810697	P31	Q34770	instance-of
Q7811216	P31	Q34770	instance-of
Q7811403	P31	Q34770	instance-of
Q7811541	P31	Q34770	instance-of
Q7811556	P31	Q34770	instance-of
Q7811712	P31	Q34770	instance-of
Q7812881	P31	Q34770	instance-of
Q7813481	P31	Q34770	instance-of
Q7818197	P31	Q34770	instance-of
Q7818692	P31	Q34770	instance-of
Q7818911	P31	Q34770	instance-of
Q7819095	P31	Q34770	instance-of
Q7820798	P31	Q34770	instance-of
Q7820988	P31	Q34770	instance-of
Q7821200	P31	Q34770	instance-of
Q782278	P31	Q515	instance-of
Q782397	P31	Q9143	instance-of
Q7824008	P31	Q34770	instance-of
Q7824180	P31	Q34770	instance-of
Q7824218	P31	Q34770	instance-of
Q7824977	P31	Q34770	instance-of
Q782600	P31	Q3918	instance-of
Q7827518	P31	Q34770	instance-of
Q7827899	P31	Q34770	instance-of
Q7828387	P31	Q34770	instance-of
Q7828390	P31	Q34770	instance-of
Q7828400	P31	Q34770	instance-of
Q7829037	P31	Q34770	instance-of
Q7829606	P31	Q34770	instance-of
Q783	P31	Q6256	instance-of
Q784	P31	Q6256	instance-of
Q7842270	P31	Q34770	instance-of
Q7842360	P31	Q34770	instance-of
Q7842365	P31	Q34770	instance-of
Q7842493	P31	Q34770	instance-of
Q784502	P31	Q34770	instance-of
Q7847648	P31	Q34770	instance-of
Q7849438	P31	Q34770	instance-of
Q7851988	P31	Q34770	instance-of
Q7852006	P31	Q34770	instance-of
Q7852460	P31	Q34770	instance-of
Q7852641	P31	Q34770	instance-of
Q7853191	P31	Q34770	instance-of
Q7853636	P31	Q34770	instance-of
Q7854914	P31	Q34770	instance-of
Q7856508	P31	Q34770	instance-of
Q7856514	P31	Q34770	instance-of
Q7856961	P31	Q34770	instance-of
Q7856987	P31	Q34770	instance-of
Q7857052	P31	Q34770	instance-of
Q7857069	P31	Q34770	instance-of
Q7857158	P31	Q34770	instance-of
Q7857159	P31	Q34770	instance-of
Q7857160	P31	Q34770	instance-of
Q7857204	P31	Q34770	instance-of
Q7857217	P31	Q34770	instance-of
Q7857412	P31	Q34770	instance-of
Q7857682	P31	Q34770	instance-of
Q7859815	P31	Q34770	instance-of
Q786	P31	Q6256	instance-of
Q7862029	P31	Q34770	instance-of
Q7862281	P31	Q34770	instance-of
Q7862789	P31	Q34770	instance-of
Q787388	P31	Q3918	instance-of
Q7877531	P31	Q34770	instance-of
Q7878123	P31	Q34770	instance-of
Q7878321	P31	Q34770	instance-of
Q7878623	P31	Q34770	instance-of
Q7878635	P31	Q34770	instance-of
Q7878769	P31	Q34770	instance-of
Q7881036	P31	Q34770	instance-of
Q7881084	P31	Q34770	instance-of
Q7881227	P31	Q34770	instance-of
Q7881346	P31	Q34770	instance-of
Q7881465	P31	Q34770	instance-of
Q7881585	P31	Q34770	instance-of
Q788174	P31	Q34770	instance-of
Q7881740	P31	Q34770	instance-of
Q7884126	P31	Q34770	instance-of
Q788423	P31	Q34770	instance-of
Q7887299	P31	Q34770	instance-of
Q7897776	P31	Q34770	instance-of
Q7899531	P31	Q34770	instance-of
Q7899602	P31	Q34770	instance-of
Q7899769	P31	Q34770	instance-of
Q79	P31	Q6256	instance-of
Q790	P31	Q6256	instance-of
Q7900540	P31	Q34770	instance-of
Q7900603	P31	Q34770	instance-of
Q7900609	P31	Q34770	instance-of
Q7900611	P31	Q34770	instance-of
Q7901376	P31	Q34770	instance-of
Q7901389	P31	Q34770	instance-of
Q7901470	P31	Q34770	instance-of
Q7901530	P31	Q34770	instance-of
Q7901709	P31	Q34770	instance-of
Q7901714	P31	Q34770	instance-of
Q7901979	P31	Q34770	instance-of
Q7902545	P31	Q34770	instance-of
Q7902577	P31	Q34770	instance-of
Q7902619	P31	Q34770	instance-of
Q7903	P31	Q515	instance-of
Q7903469	P31	Q34770	instance-of
Q7903995	P31	Q34770	instance-of
Q7904082	P31	Q34770	instance-of
Q7904085	P31	Q34770	instance-of
Q7904095	P31	Q34770	instance-of
Q7907798	P31	Q34770	instance-of
Q7908480	P31	Q34770	instance-of
Q7912479	P31	Q34770	instance-of
Q7912582	P31	Q34770	instance-of
Q7915259	P31	Q34770	instance-of
Q7915983	P31	Q34770	instance-of
Q7917585	P31	Q34770	instance-of
Q7918	P31	Q34770	instance-of
Q7918407	P31	Q34770	instance-of
Q792	P31	Q6256	instance-of
Q7928151	P31	Q34770	instance-of
Q7929052	P31	Q34770	instance-of
Q7930463	P31	Q34770	instance-of
Q793161	P31	Q34770	instance-of
Q7932956	P31	Q34770	instance-of
Q7937086	P31	Q34770	instance-of
Q7937210	P31	Q34770	instance-of
Q793809	P31	Q515	instance-of
Q794	P31	Q6256	instance-of
Q7942202	P31	Q34770	instance-of
Q7943647	P31	Q34770	instance-of
Q795327	P31	Q34770	instance-of
Q7958575	P31	Q34770	instance-of
Q7958576	P31	Q34770	instance-of
Q7958701	P31	Q34770	instance-of
Q7958705	P31	Q34770	instance-of
Q7958930	P31	Q34770	instance-of
Q7959249	P31	Q34770	instance-of
Q7959375	P31	Q34770	instance-of
Q7959485	P31	Q34770	instance-of
Q7959487	P31	Q34770	instance-of
Q7959489	P31	Q34770	instance-of
Q7959490	P31	Q34770	instance-of
Q7959569	P31	Q34770	instance-of
Q7959737	P31	Q34770	instance-of
Q79598	P31	Q9143	instance-of
Q7959888	P31	Q34770	instance-of
Q7959937	P31	Q34770	instance-of
Q796	P31	Q6256	instance-of
Q7960056	P31	Q34770	instance-of
Q7960062	P31	Q34770	instance-of
Q7960132	P31	Q34770	instance-of
Q7960241	P31	Q34770	instance-of
Q7960726	P31	Q34770	instance-of
Q7960748	P31	Q34770	instance-of
Q7960881	P31	Q34770	instance-of
Q7961205	P31	Q34770	instance-of
Q7961258	P31	Q34770	instance-of
Q7961277	P31	Q34770	instance-of
Q7961957	P31	Q34770	instance-of
Q7961958	P31	Q34770	instance-of
Q7966909	P31	Q34770	instance-of
Q7966922	P31	Q34770	instance-of
Q7966934	P31	Q34770	instance-of
Q7966946	P31	Q34770	instance-of
Q7966957	P31	Q34770	instance-of
Q7967057	P31	Q34770	instance-of
Q7967060	P31	Q34770	instance-of
Q7967085	P31	Q34770	instance-of
Q7967153	P31	Q34770	instance-of
Q796723	P31	Q3918	instance-of
Q7967334	P31	Q34770	instance-of
Q7967859	P31	Q34770	instance-of
Q7967860	P31	Q34770	instance-of
Q7967891	P31	Q34770	instance-of
Q7967989	P31	Q34770	instance-of
Q7968184	P31	Q34770	instance-of
Q7968201	P31	Q34770	instance-of
Q7968772	P31	Q34770	instance-of
Q7969260	P31	Q34770	instance-of
Q7969314	P31	Q34770	instance-of
Q7969453	P31	Q34770	instance-of
Q7969851	P31	Q34770	instance-of
Q7969971	P31	Q34770	instance-of
Q7970852	P31	Q34770	instance-of
Q7970854	P31	Q34770	instance-of
Q7971078	P31	Q34770	instance-of
Q7971402	P31	Q34770	instance-of
Q797249	P31	Q34770	instance-of
Q7972683	P31	Q34770	instance-of
Q7972892	P31	Q34770	instance-of
Q7972975	P31	Q34770	instance-of
Q797302	P31	Q9143	instance-of
Q7974656	P31	Q34770	instance-of
Q7975070	P31	Q34770	instance-of
Q7975084	P31	Q34770	instance-of
Q7975842	P31	Q34770	instance-of
Q7975850	P31	Q34770	instance-of
Q7979690	P31	Q34770	instance-of
Q798	P31	Q515	instance-of
Q7980503	P31	Q34770	instance-of
Q79808	P31	Q515	instance-of
Q7981017	P31	Q34770	instance-of
Q7982165	P31	Q34770	instance-of
Q7983230	P31	Q34770	instance-of
Q7983284	P31	Q34770	instance-of
Q7984319	P31	Q34770	instance-of
Q7984377	P31	Q34770	instance-of
Q79848	P31	Q515	instance-of
Q7985624	P31	Q34770	instance-of
Q79857	P31	Q515	instance-of
Q79863	P31	Q515	instance-of
Q7987643	P31	Q34770	instance-of
Q7987774	P31	Q34770	instance-of
Q7988174	P31	Q34770	instance-of
Q7988202	P31	Q34770	instance-of
Q7997684	P31	Q34770	instance-of
Q79980	P31	Q515	instance-of
Q7998045	P31	Q34770	instance-of
Q79990	P31	Q515	instance-of
Q7999800	P31	Q34770	instance-of
Q800	P31	Q6256	instance-of
Q8000029	P31	Q34770	instance-of
Q801	P31	Q6256	instance-of
Q80104057	P31	Q34770	instance-of
Q8011202	P31	Q515	instance-of
Q802	P31	Q515	instance-of
Q8026711	P31	Q34770	instance-of
Q8026955	P31	Q34770	instance-of
Q8027044	P31	Q34770	instance-of
Q8029061	P31	Q34770	instance-of
Q8029092	P31	Q34770	instance-of
Q8029096	P31	Q34770	instance-of
Q8029704	P31	Q34770	instance-of
Q8030620	P31	Q34770	instance-of
Q8031646	P31	Q34770	instance-of
Q8032058	P31	Q34770	instance-of
Q8034514	P31	Q34770	instance-of
Q8036912	P31	Q34770	instance-of
Q8039044	P31	Q34770	instance-of
Q8039208	P31	Q34770	instance-of
Q8039305	P31	Q34770	instance-of
Q8039349	P31	Q34770	instance-of
Q8039370	P31	Q34770	instance-of
Q804	P31	Q6256	instance-of
Q8042823	P31	Q34770	instance-of
Q8042887	P31	Q34770	instance-of
Q8042924	P31	Q34770	instance-of
Q8044353	P31	Q34770	instance-of
Q8044571	P31	Q34770	instance-of
Q8044745	P31	Q34770	instance-of
Q8044819	P31	Q34770	instance-of
Q8045299	P31	Q34770	instance-of
Q8045635	P31	Q34770	instance-of
Q8046372	P31	Q34770	instance-of
Q8046383	P31	Q34770	instance-of
Q8046394	P31	Q34770	instance-of
Q8046690	P31	Q34770	instance-of
Q8046761	P31	Q34770	instance-of
Q8046778	P31	Q34770	instance-of
Q8046792	P31	Q34770	instance-of
Q8047026	P31	Q34770	instance-of
Q8047041	P31	Q34770	instance-of
Q8047048	P31	Q34770	instance-of
Q8047298	P31	Q34770	instance-of
Q8047468	P31	Q34770	instance-of
Q8047534	P31	Q34770	instance-of
Q8047849	P31	Q34770	instance-of
Q8047913	P31	Q34770	instance-of
Q8048022	P31	Q34770	instance-of
Q8048030	P31	Q34770	instance-of
Q8048083	P31	Q34770	instance-of
Q8048316	P31	Q34770	instance-of
Q8048318	P31	Q34770	instance-of
Q8048335	P31	Q34770	instance-of
Q80484	P31	Q515	instance-of
Q8048537	P31	Q34770	instance-of
Q8048561	P31	Q34770	instance-of
Q8048601	P31	Q34770	instance-of
Q8048663	P31	Q34770	instance-of
Q8048922	P31	Q34770	instance-of
Q8048928	P31	Q34770	instance-of
Q8049134	P31	Q34770	instance-of
Q8049237	P31	Q34770	instance-of
Q8049590	P31	Q34770	instance-of
Q8049597	P31	Q34770	instance-of
Q8049598	P31	Q34770	instance-of
Q805	P31	Q6256	instance-of
Q8050300	P31	Q34770	instance-of
Q8050301	P31	Q34770	instance-of
Q8050328	P31	Q34770	instance-of
Q8050336	P31	Q34770	instance-of
Q8050346	P31	Q34770	instance-of
Q8050347	P31	Q34770	instance-of
Q8050392	P31	Q34770	instance-of
Q8050463	P31	Q34770	instance-of
Q8050479	P31	Q34770	instance-of
Q8050525	P31	Q34770	instance-of
Q8050607	P31	Q34770	instance-of
Q8050724	P31	Q34770	instance-of
Q805122	P31	Q3918	instance-of
Q8051324	P31	Q34770	instance-of
Q8051326	P31	Q34770	instance-of
Q8051428	P31	Q34770	instance-of
Q8052020	P31	Q34770	instance-of
Q8052024	P31	Q34770	instance-of
Q80522305	P31	Q34770	instance-of
Q8052531	P31	Q34770	instance-of
Q8052565	P31	Q34770	instance-of
Q8052927	P31	Q34770	instance-of
Q8053020	P31	Q34770	instance-of
Q8053347	P31	Q34770	instance-of
Q8053734	P31	Q34770	instance-of
Q8053763	P31	Q34770	instance-of
Q8053819	P31	Q34770	instance-of
Q8053828	P31	Q34770	instance-of
Q8053831	P31	Q34770	instance-of
Q8053879	P31	Q34770	instance-of
Q8054220	P31	Q34770	instance-of
Q8054343	P31	Q34770	instance-of
Q8054512	P31	Q34770	instance-of
Q8054817	P31	Q34770	instance-of
Q8054978	P31	Q34770	instance-of
Q8054983	P31	Q34770	instance-of
Q8055032	P31	Q34770	instance-of
Q805515	P31	Q515	instance-of
Q8055849	P31	Q34770	instance-of
Q8057765	P31	Q34770	instance-of
Q8060191	P31	Q34770	instance-of
Q8060437	P31	Q34770	instance-of
Q8061062	P31	Q34770	instance-of
Q8061430	P31	Q34770	instance-of
Q8061440	P31	Q34770	instance-of
Q8062232	P31	Q34770	instance-of
Q8063390	P31	Q34770	instance-of
Q8063754	P31	Q34770	instance-of
Q8063756	P31	Q34770	instance-of
Q8066018	P31	Q34770	instance-of
Q8066220	P31	Q34770	instance-of
Q8066599	P31	Q34770	instance-of
Q8068234	P31	Q34770	instance-of
Q8068685	P31	Q34770	instance-of
Q8070885	P31	Q34770	instance-of
Q8071451	P31	Q34770	instance-of
Q8071960	P31	Q34770	instance-of
Q8072097	P31	Q34770	instance-of
Q8072460	P31	Q34770	instance-of
Q8072753	P31	Q34770	instance-of
Q8072851	P31	Q34770	instance-of
Q8073148	P31	Q34770	instance-of
Q8073523	P31	Q34770	instance-of
Q8074100	P31	Q34770	instance-of
Q8074520	P31	Q34770	instance-of
Q8074599	P31	Q34770	instance-of
Q8078669	P31	Q34770	instance-of
Q8078975	P31	Q34770	instance-of
Q8083825	P31	Q34770	instance-of
Q8096508	P31	Q34770	instance-of
Q80985	P31	Q515	instance-of
Q80989	P31	Q515	instance-of
Q810	P31	Q6256	instance-of
Q810009	P31	Q9143	instance-of
Q81033	P31	Q515	instance-of
Q810378	P31	Q34770	instance-of
Q811	P31	Q6256	instance-of
Q81137	P31	Q515	instance-of
Q81294	P31	Q9143	instance-of
Q812964	P31	Q9143	instance-of
Q813	P31	Q6256	instance-of
Q81348	P31	Q9143	instance-of
Q81398	P31	Q515	instance-of
Q8141	P31	Q34770	instance-of
Q814269	P31	Q9143	instance-of
Q814984	P31	Q34770	instance-of
Q815352	P31	Q3918	instance-of
Q815721	P31	Q515	instance-of
Q81581	P31	Q515	instance-of
Q816145	P31	Q3918	instance-of
Q81621	P31	Q515	instance-of
Q816699	P31	Q515	instance-of
Q817	P31	Q6256	instance-of
Q817247	P31	Q515	instance-of
Q817578	P31	Q515	instance-of
Q81788	P31	Q515	instance-of
Q819	P31	Q6256	instance-of
Q820235	P31	Q515	instance-of
Q8202951	P31	Q34770	instance-of
Q82059	P31	Q43229	instance-of
Q82070	P31	Q515	instance-of
Q820887	P31	Q3918	instance-of
Q8214220	P31	Q34770	instance-of
Q82185	P31	Q515	instance-of
Q822	P31	Q6256	instance-of
Q822679	P31	Q515	instance-of
Q824594	P31	Q515	instance-of
Q82500	P31	Q515	instance-of
Q826	P31	Q6256	instance-of
Q826068	P31	Q515	instance-of
Q82765	P31	Q515	instance-of
Q828742	P31	Q9143	instance-of
Q82960	P31	Q515	instance-of
Q83061	P31	Q515	instance-of
Q83065	P31	Q515	instance-of
Q830842	P31	Q9143	instance-of
Q83178	P31	Q515	instance-of
Q83189	P31	Q515	instance-of
Q832026	P31	Q34770	instance-of
Q83285	P31	Q515	instance-of
Q833	P31	Q6256	instance-of
Q833016	P31	Q515	instance-of
Q83303	P31	Q9143	instance-of
Q83317	P31	Q515	instance-of
Q83387	P31	Q515	instance-of
Q83495	P31	Q11424	instance-of
Q835960	P31	Q3918	instance-of
Q836	P31	Q6256	instance-of
Q836805	P31	Q3918	instance-of
Q837	P31	Q6256	instance-of
Q837073	P31	Q34770	instance-of
Q837164	P31	Q3918	instance-of
Q837169	P31	Q34770	instance-of
Q837257	P31	Q34770	instance-of
Q83786	P31	Q515	instance-of
Q838062	P31	Q9143	instance-of
Q838165	P31	Q34770	instance-of
Q838954	P31	Q515	instance-of
Q839669	P31	Q3918	instance-of
Q84	P31	Q515	instance-of
Q840543	P31	Q9143	instance-of
Q840712	P31	Q515	instance-of
Q841704	P31	Q34770	instance-of
Q842	P31	Q6256	instance-of
Q842214	P31	Q482994	instance-of
Q842779	P31	Q515	instance-of
Q842869	P31	Q515	instance-of
Q843	P31	Q6256	instance-of
Q843138	P31	Q515	instance-of
Q844300	P31	Q34770	instance-of
Q844417	P31	Q515	instance-of
Q844430	P31	Q515	instance-of
Q844595	P31	Q9143	instance-of
Q845662	P31	Q515	instance-of
Q845720	P31	Q515	instance-of
Q845783	P31	Q482994	instance-of
Q846	P31	Q6256	instance-of
Q846502	P31	Q515	instance-of
Q847064	P31	Q34770	instance-of
Q8475	P31	Q43229	instance-of
Q848460	P31	Q9143	instance-of
Q848638	P31	Q515	instance-of
Q849146	P31	Q9143	instance-of
Q849524	P31	Q515	instance-of
Q849561	P31	Q515	instance-of
Q849751	P31	Q3918	instance-of
Q850247	P31	Q3918	instance-of
Q851	P31	Q6256	instance-of
Q851164	P31	Q3918	instance-of
Q85132032	P31	Q34770	instance-of
Q852276	P31	Q515	instance-of
Q85300	P31	Q3918	instance-of
Q853258	P31	Q515	instance-of
Q853414	P31	Q34770	instance-of
Q853785	P31	Q515	instance-of
Q854	P31	Q6256	instance-of
Q854280	P31	Q3918	instance-of
Q854333	P31	Q515	instance-of
Q85449	P31	Q3918	instance-of
Q855215	P31	Q34770	instance-of
Q855236	P31	Q34770	instance-of
Q8564176	P31	Q34770	instance-of
Q85740288	P31	Q34770	instance-of
Q85740319	P31	Q34770	instance-of
Q85741012	P31	Q34770	instance-of
Q85746016	P31	Q34770	instance-of
Q85758671	P31	Q34770	instance-of
Q85760309	P31	Q34770	instance-of
Q85760486	P31	Q34770	instance-of
Q85767165	P31	Q34770	instance-of
Q85773285	P31	Q34770	instance-of
Q85773292	P31	Q34770	instance-of
Q85774962	P31	Q34770	instance-of
Q85775085	P31	Q34770	instance-of
Q85775941	P31	Q34770	instance-of
Q85776228	P31	Q34770	instance-of
Q857858	P31	Q34770	instance-of
Q85786287	P31	Q34770	instance-of
Q85787671	P31	Q34770	instance-of
Q85789074	P31	Q34770	instance-of
Q85789179	P31	Q34770	instance-of
Q85789220	P31	Q34770	instance-of
Q85789256	P31	Q34770	instance-of
Q85789777	P31	Q34770	instance-of
Q85790048	P31	Q34770	instance-of
Q85798106	P31	Q34770	instance-of
Q85798227	P31	Q34770	instance-of
Q858	P31	Q6256	instance-of
Q85800442	P31	Q34770	instance-of
Q85805206	P31	Q34770	instance-of
Q85809562	P31	Q34770	instance-of
Q85845773	P31	Q34770	instance-of
Q858750	P31	Q482994	instance-of
Q85970302	P31	Q34770	instance-of
Q860029	P31	Q34770	instance-of
Q860315	P31	Q34770	instance-of
Q860654	P31	Q9143	instance-of
Q862041	P31	Q515	instance-of
Q8621	P31	Q515	instance-of
Q863	P31	Q6256	instance-of
Q863721	P31	Q34770	instance-of
Q863726	P31	Q34770	instance-of
Q863813	P31	Q3918	instance-of
Q8646	P31	Q515	instance-of
Q865	P31	Q6256	instance-of
Q867086	P31	Q34770	instance-of
Q8673	P31	Q515	instance-of
Q86753925	P31	Q34770	instance-of
Q867586	P31	Q515	instance-of
Q868203	P31	Q515	instance-of
Q8684	P31	Q515	instance-of
Q868631	P31	Q515	instance-of
Q869	P31	Q6256	instance-of
Q86919359	P31	Q482994	instance-of
Q8693	P31	Q515	instance-of
Q87	P31	Q515	instance-of
Q871369	P31	Q3918	instance-of
Q874	P31	Q6256	instance-of
Q875	P31	Q515	instance-of
Q8761579	P31	Q34770	instance-of
Q876191	P31	Q515	instance-of
Q877925	P31	Q3918	instance-of
Q878	P31	Q6256	instance-of
Q8786	P31	Q34770	instance-of
Q88	P31	Q515	instance-of
Q880301	P31	Q34770	instance-of
Q881	P31	Q6256	instance-of
Q8821	P31	Q34770	instance-of
Q8826	P31	Q515	instance-of
Q8826802	P31	Q34770	instance-of
Q8827053	P31	Q34770	instance-of
Q8828608	P31	Q34770	instance-of
Q8828787	P31	Q34770	instance-of
Q8829831	P31	Q34770	instance-of
Q8836490	P31	Q34770	instance-of
Q8836662	P31	Q34770	instance-of
Q884	P31	Q6256	instance-of
Q8840465	P31	Q34770	instance-of
Q8840773	P31	Q34770	instance-of
Q8840900	P31	Q34770	instance-of
Q8841054	P31	Q34770	instance-of
Q8841168	P31	Q34770	instance-of
Q8841766	P31	Q34770	instance-of
Q8841889	P31	Q34770	instance-of
Q8842027	P31	Q34770	instance-of
Q8842159	P31	Q34770	instance-of
Q8842355	P31	Q34770	instance-of
Q8842956	P31	Q34770	instance-of
Q8843040	P31	Q34770	instance-of
Q8843362	P31	Q34770	instance-of
Q8843523	P31	Q34770	instance-of
Q8843664	P31	Q34770	instance-of
Q8844749	P31	Q34770	instance-of
Q8845514	P31	Q34770	instance-of
Q8845881	P31	Q34770	instance-of
Q889	P31	Q6256	instance-of
Q890884	P31	Q3918	instance-of
Q892948	P31	Q9143	instance-of
Q895194	P31	Q34770	instance-of
Q8969	P31	Q515	instance-of
Q9006723	P31	Q34770	instance-of
Q9006744	P31	Q34770	instance-of
Q9006747	P31	Q34770	instance-of
Q902	P31	Q6256	instance-of
Q9027	P31	Q34770	instance-of
Q903092	P31	Q3918	instance-of
Q9040772	P31	Q34770	instance-of
Q9043	P31	Q34770	instance-of
Q9051	P31	Q34770	instance-of
Q9058	P31	Q34770	instance-of
Q906	P31	Q515	instance-of
Q9067	P31	Q34770	instance-of
Q9078	P31	Q34770	instance-of
Q9083	P31	Q34770	instance-of
Q9091	P31	Q34770	instance-of
Q9096758	P31	Q34770	instance-of
Q912	P31	Q6256	instance-of
Q914077	P31	Q34770	instance-of
Q91540	P31	Q11424	instance-of
Q916	P31	Q6256	instance-of
Q9168	P31	Q34770	instance-of
Q917	P31	Q6256	instance-of
Q9192	P31	Q34770	instance-of
Q9205	P31	Q34770	instance-of
Q921	P31	Q6256	instance-of
Q9211	P31	Q34770	instance-of
Q921304	P31	Q34770	instance-of
Q92161	P31	Q515	instance-of
Q9217	P31	Q34770	instance-of
Q92212	P31	Q515	instance-of
Q9228931	P31	Q34770	instance-of
Q9229310	P31	Q34770	instance-of
Q9229429	P31	Q34770	instance-of
Q9229570	P31	Q34770	instance-of
Q9229830	P31	Q34770	instance-of
Q9230148	P31	Q34770	instance-of
Q9231909	P31	Q34770	instance-of
Q9232446	P31	Q34770	instance-of
Q923610	P31	Q3918	instance-of
Q9237	P31	Q34770	instance-of
Q924	P31	Q6256	instance-of
Q9240	P31	Q34770	instance-of
Q924405	P31	Q34770	instance-of
Q92561	P31	Q515	instance-of
Q926551	P31	Q34770	instance-of
Q926742	P31	Q34770	instance-of
Q92689	P31	Q515	instance-of
Q9270	P31	Q515	instance-of
Q9279	P31	Q515	instance-of
Q928	P31	Q6256	instance-of
Q9288	P31	Q34770	instance-of
Q929	P31	Q6256	instance-of
Q92927167	P31	Q34770	instance-of
Q9296	P31	Q34770	instance-of
Q9299	P31	Q34770	instance-of
Q93035843	P31	Q34770	instance-of
Q930528	P31	Q3918	instance-of
Q930579	P31	Q34770	instance-of
Q9307	P31	Q34770	instance-of
Q93230	P31	Q515	instance-of
Q932886	P31	Q515	instance-of
Q932901	P31	Q515	instance-of
Q93323	P31	Q515	instance-of
Q9333703	P31	Q34770	instance-of
Q93338	P31	Q515	instance-of
Q9344891	P31	Q34770	instance-of
Q934541	P31	Q34770	instance-of
Q9347	P31	Q515	instance-of
Q934738	P31	Q34770	instance-of
Q93482	P31	Q9143	instance-of
Q935886	P31	Q515	instance-of
Q9365	P31	Q515	instance-of
Q93935237	P31	Q34770	instance-of
Q93936908	P31	Q34770	instance-of
Q93937013	P31	Q34770	instance-of
Q940486	P31	Q34770	instance-of
Q940919	P31	Q3918	instance-of
Q942591	P31	Q34770	instance-of
Q9427	P31	Q515	instance-of
Q943759	P31	Q3918	instance-of
Q94473	P31	Q3918	instance-of
Q945	P31	Q6256	instance-of
Q945482	P31	Q34770	instance-of
Q945748	P31	Q34770	instance-of
Q946143	P31	Q515	instance-of
Q947171	P31	Q9143	instance-of
Q948	P31	Q6256	instance-of
Q948514	P31	Q34770	instance-of
Q949746	P31	Q515	instance-of
Q951305	P31	Q3918	instance-of
Q952133	P31	Q34770	instance-of
Q953	P31	Q6256	instance-of
Q953421	P31	Q3918	instance-of
Q954	P31	Q6256	instance-of
Q954035	P31	Q3918	instance-of
Q954916	P31	Q34770	instance-of
Q955609	P31	Q3918	instance-of
Q956	P31	Q515	instance-of
Q956117	P31	Q515	instance-of
Q957945	P31	Q34770	instance-of
Q958	P31	Q6256	instance-of
Q959	P31	Q515	instance-of
Q96	P31	Q6256	instance-of
Q961543	P31	Q9143	instance-of
Q961982	P31	Q3918	instance-of
Q962	P31	Q6256	instance-of
Q96238391	P31	Q34770	instance-of
Q962392	P31	Q34770	instance-of
Q9627356	P31	Q34770	instance-of
Q963	P31	Q6256	instance-of
Q963636	P31	Q34770	instance-of
Q96376315	P31	Q34770	instance-of
Q96380029	P31	Q34770	instance-of
Q96391159	P31	Q34770	instance-of
Q96393086	P31	Q34770	instance-of
Q96395137	P31	Q34770	instance-of
Q96397257	P31	Q34770	instance-of
Q96413038	P31	Q34770	instance-of
Q96419475	P31	Q34770	instance-of
Q964716	P31	Q34770	instance-of
Q965	P31	Q6256	instance-of
Q966303	P31	Q34770	instance-of
Q96674948	P31	Q34770	instance-of
Q966883	P31	Q34770	instance-of
Q967	P31	Q6256	instance-of
Q967031	P31	Q34770	instance-of
Q970	P31	Q6256	instance-of
Q971	P31	Q6256	instance-of
Q97164553	P31	Q34770	instance-of
Q97183856	P31	Q34770	instance-of
Q97208235	P31	Q34770	instance-of
Q973097	P31	Q9143	instance-of
Q97356879	P31	Q34770	instance-of
Q973685	P31	Q34770	instance-of
Q974	P31	Q6256	instance-of
Q974328	P31	Q3918	instance-of
Q97484838	P31	Q34770	instance-of
Q97506217	P31	Q34770	instance-of
Q97506224	P31	Q34770	instance-of
Q97514543	P31	Q34770	instance-of
Q975399	P31	Q34770	instance-of
Q97550641	P31	Q34770	instance-of
Q975594	P31	Q9143	instance-of
Q97573433	P31	Q34770	instance-of
Q97573477	P31	Q34770	instance-of
Q97620733	P31	Q482994	instance-of
Q97649733	P31	Q34770	instance-of
Q97657223	P31	Q34770	instance-of
Q976953	P31	Q34770	instance-of
Q977	P31	Q6256	instance-of
Q977255	P31	Q515	instance-of
Q977781	P31	Q3918	instance-of
Q977808	P31	Q34770	instance-of
Q978185	P31	Q9143	instance-of
Q9783	P31	Q515	instance-of
Q98078043	P31	Q34770	instance-of
Q98078075	P31	Q34770	instance-of
Q98078568	P31	Q34770	instance-of
Q98098861	P31	Q34770	instance-of
Q98099074	P31	Q34770	instance-of
Q98113728	P31	Q34770	instance-of
Q98113954	P31	Q34770	instance-of
Q98113977	P31	Q34770	instance-of
Q9824	P31	Q515	instance-of
Q983	P31	Q6256	instance-of
Q983540	P31	Q515	instance-of
Q9844	P31	Q515	instance-of
Q98447483	P31	Q34770	instance-of
Q986	P31	Q6256	instance-of
Q9863	P31	Q515	instance-of
Q986984	P31	Q515	instance-of
Q9885	P31	Q515	instance-of
Q9918	P31	Q515	instance-of
Q9920	P31	Q515	instance-of
Q992830	P31	Q3918	instance-of
Q994	P31	Q515	instance-of
Q994514	P31	Q515	instance-of
Q99457246	P31	Q34770	instance-of
Q995265	P31	Q3918	instance-of
Q9954	P31	Q515	instance-of
Q9974	P31	Q515	instance-of
