entityId	languageTag	alias
http://www.wikidata.org/entity/Q1000	ar	الجابون
http://www.wikidata.org/entity/Q1000	ar	الجمهورية الغابونية
http://www.wikidata.org/entity/Q1000	ar	جمهورية الغابون
http://www.wikidata.org/entity/Q100188	ar	كلوج
http://www.wikidata.org/entity/Q1005	ar	جمهورية غامبيا
http://www.wikidata.org/entity/Q1006	ar	جمهورية غينيا
http://www.wikidata.org/entity/Q1007	ar	جمهورية غينيا بيساو
http://www.wikidata.org/entity/Q1008	ar	جمهورية ساحل العاج
http://www.wikidata.org/entity/Q1008	ar	جمهورية كوت ديفوار
http://www.wikidata.org/entity/Q1008	ar	كوت ديفوار
http://www.wikidata.org/entity/Q1009	ar	جمهورية الكاميرون
http://www.wikidata.org/entity/Q1009	ar	جمهورية الكمرون
http://www.wikidata.org/entity/Q1009	ar	كمرون
http://www.wikidata.org/entity/Q1013	ar	مملكة ليسوتو
http://www.wikidata.org/entity/Q1016	ar	الجمهورية الليبية
http://www.wikidata.org/entity/Q1016	ar	الليبي
http://www.wikidata.org/entity/Q1016	ar	الليبية
http://www.wikidata.org/entity/Q1016	ar	الليبين
http://www.wikidata.org/entity/Q1016	ar	دولة ليبيا
http://www.wikidata.org/entity/Q1016	ar	ليببيا
http://www.wikidata.org/entity/Q1016	ar	ليبي
http://www.wikidata.org/entity/Q1016	ar	ليبية
http://www.wikidata.org/entity/Q10179	ar	زولوية
http://www.wikidata.org/entity/Q10179	ar	لغة زولوية
http://www.wikidata.org/entity/Q1019	ar	ملجاش
http://www.wikidata.org/entity/Q10199	ar	زازاكية
http://www.wikidata.org/entity/Q10199	ar	لغة زازاكية
http://www.wikidata.org/entity/Q1020	ar	جمهورية مالاوي
http://www.wikidata.org/entity/Q1020	ar	مالاوي
http://www.wikidata.org/entity/Q102225	ar	هاري بوتر و كأس النار
http://www.wikidata.org/entity/Q102225	ar	Harry Potter and the Goblet of Fire
http://www.wikidata.org/entity/Q102235	ar	هاري بوتر وجماعه العنقاء
http://www.wikidata.org/entity/Q102235	ar	Harry Potter and the Order of the Phoenix
http://www.wikidata.org/entity/Q102244	ar	هاري بوتر و حجرة الأسرار
http://www.wikidata.org/entity/Q102244	ar	هاري بوتر وحجره الأسرار
http://www.wikidata.org/entity/Q102244	ar	Harry Potter and the Chamber of Secrets
http://www.wikidata.org/entity/Q1022488	ar	برايتون وهوف
http://www.wikidata.org/entity/Q102317	ar	كيلتسي
http://www.wikidata.org/entity/Q102438	ar	هاري بوتر و حجر الفلاسفة
http://www.wikidata.org/entity/Q102438	ar	هاري بوتر و حجر الفيلسوف
http://www.wikidata.org/entity/Q102438	ar	هاري بوتر وحجر الساحر
http://www.wikidata.org/entity/Q102438	ar	هاري بوتر وحجر الفلاسفة
http://www.wikidata.org/entity/Q102438	ar	Harry Potter and the Philosopher's Stone
http://www.wikidata.org/entity/Q102448	ar	هاري بوتر و سجين أزكابان
http://www.wikidata.org/entity/Q1025	ar	🇲🇷
http://www.wikidata.org/entity/Q1025	ar	الجمهورية الإسلامية الموريتانية
http://www.wikidata.org/entity/Q1027	ar	بور لوي
http://www.wikidata.org/entity/Q1027	ar	بور لويس
http://www.wikidata.org/entity/Q1027	ar	جمهورية موريشيوس
http://www.wikidata.org/entity/Q1027	ar	عاصمة موريشيوس
http://www.wikidata.org/entity/Q1027	ar	مورشس
http://www.wikidata.org/entity/Q1027	ar	موريتيوس
http://www.wikidata.org/entity/Q1027	ar	موريشوس
http://www.wikidata.org/entity/Q102737	ar	اغيديل
http://www.wikidata.org/entity/Q102737	ar	أغيديل، باسكورتوستان
http://www.wikidata.org/entity/Q1028	ar	المملكة المغربية
http://www.wikidata.org/entity/Q1030	ar	نامبيا
http://www.wikidata.org/entity/Q1030	ar	ناميبي
http://www.wikidata.org/entity/Q103011	ar	كورنث
http://www.wikidata.org/entity/Q103011	ar	كورنثة
http://www.wikidata.org/entity/Q103011	ar	كورنثوس
http://www.wikidata.org/entity/Q103011	ar	كورينث
http://www.wikidata.org/entity/Q103011	ar	كورينثوس
http://www.wikidata.org/entity/Q103011	ar	كورينثوس، كورينثيا
http://www.wikidata.org/entity/Q1031803	ar	جامعة روما 2
http://www.wikidata.org/entity/Q1032	ar	جمهورية النيجر
http://www.wikidata.org/entity/Q1032	ar	زندر
http://www.wikidata.org/entity/Q1032	ar	عاصمة النيجر
http://www.wikidata.org/entity/Q1032	ar	قائمة جزر النيجر
http://www.wikidata.org/entity/Q1032	ar	منطقة حضارية نيامي
http://www.wikidata.org/entity/Q1032	ar	نيجر
http://www.wikidata.org/entity/Q1032453	ar	الحضرموتية
http://www.wikidata.org/entity/Q1033	ar	جمهورية نيجيريا الاتحادية
http://www.wikidata.org/entity/Q103474	ar	٢٠٠١: أوديسة الفضاء (فيلم)
http://www.wikidata.org/entity/Q1036	ar	جمهورية أوغندا
http://www.wikidata.org/entity/Q1039	ar	جمهورية ساو تومي وبرينسيب الديمقراطية
http://www.wikidata.org/entity/Q1039	ar	ساو تومي وبرينسيبي
http://www.wikidata.org/entity/Q1041	ar	السنيغال
http://www.wikidata.org/entity/Q1041	ar	السينغال
http://www.wikidata.org/entity/Q1041	ar	السينيغال
http://www.wikidata.org/entity/Q1041	ar	جمهورية السنغال
http://www.wikidata.org/entity/Q1041	ar	سنغال
http://www.wikidata.org/entity/Q1041	ar	سنغالي
http://www.wikidata.org/entity/Q1041	ar	سينيغال
http://www.wikidata.org/entity/Q104123	ar	Pulp Fiction
http://www.wikidata.org/entity/Q1042	ar	جمهورية سيشل
http://www.wikidata.org/entity/Q1042	ar	سيشيل
http://www.wikidata.org/entity/Q104302	ar	تشورزوف
http://www.wikidata.org/entity/Q1044	ar	جمهورية سيراليون
http://www.wikidata.org/entity/Q1045	ar	جمهورية الصومال
http://www.wikidata.org/entity/Q1045	ar	جمهورية الصومال الديموقراطية
http://www.wikidata.org/entity/Q1045	ar	صومال
http://www.wikidata.org/entity/Q1047293	ar	جامعة كاليفورنيا في سانتا كروز
http://www.wikidata.org/entity/Q1049	ar	جمهورية السودان
http://www.wikidata.org/entity/Q1049708	ar	إي شارب
http://www.wikidata.org/entity/Q1049708	ar	A Sharp
http://www.wikidata.org/entity/Q1050	ar	سوازيلاند
http://www.wikidata.org/entity/Q1050	ar	مملكة إسواتيني
http://www.wikidata.org/entity/Q105037	ar	كالاو
http://www.wikidata.org/entity/Q105060	ar	سوسنوفييتش
http://www.wikidata.org/entity/Q105084	ar	جليفيتش
http://www.wikidata.org/entity/Q1052614	ar	جامعة الدولة يوتا
http://www.wikidata.org/entity/Q1052614	ar	جامعة يوتا الدولة
http://www.wikidata.org/entity/Q1052614	ar	جامعه ولايه يوتا
http://www.wikidata.org/entity/Q1052614	ar	Utah State University
http://www.wikidata.org/entity/Q1053535	ar	Processing
http://www.wikidata.org/entity/Q1056373	ar	جامعة غالوديت (جامعة)
http://www.wikidata.org/entity/Q106316	ar	مجتمع الشعراء الأموات
http://www.wikidata.org/entity/Q106316	ar	مجتمع الشعراء الموتى
http://www.wikidata.org/entity/Q1065414	ar	الجامعة الحرة باامستردام
http://www.wikidata.org/entity/Q10690	ar	كرديذ
http://www.wikidata.org/entity/Q10690	ar	كَرْدِيذ
http://www.wikidata.org/entity/Q10690	ar	كَرْدِيف
http://www.wikidata.org/entity/Q1070391	ar	اللغة السبئية
http://www.wikidata.org/entity/Q1070391	ar	سبأية
http://www.wikidata.org/entity/Q1070391	ar	لغة التقري
http://www.wikidata.org/entity/Q1070391	ar	لغة السبئية
http://www.wikidata.org/entity/Q1070391	ar	لغة سبئية
http://www.wikidata.org/entity/Q1070391	ar	لغه السبئيه
http://www.wikidata.org/entity/Q107106	ar	ياسترجيبي جروج
http://www.wikidata.org/entity/Q10713	ar	لوية
http://www.wikidata.org/entity/Q1072029	ar	جامعه ويلز
http://www.wikidata.org/entity/Q107401	ar	سبسطية (تركيا)
http://www.wikidata.org/entity/Q107401	ar	سيفاس
http://www.wikidata.org/entity/Q107401	ar	سيواس (تركيا)
http://www.wikidata.org/entity/Q1083	ar	ساليرنو
http://www.wikidata.org/entity/Q109116	ar	الديكتاتور المهيب
http://www.wikidata.org/entity/Q109116	ar	The Great Dictator
http://www.wikidata.org/entity/Q109386	ar	نامبو (مدينة)
http://www.wikidata.org/entity/Q11194	ar	سراي بوسنة
http://www.wikidata.org/entity/Q1122188	ar	ارومنتشيلا
http://www.wikidata.org/entity/Q112657	ar	باج
http://www.wikidata.org/entity/Q1137652	ar	جامعة ماستريخت
http://www.wikidata.org/entity/Q1138080	ar	جامعه كوفنتري
http://www.wikidata.org/entity/Q1144565	ar	جامعة اوميو
http://www.wikidata.org/entity/Q1145306	ar	جامعة كولكتا
http://www.wikidata.org/entity/Q115	ar	الجمهورية الفدرالية الديمقراطية لإثيوبيا
http://www.wikidata.org/entity/Q115	ar	جمهورية إثيوبيا الفيدرالية الديمقراطية
http://www.wikidata.org/entity/Q1156	ar	بومباي
http://www.wikidata.org/entity/Q116341	ar	كورتشه
http://www.wikidata.org/entity/Q1165865	ar	جامعة أمام حسين
http://www.wikidata.org/entity/Q1165865	ar	جامعة امام حسين
http://www.wikidata.org/entity/Q117	ar	جمهورية غانا
http://www.wikidata.org/entity/Q11736	ar	بلدية تيانجين
http://www.wikidata.org/entity/Q11736	ar	تيانجن
http://www.wikidata.org/entity/Q11736	ar	天津
http://www.wikidata.org/entity/Q11739	ar	لاہور
http://www.wikidata.org/entity/Q11739	ar	لهور
http://www.wikidata.org/entity/Q1187271	ar	جامعة هونغ كونغ المتعددة التكنولوجية
http://www.wikidata.org/entity/Q1188786	ar	جامعة كيوشو الإمبراطورية
http://www.wikidata.org/entity/Q1190852	ar	جامعة الجزائر - بن يوسف بن خـدة
http://www.wikidata.org/entity/Q1190852	ar	جامعه الجزائر
http://www.wikidata.org/entity/Q1193547	ar	جامعة تولان
http://www.wikidata.org/entity/Q11959	ar	اللقنت
http://www.wikidata.org/entity/Q11959	ar	أليقنت
http://www.wikidata.org/entity/Q11959	ar	اليقنت
http://www.wikidata.org/entity/Q11959	ar	أليكانته
http://www.wikidata.org/entity/Q11959	ar	أليكانتى
http://www.wikidata.org/entity/Q11959	ar	اليكانتى
http://www.wikidata.org/entity/Q11959	ar	اليكانتي
http://www.wikidata.org/entity/Q11959	ar	أليكنت
http://www.wikidata.org/entity/Q11977	ar	تيخي
http://www.wikidata.org/entity/Q1202039	ar	كلية رويال هولواي, جامعة لندن
http://www.wikidata.org/entity/Q1218	ar	القدس الشريف
http://www.wikidata.org/entity/Q1218	ar	أورسالم
http://www.wikidata.org/entity/Q1218	ar	أورشليم
http://www.wikidata.org/entity/Q1218	ar	أورشليم القدس
http://www.wikidata.org/entity/Q1218	ar	أولى القبلتين
http://www.wikidata.org/entity/Q1218	ar	بيت المقدس
http://www.wikidata.org/entity/Q1218	ar	مدينة القدس
http://www.wikidata.org/entity/Q12191529	ar	القواسم في لنجة
http://www.wikidata.org/entity/Q122803	ar	إرزوروم
http://www.wikidata.org/entity/Q122803	ar	ارزوروم
http://www.wikidata.org/entity/Q122803	ar	أرض روم
http://www.wikidata.org/entity/Q122803	ar	ارض روم
http://www.wikidata.org/entity/Q122803	ar	ارضروم
http://www.wikidata.org/entity/Q122803	ar	الأرضروم
http://www.wikidata.org/entity/Q12292	ar	فياريال مقاطعة
http://www.wikidata.org/entity/Q123196	ar	اسديروت
http://www.wikidata.org/entity/Q123196	ar	سيديروت
http://www.wikidata.org/entity/Q1232428	ar	UPV/EHU
http://www.wikidata.org/entity/Q123709	ar	Dundee
http://www.wikidata.org/entity/Q123885	ar	الجمعيه الملكيه
http://www.wikidata.org/entity/Q123885	ar	المجتمع الملكي
http://www.wikidata.org/entity/Q123885	ar	جمعية الملكية
http://www.wikidata.org/entity/Q123885	ar	رجل من المجتمع الملكي
http://www.wikidata.org/entity/Q12432	ar	جامعة متشيغان التقنية
http://www.wikidata.org/entity/Q12432	ar	جامعة ميشيغان التكنولوجية
http://www.wikidata.org/entity/Q12432	ar	كلية ميشيغان للتعدين والتقنية
http://www.wikidata.org/entity/Q12432	ar	ميشيغان تك
http://www.wikidata.org/entity/Q1243705	ar	جامعة مودينا
http://www.wikidata.org/entity/Q1245318	ar	جامعة مسينة
http://www.wikidata.org/entity/Q1245318	ar	جامعة ميسينا
http://www.wikidata.org/entity/Q1246	ar	جمهورية كوسوفو
http://www.wikidata.org/entity/Q1246	ar	قوصوة
http://www.wikidata.org/entity/Q1246	ar	كوسوفا
http://www.wikidata.org/entity/Q124739	ar	تيهوانا
http://www.wikidata.org/entity/Q1247544	ar	جامعة ويست منستر
http://www.wikidata.org/entity/Q1247544	ar	جامعة ويستمنستر
http://www.wikidata.org/entity/Q1248821	ar	جامعة قطانية
http://www.wikidata.org/entity/Q125076	ar	المتشرد المليونير
http://www.wikidata.org/entity/Q125076	ar	المليونير المشرد
http://www.wikidata.org/entity/Q125076	ar	مليونير العشوائيات
http://www.wikidata.org/entity/Q125076	ar	Slumdog Millionaire
http://www.wikidata.org/entity/Q125434	ar	بورت اليزابيث
http://www.wikidata.org/entity/Q125434	ar	بورت إيلزابيث
http://www.wikidata.org/entity/Q126084	ar	عكو
http://www.wikidata.org/entity/Q126084	ar	مدينة عكا
http://www.wikidata.org/entity/Q126148	ar	جماعة طنجة
http://www.wikidata.org/entity/Q126148	ar	طنجه
http://www.wikidata.org/entity/Q126148	ar	Tanger
http://www.wikidata.org/entity/Q1262143	ar	عربى جوبا
http://www.wikidata.org/entity/Q1262143	ar	عربي جوبا
http://www.wikidata.org/entity/Q1262143	ar	لهجة جوبا
http://www.wikidata.org/entity/Q126269	ar	وولفرهامبتن
http://www.wikidata.org/entity/Q126415	ar	كوباني
http://www.wikidata.org/entity/Q1265294	ar	جامع السنكوري
http://www.wikidata.org/entity/Q1265294	ar	جامع تمبكتو الكبير
http://www.wikidata.org/entity/Q1265294	ar	جامعة سانكوري
http://www.wikidata.org/entity/Q1265294	ar	مسجد سنغور
http://www.wikidata.org/entity/Q126805	ar	سانت كاثرين، أونتاريو
http://www.wikidata.org/entity/Q127063	ar	كارس
http://www.wikidata.org/entity/Q127367	ar	سيد الخواتم: رفقه الخاتم
http://www.wikidata.org/entity/Q127367	ar	The Lord of the Rings: The Fellowship of the Ring
http://www.wikidata.org/entity/Q127437572	ar	العَرَنْجِيَّة
http://www.wikidata.org/entity/Q128147	ar	كينغستون أبون هل
http://www.wikidata.org/entity/Q128147	ar	كينغيستون أبون هول
http://www.wikidata.org/entity/Q128147	ar	هل
http://www.wikidata.org/entity/Q128147	ar	هول
http://www.wikidata.org/entity/Q1283865	ar	لغة البرمجة آس
http://www.wikidata.org/entity/Q1283865	ar	لغة البرمجة أس
http://www.wikidata.org/entity/Q128518	ar	جلادييتور
http://www.wikidata.org/entity/Q128518	ar	غلاديايتر
http://www.wikidata.org/entity/Q129421	ar	جامعة كاليفورنيا في دافيس
http://www.wikidata.org/entity/Q129421	ar	جامعة كاليفورنيا في ديفيز
http://www.wikidata.org/entity/Q129421	ar	جامعة كاليفورنيا، ديفيس
http://www.wikidata.org/entity/Q1294439	ar	صلاله
http://www.wikidata.org/entity/Q129649	ar	إزميت
http://www.wikidata.org/entity/Q129649	ar	إِزْمِيدُ
http://www.wikidata.org/entity/Q130191	ar	نورويش
http://www.wikidata.org/entity/Q130191	ar	نوريش
http://www.wikidata.org/entity/Q130469	ar	مزارشريف
http://www.wikidata.org/entity/Q130514	ar	اثار الاقصر
http://www.wikidata.org/entity/Q130514	ar	أقصر
http://www.wikidata.org/entity/Q130514	ar	مدينة الأقصر
http://www.wikidata.org/entity/Q130800	ar	بابيت
http://www.wikidata.org/entity/Q131074	ar	سيد الخواتم: عوده الملك
http://www.wikidata.org/entity/Q131074	ar	The Lord of the Rings: The Return of the King
http://www.wikidata.org/entity/Q131127	ar	بانيالوكا
http://www.wikidata.org/entity/Q131127	ar	بنيا لوكا
http://www.wikidata.org/entity/Q131127	ar	بنيالوكا
http://www.wikidata.org/entity/Q131128	ar	برونو آم إن
http://www.wikidata.org/entity/Q131182	ar	ذا فايم
http://www.wikidata.org/entity/Q131182	ar	The Fame
http://www.wikidata.org/entity/Q131233	ar	بايريكي
http://www.wikidata.org/entity/Q131287560	ar	الفارسية الكلاسيكية
http://www.wikidata.org/entity/Q131323	ar	مسراتا
http://www.wikidata.org/entity/Q131323	ar	مصراته
http://www.wikidata.org/entity/Q131390	ar	٣٠٠
http://www.wikidata.org/entity/Q131495	ar	شيرناك
http://www.wikidata.org/entity/Q131588685	ar	الإمارة القاسمية
http://www.wikidata.org/entity/Q131588685	ar	الدولة القاسمية
http://www.wikidata.org/entity/Q131612	ar	واينر نوستادت
http://www.wikidata.org/entity/Q131623074	ar	جامعه الأقصى
http://www.wikidata.org/entity/Q131638	ar	أشقودرة
http://www.wikidata.org/entity/Q131638	ar	شكودر
http://www.wikidata.org/entity/Q131694	ar	مدينة عدن
http://www.wikidata.org/entity/Q131818	ar	مدينة وهران
http://www.wikidata.org/entity/Q1321	ar	إسبانية
http://www.wikidata.org/entity/Q1321	ar	اللغة الإسبانية
http://www.wikidata.org/entity/Q1321	ar	اللغة الاسبانية
http://www.wikidata.org/entity/Q1321	ar	لغة إسبانية
http://www.wikidata.org/entity/Q132444522	ar	اللهجة الرقاوية السورية
http://www.wikidata.org/entity/Q132444522	ar	رقاوية
http://www.wikidata.org/entity/Q132444522	ar	لهجة رقاوية
http://www.wikidata.org/entity/Q132671	ar	بو (فرنسا)
http://www.wikidata.org/entity/Q132689	ar	كازابلانكا
http://www.wikidata.org/entity/Q132754	ar	أربیل
http://www.wikidata.org/entity/Q132754	ar	اربيل
http://www.wikidata.org/entity/Q132754	ar	هولير
http://www.wikidata.org/entity/Q132754	ar	ھةولیر
http://www.wikidata.org/entity/Q132754	ar	ھەولیر
http://www.wikidata.org/entity/Q13283	ar	سقطرية
http://www.wikidata.org/entity/Q13307	ar	اللغة الناوروية
http://www.wikidata.org/entity/Q13307	ar	لغة ناورونية
http://www.wikidata.org/entity/Q13307	ar	ناورونية
http://www.wikidata.org/entity/Q13310	ar	ناڤاهو
http://www.wikidata.org/entity/Q13310	ar	نڤهو
http://www.wikidata.org/entity/Q133116	ar	هميلتون
http://www.wikidata.org/entity/Q133116	ar	هميلتون، أنتاريو
http://www.wikidata.org/entity/Q133118	ar	اورفة
http://www.wikidata.org/entity/Q133118	ar	أورهاي
http://www.wikidata.org/entity/Q133123	ar	باتراس
http://www.wikidata.org/entity/Q133123	ar	باتراي
http://www.wikidata.org/entity/Q133123	ar	باتري، أهيا
http://www.wikidata.org/entity/Q133123	ar	بطراس
http://www.wikidata.org/entity/Q133132	ar	كومونه باريس
http://www.wikidata.org/entity/Q133132	ar	كوميونة باريس
http://www.wikidata.org/entity/Q13318	ar	إمبريا
http://www.wikidata.org/entity/Q13318	ar	إمبيريا
http://www.wikidata.org/entity/Q13320	ar	سافونا
http://www.wikidata.org/entity/Q13324	ar	مينانغكاباو
http://www.wikidata.org/entity/Q13329	ar	بياتشنزا
http://www.wikidata.org/entity/Q13329	ar	بيتشنزا
http://www.wikidata.org/entity/Q1333399	ar	جامعه ليستر
http://www.wikidata.org/entity/Q13336	ar	مغولية
http://www.wikidata.org/entity/Q13349	ar	مون
http://www.wikidata.org/entity/Q13356	ar	طبري
http://www.wikidata.org/entity/Q13356	ar	لغة الطبري
http://www.wikidata.org/entity/Q13356	ar	مازندرانية
http://www.wikidata.org/entity/Q13361	ar	مهرية
http://www.wikidata.org/entity/Q13364	ar	رافينا
http://www.wikidata.org/entity/Q133654	ar	The Silence of the Lambs
http://www.wikidata.org/entity/Q133678	ar	لغة أوطاوا
http://www.wikidata.org/entity/Q13389	ar	الباشكيرية
http://www.wikidata.org/entity/Q13389	ar	البشقيرية
http://www.wikidata.org/entity/Q13389	ar	البشكيرية
http://www.wikidata.org/entity/Q13389	ar	اللغة الباشقيرية
http://www.wikidata.org/entity/Q13389	ar	اللغة البشكيرية
http://www.wikidata.org/entity/Q134287	ar	طَرَسُوسُ
http://www.wikidata.org/entity/Q134287	ar	قضاء طرسوس
http://www.wikidata.org/entity/Q134291	ar	ميرسين
http://www.wikidata.org/entity/Q134509	ar	المدينة الباسلة
http://www.wikidata.org/entity/Q134509	ar	بور سعيد
http://www.wikidata.org/entity/Q134509	ar	بور سعيد (مدينة)
http://www.wikidata.org/entity/Q134509	ar	بورسعيد (مدينة)
http://www.wikidata.org/entity/Q134509	ar	مدينة بورسعيد
http://www.wikidata.org/entity/Q134514	ar	سويس
http://www.wikidata.org/entity/Q134514	ar	مدينة السويس
http://www.wikidata.org/entity/Q134514	ar	Suez
http://www.wikidata.org/entity/Q13464	ar	فدجا
http://www.wikidata.org/entity/Q13464	ar	فوجا
http://www.wikidata.org/entity/Q13464	ar	فوجة
http://www.wikidata.org/entity/Q13464	ar	فوجيا
http://www.wikidata.org/entity/Q13464	ar	فوجييا
http://www.wikidata.org/entity/Q134672	ar	إكزتر
http://www.wikidata.org/entity/Q134672	ar	اكستر
http://www.wikidata.org/entity/Q134672	ar	اكسيتر
http://www.wikidata.org/entity/Q13470	ar	بارليتا
http://www.wikidata.org/entity/Q134703	ar	قهرمان مرعش
http://www.wikidata.org/entity/Q134703	ar	Kahramanmaraş
http://www.wikidata.org/entity/Q134773	ar	فورست كمب
http://www.wikidata.org/entity/Q13486	ar	أندريا
http://www.wikidata.org/entity/Q134902	ar	ستوك
http://www.wikidata.org/entity/Q134902	ar	ستوك أون ترنت
http://www.wikidata.org/entity/Q134902	ar	ستوك-اون-ترينت
http://www.wikidata.org/entity/Q13498	ar	تارانتو
http://www.wikidata.org/entity/Q13498	ar	طارنطس
http://www.wikidata.org/entity/Q1354097	ar	جامعة كابول
http://www.wikidata.org/entity/Q1359171	ar	REBOL
http://www.wikidata.org/entity/Q136217	ar	أرزينجان
http://www.wikidata.org/entity/Q136217	ar	إرزينكان
http://www.wikidata.org/entity/Q136217	ar	ارزينكان
http://www.wikidata.org/entity/Q13625	ar	فيبو فالنتيا
http://www.wikidata.org/entity/Q13629	ar	ساساري
http://www.wikidata.org/entity/Q13666	ar	ميسينا
http://www.wikidata.org/entity/Q13670	ar	سَرَقُوسَة
http://www.wikidata.org/entity/Q13670	ar	سيراقوسة
http://www.wikidata.org/entity/Q13670	ar	سيراكوز
http://www.wikidata.org/entity/Q13678	ar	أغريجنتو
http://www.wikidata.org/entity/Q13678	ar	جرجنت
http://www.wikidata.org/entity/Q13678	ar	كركنت
http://www.wikidata.org/entity/Q13678	ar	كِرْكَنْت
http://www.wikidata.org/entity/Q138986	ar	زبيد (مدينه)
http://www.wikidata.org/entity/Q138986	ar	زبيد، الحديدة
http://www.wikidata.org/entity/Q13955	ar	اللغة العربي
http://www.wikidata.org/entity/Q13955	ar	اللغة العربية
http://www.wikidata.org/entity/Q13955	ar	عربي
http://www.wikidata.org/entity/Q13955	ar	عربية
http://www.wikidata.org/entity/Q13955	ar	لغة الضاد
http://www.wikidata.org/entity/Q13955	ar	لغة القرآن
http://www.wikidata.org/entity/Q13955	ar	لغة عربي
http://www.wikidata.org/entity/Q13955	ar	لغة عربية
http://www.wikidata.org/entity/Q140304	ar	بنها
http://www.wikidata.org/entity/Q140304	ar	مدينة بنها
http://www.wikidata.org/entity/Q1410	ar	جبرلتار
http://www.wikidata.org/entity/Q1410	ar	جبل طارق (منطقة حكم ذاتي)
http://www.wikidata.org/entity/Q1410	ar	جبلرتار
http://www.wikidata.org/entity/Q1410	ar	جيبرالتار
http://www.wikidata.org/entity/Q1410	ar	محمية جبل طارق
http://www.wikidata.org/entity/Q1410	ar	مستعمرة جبل طارق
http://www.wikidata.org/entity/Q1411245	ar	T-SQL
http://www.wikidata.org/entity/Q1411875	ar	البرمجة السلمية
http://www.wikidata.org/entity/Q1411875	ar	برمجه سلميه
http://www.wikidata.org/entity/Q1420239	ar	جامعة تيمبل
http://www.wikidata.org/entity/Q1430113	ar	المعهد الوطني للغات والحضارات الشرقية بباريس
http://www.wikidata.org/entity/Q1430113	ar	مدرسة اللغات الشرقية الحية بباريس
http://www.wikidata.org/entity/Q1430113	ar	مدرسة اللغات الشرقية بباريس
http://www.wikidata.org/entity/Q1430113	ar	معهد اللغات والحضارات الشرقية
http://www.wikidata.org/entity/Q1430113	ar	INALCO
http://www.wikidata.org/entity/Q144488	ar	جامعة فرصوفيا
http://www.wikidata.org/entity/Q145	ar	المملكة المتحدة في بريطانيا وشمال إيرلندا
http://www.wikidata.org/entity/Q145	ar	المملكة المتحدة لبريطانيا العظمى وأيرلندا الشمالية
http://www.wikidata.org/entity/Q145	ar	بريطانيا العظمى
http://www.wikidata.org/entity/Q1472213	ar	لغات شمال الجزيرة العربية القديمة
http://www.wikidata.org/entity/Q1472213	ar	لغة عربية شمالية
http://www.wikidata.org/entity/Q1477607	ar	جامعه البصره
http://www.wikidata.org/entity/Q147975	ar	زاريا ()
http://www.wikidata.org/entity/Q148	ar	الصين الشعبية
http://www.wikidata.org/entity/Q148	ar	جمهورية الصين الشعبية
http://www.wikidata.org/entity/Q1489	ar	مدينة المكسيك
http://www.wikidata.org/entity/Q1489	ar	ميكسيكو سيتي
http://www.wikidata.org/entity/Q1489	ar	ميهكو سيتي
http://www.wikidata.org/entity/Q1494353	ar	UA
http://www.wikidata.org/entity/Q1494353	ar	UNAIR
http://www.wikidata.org/entity/Q1494353	ar	University Airlangga
http://www.wikidata.org/entity/Q1496597	ar	فيلي
http://www.wikidata.org/entity/Q1496597	ar	كردي خوارين
http://www.wikidata.org/entity/Q1496597	ar	كردية جنوبية
http://www.wikidata.org/entity/Q1496597	ar	لهجة فيلية
http://www.wikidata.org/entity/Q1496662	ar	جامعة الغازي
http://www.wikidata.org/entity/Q149990	ar	جامعة روتشيستر
http://www.wikidata.org/entity/Q149990	ar	جامعة روشستر
http://www.wikidata.org/entity/Q150	ar	اللغة الفرنسية
http://www.wikidata.org/entity/Q150	ar	فرنسية
http://www.wikidata.org/entity/Q150	ar	لغة فرنسية
http://www.wikidata.org/entity/Q15085	ar	البِيمَنْتِيَّةُ
http://www.wikidata.org/entity/Q15085	ar	اللغة البيمنتية
http://www.wikidata.org/entity/Q15092	ar	قسطلونة، بلنسية
http://www.wikidata.org/entity/Q15142	ar	جامعة ماساشوستس، أمهيرست
http://www.wikidata.org/entity/Q1515	ar	آبيجان
http://www.wikidata.org/entity/Q1515	ar	أبيجان
http://www.wikidata.org/entity/Q1515	ar	ابيجان
http://www.wikidata.org/entity/Q1515	ar	ابيدجان
http://www.wikidata.org/entity/Q1519	ar	أبوظبي
http://www.wikidata.org/entity/Q1519	ar	بوظبي
http://www.wikidata.org/entity/Q152368	ar	بيت شان
http://www.wikidata.org/entity/Q1523902	ar	جامعة أيوان كوزا
http://www.wikidata.org/entity/Q152396	ar	ديمونه
http://www.wikidata.org/entity/Q15241057	ar	.m
http://www.wikidata.org/entity/Q15241057	ar	.nb
http://www.wikidata.org/entity/Q15241057	ar	.wl
http://www.wikidata.org/entity/Q152467	ar	بني براق
http://www.wikidata.org/entity/Q152491	ar	هرزيلية
http://www.wikidata.org/entity/Q1524992	ar	الجامعة الإسلامية العالمية بماليزيا
http://www.wikidata.org/entity/Q152902	ar	تنگا
http://www.wikidata.org/entity/Q1542386	ar	جامعة روسكيلده
http://www.wikidata.org/entity/Q1546906	ar	جامعة كا فوسكاري
http://www.wikidata.org/entity/Q1546906	ar	جامعة كا فوسكاري في البندقية
http://www.wikidata.org/entity/Q1547448	ar	TECO
http://www.wikidata.org/entity/Q154755	ar	أدا
http://www.wikidata.org/entity/Q154755	ar	ادا 95
http://www.wikidata.org/entity/Q154797	ar	البرلمان الألماني
http://www.wikidata.org/entity/Q154797	ar	البوندستاج
http://www.wikidata.org/entity/Q154797	ar	البوندستاغ
http://www.wikidata.org/entity/Q154797	ar	برلمان ألماني
http://www.wikidata.org/entity/Q154797	ar	بوندستاج
http://www.wikidata.org/entity/Q154797	ar	بوندشتاغ
http://www.wikidata.org/entity/Q154797	ar	Bundestag
http://www.wikidata.org/entity/Q155	ar	البرازیل
http://www.wikidata.org/entity/Q155	ar	البرازيلي
http://www.wikidata.org/entity/Q155	ar	الجمهورية البرازيلية
http://www.wikidata.org/entity/Q155	ar	برازیل
http://www.wikidata.org/entity/Q155	ar	برازيل
http://www.wikidata.org/entity/Q155	ar	برازيلي
http://www.wikidata.org/entity/Q155	ar	برازيلية
http://www.wikidata.org/entity/Q155	ar	جمهورية البرازيل الإتحادية
http://www.wikidata.org/entity/Q155	ar	جمهورية البرازيل الاتحادية
http://www.wikidata.org/entity/Q155	ar	شرق أمريكا الجنوبية
http://www.wikidata.org/entity/Q155169	ar	٢١ (ألبوم)
http://www.wikidata.org/entity/Q1555	ar	غواتيمالا (مدينة)
http://www.wikidata.org/entity/Q1555	ar	مدينة غواتيمالا
http://www.wikidata.org/entity/Q1563	ar	لا هافانا
http://www.wikidata.org/entity/Q15679	ar	باداخوز
http://www.wikidata.org/entity/Q15684	ar	أشقوبيه
http://www.wikidata.org/entity/Q15684	ar	سيجوفيا
http://www.wikidata.org/entity/Q15684	ar	شقوبي
http://www.wikidata.org/entity/Q15684	ar	شقوبيه
http://www.wikidata.org/entity/Q15688	ar	آبله
http://www.wikidata.org/entity/Q15688	ar	افيلا
http://www.wikidata.org/entity/Q156974	ar	أوستي
http://www.wikidata.org/entity/Q157246	ar	بيتولا
http://www.wikidata.org/entity/Q157734	ar	سلطنة مسقط وعُمان
http://www.wikidata.org/entity/Q157734	ar	محمية مسقط وعمان
http://www.wikidata.org/entity/Q157734	ar	مسقط وعمان
http://www.wikidata.org/entity/Q15777	ar	السي
http://www.wikidata.org/entity/Q15777	ar	سي (لغه برمجه)
http://www.wikidata.org/entity/Q15777	ar	لغة البرمجة سي
http://www.wikidata.org/entity/Q15777	ar	لغة برمجة C
http://www.wikidata.org/entity/Q15777	ar	لغة سي
http://www.wikidata.org/entity/Q15777	ar	C (لغة برمجة)
http://www.wikidata.org/entity/Q1579397	ar	معهد باندونغ للتكنولوجيا
http://www.wikidata.org/entity/Q158119	ar	مدينة رام الله
http://www.wikidata.org/entity/Q158467	ar	جواليور
http://www.wikidata.org/entity/Q158467	ar	غواليور
http://www.wikidata.org/entity/Q158467	ar	قواليور
http://www.wikidata.org/entity/Q158467	ar	كواليا
http://www.wikidata.org/entity/Q15865	ar	دومدجالي
http://www.wikidata.org/entity/Q158903	ar	شوشة
http://www.wikidata.org/entity/Q158903	ar	شوشى
http://www.wikidata.org/entity/Q159	ar	الاتحاد الروسي
http://www.wikidata.org/entity/Q159	ar	روسيا الاتحادية
http://www.wikidata.org/entity/Q15901	ar	بوستوجنا
http://www.wikidata.org/entity/Q15906	ar	بيتاو
http://www.wikidata.org/entity/Q159835	ar	بَطْمَانُ
http://www.wikidata.org/entity/Q160112	ar	ديل برادو
http://www.wikidata.org/entity/Q160112	ar	متحف البرادو
http://www.wikidata.org/entity/Q160112	ar	متحف برادو
http://www.wikidata.org/entity/Q160450	ar	سامسون
http://www.wikidata.org/entity/Q160450	ar	صامسون
http://www.wikidata.org/entity/Q160450	ar	صمسون
http://www.wikidata.org/entity/Q160493	ar	إنرنيس
http://www.wikidata.org/entity/Q160544	ar	إراكليون، إراكليون
http://www.wikidata.org/entity/Q160544	ar	إيراكليو
http://www.wikidata.org/entity/Q160544	ar	كانديه
http://www.wikidata.org/entity/Q160544	ar	هيراقليون
http://www.wikidata.org/entity/Q160544	ar	هيراكليون
http://www.wikidata.org/entity/Q160642	ar	ساليسبري (انجلترا)
http://www.wikidata.org/entity/Q160746	ar	Nescafé
http://www.wikidata.org/entity/Q160746	ar	Nestle
http://www.wikidata.org/entity/Q160746	ar	Nestlé
http://www.wikidata.org/entity/Q160927	ar	بلوا
http://www.wikidata.org/entity/Q161053	ar	روبي(لغة برمجة)
http://www.wikidata.org/entity/Q161087	ar	بايرتز أوف ذا كاريبين: ديد مانز تشيست
http://www.wikidata.org/entity/Q161087	ar	قراصنه الكاريبي: صندوق الرجل الميت
http://www.wikidata.org/entity/Q161087	ar	Pirates of the Caribbean: Dead Man's Chest
http://www.wikidata.org/entity/Q161562	ar	جامعة كالتيك
http://www.wikidata.org/entity/Q161562	ar	كالتيك
http://www.wikidata.org/entity/Q161562	ar	معهد كاليفورنيا للتقنية
http://www.wikidata.org/entity/Q161562	ar	معهد كاليفورنيا للتكنولوجيا
http://www.wikidata.org/entity/Q161678	ar	هاري بوتر وآثار الموت
http://www.wikidata.org/entity/Q161678	ar	هاري بوتر ومقدسات الموت
http://www.wikidata.org/entity/Q161678	ar	هاري بوتر ومقدسات الموت – الجزء ١
http://www.wikidata.org/entity/Q161687	ar	هاري بوتر والأمير الخليط
http://www.wikidata.org/entity/Q161687	ar	هاري بوتر والأمير الهجين الدم
http://www.wikidata.org/entity/Q162729	ar	القلب الشجاع
http://www.wikidata.org/entity/Q162729	ar	بريف هارت
http://www.wikidata.org/entity/Q162729	ar	قلب الشجاع
http://www.wikidata.org/entity/Q162729	ar	Braveheart
http://www.wikidata.org/entity/Q163468	ar	البرولوج
http://www.wikidata.org/entity/Q163468	ar	البرولوغ
http://www.wikidata.org/entity/Q163468	ar	برلوغ
http://www.wikidata.org/entity/Q163468	ar	برولوج
http://www.wikidata.org/entity/Q163468	ar	لغة البرولوج
http://www.wikidata.org/entity/Q163468	ar	Prolog
http://www.wikidata.org/entity/Q163490	ar	صيداء
http://www.wikidata.org/entity/Q163490	ar	صيدون
http://www.wikidata.org/entity/Q163607	ar	انغكور
http://www.wikidata.org/entity/Q163607	ar	أنكور
http://www.wikidata.org/entity/Q163607	ar	Angkor
http://www.wikidata.org/entity/Q163872	ar	الفارس الأسود
http://www.wikidata.org/entity/Q163872	ar	الفارس المظلم
http://www.wikidata.org/entity/Q163872	ar	ذى دارك نايت
http://www.wikidata.org/entity/Q163872	ar	The Dark Knight
http://www.wikidata.org/entity/Q163872	ar	The Dark Knight The Joker
http://www.wikidata.org/entity/Q1640731	ar	الجامعة متعددة التقنيات بكتالونيا
http://www.wikidata.org/entity/Q1640731	ar	الجامعة متعددة التقنيات في قطلونية
http://www.wikidata.org/entity/Q1640731	ar	الجامعة متعددة التقنيات في كتالونيا
http://www.wikidata.org/entity/Q1640731	ar	جامعة البوليتكنيك في كاتالونيا
http://www.wikidata.org/entity/Q1640731	ar	جامعة البوليتكنيك في كتالونيا
http://www.wikidata.org/entity/Q164103	ar	الذهن الجميل
http://www.wikidata.org/entity/Q1641504	ar	جامعة بالرمو
http://www.wikidata.org/entity/Q1646181	ar	Worcester
http://www.wikidata.org/entity/Q164621	ar	وحش الشهرة
http://www.wikidata.org/entity/Q164646	ar	Born This Way
http://www.wikidata.org/entity/Q164963	ar	The Lord of the Rings: The Two Towers
http://www.wikidata.org/entity/Q165413	ar	بيكونور
http://www.wikidata.org/entity/Q165422	ar	فرانسيستاون
http://www.wikidata.org/entity/Q1654327	ar	عربية تراثية
http://www.wikidata.org/entity/Q1654327	ar	فصحى التراث
http://www.wikidata.org/entity/Q165436	ar	أسمبلي
http://www.wikidata.org/entity/Q165436	ar	اسمبلي
http://www.wikidata.org/entity/Q165436	ar	لغة أسمبلي
http://www.wikidata.org/entity/Q165436	ar	لغة اسمبلي
http://www.wikidata.org/entity/Q165436	ar	لغة الأسيمبلي
http://www.wikidata.org/entity/Q165436	ar	لغه تجميع
http://www.wikidata.org/entity/Q165444	ar	مدينة تكريت
http://www.wikidata.org/entity/Q165713	ar	حرب النجوم 1
http://www.wikidata.org/entity/Q165713	ar	حرب النجوم الجزء الاول: تهديد الشبح
http://www.wikidata.org/entity/Q165713	ar	حرب النجوم الحلقة الاولى: تهديد الشبح
http://www.wikidata.org/entity/Q165817	ar	انقاذ الجندى رايان
http://www.wikidata.org/entity/Q165817	ar	Saving Private Ryan
http://www.wikidata.org/entity/Q165980	ar	جامعة ڤيينا
http://www.wikidata.org/entity/Q165980	ar	Universitat zu Wien
http://www.wikidata.org/entity/Q165995	ar	ملاطية
http://www.wikidata.org/entity/Q165995	ar	مَلَاطِيَةُ
http://www.wikidata.org/entity/Q165995	ar	مَلَطْيَةُ
http://www.wikidata.org/entity/Q166262	ar	باتمان بيجنز
http://www.wikidata.org/entity/Q166262	ar	باتمان يبدأ
http://www.wikidata.org/entity/Q166262	ar	بدايات باتمان
http://www.wikidata.org/entity/Q166262	ar	بداية الرجل الوطواط
http://www.wikidata.org/entity/Q166262	ar	بدايه الرجل الوطواط
http://www.wikidata.org/entity/Q166262	ar	Batman Begins
http://www.wikidata.org/entity/Q167551	ar	جيتيغا
http://www.wikidata.org/entity/Q167551	ar	عاصمة بوروندي
http://www.wikidata.org/entity/Q167551	ar	غيتغا
http://www.wikidata.org/entity/Q167726	ar	الحديقة الجوراسية
http://www.wikidata.org/entity/Q167726	ar	حديقة جوراسية
http://www.wikidata.org/entity/Q167726	ar	حديقه جوراسيه
http://www.wikidata.org/entity/Q168193	ar	الكافي
http://www.wikidata.org/entity/Q168193	ar	النجف الأشرف
http://www.wikidata.org/entity/Q168193	ar	النجف الاشرف
http://www.wikidata.org/entity/Q168193	ar	نجف
http://www.wikidata.org/entity/Q168197	ar	آديامان
http://www.wikidata.org/entity/Q168225	ar	حبرون
http://www.wikidata.org/entity/Q168225	ar	هيبرون
http://www.wikidata.org/entity/Q16869	ar	دار السعادة
http://www.wikidata.org/entity/Q168751	ar	جامعة دوك
http://www.wikidata.org/entity/Q168751	ar	جامعه دوك
http://www.wikidata.org/entity/Q168866	ar	اسكيشهر
http://www.wikidata.org/entity/Q168954	ar	الفيحاء
http://www.wikidata.org/entity/Q168954	ar	طرابلس الشام
http://www.wikidata.org/entity/Q168954	ar	طرابلس الشرق
http://www.wikidata.org/entity/Q168954	ar	طرابلس، لبنان
http://www.wikidata.org/entity/Q16911222	ar	الرازحية
http://www.wikidata.org/entity/Q16911222	ar	لغة جبل رازح
http://www.wikidata.org/entity/Q169247	ar	مدينة دوبوي
http://www.wikidata.org/entity/Q16955	ar	جامعة تسينج - هوا
http://www.wikidata.org/entity/Q16955	ar	جامعة تسينج هوا
http://www.wikidata.org/entity/Q16955	ar	جامعة تسينج-هوا
http://www.wikidata.org/entity/Q16955	ar	جامعة تشين هوا
http://www.wikidata.org/entity/Q16955	ar	جامعة تشين هواه
http://www.wikidata.org/entity/Q16955	ar	清华大学
http://www.wikidata.org/entity/Q16955	ar	清華大學
http://www.wikidata.org/entity/Q17	ar	دولة اليابان
http://www.wikidata.org/entity/Q17	ar	يابان
http://www.wikidata.org/entity/Q170027	ar	جامعه لندن
http://www.wikidata.org/entity/Q170263	ar	Chester
http://www.wikidata.org/entity/Q170457	ar	أَيْدَنُ
http://www.wikidata.org/entity/Q170497	ar	جلوشستر
http://www.wikidata.org/entity/Q170497	ar	جلوشيستر
http://www.wikidata.org/entity/Q170497	ar	غلوشستر
http://www.wikidata.org/entity/Q170497	ar	غلوشيستر
http://www.wikidata.org/entity/Q170525	ar	أغادير
http://www.wikidata.org/entity/Q170525	ar	اكادير
http://www.wikidata.org/entity/Q170525	ar	أڭادير
http://www.wikidata.org/entity/Q170525	ar	أگادير
http://www.wikidata.org/entity/Q170525	ar	جماعة اكادير
http://www.wikidata.org/entity/Q170532	ar	أَمَاسِيَةُ
http://www.wikidata.org/entity/Q170564	ar	المبيد 2 - يوم الحساب
http://www.wikidata.org/entity/Q170564	ar	المبيد ٢ - يوم الحساب
http://www.wikidata.org/entity/Q170564	ar	تيرميناتور ٢: يوم الحساب
http://www.wikidata.org/entity/Q170564	ar	Terminator ٢: Judgment Day
http://www.wikidata.org/entity/Q170616	ar	تشيبا، تشيبا
http://www.wikidata.org/entity/Q170688	ar	سانتا كروز
http://www.wikidata.org/entity/Q171031	ar	ازبرطة
http://www.wikidata.org/entity/Q171031	ar	ازبرطه
http://www.wikidata.org/entity/Q171031	ar	إسبرطة,تركيا
http://www.wikidata.org/entity/Q171031	ar	إسبرطه، تركيا
http://www.wikidata.org/entity/Q171632	ar	كأس أمريكا الجنوبية 2007
http://www.wikidata.org/entity/Q171639	ar	اشدود
http://www.wikidata.org/entity/Q171764	ar	احمدية
http://www.wikidata.org/entity/Q171764	ar	أحمديه
http://www.wikidata.org/entity/Q171764	ar	الأحمدية
http://www.wikidata.org/entity/Q171764	ar	الطائفة الأحمدية
http://www.wikidata.org/entity/Q171764	ar	القاديانية
http://www.wikidata.org/entity/Q171764	ar	القاديانية من وجهة نظر الإسلام
http://www.wikidata.org/entity/Q171764	ar	قاديانية
http://www.wikidata.org/entity/Q171810	ar	العلائية
http://www.wikidata.org/entity/Q171810	ar	علائية
http://www.wikidata.org/entity/Q172	ar	تورنتو، أونتاريو
http://www.wikidata.org/entity/Q172241	ar	الخلاص من شوشانك
http://www.wikidata.org/entity/Q172241	ar	خلاص من شاوشانك
http://www.wikidata.org/entity/Q172241	ar	خلاص من شوشانك
http://www.wikidata.org/entity/Q172241	ar	وداعا شاوشانك
http://www.wikidata.org/entity/Q172241	ar	وداعاً شاوشانك
http://www.wikidata.org/entity/Q172241	ar	وداعا شوشانك
http://www.wikidata.org/entity/Q172241	ar	وداعا يا شاوشانك
http://www.wikidata.org/entity/Q172241	ar	وداعا يا شوشانك
http://www.wikidata.org/entity/Q172241	ar	The Shawshank Redemption
http://www.wikidata.org/entity/Q172343	ar	رفح الفلسطينية
http://www.wikidata.org/entity/Q1728622	ar	جامعة كاليفورنيا في ميرسد
http://www.wikidata.org/entity/Q172975	ar	الراحلون
http://www.wikidata.org/entity/Q172975	ar	ذا ديبارتد
http://www.wikidata.org/entity/Q172975	ar	ذا ديبارتيد
http://www.wikidata.org/entity/Q172975	ar	فيلم الراحلون
http://www.wikidata.org/entity/Q172975	ar	فيلم المغادرون
http://www.wikidata.org/entity/Q172975	ar	مغادرون
http://www.wikidata.org/entity/Q172975	ar	The Departed
http://www.wikidata.org/entity/Q173270	ar	فيراكروز (مدينة)
http://www.wikidata.org/entity/Q173270	ar	مدينة فيراكروز
http://www.wikidata.org/entity/Q1733	ar	ماغدبورغ
http://www.wikidata.org/entity/Q1733	ar	ماغديبورغ
http://www.wikidata.org/entity/Q1733	ar	مجدبرج
http://www.wikidata.org/entity/Q173532	ar	بيبلوس
http://www.wikidata.org/entity/Q173545	ar	بلد النواعير
http://www.wikidata.org/entity/Q173545	ar	حماه
http://www.wikidata.org/entity/Q173545	ar	عروس العاصي
http://www.wikidata.org/entity/Q173545	ar	مدينة أبي الفداء
http://www.wikidata.org/entity/Q173545	ar	مدينة النواعير
http://www.wikidata.org/entity/Q173545	ar	مدينة حماة
http://www.wikidata.org/entity/Q173545	ar	مدينة حماه
http://www.wikidata.org/entity/Q173731	ar	غزنه
http://www.wikidata.org/entity/Q174	ar	سان باولو
http://www.wikidata.org/entity/Q174	ar	ساو بولو
http://www.wikidata.org/entity/Q174	ar	ساوباولو
http://www.wikidata.org/entity/Q174060	ar	العزيز
http://www.wikidata.org/entity/Q174060	ar	خربوت
http://www.wikidata.org/entity/Q174158	ar	الجامعة العبرية
http://www.wikidata.org/entity/Q174158	ar	الجامعه العبريه في القدس
http://www.wikidata.org/entity/Q174158	ar	جامعة القدس العبرية
http://www.wikidata.org/entity/Q174262	ar	سنت بيتر بورت
http://www.wikidata.org/entity/Q174341	ar	الإِسْكَنْدَرُونَةُ
http://www.wikidata.org/entity/Q17444	ar	نيفرمايند
http://www.wikidata.org/entity/Q174684	ar	توزلا
http://www.wikidata.org/entity/Q174916	ar	مدينة طرطوس
http://www.wikidata.org/entity/Q1752043	ar	برنامج كراسي البحث العلمية بجامعة الملك سعود
http://www.wikidata.org/entity/Q1752043	ar	جامعة الرياض
http://www.wikidata.org/entity/Q1752043	ar	جامعة الملك سعود بن عبد العزيز
http://www.wikidata.org/entity/Q1752043	ar	جامعة الملك سعود بن عبدالعزيز
http://www.wikidata.org/entity/Q1752043	ar	جامعة سعود
http://www.wikidata.org/entity/Q1752043	ar	جامعه الملك سعود
http://www.wikidata.org/entity/Q1752043	ar	KSU
http://www.wikidata.org/entity/Q17544553	ar	1989 ( ألبوم تايلور سويفت)
http://www.wikidata.org/entity/Q17544553	ar	١٩٨٩ ( ألبوم تايلور سويفت)
http://www.wikidata.org/entity/Q17544553	ar	١٩٨٩ (ألبوم تايلور سويفت)
http://www.wikidata.org/entity/Q17544553	ar	1989 (ألبوم)
http://www.wikidata.org/entity/Q17544553	ar	١٩٨٩ (ألبوم)
http://www.wikidata.org/entity/Q175651	ar	اوبنينسك
http://www.wikidata.org/entity/Q1764	ar	ريجيافيك
http://www.wikidata.org/entity/Q1782980	ar	جامعه لاغوس
http://www.wikidata.org/entity/Q178405	ar	لاريسا، لاريسا
http://www.wikidata.org/entity/Q17856	ar	بالارات، فيكتوريا
http://www.wikidata.org/entity/Q178663	ar	الحاضرة الإسماعيلية
http://www.wikidata.org/entity/Q178663	ar	العاصمة الإسماعيلية
http://www.wikidata.org/entity/Q178663	ar	جماعة مكناس
http://www.wikidata.org/entity/Q178663	ar	مكناسة الزيتون
http://www.wikidata.org/entity/Q178835	ar	مدينة الشمس
http://www.wikidata.org/entity/Q178835	ar	هياكل بعلبك
http://www.wikidata.org/entity/Q178835	ar	هيليوبوليس
http://www.wikidata.org/entity/Q179046	ar	فتح بور سيكري
http://www.wikidata.org/entity/Q1795928	ar	جامعة المؤسس
http://www.wikidata.org/entity/Q1795928	ar	جامعة الملك عبد العزيز بجدة
http://www.wikidata.org/entity/Q1795928	ar	جامعة الملك عبدالعزيز
http://www.wikidata.org/entity/Q1795928	ar	جامعة عبدالعزيز
http://www.wikidata.org/entity/Q1795928	ar	جامعه الملك عبد العزيز
http://www.wikidata.org/entity/Q179815	ar	درهام
http://www.wikidata.org/entity/Q179815	ar	درهام، إنجلترا
http://www.wikidata.org/entity/Q1800	ar	كوشين
http://www.wikidata.org/entity/Q180176	ar	كوزاني، كوزاني
http://www.wikidata.org/entity/Q180294	ar	يافة
http://www.wikidata.org/entity/Q180522	ar	العقبه
http://www.wikidata.org/entity/Q180522	ar	جحفية
http://www.wikidata.org/entity/Q180522	ar	مدينة العقبة
http://www.wikidata.org/entity/Q180522	ar	مدينه العقبة
http://www.wikidata.org/entity/Q180522	ar	Aqaba
http://www.wikidata.org/entity/Q180775	ar	سينت يانس مولينبيك
http://www.wikidata.org/entity/Q180775	ar	مولينبيك
http://www.wikidata.org/entity/Q1808326	ar	جامعه السلطان قابوس
http://www.wikidata.org/entity/Q180921	ar	العاصمة القومية للسودان
http://www.wikidata.org/entity/Q180921	ar	أمدرمان
http://www.wikidata.org/entity/Q180921	ar	امدرمان
http://www.wikidata.org/entity/Q181069	ar	حرب النجوم 2
http://www.wikidata.org/entity/Q181069	ar	حرب النجوم الحلقة الثانية: هجوم المستنسخين
http://www.wikidata.org/entity/Q181379	ar	الأوسمانية
http://www.wikidata.org/entity/Q181379	ar	أوسماني
http://www.wikidata.org/entity/Q181379	ar	أوسمانية
http://www.wikidata.org/entity/Q181379	ar	اوسمانية
http://www.wikidata.org/entity/Q181379	ar	أوسمانيه
http://www.wikidata.org/entity/Q181795	ar	حرب النجوم 5
http://www.wikidata.org/entity/Q181795	ar	حرب النجوم الجزء الخامس: الامبراطورية تعيد الضربات
http://www.wikidata.org/entity/Q181795	ar	حرب النجوم الحلقة الخامسة: الامبراطورية تعيد الضربات
http://www.wikidata.org/entity/Q181803	ar	حرب النجوم 6
http://www.wikidata.org/entity/Q181803	ar	حرب النجوم الحلقة السادسة: عودة الجيداي
http://www.wikidata.org/entity/Q182009	ar	تِكِرْطَاغ
http://www.wikidata.org/entity/Q182025	ar	آق سراي
http://www.wikidata.org/entity/Q182049	ar	روستنبورغ
http://www.wikidata.org/entity/Q182059	ar	كوماسى
http://www.wikidata.org/entity/Q182092	ar	المقابل لكريت طبرق
http://www.wikidata.org/entity/Q182153	ar	السيارات
http://www.wikidata.org/entity/Q182153	ar	كارز
http://www.wikidata.org/entity/Q182153	ar	Cars
http://www.wikidata.org/entity/Q182299	ar	خانيا
http://www.wikidata.org/entity/Q182299	ar	كانيا
http://www.wikidata.org/entity/Q182299	ar	هانيا
http://www.wikidata.org/entity/Q182481	ar	توركوينغ
http://www.wikidata.org/entity/Q182692	ar	القيامه الآن
http://www.wikidata.org/entity/Q182692	ar	سفر الرؤيا الآن
http://www.wikidata.org/entity/Q182692	ar	نهاية العالم الآن
http://www.wikidata.org/entity/Q182692	ar	Apocalypse Now
http://www.wikidata.org/entity/Q182826	ar	كل إم اول
http://www.wikidata.org/entity/Q182826	ar	كل ام أول
http://www.wikidata.org/entity/Q182973	ar	جامعة أيوا
http://www.wikidata.org/entity/Q183	ar	جمهورية ألمانيا اﻻتحادية
http://www.wikidata.org/entity/Q183199	ar	جيانينا
http://www.wikidata.org/entity/Q183199	ar	يانينة
http://www.wikidata.org/entity/Q183199	ar	يانينه
http://www.wikidata.org/entity/Q183298	ar	أبادان
http://www.wikidata.org/entity/Q183298	ar	ايبادان
http://www.wikidata.org/entity/Q183584	ar	لانشو
http://www.wikidata.org/entity/Q183651	ar	توكات
http://www.wikidata.org/entity/Q184	ar	بيلاروسيا
http://www.wikidata.org/entity/Q184	ar	بيلوروسية
http://www.wikidata.org/entity/Q184	ar	روسيا البيضاء
http://www.wikidata.org/entity/Q184046	ar	زينيتشا
http://www.wikidata.org/entity/Q184090	ar	البرستون
http://www.wikidata.org/entity/Q184090	ar	برستون
http://www.wikidata.org/entity/Q184090	ar	بريستون
http://www.wikidata.org/entity/Q184163	ar	كولشيستر:
http://www.wikidata.org/entity/Q184184	ar	انواذيبو
http://www.wikidata.org/entity/Q184184	ar	بور إيتيان
http://www.wikidata.org/entity/Q184184	ar	نواديبو
http://www.wikidata.org/entity/Q1842	ar	العاصمة لوكسمبورج
http://www.wikidata.org/entity/Q1842	ar	العاصمة لوكسمبورغ
http://www.wikidata.org/entity/Q1842	ar	لوكسمبورج
http://www.wikidata.org/entity/Q1842	ar	لوكسمبورج العاصمة
http://www.wikidata.org/entity/Q1842	ar	لوكسمبورغ
http://www.wikidata.org/entity/Q1842	ar	لوكسمبورغ العاصمة
http://www.wikidata.org/entity/Q1842	ar	مدينة لوكسمبورج
http://www.wikidata.org/entity/Q184539	ar	اردو
http://www.wikidata.org/entity/Q184539	ar	أردو,تركيا
http://www.wikidata.org/entity/Q184768	ar	الأب الروحي: الجزء الثاني
http://www.wikidata.org/entity/Q184768	ar	العرّاب 2
http://www.wikidata.org/entity/Q184768	ar	العراب الجزء الثاني
http://www.wikidata.org/entity/Q184768	ar	العراّب الجزء الثاني
http://www.wikidata.org/entity/Q184768	ar	العرّاب الجزء الثاني
http://www.wikidata.org/entity/Q184768	ar	The Godfather Part II
http://www.wikidata.org/entity/Q1848	ar	سان مارينو المدينة
http://www.wikidata.org/entity/Q184864	ar	ميغارا، أتيكي
http://www.wikidata.org/entity/Q185084	ar	سعرت
http://www.wikidata.org/entity/Q185084	ar	سيرت
http://www.wikidata.org/entity/Q185134	ar	أغادير (تلمسان)
http://www.wikidata.org/entity/Q185134	ar	أقادير
http://www.wikidata.org/entity/Q185157	ar	تتوان
http://www.wikidata.org/entity/Q185157	ar	تطاون
http://www.wikidata.org/entity/Q185157	ar	تطاوين
http://www.wikidata.org/entity/Q185157	ar	تيطاوين
http://www.wikidata.org/entity/Q185157	ar	جماعة تطوان
http://www.wikidata.org/entity/Q185453	ar	الملتان
http://www.wikidata.org/entity/Q185453	ar	المولتان
http://www.wikidata.org/entity/Q185453	ar	مولتان
http://www.wikidata.org/entity/Q185458	ar	كويتا
http://www.wikidata.org/entity/Q185458	ar	كويته
http://www.wikidata.org/entity/Q1860	ar	االلغة الإنكليزية
http://www.wikidata.org/entity/Q1860	ar	االلغة لإنكليزية
http://www.wikidata.org/entity/Q1860	ar	الإنكليزية - اللغة
http://www.wikidata.org/entity/Q1860	ar	الإنكليزية (اللغة)
http://www.wikidata.org/entity/Q1860	ar	الإنگليزية اللغة العالمية
http://www.wikidata.org/entity/Q1863	ar	أندورا لا فيل
http://www.wikidata.org/entity/Q1864529	ar	ذات (لغة برمجة)
http://www.wikidata.org/entity/Q1867	ar	تايبي
http://www.wikidata.org/entity/Q187284	ar	الغردقه
http://www.wikidata.org/entity/Q187284	ar	غردقة
http://www.wikidata.org/entity/Q187346	ar	البلاد
http://www.wikidata.org/entity/Q187346	ar	سيرتا
http://www.wikidata.org/entity/Q187352	ar	قولة
http://www.wikidata.org/entity/Q187352	ar	كافالا
http://www.wikidata.org/entity/Q187352	ar	كافالا، كافالا
http://www.wikidata.org/entity/Q187507	ar	Master Of Puppets
http://www.wikidata.org/entity/Q187560	ar	مخطط (لغة برمجة)
http://www.wikidata.org/entity/Q188022	ar	مردين
http://www.wikidata.org/entity/Q188436	ar	ألكول
http://www.wikidata.org/entity/Q188436	ar	اللغة الخوارزمية
http://www.wikidata.org/entity/Q1888771	ar	جامعة مانشيستر متروبوليتان
http://www.wikidata.org/entity/Q1888771	ar	مانشستر متروبوليتان
http://www.wikidata.org/entity/Q188894	ar	كتاهية
http://www.wikidata.org/entity/Q188894	ar	كُتَاهِيَةُ
http://www.wikidata.org/entity/Q188894	ar	كُوتَاهِيَةُ
http://www.wikidata.org/entity/Q189	ar	جمهورية آيسلندا
http://www.wikidata.org/entity/Q189022	ar	امبريال كوليدج في لندن
http://www.wikidata.org/entity/Q189022	ar	امبريال كوليدج لندن
http://www.wikidata.org/entity/Q189059	ar	ميتيليني، ليسفوس
http://www.wikidata.org/entity/Q189128	ar	ليون دي لوس ألداما
http://www.wikidata.org/entity/Q189133	ar	كيرنز، ولاية كوينزلاند
http://www.wikidata.org/entity/Q189134	ar	أوشاك
http://www.wikidata.org/entity/Q189134	ar	اوشاك
http://www.wikidata.org/entity/Q189441	ar	جامعة جاغيلونيا
http://www.wikidata.org/entity/Q189697	ar	قَرَبُوكُ
http://www.wikidata.org/entity/Q189901	ar	آرجوس
http://www.wikidata.org/entity/Q189901	ar	أرغوس
http://www.wikidata.org/entity/Q190005	ar	سينفويجوس
http://www.wikidata.org/entity/Q190021	ar	تاونزفيل
http://www.wikidata.org/entity/Q190021	ar	طانسفيل
http://www.wikidata.org/entity/Q190050	ar	فايت كلاب
http://www.wikidata.org/entity/Q190050	ar	فايت كلوب
http://www.wikidata.org/entity/Q190050	ar	فايت كليب
http://www.wikidata.org/entity/Q190050	ar	Fight Club
http://www.wikidata.org/entity/Q190165	ar	لوانجفرابانج
http://www.wikidata.org/entity/Q1906	ar	كازيرتا
http://www.wikidata.org/entity/Q19060	ar	غات تو بي ذير
http://www.wikidata.org/entity/Q190828	ar	بتاح تكوا
http://www.wikidata.org/entity/Q190828	ar	بتاح تكوة
http://www.wikidata.org/entity/Q190828	ar	بتاح تكوه
http://www.wikidata.org/entity/Q190828	ar	بتاه تكفا
http://www.wikidata.org/entity/Q190828	ar	بتح تقوا
http://www.wikidata.org/entity/Q190828	ar	بتح تقوة
http://www.wikidata.org/entity/Q190828	ar	بتح تقوه
http://www.wikidata.org/entity/Q190847	ar	ألكساندروبولي
http://www.wikidata.org/entity/Q190847	ar	اليكساندروبولي
http://www.wikidata.org/entity/Q190847	ar	أليكساندروبولي، إفروس
http://www.wikidata.org/entity/Q191	ar	استونيا
http://www.wikidata.org/entity/Q191	ar	جمهورية إستونيا
http://www.wikidata.org/entity/Q191170	ar	الفلوجه
http://www.wikidata.org/entity/Q191170	ar	فلوجة
http://www.wikidata.org/entity/Q191204	ar	السليمانيه
http://www.wikidata.org/entity/Q191204	ar	سليماني
http://www.wikidata.org/entity/Q192176	ar	تايينا، تايينا
http://www.wikidata.org/entity/Q192225	ar	ناتانيا
http://www.wikidata.org/entity/Q192225	ar	ناتانية
http://www.wikidata.org/entity/Q192225	ar	ناتانيه
http://www.wikidata.org/entity/Q192225	ar	نتانیا
http://www.wikidata.org/entity/Q192225	ar	نتانية
http://www.wikidata.org/entity/Q192225	ar	نتانيه
http://www.wikidata.org/entity/Q192225	ar	نتنيا
http://www.wikidata.org/entity/Q192225	ar	نتنية
http://www.wikidata.org/entity/Q192225	ar	نتنيه
http://www.wikidata.org/entity/Q192518	ar	شيبام
http://www.wikidata.org/entity/Q192518	ar	مدينة شبام
http://www.wikidata.org/entity/Q192724	ar	الرجل الحديدي
http://www.wikidata.org/entity/Q192724	ar	أيرون مان
http://www.wikidata.org/entity/Q192755	ar	تعتيمٍ
http://www.wikidata.org/entity/Q192807	ar	رامات جن
http://www.wikidata.org/entity/Q192807	ar	رامات غان
http://www.wikidata.org/entity/Q192807	ar	رامات غن
http://www.wikidata.org/entity/Q192807	ar	رمات جان
http://www.wikidata.org/entity/Q192807	ar	رمات جن
http://www.wikidata.org/entity/Q192807	ar	رمت جن
http://www.wikidata.org/entity/Q192896	ar	كارلايل
http://www.wikidata.org/entity/Q192918	ar	صبراتا
http://www.wikidata.org/entity/Q192918	ar	صبراته
http://www.wikidata.org/entity/Q192918	ar	صبراثا
http://www.wikidata.org/entity/Q192961	ar	مدينة الرمادي
http://www.wikidata.org/entity/Q192980	ar	لاميا
http://www.wikidata.org/entity/Q192980	ar	لاميَا
http://www.wikidata.org/entity/Q192980	ar	لاميا، فثيوتيس
http://www.wikidata.org/entity/Q19300	ar	ملبنت
http://www.wikidata.org/entity/Q19300	ar	مولفتا
http://www.wikidata.org/entity/Q19300	ar	مولفيتا
http://www.wikidata.org/entity/Q193226	ar	ساراندا
http://www.wikidata.org/entity/Q193409	ar	تريبولي، أركاديا
http://www.wikidata.org/entity/Q193409	ar	طرابلس اليونان
http://www.wikidata.org/entity/Q193445	ar	أرتفين
http://www.wikidata.org/entity/Q193445	ar	ارتفين
http://www.wikidata.org/entity/Q193445	ar	محافظة أرتوين
http://www.wikidata.org/entity/Q193478	ar	بودين
http://www.wikidata.org/entity/Q193486	ar	ديره داوا
http://www.wikidata.org/entity/Q193510	ar	جامعة بادوا
http://www.wikidata.org/entity/Q193563	ar	المكتبة الوطنية بباريس
http://www.wikidata.org/entity/Q193563	ar	خزانة باريس الوطنية
http://www.wikidata.org/entity/Q193563	ar	مكتبه فرنسا الوطنيه
http://www.wikidata.org/entity/Q193802	ar	أوجدة
http://www.wikidata.org/entity/Q193802	ar	جماعة وجدة
http://www.wikidata.org/entity/Q193802	ar	وجده
http://www.wikidata.org/entity/Q193802	ar	Oujda
http://www.wikidata.org/entity/Q194146	ar	نيغدة
http://www.wikidata.org/entity/Q194146	ar	نيغده
http://www.wikidata.org/entity/Q194164	ar	آقجة حصار
http://www.wikidata.org/entity/Q194164	ar	آقچة حصار
http://www.wikidata.org/entity/Q194445	ar	الجامعة المصرية
http://www.wikidata.org/entity/Q194445	ar	الجامعه المصرية
http://www.wikidata.org/entity/Q194445	ar	الجامعه المصريه
http://www.wikidata.org/entity/Q194445	ar	جامعة القاهره
http://www.wikidata.org/entity/Q194445	ar	جامعة الملك فؤاد
http://www.wikidata.org/entity/Q194445	ar	جامعة الملك فؤاد الأول
http://www.wikidata.org/entity/Q194445	ar	جامعة فؤاد الأول
http://www.wikidata.org/entity/Q194445	ar	جامعه القاهره
http://www.wikidata.org/entity/Q194452	ar	كاراكول
http://www.wikidata.org/entity/Q19583	ar	غوري، شيدا كارتلي
http://www.wikidata.org/entity/Q1963	ar	مدينة الخرطوم
http://www.wikidata.org/entity/Q19755	ar	الإتحاد الدولي للنقل الجوي
http://www.wikidata.org/entity/Q19755	ar	الاتحاد الدولى للنقل الجوى
http://www.wikidata.org/entity/Q19755	ar	الاتحاد الدولي للنقل الجوي
http://www.wikidata.org/entity/Q19755	ar	الأياتا
http://www.wikidata.org/entity/Q19755	ar	الإياتا
http://www.wikidata.org/entity/Q19755	ar	الاياتا
http://www.wikidata.org/entity/Q19755	ar	أياتا
http://www.wikidata.org/entity/Q19755	ar	إياتا
http://www.wikidata.org/entity/Q19755	ar	اياتا
http://www.wikidata.org/entity/Q19755	ar	جمعية النقل الجوي الدولية
http://www.wikidata.org/entity/Q19755	ar	منظمة آياتا
http://www.wikidata.org/entity/Q19755	ar	منظمة الإياتا
http://www.wikidata.org/entity/Q1982248	ar	العبرية التراثية
http://www.wikidata.org/entity/Q1982248	ar	اللغة العبرية التوراتية
http://www.wikidata.org/entity/Q1982248	ar	عبرية توراتية
http://www.wikidata.org/entity/Q1982248	ar	لغة عبرية توراتية
http://www.wikidata.org/entity/Q19862	ar	ألبوم هايبرد ثيوري
http://www.wikidata.org/entity/Q19862	ar	وذ يو
http://www.wikidata.org/entity/Q19862	ar	ويذ يو
http://www.wikidata.org/entity/Q19864441	ar	باسل
http://www.wikidata.org/entity/Q19864441	ar	لغة الإشارة الخاصة بالأمريكيين الأفارقة
http://www.wikidata.org/entity/Q19864441	ar	لغة الإشارة الخاصة بالزنوج الأمرييكين
http://www.wikidata.org/entity/Q198989	ar	أكاتو
http://www.wikidata.org/entity/Q199500	ar	Գյումրի
http://www.wikidata.org/entity/Q199575	ar	أَغْرَةُ
http://www.wikidata.org/entity/Q199712	ar	قلعة جناق
http://www.wikidata.org/entity/Q199909	ar	الطف
http://www.wikidata.org/entity/Q199909	ar	الغاضرية
http://www.wikidata.org/entity/Q199909	ar	كربلا
http://www.wikidata.org/entity/Q199909	ar	كربلاء المقدسة
http://www.wikidata.org/entity/Q20	ar	مملكة النرويج
http://www.wikidata.org/entity/Q200019	ar	جُدْبُورُ
http://www.wikidata.org/entity/Q200028	ar	هاملتون، نيوزيلندا
http://www.wikidata.org/entity/Q200028	ar	هاميلتون نيوزيلندا
http://www.wikidata.org/entity/Q200030	ar	اللاذقيّة
http://www.wikidata.org/entity/Q200030	ar	اللاذقيه
http://www.wikidata.org/entity/Q200030	ar	أمانثا
http://www.wikidata.org/entity/Q200030	ar	راماثا
http://www.wikidata.org/entity/Q200030	ar	راميتا
http://www.wikidata.org/entity/Q200030	ar	لاذقية
http://www.wikidata.org/entity/Q200030	ar	مدينة اللاذقية
http://www.wikidata.org/entity/Q200030	ar	ياريموتا
http://www.wikidata.org/entity/Q200036	ar	فولوس، ماغنيسيا
http://www.wikidata.org/entity/Q200078	ar	أوكاياما
http://www.wikidata.org/entity/Q200123	ar	لُدْيَانَة
http://www.wikidata.org/entity/Q200133	ar	خالكيذا
http://www.wikidata.org/entity/Q200133	ar	خالكيس
http://www.wikidata.org/entity/Q200133	ar	خلقيذة
http://www.wikidata.org/entity/Q200133	ar	خلكيذا
http://www.wikidata.org/entity/Q200133	ar	خلكيس
http://www.wikidata.org/entity/Q200133	ar	كالكيس، إففويا
http://www.wikidata.org/entity/Q200237	ar	مَيْرَت
http://www.wikidata.org/entity/Q2005	ar	الجافا سكربت
http://www.wikidata.org/entity/Q2005	ar	الجافاسكربت
http://www.wikidata.org/entity/Q2005	ar	جافا سكربت
http://www.wikidata.org/entity/Q2005	ar	جافاسكربت
http://www.wikidata.org/entity/Q2005	ar	جافاسكريبت
http://www.wikidata.org/entity/Q200805	ar	آوسكلينتس
http://www.wikidata.org/entity/Q200872	ar	تمنيتُ لو كُنتَِ هنا
http://www.wikidata.org/entity/Q200878	ar	جابالبور
http://www.wikidata.org/entity/Q200908	ar	ريثيمنون، ريثيمني
http://www.wikidata.org/entity/Q201051	ar	راشون لتسيون
http://www.wikidata.org/entity/Q201051	ar	راشون لصهيون
http://www.wikidata.org/entity/Q201051	ar	راشون لصيون
http://www.wikidata.org/entity/Q201051	ar	ريشون لتصيون
http://www.wikidata.org/entity/Q201051	ar	ريشون لصهيون
http://www.wikidata.org/entity/Q201051	ar	ريشون لصيون
http://www.wikidata.org/entity/Q201436	ar	لغة لوغو Logo
http://www.wikidata.org/entity/Q201436	ar	لغه اللوجو
http://www.wikidata.org/entity/Q201832	ar	عليكره
http://www.wikidata.org/entity/Q202188	ar	آردهان
http://www.wikidata.org/entity/Q202188	ar	أرداهان
http://www.wikidata.org/entity/Q202195	ar	درسيم
http://www.wikidata.org/entity/Q202337	ar	نافبليون
http://www.wikidata.org/entity/Q202337	ar	ناوبليون، أرغوليس
http://www.wikidata.org/entity/Q202852	ar	بليد (مدينة )
http://www.wikidata.org/entity/Q202852	ar	بليد(مدينة )
http://www.wikidata.org/entity/Q202973	ar	كينغستن
http://www.wikidata.org/entity/Q202973	ar	كينغستون، اونتاريو
http://www.wikidata.org/entity/Q202973	ar	Kingston
http://www.wikidata.org/entity/Q203000	ar	برث (أسكتلندا)
http://www.wikidata.org/entity/Q203000	ar	بيرث
http://www.wikidata.org/entity/Q203000	ar	بيرث (أسكتلندا)
http://www.wikidata.org/entity/Q203197	ar	كاندي (مدينه)
http://www.wikidata.org/entity/Q203299	ar	كيمان فارس
http://www.wikidata.org/entity/Q203299	ar	مدينة الفيوم
http://www.wikidata.org/entity/Q203370	ar	اثوياها
http://www.wikidata.org/entity/Q204181	ar	جامعه تارتو
http://www.wikidata.org/entity/Q204234	ar	ملتن كينز
http://www.wikidata.org/entity/Q204234	ar	ميلتن كينز
http://www.wikidata.org/entity/Q204271	ar	مدينة سان لويس بوتوسي
http://www.wikidata.org/entity/Q204365	ar	زيندر
http://www.wikidata.org/entity/Q204434	ar	بيهاتش
http://www.wikidata.org/entity/Q204434	ar	بيهاج
http://www.wikidata.org/entity/Q204439	ar	علمين
http://www.wikidata.org/entity/Q204457	ar	جامعة بيرجن
http://www.wikidata.org/entity/Q204905	ar	إلفسيس
http://www.wikidata.org/entity/Q204905	ar	إليفسيس
http://www.wikidata.org/entity/Q204905	ar	إليفسينا
http://www.wikidata.org/entity/Q204905	ar	إليوسيس، أتيكي
http://www.wikidata.org/entity/Q205119	ar	كاخاماركا ()
http://www.wikidata.org/entity/Q205792	ar	تامنراست
http://www.wikidata.org/entity/Q205792	ar	تامنغاست
http://www.wikidata.org/entity/Q205792	ar	تامنغست
http://www.wikidata.org/entity/Q205792	ar	تمنغاست
http://www.wikidata.org/entity/Q205832	ar	كورفو
http://www.wikidata.org/entity/Q205832	ar	كيركيرا
http://www.wikidata.org/entity/Q205832	ar	كيركيرا، كيركيرا
http://www.wikidata.org/entity/Q205832	ar	مدينة قرفس
http://www.wikidata.org/entity/Q205832	ar	مدينة كورفو
http://www.wikidata.org/entity/Q205942	ar	يَالُوَة
http://www.wikidata.org/entity/Q205979	ar	اللغة السغدية
http://www.wikidata.org/entity/Q205979	ar	لغة صغدية
http://www.wikidata.org/entity/Q20639851	ar	اللغة الكنزية
http://www.wikidata.org/entity/Q206760	ar	كيرينيا
http://www.wikidata.org/entity/Q206760	ar	مدينة كيرينيا
http://www.wikidata.org/entity/Q206879	ar	نَوْشَهْرُ
http://www.wikidata.org/entity/Q206881	ar	كلز
http://www.wikidata.org/entity/Q206881	ar	كِلِّزُ
http://www.wikidata.org/entity/Q206885	ar	دُزْجَة
http://www.wikidata.org/entity/Q206895	ar	الهكاري
http://www.wikidata.org/entity/Q206895	ar	الهكارية
http://www.wikidata.org/entity/Q206895	ar	هاكاري
http://www.wikidata.org/entity/Q206895	ar	هكاري
http://www.wikidata.org/entity/Q206895	ar	هكارية
http://www.wikidata.org/entity/Q206900	ar	شوروم
http://www.wikidata.org/entity/Q206903	ar	كركلرايلي
http://www.wikidata.org/entity/Q206904	ar	لغة البرمجة آر
http://www.wikidata.org/entity/Q206904	ar	لغة البرمجة R
http://www.wikidata.org/entity/Q206904	ar	لغه البرمجه آر
http://www.wikidata.org/entity/Q206954	ar	قستوريا
http://www.wikidata.org/entity/Q206954	ar	قستورية
http://www.wikidata.org/entity/Q206954	ar	كاستوريا
http://www.wikidata.org/entity/Q206954	ar	كستوريا
http://www.wikidata.org/entity/Q207350	ar	رحوبوت
http://www.wikidata.org/entity/Q207467	ar	تريكالا، إماثيا
http://www.wikidata.org/entity/Q207467	ar	تريكالا، تريكالا
http://www.wikidata.org/entity/Q207540	ar	لد
http://www.wikidata.org/entity/Q207540	ar	لدّ
http://www.wikidata.org/entity/Q207540	ar	Lod
http://www.wikidata.org/entity/Q207749	ar	تاني
http://www.wikidata.org/entity/Q207749	ar	ثين
http://www.wikidata.org/entity/Q207752	ar	شيلونج
http://www.wikidata.org/entity/Q207998	ar	أناستاسيوبوليس
http://www.wikidata.org/entity/Q207998	ar	بسكازا
http://www.wikidata.org/entity/Q207998	ar	تلميسوس
http://www.wikidata.org/entity/Q207998	ar	ماكري
http://www.wikidata.org/entity/Q208006	ar	بيلجيك
http://www.wikidata.org/entity/Q208162	ar	بَتْيَالَة
http://www.wikidata.org/entity/Q208403	ar	كوموتيني، رودوبي
http://www.wikidata.org/entity/Q208472	ar	بِنْكُل
http://www.wikidata.org/entity/Q208573	ar	أرتا، أرتا
http://www.wikidata.org/entity/Q208715	ar	المنستير
http://www.wikidata.org/entity/Q208715	ar	منستير
http://www.wikidata.org/entity/Q2092358	ar	جامعه عثمانيه
http://www.wikidata.org/entity/Q2092358	ar	جامعہ عثمانیہ
http://www.wikidata.org/entity/Q2092358	ar	Osmania University
http://www.wikidata.org/entity/Q2092358	ar	ఉస్మానియా విశ్వవిద్యాలయము
http://www.wikidata.org/entity/Q209423	ar	ريف كيركينيس
http://www.wikidata.org/entity/Q209905	ar	أقحصار
http://www.wikidata.org/entity/Q209905	ar	أَقْحِصَار
http://www.wikidata.org/entity/Q209925	ar	جَنْقَرَة
http://www.wikidata.org/entity/Q209978	ar	إديسا، بيلا
http://www.wikidata.org/entity/Q21	ar	إنغلترا
http://www.wikidata.org/entity/Q21	ar	إنقلترا
http://www.wikidata.org/entity/Q21	ar	إنكلترا
http://www.wikidata.org/entity/Q21	ar	إنگلترا
http://www.wikidata.org/entity/Q210161	ar	Ambato
http://www.wikidata.org/entity/Q210161	ar	San Juan Bautista de Ambato
http://www.wikidata.org/entity/Q210292	ar	يَوَزْغَاد
http://www.wikidata.org/entity/Q210296	ar	كزانثي
http://www.wikidata.org/entity/Q210296	ar	كسانثي، كسانثي
http://www.wikidata.org/entity/Q210470	ar	كاتيريني، بيريا
http://www.wikidata.org/entity/Q211	ar	بلتفيا
http://www.wikidata.org/entity/Q211	ar	جيلغافا
http://www.wikidata.org/entity/Q211	ar	داوغافبلس
http://www.wikidata.org/entity/Q211	ar	داوغالفس
http://www.wikidata.org/entity/Q211	ar	لاتفي
http://www.wikidata.org/entity/Q211	ar	لاتيفيا
http://www.wikidata.org/entity/Q211	ar	لتفيا
http://www.wikidata.org/entity/Q211318	ar	بيتيوس
http://www.wikidata.org/entity/Q211805	ar	بارتين
http://www.wikidata.org/entity/Q211811	ar	بُرْدُور
http://www.wikidata.org/entity/Q211828	ar	بايبرد
http://www.wikidata.org/entity/Q211867	ar	اوشاوا
http://www.wikidata.org/entity/Q211952	ar	قضاء قوش أطاسة
http://www.wikidata.org/entity/Q211952	ar	قوش آطه سي
http://www.wikidata.org/entity/Q21197	ar	كيشينف
http://www.wikidata.org/entity/Q21197	ar	كيشينيف
http://www.wikidata.org/entity/Q211970	ar	عنتيبي
http://www.wikidata.org/entity/Q2119752	ar	جامعة أوربينو كارلو بو
http://www.wikidata.org/entity/Q212283	ar	مدينة ولز
http://www.wikidata.org/entity/Q212283	ar	ولز، سومرست
http://www.wikidata.org/entity/Q212332	ar	كانتشيبرم
http://www.wikidata.org/entity/Q212546	ar	أخالتسيخ
http://www.wikidata.org/entity/Q2126436	ar	رأس الخيمه (مدينه)
http://www.wikidata.org/entity/Q2126436	ar	مدينة رأس الخيمة
http://www.wikidata.org/entity/Q212757	ar	قامشلي
http://www.wikidata.org/entity/Q212757	ar	قاميشلو
http://www.wikidata.org/entity/Q212841	ar	دراما، دراما
http://www.wikidata.org/entity/Q213	ar	التشيكي
http://www.wikidata.org/entity/Q213	ar	الجمهورية التشيكية
http://www.wikidata.org/entity/Q213	ar	الجمهوريةالتشيكية
http://www.wikidata.org/entity/Q213	ar	تشيكي
http://www.wikidata.org/entity/Q213	ar	تشيكيا
http://www.wikidata.org/entity/Q213	ar	جمهورية تشيكيا
http://www.wikidata.org/entity/Q213	ar	جمهورية تشيكية
http://www.wikidata.org/entity/Q213248	ar	تيرونيلفلي
http://www.wikidata.org/entity/Q213898	ar	بريفيزا
http://www.wikidata.org/entity/Q214	ar	جمهورية سلوفاكيا
http://www.wikidata.org/entity/Q214178	ar	مدينة نابلس
http://www.wikidata.org/entity/Q214248	ar	بنغويلا
http://www.wikidata.org/entity/Q214303	ar	كُمُشْخَانَةُ
http://www.wikidata.org/entity/Q214655	ar	جرلة
http://www.wikidata.org/entity/Q214655	ar	جورلة
http://www.wikidata.org/entity/Q214681	ar	بانجيم
http://www.wikidata.org/entity/Q214681	ar	بَنجيم
http://www.wikidata.org/entity/Q215	ar	جمهورية سلوفينيا
http://www.wikidata.org/entity/Q215080	ar	Machala
http://www.wikidata.org/entity/Q215080	ar	San Antonio de Machala
http://www.wikidata.org/entity/Q215277	ar	جفنا (سريلانكا)
http://www.wikidata.org/entity/Q215633	ar	لومزا
http://www.wikidata.org/entity/Q216075	ar	كان ثو
http://www.wikidata.org/entity/Q216243	ar	نالاندا
http://www.wikidata.org/entity/Q216912	ar	مُغْلَةُ
http://www.wikidata.org/entity/Q216939	ar	تصنيفز مدن فينيقية
http://www.wikidata.org/entity/Q216939	ar	جزيرة موكادور
http://www.wikidata.org/entity/Q216939	ar	جماعة الصويرة
http://www.wikidata.org/entity/Q216939	ar	صويرة
http://www.wikidata.org/entity/Q216939	ar	موغادور
http://www.wikidata.org/entity/Q216990	ar	بليدة
http://www.wikidata.org/entity/Q216990	ar	مدينة الورود
http://www.wikidata.org/entity/Q216990	ar	وريدة
http://www.wikidata.org/entity/Q217	ar	البغدان
http://www.wikidata.org/entity/Q217	ar	إمارة البُغدان
http://www.wikidata.org/entity/Q217	ar	جمهورية مولدوفا
http://www.wikidata.org/entity/Q217	ar	جمهورية مولدوڤا
http://www.wikidata.org/entity/Q217	ar	مولدافيا
http://www.wikidata.org/entity/Q217040	ar	تامال
http://www.wikidata.org/entity/Q217125	ar	إِزْنِيقُ
http://www.wikidata.org/entity/Q217125	ar	قضاء إزنيق
http://www.wikidata.org/entity/Q217156	ar	إسماعيلية
http://www.wikidata.org/entity/Q217156	ar	الاسماعيلية
http://www.wikidata.org/entity/Q217156	ar	الإسماعيليه
http://www.wikidata.org/entity/Q217156	ar	مدينة الإسماعيلية
http://www.wikidata.org/entity/Q217156	ar	مدينة الاسماعيلية
http://www.wikidata.org/entity/Q217720	ar	جَشْمَة
http://www.wikidata.org/entity/Q218	ar	جمهورية رومانيا
http://www.wikidata.org/entity/Q218	ar	رومانية
http://www.wikidata.org/entity/Q219	ar	البلغاري
http://www.wikidata.org/entity/Q219	ar	بلغاري
http://www.wikidata.org/entity/Q219	ar	بلغارية
http://www.wikidata.org/entity/Q219	ar	بلقاريا
http://www.wikidata.org/entity/Q219060	ar	الدولة الفلسطينية
http://www.wikidata.org/entity/Q219060	ar	السلطة الفلسطينية
http://www.wikidata.org/entity/Q219060	ar	السلطة الوطنية الفلسطينية
http://www.wikidata.org/entity/Q219060	ar	فلسطين
http://www.wikidata.org/entity/Q219117	ar	زومبا، ملاوي
http://www.wikidata.org/entity/Q219564	ar	معهد كارولينسكا
http://www.wikidata.org/entity/Q219583	ar	البريجة
http://www.wikidata.org/entity/Q219583	ar	مازيغن
http://www.wikidata.org/entity/Q221	ar	جمهورية شمال مقدونيا
http://www.wikidata.org/entity/Q221	ar	جمهورية مقدونيا
http://www.wikidata.org/entity/Q221	ar	جمهورية مقدونيا الشمالية
http://www.wikidata.org/entity/Q221	ar	جمهورية مقدونيا اليوغوسلافية السابقة
http://www.wikidata.org/entity/Q221	ar	شمال مقدونيا
http://www.wikidata.org/entity/Q221	ar	مقدونيا
http://www.wikidata.org/entity/Q2211	ar	Malmö
http://www.wikidata.org/entity/Q221447	ar	الرمله
http://www.wikidata.org/entity/Q221447	ar	Ramla
http://www.wikidata.org/entity/Q2222874	ar	زنزيبار
http://www.wikidata.org/entity/Q222738	ar	الجامعه الوطنيه المستقله في المكسيك
http://www.wikidata.org/entity/Q222755	ar	إيباغي
http://www.wikidata.org/entity/Q223	ar	جرينلاند
http://www.wikidata.org/entity/Q223	ar	جرينلند
http://www.wikidata.org/entity/Q223587	ar	جزيرة الورد
http://www.wikidata.org/entity/Q223679	ar	جنو اوكتف
http://www.wikidata.org/entity/Q223679	ar	غنو أوكتف
http://www.wikidata.org/entity/Q225641	ar	مُنْبَاسَة
http://www.wikidata.org/entity/Q225641	ar	منبسة
http://www.wikidata.org/entity/Q225641	ar	مومباسا
http://www.wikidata.org/entity/Q2268	ar	نوبية قديمة
http://www.wikidata.org/entity/Q227	ar	جمهورية أذربيجان
http://www.wikidata.org/entity/Q2281564	ar	الجامعه الهاشميه
http://www.wikidata.org/entity/Q2292517	ar	روسيكادا
http://www.wikidata.org/entity/Q2292517	ar	رُوسِيكادا
http://www.wikidata.org/entity/Q2292517	ar	سكيكده
http://www.wikidata.org/entity/Q2292517	ar	عزابة سكيكدة
http://www.wikidata.org/entity/Q2292517	ar	Skikda
http://www.wikidata.org/entity/Q2298909	ar	جافا سكريبت المخفيه
http://www.wikidata.org/entity/Q230	ar	جمهورية جورجيا
http://www.wikidata.org/entity/Q230	ar	جورجي
http://www.wikidata.org/entity/Q230	ar	جيورجا
http://www.wikidata.org/entity/Q230	ar	غرجستان
http://www.wikidata.org/entity/Q230	ar	كرجستان
http://www.wikidata.org/entity/Q230104	ar	نقجوان
http://www.wikidata.org/entity/Q2302663	ar	جامعة الحدود الشمالية طريف قسم الكيمياء
http://www.wikidata.org/entity/Q2302663	ar	جامعة حلب : كلية الهندسة الميكانيكية: الهندسة النووية
http://www.wikidata.org/entity/Q2302663	ar	جامعة حلب : كلية الهندسة الميكانيكية: علم المواد الهندسية
http://www.wikidata.org/entity/Q2302663	ar	جامعه حلب
http://www.wikidata.org/entity/Q2302663	ar	قسم الهندسة النووية بكلية الهندسة الميكانيكية بجامعة حلب
http://www.wikidata.org/entity/Q23051	ar	أبرتوة
http://www.wikidata.org/entity/Q23051	ar	أَبَرْتَوَة
http://www.wikidata.org/entity/Q23051	ar	سَوَنْزِي
http://www.wikidata.org/entity/Q230899	ar	جامعة مانجستر
http://www.wikidata.org/entity/Q230899	ar	جامعة مانشيستر
http://www.wikidata.org/entity/Q230899	ar	جامعه مانشيستر
http://www.wikidata.org/entity/Q23154	ar	بريستول
http://www.wikidata.org/entity/Q232	ar	قازاقستان
http://www.wikidata.org/entity/Q232009	ar	هاري بوتر ومقدسات الموت – الجزء ٢
http://www.wikidata.org/entity/Q233	ar	جمهورية مالطا
http://www.wikidata.org/entity/Q23430	ar	أولان بطار
http://www.wikidata.org/entity/Q23430	ar	أولانباتور
http://www.wikidata.org/entity/Q23436	ar	أدنبرة
http://www.wikidata.org/entity/Q23436	ar	ادنبرة
http://www.wikidata.org/entity/Q23436	ar	أدنبره
http://www.wikidata.org/entity/Q23436	ar	إدنبره
http://www.wikidata.org/entity/Q23436	ar	ادنبره
http://www.wikidata.org/entity/Q23436	ar	إيدنبرج
http://www.wikidata.org/entity/Q23438	ar	عشق ابآد
http://www.wikidata.org/entity/Q23438	ar	عشق أباد
http://www.wikidata.org/entity/Q23438	ar	عشقآباد
http://www.wikidata.org/entity/Q234600	ar	العين، إمارة أبو ظبي
http://www.wikidata.org/entity/Q234657	ar	اكشن سكربت
http://www.wikidata.org/entity/Q234657	ar	أكشن سكريبت
http://www.wikidata.org/entity/Q235	ar	إمارة موناكو
http://www.wikidata.org/entity/Q23564	ar	بدغورتسة
http://www.wikidata.org/entity/Q23564	ar	بودغوريتشا
http://www.wikidata.org/entity/Q23564	ar	بودغوريكا
http://www.wikidata.org/entity/Q236	ar	مونتينيغرو
http://www.wikidata.org/entity/Q23681	ar	جمهورية شمال قبرص
http://www.wikidata.org/entity/Q23681	ar	جمهورية شمال قبرص التركية
http://www.wikidata.org/entity/Q23681	ar	جمهورية شمال قبرص الغير معترف بها دوليا
http://www.wikidata.org/entity/Q23681	ar	جهمورية شمال قبرص التركية
http://www.wikidata.org/entity/Q23681	ar	شمال قبرص
http://www.wikidata.org/entity/Q23681	ar	شمال قبرص التركية
http://www.wikidata.org/entity/Q23681	ar	قبرص التركية
http://www.wikidata.org/entity/Q23681	ar	قبرص الشماليه
http://www.wikidata.org/entity/Q23681	ar	Northern Cyprus
http://www.wikidata.org/entity/Q237	ar	دولة مدينة الفاتيكان
http://www.wikidata.org/entity/Q2370	ar	سي شارب
http://www.wikidata.org/entity/Q2370	ar	CSC
http://www.wikidata.org/entity/Q23780914	ar	أفنجرز 3
http://www.wikidata.org/entity/Q23780914	ar	أفنجرز: الحرب الأزلية
http://www.wikidata.org/entity/Q23780914	ar	أفنجرز: إنفينيتي وور
http://www.wikidata.org/entity/Q23780914	ar	المنتقمون 3
http://www.wikidata.org/entity/Q23780914	ar	المنتقمون: الحرب الأزلية
http://www.wikidata.org/entity/Q23781155	ar	المنتقمون 4
http://www.wikidata.org/entity/Q23781155	ar	نهاية اللعبة
http://www.wikidata.org/entity/Q238	ar	جمهورية سان مارينو
http://www.wikidata.org/entity/Q238	ar	جمهورية سان مارينو الأكثر صفاء
http://www.wikidata.org/entity/Q23800	ar	فاليتا
http://www.wikidata.org/entity/Q238452	ar	عريش
http://www.wikidata.org/entity/Q238508	ar	غرو غرام
http://www.wikidata.org/entity/Q238508	ar	غورغاون
http://www.wikidata.org/entity/Q239097	ar	دير زور
http://www.wikidata.org/entity/Q239107	ar	ادفو
http://www.wikidata.org/entity/Q239107	ar	Edfu
http://www.wikidata.org/entity/Q241	ar	جمهورية كوبا
http://www.wikidata.org/entity/Q241298	ar	ألبينجا
http://www.wikidata.org/entity/Q242587	ar	أبيشي
http://www.wikidata.org/entity/Q242587	ar	ابيشي
http://www.wikidata.org/entity/Q242992	ar	بهاونكر
http://www.wikidata.org/entity/Q243319	ar	موروجورو
http://www.wikidata.org/entity/Q243322	ar	جوجرانوالا
http://www.wikidata.org/entity/Q243699	ar	تصنيف:رشيد
http://www.wikidata.org/entity/Q243699	ar	مدينة رشيد
http://www.wikidata.org/entity/Q243846	ar	الحلّة
http://www.wikidata.org/entity/Q243846	ar	الحله
http://www.wikidata.org/entity/Q243846	ar	بالحلة
http://www.wikidata.org/entity/Q243846	ar	مدينة الحلة
http://www.wikidata.org/entity/Q244	ar	البربادوس
http://www.wikidata.org/entity/Q244	ar	باربيدوس
http://www.wikidata.org/entity/Q244	ar	بربادوس
http://www.wikidata.org/entity/Q244	ar	بربيدوس
http://www.wikidata.org/entity/Q244159	ar	دنباد
http://www.wikidata.org/entity/Q2467	ar	جزيرة ناسو
http://www.wikidata.org/entity/Q2467	ar	ناسو
http://www.wikidata.org/entity/Q2467	ar	ناسو (جزيرة)
http://www.wikidata.org/entity/Q2471	ar	صَنْعَاءُ
http://www.wikidata.org/entity/Q2471	ar	مدينة سام
http://www.wikidata.org/entity/Q24826	ar	لفربول
http://www.wikidata.org/entity/Q24826	ar	ليفيربول
http://www.wikidata.org/entity/Q24871	ar	أفاتار 1
http://www.wikidata.org/entity/Q24871	ar	أفاتار الجزء الأول
http://www.wikidata.org/entity/Q249884	ar	سان بيير (ريونيون)
http://www.wikidata.org/entity/Q249884	ar	سان بيير, ريونيون
http://www.wikidata.org/entity/Q2503809	ar	جامعة كنجستون
http://www.wikidata.org/entity/Q2503809	ar	جامعة كنكستون
http://www.wikidata.org/entity/Q2503809	ar	جامعة كينغستن
http://www.wikidata.org/entity/Q2503809	ar	جامعة كينكستون
http://www.wikidata.org/entity/Q251	ar	لغة جافا
http://www.wikidata.org/entity/Q25164	ar	نينوشك
http://www.wikidata.org/entity/Q25167	ar	النرويجية بوكمال
http://www.wikidata.org/entity/Q25188	ar	ازدراع
http://www.wikidata.org/entity/Q25188	ar	انسبشن
http://www.wikidata.org/entity/Q25188	ar	بداية
http://www.wikidata.org/entity/Q252	ar	جمهورية إندونيسيا
http://www.wikidata.org/entity/Q25258	ar	اللغة الفاروية
http://www.wikidata.org/entity/Q25258	ar	فاروية
http://www.wikidata.org/entity/Q25258	ar	لغه فارويه
http://www.wikidata.org/entity/Q25270	ar	برشتين
http://www.wikidata.org/entity/Q25279	ar	جزر كوراكاو
http://www.wikidata.org/entity/Q25286	ar	أُبْسَالَة
http://www.wikidata.org/entity/Q2529518	ar	جامعة الفاتح
http://www.wikidata.org/entity/Q2529518	ar	جامعه الفاتح
http://www.wikidata.org/entity/Q25442	ar	صوربية
http://www.wikidata.org/entity/Q25442	ar	لغة صوربية
http://www.wikidata.org/entity/Q25475	ar	باتومي
http://www.wikidata.org/entity/Q255455	ar	جَمُّونُ
http://www.wikidata.org/entity/Q25797	ar	زيلينا
http://www.wikidata.org/entity/Q258	ar	جنوب أفريقيا
http://www.wikidata.org/entity/Q26155	ar	جونية
http://www.wikidata.org/entity/Q262	ar	الجزاير
http://www.wikidata.org/entity/Q262	ar	الدزاير
http://www.wikidata.org/entity/Q262	ar	دزاير
http://www.wikidata.org/entity/Q262579	ar	قَرَمَانُ
http://www.wikidata.org/entity/Q262579	ar	لارندة
http://www.wikidata.org/entity/Q265	ar	جمهورية أوزبكستان
http://www.wikidata.org/entity/Q2656	ar	بالرمو
http://www.wikidata.org/entity/Q2656	ar	بلرم
http://www.wikidata.org/entity/Q2656	ar	بلرمة
http://www.wikidata.org/entity/Q2658244	ar	اي
http://www.wikidata.org/entity/Q2658244	ar	إي(لغة برمجة)
http://www.wikidata.org/entity/Q269	ar	الشاش
http://www.wikidata.org/entity/Q269	ar	شاش
http://www.wikidata.org/entity/Q26906	ar	أوباتا
http://www.wikidata.org/entity/Q269899	ar	أمراوتي
http://www.wikidata.org/entity/Q269960	ar	شبرا الخيمه
http://www.wikidata.org/entity/Q27	ar	آرسنال
http://www.wikidata.org/entity/Q27	ar	آيرلندية
http://www.wikidata.org/entity/Q27	ar	الجمهورية الأيرلندية
http://www.wikidata.org/entity/Q27	ar	ايرلاندية
http://www.wikidata.org/entity/Q27	ar	إيرلنده
http://www.wikidata.org/entity/Q27	ar	إيرلندي
http://www.wikidata.org/entity/Q27	ar	جمهورية آيرلندا
http://www.wikidata.org/entity/Q27	ar	جمهورية ايرلاندا
http://www.wikidata.org/entity/Q27	ar	جمهورية إيرلندا
http://www.wikidata.org/entity/Q27	ar	جمهورية ايرلندا
http://www.wikidata.org/entity/Q27	ar	جمهورية أيرلندة
http://www.wikidata.org/entity/Q27	ar	جمهورية إيرلندة
http://www.wikidata.org/entity/Q27	ar	جمهورية ايرلندة
http://www.wikidata.org/entity/Q27	ar	جمهوريه أيرلندا
http://www.wikidata.org/entity/Q270041	ar	الحدیدة
http://www.wikidata.org/entity/Q270041	ar	حديدة
http://www.wikidata.org/entity/Q270041	ar	حديده
http://www.wikidata.org/entity/Q270176	ar	بلجاوم
http://www.wikidata.org/entity/Q270222	ar	Michigan State University
http://www.wikidata.org/entity/Q270821	ar	بعقوبا
http://www.wikidata.org/entity/Q270821	ar	بعقوبه
http://www.wikidata.org/entity/Q27119	ar	كولدينج
http://www.wikidata.org/entity/Q27119	ar	كولينغ
http://www.wikidata.org/entity/Q27168	ar	ريندرز
http://www.wikidata.org/entity/Q2723670	ar	جامعة إبراهيم باشا
http://www.wikidata.org/entity/Q2723670	ar	جامعه عين شمس
http://www.wikidata.org/entity/Q272680	ar	بُصرى
http://www.wikidata.org/entity/Q272680	ar	بصرى الشام
http://www.wikidata.org/entity/Q272680	ar	بصرى Buṣrā
http://www.wikidata.org/entity/Q2743297	ar	ARTPOP
http://www.wikidata.org/entity/Q27480	ar	اللغة الإياكية
http://www.wikidata.org/entity/Q27480	ar	لغة الآياك
http://www.wikidata.org/entity/Q27480	ar	لغة إياكية
http://www.wikidata.org/entity/Q27480	ar	لغه إياك
http://www.wikidata.org/entity/Q275131	ar	Scratch
http://www.wikidata.org/entity/Q275635	ar	باضع
http://www.wikidata.org/entity/Q275635	ar	رأس مدر
http://www.wikidata.org/entity/Q275635	ar	مصوّع
http://www.wikidata.org/entity/Q2766547	ar	دم بوس
http://www.wikidata.org/entity/Q27683	ar	آتشيهية
http://www.wikidata.org/entity/Q27683	ar	اللغة الأليوتية
http://www.wikidata.org/entity/Q27683	ar	لغة أليوتية
http://www.wikidata.org/entity/Q279	ar	مودينا
http://www.wikidata.org/entity/Q2790	ar	أُديني
http://www.wikidata.org/entity/Q28	ar	هنجاريا
http://www.wikidata.org/entity/Q28	ar	هنغاريا
http://www.wikidata.org/entity/Q280824	ar	جامعة أيندهوفن للتكنولوجيا
http://www.wikidata.org/entity/Q280824	ar	TUE
http://www.wikidata.org/entity/Q283368	ar	رقة
http://www.wikidata.org/entity/Q28602	ar	آرامية
http://www.wikidata.org/entity/Q28602	ar	اللغة الآرامية
http://www.wikidata.org/entity/Q28602	ar	لغة آرامية
http://www.wikidata.org/entity/Q28695	ar	جامعة هلسينكي
http://www.wikidata.org/entity/Q28729	ar	كاليكوت
http://www.wikidata.org/entity/Q2877155	ar	BLISS
http://www.wikidata.org/entity/Q2891049	ar	مانديلينج
http://www.wikidata.org/entity/Q28911	ar	لهتي
http://www.wikidata.org/entity/Q29	ar	اسبانيا
http://www.wikidata.org/entity/Q29	ar	مملكة إسبانيا
http://www.wikidata.org/entity/Q29292	ar	أرغوبية
http://www.wikidata.org/entity/Q29292	ar	اللغة الأرغوبية
http://www.wikidata.org/entity/Q29292	ar	لغة أرغوبية
http://www.wikidata.org/entity/Q29303	ar	كانتربري
http://www.wikidata.org/entity/Q29303	ar	كانتيربيري
http://www.wikidata.org/entity/Q29303	ar	كنتربري
http://www.wikidata.org/entity/Q29303	ar	كنتربيري
http://www.wikidata.org/entity/Q29303	ar	كنتيربيري
http://www.wikidata.org/entity/Q29316	ar	أرومونية
http://www.wikidata.org/entity/Q29316	ar	اللغة الأرومونية
http://www.wikidata.org/entity/Q29316	ar	لغة أرومونية
http://www.wikidata.org/entity/Q29540	ar	البَوَارِيَّةُ
http://www.wikidata.org/entity/Q29579	ar	الأَوَدِيَّةُ
http://www.wikidata.org/entity/Q29579	ar	اللغة الأودية
http://www.wikidata.org/entity/Q298	ar	جمهورية تشيلي
http://www.wikidata.org/entity/Q29962	ar	أسيوط
http://www.wikidata.org/entity/Q29962	ar	أسيوط (مدينة)
http://www.wikidata.org/entity/Q29962	ar	الوكايل
http://www.wikidata.org/entity/Q29962	ar	سيوط
http://www.wikidata.org/entity/Q29962	ar	مدينة أسيوط
http://www.wikidata.org/entity/Q29962	ar	وكايل
http://www.wikidata.org/entity/Q29999	ar	مملكة الرڭوڭ المهوّدة
http://www.wikidata.org/entity/Q30	ar	الولايات المتحدة الأمريكية
http://www.wikidata.org/entity/Q30	ar	أمريكا
http://www.wikidata.org/entity/Q30	ar	و م
http://www.wikidata.org/entity/Q30	ar	و م أ
http://www.wikidata.org/entity/Q30	ar	و.م
http://www.wikidata.org/entity/Q30	ar	و.م.أ
http://www.wikidata.org/entity/Q300867	ar	ملفات البناء
http://www.wikidata.org/entity/Q300867	ar	Make
http://www.wikidata.org/entity/Q3012	ar	اولم
http://www.wikidata.org/entity/Q30319	ar	اللغة السيليزية
http://www.wikidata.org/entity/Q30319	ar	سيليزية
http://www.wikidata.org/entity/Q30319	ar	لغة سيليزية
http://www.wikidata.org/entity/Q3037	ar	كاتماندو
http://www.wikidata.org/entity/Q30620	ar	ليمون
http://www.wikidata.org/entity/Q306626	ar	لغة ألمانية نمساوية
http://www.wikidata.org/entity/Q30898	ar	اللغة الكيريباتية
http://www.wikidata.org/entity/Q30898	ar	كيريباتية
http://www.wikidata.org/entity/Q30898	ar	لغة كيريباتية
http://www.wikidata.org/entity/Q309348	ar	حي الأمل
http://www.wikidata.org/entity/Q309348	ar	خانيونس
http://www.wikidata.org/entity/Q309348	ar	مخيم خانيونس
http://www.wikidata.org/entity/Q30970	ar	جيمز تون
http://www.wikidata.org/entity/Q30970	ar	جيمس تاون (هيلينا)
http://www.wikidata.org/entity/Q30970	ar	جيمس تون
http://www.wikidata.org/entity/Q30970	ar	جيمستاون
http://www.wikidata.org/entity/Q30970	ar	جيمستون
http://www.wikidata.org/entity/Q3100814	ar	لغة الإشارة الإسبانية
http://www.wikidata.org/entity/Q310117	ar	إلمنيا
http://www.wikidata.org/entity/Q310117	ar	مدينة المنيا
http://www.wikidata.org/entity/Q310117	ar	منيا
http://www.wikidata.org/entity/Q310842	ar	الجامعة ألمستنصرية
http://www.wikidata.org/entity/Q310842	ar	الجامعه المستنصريه
http://www.wikidata.org/entity/Q310842	ar	المستنصرية
http://www.wikidata.org/entity/Q310842	ar	المستنصريّة
http://www.wikidata.org/entity/Q310842	ar	جامعة المستنصرية
http://www.wikidata.org/entity/Q310842	ar	جامعة مستنصرية
http://www.wikidata.org/entity/Q310893	ar	الوكرة قطر
http://www.wikidata.org/entity/Q310893	ar	بلدية الوكرة
http://www.wikidata.org/entity/Q310893	ar	بلدية الوكرة القطرية
http://www.wikidata.org/entity/Q310893	ar	وكرة
http://www.wikidata.org/entity/Q311099	ar	مدينة السويداء
http://www.wikidata.org/entity/Q311321	ar	مدينة الحسكة
http://www.wikidata.org/entity/Q3114	ar	كانبيرا
http://www.wikidata.org/entity/Q3120966	ar	غنتور
http://www.wikidata.org/entity/Q312759	ar	البسكرة
http://www.wikidata.org/entity/Q312759	ar	بسكره
http://www.wikidata.org/entity/Q3133606	ar	أم القرى
http://www.wikidata.org/entity/Q3133606	ar	جامعة ام القرى
http://www.wikidata.org/entity/Q3133606	ar	جامعه أم القرى
http://www.wikidata.org/entity/Q31519	ar	جامعة تشارلز في براغ
http://www.wikidata.org/entity/Q31519	ar	جامعة كارلوفا في براغ
http://www.wikidata.org/entity/Q31565	ar	جحفية
http://www.wikidata.org/entity/Q31565	ar	مدينة جرش
http://www.wikidata.org/entity/Q315658	ar	UWr
http://www.wikidata.org/entity/Q31572	ar	كرك
http://www.wikidata.org/entity/Q31572	ar	مدينة الكرك
http://www.wikidata.org/entity/Q318156	ar	بهاول بور
http://www.wikidata.org/entity/Q319268	ar	لغة البرمجة دي
http://www.wikidata.org/entity/Q32	ar	اللكسمبورج
http://www.wikidata.org/entity/Q32	ar	اللكسمبورغ
http://www.wikidata.org/entity/Q32	ar	اللوكسمبورج
http://www.wikidata.org/entity/Q32	ar	اللوكسمبورغ
http://www.wikidata.org/entity/Q32	ar	دوقية اللوغسمبورغ
http://www.wikidata.org/entity/Q32	ar	دوقية لوكسمبورغ
http://www.wikidata.org/entity/Q32	ar	لكسمبرغ
http://www.wikidata.org/entity/Q32	ar	لكسمبورج
http://www.wikidata.org/entity/Q32	ar	لكسمبورغ
http://www.wikidata.org/entity/Q32	ar	لوكسمبرج
http://www.wikidata.org/entity/Q32	ar	لوكسمبورج
http://www.wikidata.org/entity/Q32	ar	لوكسمبورگ
http://www.wikidata.org/entity/Q320704	ar	مدينة بنين
http://www.wikidata.org/entity/Q321279	ar	إتوكورتورميت
http://www.wikidata.org/entity/Q32238	ar	لغة دغباني
http://www.wikidata.org/entity/Q32260	ar	اللغة الدهلكية
http://www.wikidata.org/entity/Q32260	ar	دهلكية
http://www.wikidata.org/entity/Q32260	ar	لغة دهلكية
http://www.wikidata.org/entity/Q322964	ar	معهد موسكو الحكومي للعلاقات الدوليه
http://www.wikidata.org/entity/Q328030	ar	كوت العمارة
http://www.wikidata.org/entity/Q328153	ar	مدينة دمنهور
http://www.wikidata.org/entity/Q328510	ar	تيندوف
http://www.wikidata.org/entity/Q32858	ar	اللغة الفوتية
http://www.wikidata.org/entity/Q32858	ar	فوتية
http://www.wikidata.org/entity/Q32858	ar	لغة فوتية
http://www.wikidata.org/entity/Q3289596	ar	اللغة الشبكية
http://www.wikidata.org/entity/Q32915	ar	اللغة الكردلينية
http://www.wikidata.org/entity/Q33025	ar	باجة
http://www.wikidata.org/entity/Q33025	ar	بجا
http://www.wikidata.org/entity/Q33025	ar	بجاوي
http://www.wikidata.org/entity/Q33025	ar	بجاوية
http://www.wikidata.org/entity/Q33025	ar	بجاويت
http://www.wikidata.org/entity/Q33025	ar	بداويت
http://www.wikidata.org/entity/Q33025	ar	بدويت
http://www.wikidata.org/entity/Q33025	ar	بوجة
http://www.wikidata.org/entity/Q33025	ar	تو بداوي
http://www.wikidata.org/entity/Q33025	ar	تو-بداوي
http://www.wikidata.org/entity/Q33025	ar	توبداوي
http://www.wikidata.org/entity/Q330531	ar	كوتا
http://www.wikidata.org/entity/Q330531	ar	كُوتَةُ
http://www.wikidata.org/entity/Q33138	ar	اللغة الخوارزمية
http://www.wikidata.org/entity/Q33151	ar	بنجرية
http://www.wikidata.org/entity/Q33151	ar	لغة بنجرية
http://www.wikidata.org/entity/Q331764	ar	البوري
http://www.wikidata.org/entity/Q33190	ar	اللغة البوقسية
http://www.wikidata.org/entity/Q33190	ar	بوقسية
http://www.wikidata.org/entity/Q33190	ar	لغة بوقسية
http://www.wikidata.org/entity/Q33230	ar	آرامية بوتانية حديثة
http://www.wikidata.org/entity/Q33230	ar	أرامية بوتانية حديثة
http://www.wikidata.org/entity/Q33230	ar	اللغة الآرامية البوتانية الحديثة
http://www.wikidata.org/entity/Q33230	ar	لغة آرامية بوتانية حديثة
http://www.wikidata.org/entity/Q33236	ar	آرامية كلدانية حديثة
http://www.wikidata.org/entity/Q33236	ar	اللغة الآرامية الكلدانية الحديثة
http://www.wikidata.org/entity/Q33239	ar	اللغة السيبوانية
http://www.wikidata.org/entity/Q33239	ar	سيبوانية
http://www.wikidata.org/entity/Q33239	ar	سيبونى
http://www.wikidata.org/entity/Q33239	ar	لغة سيبوانية
http://www.wikidata.org/entity/Q33265	ar	اللغة الشايانية
http://www.wikidata.org/entity/Q33265	ar	شايانية
http://www.wikidata.org/entity/Q33265	ar	لغة شايانية
http://www.wikidata.org/entity/Q33270	ar	هويوية
http://www.wikidata.org/entity/Q33284	ar	لغة بيكول المركزية
http://www.wikidata.org/entity/Q33295	ar	اللغة الفيجية
http://www.wikidata.org/entity/Q33295	ar	فيجية
http://www.wikidata.org/entity/Q33295	ar	لغة فيجية
http://www.wikidata.org/entity/Q333074	ar	ماوندو
http://www.wikidata.org/entity/Q333476	ar	سيغوا
http://www.wikidata.org/entity/Q33364	ar	فوراوية
http://www.wikidata.org/entity/Q333705	ar	تخنيون
http://www.wikidata.org/entity/Q333705	ar	جامعة التخنيون
http://www.wikidata.org/entity/Q333705	ar	جامعه تخنيون
http://www.wikidata.org/entity/Q33377	ar	جلاندر
http://www.wikidata.org/entity/Q33423	ar	اللغة الحرسوسية
http://www.wikidata.org/entity/Q33423	ar	اللغه الحرسوسيه
http://www.wikidata.org/entity/Q33423	ar	حرسوسية
http://www.wikidata.org/entity/Q33427	ar	اللغة البلبالية
http://www.wikidata.org/entity/Q33427	ar	بلبالية
http://www.wikidata.org/entity/Q33427	ar	لغة بلبالية
http://www.wikidata.org/entity/Q33436	ar	لغه لال
http://www.wikidata.org/entity/Q33445	ar	الجبالية
http://www.wikidata.org/entity/Q33445	ar	اللغة الشحرية
http://www.wikidata.org/entity/Q33445	ar	جبالية (لغة)
http://www.wikidata.org/entity/Q33445	ar	شحرية
http://www.wikidata.org/entity/Q33445	ar	لغه شحريه
http://www.wikidata.org/entity/Q33500	ar	اللغة المندائية
http://www.wikidata.org/entity/Q33500	ar	لغه مندائيه
http://www.wikidata.org/entity/Q33500	ar	مندائية
http://www.wikidata.org/entity/Q33541	ar	اللغة القرقلباغية
http://www.wikidata.org/entity/Q33541	ar	قرقلباغية
http://www.wikidata.org/entity/Q33541	ar	لغة قرقلباغية
http://www.wikidata.org/entity/Q335478	ar	مدينة مأرب
http://www.wikidata.org/entity/Q33549	ar	اللغة الجاوية
http://www.wikidata.org/entity/Q33549	ar	جاوية
http://www.wikidata.org/entity/Q33549	ar	لغة جاوية
http://www.wikidata.org/entity/Q33549	ar	لغه جاويه
http://www.wikidata.org/entity/Q33557	ar	اللغة الكاريلية
http://www.wikidata.org/entity/Q33557	ar	كاريلية
http://www.wikidata.org/entity/Q33557	ar	لغة كاريلية
http://www.wikidata.org/entity/Q33578	ar	إيغبو
http://www.wikidata.org/entity/Q33578	ar	لغة إيجبو
http://www.wikidata.org/entity/Q33591	ar	لغه مونو
http://www.wikidata.org/entity/Q33626	ar	الحرارية
http://www.wikidata.org/entity/Q33626	ar	لغة الهرر
http://www.wikidata.org/entity/Q33626	ar	لغة هرارية
http://www.wikidata.org/entity/Q336264	ar	جامعه كيوتو
http://www.wikidata.org/entity/Q33634	ar	لغة الكالميك
http://www.wikidata.org/entity/Q33657	ar	الكلاكية
http://www.wikidata.org/entity/Q33657	ar	اللغة الجاليكية
http://www.wikidata.org/entity/Q33657	ar	اللغة الجيلاكية
http://www.wikidata.org/entity/Q33657	ar	كيلكية
http://www.wikidata.org/entity/Q33657	ar	لغة غيلكية
http://www.wikidata.org/entity/Q336966	ar	عزبة الزراعة
http://www.wikidata.org/entity/Q33743	ar	لغة مهر
http://www.wikidata.org/entity/Q337530	ar	سارة
http://www.wikidata.org/entity/Q337530	ar	ساره
http://www.wikidata.org/entity/Q337530	ar	صارح
http://www.wikidata.org/entity/Q337530	ar	فور آرشامبو
http://www.wikidata.org/entity/Q33765	ar	لغه الإشاره النيكاراغويه
http://www.wikidata.org/entity/Q33790	ar	نييوية
http://www.wikidata.org/entity/Q33810	ar	لغة أوريا
http://www.wikidata.org/entity/Q33810	ar	لغة أورية
http://www.wikidata.org/entity/Q33856	ar	البابيامنتو
http://www.wikidata.org/entity/Q33856	ar	البابيامينتو
http://www.wikidata.org/entity/Q33856	ar	بالبابيامنتو
http://www.wikidata.org/entity/Q33864	ar	لغة الأورومو
http://www.wikidata.org/entity/Q33868	ar	اللغة الميتية
http://www.wikidata.org/entity/Q33868	ar	لغة ميتية
http://www.wikidata.org/entity/Q338844	ar	باتنه
http://www.wikidata.org/entity/Q338844	ar	هباثنت
http://www.wikidata.org/entity/Q33890	ar	لغة سوتو شمالية
http://www.wikidata.org/entity/Q33890	ar	لغة سوتية شمالية
http://www.wikidata.org/entity/Q33935	ar	تل ابيب
http://www.wikidata.org/entity/Q33935	ar	تل أبيب يافا
http://www.wikidata.org/entity/Q33935	ar	تل الربيع
http://www.wikidata.org/entity/Q33954	ar	السانغوية
http://www.wikidata.org/entity/Q34	ar	مملكة السويد
http://www.wikidata.org/entity/Q34001	ar	روباي
http://www.wikidata.org/entity/Q34001	ar	مدينة روبيه
http://www.wikidata.org/entity/Q34002	ar	السندوية
http://www.wikidata.org/entity/Q34002	ar	اللغة السوندية
http://www.wikidata.org/entity/Q34002	ar	اللغة الصندية
http://www.wikidata.org/entity/Q34002	ar	سوندية
http://www.wikidata.org/entity/Q34002	ar	لغة صندية
http://www.wikidata.org/entity/Q34014	ar	السوازي
http://www.wikidata.org/entity/Q34014	ar	اللغة السوازي
http://www.wikidata.org/entity/Q34014	ar	اللغة السوازية
http://www.wikidata.org/entity/Q34014	ar	سوازية
http://www.wikidata.org/entity/Q34020	ar	نيوي
http://www.wikidata.org/entity/Q34020	ar	نيويه
http://www.wikidata.org/entity/Q34022	ar	لغة توبي
http://www.wikidata.org/entity/Q34040	ar	الطورويو
http://www.wikidata.org/entity/Q34040	ar	اللهجة الطورية
http://www.wikidata.org/entity/Q34040	ar	طورويو
http://www.wikidata.org/entity/Q34101	ar	لغة تونغا
http://www.wikidata.org/entity/Q34108	ar	اللغة الليونية
http://www.wikidata.org/entity/Q34108	ar	لغة ليونية
http://www.wikidata.org/entity/Q34124	ar	التجرنية
http://www.wikidata.org/entity/Q34124	ar	التغرينيا
http://www.wikidata.org/entity/Q34124	ar	التيغرينيا
http://www.wikidata.org/entity/Q34124	ar	التيغرينية
http://www.wikidata.org/entity/Q34124	ar	تغرينية
http://www.wikidata.org/entity/Q34124	ar	لغة تجرينية
http://www.wikidata.org/entity/Q34124	ar	لغة تيغرينية
http://www.wikidata.org/entity/Q34124	ar	لغه تيغرينيه
http://www.wikidata.org/entity/Q34133	ar	تساتية
http://www.wikidata.org/entity/Q34137	ar	تسوانية
http://www.wikidata.org/entity/Q3415	ar	أَنْقُونَةُ
http://www.wikidata.org/entity/Q3417070	ar	اللغة النرويجية الوسطى
http://www.wikidata.org/entity/Q3417070	ar	النرويجية الوسطى
http://www.wikidata.org/entity/Q3417070	ar	لغة نرويجية وسطى
http://www.wikidata.org/entity/Q34174	ar	الأمازيغية الريفية
http://www.wikidata.org/entity/Q34174	ar	تريفيت
http://www.wikidata.org/entity/Q34198	ar	لغة الواشو
http://www.wikidata.org/entity/Q34198	ar	لغة واشو
http://www.wikidata.org/entity/Q34198	ar	واشو
http://www.wikidata.org/entity/Q34198	ar	واشوية
http://www.wikidata.org/entity/Q34217	ar	أكسفرد
http://www.wikidata.org/entity/Q34217	ar	اكسفورد
http://www.wikidata.org/entity/Q34217	ar	أوكسفورد
http://www.wikidata.org/entity/Q34217	ar	اوكسفورد
http://www.wikidata.org/entity/Q34217	ar	غركة فرت
http://www.wikidata.org/entity/Q34219	ar	اللغة الفالونية
http://www.wikidata.org/entity/Q34219	ar	لغة والونية
http://www.wikidata.org/entity/Q34219	ar	لغه والون
http://www.wikidata.org/entity/Q34219	ar	والون
http://www.wikidata.org/entity/Q3437	ar	بِروجَا
http://www.wikidata.org/entity/Q3437	ar	بيروجيا
http://www.wikidata.org/entity/Q34370	ar	رتردام
http://www.wikidata.org/entity/Q34370	ar	روتيردام
http://www.wikidata.org/entity/Q344266	ar	صفحات خادم نشطه
http://www.wikidata.org/entity/Q344266	ar	صفحات خادوم نشطة
http://www.wikidata.org/entity/Q344266	ar	ASP
http://www.wikidata.org/entity/Q3444486	ar	لغة الراما
http://www.wikidata.org/entity/Q3449805	ar	اللغة الأذرية الجنوبية
http://www.wikidata.org/entity/Q3450749	ar	لغة راخين
http://www.wikidata.org/entity/Q345204	ar	جماعة الداخلة
http://www.wikidata.org/entity/Q34647	ar	جوهانزبرغ
http://www.wikidata.org/entity/Q34647	ar	جوهانسبرج
http://www.wikidata.org/entity/Q34647	ar	جوهانسبرغ
http://www.wikidata.org/entity/Q34647	ar	جوهانسبورج
http://www.wikidata.org/entity/Q34647	ar	جوهانسبورغ
http://www.wikidata.org/entity/Q34647	ar	جوهانسبيرغ
http://www.wikidata.org/entity/Q34647	ar	جوهنسبرغ
http://www.wikidata.org/entity/Q34647	ar	يوهانسبرغ
http://www.wikidata.org/entity/Q34647	ar	يوهانسبورغ
http://www.wikidata.org/entity/Q34685	ar	اليوروك
http://www.wikidata.org/entity/Q34685	ar	لغة يوروك
http://www.wikidata.org/entity/Q34754	ar	ارض الصومال
http://www.wikidata.org/entity/Q34754	ar	جمهور ية أرض الصومال
http://www.wikidata.org/entity/Q34754	ar	جمهورية أرض الصومال
http://www.wikidata.org/entity/Q34754	ar	جمهورية ارض الصومال
http://www.wikidata.org/entity/Q34754	ar	جمهورية صومالي لاند
http://www.wikidata.org/entity/Q34754	ar	جمهورية صوماليلاند
http://www.wikidata.org/entity/Q34754	ar	صومالي لاند
http://www.wikidata.org/entity/Q34754	ar	صوماليلاند
http://www.wikidata.org/entity/Q3476	ar	لاكويلا
http://www.wikidata.org/entity/Q3476	ar	لَكوِيلا
http://www.wikidata.org/entity/Q34820	ar	سان دمنجو
http://www.wikidata.org/entity/Q34820	ar	سانت دومينغو
http://www.wikidata.org/entity/Q34820	ar	سانتو دومنجو
http://www.wikidata.org/entity/Q34832	ar	افشاري
http://www.wikidata.org/entity/Q34832	ar	لغة أفشارية
http://www.wikidata.org/entity/Q348402	ar	جامعة آدم ميتسكيفيتش
http://www.wikidata.org/entity/Q34932	ar	بريزبن
http://www.wikidata.org/entity/Q34932	ar	بريسبان
http://www.wikidata.org/entity/Q350	ar	مدينة كامبريدج
http://www.wikidata.org/entity/Q3504208	ar	باساب
http://www.wikidata.org/entity/Q3513637	ar	الفارسية الغربية
http://www.wikidata.org/entity/Q3513637	ar	فارسية إيران
http://www.wikidata.org/entity/Q35178	ar	الكويت
http://www.wikidata.org/entity/Q35178	ar	الكويت العاصمة
http://www.wikidata.org/entity/Q35178	ar	كويت
http://www.wikidata.org/entity/Q35178	ar	مدينه الكويت
http://www.wikidata.org/entity/Q35214	ar	الأنجلو-نورمانية
http://www.wikidata.org/entity/Q35214	ar	الفرنسية الأنجلو-نورمانية
http://www.wikidata.org/entity/Q35214	ar	الفرنسية الأنغلو-نورمانية
http://www.wikidata.org/entity/Q35214	ar	اللغة الأنجلو-نورمانية
http://www.wikidata.org/entity/Q35214	ar	اللغة الأنغلو-نورمانية
http://www.wikidata.org/entity/Q35214	ar	أنجلو-نورمانية
http://www.wikidata.org/entity/Q35214	ar	أنغلو-نورمانية
http://www.wikidata.org/entity/Q35214	ar	فرنسية أنجلو-نورمانية
http://www.wikidata.org/entity/Q35214	ar	فرنسية أنغلو-نورمانية
http://www.wikidata.org/entity/Q35214	ar	لغة أنجلو-نورمانية
http://www.wikidata.org/entity/Q35214	ar	لغة أنغلو-نورمانية
http://www.wikidata.org/entity/Q35218	ar	الألمانية العليا القديمة
http://www.wikidata.org/entity/Q35228	ar	سلافية شرقية قديمة
http://www.wikidata.org/entity/Q35242	ar	اللغة الديلمي
http://www.wikidata.org/entity/Q35242	ar	اللغة الديلمية
http://www.wikidata.org/entity/Q35242	ar	ديلمية
http://www.wikidata.org/entity/Q35246	ar	أرورو
http://www.wikidata.org/entity/Q35246	ar	اورورو
http://www.wikidata.org/entity/Q35345	ar	إبلاوية
http://www.wikidata.org/entity/Q35345	ar	اللغة الإبلاوية
http://www.wikidata.org/entity/Q35345	ar	لغة إبلا
http://www.wikidata.org/entity/Q35345	ar	لغة إبلاوية
http://www.wikidata.org/entity/Q35381	ar	كولومبو
http://www.wikidata.org/entity/Q35401	ar	جيو
http://www.wikidata.org/entity/Q3543	ar	بوتنسا
http://www.wikidata.org/entity/Q35493	ar	ألماتة
http://www.wikidata.org/entity/Q35493	ar	أَلْمَاطَة
http://www.wikidata.org/entity/Q35497	ar	إغريقية
http://www.wikidata.org/entity/Q35497	ar	اغريقية
http://www.wikidata.org/entity/Q35497	ar	الاغريقية
http://www.wikidata.org/entity/Q35497	ar	اللغة الإغريقية
http://www.wikidata.org/entity/Q35497	ar	اليونانية القديمة
http://www.wikidata.org/entity/Q35497	ar	لغة اغريقية
http://www.wikidata.org/entity/Q35497	ar	لغه إغريقيه
http://www.wikidata.org/entity/Q3551	ar	جماعة الرباط
http://www.wikidata.org/entity/Q3551	ar	رباط الفتح
http://www.wikidata.org/entity/Q3561	ar	مدينة الجزائر
http://www.wikidata.org/entity/Q35667	ar	جعزية
http://www.wikidata.org/entity/Q35667	ar	لغه جعزيه
http://www.wikidata.org/entity/Q35704	ar	اللغة الكارونية
http://www.wikidata.org/entity/Q35707	ar	لغة كينغا
http://www.wikidata.org/entity/Q35708	ar	لغة كوسال
http://www.wikidata.org/entity/Q35726	ar	اللغة الاترورية
http://www.wikidata.org/entity/Q35784	ar	بيضا ليتوريا
http://www.wikidata.org/entity/Q35784	ar	بيضاء
http://www.wikidata.org/entity/Q35876	ar	غوارانية
http://www.wikidata.org/entity/Q35876	ar	لغة غوارانية
http://www.wikidata.org/entity/Q35936	ar	إيلوكانو
http://www.wikidata.org/entity/Q35936	ar	لغة إيلوكانو
http://www.wikidata.org/entity/Q36	ar	الجمهورية البولندية
http://www.wikidata.org/entity/Q36095	ar	اللغة اللوذية
http://www.wikidata.org/entity/Q36095	ar	اللغة الليدية
http://www.wikidata.org/entity/Q36151	ar	لغة الشلحة
http://www.wikidata.org/entity/Q36151	ar	لهجة نفوسية
http://www.wikidata.org/entity/Q36199	ar	كورياك
http://www.wikidata.org/entity/Q36202	ar	لادينية
http://www.wikidata.org/entity/Q36260	ar	ابيا
http://www.wikidata.org/entity/Q36344	ar	عونغوتا
http://www.wikidata.org/entity/Q36344	ar	لغة عونغوتية
http://www.wikidata.org/entity/Q36344	ar	لغه عونغوتا
http://www.wikidata.org/entity/Q36368	ar	الكوردية
http://www.wikidata.org/entity/Q36368	ar	اللغة الكردية
http://www.wikidata.org/entity/Q36368	ar	اللغة الكوردية
http://www.wikidata.org/entity/Q36368	ar	كردية
http://www.wikidata.org/entity/Q36368	ar	كوردي
http://www.wikidata.org/entity/Q36368	ar	کردیة
http://www.wikidata.org/entity/Q36368	ar	لغة كردية
http://www.wikidata.org/entity/Q36368	ar	لغة كوردية
http://www.wikidata.org/entity/Q36380	ar	اليسوعي
http://www.wikidata.org/entity/Q36380	ar	اليسوعيون
http://www.wikidata.org/entity/Q36380	ar	يسوعي
http://www.wikidata.org/entity/Q36380	ar	SJ
http://www.wikidata.org/entity/Q36399	ar	مقاطعه ثوا ثن هوي
http://www.wikidata.org/entity/Q3640	ar	أَنْقَرَة
http://www.wikidata.org/entity/Q3640	ar	أَنْقِرَة
http://www.wikidata.org/entity/Q36405	ar	ابردين
http://www.wikidata.org/entity/Q36503	ar	نوبية
http://www.wikidata.org/entity/Q3659	ar	إنجامينا
http://www.wikidata.org/entity/Q3659	ar	نجامينا
http://www.wikidata.org/entity/Q36600	ar	اللاهاي
http://www.wikidata.org/entity/Q366010	ar	العماره
http://www.wikidata.org/entity/Q366010	ar	قلعة صالح
http://www.wikidata.org/entity/Q366010	ar	مدينة العمارة
http://www.wikidata.org/entity/Q36647	ar	كورك سيتي
http://www.wikidata.org/entity/Q36647	ar	مدينة كورك /ايرلاندا
http://www.wikidata.org/entity/Q36734	ar	پوني
http://www.wikidata.org/entity/Q36811	ar	الكردية السورانية
http://www.wikidata.org/entity/Q36811	ar	الكردية المركزية
http://www.wikidata.org/entity/Q36811	ar	سوراني
http://www.wikidata.org/entity/Q36814	ar	تاسيويت
http://www.wikidata.org/entity/Q3688	ar	انواكشوط
http://www.wikidata.org/entity/Q3688	ar	عاصمة موريتانيا
http://www.wikidata.org/entity/Q3688	ar	نواقشط
http://www.wikidata.org/entity/Q3688	ar	نواقشوط
http://www.wikidata.org/entity/Q3688	ar	نواكشط
http://www.wikidata.org/entity/Q3688	ar	نوق الشط
http://www.wikidata.org/entity/Q37	ar	ليتوانيا
http://www.wikidata.org/entity/Q37007	ar	لغة زغاوة
http://www.wikidata.org/entity/Q37015	ar	الريكسمول النرويجية
http://www.wikidata.org/entity/Q37015	ar	ريكسمول نرويجية
http://www.wikidata.org/entity/Q3703	ar	بامكو
http://www.wikidata.org/entity/Q37100	ar	أوكلاند، نيوزيلندا
http://www.wikidata.org/entity/Q3711	ar	بلجراد
http://www.wikidata.org/entity/Q3711	ar	بيلغراد
http://www.wikidata.org/entity/Q37156	ar	آي بي أم
http://www.wikidata.org/entity/Q37156	ar	آي بي إم
http://www.wikidata.org/entity/Q37156	ar	آي بي ام
http://www.wikidata.org/entity/Q37156	ar	آي.بي.إم
http://www.wikidata.org/entity/Q37156	ar	آيبيإم
http://www.wikidata.org/entity/Q37156	ar	أي بي أم
http://www.wikidata.org/entity/Q37156	ar	أي بي إم
http://www.wikidata.org/entity/Q37156	ar	اي بي ام
http://www.wikidata.org/entity/Q37227	ar	جو
http://www.wikidata.org/entity/Q37227	ar	GO لغة برمجة
http://www.wikidata.org/entity/Q372773	ar	راي بور
http://www.wikidata.org/entity/Q3733	ar	تومبو
http://www.wikidata.org/entity/Q3733	ar	تيمبو
http://www.wikidata.org/entity/Q3733	ar	عاصمة غينيا
http://www.wikidata.org/entity/Q3733	ar	كونكاري
http://www.wikidata.org/entity/Q373808	ar	خُجندة
http://www.wikidata.org/entity/Q37400	ar	نايابيداو
http://www.wikidata.org/entity/Q37400	ar	نايبيدو
http://www.wikidata.org/entity/Q37400	ar	نايبييدو
http://www.wikidata.org/entity/Q37400	ar	نيابايداو
http://www.wikidata.org/entity/Q374748	ar	مدينة جنين
http://www.wikidata.org/entity/Q3761	ar	اكرا
http://www.wikidata.org/entity/Q3761	ar	عاصمة غانا
http://www.wikidata.org/entity/Q3766	ar	الشام
http://www.wikidata.org/entity/Q3766	ar	مدينة الياسمين
http://www.wikidata.org/entity/Q376749	ar	سدكاوان
http://www.wikidata.org/entity/Q376749	ar	شيتاجونج
http://www.wikidata.org/entity/Q376749	ar	شيتاغونغ
http://www.wikidata.org/entity/Q37701	ar	بلومفونتاين
http://www.wikidata.org/entity/Q37701	ar	بلويمفونتاين
http://www.wikidata.org/entity/Q37733	ar	العربية اليهودية
http://www.wikidata.org/entity/Q37733	ar	لغات يهودية-عربية
http://www.wikidata.org/entity/Q37733	ar	لغة عربية يهودية
http://www.wikidata.org/entity/Q37733	ar	لهجات يهودية-عربية
http://www.wikidata.org/entity/Q37733	ar	لهجات يهوديه-عربيه
http://www.wikidata.org/entity/Q3780	ar	فريتون
http://www.wikidata.org/entity/Q378014	ar	جَامِعَةُ القَرَوِيِّينَ
http://www.wikidata.org/entity/Q3792	ar	عاصمة توغو
http://www.wikidata.org/entity/Q3799	ar	هوجبونو
http://www.wikidata.org/entity/Q37995	ar	رانجون
http://www.wikidata.org/entity/Q37995	ar	رانغون
http://www.wikidata.org/entity/Q37995	ar	يانجون
http://www.wikidata.org/entity/Q3805	ar	عمّون
http://www.wikidata.org/entity/Q3805	ar	مدينة عمان
http://www.wikidata.org/entity/Q3805	ar	مدينة عمّان
http://www.wikidata.org/entity/Q38076	ar	مكدونالدز
http://www.wikidata.org/entity/Q3818	ar	عاصمة غينيا الاستوائية
http://www.wikidata.org/entity/Q3825	ar	عاصمة الغابون
http://www.wikidata.org/entity/Q3825	ar	لبرفيل
http://www.wikidata.org/entity/Q3832	ar	بانغي
http://www.wikidata.org/entity/Q385122	ar	سبيك ناو
http://www.wikidata.org/entity/Q38545	ar	أَذَنَة
http://www.wikidata.org/entity/Q38545	ar	أطنة
http://www.wikidata.org/entity/Q38807	ar	سيوفا
http://www.wikidata.org/entity/Q388108	ar	مركز سوهاج
http://www.wikidata.org/entity/Q38811	ar	الناصرية(مدينة)
http://www.wikidata.org/entity/Q38811	ar	الناصريه
http://www.wikidata.org/entity/Q38811	ar	مدينة الناصرية
http://www.wikidata.org/entity/Q3883	ar	كاتانزارو
http://www.wikidata.org/entity/Q3883	ar	كتنزارو
http://www.wikidata.org/entity/Q3883	ar	كَتَنزارو
http://www.wikidata.org/entity/Q38834	ar	نوكو الفاو
http://www.wikidata.org/entity/Q3894	ar	كمبالا
http://www.wikidata.org/entity/Q39	ar	الاتحاد السويسري
http://www.wikidata.org/entity/Q39	ar	سويسرة
http://www.wikidata.org/entity/Q39	ar	سويسره
http://www.wikidata.org/entity/Q39121	ar	ليدس
http://www.wikidata.org/entity/Q39121	ar	لييدز
http://www.wikidata.org/entity/Q3914455	ar	لغة ديسا
http://www.wikidata.org/entity/Q3915769	ar	جمبي الملايو
http://www.wikidata.org/entity/Q39178	ar	بورت اوف سبين
http://www.wikidata.org/entity/Q3919	ar	عاصمة بوتسوانا
http://www.wikidata.org/entity/Q3921	ar	عاصمة زيمبابوي
http://www.wikidata.org/entity/Q392667	ar	كلية ويك فورست
http://www.wikidata.org/entity/Q393	ar	شتتين
http://www.wikidata.org/entity/Q393	ar	شتيتين
http://www.wikidata.org/entity/Q393829	ar	مرسي مطروح
http://www.wikidata.org/entity/Q394080	ar	مدينة بني سويف
http://www.wikidata.org/entity/Q39583	ar	بِئْرُ كَرْكَرَة
http://www.wikidata.org/entity/Q395863	ar	بندر دسوق
http://www.wikidata.org/entity/Q395863	ar	دسوق، كفر الشيخ
http://www.wikidata.org/entity/Q395863	ar	عروس النيل
http://www.wikidata.org/entity/Q395863	ar	مدينة دسوق
http://www.wikidata.org/entity/Q397	ar	اللغة اللاتينية
http://www.wikidata.org/entity/Q397	ar	لاتينية
http://www.wikidata.org/entity/Q397	ar	لغة لاتينية
http://www.wikidata.org/entity/Q399	ar	أرمنيا
http://www.wikidata.org/entity/Q399	ar	جمهورية أرمينيا
http://www.wikidata.org/entity/Q39984	ar	مدينة كان
http://www.wikidata.org/entity/Q40104	ar	أياتشو
http://www.wikidata.org/entity/Q40194	ar	مدينة مكسيكية
http://www.wikidata.org/entity/Q4024	ar	فرانكفورت
http://www.wikidata.org/entity/Q403	ar	جمهورية صربيا
http://www.wikidata.org/entity/Q40738	ar	الجمعيات الثقافية لمدينة بورصا
http://www.wikidata.org/entity/Q40738	ar	بروسة
http://www.wikidata.org/entity/Q40738	ar	بورسا
http://www.wikidata.org/entity/Q40738	ar	بورصا
http://www.wikidata.org/entity/Q40738	ar	بورصة الخضراء
http://www.wikidata.org/entity/Q40738	ar	بورصه
http://www.wikidata.org/entity/Q40738	ar	Yeşil Bursa
http://www.wikidata.org/entity/Q408	ar	أوستراليا
http://www.wikidata.org/entity/Q408	ar	كومنولث أستراليا
http://www.wikidata.org/entity/Q408	ar	كومنولث أوستراليا
http://www.wikidata.org/entity/Q40811	ar	ديوسكورياس
http://www.wikidata.org/entity/Q40816	ar	برنيق
http://www.wikidata.org/entity/Q40816	ar	بنغازى
http://www.wikidata.org/entity/Q40816	ar	ينغازي
http://www.wikidata.org/entity/Q40816	ar	يوسيبريدس، ليبيا
http://www.wikidata.org/entity/Q4115304	ar	الجامعة الجديدة
http://www.wikidata.org/entity/Q4115304	ar	جامعه صنعاء
http://www.wikidata.org/entity/Q41183	ar	محافظة حلب
http://www.wikidata.org/entity/Q41183	ar	مدينة حلب
http://www.wikidata.org/entity/Q41262	ar	نوتنجهام
http://www.wikidata.org/entity/Q41262	ar	نوتينجهام
http://www.wikidata.org/entity/Q41262	ar	نوتينكهام
http://www.wikidata.org/entity/Q41278	ar	ألسان (مدينة حاضرة)
http://www.wikidata.org/entity/Q41278	ar	اولسان
http://www.wikidata.org/entity/Q41278	ar	أولسان (مدينة)
http://www.wikidata.org/entity/Q414	ar	أرجنتين
http://www.wikidata.org/entity/Q414	ar	ارجنتين
http://www.wikidata.org/entity/Q414	ar	الارجنتين
http://www.wikidata.org/entity/Q414	ar	جمهورية الأرجنتين
http://www.wikidata.org/entity/Q414464	ar	مدرسة جنديسابور الطبية
http://www.wikidata.org/entity/Q414464	ar	مدرسة جنديشابور
http://www.wikidata.org/entity/Q41483	ar	الطيب و الردئ و البشع
http://www.wikidata.org/entity/Q41483	ar	الطيب و الشرس و القبيح
http://www.wikidata.org/entity/Q41550	ar	منظمة التعاون والتنمية
http://www.wikidata.org/entity/Q41550	ar	OECD
http://www.wikidata.org/entity/Q41550	ar	Organisation for Economic Co-operation and Development
http://www.wikidata.org/entity/Q41843	ar	بِئِير شِڤَع
http://www.wikidata.org/entity/Q41843	ar	بئير شيبع
http://www.wikidata.org/entity/Q41843	ar	بئير شيفع
http://www.wikidata.org/entity/Q41843	ar	بئير شيڤع
http://www.wikidata.org/entity/Q41843	ar	بيئر شيبع
http://www.wikidata.org/entity/Q41843	ar	بير السبع
http://www.wikidata.org/entity/Q41843	ar	بير سبع
http://www.wikidata.org/entity/Q41843	ar	محافظة بئر السبع
http://www.wikidata.org/entity/Q419	ar	جمهورية بيرو
http://www.wikidata.org/entity/Q42051	ar	حرب النجوم 3
http://www.wikidata.org/entity/Q42051	ar	حرب النجوم الحلقة الثالثة: انتقام السيث
http://www.wikidata.org/entity/Q423	ar	جمهورية كوريا الديمقراطية الشعبية
http://www.wikidata.org/entity/Q42369	ar	مهرجان كان
http://www.wikidata.org/entity/Q42369	ar	مهرجان كان الدولي
http://www.wikidata.org/entity/Q424	ar	كامبوديا
http://www.wikidata.org/entity/Q42448	ar	شيفيلد
http://www.wikidata.org/entity/Q42478	ar	البيرل
http://www.wikidata.org/entity/Q4251381	ar	كوك مونجاق
http://www.wikidata.org/entity/Q4251381	ar	كوكمونتشاق
http://www.wikidata.org/entity/Q42603	ar	القس
http://www.wikidata.org/entity/Q42603	ar	القسيس
http://www.wikidata.org/entity/Q42603	ar	قس
http://www.wikidata.org/entity/Q42800	ar	بيلو هوروزنتي
http://www.wikidata.org/entity/Q428136	ar	الجامعة الزيتونية
http://www.wikidata.org/entity/Q42908	ar	الرابطة الهانزِية
http://www.wikidata.org/entity/Q42908	ar	الرابطه الهانزيه
http://www.wikidata.org/entity/Q42908	ar	تحالف الهانسا
http://www.wikidata.org/entity/Q42908	ar	عصبة الهنزة
http://www.wikidata.org/entity/Q42908	ar	هانزه
http://www.wikidata.org/entity/Q42941	ar	آكرة
http://www.wikidata.org/entity/Q42941	ar	أجرة
http://www.wikidata.org/entity/Q42941	ar	أجره
http://www.wikidata.org/entity/Q42979	ar	البيسك
http://www.wikidata.org/entity/Q42979	ar	بيسك
http://www.wikidata.org/entity/Q42979	ar	تعليمات لغة البيسك
http://www.wikidata.org/entity/Q42979	ar	تعليمات لغه البيسك
http://www.wikidata.org/entity/Q43	ar	جمهورية تركيا
http://www.wikidata.org/entity/Q430776	ar	الناصرة في المسيحية
http://www.wikidata.org/entity/Q430776	ar	الناصره
http://www.wikidata.org/entity/Q430776	ar	مدينة الناصرة
http://www.wikidata.org/entity/Q430776	ar	ناصرة
http://www.wikidata.org/entity/Q430776	ar	ناصيرات
http://www.wikidata.org/entity/Q430776	ar	نتسرات
http://www.wikidata.org/entity/Q43387	ar	أدرنه
http://www.wikidata.org/entity/Q43387	ar	ادرنه
http://www.wikidata.org/entity/Q43433	ar	شانديغار
http://www.wikidata.org/entity/Q43453	ar	بيلزن
http://www.wikidata.org/entity/Q43475	ar	دربي
http://www.wikidata.org/entity/Q43509	ar	جواياكيول
http://www.wikidata.org/entity/Q43509	ar	سانتياغو دي غواياكيول
http://www.wikidata.org/entity/Q43509	ar	غواياكيول
http://www.wikidata.org/entity/Q43509	ar	Guayaquil
http://www.wikidata.org/entity/Q43509	ar	GYE
http://www.wikidata.org/entity/Q43631	ar	لَيْدَنُ
http://www.wikidata.org/entity/Q437	ar	لُبْلَانَة
http://www.wikidata.org/entity/Q437	ar	ليبخ
http://www.wikidata.org/entity/Q437	ar	لَيْبَخ
http://www.wikidata.org/entity/Q44214	ar	فورموزا (مدينة)
http://www.wikidata.org/entity/Q44294	ar	شركة فورد موتور
http://www.wikidata.org/entity/Q44294	ar	شركه فورد
http://www.wikidata.org/entity/Q44294	ar	فورد
http://www.wikidata.org/entity/Q44347	ar	هيستوري : الماضي ، الحاضر و المستقبل الكتاب الأول
http://www.wikidata.org/entity/Q44578	ar	تايتانك
http://www.wikidata.org/entity/Q44578	ar	تايتانيك
http://www.wikidata.org/entity/Q44578	ar	تيتانك
http://www.wikidata.org/entity/Q44676	ar	الإنجليزية الكندية
http://www.wikidata.org/entity/Q4494885	ar	اللغة الخاقانية التركية
http://www.wikidata.org/entity/Q45	ar	الجمهورية البرتغالية
http://www.wikidata.org/entity/Q450625	ar	اليتس
http://www.wikidata.org/entity/Q45197	ar	شفينتوخوفيتسن
http://www.wikidata.org/entity/Q45301	ar	طرابزون
http://www.wikidata.org/entity/Q45313	ar	حيرات
http://www.wikidata.org/entity/Q45313	ar	مدينة هرات
http://www.wikidata.org/entity/Q45313	ar	هرات
http://www.wikidata.org/entity/Q45313	ar	هراه
http://www.wikidata.org/entity/Q45313	ar	هيرات
http://www.wikidata.org/entity/Q45942	ar	بونة
http://www.wikidata.org/entity/Q45942	ar	عنّابة
http://www.wikidata.org/entity/Q45942	ar	عنابه
http://www.wikidata.org/entity/Q45942	ar	هيبون
http://www.wikidata.org/entity/Q459600	ar	واغا
http://www.wikidata.org/entity/Q46135	ar	كريتي
http://www.wikidata.org/entity/Q46135	ar	كريتيل
http://www.wikidata.org/entity/Q461922	ar	بَيْدَر
http://www.wikidata.org/entity/Q463165	ar	سولت سانت ماري، أونتاريو
http://www.wikidata.org/entity/Q46441	ar	التحكم بأنماط صفحات الويب
http://www.wikidata.org/entity/Q46441	ar	تحكم بأنماط صفحات الويب
http://www.wikidata.org/entity/Q46441	ar	سي إس إس
http://www.wikidata.org/entity/Q46441	ar	صفحات الأنماط المتعاقبة
http://www.wikidata.org/entity/Q46441	ar	صفحات الطرز المتراصة
http://www.wikidata.org/entity/Q46441	ar	صفحات الطرز المتراصه
http://www.wikidata.org/entity/Q46441	ar	ورقة الأنماط المتتالية
http://www.wikidata.org/entity/Q46717	ar	بايرتز أوف ذا كاريبين: ذا كرس أوف ذا بلاك برل
http://www.wikidata.org/entity/Q46717	ar	بايرتز أوف ذا كاريبين: كرس أوف ذا بلاك برل
http://www.wikidata.org/entity/Q46717	ar	قراصنه الكاريبي: لعنه اللؤلؤه السوداء
http://www.wikidata.org/entity/Q46717	ar	Pirates of the Caribbean: The Curse of the Black Pearl
http://www.wikidata.org/entity/Q47034	ar	اسبو
http://www.wikidata.org/entity/Q47048	ar	اولو
http://www.wikidata.org/entity/Q47166	ar	اورسك
http://www.wikidata.org/entity/Q471886	ar	حديرا
http://www.wikidata.org/entity/Q471886	ar	حديره
http://www.wikidata.org/entity/Q471886	ar	خضيرة
http://www.wikidata.org/entity/Q471886	ar	هديرا
http://www.wikidata.org/entity/Q47282	ar	اوش
http://www.wikidata.org/entity/Q472925	ar	أورقنج
http://www.wikidata.org/entity/Q472925	ar	اورگنچ
http://www.wikidata.org/entity/Q473914	ar	مدينة إيبيزا
http://www.wikidata.org/entity/Q473914	ar	مدينة يابسة
http://www.wikidata.org/entity/Q473914	ar	يابسة
http://www.wikidata.org/entity/Q47492	ar	غزّة
http://www.wikidata.org/entity/Q47492	ar	غَزَّة
http://www.wikidata.org/entity/Q47492	ar	غزه
http://www.wikidata.org/entity/Q47492	ar	مدينة غزة
http://www.wikidata.org/entity/Q47607	ar	اس كيو ال
http://www.wikidata.org/entity/Q47607	ar	لغة الأستعلام البنيوية
http://www.wikidata.org/entity/Q47607	ar	لغة الاستعلام البنيوية
http://www.wikidata.org/entity/Q47607	ar	لغة الاستعلامات البنائية
http://www.wikidata.org/entity/Q47607	ar	لغة الاستعلامات البنيوية
http://www.wikidata.org/entity/Q47607	ar	لغة SQL
http://www.wikidata.org/entity/Q476800	ar	بست
http://www.wikidata.org/entity/Q476800	ar	پست
http://www.wikidata.org/entity/Q476800	ar	لشكر گاه
http://www.wikidata.org/entity/Q476800	ar	لشكركاه
http://www.wikidata.org/entity/Q47703	ar	الأب الروحي
http://www.wikidata.org/entity/Q47703	ar	العرّاب
http://www.wikidata.org/entity/Q47703	ar	عراب (فيلم سينمائي
http://www.wikidata.org/entity/Q47703	ar	The Godfather
http://www.wikidata.org/entity/Q477148	ar	بولي خمري
http://www.wikidata.org/entity/Q477232	ar	أق تبه
http://www.wikidata.org/entity/Q477232	ar	أق توبه
http://www.wikidata.org/entity/Q477232	ar	أقتوبة
http://www.wikidata.org/entity/Q477232	ar	أقتوبه
http://www.wikidata.org/entity/Q477232	ar	أقتوبي
http://www.wikidata.org/entity/Q478207	ar	القنيطره
http://www.wikidata.org/entity/Q478207	ar	جماعة القنيطرة
http://www.wikidata.org/entity/Q478207	ar	مدينة القنيطرة
http://www.wikidata.org/entity/Q478675	ar	ريوبامبا (الإكوادور)
http://www.wikidata.org/entity/Q478675	ar	Riobamba
http://www.wikidata.org/entity/Q478675	ar	San Pedro de Riobamba
http://www.wikidata.org/entity/Q483331	ar	أغدير
http://www.wikidata.org/entity/Q483551	ar	وال مارت
http://www.wikidata.org/entity/Q483941	ar	قائمة تشندلر
http://www.wikidata.org/entity/Q483941	ar	قائمة شيندلر
http://www.wikidata.org/entity/Q483941	ar	قائمه شندلر
http://www.wikidata.org/entity/Q483941	ar	Schindler's List
http://www.wikidata.org/entity/Q48403	ar	أَمْرِتْسَرُ
http://www.wikidata.org/entity/Q484442	ar	سبايدر مان
http://www.wikidata.org/entity/Q484442	ar	سبايدرمان
http://www.wikidata.org/entity/Q484706	ar	قراغندي
http://www.wikidata.org/entity/Q486195	ar	مدينة خوارزم
http://www.wikidata.org/entity/Q486282	ar	كورياكوفسكي
http://www.wikidata.org/entity/Q486792	ar	آرانخويث
http://www.wikidata.org/entity/Q486792	ar	ارانخويث
http://www.wikidata.org/entity/Q486913	ar	أتراو
http://www.wikidata.org/entity/Q486913	ar	اتيراو
http://www.wikidata.org/entity/Q486913	ar	أتيراو، أتيراو
http://www.wikidata.org/entity/Q486913	ar	اتييرو
http://www.wikidata.org/entity/Q487684	ar	توركمنابات
http://www.wikidata.org/entity/Q487981	ar	بينايدورم
http://www.wikidata.org/entity/Q488004	ar	Palm Springs
http://www.wikidata.org/entity/Q489890	ar	خوقند
http://www.wikidata.org/entity/Q49108	ar	إم آي تي
http://www.wikidata.org/entity/Q49108	ar	ام اي تي
http://www.wikidata.org/entity/Q49108	ar	معهد ماساتشوستس للتكنولوجيا
http://www.wikidata.org/entity/Q49119	ar	جامعة براندايز
http://www.wikidata.org/entity/Q49119	ar	جامعة براندايس
http://www.wikidata.org/entity/Q49119	ar	جامعه براندايس
http://www.wikidata.org/entity/Q492552	ar	نمنگان
http://www.wikidata.org/entity/Q498401	ar	جامعة ستافنجر
http://www.wikidata.org/entity/Q501715	ar	المسلمون في جمهورية الجابون
http://www.wikidata.org/entity/Q504114	ar	جيلف، أونتاريو
http://www.wikidata.org/entity/Q504657	ar	ادلب
http://www.wikidata.org/entity/Q504657	ar	مدينة إدلب
http://www.wikidata.org/entity/Q504657	ar	مدينة ادلب
http://www.wikidata.org/entity/Q507080	ar	سان فيليكس، بورتوريكو
http://www.wikidata.org/entity/Q507080	ar	سيوداد غوايانا
http://www.wikidata.org/entity/Q50948445	ar	اللهجات العربية في آسيا الوسطى
http://www.wikidata.org/entity/Q510029	ar	جامعة بير زيت
http://www.wikidata.org/entity/Q510029	ar	جامعه بيرزيت
http://www.wikidata.org/entity/Q51103	ar	سانتياغو دي كالي
http://www.wikidata.org/entity/Q51432	ar	غنيزنو
http://www.wikidata.org/entity/Q52101	ar	مدلبورخ
http://www.wikidata.org/entity/Q52413	ar	جامعة كنساس
http://www.wikidata.org/entity/Q53268	ar	تويوبت
http://www.wikidata.org/entity/Q53268	ar	تويودا
http://www.wikidata.org/entity/Q53268	ar	سيارة تويوتا
http://www.wikidata.org/entity/Q53268	ar	شركة تويوتا
http://www.wikidata.org/entity/Q53268	ar	شركة تويوتا للسيارات
http://www.wikidata.org/entity/Q53268	ar	トヨタ
http://www.wikidata.org/entity/Q534409	ar	كَرَن
http://www.wikidata.org/entity/Q540672	ar	جامعة أوبرون
http://www.wikidata.org/entity/Q540672	ar	جامعة أوبورن
http://www.wikidata.org/entity/Q540672	ar	AU
http://www.wikidata.org/entity/Q541548	ar	جامعة نوشاتيل
http://www.wikidata.org/entity/Q5443742	ar	لغة فير
http://www.wikidata.org/entity/Q546	ar	إسطاجانكو
http://www.wikidata.org/entity/Q546	ar	اسطاجانكو
http://www.wikidata.org/entity/Q546	ar	إصطاجانكو
http://www.wikidata.org/entity/Q546	ar	اصطاجانكو
http://www.wikidata.org/entity/Q5468	ar	دربان
http://www.wikidata.org/entity/Q5468	ar	دربن
http://www.wikidata.org/entity/Q5468	ar	مدينة ديربان
http://www.wikidata.org/entity/Q54766	ar	Falkenberg
http://www.wikidata.org/entity/Q54880	ar	بلنسية, فنزويلا
http://www.wikidata.org/entity/Q54880	ar	فالنسيا (فنزويلا)
http://www.wikidata.org/entity/Q54886	ar	Cuenca
http://www.wikidata.org/entity/Q54886	ar	Cuenca (Ecuador)
http://www.wikidata.org/entity/Q54886	ar	Cuenca, Ecuador
http://www.wikidata.org/entity/Q54886	ar	Santa Ana de los Cuatro Ríos de Cuenca
http://www.wikidata.org/entity/Q55	ar	نذرلندا
http://www.wikidata.org/entity/Q5582862	ar	مدينة كوزكو
http://www.wikidata.org/entity/Q56231	ar	الحسانية
http://www.wikidata.org/entity/Q56231	ar	اللهجة الحسانية
http://www.wikidata.org/entity/Q56231	ar	اللهجة الموريتانية
http://www.wikidata.org/entity/Q56231	ar	لهجة حسنية
http://www.wikidata.org/entity/Q56231	ar	لهجه حسانيه
http://www.wikidata.org/entity/Q56398	ar	اللغة الأوجلية
http://www.wikidata.org/entity/Q56398	ar	لغة اوجلية
http://www.wikidata.org/entity/Q565568	ar	تاهرت
http://www.wikidata.org/entity/Q565568	ar	مدينة تيارت
http://www.wikidata.org/entity/Q56557	ar	لغة المساليت لغة شعب أفريقي
http://www.wikidata.org/entity/Q56570	ar	لغة السند
http://www.wikidata.org/entity/Q56570	ar	لغه سند
http://www.wikidata.org/entity/Q56571	ar	اللهجه الشحيه
http://www.wikidata.org/entity/Q56571	ar	لهجة شحية
http://www.wikidata.org/entity/Q56571	ar	لهجة قبيلة الشحوح
http://www.wikidata.org/entity/Q56577	ar	اللهجة المصلاوية
http://www.wikidata.org/entity/Q56577	ar	اللهجة الموصلية
http://www.wikidata.org/entity/Q56577	ar	المصلاوية
http://www.wikidata.org/entity/Q56577	ar	لهجة مصلاوية
http://www.wikidata.org/entity/Q56577	ar	مصلاويه
http://www.wikidata.org/entity/Q56592	ar	اللهجة الصعيدية
http://www.wikidata.org/entity/Q56592	ar	لهجه صعيديه
http://www.wikidata.org/entity/Q56593	ar	اللهجات الشامية
http://www.wikidata.org/entity/Q56593	ar	اللهجات الشامية الشمالية
http://www.wikidata.org/entity/Q56593	ar	اللهجة الشامية
http://www.wikidata.org/entity/Q56593	ar	عربية شامية
http://www.wikidata.org/entity/Q56593	ar	لهجات شامية
http://www.wikidata.org/entity/Q56593	ar	لهجات شامية شمالية
http://www.wikidata.org/entity/Q56593	ar	لهجات مشارقية
http://www.wikidata.org/entity/Q56593	ar	لهجة شامية
http://www.wikidata.org/entity/Q56597	ar	اليهودية التونسية
http://www.wikidata.org/entity/Q56597	ar	تونسية يهودية
http://www.wikidata.org/entity/Q56597	ar	لهجة يهودية-تونسية
http://www.wikidata.org/entity/Q56597	ar	يهودية تونسية
http://www.wikidata.org/entity/Q56599	ar	اللهجة اليهودية العراقية
http://www.wikidata.org/entity/Q56599	ar	عراقية يهودية
http://www.wikidata.org/entity/Q56599	ar	يهوديه عراقيه
http://www.wikidata.org/entity/Q56727	ar	اللغة المرلية
http://www.wikidata.org/entity/Q56744	ar	صنهاجية السراير
http://www.wikidata.org/entity/Q56796	ar	لغة بيراكو
http://www.wikidata.org/entity/Q5687	ar	مدينة القمر
http://www.wikidata.org/entity/Q56910	ar	الغافات
http://www.wikidata.org/entity/Q56944	ar	توبي القديمة
http://www.wikidata.org/entity/Q56944	ar	توبي الكلاسيكية
http://www.wikidata.org/entity/Q56944	ar	توبية
http://www.wikidata.org/entity/Q572041	ar	انتقيرة
http://www.wikidata.org/entity/Q572380	ar	ديزك
http://www.wikidata.org/entity/Q575650	ar	لغة رست
http://www.wikidata.org/entity/Q5760	ar	طيبة
http://www.wikidata.org/entity/Q576368	ar	القنيطرة (سورية)
http://www.wikidata.org/entity/Q576368	ar	القنيطرة، سوريا
http://www.wikidata.org/entity/Q576368	ar	القنيطره (سوريا)
http://www.wikidata.org/entity/Q5776	ar	بَيْت لَحْم
http://www.wikidata.org/entity/Q5788	ar	البترا
http://www.wikidata.org/entity/Q5788	ar	المدينة الوردية
http://www.wikidata.org/entity/Q5788	ar	بتراء
http://www.wikidata.org/entity/Q5788	ar	تاريخ البتراء
http://www.wikidata.org/entity/Q5788	ar	تحرير البتراء (الأردن)
http://www.wikidata.org/entity/Q580533	ar	كوادر
http://www.wikidata.org/entity/Q5838	ar	كابول
http://www.wikidata.org/entity/Q58635	ar	بنجاب
http://www.wikidata.org/entity/Q58635	ar	بنجابية
http://www.wikidata.org/entity/Q58635	ar	لغة بنجابية
http://www.wikidata.org/entity/Q58635	ar	لغه بنجابيه
http://www.wikidata.org/entity/Q5869	ar	لهاسا
http://www.wikidata.org/entity/Q5890	ar	ثاء لأجل الثأر
http://www.wikidata.org/entity/Q5890	ar	ثاء للتعبير عن الثأر
http://www.wikidata.org/entity/Q5890	ar	في فور فنديتا
http://www.wikidata.org/entity/Q5890	ar	في فور فنديتا (فيلم)
http://www.wikidata.org/entity/Q5890	ar	في فور فينديتا
http://www.wikidata.org/entity/Q5890	ar	في لأجل فينديتا
http://www.wikidata.org/entity/Q5890	ar	في لأجل فينديتا (فيلم)
http://www.wikidata.org/entity/Q5890	ar	ڤي فور فينديتا
http://www.wikidata.org/entity/Q593321	ar	جامعة جنوا
http://www.wikidata.org/entity/Q593321	ar	جامعة جنوى
http://www.wikidata.org/entity/Q593321	ar	جامعة جينوفا
http://www.wikidata.org/entity/Q5968	ar	كونيو
http://www.wikidata.org/entity/Q599416	ar	سَيْنُوبُ
http://www.wikidata.org/entity/Q59975	ar	البجاية
http://www.wikidata.org/entity/Q59975	ar	الناصرية
http://www.wikidata.org/entity/Q59975	ar	ثالة برباشة بجاية
http://www.wikidata.org/entity/Q60	ar	نيو يورك
http://www.wikidata.org/entity/Q60	ar	نيورك
http://www.wikidata.org/entity/Q601956	ar	جامعة البورغ
http://www.wikidata.org/entity/Q6046	ar	نُفارا
http://www.wikidata.org/entity/Q6046	ar	نوفارا
http://www.wikidata.org/entity/Q6088	ar	الساندريا
http://www.wikidata.org/entity/Q6088	ar	أليساندريا
http://www.wikidata.org/entity/Q6088	ar	اليساندريا
http://www.wikidata.org/entity/Q609301	ar	جامعة سبليت
http://www.wikidata.org/entity/Q60956	ar	أشقلون
http://www.wikidata.org/entity/Q60956	ar	اشقلون
http://www.wikidata.org/entity/Q60956	ar	أشكلون
http://www.wikidata.org/entity/Q60956	ar	اشكلون
http://www.wikidata.org/entity/Q60956	ar	المجدل
http://www.wikidata.org/entity/Q60956	ar	المجدل عسقلان
http://www.wikidata.org/entity/Q61092	ar	جورج تون
http://www.wikidata.org/entity/Q61092	ar	جُورج تَوْن
http://www.wikidata.org/entity/Q61092	ar	جورجتون
http://www.wikidata.org/entity/Q612	ar	إمارة دبي
http://www.wikidata.org/entity/Q61306	ar	خواناجواتو
http://www.wikidata.org/entity/Q6190581	ar	قالب:معلومات منظمة دولية
http://www.wikidata.org/entity/Q6190581	ar	قالب:معلومات منظمة عربية
http://www.wikidata.org/entity/Q622683	ar	جامعة جراتس
http://www.wikidata.org/entity/Q622683	ar	جامعة جراز
http://www.wikidata.org/entity/Q622683	ar	جامعة غراز
http://www.wikidata.org/entity/Q6231	ar	كريمونا
http://www.wikidata.org/entity/Q6252	ar	مونزا
http://www.wikidata.org/entity/Q628	ar	برجامو
http://www.wikidata.org/entity/Q628	ar	بيرغامو
http://www.wikidata.org/entity/Q6285	ar	فاريزي
http://www.wikidata.org/entity/Q6285	ar	فريزي
http://www.wikidata.org/entity/Q632004	ar	جامعة رادبود نيميجن
http://www.wikidata.org/entity/Q632558	ar	معهد هاربن للتكنولوجيا
http://www.wikidata.org/entity/Q638704	ar	البشار
http://www.wikidata.org/entity/Q6397	ar	أفينيون
http://www.wikidata.org/entity/Q641	ar	البندقيه
http://www.wikidata.org/entity/Q641	ar	بنادقة
http://www.wikidata.org/entity/Q641	ar	بندقية (مدينة)
http://www.wikidata.org/entity/Q641	ar	فينسيا
http://www.wikidata.org/entity/Q641	ar	فينيسيا
http://www.wikidata.org/entity/Q641	ar	مدينة البندقية
http://www.wikidata.org/entity/Q6487	ar	أَنْطَالِيَةُ
http://www.wikidata.org/entity/Q648732	ar	سانت ديفيد
http://www.wikidata.org/entity/Q6537	ar	فيتشنزا
http://www.wikidata.org/entity/Q65379	ar	جامعة فرجينيا للتكنولوجيا
http://www.wikidata.org/entity/Q65379	ar	جامعه فرجينيا للتقنيه
http://www.wikidata.org/entity/Q65379	ar	Virginia Polytechnic Institute and State University
http://www.wikidata.org/entity/Q656189	ar	إنسناذا
http://www.wikidata.org/entity/Q656189	ar	إنسناذا، باخا کالیفورنيا
http://www.wikidata.org/entity/Q656871	ar	جامعة جوردون
http://www.wikidata.org/entity/Q656871	ar	جامعة غوردون
http://www.wikidata.org/entity/Q656871	ar	جامعه الخرطوم
http://www.wikidata.org/entity/Q656871	ar	كلية الخرطوم الجامعية
http://www.wikidata.org/entity/Q656871	ar	كلية جوردون
http://www.wikidata.org/entity/Q657	ar	تَشَاد
http://www.wikidata.org/entity/Q657	ar	جمهورية تشاد
http://www.wikidata.org/entity/Q664	ar	زلندة الجديدة
http://www.wikidata.org/entity/Q664	ar	زيلاندا الجديدة
http://www.wikidata.org/entity/Q664	ar	نيو زيلندا
http://www.wikidata.org/entity/Q664	ar	نيوزيلاندا
http://www.wikidata.org/entity/Q665105	ar	جامعة دلهى
http://www.wikidata.org/entity/Q665105	ar	جامعه دلهي
http://www.wikidata.org/entity/Q6662	ar	تشيزينا
http://www.wikidata.org/entity/Q667566	ar	Visual Basic for Applications
http://www.wikidata.org/entity/Q668	ar	جمهورية الهند
http://www.wikidata.org/entity/Q6681	ar	كروتونه
http://www.wikidata.org/entity/Q6686	ar	رونو
http://www.wikidata.org/entity/Q6686	ar	مجموعة رونو
http://www.wikidata.org/entity/Q6686	ar	مجموعة رينو
http://www.wikidata.org/entity/Q672420	ar	جامعة ألبرتينا
http://www.wikidata.org/entity/Q672420	ar	جامعة كونيغزبرغ
http://www.wikidata.org/entity/Q6737	ar	إسطابة
http://www.wikidata.org/entity/Q6737	ar	كاستيلاماري دي ستابيا
http://www.wikidata.org/entity/Q676778	ar	الشاون
http://www.wikidata.org/entity/Q676778	ar	جماعة شفشاون
http://www.wikidata.org/entity/Q676778	ar	شاون
http://www.wikidata.org/entity/Q678	ar	تونجا
http://www.wikidata.org/entity/Q683	ar	ساموا الغربية
http://www.wikidata.org/entity/Q685820	ar	REXX
http://www.wikidata.org/entity/Q689617	ar	جامعة سويسرا الناطقة بالايطالية
http://www.wikidata.org/entity/Q689617	ar	جامعة لوغانو
http://www.wikidata.org/entity/Q691	ar	بابوا غينيا الجديده
http://www.wikidata.org/entity/Q691	ar	بابوا نيو غينيا
http://www.wikidata.org/entity/Q691	ar	بابوا نيوغينيا
http://www.wikidata.org/entity/Q691	ar	بابوا وغينيا الجديدة
http://www.wikidata.org/entity/Q695623	ar	كأس أمريكا الجنوبية 2007
http://www.wikidata.org/entity/Q697	ar	نورو
http://www.wikidata.org/entity/Q70	ar	بيرن
http://www.wikidata.org/entity/Q702	ar	الولايات المتحدة الميكرونيزية
http://www.wikidata.org/entity/Q702	ar	الولايات المتحدة الميكرونيسية
http://www.wikidata.org/entity/Q702	ar	مايكرونيزيا
http://www.wikidata.org/entity/Q7026	ar	القطلونية
http://www.wikidata.org/entity/Q7026	ar	اللغة الكتالانية
http://www.wikidata.org/entity/Q7026	ar	كتالونية
http://www.wikidata.org/entity/Q7026	ar	لغة كتالانية
http://www.wikidata.org/entity/Q7033959	ar	يوي
http://www.wikidata.org/entity/Q706857	ar	بَخْمُوت
http://www.wikidata.org/entity/Q7083390	ar	التركية الأناضولية العتيقة
http://www.wikidata.org/entity/Q7083390	ar	التركية الأناضولية القديمة
http://www.wikidata.org/entity/Q7083390	ar	اللغة التركية الأناضولية العتيقة
http://www.wikidata.org/entity/Q7083390	ar	اللغة التركية الأناضولية القديمة
http://www.wikidata.org/entity/Q7083390	ar	تركجه
http://www.wikidata.org/entity/Q710	ar	كيريباس
http://www.wikidata.org/entity/Q7121294	ar	شعب باو
http://www.wikidata.org/entity/Q72259	ar	بورتسماوث
http://www.wikidata.org/entity/Q726218	ar	إكس يو إل
http://www.wikidata.org/entity/Q726218	ar	زول
http://www.wikidata.org/entity/Q726218	ar	لغه واجهه مستخدم إكس إم إل
http://www.wikidata.org/entity/Q726218	ar	XML User Interface Markup Language
http://www.wikidata.org/entity/Q727516	ar	جامعة ناتال
http://www.wikidata.org/entity/Q727694	ar	اللغة الصينية القياسية
http://www.wikidata.org/entity/Q727694	ar	اللغة المندرينية
http://www.wikidata.org/entity/Q727694	ar	المندرينية
http://www.wikidata.org/entity/Q72818	ar	هيفونج
http://www.wikidata.org/entity/Q730	ar	جمهورية سورينام
http://www.wikidata.org/entity/Q734	ar	جمهورية التعاونية غويانا
http://www.wikidata.org/entity/Q734	ar	جمهورية التعاونية غيانا
http://www.wikidata.org/entity/Q734	ar	جمهورية غيانا التعاونية
http://www.wikidata.org/entity/Q734	ar	غويانا
http://www.wikidata.org/entity/Q736	ar	أكوادور
http://www.wikidata.org/entity/Q736	ar	إكوادور
http://www.wikidata.org/entity/Q736	ar	اكوادور
http://www.wikidata.org/entity/Q736	ar	أكوادوري
http://www.wikidata.org/entity/Q736	ar	إکوادور
http://www.wikidata.org/entity/Q736	ar	الأكوادور
http://www.wikidata.org/entity/Q736	ar	الاكوادور
http://www.wikidata.org/entity/Q736	ar	Ecuador
http://www.wikidata.org/entity/Q737784	ar	معينية (لغة)
http://www.wikidata.org/entity/Q737784	ar	معينيه (لغه)
http://www.wikidata.org/entity/Q7436	ar	غاتتشينا، لينينغراد
http://www.wikidata.org/entity/Q747840	ar	باريسال
http://www.wikidata.org/entity/Q748085	ar	جامعة بيروجيا
http://www.wikidata.org/entity/Q748085	ar	جامعة بيرودجا
http://www.wikidata.org/entity/Q749	ar	خرونينغن
http://www.wikidata.org/entity/Q750	ar	البوليفية
http://www.wikidata.org/entity/Q750	ar	بوليفي
http://www.wikidata.org/entity/Q750	ar	بولیفیا
http://www.wikidata.org/entity/Q756126	ar	Middle East Technical University
http://www.wikidata.org/entity/Q756651	ar	باخترية
http://www.wikidata.org/entity/Q756651	ar	باكترية
http://www.wikidata.org/entity/Q757	ar	سانت فنسينت والجرينادينز
http://www.wikidata.org/entity/Q75809	ar	اللوثرية
http://www.wikidata.org/entity/Q75809	ar	لوثري
http://www.wikidata.org/entity/Q75809	ar	لوثريه
http://www.wikidata.org/entity/Q75809	ar	لوثريون
http://www.wikidata.org/entity/Q75809	ar	لوثريين
http://www.wikidata.org/entity/Q760714	ar	باغلبور
http://www.wikidata.org/entity/Q765887	ar	أوز كند
http://www.wikidata.org/entity/Q765887	ar	أوزغين
http://www.wikidata.org/entity/Q765887	ar	اوزكند
http://www.wikidata.org/entity/Q765887	ar	بوزكند
http://www.wikidata.org/entity/Q766	ar	جامايكي
http://www.wikidata.org/entity/Q766	ar	جاميكا
http://www.wikidata.org/entity/Q766	ar	جمايكا
http://www.wikidata.org/entity/Q769	ar	غَرْنَادَة
http://www.wikidata.org/entity/Q77	ar	الجمهورية الشرقية للأوروغواي
http://www.wikidata.org/entity/Q77	ar	أوروغواي
http://www.wikidata.org/entity/Q77	ar	جمهورية الأوروغواي الشرقية
http://www.wikidata.org/entity/Q7737	ar	اللغة الروسية
http://www.wikidata.org/entity/Q7737	ar	روسية
http://www.wikidata.org/entity/Q7737	ar	لغة روسية
http://www.wikidata.org/entity/Q774	ar	جمهورية غواتيمالا
http://www.wikidata.org/entity/Q774	ar	جواتيمالا
http://www.wikidata.org/entity/Q778	ar	الباهاماس
http://www.wikidata.org/entity/Q778	ar	البهاما
http://www.wikidata.org/entity/Q778	ar	باهاماس
http://www.wikidata.org/entity/Q781	ar	أنتيغوا وبربودا
http://www.wikidata.org/entity/Q782278	ar	ناوباكتوس، أيتوليا كي أكارنانيا
http://www.wikidata.org/entity/Q782397	ar	اوتوليسب
http://www.wikidata.org/entity/Q786	ar	جمهورية الدومنيكان
http://www.wikidata.org/entity/Q79	ar	جمهوريّة مصر العربيّة
http://www.wikidata.org/entity/Q7903	ar	البيضاء
http://www.wikidata.org/entity/Q7903	ar	جماعة الدار البيضاء
http://www.wikidata.org/entity/Q7903	ar	كاسابلانكا
http://www.wikidata.org/entity/Q7918	ar	اللغة البلغارية
http://www.wikidata.org/entity/Q7918	ar	بلغارية
http://www.wikidata.org/entity/Q7918	ar	لغة بلغارية
http://www.wikidata.org/entity/Q792	ar	جمهورية السلفادور
http://www.wikidata.org/entity/Q794	ar	الجمهور الإسلامية الإيرانية
http://www.wikidata.org/entity/Q794	ar	الجمهورية الإسلامية الإيرانية
http://www.wikidata.org/entity/Q794	ar	الجمهورية الإسلامية الايرانية
http://www.wikidata.org/entity/Q794	ar	الجمهورية الاسلامية الايرانية
http://www.wikidata.org/entity/Q794	ar	الجمهورية الإسلامية في إيران
http://www.wikidata.org/entity/Q794	ar	الديار الإيرانية
http://www.wikidata.org/entity/Q794	ar	ایران
http://www.wikidata.org/entity/Q794	ar	ايران
http://www.wikidata.org/entity/Q794	ar	ايران الأکبر
http://www.wikidata.org/entity/Q794	ar	جمهورية إيران
http://www.wikidata.org/entity/Q794	ar	جمهوریة إیران الإسلامیة
http://www.wikidata.org/entity/Q794	ar	جمهورية إيران الإسلامية
http://www.wikidata.org/entity/Q794	ar	جمهوريّة إيران الإسلامية
http://www.wikidata.org/entity/Q796	ar	الجمهورية العراقية
http://www.wikidata.org/entity/Q796	ar	جمهورية العراق
http://www.wikidata.org/entity/Q796	ar	جُمْهُوريَّة العِرَاق
http://www.wikidata.org/entity/Q796	ar	عراق
http://www.wikidata.org/entity/Q797302	ar	(B (programming language
http://www.wikidata.org/entity/Q79808	ar	قسطنطنة
http://www.wikidata.org/entity/Q79808	ar	كونستانتسا
http://www.wikidata.org/entity/Q79848	ar	ساوثمبتون
http://www.wikidata.org/entity/Q79857	ar	قوني
http://www.wikidata.org/entity/Q79857	ar	قونيه
http://www.wikidata.org/entity/Q79980	ar	وارانسي
http://www.wikidata.org/entity/Q79990	ar	كرايستشيرش
http://www.wikidata.org/entity/Q79990	ar	كريس تشيرش
http://www.wikidata.org/entity/Q79990	ar	كريست تشيرش
http://www.wikidata.org/entity/Q79990	ar	كريستتشيرش
http://www.wikidata.org/entity/Q79990	ar	كريستشيرش
http://www.wikidata.org/entity/Q801	ar	الدولة العبرية
http://www.wikidata.org/entity/Q801	ar	الكيان الصهيوني
http://www.wikidata.org/entity/Q801	ar	دولة إسرائيل
http://www.wikidata.org/entity/Q804	ar	باناما
http://www.wikidata.org/entity/Q804	ar	جمهورية بنما
http://www.wikidata.org/entity/Q80484	ar	باتنا
http://www.wikidata.org/entity/Q80484	ar	بتنا
http://www.wikidata.org/entity/Q805	ar	الجمهورية اليمنية
http://www.wikidata.org/entity/Q805	ar	دولة اليمن
http://www.wikidata.org/entity/Q805515	ar	بالخاش
http://www.wikidata.org/entity/Q805515	ar	بالكاش
http://www.wikidata.org/entity/Q805515	ar	بلكاش
http://www.wikidata.org/entity/Q80985	ar	جماعة فاس
http://www.wikidata.org/entity/Q80985	ar	فاس
http://www.wikidata.org/entity/Q80985	ar	مدينة فاس
http://www.wikidata.org/entity/Q810	ar	الاردن
http://www.wikidata.org/entity/Q810	ar	المملكة الأردنيّة الهاشميّة
http://www.wikidata.org/entity/Q810009	ar	BCPL
http://www.wikidata.org/entity/Q81033	ar	مونتيري ، المكسيك
http://www.wikidata.org/entity/Q81046	ar	شرلروا
http://www.wikidata.org/entity/Q81046	ar	شرلروة
http://www.wikidata.org/entity/Q811	ar	نيكاراجوا
http://www.wikidata.org/entity/Q81137	ar	اولوموتس
http://www.wikidata.org/entity/Q81294	ar	ماثيماتيكا
http://www.wikidata.org/entity/Q81294	ar	ولفرام ماثماتيكا
http://www.wikidata.org/entity/Q81294	ar	ولفرام ماثيماتيكا
http://www.wikidata.org/entity/Q813	ar	قرغيزيا
http://www.wikidata.org/entity/Q813	ar	قيرغيزستان
http://www.wikidata.org/entity/Q81581	ar	زيجيد
http://www.wikidata.org/entity/Q81581	ar	سكدين
http://www.wikidata.org/entity/Q81581	ar	سيغد
http://www.wikidata.org/entity/Q81788	ar	مدينة الجيزة
http://www.wikidata.org/entity/Q81788	ar	مدينه الجيزه
http://www.wikidata.org/entity/Q820235	ar	كأس أمريكا الجنوبية 2007
http://www.wikidata.org/entity/Q82059	ar	بورصة نازداك
http://www.wikidata.org/entity/Q82059	ar	بورصة ناسداك
http://www.wikidata.org/entity/Q82059	ar	بورصه نازداك
http://www.wikidata.org/entity/Q82059	ar	سوق نازداك
http://www.wikidata.org/entity/Q82059	ar	سوق ناسداك
http://www.wikidata.org/entity/Q82059	ar	نازداك
http://www.wikidata.org/entity/Q822	ar	الجمهورية اللبنانية
http://www.wikidata.org/entity/Q822	ar	الجمهوريّة اللبنانيّة
http://www.wikidata.org/entity/Q822679	ar	جَاْرَّوْؤَيَ
http://www.wikidata.org/entity/Q822679	ar	غَاْرَّوْؤَيَ
http://www.wikidata.org/entity/Q824594	ar	جماعة الناضور
http://www.wikidata.org/entity/Q826	ar	جزر المالديف
http://www.wikidata.org/entity/Q826	ar	جمهورية المالديف
http://www.wikidata.org/entity/Q82960	ar	رتفايل
http://www.wikidata.org/entity/Q82960	ar	رتوايل
http://www.wikidata.org/entity/Q83061	ar	فان
http://www.wikidata.org/entity/Q83061	ar	مدينة فان
http://www.wikidata.org/entity/Q83061	ar	مدينة وان
http://www.wikidata.org/entity/Q83065	ar	لايستر
http://www.wikidata.org/entity/Q833	ar	🇲🇾
http://www.wikidata.org/entity/Q833	ar	MAS
http://www.wikidata.org/entity/Q833	ar	my
http://www.wikidata.org/entity/Q833	ar	MYS
http://www.wikidata.org/entity/Q83317	ar	مدينة الموصل
http://www.wikidata.org/entity/Q83317	ar	موصل
http://www.wikidata.org/entity/Q83387	ar	دياربكر
http://www.wikidata.org/entity/Q83495	ar	الماتريكس
http://www.wikidata.org/entity/Q83495	ar	The Matrix
http://www.wikidata.org/entity/Q83531	ar	بَدْلِيسُ
http://www.wikidata.org/entity/Q835960	ar	جامعه ساوباولو
http://www.wikidata.org/entity/Q836	ar	اتحاد بورما
http://www.wikidata.org/entity/Q836	ar	برمانيا
http://www.wikidata.org/entity/Q836	ar	بورما
http://www.wikidata.org/entity/Q836	ar	جمهورية اتحاد ميانمار
http://www.wikidata.org/entity/Q837	ar	النيبال
http://www.wikidata.org/entity/Q837	ar	جمهورية نيبال الديمقراطية الاتحادية
http://www.wikidata.org/entity/Q83786	ar	سيملا
http://www.wikidata.org/entity/Q842	ar	عُمان
http://www.wikidata.org/entity/Q842214	ar	جريء
http://www.wikidata.org/entity/Q842214	ar	Fearless
http://www.wikidata.org/entity/Q842869	ar	بردعة
http://www.wikidata.org/entity/Q843	ar	جمهورية باكستان الإسلامية
http://www.wikidata.org/entity/Q844417	ar	زنجبار القديمة
http://www.wikidata.org/entity/Q844417	ar	ستون تون
http://www.wikidata.org/entity/Q844430	ar	فوكيت
http://www.wikidata.org/entity/Q845783	ar	Taylor Swift
http://www.wikidata.org/entity/Q846	ar	إمارة قطر
http://www.wikidata.org/entity/Q846502	ar	كوالا ترغكانو
http://www.wikidata.org/entity/Q8475	ar	الإنتربول
http://www.wikidata.org/entity/Q8475	ar	المنظمة الدولية للشرطة الجنائية
http://www.wikidata.org/entity/Q8475	ar	إنتربول
http://www.wikidata.org/entity/Q849561	ar	الأصنام
http://www.wikidata.org/entity/Q849561	ar	أورليانفيل
http://www.wikidata.org/entity/Q849561	ar	شلف
http://www.wikidata.org/entity/Q849561	ar	كاستيليوم تانجيتانيوم
http://www.wikidata.org/entity/Q849561	ar	كستلم تنجيتانم
http://www.wikidata.org/entity/Q849751	ar	جامعة يورك(كندا)
http://www.wikidata.org/entity/Q851	ar	الدولة السعودية
http://www.wikidata.org/entity/Q851	ar	الدوله السعوديه
http://www.wikidata.org/entity/Q851	ar	السعوديه
http://www.wikidata.org/entity/Q851	ar	المملكة
http://www.wikidata.org/entity/Q851	ar	المملكة السعودية
http://www.wikidata.org/entity/Q851	ar	المملكة العربية
http://www.wikidata.org/entity/Q851	ar	المملكة العربيّة السُعودِيَة
http://www.wikidata.org/entity/Q851	ar	الْمَمْلَكَة العَرَبيَّة السُّعُودِيَّة
http://www.wikidata.org/entity/Q851	ar	المملكه
http://www.wikidata.org/entity/Q851	ar	المملكه العربيه السعوديه
http://www.wikidata.org/entity/Q851	ar	بلاد الحرمين الشريفين
http://www.wikidata.org/entity/Q851	ar	دولة آل سعود
http://www.wikidata.org/entity/Q851	ar	سعودية
http://www.wikidata.org/entity/Q851	ar	سعوديه
http://www.wikidata.org/entity/Q851	ar	منبع الرسالة
http://www.wikidata.org/entity/Q851	ar	مهبط الوحي
http://www.wikidata.org/entity/Q85300	ar	جامعة نوفورسيسك
http://www.wikidata.org/entity/Q85300	ar	جامعة نوفوروسيا
http://www.wikidata.org/entity/Q854	ar	جمهورية سريلنكا الاشتراكية الديمقراطية
http://www.wikidata.org/entity/Q854	ar	سري لنكا
http://www.wikidata.org/entity/Q854	ar	سريلنكا
http://www.wikidata.org/entity/Q858	ar	الجمهورية العربية السورية
http://www.wikidata.org/entity/Q858	ar	الجمهوريّة العربيّة السّوريّة
http://www.wikidata.org/entity/Q858	ar	سورية
http://www.wikidata.org/entity/Q8621	ar	تِرني
http://www.wikidata.org/entity/Q8621	ar	تيرني
http://www.wikidata.org/entity/Q863	ar	تاجیکستان
http://www.wikidata.org/entity/Q863813	ar	جامعة بينغهامتون
http://www.wikidata.org/entity/Q8646	ar	هونج كونج
http://www.wikidata.org/entity/Q8646	ar	هونق كونق
http://www.wikidata.org/entity/Q8646	ar	هونك كونك
http://www.wikidata.org/entity/Q865	ar	تايبيه الصينية
http://www.wikidata.org/entity/Q865	ar	جمهورية الصين
http://www.wikidata.org/entity/Q867586	ar	سلط
http://www.wikidata.org/entity/Q8684	ar	سول تكبيولشي
http://www.wikidata.org/entity/Q8684	ar	سيئول
http://www.wikidata.org/entity/Q8684	ar	سيول
http://www.wikidata.org/entity/Q8684	ar	مدينة سول الخاصة
http://www.wikidata.org/entity/Q869	ar	مملكة تايلاند
http://www.wikidata.org/entity/Q87	ar	إسكندرية
http://www.wikidata.org/entity/Q87	ar	الأسكندرية
http://www.wikidata.org/entity/Q87	ar	الاسكندرية
http://www.wikidata.org/entity/Q87	ar	عروس البحر الأبيض المتوسط
http://www.wikidata.org/entity/Q874	ar	تركمانيا
http://www.wikidata.org/entity/Q877925	ar	مدرسة طب جامعة كوينز بيلفاست
http://www.wikidata.org/entity/Q877925	ar	مدرسه طب جامعه كوينز بيلفاست
http://www.wikidata.org/entity/Q878	ar	الإمارات
http://www.wikidata.org/entity/Q878	ar	الامارات
http://www.wikidata.org/entity/Q878	ar	دولة الإمارات العربية المتحدة
http://www.wikidata.org/entity/Q8786	ar	ألزاسية
http://www.wikidata.org/entity/Q8786	ar	اللغة الألزاسية
http://www.wikidata.org/entity/Q8786	ar	لغة ألزاسية
http://www.wikidata.org/entity/Q881	ar	جمهورية فيتنام الاشتراكية
http://www.wikidata.org/entity/Q8821	ar	اللغة المونتنغرية
http://www.wikidata.org/entity/Q8821	ar	لغة مونتنغرية
http://www.wikidata.org/entity/Q8821	ar	مونتنغرية
http://www.wikidata.org/entity/Q884	ar	الكوريا الجنوبية
http://www.wikidata.org/entity/Q884	ar	جمهورية كوريا
http://www.wikidata.org/entity/Q892948	ar	بوو (لغة)
http://www.wikidata.org/entity/Q902	ar	بنجلاديش
http://www.wikidata.org/entity/Q902	ar	جمهورية بنغلاديش الشعبية
http://www.wikidata.org/entity/Q9027	ar	اللغة السويدية
http://www.wikidata.org/entity/Q9027	ar	سويدية
http://www.wikidata.org/entity/Q9027	ar	لغة سويدية
http://www.wikidata.org/entity/Q9043	ar	اللغة النرويجية
http://www.wikidata.org/entity/Q9043	ar	لغة نرويجية
http://www.wikidata.org/entity/Q9043	ar	نرويجية
http://www.wikidata.org/entity/Q9051	ar	اللغة اللوكسمبورجية
http://www.wikidata.org/entity/Q9051	ar	اللغة اللوكسمبورغية
http://www.wikidata.org/entity/Q9051	ar	اللوكسمبورجية
http://www.wikidata.org/entity/Q9051	ar	لغة لوكسمبورجية
http://www.wikidata.org/entity/Q9051	ar	لغة لوكسمبورغية
http://www.wikidata.org/entity/Q9051	ar	لوكسمبورغية
http://www.wikidata.org/entity/Q9058	ar	اللغة السلوفاكية
http://www.wikidata.org/entity/Q9058	ar	سلوفاكية
http://www.wikidata.org/entity/Q9058	ar	لغة سلوفاكية
http://www.wikidata.org/entity/Q9067	ar	اللغة المجرية
http://www.wikidata.org/entity/Q9067	ar	الهنغارية
http://www.wikidata.org/entity/Q9067	ar	لغة مجرية
http://www.wikidata.org/entity/Q9067	ar	مجرية
http://www.wikidata.org/entity/Q9067	ar	هنغارية
http://www.wikidata.org/entity/Q9078	ar	اللغة اللاتفية
http://www.wikidata.org/entity/Q9078	ar	لاتفية
http://www.wikidata.org/entity/Q9078	ar	لغة لاتفية
http://www.wikidata.org/entity/Q9083	ar	اللغة اللتوانية
http://www.wikidata.org/entity/Q9083	ar	اللغة الليتوانية
http://www.wikidata.org/entity/Q9083	ar	الليتوانية
http://www.wikidata.org/entity/Q9083	ar	لغة لتوانية
http://www.wikidata.org/entity/Q9083	ar	ليتوانية
http://www.wikidata.org/entity/Q9091	ar	اللغة البيلاروسية
http://www.wikidata.org/entity/Q9091	ar	بيلاروسية
http://www.wikidata.org/entity/Q9091	ar	لغة بيلاروسية
http://www.wikidata.org/entity/Q912	ar	جمهورية مالي
http://www.wikidata.org/entity/Q91540	ar	العودة إلى المستقبل (فيلم)
http://www.wikidata.org/entity/Q91540	ar	باك تو ذا فيوتشر (فيلم)
http://www.wikidata.org/entity/Q91540	ar	عودة إلى المستقبل (فيلم)
http://www.wikidata.org/entity/Q916	ar	أنجولا
http://www.wikidata.org/entity/Q916	ar	جمهورية أنغولا
http://www.wikidata.org/entity/Q9168	ar	اللغة الفارسية
http://www.wikidata.org/entity/Q9168	ar	إيراني
http://www.wikidata.org/entity/Q9168	ar	فارسي
http://www.wikidata.org/entity/Q9168	ar	فارسية
http://www.wikidata.org/entity/Q9168	ar	لغة فارسية
http://www.wikidata.org/entity/Q917	ar	مملكة بوتان
http://www.wikidata.org/entity/Q9192	ar	مندرين الصينية
http://www.wikidata.org/entity/Q9205	ar	اللغة الخميرية
http://www.wikidata.org/entity/Q9205	ar	خميرية
http://www.wikidata.org/entity/Q9205	ar	لغة خميرية
http://www.wikidata.org/entity/Q921	ar	🇧🇳
http://www.wikidata.org/entity/Q921	ar	اتحاد بروناي
http://www.wikidata.org/entity/Q921	ar	بروناي دار السلام
http://www.wikidata.org/entity/Q921	ar	bn
http://www.wikidata.org/entity/Q921	ar	BRN
http://www.wikidata.org/entity/Q921	ar	BRU
http://www.wikidata.org/entity/Q9217	ar	اللغة التايلاندية
http://www.wikidata.org/entity/Q9217	ar	اللغة التايلندية
http://www.wikidata.org/entity/Q9217	ar	تايلاندية
http://www.wikidata.org/entity/Q9217	ar	تايلندية
http://www.wikidata.org/entity/Q9217	ar	لغة تايلاندية
http://www.wikidata.org/entity/Q9217	ar	لغة تايلندية
http://www.wikidata.org/entity/Q9237	ar	لغة الملايو
http://www.wikidata.org/entity/Q9237	ar	لغة ملايو
http://www.wikidata.org/entity/Q9237	ar	B.M.
http://www.wikidata.org/entity/Q9237	ar	Bahasa Melayu
http://www.wikidata.org/entity/Q9237	ar	BM
http://www.wikidata.org/entity/Q924	ar	جمهورية تنزانيا الاتحادية
http://www.wikidata.org/entity/Q9240	ar	اللغة الإندونيسية
http://www.wikidata.org/entity/Q9240	ar	إندونيسية
http://www.wikidata.org/entity/Q9240	ar	لغة إندونيسية
http://www.wikidata.org/entity/Q92561	ar	لندن (أونتاريو)
http://www.wikidata.org/entity/Q92561	ar	لندن (كندا)
http://www.wikidata.org/entity/Q928	ar	جمهورية الفلبين
http://www.wikidata.org/entity/Q9288	ar	إسرائيلي
http://www.wikidata.org/entity/Q9288	ar	اللغة العبرية
http://www.wikidata.org/entity/Q9288	ar	عبري
http://www.wikidata.org/entity/Q9288	ar	عبرية
http://www.wikidata.org/entity/Q9288	ar	لغة عبرية
http://www.wikidata.org/entity/Q9296	ar	اللغة المقدونية
http://www.wikidata.org/entity/Q9296	ar	لغة مقدونية
http://www.wikidata.org/entity/Q9296	ar	مقدونية
http://www.wikidata.org/entity/Q9299	ar	اللغة الصربية
http://www.wikidata.org/entity/Q9299	ar	صربية
http://www.wikidata.org/entity/Q9299	ar	لغة صربية
http://www.wikidata.org/entity/Q9307	ar	الغاليسية
http://www.wikidata.org/entity/Q9307	ar	اللغة الغاليسية
http://www.wikidata.org/entity/Q9307	ar	غاليسية
http://www.wikidata.org/entity/Q9307	ar	لغة غاليسية
http://www.wikidata.org/entity/Q93230	ar	راولبند
http://www.wikidata.org/entity/Q932886	ar	قرية قاضي
http://www.wikidata.org/entity/Q932886	ar	قضاء قرية قاضي
http://www.wikidata.org/entity/Q93338	ar	عَيْنُ تَاب
http://www.wikidata.org/entity/Q93338	ar	عينتاب
http://www.wikidata.org/entity/Q93338	ar	غازي عين تاب
http://www.wikidata.org/entity/Q935886	ar	المدينية الترفيهية (لوسيل)
http://www.wikidata.org/entity/Q935886	ar	المدينيه الترفيهيه (لوسيل)
http://www.wikidata.org/entity/Q935886	ar	مدينة الطاقة
http://www.wikidata.org/entity/Q935886	ar	مدينة الطاقة (لوسيل)
http://www.wikidata.org/entity/Q935886	ar	مدينه الطاقه (لوسيل)
http://www.wikidata.org/entity/Q9365	ar	دوشب
http://www.wikidata.org/entity/Q9427	ar	تُمْبُكْتُو
http://www.wikidata.org/entity/Q9427	ar	تمبوكتو
http://www.wikidata.org/entity/Q9427	ar	تنبكت
http://www.wikidata.org/entity/Q9427	ar	تنبكتو
http://www.wikidata.org/entity/Q9427	ar	تنبوكتو
http://www.wikidata.org/entity/Q9427	ar	تومبوكتو
http://www.wikidata.org/entity/Q9427	ar	مدينة تمبكتو
http://www.wikidata.org/entity/Q9427	ar	منطقة تومبوكتو
http://www.wikidata.org/entity/Q945	ar	جمهورية توغو
http://www.wikidata.org/entity/Q948	ar	الجمهورية التونسية
http://www.wikidata.org/entity/Q948	ar	تُوْنُس
http://www.wikidata.org/entity/Q948	ar	تُوْنِس
http://www.wikidata.org/entity/Q948	ar	تونس الخضراء
http://www.wikidata.org/entity/Q953	ar	جمهورية زامبيا
http://www.wikidata.org/entity/Q954	ar	جمهورية زيمبابوي
http://www.wikidata.org/entity/Q958	ar	جمهورية جنوب السودان
http://www.wikidata.org/entity/Q96	ar	الولايات المتحدة المكسيكية
http://www.wikidata.org/entity/Q961543	ar	QML
http://www.wikidata.org/entity/Q963636	ar	تشوا
http://www.wikidata.org/entity/Q963636	ar	لغة تشوا
http://www.wikidata.org/entity/Q965	ar	بركينا فاسو
http://www.wikidata.org/entity/Q965	ar	بوركینا فاسو
http://www.wikidata.org/entity/Q965	ar	بوركينا فاصو
http://www.wikidata.org/entity/Q965	ar	بوركينافاسو
http://www.wikidata.org/entity/Q965	ar	بوركينافاصو
http://www.wikidata.org/entity/Q965	ar	بوركينفاسو
http://www.wikidata.org/entity/Q965	ar	بوركينياني
http://www.wikidata.org/entity/Q965	ar	بورکینا فاسو
http://www.wikidata.org/entity/Q965	ar	فولطا العليا
http://www.wikidata.org/entity/Q965	ar	قائمة جزر بوركينا فاسو
http://www.wikidata.org/entity/Q970	ar	الاتحاد القمري
http://www.wikidata.org/entity/Q970	ar	الاتّحاد القُمُري
http://www.wikidata.org/entity/Q970	ar	القمر
http://www.wikidata.org/entity/Q970	ar	جزر القُمُر
http://www.wikidata.org/entity/Q974	ar	الكونغو
http://www.wikidata.org/entity/Q974	ar	الكونغو الديمقراطية
http://www.wikidata.org/entity/Q977781	ar	كلية مالمو الجامعية
http://www.wikidata.org/entity/Q978185	ar	تايب إسكريبت
http://www.wikidata.org/entity/Q986	ar	ارتريا
http://www.wikidata.org/entity/Q986	ar	إريتريا
http://www.wikidata.org/entity/Q986	ar	دولة إرتريا
http://www.wikidata.org/entity/Q986	ar	دولة إريتريا
http://www.wikidata.org/entity/Q9920	ar	هارليم
http://www.wikidata.org/entity/Q9954	ar	بورمرند
