entityId	languageTag	label	description	typeId	typeLabel	sitelinks	arwikiUrl
http://www.wikidata.org/entity/Q1000	ar	الغابون	دولة في غرب وسط أفريقيا	Q6256	country	294	https://ar.wikipedia.org/wiki/%D8%A7%D9%84%D8%BA%D8%A7%D8%A8%D9%88%D9%86
http://www.wikidata.org/entity/Q10006	ar	هينجيلو	بلدية في أوفرايسل، هولندا	Q515	city	66	https://ar.wikipedia.org/wiki/%D9%87%D9%8A%D9%86%D8%AC%D9%8A%D9%84%D9%88
http://www.wikidata.org/entity/Q10014	ar	كامبن	مستوطنة في هولندا	Q515	city	55	https://ar.wikipedia.org/wiki/%D9%83%D8%A7%D9%85%D8%A8%D9%86_(%D9%87%D9%88%D9%84%D9%86%D8%AF%D8%A7)
http://www.wikidata.org/entity/Q100188	ar	كلوج نابوكا	مدينة وعاصمة مقاطعة كلوج في شمال غرب رومانيا	Q515	city	123	https://ar.wikipedia.org/wiki/%D9%83%D9%84%D9%88%D8%AC_%D9%86%D8%A7%D8%A8%D9%88%D9%83%D8%A7
http://www.wikidata.org/entity/Q1003496	ar	إيلورو	منطقة مأهولة في الهند	Q515	city	51	https://ar.wikipedia.org/wiki/%D8%A5%D9%8A%D9%84%D9%88%D8%B1%D9%88
http://www.wikidata.org/entity/Q1005	ar	غامبيا	دولة في غرب أفريقيا	Q6256	country	299	https://ar.wikipedia.org/wiki/%D8%BA%D8%A7%D9%85%D8%A8%D9%8A%D8%A7
http://www.wikidata.org/entity/Q1006	ar	غينيا	دولة في غرب أفريقيا	Q6256	country	300	https://ar.wikipedia.org/wiki/%D8%BA%D9%8A%D9%86%D9%8A%D8%A7
http://www.wikidata.org/entity/Q1007	ar	غينيا بيساو	دولة في غرب أفريقيا	Q6256	country	296	https://ar.wikipedia.org/wiki/%D8%BA%D9%8A%D9%86%D9%8A%D8%A7_%D8%A8%D9%8A%D8%B3%D8%A7%D9%88
http://www.wikidata.org/entity/Q1008	ar	ساحل العاج	دولة في غرب أفريقيا	Q6256	country	309	https://ar.wikipedia.org/wiki/%D8%B3%D8%A7%D8%AD%D9%84_%D8%A7%D9%84%D8%B9%D8%A7%D8%AC
http://www.wikidata.org/entity/Q10086	ar	ميسور	مدينة في جنوب الهند	Q515	city	94	https://ar.wikipedia.org/wiki/%D9%85%D9%8A%D8%B3%D9%88%D8%B1_(%D8%A7%D9%84%D9%87%D9%86%D8%AF)
http://www.wikidata.org/entity/Q1009	ar	الكاميرون	دولة في وسط إفريقيا غربا	Q6256	country	314	https://ar.wikipedia.org/wiki/%D8%A7%D9%84%D9%83%D8%A7%D9%85%D9%8A%D8%B1%D9%88%D9%86
http://www.wikidata.org/entity/Q1011	ar	الرأس الأخضر	دولة جزرية في غرب أفريقيا بالمحيط الأطلسي	Q6256	country	287	https://ar.wikipedia.org/wiki/%D8%A7%D9%84%D8%B1%D8%A3%D8%B3_%D8%A7%D9%84%D8%A3%D8%AE%D8%B6%D8%B1
http://www.wikidata.org/entity/Q1012	ar	تسليه		Q515	city	81	https://ar.wikipedia.org/wiki/%D8%AA%D8%B3%D9%84%D9%8A%D9%87
http://www.wikidata.org/entity/Q101254	ar	نيوبورت		Q515	city	91	https://ar.wikipedia.org/wiki/%D9%86%D9%8A%D9%88%D8%A8%D9%88%D8%B1%D8%AA
http://www.wikidata.org/entity/Q1013	ar	ليسوتو	دولة في أفريقيا الجنوبية محاطة بدولة جنوب أفريقيا	Q6256	country	279	https://ar.wikipedia.org/wiki/%D9%84%D9%8A%D8%B3%D9%88%D8%AA%D9%88
http://www.wikidata.org/entity/Q1014	ar	ليبيريا	دولة في غرب أفريقيا	Q6256	country	291	https://ar.wikipedia.org/wiki/%D9%84%D9%8A%D8%A8%D9%8A%D8%B1%D9%8A%D8%A7
http://www.wikidata.org/entity/Q101418	ar	لوبامبا	العاصمة التشريعية لإسواتيني	Q515	city	95	https://ar.wikipedia.org/wiki/%D9%84%D9%88%D8%A8%D8%A7%D9%85%D8%A8%D8%A7
http://www.wikidata.org/entity/Q1015	ar	كوبر		Q515	city	85	https://ar.wikipedia.org/wiki/%D9%83%D9%88%D8%A8%D8%B1_(%D8%B3%D9%84%D9%88%D9%81%D9%8A%D9%86%D9%8A%D8%A7)
http://www.wikidata.org/entity/Q101530	ar	فيالون		Q515	city	69	https://ar.wikipedia.org/wiki/%D9%81%D9%8A%D8%A7%D9%84%D9%88%D9%86
http://www.wikidata.org/entity/Q1016	ar	ليبيا	دولة في شمالي إفريقيا	Q6256	country	331	https://ar.wikipedia.org/wiki/%D9%84%D9%8A%D8%A8%D9%8A%D8%A7
http://www.wikidata.org/entity/Q10179	ar	اللغة الزولوية	لغة شعب الزولو	Q34770	language	124	https://ar.wikipedia.org/wiki/%D8%A7%D9%84%D9%84%D8%BA%D8%A9_%D8%A7%D9%84%D8%B2%D9%88%D9%84%D9%88%D9%8A%D8%A9
http://www.wikidata.org/entity/Q1019	ar	مدغشقر	دولة جزرية في جنوب شرق أفريقيا بالمحيط الهندي	Q6256	country	317	https://ar.wikipedia.org/wiki/%D9%85%D8%AF%D8%BA%D8%B4%D9%82%D8%B1
http://www.wikidata.org/entity/Q10199	ar	اللغة الزازاكية	لغة هندو أوروبية	Q34770	language	121	https://ar.wikipedia.org/wiki/%D8%A7%D9%84%D9%84%D8%BA%D8%A9_%D8%A7%D9%84%D8%B2%D8%A7%D8%B2%D8%A7%D9%83%D9%8A%D8%A9
http://www.wikidata.org/entity/Q1020	ar	ملاوي	دولة في جنوب شرق أفريقيا	Q6256	country	296	https://ar.wikipedia.org/wiki/%D9%85%D9%84%D8%A7%D9%88%D9%8A
http://www.wikidata.org/entity/Q1021	ar	كراني	مدينة تقع في سلوفينيا	Q515	city	76	https://ar.wikipedia.org/wiki/%D9%83%D8%B1%D8%A7%D9%86%D9%8A
http://www.wikidata.org/entity/Q102225	ar	هاري بوتر وكأس النار	فيلم أُصدر سنة 2005، من إخراج مايك نيويل	Q11424	film	90	https://ar.wikipedia.org/wiki/%D9%87%D8%A7%D8%B1%D9%8A_%D8%A8%D9%88%D8%AA%D8%B1_%D9%88%D9%83%D8%A3%D8%B3_%D8%A7%D9%84%D9%86%D8%A7%D8%B1_(%D9%81%D9%84%D9%85)
http://www.wikidata.org/entity/Q1022268	ar	سي++/سي إل آي		Q9143	programming language	15	https://ar.wikipedia.org/wiki/%D8%B3%D9%8A%2B%2B/%D8%B3%D9%8A_%D8%A5%D9%84_%D8%A2%D9%8A
http://www.wikidata.org/entity/Q102235	ar	هاري بوتر وجماعة العنقاء	فيلم أُصدر سنة 2007، من إخراج دايفيد ييتس	Q11424	film	88	https://ar.wikipedia.org/wiki/%D9%87%D8%A7%D8%B1%D9%8A_%D8%A8%D9%88%D8%AA%D8%B1_%D9%88%D8%AC%D9%85%D8%A7%D8%B9%D8%A9_%D8%A7%D9%84%D8%B9%D9%86%D9%82%D8%A7%D8%A1_(%D9%81%D9%84%D9%85)
http://www.wikidata.org/entity/Q102244	ar	هاري بوتر وحجرة الأسرار	فيلم أُصدر سنة 2002، من إخراج كريس كولومبوس	Q11424	film	94	https://ar.wikipedia.org/wiki/%D9%87%D8%A7%D8%B1%D9%8A_%D8%A8%D9%88%D8%AA%D8%B1_%D9%88%D8%AD%D8%AC%D8%B1%D8%A9_%D8%A7%D9%84%D8%A3%D8%B3%D8%B1%D8%A7%D8%B1_(%D9%81%D9%84%D9%85)
http://www.wikidata.org/entity/Q1022488	ar	برايتون أند هوف	مدينة في منطقة جنوب شرق إنجلترا	Q515	city	61	https://ar.wikipedia.org/wiki/%D8%A8%D8%B1%D8%A7%D9%8A%D8%AA%D9%88%D9%86_%D8%A3%D9%86%D8%AF_%D9%87%D9%88%D9%81
http://www.wikidata.org/entity/Q102317	ar	كيلسي	مدينة في بولندا	Q515	city	89	https://ar.wikipedia.org/wiki/%D9%83%D9%8A%D9%84%D8%B3%D9%8A
http://www.wikidata.org/entity/Q102350	ar	بيطوم		Q515	city	80	https://ar.wikipedia.org/wiki/%D8%A8%D9%8A%D8%B7%D9%88%D9%85
http://www.wikidata.org/entity/Q102397	ar	ميشكولتس		Q515	city	108	https://ar.wikipedia.org/wiki/%D9%85%D9%8A%D8%B4%D9%83%D9%88%D9%84%D8%AA%D8%B3
http://www.wikidata.org/entity/Q1023991	ar	كومال		Q9143	programming language	13	https://ar.wikipedia.org/wiki/%D9%83%D9%88%D9%85%D8%A7%D9%84_(%D9%84%D8%BA%D8%A9_%D8%A8%D8%B1%D9%85%D8%AC%D8%A9)
http://www.wikidata.org/entity/Q102438	ar	هاري بوتر وحجر الفيلسوف	فيلم أُصدر سنة 2001، من إخراج كريس كولومبوس	Q11424	film	99	https://ar.wikipedia.org/wiki/%D9%87%D8%A7%D8%B1%D9%8A_%D8%A8%D9%88%D8%AA%D8%B1_%D9%88%D8%AD%D8%AC%D8%B1_%D8%A7%D9%84%D9%81%D9%8A%D9%84%D8%B3%D9%88%D9%81_(%D9%81%D9%84%D9%85)
http://www.wikidata.org/entity/Q102448	ar	هاري بوتر وسجين أزكابان	فيلم أُصدر سنة 2004، من إخراج ألفونسو كوارون	Q11424	film	90	https://ar.wikipedia.org/wiki/%D9%87%D8%A7%D8%B1%D9%8A_%D8%A8%D9%88%D8%AA%D8%B1_%D9%88%D8%B3%D8%AC%D9%8A%D9%86_%D8%A3%D8%B2%D9%83%D8%A7%D8%A8%D8%A7%D9%86_(%D9%81%D9%84%D9%85)
http://www.wikidata.org/entity/Q102469	ar	أبازا		Q515	city	53	https://ar.wikipedia.org/wiki/%D8%A3%D8%A8%D8%A7%D8%B2%D8%A7_(%D8%AE%D9%82%D8%A7%D8%B3%D9%8A%D8%A7)
http://www.wikidata.org/entity/Q1025	ar	موريتانيا	دولة عربية في شمال غرب أفريقيا	Q6256	country	303	https://ar.wikipedia.org/wiki/%D9%85%D9%88%D8%B1%D9%8A%D8%AA%D8%A7%D9%86%D9%8A%D8%A7
http://www.wikidata.org/entity/Q102682	ar	أبدولينو		Q515	city	51	https://ar.wikipedia.org/wiki/%D8%A3%D8%A8%D8%AF%D9%88%D9%84%D9%8A%D9%86%D9%88
http://www.wikidata.org/entity/Q1027	ar	موريشيوس	دولة جزرية في المحيط الهندي و شرق أفريقيا	Q6256	country	281	https://ar.wikipedia.org/wiki/%D9%85%D9%88%D8%B1%D9%8A%D8%B4%D9%8A%D9%88%D8%B3
http://www.wikidata.org/entity/Q102737	ar	أغيديل	مدينة روسية في الكيان الفدرالي الروسي باشكورستان.	Q515	city	62	https://ar.wikipedia.org/wiki/%D8%A3%D8%BA%D9%8A%D8%AF%D9%8A%D9%84
http://www.wikidata.org/entity/Q1028	ar	المغرب	دولة في شمال إفريقيا	Q6256	country	330	https://ar.wikipedia.org/wiki/%D8%A7%D9%84%D9%85%D8%BA%D8%B1%D8%A8
http://www.wikidata.org/entity/Q1029	ar	موزمبيق	دولة في جنوب شرق أفريقيا	Q6256	country	302	https://ar.wikipedia.org/wiki/%D9%85%D9%88%D8%B2%D9%85%D8%A8%D9%8A%D9%82
http://www.wikidata.org/entity/Q1030	ar	ناميبيا	دولة في جنوب غرب أفريقيا	Q6256	country	315	https://ar.wikipedia.org/wiki/%D9%86%D8%A7%D9%85%D9%8A%D8%A8%D9%8A%D8%A7
http://www.wikidata.org/entity/Q103011	ar	قورنثوس	بلدة ساحلية في بيلوبونيز ، اليونان	Q515	city	96	https://ar.wikipedia.org/wiki/%D9%82%D9%88%D8%B1%D9%86%D8%AB%D9%88%D8%B3
http://www.wikidata.org/entity/Q1031803	ar	جامعة روما تور فيرغاتا	جامعة في روما، إيطاليا	Q3918	university	25	https://ar.wikipedia.org/wiki/%D8%AC%D8%A7%D9%85%D8%B9%D8%A9_%D8%B1%D9%88%D9%85%D8%A7_%D8%AA%D9%88%D8%B1_%D9%81%D9%8A%D8%B1%D8%BA%D8%A7%D8%AA%D8%A7
http://www.wikidata.org/entity/Q1032	ar	النيجر	دولة في غرب أفريقيا	Q6256	country	302	https://ar.wikipedia.org/wiki/%D8%A7%D9%84%D9%86%D9%8A%D8%AC%D8%B1
http://www.wikidata.org/entity/Q1032453	ar	اللغة الحضرمية	لغة عربية جنوبية قديمة	Q34770	language	9	https://ar.wikipedia.org/wiki/%D8%A7%D9%84%D9%84%D8%BA%D8%A9_%D8%A7%D9%84%D8%AD%D8%B6%D8%B1%D9%85%D9%8A%D8%A9
http://www.wikidata.org/entity/Q1033	ar	نيجيريا	دولة في غرب إفريقيا	Q6256	country	349	https://ar.wikipedia.org/wiki/%D9%86%D9%8A%D8%AC%D9%8A%D8%B1%D9%8A%D8%A7
http://www.wikidata.org/entity/Q103474	ar	2001: ملحمة الفضاء	فيلم أُصدر سنة 1968، من إخراج ستانلي كوبريك	Q11424	film	90	https://ar.wikipedia.org/wiki/2001:_%D9%85%D9%84%D8%AD%D9%85%D8%A9_%D8%A7%D9%84%D9%81%D8%B6%D8%A7%D8%A1_(%D9%81%D9%84%D9%85)
http://www.wikidata.org/entity/Q103569	ar	فضائي	فيلم أُصدر سنة 1979، من إخراج ريدلي سكوت	Q11424	film	83	https://ar.wikipedia.org/wiki/%D9%81%D8%B6%D8%A7%D8%A6%D9%8A_(%D9%81%D9%84%D9%85)
http://www.wikidata.org/entity/Q1036	ar	أوغندا	دولة في شرق أفريقيا	Q6256	country	312	https://ar.wikipedia.org/wiki/%D8%A3%D9%88%D8%BA%D9%86%D8%AF%D8%A7
http://www.wikidata.org/entity/Q1037	ar	رواندا	دولة في شرق أفريقيا	Q6256	country	301	https://ar.wikipedia.org/wiki/%D8%B1%D9%88%D8%A7%D9%86%D8%AF%D8%A7
http://www.wikidata.org/entity/Q103717	ar	روفانييمي	بلدية في فنلندا	Q515	city	110	https://ar.wikipedia.org/wiki/%D8%B1%D9%88%D9%81%D8%A7%D9%86%D9%8A%D9%8A%D9%85%D9%8A
http://www.wikidata.org/entity/Q103725	ar	هافنارفيوردور		Q515	city	84	https://ar.wikipedia.org/wiki/%D9%87%D8%A7%D9%81%D9%86%D8%A7%D8%B1%D9%81%D9%8A%D9%88%D8%B1%D8%AF%D9%88%D8%B1
http://www.wikidata.org/entity/Q103892	ar	زابجه		Q515	city	79	https://ar.wikipedia.org/wiki/%D8%B2%D8%A7%D8%A8%D8%AC%D9%87
http://www.wikidata.org/entity/Q1039	ar	ساو تومي وبرينسيب	دولة جزرية في المحيط الأطلسي غرب أفريقيا	Q6256	country	271	https://ar.wikipedia.org/wiki/%D8%B3%D8%A7%D9%88_%D8%AA%D9%88%D9%85%D9%8A_%D9%88%D8%A8%D8%B1%D9%8A%D9%86%D8%B3%D9%8A%D8%A8
http://www.wikidata.org/entity/Q1041	ar	السنغال	دولة في غرب أفريقيا	Q6256	country	304	https://ar.wikipedia.org/wiki/%D8%A7%D9%84%D8%B3%D9%86%D8%BA%D8%A7%D9%84
http://www.wikidata.org/entity/Q104123	ar	خيال رخيص	فيلم أُصدر سنة 1994، من إخراج كوينتن تارانتينو	Q11424	film	107	https://ar.wikipedia.org/wiki/%D8%AE%D9%8A%D8%A7%D9%84_%D8%B1%D8%AE%D9%8A%D8%B5
http://www.wikidata.org/entity/Q1042	ar	سيشل	دولة جزيرية في المحيط الهندي و شرق أفريقيا	Q6256	country	277	https://ar.wikipedia.org/wiki/%D8%B3%D9%8A%D8%B4%D9%84
http://www.wikidata.org/entity/Q1042397	ar	ميسا		Q9143	programming language	11	https://ar.wikipedia.org/wiki/%D9%85%D9%8A%D8%B3%D8%A7_(%D9%84%D8%BA%D8%A9_%D8%A8%D8%B1%D9%85%D8%AC%D8%A9)
http://www.wikidata.org/entity/Q104302	ar	خوجوف		Q515	city	76	https://ar.wikipedia.org/wiki/%D8%AE%D9%88%D8%AC%D9%88%D9%81
http://www.wikidata.org/entity/Q1044	ar	سيراليون	دولة في غرب أفريقيا	Q6256	country	291	https://ar.wikipedia.org/wiki/%D8%B3%D9%8A%D8%B1%D8%A7%D9%84%D9%8A%D9%88%D9%86
http://www.wikidata.org/entity/Q1045	ar	الصومال	دولة في شرق أفريقيا	Q6256	country	322	https://ar.wikipedia.org/wiki/%D8%A7%D9%84%D8%B5%D9%88%D9%85%D8%A7%D9%84
http://www.wikidata.org/entity/Q104712	ar	إلبلنغ	مدينة في بولندا	Q515	city	76	https://ar.wikipedia.org/wiki/%D8%A5%D9%84%D8%A8%D9%84%D9%86%D8%BA
http://www.wikidata.org/entity/Q104720	ar	جلونا غورا		Q515	city	82	https://ar.wikipedia.org/wiki/%D8%AC%D9%84%D9%88%D9%86%D8%A7_%D8%BA%D9%88%D8%B1%D8%A7
http://www.wikidata.org/entity/Q104725	ar	بوتسك	مدينة في بولندا	Q515	city	74	https://ar.wikipedia.org/wiki/%D8%A8%D9%88%D8%AA%D8%B3%D9%83
http://www.wikidata.org/entity/Q1047293	ar	جامعة كاليفورنيا، سانتا كروز	جامعة في سانتا كروز، كاليفورنيا، الولايات المتحدة	Q3918	university	39	https://ar.wikipedia.org/wiki/%D8%AC%D8%A7%D9%85%D8%B9%D8%A9_%D9%83%D8%A7%D9%84%D9%8A%D9%81%D9%88%D8%B1%D9%86%D9%8A%D8%A7_(%D8%B3%D8%A7%D9%86%D8%AA%D8%A7_%D9%83%D8%B1%D9%88%D8%B2)
http://www.wikidata.org/entity/Q104731	ar	غورجوف ويلكوبولسكي		Q515	city	79	https://ar.wikipedia.org/wiki/%D8%BA%D9%88%D8%B1%D8%AC%D9%88%D9%81_%D9%88%D9%8A%D9%84%D9%83%D9%88%D8%A8%D9%88%D9%84%D8%B3%D9%83%D9%8A
http://www.wikidata.org/entity/Q104740	ar	رادوم		Q515	city	81	https://ar.wikipedia.org/wiki/%D8%B1%D8%A7%D8%AF%D9%88%D9%85
http://www.wikidata.org/entity/Q1049	ar	السودان	دولة عربية تقع في شمال شرق إفريقيا	Q6256	country	332	https://ar.wikipedia.org/wiki/%D8%A7%D9%84%D8%B3%D9%88%D8%AF%D8%A7%D9%86
http://www.wikidata.org/entity/Q1049708	ar	إيه شارب		Q9143	programming language	13	https://ar.wikipedia.org/wiki/%D8%A5%D9%8A%D9%87_%D8%B4%D8%A7%D8%B1%D8%A8
http://www.wikidata.org/entity/Q1050	ar	إسواتيني	دولة في أفريقيا الجنوبية محاطة بدولة جنوب أفريقيا	Q6256	country	286	https://ar.wikipedia.org/wiki/%D8%A5%D8%B3%D9%88%D8%A7%D8%AA%D9%8A%D9%86%D9%8A
http://www.wikidata.org/entity/Q105031	ar	وحيد في المنزل	فيلم أُصدر سنة 1990، من إخراج كريس كولومبوس	Q11424	film	82	https://ar.wikipedia.org/wiki/%D9%88%D8%AD%D9%8A%D8%AF_%D9%81%D9%8A_%D8%A7%D9%84%D9%85%D9%86%D8%B2%D9%84
http://www.wikidata.org/entity/Q105037	ar	كاياو		Q515	city	76	https://ar.wikipedia.org/wiki/%D9%83%D8%A7%D9%8A%D8%A7%D9%88
http://www.wikidata.org/entity/Q105048	ar	سووبسك		Q515	city	71	https://ar.wikipedia.org/wiki/%D8%B3%D9%88%D9%88%D8%A8%D8%B3%D9%83
http://www.wikidata.org/entity/Q105060	ar	سوسنوفييتس	مدينة في بولندا	Q515	city	87	https://ar.wikipedia.org/wiki/%D8%B3%D9%88%D8%B3%D9%86%D9%88%D9%81%D9%8A%D9%8A%D8%AA%D8%B3
http://www.wikidata.org/entity/Q105084	ar	غليفيتسه	مدينة في جنوب بولندا	Q515	city	85	https://ar.wikipedia.org/wiki/%D8%BA%D9%84%D9%8A%D9%81%D9%8A%D8%AA%D8%B3%D9%87
http://www.wikidata.org/entity/Q1052614	ar	جامعة يوتا الحكومية	جامعة في يوتا، الولايات المتحدة	Q3918	university	27	https://ar.wikipedia.org/wiki/%D8%AC%D8%A7%D9%85%D8%B9%D8%A9_%D9%8A%D9%88%D8%AA%D8%A7_%D8%A7%D9%84%D8%AD%D9%83%D9%88%D9%85%D9%8A%D8%A9
http://www.wikidata.org/entity/Q1053535	ar	بروسيسنج	لغة برمجة مفتوحة المصدر	Q9143	programming language	32	https://ar.wikipedia.org/wiki/%D8%A8%D8%B1%D9%88%D8%B3%D9%8A%D8%B3%D9%86%D8%AC
http://www.wikidata.org/entity/Q1056057	ar	كويك بيزك		Q9143	programming language	21	https://ar.wikipedia.org/wiki/%D9%83%D9%88%D9%8A%D9%83_%D8%A8%D9%8A%D8%B2%D9%83
http://www.wikidata.org/entity/Q1056373	ar	جامعة غالوديت	جامعة في واشنطن، الولايات المتحدة	Q3918	university	32	https://ar.wikipedia.org/wiki/%D8%AC%D8%A7%D9%85%D8%B9%D8%A9_%D8%BA%D8%A7%D9%84%D9%88%D8%AF%D9%8A%D8%AA
http://www.wikidata.org/entity/Q1057199	ar	جامعة هوكايدو	جامعة في هاكوداته، هوكايدو، اليابان	Q3918	university	35	https://ar.wikipedia.org/wiki/%D8%AC%D8%A7%D9%85%D8%B9%D8%A9_%D9%87%D9%88%D9%83%D8%A7%D9%8A%D8%AF%D9%88
http://www.wikidata.org/entity/Q1057802	ar	اي بي سي		Q9143	programming language	33	https://ar.wikipedia.org/wiki/%D8%A3%D9%8A%D9%87_%D8%A8%D9%8A_%D8%B3%D9%8A_(%D9%84%D8%BA%D8%A9_%D8%A8%D8%B1%D9%85%D8%AC%D8%A9)
http://www.wikidata.org/entity/Q1057898	ar	لغة إميليانو		Q34770	language	28	https://ar.wikipedia.org/wiki/%D9%84%D8%BA%D8%A9_%D8%A5%D9%85%D9%8A%D9%84%D9%8A%D8%A7%D9%86%D9%88
http://www.wikidata.org/entity/Q1062121	ar	جامعة جنوب المحيط الهادئ	جامعة في توفالو	Q3918	university	30	
http://www.wikidata.org/entity/Q106274	ar	لغنيتسا	مدينة في بولندا	Q515	city	72	https://ar.wikipedia.org/wiki/%D9%84%D8%BA%D9%86%D9%8A%D8%AA%D8%B3%D8%A7
http://www.wikidata.org/entity/Q106316	ar	جمعية الشعراء الموتى	فيلم أمريكي صدر سنة 1989	Q11424	film	85	https://ar.wikipedia.org/wiki/%D8%AC%D9%85%D8%B9%D9%8A%D8%A9_%D8%A7%D9%84%D8%B4%D8%B9%D8%B1%D8%A7%D8%A1_%D8%A7%D9%84%D9%85%D9%88%D8%AA%D9%89
http://www.wikidata.org/entity/Q1063665	ar	جامعة الاقتصاد في براغ	جامعة في التشيك	Q3918	university	24	https://ar.wikipedia.org/wiki/%D8%AC%D8%A7%D9%85%D8%B9%D8%A9_%D8%A7%D9%84%D8%A7%D9%82%D8%AA%D8%B5%D8%A7%D8%AF_%D9%81%D9%8A_%D8%A8%D8%B1%D8%A7%D8%BA
http://www.wikidata.org/entity/Q1064516	ar	سي شيل		Q9143	programming language	23	https://ar.wikipedia.org/wiki/%D8%B3%D9%8A_%D8%B4%D9%8A%D9%84
http://www.wikidata.org/entity/Q1064573	ar	جامعة الخزر	جامعة في باكو، أذربيجان	Q3918	university	22	https://ar.wikipedia.org/wiki/%D8%AC%D8%A7%D9%85%D8%B9%D8%A9_%D8%A7%D9%84%D8%AE%D8%B2%D8%B1
http://www.wikidata.org/entity/Q1065414	ar	الجامعة الحرة بأمستردام	جامعة في هولندا	Q3918	university	37	https://ar.wikipedia.org/wiki/%D8%A7%D9%84%D8%AC%D8%A7%D9%85%D8%B9%D8%A9_%D8%A7%D9%84%D8%AD%D8%B1%D8%A9_%D8%A8%D8%A3%D9%85%D8%B3%D8%AA%D8%B1%D8%AF%D8%A7%D9%85
http://www.wikidata.org/entity/Q106583	ar	بييلسكو-بياوا	مدينة في بولندا	Q515	city	78	https://ar.wikipedia.org/wiki/%D8%A8%D9%8A%D9%8A%D9%84%D8%B3%D9%83%D9%88-%D8%A8%D9%8A%D8%A7%D9%88%D8%A7
http://www.wikidata.org/entity/Q1067540	ar	شارم++	لغة برمجة كائنية التوجه	Q9143	programming language	10	https://ar.wikipedia.org/wiki/%D8%B4%D8%A7%D8%B1%D9%85%2B%2B
http://www.wikidata.org/entity/Q1067986	ar	لغة الخزر		Q34770	language	39	https://ar.wikipedia.org/wiki/%D9%84%D8%BA%D8%A9_%D8%A7%D9%84%D8%AE%D8%B2%D8%B1
http://www.wikidata.org/entity/Q10686	ar	بلفاست	عاصمة أيرلندا الشمالية	Q515	city	161	https://ar.wikipedia.org/wiki/%D8%A8%D9%84%D9%81%D8%A7%D8%B3%D8%AA
http://www.wikidata.org/entity/Q106896	ar	اسافيوردور		Q515	city	68	https://ar.wikipedia.org/wiki/%D8%A7%D8%B3%D8%A7%D9%81%D9%8A%D9%88%D8%B1%D8%AF%D9%88%D8%B1
http://www.wikidata.org/entity/Q10690	ar	كارديف	عاصمة بلاد غالة في المملكة المتحدة	Q515	city	161	https://ar.wikipedia.org/wiki/%D9%83%D8%A7%D8%B1%D8%AF%D9%8A%D9%81
http://www.wikidata.org/entity/Q1069994	ar	جامعة طوكيو للعلوم	جامعة في شينجوكو، طوكيو، اليابان	Q3918	university	23	https://ar.wikipedia.org/wiki/%D8%AC%D8%A7%D9%85%D8%B9%D8%A9_%D8%B7%D9%88%D9%83%D9%8A%D9%88_%D9%84%D9%84%D8%B9%D9%84%D9%88%D9%85
http://www.wikidata.org/entity/Q1070391	ar	اللغة السبئية	لغة سامية عربية جنوبية قديمة	Q34770	language	28	https://ar.wikipedia.org/wiki/%D8%A7%D9%84%D9%84%D8%BA%D8%A9_%D8%A7%D9%84%D8%B3%D8%A8%D8%A6%D9%8A%D8%A9
http://www.wikidata.org/entity/Q107094	ar	ريبنيك		Q515	city	70	https://ar.wikipedia.org/wiki/%D8%B1%D9%8A%D8%A8%D9%86%D9%8A%D9%83
http://www.wikidata.org/entity/Q107106	ar	يزتشمبية ازدرويي	مدينة في بولندا	Q515	city	63	https://ar.wikipedia.org/wiki/%D9%8A%D8%B2%D8%AA%D8%B4%D9%85%D8%A8%D9%8A%D8%A9_%D8%A7%D8%B2%D8%AF%D8%B1%D9%88%D9%8A%D9%8A
http://www.wikidata.org/entity/Q10713	ar	اللغة اللوية		Q34770	language	54	https://ar.wikipedia.org/wiki/%D8%A7%D9%84%D9%84%D8%BA%D8%A9_%D8%A7%D9%84%D9%84%D9%88%D9%8A%D8%A9
http://www.wikidata.org/entity/Q10717	ar	جورج تاون	عاصمة غيانا	Q515	city	144	https://ar.wikipedia.org/wiki/%D8%AC%D9%88%D8%B1%D8%AC_%D8%AA%D8%A7%D9%88%D9%86
http://www.wikidata.org/entity/Q1072029	ar	جامعة ويلز	جامعة في كارديف، المملكة المتحدة	Q3918	university	25	https://ar.wikipedia.org/wiki/%D8%AC%D8%A7%D9%85%D8%B9%D8%A9_%D9%88%D9%8A%D9%84%D8%B2
http://www.wikidata.org/entity/Q107258515	ar	الدولة البهلوية	مملكة سابقة في غرب آسيا (1925 - 1979)	Q6256	country	41	https://ar.wikipedia.org/wiki/%D8%A7%D9%84%D8%AF%D9%88%D9%84%D8%A9_%D8%A7%D9%84%D8%A8%D9%87%D9%84%D9%88%D9%8A%D8%A9
http://www.wikidata.org/entity/Q107398	ar	أكرانيس	مدينة على الساحل الغربي لأيسلندا على بعد 20 كم شمال عاصمة ريكيافيك	Q515	city	66	https://ar.wikipedia.org/wiki/%D8%A3%D9%83%D8%B1%D8%A7%D9%86%D9%8A%D8%B3
http://www.wikidata.org/entity/Q107401	ar	سيواس	عاصمة محافظة سيواس	Q515	city	90	https://ar.wikipedia.org/wiki/%D8%B3%D9%8A%D9%88%D8%A7%D8%B3
http://www.wikidata.org/entity/Q1074103	ar	جامعة العلوم والتكنولوجيا في الصين	جامعة في خفي، الصين	Q3918	university	30	https://ar.wikipedia.org/wiki/%D8%AC%D8%A7%D9%85%D8%B9%D8%A9_%D8%A7%D9%84%D8%B9%D9%84%D9%88%D9%85_%D9%88%D8%A7%D9%84%D8%AA%D9%83%D9%86%D9%88%D9%84%D9%88%D8%AC%D9%8A%D8%A7_%D9%81%D9%8A_%D8%A7%D9%84%D8%B5%D9%8A%D9%86
http://www.wikidata.org/entity/Q107548681	ar	لهجة نواخالوية		Q34770	language	6	
http://www.wikidata.org/entity/Q107582	ar	سسيس	منطقة مأهولة في لاتفيا	Q515	city	60	https://ar.wikipedia.org/wiki/%D8%B3%D8%B3%D9%8A%D8%B3
http://www.wikidata.org/entity/Q1076606	ar	جامعة واغادوغو	جامعة في واغادوغو، بوركينا فاسو	Q3918	university	20	https://ar.wikipedia.org/wiki/%D8%AC%D8%A7%D9%85%D8%B9%D8%A9_%D9%88%D8%A7%D8%BA%D8%A7%D8%AF%D9%88%D8%BA%D9%88
http://www.wikidata.org/entity/Q108155	ar	قندوز	مستوطنة في أفغانستان	Q515	city	78	https://ar.wikipedia.org/wiki/%D9%82%D9%86%D8%AF%D9%88%D8%B2
http://www.wikidata.org/entity/Q108223	ar	مدينة بليز		Q515	city	89	https://ar.wikipedia.org/wiki/%D9%85%D8%AF%D9%8A%D9%86%D8%A9_%D8%A8%D9%84%D9%8A%D8%B2
http://www.wikidata.org/entity/Q1083	ar	سلرنو	كومونا	Q515	city	109	https://ar.wikipedia.org/wiki/%D8%B3%D9%84%D8%B1%D9%86%D9%88
http://www.wikidata.org/entity/Q108672	ar	دابروفا غورنيزا	مدينة في بولندا	Q515	city	69	https://ar.wikipedia.org/wiki/%D8%AF%D8%A7%D8%A8%D8%B1%D9%88%D9%81%D8%A7_%D8%BA%D9%88%D8%B1%D9%86%D9%8A%D8%B2%D8%A7
http://www.wikidata.org/entity/Q108679	ar	رودا شلاسكا		Q515	city	69	https://ar.wikipedia.org/wiki/%D8%B1%D9%88%D8%AF%D8%A7_%D8%B4%D9%84%D8%A7%D8%B3%D9%83%D8%A7
http://www.wikidata.org/entity/Q108839994	ar	أوبنهايمر	فيلم أُصدر سنة 2023، من إخراج كريستوفر نولان	Q11424	film	80	https://ar.wikipedia.org/wiki/%D8%A3%D9%88%D8%A8%D9%86%D9%87%D8%A7%D9%8A%D9%85%D8%B1_(%D9%81%D9%84%D9%85)
http://www.wikidata.org/entity/Q109092	ar	كيلكيني	بلدة في مقاطعة كيلكيني، جمهورية أيرلندا	Q515	city	64	https://ar.wikipedia.org/wiki/%D9%83%D9%8A%D9%84%D9%83%D9%8A%D9%86%D9%8A_(%D8%A3%D9%8A%D8%B1%D9%84%D9%86%D8%AF%D8%A7)
http://www.wikidata.org/entity/Q1091095	ar	لغة واريكينا		Q34770	language	12	https://ar.wikipedia.org/wiki/%D9%84%D8%BA%D8%A9_%D9%88%D8%A7%D8%B1%D9%8A%D9%83%D9%8A%D9%86%D8%A7
http://www.wikidata.org/entity/Q109116	ar	الدكتاتور العظيم	فيلم أُصدر سنة 1940، من إخراج تشارلي تشابلن	Q11424	film	81	https://ar.wikipedia.org/wiki/%D8%A7%D9%84%D8%AF%D9%83%D8%AA%D8%A7%D8%AA%D9%88%D8%B1_%D8%A7%D9%84%D8%B9%D8%B8%D9%8A%D9%85
http://www.wikidata.org/entity/Q109256570	ar	لغة الكوردالي		Q34770	language	7	https://ar.wikipedia.org/wiki/%D9%84%D8%BA%D8%A9_%D8%A7%D9%84%D9%83%D9%88%D8%B1%D8%AF%D8%A7%D9%84%D9%8A
http://www.wikidata.org/entity/Q109386	ar	نامبو	رابع أكبر مدينة من حيث عدد السكان في  كوريا الشمالية	Q515	city	65	https://ar.wikipedia.org/wiki/%D9%86%D8%A7%D9%85%D8%A8%D9%88_(%D9%85%D8%AF%D9%8A%D9%86%D8%A9_%D8%AE%D8%A7%D8%B5%D8%A9)
http://www.wikidata.org/entity/Q1094046	ar	جامعة سيتي لندن	جامعة في إزلنغتون، المملكة المتحدة	Q3918	university	31	https://ar.wikipedia.org/wiki/%D8%AC%D8%A7%D9%85%D8%B9%D8%A9_%D8%B3%D9%8A%D8%AA%D9%8A_%D9%84%D9%86%D8%AF%D9%86
http://www.wikidata.org/entity/Q1094742	ar	جامعة سندرلاند	جامعة في سندرلاند، المملكة المتحدة	Q3918	university	20	https://ar.wikipedia.org/wiki/%D8%AC%D8%A7%D9%85%D8%B9%D8%A9_%D8%B3%D9%86%D8%AF%D8%B1%D9%84%D8%A7%D9%86%D8%AF
http://www.wikidata.org/entity/Q109535	ar	زوتفن		Q515	city	65	https://ar.wikipedia.org/wiki/%D8%B2%D9%88%D8%AA%D9%81%D9%86_(%D9%87%D9%88%D9%84%D9%86%D8%AF%D8%A7)
http://www.wikidata.org/entity/Q110011	ar	كووبجك		Q515	city	68	https://ar.wikipedia.org/wiki/%D9%83%D9%88%D9%88%D8%A8%D8%AC%D9%83
http://www.wikidata.org/entity/Q11003859	ar	باقرمي فيلفيلد	لغة	Q34770	language	4	
http://www.wikidata.org/entity/Q110218	ar	موانزا		Q515	city	67	https://ar.wikipedia.org/wiki/%D9%85%D9%88%D8%A7%D9%86%D8%B2%D8%A7
http://www.wikidata.org/entity/Q1106819	ar	كافي سكريبت	لغة برمجة حاسوبية	Q9143	programming language	24	https://ar.wikipedia.org/wiki/%D9%83%D8%A7%D9%81%D9%8A_%D8%B3%D9%83%D8%B1%D9%8A%D8%A8%D8%AA
http://www.wikidata.org/entity/Q110732	ar	واوب جيخ		Q515	city	70	https://ar.wikipedia.org/wiki/%D9%88%D8%A7%D9%88%D8%A8_%D8%AC%D9%8A%D8%AE
http://www.wikidata.org/entity/Q110812703	ar	اللغة التركية العجمية	لغة يستخدمه التركمان	Q34770	language	14	https://ar.wikipedia.org/wiki/%D8%A7%D9%84%D9%84%D8%BA%D8%A9_%D8%A7%D9%84%D8%AA%D8%B1%D9%83%D9%8A%D8%A9_%D8%A7%D9%84%D8%B9%D8%AC%D9%85%D9%8A%D8%A9
http://www.wikidata.org/entity/Q1113311	ar	بيشاور	مدينة في شمال غرب باكستان	Q515	city	106	https://ar.wikipedia.org/wiki/%D8%A8%D9%8A%D8%B4%D8%A7%D9%88%D8%B1
http://www.wikidata.org/entity/Q1115878	ar	جامعة ريتشموند	جامعة أمريكية	Q3918	university	20	https://ar.wikipedia.org/wiki/%D8%AC%D8%A7%D9%85%D8%B9%D8%A9_%D8%B1%D9%8A%D8%AA%D8%B4%D9%85%D9%88%D9%86%D8%AF
http://www.wikidata.org/entity/Q11194	ar	سراييفو	عاصمة البوسنة والهرسك	Q515	city	215	https://ar.wikipedia.org/wiki/%D8%B3%D8%B1%D8%A7%D9%8A%D9%8A%D9%81%D9%88
http://www.wikidata.org/entity/Q1121983	ar	جامعة جرينلاند	جامعة في سيرمرسوك، جرينلاند	Q3918	university	38	https://ar.wikipedia.org/wiki/%D8%AC%D8%A7%D9%85%D8%B9%D8%A9_%D8%AC%D8%B1%D9%8A%D9%86%D9%84%D8%A7%D9%86%D8%AF
http://www.wikidata.org/entity/Q1122171	ar	جامعة برنو للتكنولوجيا	جامعة في التشيك	Q3918	university	23	https://ar.wikipedia.org/wiki/%D8%AC%D8%A7%D9%85%D8%B9%D8%A9_%D8%A8%D8%B1%D9%86%D9%88_%D9%84%D9%84%D8%AA%D9%83%D9%86%D9%88%D9%84%D9%88%D8%AC%D9%8A%D8%A7
http://www.wikidata.org/entity/Q1122188	ar	إرومنتشيلا	لغة	Q34770	language	18	
http://www.wikidata.org/entity/Q112657	ar	بيخا	مدينة في قوصوة	Q515	city	54	https://ar.wikipedia.org/wiki/%D8%A8%D9%8A%D8%AE%D8%A7
http://www.wikidata.org/entity/Q1129925	ar	الجامعة البابوية الكاثوليكية في تشيلي	جامعة في تشيلي	Q3918	university	36	https://ar.wikipedia.org/wiki/%D8%A7%D9%84%D8%AC%D8%A7%D9%85%D8%B9%D8%A9_%D8%A7%D9%84%D8%A8%D8%A7%D8%A8%D9%88%D9%8A%D8%A9_%D8%A7%D9%84%D9%83%D8%A7%D8%AB%D9%88%D9%84%D9%8A%D9%83%D9%8A%D8%A9_%D9%81%D9%8A_%D8%AA%D8%B4%D9%8A%D9%84%D9%8A
http://www.wikidata.org/entity/Q1133013	ar	الجامعة الوطنية (أكاديمية كييف موهيلا)	جامعة في كييف، أوكرانيا	Q3918	university	35	https://ar.wikipedia.org/wiki/%D8%A7%D9%84%D8%AC%D8%A7%D9%85%D8%B9%D8%A9_%D8%A7%D9%84%D9%88%D8%B7%D9%86%D9%8A%D8%A9_(%D8%A3%D9%83%D8%A7%D8%AF%D9%8A%D9%85%D9%8A%D8%A9_%D9%83%D9%8A%D9%8A%D9%81_%D9%85%D9%88%D9%87%D9%8A%D9%84%D8%A7)
http://www.wikidata.org/entity/Q1133580	ar	ماثكاد	برنامج حاسوب	Q9143	programming language	25	https://ar.wikipedia.org/wiki/%D9%85%D8%A7%D8%AB%D9%83%D8%A7%D8%AF
http://www.wikidata.org/entity/Q1134292	ar	جامعة آيسلندا للفنون	جامعة في ريكيافيك، آيسلندا	Q3918	university	20	https://ar.wikipedia.org/wiki/%D8%AC%D8%A7%D9%85%D8%B9%D8%A9_%D8%A2%D9%8A%D8%B3%D9%84%D9%86%D8%AF%D8%A7_%D9%84%D9%84%D9%81%D9%86%D9%88%D9%86
http://www.wikidata.org/entity/Q1134454	ar	سانتا آنا دي كورو		Q515	city	56	https://ar.wikipedia.org/wiki/%D8%B3%D8%A7%D9%86%D8%AA%D8%A7_%D8%A2%D9%86%D8%A7_%D8%AF%D9%8A_%D9%83%D9%88%D8%B1%D9%88
http://www.wikidata.org/entity/Q1134606	ar	جامعة ماسي	جامعة في ماناواتو - وانجانوي، نيوزيلندا	Q3918	university	25	https://ar.wikipedia.org/wiki/%D8%AC%D8%A7%D9%85%D8%B9%D8%A9_%D9%85%D8%A7%D8%B3%D9%8A
http://www.wikidata.org/entity/Q1136189	ar	داربهانجا	مستوطنة بشرية	Q515	city	56	https://ar.wikipedia.org/wiki/%D8%AF%D8%A7%D8%B1%D8%A8%D9%87%D8%A7%D9%86%D8%AC%D8%A7
http://www.wikidata.org/entity/Q1137652	ar	جامعة ماسترخت	جامعة في ماستريخت، هولندا	Q3918	university	43	https://ar.wikipedia.org/wiki/%D8%AC%D8%A7%D9%85%D8%B9%D8%A9_%D9%85%D8%A7%D8%B3%D8%AA%D8%B1%D8%AE%D8%AA
http://www.wikidata.org/entity/Q1138080	ar	جامعة كوفنتري	جامعة في كوفنتري، المملكة المتحدة	Q3918	university	27	https://ar.wikipedia.org/wiki/%D8%AC%D8%A7%D9%85%D8%B9%D8%A9_%D9%83%D9%88%D9%81%D9%86%D8%AA%D8%B1%D9%8A
http://www.wikidata.org/entity/Q114	ar	كينيا	دولة في شرق أفريقيا	Q6256	country	334	https://ar.wikipedia.org/wiki/%D9%83%D9%8A%D9%86%D9%8A%D8%A7
http://www.wikidata.org/entity/Q1140136	ar	سيوداد دي لا باز	منطقة حضرية في غينيا الاستوائية	Q515	city	64	https://ar.wikipedia.org/wiki/%D8%B3%D9%8A%D9%88%D8%AF%D8%A7%D8%AF_%D8%AF%D9%8A_%D9%84%D8%A7_%D8%A8%D8%A7%D8%B2
http://www.wikidata.org/entity/Q1141484	ar	ويب	لغة برمجة	Q9143	programming language	15	
http://www.wikidata.org/entity/Q114257	ar	إيلبصان	مدينة ألبانية	Q515	city	122	https://ar.wikipedia.org/wiki/%D8%A5%D9%8A%D9%84%D8%A8%D8%B5%D8%A7%D9%86
http://www.wikidata.org/entity/Q1142924	ar	جامعة ملايا	جامعة بحوث رسمية تقع في كوالالمبور عاصمة ماليزيا	Q3918	university	42	https://ar.wikipedia.org/wiki/%D8%AC%D8%A7%D9%85%D8%B9%D8%A9_%D9%85%D9%84%D8%A7%D9%8A%D8%A7
http://www.wikidata.org/entity/Q1144000	ar	الجامعة الشيوعية لكادحي الشرق	مدرسة تدريب ثوري سابقة لقادة العمل الشيوعي	Q3918	university	27	https://ar.wikipedia.org/wiki/%D8%A7%D9%84%D8%AC%D8%A7%D9%85%D8%B9%D8%A9_%D8%A7%D9%84%D8%B4%D9%8A%D9%88%D8%B9%D9%8A%D8%A9_%D9%84%D9%83%D8%A7%D8%AF%D8%AD%D9%8A_%D8%A7%D9%84%D8%B4%D8%B1%D9%82
http://www.wikidata.org/entity/Q1144565	ar	جامعة أوميو	جامعة في أوميو، السويد	Q3918	university	42	https://ar.wikipedia.org/wiki/%D8%AC%D8%A7%D9%85%D8%B9%D8%A9_%D8%A3%D9%88%D9%85%D9%8A%D9%88
http://www.wikidata.org/entity/Q1144673	ar	الأكاديمية الملكية للموسيقى	اقدم مؤسسة موسيقية للتعليم العالي في بريطانيا	Q3918	university	35	https://ar.wikipedia.org/wiki/%D8%A7%D9%84%D8%A3%D9%83%D8%A7%D8%AF%D9%8A%D9%85%D9%8A%D8%A9_%D8%A7%D9%84%D9%85%D9%84%D9%83%D9%8A%D8%A9_%D9%84%D9%84%D9%85%D9%88%D8%B3%D9%8A%D9%82%D9%89
http://www.wikidata.org/entity/Q1144682	ar	جامعة بكين للدراسات الأجنبية	جامعة في بكين، الصين	Q3918	university	31	https://ar.wikipedia.org/wiki/%D8%AC%D8%A7%D9%85%D8%B9%D8%A9_%D8%A8%D9%83%D9%8A%D9%86_%D9%84%D9%84%D8%AF%D8%B1%D8%A7%D8%B3%D8%A7%D8%AA_%D8%A7%D9%84%D8%A3%D8%AC%D9%86%D8%A8%D9%8A%D8%A9
http://www.wikidata.org/entity/Q1145306	ar	جامعة كلكتا		Q3918	university	66	https://ar.wikipedia.org/wiki/%D8%AC%D8%A7%D9%85%D8%B9%D8%A9_%D9%83%D9%84%D9%83%D8%AA%D8%A7
http://www.wikidata.org/entity/Q1145992	ar	جامعة غاجاه مادا		Q3918	university	34	https://ar.wikipedia.org/wiki/%D8%AC%D8%A7%D9%85%D8%B9%D8%A9_%D8%BA%D8%A7%D8%AC%D8%A7%D9%87_%D9%85%D8%A7%D8%AF%D8%A7
http://www.wikidata.org/entity/Q115	ar	إثيوبيا	دولة في شرق إفريقيا	Q6256	country	344	https://ar.wikipedia.org/wiki/%D8%A5%D8%AB%D9%8A%D9%88%D8%A8%D9%8A%D8%A7
http://www.wikidata.org/entity/Q1150105	ar	جامعة تينيسي	حي سكني في نوكسفيل، الولايات المتحدة	Q3918	university	34	https://ar.wikipedia.org/wiki/%D8%AC%D8%A7%D9%85%D8%B9%D8%A9_%D8%AA%D9%8A%D9%86%D9%8A%D8%B3%D9%8A
http://www.wikidata.org/entity/Q1152190	ar	جامعة ريتسوميكان	جامعة خاصة في كيوتو اليابان	Q3918	university	33	https://ar.wikipedia.org/wiki/%D8%AC%D8%A7%D9%85%D8%B9%D8%A9_%D8%B1%D9%8A%D8%AA%D8%B3%D9%88%D9%85%D9%8A%D9%83%D8%A7%D9%86
http://www.wikidata.org/entity/Q115220	ar	جامعة هيروشيما	جامعة في هيروشيما، اليابان	Q3918	university	24	https://ar.wikipedia.org/wiki/%D8%AC%D8%A7%D9%85%D8%B9%D8%A9_%D9%87%D9%8A%D8%B1%D9%88%D8%B4%D9%8A%D9%85%D8%A7
http://www.wikidata.org/entity/Q115256	ar	مدينة تاويون		Q515	city	54	https://ar.wikipedia.org/wiki/%D8%AA%D8%A7%D9%88%D9%8A%D9%88%D9%86_(%D8%AA%D8%A7%D9%8A%D9%88%D8%A7%D9%86)
http://www.wikidata.org/entity/Q115276	ar	بار	بلدة في بلدية بار، الجبل الأسود	Q515	city	64	https://ar.wikipedia.org/wiki/%D8%A8%D8%A7%D8%B1_(%D8%A7%D9%84%D8%AC%D8%A8%D9%84_%D8%A7%D9%84%D8%A3%D8%B3%D9%88%D8%AF)
http://www.wikidata.org/entity/Q1154	ar	جام نجر		Q515	city	66	https://ar.wikipedia.org/wiki/%D8%AC%D8%A7%D9%85_%D9%86%D8%AC%D8%B1
http://www.wikidata.org/entity/Q1156	ar	مومباي	عاصمة ولاية ماهاراشترا ، الهند	Q515	city	225	https://ar.wikipedia.org/wiki/%D9%85%D9%88%D9%85%D8%A8%D8%A7%D9%8A
http://www.wikidata.org/entity/Q1156474	ar	آيكون		Q9143	programming language	19	https://ar.wikipedia.org/wiki/%D8%A2%D9%8A%D9%83%D9%88%D9%86_(%D9%84%D8%BA%D8%A9_%D8%A8%D8%B1%D9%85%D8%AC%D8%A9)
http://www.wikidata.org/entity/Q11568	ar	داروين، الإقليم الشمالي	مدينة أسترالية	Q515	city	131	https://ar.wikipedia.org/wiki/%D8%AF%D8%A7%D8%B1%D9%88%D9%8A%D9%86_(%D8%A7%D9%84%D8%A5%D9%82%D9%84%D9%8A%D9%85_%D8%A7%D9%84%D8%B4%D9%85%D8%A7%D9%84%D9%8A)
http://www.wikidata.org/entity/Q1160312	ar	جيه شارب	لغة برمجة	Q9143	programming language	23	https://ar.wikipedia.org/wiki/%D8%AC%D9%8A%D9%87_%D8%B4%D8%A7%D8%B1%D8%A8
http://www.wikidata.org/entity/Q116044950	ar	العربية البدوية المصرية الغربية		Q34770	language	2	https://ar.wikipedia.org/wiki/%D8%A7%D9%84%D8%B9%D8%B1%D8%A8%D9%8A%D8%A9_%D8%A7%D9%84%D8%A8%D8%AF%D9%88%D9%8A%D8%A9_%D8%A7%D9%84%D9%85%D8%B5%D8%B1%D9%8A%D8%A9_%D8%A7%D9%84%D8%BA%D8%B1%D8%A8%D9%8A%D8%A9
http://www.wikidata.org/entity/Q1163234	ar	لاتينية العصور الوسطى		Q34770	language	32	https://ar.wikipedia.org/wiki/%D9%84%D8%A7%D8%AA%D9%8A%D9%86%D9%8A%D8%A9_%D8%A7%D9%84%D8%B9%D8%B5%D9%88%D8%B1_%D8%A7%D9%84%D9%88%D8%B3%D8%B7%D9%89
http://www.wikidata.org/entity/Q116341	ar	كورتشي		Q515	city	111	https://ar.wikipedia.org/wiki/%D9%83%D9%88%D8%B1%D8%AA%D8%B4%D9%8A
http://www.wikidata.org/entity/Q1165865	ar	جامعة الإمام الحسين	جامعة في طهران، إيران	Q3918	university	22	https://ar.wikipedia.org/wiki/%D8%AC%D8%A7%D9%85%D8%B9%D8%A9_%D8%A7%D9%84%D8%A5%D9%85%D8%A7%D9%85_%D8%A7%D9%84%D8%AD%D8%B3%D9%8A%D9%86
http://www.wikidata.org/entity/Q117	ar	غانا	دولة في غرب أفريقيا	Q6256	country	322	https://ar.wikipedia.org/wiki/%D8%BA%D8%A7%D9%86%D8%A7
http://www.wikidata.org/entity/Q117040	ar	سانتياغو دي كوبا	ثاني أكبر مدينة في كوبا	Q515	city	89	https://ar.wikipedia.org/wiki/%D8%B3%D8%A7%D9%86%D8%AA%D9%8A%D8%A7%D8%BA%D9%88_%D8%AF%D9%8A_%D9%83%D9%88%D8%A8%D8%A7_(%D9%85%D8%AF%D9%8A%D9%86%D8%A9)
http://www.wikidata.org/entity/Q11732220	ar	اليونانية العتيقة		Q34770	language	1	
http://www.wikidata.org/entity/Q11732241	ar	لغة إيكوبي		Q34770	language	8	https://ar.wikipedia.org/wiki/%D9%84%D8%BA%D8%A9_%D8%A5%D9%8A%D9%83%D9%88%D8%A8%D9%8A
http://www.wikidata.org/entity/Q11736	ar	تيانجين	مدينة مهمة ومنطقة إدارية في الصين	Q515	city	155	https://ar.wikipedia.org/wiki/%D8%AA%D9%8A%D8%A7%D9%86%D8%AC%D9%8A%D9%86
http://www.wikidata.org/entity/Q11739	ar	لاهور	إحدى أكبر وأهم مدن باكستان	Q515	city	141	https://ar.wikipedia.org/wiki/%D9%84%D8%A7%D9%87%D9%88%D8%B1
http://www.wikidata.org/entity/Q1179603	ar	جامعة دي بول	جامعة خاصة في شيكاغو، إلينوي	Q3918	university	24	https://ar.wikipedia.org/wiki/%D8%AC%D8%A7%D9%85%D8%B9%D8%A9_%D8%AF%D9%8A_%D8%A8%D9%88%D9%84
http://www.wikidata.org/entity/Q1185127	ar	كريول لويزيانا	لغة	Q34770	language	23	
http://www.wikidata.org/entity/Q11854	ar	راجكوت	منطقة مأهولة في الهند	Q515	city	75	https://ar.wikipedia.org/wiki/%D8%B1%D8%A7%D8%AC%D9%83%D9%88%D8%AA
http://www.wikidata.org/entity/Q11864	ar	جوناغاد	مستوطنة في الهند	Q515	city	59	https://ar.wikipedia.org/wiki/%D8%AC%D9%88%D9%86%D8%A7%D8%BA%D8%A7%D8%AF
http://www.wikidata.org/entity/Q1187271	ar	جامعة هونغ كونغ المتعددة التقنية	جامعة بحثية حكومية في هونج كونج، الصين	Q3918	university	27	https://ar.wikipedia.org/wiki/%D8%AC%D8%A7%D9%85%D8%B9%D8%A9_%D9%87%D9%88%D9%86%D8%BA_%D9%83%D9%88%D9%86%D8%BA_%D8%A7%D9%84%D9%85%D8%AA%D8%B9%D8%AF%D8%AF%D8%A9_%D8%A7%D9%84%D8%AA%D9%82%D9%86%D9%8A%D8%A9
http://www.wikidata.org/entity/Q11874	ar	زفولن	بلدية في سلوفاكيا	Q515	city	66	https://ar.wikipedia.org/wiki/%D8%B2%D9%81%D9%88%D9%84%D9%86
http://www.wikidata.org/entity/Q1187444	ar	جامعة بيتش	جامعة في المجر	Q3918	university	26	https://ar.wikipedia.org/wiki/%D8%AC%D8%A7%D9%85%D8%B9%D8%A9_%D8%A8%D9%8A%D8%AA%D8%B4
http://www.wikidata.org/entity/Q1188786	ar	جامعة كيوشو	جامعة في فوكوكا، فوكوكا، اليابان	Q3918	university	36	https://ar.wikipedia.org/wiki/%D8%AC%D8%A7%D9%85%D8%B9%D8%A9_%D9%83%D9%8A%D9%88%D8%B4%D9%88
http://www.wikidata.org/entity/Q118995	ar	موش	مدينة كردية في تركيا	Q515	city	79	https://ar.wikipedia.org/wiki/%D9%85%D9%88%D8%B4
http://www.wikidata.org/entity/Q1190852	ar	جامعة الجزائر	جامعة جزائرية	Q3918	university	24	https://ar.wikipedia.org/wiki/%D8%AC%D8%A7%D9%85%D8%B9%D8%A9_%D8%A7%D9%84%D8%AC%D8%B2%D8%A7%D8%A6%D8%B1
http://www.wikidata.org/entity/Q11909	ar	فادودارا	منطقة مأهولة في الهند	Q515	city	90	https://ar.wikipedia.org/wiki/%D9%81%D8%A7%D8%AF%D9%88%D8%AF%D8%A7%D8%B1%D8%A7
http://www.wikidata.org/entity/Q11910	ar	غانديناغار		Q515	city	84	https://ar.wikipedia.org/wiki/%D8%BA%D8%A7%D9%86%D8%AF%D9%8A%D9%86%D8%A7%D8%BA%D8%A7%D8%B1
http://www.wikidata.org/entity/Q1191344	ar	جامعة شمال إلينوي	جامعة في الولايات المتحدة الأمريكية	Q3918	university	27	https://ar.wikipedia.org/wiki/%D8%AC%D8%A7%D9%85%D8%B9%D8%A9_%D8%B4%D9%85%D8%A7%D9%84_%D8%A5%D9%84%D9%8A%D9%86%D9%88%D9%8A
http://www.wikidata.org/entity/Q1193547	ar	جامعة تولين	جامعة في الولايات المتحدة	Q3918	university	38	https://ar.wikipedia.org/wiki/%D8%AC%D8%A7%D9%85%D8%B9%D8%A9_%D8%AA%D9%88%D9%84%D9%8A%D9%86
http://www.wikidata.org/entity/Q1194352	ar	توربو سي++	مترجمة لغة برمجة وبيئة تطوير متكاملة	Q9143	programming language	16	https://ar.wikipedia.org/wiki/%D8%AA%D9%88%D8%B1%D8%A8%D9%88_%D8%B3%D9%8A%2B%2B
http://www.wikidata.org/entity/Q11959	ar	لقنت	مدينة تقع جنوب شرق إسبانيا	Q515	city	110	https://ar.wikipedia.org/wiki/%D9%84%D9%82%D9%86%D8%AA
http://www.wikidata.org/entity/Q11977	ar	تيتشي	مدينة في بولندا	Q515	city	77	https://ar.wikipedia.org/wiki/%D8%AA%D9%8A%D8%AA%D8%B4%D9%8A
http://www.wikidata.org/entity/Q11994	ar	ميراندا دي إيبرو		Q515	city	63	https://ar.wikipedia.org/wiki/%D9%85%D9%8A%D8%B1%D8%A7%D9%86%D8%AF%D8%A7_%D8%AF%D9%8A_%D8%A5%D9%8A%D8%A8%D8%B1%D9%88
http://www.wikidata.org/entity/Q1199751	ar	بهاس جاوي		Q34770	language	22	
http://www.wikidata.org/entity/Q1201810	ar	مايكروسوفت بيسيك	المنتج الأساسي لشركة مايكروسوفت	Q9143	programming language	16	
http://www.wikidata.org/entity/Q1202039	ar	كلية رويال هولواي، جامعة لندن	كلية في المملكة المتحدة	Q3918	university	21	https://ar.wikipedia.org/wiki/%D9%83%D9%84%D9%8A%D8%A9_%D8%B1%D9%88%D9%8A%D8%A7%D9%84_%D9%87%D9%88%D9%84%D9%88%D8%A7%D9%8A_(%D8%AC%D8%A7%D9%85%D8%B9%D8%A9_%D9%84%D9%86%D8%AF%D9%86)
http://www.wikidata.org/entity/Q1204300	ar	ستاتا	حزمة برمجية إحصائية	Q9143	programming language	20	
http://www.wikidata.org/entity/Q1206658	ar	جامعة كولورادو	جامعة عامة في ولاية كولورادو الأمريكية	Q3918	university	27	https://ar.wikipedia.org/wiki/%D8%AC%D8%A7%D9%85%D8%B9%D8%A9_%D9%83%D9%88%D9%84%D9%88%D8%B1%D8%A7%D8%AF%D9%88
http://www.wikidata.org/entity/Q1207611	ar	كروو	لغة	Q34770	language	16	
http://www.wikidata.org/entity/Q1208217	ar	أوز (لغة برمجة)		Q9143	programming language	19	
http://www.wikidata.org/entity/Q1209759	ar	خوارزم 60		Q9143	programming language	20	https://ar.wikipedia.org/wiki/%D8%AE%D9%88%D8%A7%D8%B1%D8%B2%D9%85_60
http://www.wikidata.org/entity/Q1218	ar	القدس	مدينة مقدسة بفلسطين	Q515	city	295	https://ar.wikipedia.org/wiki/%D8%A7%D9%84%D9%82%D8%AF%D8%B3
http://www.wikidata.org/entity/Q12191529	ar	إمارة لنجة	آخِرُ كِيَانٍ سِيَاسِيٍّ عَرَبِيٍّ قَائِمٍ عَلَى السَّاحِلِ الشَّرْقِيِّ لِلْخَلِيجِ العَرَبِيِّ	Q6256	country	2	https://ar.wikipedia.org/wiki/%D8%A5%D9%85%D8%A7%D8%B1%D8%A9_%D9%84%D9%86%D8%AC%D8%A9
http://www.wikidata.org/entity/Q122044	ar	لوبانغو	مستوطنة بشرية	Q515	city	61	https://ar.wikipedia.org/wiki/%D9%84%D9%88%D8%A8%D8%A7%D9%86%D8%BA%D9%88
http://www.wikidata.org/entity/Q1223508	ar	أوخريد		Q515	city	90	https://ar.wikipedia.org/wiki/%D8%A3%D9%88%D8%AE%D8%B1%D9%8A%D8%AF
http://www.wikidata.org/entity/Q12237466	ar	لهجة الشوام	لهجة من لهجات سوريا مُتحدَّث بها في مدينة دِمشق	Q34770	language	7	https://ar.wikipedia.org/wiki/%D9%84%D9%87%D8%AC%D8%A9_%D8%A7%D9%84%D8%B4%D9%88%D8%A7%D9%85
http://www.wikidata.org/entity/Q122803	ar	أرضروم	مدينة في شرق تركية	Q515	city	94	https://ar.wikipedia.org/wiki/%D8%A3%D8%B1%D8%B6%D8%B1%D9%88%D9%85
http://www.wikidata.org/entity/Q12292	ar	فياريال		Q515	city	71	https://ar.wikipedia.org/wiki/%D9%81%D9%8A%D8%A7%D8%B1%D9%8A%D8%A7%D9%84
http://www.wikidata.org/entity/Q123027565	ar	سلطنة كشمير	سلطنة مسلمة في الفترة (1320–1589)	Q6256	country	14	https://ar.wikipedia.org/wiki/%D8%B3%D9%84%D8%B7%D9%86%D8%A9_%D9%83%D8%B4%D9%85%D9%8A%D8%B1
http://www.wikidata.org/entity/Q1231063	ar	جامعة جوبا	جامعة في جوبا، جنوب السودان	Q3918	university	30	https://ar.wikipedia.org/wiki/%D8%AC%D8%A7%D9%85%D8%B9%D8%A9_%D8%AC%D9%88%D8%A8%D8%A7
http://www.wikidata.org/entity/Q123196	ar	سديروت	مدينة في إسرائيل	Q515	city	54	https://ar.wikipedia.org/wiki/%D8%B3%D8%AF%D9%8A%D8%B1%D9%88%D8%AA
http://www.wikidata.org/entity/Q1232428	ar	جامعة إقليم الباسك	جامعة في منطقة إقليم الباسك، إسبانيا	Q3918	university	29	https://ar.wikipedia.org/wiki/%D8%AC%D8%A7%D9%85%D8%B9%D8%A9_%D8%A5%D9%82%D9%84%D9%8A%D9%85_%D8%A7%D9%84%D8%A8%D8%A7%D8%B3%D9%83
http://www.wikidata.org/entity/Q123347094	ar	الليبية الشرقية		Q34770	language	2	https://ar.wikipedia.org/wiki/%D8%A7%D9%84%D9%84%D9%8A%D8%A8%D9%8A%D8%A9_%D8%A7%D9%84%D8%B4%D8%B1%D9%82%D9%8A%D8%A9
http://www.wikidata.org/entity/Q123511	ar	غروجونتس		Q515	city	61	https://ar.wikipedia.org/wiki/%D8%BA%D8%B1%D9%88%D8%AC%D9%88%D9%86%D8%AA%D8%B3
http://www.wikidata.org/entity/Q1236136	ar	جامعة باري	جامعة في باري، إيطاليا	Q3918	university	26	https://ar.wikipedia.org/wiki/%D8%AC%D8%A7%D9%85%D8%B9%D8%A9_%D8%A8%D8%A7%D8%B1%D9%8A
http://www.wikidata.org/entity/Q123709	ar	دندي		Q515	city	97	https://ar.wikipedia.org/wiki/%D8%AF%D9%86%D8%AF%D9%8A
http://www.wikidata.org/entity/Q1238770	ar	جامعة أديس أبابا	جامعة في أديس أبابا، إثيوبيا	Q3918	university	33	https://ar.wikipedia.org/wiki/%D8%AC%D8%A7%D9%85%D8%B9%D8%A9_%D8%A3%D8%AF%D9%8A%D8%B3_%D8%A3%D8%A8%D8%A7%D8%A8%D8%A7
http://www.wikidata.org/entity/Q123885	ar	الجمعية الملكية	دار نشر	Q43229	organization	89	https://ar.wikipedia.org/wiki/%D8%A7%D9%84%D8%AC%D9%85%D8%B9%D9%8A%D8%A9_%D8%A7%D9%84%D9%85%D9%84%D9%83%D9%8A%D8%A9
http://www.wikidata.org/entity/Q12432	ar	جامعة ميشيغان التقنية	جامعة في ميشيغان، الولايات المتحدة	Q3918	university	21	https://ar.wikipedia.org/wiki/%D8%AC%D8%A7%D9%85%D8%B9%D8%A9_%D9%85%D9%8A%D8%B4%D9%8A%D8%BA%D8%A7%D9%86_%D8%A7%D9%84%D8%AA%D9%82%D9%86%D9%8A%D8%A9
http://www.wikidata.org/entity/Q1243705	ar	جامعة مودينا وريدجو إميليا	جامعة في مودينا، إيطاليا	Q3918	university	24	https://ar.wikipedia.org/wiki/%D8%AC%D8%A7%D9%85%D8%B9%D8%A9_%D9%85%D9%88%D8%AF%D9%8A%D9%86%D8%A7_%D9%88%D8%B1%D9%8A%D8%AF%D8%AC%D9%88_%D8%A5%D9%85%D9%8A%D9%84%D9%8A%D8%A7
http://www.wikidata.org/entity/Q1245318	ar	جامعة مسينا	جامعة في إيطاليا	Q3918	university	29	https://ar.wikipedia.org/wiki/%D8%AC%D8%A7%D9%85%D8%B9%D8%A9_%D9%85%D8%B3%D9%8A%D9%86%D8%A7
http://www.wikidata.org/entity/Q1245999	ar	جامعة سيينا	جامعة في سيينا، إيطاليا	Q3918	university	40	https://ar.wikipedia.org/wiki/%D8%AC%D8%A7%D9%85%D8%B9%D8%A9_%D8%B3%D9%8A%D9%8A%D9%86%D8%A7
http://www.wikidata.org/entity/Q1246	ar	كوسوفو	دولة معترف بها جزئياً تقع في جنوب شرق أوروبا	Q6256	country	281	https://ar.wikipedia.org/wiki/%D9%83%D9%88%D8%B3%D9%88%D9%81%D9%88
http://www.wikidata.org/entity/Q1246397	ar	اللاتينية المعاصرة		Q34770	language	17	https://ar.wikipedia.org/wiki/%D9%84%D8%A7%D8%AA%D9%8A%D9%86%D9%8A%D8%A9_%D9%85%D8%B9%D8%A7%D8%B5%D8%B1%D8%A9
http://www.wikidata.org/entity/Q1247135	ar	جامعة كارلوس الثالث بمدريد	منظمة في إسبانيا	Q3918	university	23	https://ar.wikipedia.org/wiki/%D8%AC%D8%A7%D9%85%D8%B9%D8%A9_%D9%83%D8%A7%D8%B1%D9%84%D9%88%D8%B3_%D8%A7%D9%84%D8%AB%D8%A7%D9%84%D8%AB_%D8%A8%D9%85%D8%AF%D8%B1%D9%8A%D8%AF
http://www.wikidata.org/entity/Q124739	ar	تيخوانا		Q515	city	115	https://ar.wikipedia.org/wiki/%D8%AA%D9%8A%D8%AE%D9%88%D8%A7%D9%86%D8%A7
http://www.wikidata.org/entity/Q1247544	ar	جامعة وستمنستر	جامعة بريطانية	Q3918	university	35	https://ar.wikipedia.org/wiki/%D8%AC%D8%A7%D9%85%D8%B9%D8%A9_%D9%88%D8%B3%D8%AA%D9%85%D9%86%D8%B3%D8%AA%D8%B1
http://www.wikidata.org/entity/Q1248821	ar	جامعة كاتانيا	جامعة في قطانية، إيطاليا	Q3918	university	29	https://ar.wikipedia.org/wiki/%D8%AC%D8%A7%D9%85%D8%B9%D8%A9_%D9%83%D8%A7%D8%AA%D8%A7%D9%86%D9%8A%D8%A7
http://www.wikidata.org/entity/Q1249005	ar	جامعة دندي	جامعة	Q3918	university	31	https://ar.wikipedia.org/wiki/%D8%AC%D8%A7%D9%85%D8%B9%D8%A9_%D8%AF%D9%86%D8%AF%D9%8A
http://www.wikidata.org/entity/Q12497929	ar	لغة باليمبانغ		Q34770	language	19	https://ar.wikipedia.org/wiki/%D9%84%D8%BA%D8%A9_%D8%A8%D8%A7%D9%84%D9%8A%D9%85%D8%A8%D8%A7%D9%86%D8%BA
http://www.wikidata.org/entity/Q125076	ar	مليونير متشرد	فيلم أُصدر سنة 2008، من إخراج داني بويل ولافلين تاندن	Q11424	film	88	https://ar.wikipedia.org/wiki/%D9%85%D9%84%D9%8A%D9%88%D9%86%D9%8A%D8%B1_%D9%85%D8%AA%D8%B4%D8%B1%D8%AF_(%D9%81%D9%84%D9%85)
http://www.wikidata.org/entity/Q125080	ar	فآسا	بلدية في بوهيانما، فنلندا	Q515	city	90	https://ar.wikipedia.org/wiki/%D9%81%D8%A2%D8%B3%D8%A7
http://www.wikidata.org/entity/Q1254148	ar	راكيت		Q9143	programming language	20	https://ar.wikipedia.org/wiki/%D8%B1%D8%A7%D9%83%D9%8A%D8%AA
http://www.wikidata.org/entity/Q125434	ar	بورت إليزابيث		Q515	city	99	https://ar.wikipedia.org/wiki/%D8%A8%D9%88%D8%B1%D8%AA_%D8%A5%D9%84%D9%8A%D8%B2%D8%A7%D8%A8%D9%8A%D8%AB
http://www.wikidata.org/entity/Q1256981	ar	جامعة سان فرانسيسكو الحكومية	جامعة تقع في مدينة سان فرانسيسكو بولاية كاليفورنيا الأمريكية	Q3918	university	28	https://ar.wikipedia.org/wiki/%D8%AC%D8%A7%D9%85%D8%B9%D8%A9_%D8%B3%D8%A7%D9%86_%D9%81%D8%B1%D8%A7%D9%86%D8%B3%D9%8A%D8%B3%D9%83%D9%88_%D8%A7%D9%84%D8%AD%D9%83%D9%88%D9%85%D9%8A%D8%A9
http://www.wikidata.org/entity/Q126084	ar	عكا	مدينة في شمال فلسطين	Q515	city	101	https://ar.wikipedia.org/wiki/%D8%B9%D9%83%D8%A7
http://www.wikidata.org/entity/Q126148	ar	طنجة	مدينة مغربية تقع في الساحل الغربي في منطقة الفحسية	Q515	city	125	https://ar.wikipedia.org/wiki/%D8%B7%D9%86%D8%AC%D8%A9
http://www.wikidata.org/entity/Q1261509	ar	دروسكينينكي		Q515	city	56	https://ar.wikipedia.org/wiki/%D8%AF%D8%B1%D9%88%D8%B3%D9%83%D9%8A%D9%86%D9%8A%D9%86%D9%83%D9%8A
http://www.wikidata.org/entity/Q1262143	ar	عربية جوبا	لهجة هجينة تكونت من امتزاج اللغات الأفريقية المحلية و اللغة العربية في جنوب السودان	Q34770	language	18	https://ar.wikipedia.org/wiki/%D8%B9%D8%B1%D8%A8%D9%8A%D8%A9_%D8%AC%D9%88%D8%A8%D8%A7
http://www.wikidata.org/entity/Q126269	ar	ولفرهامبتن	مدينة إنجليزية	Q515	city	90	https://ar.wikipedia.org/wiki/%D9%88%D9%84%D9%81%D8%B1%D9%87%D8%A7%D9%85%D8%A8%D8%AA%D9%86
http://www.wikidata.org/entity/Q12635887	ar	لومبي	لغة	Q34770	language	2	
http://www.wikidata.org/entity/Q126415	ar	عين العرب	مدينة سورية في محافظة حلب	Q515	city	63	https://ar.wikipedia.org/wiki/%D8%B9%D9%8A%D9%86_%D8%A7%D9%84%D8%B9%D8%B1%D8%A8
http://www.wikidata.org/entity/Q1265294	ar	جامع سنكوري	جامعة في تمبكتو، مالي	Q3918	university	27	https://ar.wikipedia.org/wiki/%D8%AC%D8%A7%D9%85%D8%B9_%D8%B3%D9%86%D9%83%D9%88%D8%B1%D9%8A
http://www.wikidata.org/entity/Q126805	ar	سانت كاثرينز		Q515	city	56	https://ar.wikipedia.org/wiki/%D8%B3%D8%A7%D9%86%D8%AA_%D9%83%D8%A7%D8%AB%D8%B1%D9%8A%D9%86%D8%B2
http://www.wikidata.org/entity/Q1268744	ar	ديلان		Q9143	programming language	21	https://ar.wikipedia.org/wiki/%D8%AF%D9%8A%D9%84%D8%A7%D9%86
http://www.wikidata.org/entity/Q126898	ar	أنتيب	بلدية فرنسية في إقليم الألب البحرية	Q515	city	104	https://ar.wikipedia.org/wiki/%D8%A3%D9%86%D8%AA%D9%8A%D8%A8
http://www.wikidata.org/entity/Q127063	ar	قارص	مديرية تركية	Q515	city	90	https://ar.wikipedia.org/wiki/%D9%82%D8%B1%D8%B5_(%D8%AA%D8%B1%D9%83%D9%8A%D8%A7)
http://www.wikidata.org/entity/Q127179148	ar	اللغة البالية القديمة		Q34770	language	4	https://ar.wikipedia.org/wiki/%D8%A7%D9%84%D9%84%D8%BA%D8%A9_%D8%A7%D9%84%D8%A8%D8%A7%D9%84%D9%8A%D8%A9_%D8%A7%D9%84%D9%82%D8%AF%D9%8A%D9%85%D8%A9
http://www.wikidata.org/entity/Q127367	ar	سيد الخواتم: رفقة الخاتم	فيلم أُصدر سنة 2001، من إخراج بيتر جاكسون	Q11424	film	94	https://ar.wikipedia.org/wiki/%D8%B3%D9%8A%D8%AF_%D8%A7%D9%84%D8%AE%D9%88%D8%A7%D8%AA%D9%85:_%D8%B1%D9%81%D9%82%D8%A9_%D8%A7%D9%84%D8%AE%D8%A7%D8%AA%D9%85
http://www.wikidata.org/entity/Q127437572	ar	عرنجية	نحتٌ لكلمتي "العربية الإفرنجية"، وتشار للكلمات والجُمل ذات التركيب الأعجمي والركيك غير فصيح.	Q34770	language	1	https://ar.wikipedia.org/wiki/%D8%B9%D8%B1%D9%86%D8%AC%D9%8A%D8%A9
http://www.wikidata.org/entity/Q127623	ar	فانتا	بلدية في أوسيما، فنلندا	Q515	city	97	https://ar.wikipedia.org/wiki/%D9%81%D8%A7%D9%86%D8%AA%D8%A7_(%D9%81%D9%86%D9%84%D9%86%D8%AF%D8%A7)
http://www.wikidata.org/entity/Q1277803	ar	جوفيال	لغة برمجة	Q9143	programming language	15	https://ar.wikipedia.org/wiki/%D8%AC%D9%88%D9%81%D9%8A%D8%A7%D9%84_(%D9%84%D8%BA%D8%A9_%D8%A8%D8%B1%D9%85%D8%AC%D8%A9)
http://www.wikidata.org/entity/Q128147	ar	كينغستون أبون هال	مدينة في شرق إنكلترا	Q515	city	90	https://ar.wikipedia.org/wiki/%D9%83%D9%8A%D9%86%D8%BA%D8%B3%D8%AA%D9%88%D9%86_%D8%A3%D8%A8%D9%88%D9%86_%D9%87%D8%A7%D9%84
http://www.wikidata.org/entity/Q12825018	ar	كولون		Q515	city	55	https://ar.wikipedia.org/wiki/%D9%83%D9%88%D9%84%D9%88%D9%86_(%D8%A8%D9%86%D9%85%D8%A7)
http://www.wikidata.org/entity/Q128261	ar	كارولتون	مدينة في تكساس، الولايات المتحدة	Q515	city	56	https://ar.wikipedia.org/wiki/%D9%83%D8%A7%D8%B1%D9%88%D9%84%D8%AA%D9%88%D9%86_(%D8%AA%D9%83%D8%B3%D8%A7%D8%B3)
http://www.wikidata.org/entity/Q1283865	ar	أس	لغة البرمجة الإحصائية	Q9143	programming language	16	https://ar.wikipedia.org/wiki/%D8%A3%D8%B3_(%D9%84%D8%BA%D8%A9_%D8%A8%D8%B1%D9%85%D8%AC%D8%A9)
http://www.wikidata.org/entity/Q128518	ar	المجالد	فلم صدر سنة 2000، من إخراج ريدلي سكوت	Q11424	film	108	https://ar.wikipedia.org/wiki/%D8%A7%D9%84%D9%85%D8%AC%D8%A7%D9%84%D8%AF_(%D9%81%D9%84%D9%85)
http://www.wikidata.org/entity/Q12919	ar	ماجورو	عاصمة جزر مارشال	Q515	city	123	https://ar.wikipedia.org/wiki/%D9%85%D8%A7%D8%AC%D9%88%D8%B1%D9%88
http://www.wikidata.org/entity/Q129352	ar	خانكندي	مدينة أذربيجانية	Q515	city	111	https://ar.wikipedia.org/wiki/%D8%AE%D8%A7%D9%86%D9%83%D9%86%D8%AF%D9%8A
http://www.wikidata.org/entity/Q129421	ar	جامعة كاليفورنيا، دافيس	جامعة في دافيس، يولو، كاليفورنيا، الولايات المتحدة	Q3918	university	49	https://ar.wikipedia.org/wiki/%D8%AC%D8%A7%D9%85%D8%B9%D8%A9_%D9%83%D8%A7%D9%84%D9%8A%D9%81%D9%88%D8%B1%D9%86%D9%8A%D8%A7_(%D8%AF%D8%A7%D9%81%D9%8A%D8%B3)
http://www.wikidata.org/entity/Q1294227	ar	شيتيماشا	لغة	Q34770	language	16	
http://www.wikidata.org/entity/Q1294439	ar	صلالة	عاصمة محافظة ظفار العمانية	Q515	city	59	https://ar.wikipedia.org/wiki/%D8%B5%D9%84%D8%A7%D9%84%D8%A9
http://www.wikidata.org/entity/Q12952360	ar	لغة دير	لغة نوبية	Q34770	language	6	https://ar.wikipedia.org/wiki/%D9%84%D8%BA%D8%A9_%D8%AF%D9%8A%D8%B1
http://www.wikidata.org/entity/Q129610	ar	غالواي		Q515	city	94	https://ar.wikipedia.org/wiki/%D8%BA%D8%A7%D9%84%D9%88%D8%A7%D9%8A
http://www.wikidata.org/entity/Q129649	ar	إزميد	مدينة تركية وهي مركز ولاية قوجالة	Q515	city	89	https://ar.wikipedia.org/wiki/%D8%A5%D8%B2%D9%85%D9%8A%D8%AF
http://www.wikidata.org/entity/Q12994	ar	بروج	مدينة في بلجيكا	Q515	city	119	https://ar.wikipedia.org/wiki/%D8%A8%D8%B1%D9%88%D8%AC
http://www.wikidata.org/entity/Q130191	ar	نورتش		Q515	city	101	https://ar.wikipedia.org/wiki/%D9%86%D9%88%D8%B1%D8%AA%D8%B4
http://www.wikidata.org/entity/Q130212	ar	سيكشفهيرفار	مدينة مجرية تقع في محافظة فيير	Q515	city	95	https://ar.wikipedia.org/wiki/%D8%B3%D9%8A%D9%83%D8%B4%D9%81%D9%87%D9%8A%D8%B1%D9%81%D8%A7%D8%B1
http://www.wikidata.org/entity/Q130469	ar	مزار شريف	مدينة في شمال أفغانستان	Q515	city	92	https://ar.wikipedia.org/wiki/%D9%85%D8%B2%D8%A7%D8%B1_%D8%B4%D8%B1%D9%8A%D9%81
http://www.wikidata.org/entity/Q1305	ar	فاخينينجن	بلدية في خيلدرلند، هولندا	Q515	city	60	https://ar.wikipedia.org/wiki/%D9%81%D8%A7%D8%AE%D9%8A%D9%86%D9%8A%D9%86%D8%AC%D9%86
http://www.wikidata.org/entity/Q130514	ar	الأقصر	مدينة مصرية	Q515	city	104	https://ar.wikipedia.org/wiki/%D8%A7%D9%84%D8%A3%D9%82%D8%B5%D8%B1
http://www.wikidata.org/entity/Q1305486	ar	جامعة كوستاريكا	جامعة حكومية تقع في كوستاريكا	Q3918	university	25	https://ar.wikipedia.org/wiki/%D8%AC%D8%A7%D9%85%D8%B9%D8%A9_%D9%83%D9%88%D8%B3%D8%AA%D8%A7%D8%B1%D9%8A%D9%83%D8%A7
http://www.wikidata.org/entity/Q1308	ar	كومو	كومونا	Q515	city	118	https://ar.wikipedia.org/wiki/%D9%83%D9%88%D9%85%D9%88
http://www.wikidata.org/entity/Q130800	ar	بابيتي	عاصمة بولينيزيا الفرنسية	Q515	city	101	https://ar.wikipedia.org/wiki/%D8%A8%D8%A7%D8%A8%D9%8A%D8%AA%D9%8A
http://www.wikidata.org/entity/Q1310	ar	آرنم	مدينة وبلدية في هولندية في خيلدرلند	Q515	city	117	https://ar.wikipedia.org/wiki/%D8%A2%D8%B1%D9%86%D9%85
http://www.wikidata.org/entity/Q131074	ar	سيد الخواتم: عودة الملك	فيلم أُصدر سنة 2003، من إخراج بيتر جاكسون	Q11424	film	92	https://ar.wikipedia.org/wiki/%D8%B3%D9%8A%D8%AF_%D8%A7%D9%84%D8%AE%D9%88%D8%A7%D8%AA%D9%85:_%D8%B9%D9%88%D8%AF%D8%A9_%D8%A7%D9%84%D9%85%D9%84%D9%83
http://www.wikidata.org/entity/Q131127	ar	بانيا لوكا	ثاني أكبر مدن البوسنة والهرسك	Q515	city	96	https://ar.wikipedia.org/wiki/%D8%A8%D8%A7%D9%86%D9%8A%D8%A7_%D9%84%D9%88%D9%83%D8%A7
http://www.wikidata.org/entity/Q131128	ar	براوناو أم إن	بلدية في النمسا	Q515	city	83	https://ar.wikipedia.org/wiki/%D8%A8%D8%B1%D8%A7%D9%88%D9%86%D8%A7%D9%88_%D8%A3%D9%85_%D8%A5%D9%86
http://www.wikidata.org/entity/Q131140	ar	كوبول	لغة برمجية متعددة الاستخدام تخدم النواحى التجارية كمجال البنوك	Q9143	programming language	80	https://ar.wikipedia.org/wiki/%D9%83%D9%88%D8%A8%D9%88%D9%84
http://www.wikidata.org/entity/Q131182	ar	الشهرة	ألبوم صدر عام 2008	Q482994	album	61	https://ar.wikipedia.org/wiki/%D8%A7%D9%84%D8%B4%D9%87%D8%B1%D8%A9_(%D8%A3%D9%84%D8%A8%D9%88%D9%85)
http://www.wikidata.org/entity/Q131233	ar	جنوب تاراوا	عاصمة كيريباتي	Q515	city	97	https://ar.wikipedia.org/wiki/%D8%AC%D9%86%D9%88%D8%A8_%D8%AA%D8%A7%D8%B1%D8%A7%D9%88%D8%A7
http://www.wikidata.org/entity/Q131243	ar	أورنجستاد	عاصمة جزر أروبا	Q515	city	95	https://ar.wikipedia.org/wiki/%D8%A3%D9%88%D8%B1%D9%86%D8%AC%D8%B3%D8%AA%D8%A7%D8%AF
http://www.wikidata.org/entity/Q1312762	ar	الجامعة السويدية للعلوم الزراعية	جامعة في أوبسالا، السويد	Q3918	university	25	https://ar.wikipedia.org/wiki/%D8%A7%D9%84%D8%AC%D8%A7%D9%85%D8%B9%D8%A9_%D8%A7%D9%84%D8%B3%D9%88%D9%8A%D8%AF%D9%8A%D8%A9_%D9%84%D9%84%D8%B9%D9%84%D9%88%D9%85_%D8%A7%D9%84%D8%B2%D8%B1%D8%A7%D8%B9%D9%8A%D8%A9
http://www.wikidata.org/entity/Q131287560	ar	الفارسية الفصحى		Q34770	language	1	
http://www.wikidata.org/entity/Q131323	ar	مصراتة	مدينة ساحلية في غرب ليبيا	Q515	city	75	https://ar.wikipedia.org/wiki/%D9%85%D8%B5%D8%B1%D8%A7%D8%AA%D8%A9
http://www.wikidata.org/entity/Q131339	ar	الألامانية	لهجة مستخدمة في ألمانيا وحولِها	Q34770	language	75	https://ar.wikipedia.org/wiki/%D8%A7%D9%84%D8%A3%D9%84%D9%85%D8%A7%D9%86%D9%8A%D8%A9_%D8%A7%D9%84%D8%A3%D9%84%D9%8A%D9%85%D8%A7%D9%86%D9%8A%D8%A9
http://www.wikidata.org/entity/Q131390	ar	300	فيلم أُصدر سنة 2007، من إخراج زاك سنايدر	Q11424	film	83	https://ar.wikipedia.org/wiki/300_(%D9%81%D9%84%D9%85)
http://www.wikidata.org/entity/Q131392	ar	لد زبلين	ألبوم صدر عام 1969	Q482994	album	48	https://ar.wikipedia.org/wiki/%D9%84%D8%AF_%D8%B2%D8%A8%D9%84%D9%8A%D9%86_(%D8%A3%D9%84%D8%A8%D9%88%D9%85)
http://www.wikidata.org/entity/Q131495	ar	شرناق	مدينة كردية في تركيا	Q515	city	66	https://ar.wikipedia.org/wiki/%D8%B4%D8%B1%D9%86%D8%A7%D9%82
http://www.wikidata.org/entity/Q131588685	ar	إمارة القواسم	إِمَارَةٌ عَرَبِيَّةٌ إِسْلَامِيَّةٌ نَشَأَتْ عَلَى سَوَاحِلِ الْخَلِيجِ الْعَرَبِيِّ مُنْذُ الْقَرْنِ السَّادِسَ عَشَرَ	Q6256	country	2	https://ar.wikipedia.org/wiki/%D8%A5%D9%85%D8%A7%D8%B1%D8%A9_%D8%A7%D9%84%D9%82%D9%88%D8%A7%D8%B3%D9%85
http://www.wikidata.org/entity/Q131605	ar	ميرانو	مدينة في إيطاليا	Q515	city	83	https://ar.wikipedia.org/wiki/%D9%85%D9%8A%D8%B1%D8%A7%D9%86%D9%88
http://www.wikidata.org/entity/Q131612	ar	فينر نويشتات	مدينة نمساوية	Q515	city	82	https://ar.wikipedia.org/wiki/%D9%81%D9%8A%D9%86%D8%B1_%D9%86%D9%88%D9%8A%D8%B4%D8%AA%D8%A7%D8%AA
http://www.wikidata.org/entity/Q131623074	ar	جامعة الأقصى	جامعة حكومية في قطاع غزة، دولة فلسطين	Q3918	university	22	https://ar.wikipedia.org/wiki/%D8%AC%D8%A7%D9%85%D8%B9%D8%A9_%D8%A7%D9%84%D8%A3%D9%82%D8%B5%D9%89
http://www.wikidata.org/entity/Q131638	ar	إشقودرة	مدينة تقع في شمال غرب ألبانيا	Q515	city	96	https://ar.wikipedia.org/wiki/%D8%A5%D8%B4%D9%82%D9%88%D8%AF%D8%B1%D8%A9
http://www.wikidata.org/entity/Q131694	ar	عدن	عاصمة اليمن المؤقتة	Q515	city	109	https://ar.wikipedia.org/wiki/%D8%B9%D8%AF%D9%86
http://www.wikidata.org/entity/Q13171	ar	أثاوزند سنز	ألبوم صدر عام 2010	Q482994	album	45	https://ar.wikipedia.org/wiki/%D8%A3%D8%AB%D8%A7%D9%88%D8%B2%D9%86%D8%AF_%D8%B3%D9%86%D8%B2
http://www.wikidata.org/entity/Q13172	ar	ليفينغ ثينغز	ألبوم صدر عام 2012	Q482994	album	41	https://ar.wikipedia.org/wiki/%D9%84%D9%8A%D9%81%D9%8A%D9%86%D8%BA_%D8%AB%D9%8A%D9%86%D8%BA%D8%B2
http://www.wikidata.org/entity/Q131818	ar	وهران	ثاني أكبر مدن الجزائر بعدد السكان بعد الجزائر العاصمة	Q515	city	113	https://ar.wikipedia.org/wiki/%D9%88%D9%87%D8%B1%D8%A7%D9%86
http://www.wikidata.org/entity/Q131919251	ar	مايهام	ألبوم من أداء ليدي غاغا	Q482994	album	53	https://ar.wikipedia.org/wiki/%D9%85%D8%A7%D9%8A%D9%87%D8%A7%D9%85_(%D8%A3%D9%84%D8%A8%D9%88%D9%85)
http://www.wikidata.org/entity/Q132043	ar	كولاب		Q515	city	56	https://ar.wikipedia.org/wiki/%D9%83%D9%88%D9%84%D8%A7%D8%A8
http://www.wikidata.org/entity/Q1321	ar	الإسبانية	لغة رومانسية، وهي اللغة الرسمية لإسبانيا ولمعظم بلدان أمريكا اللاتينية	Q34770	language	349	https://ar.wikipedia.org/wiki/%D8%A7%D9%84%D9%84%D8%BA%D8%A9_%D8%A7%D9%84%D8%A5%D8%B3%D8%A8%D8%A7%D9%86%D9%8A%D8%A9
http://www.wikidata.org/entity/Q13229	ar	لغة تا		Q34770	language	35	https://ar.wikipedia.org/wiki/%D9%84%D8%BA%D8%A9_%D8%AA%D8%A7
http://www.wikidata.org/entity/Q1323362	ar	أوبيرون (لغة برمجة)		Q9143	programming language	23	https://ar.wikipedia.org/wiki/%D8%A3%D9%88%D8%A8%D9%8A%D8%B1%D9%88%D9%86_(%D9%84%D8%BA%D8%A9_%D8%A8%D8%B1%D9%85%D8%AC%D8%A9)
http://www.wikidata.org/entity/Q132444522	ar	اللهجة الرقية	لهجة سوريا	Q34770	language	1	https://ar.wikipedia.org/wiki/%D8%A7%D9%84%D9%84%D9%87%D8%AC%D8%A9_%D8%A7%D9%84%D8%B1%D9%82%D9%8A%D8%A9
http://www.wikidata.org/entity/Q132478	ar	جامعة أكسفورد بروكس	جامعة تقع في أكسفورد بإنجلترا	Q3918	university	24	https://ar.wikipedia.org/wiki/%D8%AC%D8%A7%D9%85%D8%B9%D8%A9_%D8%A3%D9%83%D8%B3%D9%81%D9%88%D8%B1%D8%AF_%D8%A8%D8%B1%D9%88%D9%83%D8%B3
http://www.wikidata.org/entity/Q132671	ar	بو	بلدية في البرانيس الأطلسية، فرنسا	Q515	city	99	https://ar.wikipedia.org/wiki/%D8%A8%D9%88_(%D9%81%D8%B1%D9%86%D8%B3%D8%A7)
http://www.wikidata.org/entity/Q132679	ar	ويلمستاد	عاصمة جزر الأنتيل الهولندية وكوراساو	Q515	city	93	https://ar.wikipedia.org/wiki/%D9%88%D9%8A%D9%84%D9%85%D8%B3%D8%AA%D8%A7%D8%AF_(%D9%83%D9%88%D8%B1%D8%A7%D8%B3%D8%A7%D9%88)
http://www.wikidata.org/entity/Q13268	ar	لغة سيوكس		Q34770	language	26	https://ar.wikipedia.org/wiki/%D9%84%D8%BA%D8%A9_%D8%B3%D9%8A%D9%88%D9%83%D8%B3
http://www.wikidata.org/entity/Q132689	ar	كازبلانكا	فيلم أُصدر سنة 1942، من إخراج مايكل كورتيز و تم تصويره في مدينة الدار البيضاء بالمغرب	Q11424	film	107	https://ar.wikipedia.org/wiki/%D9%83%D8%A7%D8%B2%D8%A8%D9%84%D8%A7%D9%86%D9%83%D8%A7_(%D9%81%D9%84%D9%85_1942)
http://www.wikidata.org/entity/Q13273	ar	سودو (لغة)		Q34770	language	14	https://ar.wikipedia.org/wiki/%D8%B3%D9%88%D8%AF%D9%88_(%D9%84%D8%BA%D8%A9)
http://www.wikidata.org/entity/Q132754	ar	أربيل	عاصمة إقليم كردستان العراق	Q515	city	104	https://ar.wikipedia.org/wiki/%D8%A3%D8%B1%D8%A8%D9%8A%D9%84
http://www.wikidata.org/entity/Q13281	ar	السونسورولية		Q34770	language	24	https://ar.wikipedia.org/wiki/%D8%A7%D9%84%D8%B3%D9%88%D9%86%D8%B3%D9%88%D8%B1%D9%88%D9%84%D9%8A%D8%A9
http://www.wikidata.org/entity/Q13283	ar	اللغة السقطرية	وهي واحدة من اللغات اليمنية القديمة	Q34770	language	34	https://ar.wikipedia.org/wiki/%D8%A7%D9%84%D9%84%D8%BA%D8%A9_%D8%A7%D9%84%D8%B3%D9%82%D8%B7%D8%B1%D9%8A%D8%A9
http://www.wikidata.org/entity/Q13297	ar	نافانرا		Q34770	language	20	https://ar.wikipedia.org/wiki/%D9%86%D8%A7%D9%81%D8%A7%D9%86%D8%B1%D8%A7
http://www.wikidata.org/entity/Q13301	ar	لغة ناما		Q34770	language	51	https://ar.wikipedia.org/wiki/%D9%84%D8%BA%D8%A9_%D9%86%D8%A7%D9%85%D8%A7
http://www.wikidata.org/entity/Q13307	ar	الناوروية	لغة	Q34770	language	86	https://ar.wikipedia.org/wiki/%D8%A7%D9%84%D9%84%D8%BA%D8%A9_%D8%A7%D9%84%D9%86%D8%A7%D9%88%D8%B1%D9%88%D9%8A%D8%A9
http://www.wikidata.org/entity/Q133073	ar	دنيدن	مدينة نيوزيلندية	Q515	city	86	https://ar.wikipedia.org/wiki/%D8%AF%D9%86%D9%8A%D8%AF%D9%86
http://www.wikidata.org/entity/Q13310	ar	نافاهو	لغة من اللغات الأمريكيَّة الأصليَّة، تنتشر في جنوب غرب الولايات المتحدة.	Q34770	language	90	https://ar.wikipedia.org/wiki/%D9%86%D8%A7%D9%81%D8%A7%D9%87%D9%88
http://www.wikidata.org/entity/Q13311	ar	النداو		Q34770	language	11	
http://www.wikidata.org/entity/Q133116	ar	هاميلتون		Q515	city	95	https://ar.wikipedia.org/wiki/%D9%87%D8%A7%D9%85%D9%8A%D9%84%D8%AA%D9%88%D9%86
http://www.wikidata.org/entity/Q133118	ar	أورفة	مدينة في تركيا	Q515	city	99	https://ar.wikipedia.org/wiki/%D8%A3%D9%88%D8%B1%D9%81%D8%A9
http://www.wikidata.org/entity/Q133123	ar	بتراس		Q515	city	99	https://ar.wikipedia.org/wiki/%D8%A8%D8%AA%D8%B1%D8%A7%D8%B3
http://www.wikidata.org/entity/Q133132	ar	كومونة باريس	منظمة في باريس، فرنسا	Q43229	organization	87	https://ar.wikipedia.org/wiki/%D9%83%D9%88%D9%85%D9%88%D9%86%D8%A9_%D8%A8%D8%A7%D8%B1%D9%8A%D8%B3
http://www.wikidata.org/entity/Q13318	ar	إمبِرية	كومونا	Q515	city	90	https://ar.wikipedia.org/wiki/%D8%A5%D9%85%D8%A8%D8%B1%D9%8A%D8%A9
http://www.wikidata.org/entity/Q13320	ar	سفونة	كومونا	Q515	city	98	https://ar.wikipedia.org/wiki/%D8%B3%D9%81%D9%88%D9%86%D8%A9
http://www.wikidata.org/entity/Q13324	ar	لغة مينانغكاباو	اللغة الملايوية التي يتحدث بها في الغالب أفراد مجموعة مينانجكاباو العرقية	Q34770	language	80	https://ar.wikipedia.org/wiki/%D9%84%D8%BA%D8%A9_%D9%85%D9%8A%D9%86%D8%A7%D9%86%D8%BA%D9%83%D8%A7%D8%A8%D8%A7%D9%88
http://www.wikidata.org/entity/Q13329	ar	بِيَشِنزة	كومونا	Q515	city	112	https://ar.wikipedia.org/wiki/%D8%A8%D9%8A%D8%B4%D9%86%D8%B2%D8%A9
http://www.wikidata.org/entity/Q133315	ar	ليمريك		Q515	city	97	https://ar.wikipedia.org/wiki/%D9%84%D9%8A%D9%85%D8%B1%D9%8A%D9%83
http://www.wikidata.org/entity/Q1333399	ar	جامعة ليستر	جامعة بريطانية	Q3918	university	42	https://ar.wikipedia.org/wiki/%D8%AC%D8%A7%D9%85%D8%B9%D8%A9_%D9%84%D9%8A%D8%B3%D8%AA%D8%B1
http://www.wikidata.org/entity/Q13336	ar	المغولية		Q34770	language	38	https://ar.wikipedia.org/wiki/%D8%A7%D9%84%D9%84%D8%BA%D8%A9_%D8%A7%D9%84%D9%85%D8%BA%D9%88%D9%84%D9%8A%D8%A9
http://www.wikidata.org/entity/Q1333607	ar	جامعة نصير الدين الطوسي للتكنولوجيا	جامعة في طهران، إيران	Q3918	university	23	https://ar.wikipedia.org/wiki/%D8%AC%D8%A7%D9%85%D8%B9%D8%A9_%D9%86%D8%B5%D9%8A%D8%B1_%D8%A7%D9%84%D8%AF%D9%8A%D9%86_%D8%A7%D9%84%D8%B7%D9%88%D8%B3%D9%8A_%D9%84%D9%84%D8%AA%D9%83%D9%86%D9%88%D9%84%D9%88%D8%AC%D9%8A%D8%A7
http://www.wikidata.org/entity/Q13339	ar	لغة الموهوك		Q34770	language	34	https://ar.wikipedia.org/wiki/%D9%84%D8%BA%D8%A9_%D8%A7%D9%84%D9%85%D9%88%D9%87%D9%88%D9%83
http://www.wikidata.org/entity/Q13349	ar	لغة مون	اللغة النمساوية الآسيوية التي يتحدث بها المون في ميانمار وتايلاند	Q34770	language	55	https://ar.wikipedia.org/wiki/%D9%84%D8%BA%D8%A9_%D9%85%D9%88%D9%86
http://www.wikidata.org/entity/Q1335388	ar	أليس		Q9143	programming language	10	https://ar.wikipedia.org/wiki/%D8%A3%D9%84%D9%8A%D8%B3_(%D8%A8%D8%B1%D9%85%D8%AC%D9%8A%D8%A7%D8%AA)
http://www.wikidata.org/entity/Q13356	ar	المازندرانية	لغة محلية في إيران	Q34770	language	71	https://ar.wikipedia.org/wiki/%D8%A7%D9%84%D9%84%D8%BA%D8%A9_%D8%A7%D9%84%D9%85%D8%A7%D8%B2%D9%86%D8%AF%D8%B1%D8%A7%D9%86%D9%8A%D8%A9
http://www.wikidata.org/entity/Q13357	ar	منكيلي	هي إحدى لغات الأقليات الرسمية في السويد ويتم التحدث بها في أقصى شمال البلاد حول وادي نهر تورن	Q34770	language	57	https://ar.wikipedia.org/wiki/%D9%85%D9%86%D9%83%D9%8A%D9%84%D9%8A
http://www.wikidata.org/entity/Q13360	ar	ريدجو إميليا	كومونا	Q515	city	105	https://ar.wikipedia.org/wiki/%D8%B1%D9%8A%D8%AF%D8%AC%D9%88_%D8%A5%D9%85%D9%8A%D9%84%D9%8A%D8%A7
http://www.wikidata.org/entity/Q13361	ar	اللغة المهرية	لغة سامية محكية في المهرة شرق اليمن	Q34770	language	33	https://ar.wikipedia.org/wiki/%D8%A7%D9%84%D9%84%D8%BA%D8%A9_%D8%A7%D9%84%D9%85%D9%87%D8%B1%D9%8A%D8%A9
http://www.wikidata.org/entity/Q13362	ar	فرارة	بلدية إيطالية	Q515	city	113	https://ar.wikipedia.org/wiki/%D9%81%D8%B1%D8%A7%D8%B1%D8%A9
http://www.wikidata.org/entity/Q13363	ar	مينوميني	لغة	Q34770	language	11	
http://www.wikidata.org/entity/Q13364	ar	ربنة	مدينة إيطالية	Q515	city	126	https://ar.wikipedia.org/wiki/%D8%B1%D8%A8%D9%86%D8%A9
http://www.wikidata.org/entity/Q133654	ar	صمت الحملان	فيلم أُصدر سنة 1991، من إخراج جوناثان ديم	Q11424	film	101	https://ar.wikipedia.org/wiki/%D8%B5%D9%85%D8%AA_%D8%A7%D9%84%D8%AD%D9%85%D9%84%D8%A7%D9%86_(%D9%81%D9%84%D9%85)
http://www.wikidata.org/entity/Q13367	ar	فورلي	كومونا	Q515	city	97	https://ar.wikipedia.org/wiki/%D9%81%D9%88%D8%B1%D9%84%D9%8A
http://www.wikidata.org/entity/Q133678	ar	أوطاوا	لغة	Q34770	language	9	
http://www.wikidata.org/entity/Q13369	ar	ريميني	كومونا	Q515	city	116	https://ar.wikipedia.org/wiki/%D8%B1%D9%8A%D9%85%D9%8A%D9%86%D9%8A
http://www.wikidata.org/entity/Q13372	ar	كرارا	كومونا	Q515	city	94	https://ar.wikipedia.org/wiki/%D9%83%D8%B1%D8%A7%D8%B1%D8%A7
http://www.wikidata.org/entity/Q13373	ar	لكة	كومونا	Q515	city	112	https://ar.wikipedia.org/wiki/%D9%84%D9%83%D8%A9
http://www.wikidata.org/entity/Q13375	ar	بيزا	مدينة وبلدية إيطالية	Q515	city	154	https://ar.wikipedia.org/wiki/%D8%A8%D9%8A%D8%B2%D8%A7
http://www.wikidata.org/entity/Q13377	ar	براتو	كومونا	Q515	city	107	https://ar.wikipedia.org/wiki/%D8%A8%D8%B1%D8%A7%D8%AA%D9%88
http://www.wikidata.org/entity/Q13386	ar	ليتشي	كومونا	Q515	city	105	https://ar.wikipedia.org/wiki/%D9%84%D9%8A%D8%AA%D8%B4%D9%8A
http://www.wikidata.org/entity/Q13389	ar	الباشقيرية	لغة تركية منتشرة في بعض أنحاء روسيا	Q34770	language	128	https://ar.wikipedia.org/wiki/%D8%A7%D9%84%D9%84%D8%BA%D8%A9_%D8%A7%D9%84%D8%A8%D8%B4%D9%83%D9%8A%D8%B1%D9%8A%D8%A9
http://www.wikidata.org/entity/Q1341	ar	تولياتي		Q515	city	97	https://ar.wikipedia.org/wiki/%D8%AA%D9%88%D9%84%D9%8A%D8%A7%D8%AA%D9%8A
http://www.wikidata.org/entity/Q13410	ar	لاتينا	من المدن الإيطالية الكبرى	Q515	city	102	https://ar.wikipedia.org/wiki/%D9%84%D8%A7%D8%AA%D9%8A%D9%86%D8%A7
http://www.wikidata.org/entity/Q13417189	ar	بين النجوم	فلم خيال علمي من إخراج كريستوفر نولان، صدر عام 2014	Q11424	film	98	https://ar.wikipedia.org/wiki/%D8%A8%D9%8A%D9%86_%D8%A7%D9%84%D9%86%D8%AC%D9%88%D9%85_(%D9%81%D9%84%D9%85)
http://www.wikidata.org/entity/Q134287	ar	طرسوس	مدينة تركية	Q515	city	86	https://ar.wikipedia.org/wiki/%D8%B7%D8%B1%D8%B3%D9%88%D8%B3
http://www.wikidata.org/entity/Q134291	ar	مرسين	مدينة تركية	Q515	city	95	https://ar.wikipedia.org/wiki/%D9%85%D8%B1%D8%B3%D9%8A%D9%86
http://www.wikidata.org/entity/Q134509	ar	بورسعيد	مدينة مصرية	Q515	city	91	https://ar.wikipedia.org/wiki/%D8%A8%D9%88%D8%B1%D8%B3%D8%B9%D9%8A%D8%AF
http://www.wikidata.org/entity/Q134514	ar	السويس	مدينة مصرية	Q515	city	90	https://ar.wikipedia.org/wiki/%D8%A7%D9%84%D8%B3%D9%88%D9%8A%D8%B3
http://www.wikidata.org/entity/Q134620	ar	يوفاسكولا	بلدية في فنلندا الوسطى، فنلندا	Q515	city	97	https://ar.wikipedia.org/wiki/%D9%8A%D9%88%D9%81%D8%A7%D8%B3%D9%83%D9%88%D9%84%D8%A7
http://www.wikidata.org/entity/Q13464	ar	فُدجَة	كومونا	Q515	city	107	https://ar.wikipedia.org/wiki/%D9%81%D8%AF%D8%AC%D8%A9
http://www.wikidata.org/entity/Q134672	ar	إكستر	مدينة إنجليزية تقع في ديفون	Q515	city	92	https://ar.wikipedia.org/wiki/%D8%A5%D9%83%D8%B3%D8%AA%D8%B1
http://www.wikidata.org/entity/Q13470	ar	برلت	بلدية في مقاطعة برلت أندرة طرانة، إيطاليا	Q515	city	87	https://ar.wikipedia.org/wiki/%D8%A8%D8%B1%D9%84%D8%AA
http://www.wikidata.org/entity/Q134703	ar	مرعش	مدينة تركية	Q515	city	88	https://ar.wikipedia.org/wiki/%D9%85%D8%B1%D8%B9%D8%B4
http://www.wikidata.org/entity/Q134712	ar	شياولياي		Q515	city	98	https://ar.wikipedia.org/wiki/%D8%B4%D9%8A%D8%A7%D9%88%D9%84%D9%8A%D8%A7%D9%8A
http://www.wikidata.org/entity/Q134773	ar	فورست غامب	فيلم أُصدر سنة 1994، من إخراج روبرت زيميكس	Q11424	film	136	https://ar.wikipedia.org/wiki/%D9%81%D9%88%D8%B1%D8%B3%D8%AA_%D8%BA%D8%A7%D9%85%D8%A8
http://www.wikidata.org/entity/Q13486	ar	أندرة	بلدية في مقاطعة برلت أندرة طرانة، إيطاليا	Q515	city	95	https://ar.wikipedia.org/wiki/%D8%A3%D9%86%D8%AF%D8%B1%D8%A9
http://www.wikidata.org/entity/Q134902	ar	ستوك أون ترينت		Q515	city	87	https://ar.wikipedia.org/wiki/%D8%B3%D8%AA%D9%88%D9%83_%D8%A3%D9%88%D9%86_%D8%AA%D8%B1%D9%8A%D9%86%D8%AA
http://www.wikidata.org/entity/Q13498	ar	طارنت	بلدية إيطالية	Q515	city	124	https://ar.wikipedia.org/wiki/%D8%B7%D8%A7%D8%B1%D9%86%D8%AA
http://www.wikidata.org/entity/Q135037948	ar	لغة كيهك		Q34770	language	3	https://ar.wikipedia.org/wiki/%D9%84%D8%BA%D8%A9_%D9%83%D9%8A%D9%87%D9%83
http://www.wikidata.org/entity/Q1351046	ar	ماريامبوله		Q515	city	73	https://ar.wikipedia.org/wiki/%D9%85%D8%A7%D8%B1%D9%8A%D8%A7%D9%85%D8%A8%D9%88%D9%84%D9%87
http://www.wikidata.org/entity/Q1353139	ar	جامعة جلاسكو كاليدونيان	جامعة في غلاسكو، المملكة المتحدة	Q3918	university	23	
http://www.wikidata.org/entity/Q1354	ar	دكا	عاصمة بنغلاديش	Q515	city	219	https://ar.wikipedia.org/wiki/%D8%AF%D9%83%D8%A7
http://www.wikidata.org/entity/Q1354097	ar	جامعة كابل	جامعة في كابل، أفغانستان	Q3918	university	40	https://ar.wikipedia.org/wiki/%D8%AC%D8%A7%D9%85%D8%B9%D8%A9_%D9%83%D8%A7%D8%A8%D9%84
http://www.wikidata.org/entity/Q1355	ar	بنغالور	عاصمة ولاية كرناتاكا الهندية وثالث أكبر مدينة هندية	Q515	city	161	https://ar.wikipedia.org/wiki/%D8%A8%D9%86%D8%BA%D8%A7%D9%84%D9%88%D8%B1
http://www.wikidata.org/entity/Q1359171	ar	ريبول	لغة برمجة	Q9143	programming language	21	https://ar.wikipedia.org/wiki/%D8%B1%D9%8A%D8%A8%D9%88%D9%84
http://www.wikidata.org/entity/Q13601748	ar	لغة بينان		Q34770	language	9	https://ar.wikipedia.org/wiki/%D9%84%D8%BA%D8%A9_%D8%A8%D9%8A%D9%86%D8%A7%D9%86
http://www.wikidata.org/entity/Q136217	ar	أرزنجان	مدينة داخلية في تركيا	Q515	city	82	https://ar.wikipedia.org/wiki/%D8%A3%D8%B1%D8%B2%D9%86%D8%AC%D8%A7%D9%86
http://www.wikidata.org/entity/Q13625	ar	فيبو فالينتيا	كومونا	Q515	city	83	https://ar.wikipedia.org/wiki/%D9%81%D9%8A%D8%A8%D9%88_%D9%81%D8%A7%D9%84%D9%8A%D9%86%D8%AA%D9%8A%D8%A7
http://www.wikidata.org/entity/Q13629	ar	سَسارة	مدينة في جزيرة سردينية الإيطالية	Q515	city	107	https://ar.wikipedia.org/wiki/%D8%B3%D8%B3%D8%A7%D8%B1%D8%A9
http://www.wikidata.org/entity/Q1363072	ar	كريول غويانا الفرنسية		Q34770	language	27	https://ar.wikipedia.org/wiki/%D9%83%D8%B1%D9%8A%D9%88%D9%84_%D8%BA%D9%88%D9%8A%D8%A7%D9%86%D8%A7_%D8%A7%D9%84%D9%81%D8%B1%D9%86%D8%B3%D9%8A%D8%A9
http://www.wikidata.org/entity/Q1364815	ar	كارينيك	عائلة لغوية	Q34770	language	33	https://ar.wikipedia.org/wiki/%D9%84%D8%BA%D8%A7%D8%AA_%D9%83%D8%A7%D8%B1%D9%8A%D9%86%D9%8A%D8%A9
http://www.wikidata.org/entity/Q13666	ar	مسينة	مدينة وبلدية إيطالية تقع شمال شرق صقلية	Q515	city	139	https://ar.wikipedia.org/wiki/%D9%85%D8%B3%D9%8A%D9%86%D8%A9
http://www.wikidata.org/entity/Q1366643	ar	الألمانية السويسرية الموحدة		Q34770	language	24	https://ar.wikipedia.org/wiki/%D8%A7%D9%84%D8%A3%D9%84%D9%85%D8%A7%D9%86%D9%8A%D8%A9_%D8%A7%D9%84%D8%B3%D9%88%D9%8A%D8%B3%D8%B1%D9%8A%D8%A9_%D8%A7%D9%84%D9%85%D9%88%D8%AD%D8%AF%D8%A9
http://www.wikidata.org/entity/Q13670	ar	سرقوسة	مدينة في جزيرة صقلية الإيطالية	Q515	city	119	https://ar.wikipedia.org/wiki/%D8%B3%D8%B1%D9%82%D9%88%D8%B3%D8%A9
http://www.wikidata.org/entity/Q13678	ar	جِرْجَنْت	كومونا	Q515	city	113	https://ar.wikipedia.org/wiki/%D8%AC%D8%B1%D8%AC%D9%86%D8%AA
http://www.wikidata.org/entity/Q1370318	ar	أكاديمية الفنون الإستونية	جامعة أستونية	Q3918	university	31	https://ar.wikipedia.org/wiki/%D8%A3%D9%83%D8%A7%D8%AF%D9%8A%D9%85%D9%8A%D8%A9_%D8%A7%D9%84%D9%81%D9%86%D9%88%D9%86_%D8%A7%D9%84%D8%A5%D8%B3%D8%AA%D9%88%D9%86%D9%8A%D8%A9
http://www.wikidata.org/entity/Q1372362	ar	جامعة غاكوشوين	جامعة في طوكيو، اليابان	Q3918	university	22	https://ar.wikipedia.org/wiki/%D8%AC%D8%A7%D9%85%D8%B9%D8%A9_%D8%BA%D8%A7%D9%83%D9%88%D8%B4%D9%88%D9%8A%D9%86
http://www.wikidata.org/entity/Q137271	ar	كوتا كينابالو	العاصمة صباح (دولة استعمرتها ماليزيا)	Q515	city	80	https://ar.wikipedia.org/wiki/%D9%83%D9%88%D8%AA%D8%A7_%D9%83%D9%8A%D9%86%D8%A7%D8%A8%D8%A7%D9%84%D9%88
http://www.wikidata.org/entity/Q137503	ar	جامعة وودج	جامعة في وودج، بولندا	Q3918	university	29	https://ar.wikipedia.org/wiki/%D8%AC%D8%A7%D9%85%D8%B9%D8%A9_%D9%88%D9%88%D8%AF%D8%AC
http://www.wikidata.org/entity/Q1382	ar	بيران	بلدة في سلوفينيا	Q515	city	72	https://ar.wikipedia.org/wiki/%D8%A8%D9%8A%D8%B1%D8%A7%D9%86_(%D9%85%D8%AF%D9%8A%D9%86%D8%A9)
http://www.wikidata.org/entity/Q138986	ar	زبيد	موقع تراث عالمي	Q515	city	57	https://ar.wikipedia.org/wiki/%D8%B2%D8%A8%D9%8A%D8%AF_(%D8%A7%D9%84%D8%AD%D8%AF%D9%8A%D8%AF%D8%A9)
http://www.wikidata.org/entity/Q1391724	ar	فاكتور		Q9143	programming language	14	
http://www.wikidata.org/entity/Q139242	ar	زاكاتيكاس		Q515	city	67	https://ar.wikipedia.org/wiki/%D8%B2%D8%A7%D9%83%D8%A7%D8%AA%D9%8A%D9%83%D8%A7%D8%B3
http://www.wikidata.org/entity/Q139380	ar	ميبل		Q9143	programming language	36	https://ar.wikipedia.org/wiki/%D9%85%D9%8A%D8%A8%D9%84_(%D8%A8%D8%B1%D9%86%D8%A7%D9%85%D8%AC)
http://www.wikidata.org/entity/Q13939	ar	تاراسا		Q515	city	92	https://ar.wikipedia.org/wiki/%D8%AA%D8%A7%D8%B1%D8%A7%D8%B3%D8%A7
http://www.wikidata.org/entity/Q13955	ar	العربية	لغة سامية يتحدثها سكان الوطن العربي	Q34770	language	308	https://ar.wikipedia.org/wiki/%D8%A7%D9%84%D9%84%D8%BA%D8%A9_%D8%A7%D9%84%D8%B9%D8%B1%D8%A8%D9%8A%D8%A9
http://www.wikidata.org/entity/Q139706	ar	باني بت	مستوطنة بشرية	Q515	city	55	https://ar.wikipedia.org/wiki/%D8%A8%D8%A7%D9%86%D9%8A_%D8%A8%D8%AA
http://www.wikidata.org/entity/Q140075	ar	غولد كوست	مدينة في إستراليا	Q515	city	93	https://ar.wikipedia.org/wiki/%D8%BA%D9%88%D9%84%D8%AF_%D9%83%D9%88%D8%B3%D8%AA
http://www.wikidata.org/entity/Q140304	ar	الزقازيق	مدينة في مصر	Q515	city	63	https://ar.wikipedia.org/wiki/%D8%A7%D9%84%D8%B2%D9%82%D8%A7%D8%B2%D9%8A%D9%82
http://www.wikidata.org/entity/Q140631	ar	تاينان		Q515	city	80	https://ar.wikipedia.org/wiki/%D8%AA%D8%A7%D9%8A%D9%86%D8%A7%D9%86
http://www.wikidata.org/entity/Q1410	ar	جبل طارق	منطقة إدارية تابعة لبريطانيا في إيبيريا	Q515	city	222	https://ar.wikipedia.org/wiki/%D8%AC%D8%A8%D9%84_%D8%B7%D8%A7%D8%B1%D9%82
http://www.wikidata.org/entity/Q1411222	ar	جامعة جورج ماسون	جامعة في الولايات المتحدة	Q3918	university	33	https://ar.wikipedia.org/wiki/%D8%AC%D8%A7%D9%85%D8%B9%D8%A9_%D8%AC%D9%88%D8%B1%D8%AC_%D9%85%D8%A7%D8%B3%D9%88%D9%86
http://www.wikidata.org/entity/Q1411245	ar	تي-سكيول		Q9143	programming language	21	https://ar.wikipedia.org/wiki/%D8%AA%D9%8A-%D8%B3%D9%83%D9%8A%D9%88%D9%84
http://www.wikidata.org/entity/Q1411875	ar	برمجة سلمية		Q9143	programming language	24	https://ar.wikipedia.org/wiki/%D8%A8%D8%B1%D9%85%D8%AC%D8%A9_%D8%B3%D9%84%D9%85%D9%8A%D8%A9
http://www.wikidata.org/entity/Q14171368	ar	المنتقمون: عصر ألترون		Q11424	film	81	https://ar.wikipedia.org/wiki/%D8%A7%D9%84%D9%85%D9%86%D8%AA%D9%82%D9%85%D9%88%D9%86:_%D8%B9%D8%B5%D8%B1_%D8%A3%D9%84%D8%AA%D8%B1%D9%88%D9%86
http://www.wikidata.org/entity/Q1419737	ar	مدرسة جيلدهول	جامعة في مدينة لندن، المملكة المتحدة	Q3918	university	25	https://ar.wikipedia.org/wiki/%D9%85%D8%AF%D8%B1%D8%B3%D8%A9_%D8%AC%D9%8A%D9%84%D8%AF%D9%87%D9%88%D9%84
http://www.wikidata.org/entity/Q142	ar	فرنسا	دولة في غرب أوروبا	Q6256	country	413	https://ar.wikipedia.org/wiki/%D9%81%D8%B1%D9%86%D8%B3%D8%A7
http://www.wikidata.org/entity/Q1420205	ar	لغة بلارية	لغة في غرب أفريقيا	Q34770	language	16	https://ar.wikipedia.org/wiki/%D9%84%D8%BA%D8%A9_%D8%A8%D9%84%D8%A7%D8%B1%D9%8A%D8%A9
http://www.wikidata.org/entity/Q1420239	ar	جامعة تمبل	جامعة في فيلادلفيا، الولايات المتحدة	Q3918	university	35	https://ar.wikipedia.org/wiki/%D8%AC%D8%A7%D9%85%D8%B9%D8%A9_%D8%AA%D9%85%D8%A8%D9%84
http://www.wikidata.org/entity/Q1422458	ar	جامعة باث	جامعة في باث، المملكة المتحدة	Q3918	university	36	https://ar.wikipedia.org/wiki/%D8%AC%D8%A7%D9%85%D8%B9%D8%A9_%D8%A8%D8%A7%D8%AB
http://www.wikidata.org/entity/Q1425428	ar	نيوكاسل أبون تاين	مدينة في المملكة المتحدة	Q515	city	118	https://ar.wikipedia.org/wiki/%D9%86%D9%8A%D9%88%D9%83%D8%A7%D8%B3%D9%84_%D8%A3%D8%A8%D9%88%D9%86_%D8%AA%D8%A7%D9%8A%D9%86
http://www.wikidata.org/entity/Q1430113	ar	معهد اللغات والحضارات الشرقية بباريس	معهد فرنسي للدراسات اللغوية	Q3918	university	41	https://ar.wikipedia.org/wiki/%D9%85%D8%B9%D9%87%D8%AF_%D8%A7%D9%84%D9%84%D8%BA%D8%A7%D8%AA_%D9%88%D8%A7%D9%84%D8%AD%D8%B6%D8%A7%D8%B1%D8%A7%D8%AA_%D8%A7%D9%84%D8%B4%D8%B1%D9%82%D9%8A%D8%A9_%D8%A8%D8%A8%D8%A7%D8%B1%D9%8A%D8%B3
http://www.wikidata.org/entity/Q1432632	ar	جامعة ريدنغ	جامعة في ريدنغ، المملكة المتحدة	Q3918	university	34	https://ar.wikipedia.org/wiki/%D8%AC%D8%A7%D9%85%D8%B9%D8%A9_%D8%B1%D9%8A%D8%AF%D9%86%D8%BA
http://www.wikidata.org/entity/Q143419	ar	بليتز بيسيك	لغة برمجة	Q9143	programming language	17	
http://www.wikidata.org/entity/Q1436816	ar	تيروباتي	مستوطنة في الهند	Q515	city	60	https://ar.wikipedia.org/wiki/%D8%AA%D9%8A%D8%B1%D9%88%D8%A8%D8%A7%D8%AA%D9%8A
http://www.wikidata.org/entity/Q144488	ar	جامعة وارسو	جامعة في بولندا	Q3918	university	63	https://ar.wikipedia.org/wiki/%D8%AC%D8%A7%D9%85%D8%B9%D8%A9_%D9%88%D8%A7%D8%B1%D8%B3%D9%88
http://www.wikidata.org/entity/Q1446181	ar	كلية هانتر	جامعة أمريكية	Q3918	university	21	https://ar.wikipedia.org/wiki/%D9%83%D9%84%D9%8A%D8%A9_%D9%87%D8%A7%D9%86%D8%AA%D8%B1
http://www.wikidata.org/entity/Q144983	ar	بانسكا بيستريتسا	بلدية في سلوفاكيا	Q515	city	91	https://ar.wikipedia.org/wiki/%D8%A8%D8%A7%D9%86%D8%B3%D9%83%D8%A7_%D8%A8%D9%8A%D8%B3%D8%AA%D8%B1%D9%8A%D8%AA%D8%B3%D8%A7
http://www.wikidata.org/entity/Q145	ar	المملكة المتحدة	دولة في شمال غرب أوروبا	Q6256	country	391	https://ar.wikipedia.org/wiki/%D8%A7%D9%84%D9%85%D9%85%D9%84%D9%83%D8%A9_%D8%A7%D9%84%D9%85%D8%AA%D8%AD%D8%AF%D8%A9
http://www.wikidata.org/entity/Q145002	ar	ترنتشين	بلدية في سلوفاكيا	Q515	city	80	https://ar.wikipedia.org/wiki/%D8%AA%D8%B1%D9%86%D8%AA%D8%B4%D9%8A%D9%86
http://www.wikidata.org/entity/Q1453196	ar	مظفربور		Q515	city	53	https://ar.wikipedia.org/wiki/%D9%85%D8%B8%D9%81%D8%B1%D8%A8%D9%88%D8%B1
http://www.wikidata.org/entity/Q1458695	ar	جامعة خاركيف الوطنية باسم فاسيلي كارازين	جامعة أوكرانية في مدينة خاركيف	Q3918	university	39	https://ar.wikipedia.org/wiki/%D8%AC%D8%A7%D9%85%D8%B9%D8%A9_%D8%AE%D8%A7%D8%B1%D9%83%D9%8A%D9%81_%D8%A7%D9%84%D9%88%D8%B7%D9%86%D9%8A%D8%A9_%D8%A8%D8%A7%D8%B3%D9%85_%D9%81%D8%A7%D8%B3%D9%8A%D9%84%D9%8A_%D9%83%D8%A7%D8%B1%D8%A7%D8%B2%D9%8A%D9%86
http://www.wikidata.org/entity/Q145972	ar	زاموشتش	مدينة تقع جنوب شرق بولندا	Q515	city	78	https://ar.wikipedia.org/wiki/%D8%B2%D8%A7%D9%85%D9%88%D8%B4%D8%AA%D8%B4
http://www.wikidata.org/entity/Q146307	ar	ديتشين	بلدة في التشيك	Q515	city	68	https://ar.wikipedia.org/wiki/%D8%AF%D9%8A%D8%AA%D8%B4%D9%8A%D9%86
http://www.wikidata.org/entity/Q1463356	ar	جامعة أكوريري	جامعة في أكوريري، آيسلندا	Q3918	university	25	https://ar.wikipedia.org/wiki/%D8%AC%D8%A7%D9%85%D8%B9%D8%A9_%D8%A3%D9%83%D9%88%D8%B1%D9%8A%D8%B1%D9%8A
http://www.wikidata.org/entity/Q146342	ar	تبليتسه	مدينة في التشيك	Q515	city	70	https://ar.wikipedia.org/wiki/%D8%AA%D8%A8%D9%84%D9%8A%D8%AA%D8%B3%D9%87
http://www.wikidata.org/entity/Q146356	ar	خوموتوف	بلدة في إقليم أوستي ناد لابم في جمهورية التشيك	Q515	city	60	https://ar.wikipedia.org/wiki/%D8%AE%D9%88%D9%85%D9%88%D8%AA%D9%88%D9%81
http://www.wikidata.org/entity/Q146509	ar	كرشيشوفيتسي	مستوطنة في محافظة بولندا الصغرى	Q515	city	60	https://ar.wikipedia.org/wiki/%D9%83%D8%B1%D8%B4%D9%8A%D8%B4%D9%88%D9%81%D9%8A%D8%AA%D8%B3%D9%8A
http://www.wikidata.org/entity/Q1465448	ar	جامعة بوليتكنيكا في بوخارست	جامعة في بوخارست، رومانيا	Q3918	university	20	https://ar.wikipedia.org/wiki/%D8%AC%D8%A7%D9%85%D8%B9%D8%A9_%D8%A8%D9%88%D9%84%D9%8A%D8%AA%D9%83%D9%86%D9%8A%D9%83%D8%A7_%D9%81%D9%8A_%D8%A8%D9%88%D8%AE%D8%A7%D8%B1%D8%B3%D8%AA
http://www.wikidata.org/entity/Q1468607	ar	جامعة ليبرتي	جامعة في فرجينيا، الولايات المتحدة	Q3918	university	22	https://ar.wikipedia.org/wiki/%D8%AC%D8%A7%D9%85%D8%B9%D8%A9_%D9%84%D9%8A%D8%A8%D8%B1%D8%AA%D9%8A
http://www.wikidata.org/entity/Q1470769	ar	جامعة أغدر	جامعة في كريستيانساند، النرويج	Q3918	university	21	https://ar.wikipedia.org/wiki/%D8%AC%D8%A7%D9%85%D8%B9%D8%A9_%D8%A3%D8%BA%D8%AF%D8%B1
http://www.wikidata.org/entity/Q147089	ar	مانيسا	مدينة تركية	Q515	city	88	https://ar.wikipedia.org/wiki/%D9%85%D8%A7%D9%86%D9%8A%D8%B3%D8%A7_(%D9%85%D8%AF%D9%8A%D9%86%D8%A9)
http://www.wikidata.org/entity/Q1472213	ar	عربية شمالية قديمة	اللغة العربية الشمالية	Q34770	language	11	https://ar.wikipedia.org/wiki/%D8%B9%D8%B1%D8%A8%D9%8A%D8%A9_%D8%B4%D9%85%D8%A7%D9%84%D9%8A%D8%A9_%D9%82%D8%AF%D9%8A%D9%85%D8%A9
http://www.wikidata.org/entity/Q147243	ar	شتيب	مدينة تقع في القسم الشرقي من جمهورية مقدونيا	Q515	city	61	https://ar.wikipedia.org/wiki/%D8%B4%D8%AA%D9%8A%D8%A8
http://www.wikidata.org/entity/Q1473289	ar	اللغة الفرنسية الوسطى	اللغة الفرنسية المستخدمة في الفترة من 1350 إلى 1600 تقريبًا	Q34770	language	35	https://ar.wikipedia.org/wiki/%D8%A7%D9%84%D9%84%D8%BA%D8%A9_%D8%A7%D9%84%D9%81%D8%B1%D9%86%D8%B3%D9%8A%D8%A9_%D8%A7%D9%84%D9%88%D8%B3%D8%B7%D9%89
http://www.wikidata.org/entity/Q147402	ar	سابوبان، خاليسكو		Q515	city	98	https://ar.wikipedia.org/wiki/%D8%B3%D8%A7%D8%A8%D9%88%D8%A8%D8%A7%D9%86_(%D8%AE%D8%A7%D9%84%D9%8A%D8%B3%D9%83%D9%88)
http://www.wikidata.org/entity/Q1474656	ar	جامعة أثينا للاقتصاد والأعمال	جامعة يونانية	Q3918	university	20	https://ar.wikipedia.org/wiki/%D8%AC%D8%A7%D9%85%D8%B9%D8%A9_%D8%A3%D8%AB%D9%8A%D9%86%D8%A7_%D9%84%D9%84%D8%A7%D9%82%D8%AA%D8%B5%D8%A7%D8%AF_%D9%88%D8%A7%D9%84%D8%A3%D8%B9%D9%85%D8%A7%D9%84
http://www.wikidata.org/entity/Q14759	ar	لغة الإشارة الأمريكية		Q34770	language	66	https://ar.wikipedia.org/wiki/%D9%84%D8%BA%D8%A9_%D8%A7%D9%84%D8%A5%D8%B4%D8%A7%D8%B1%D8%A9_%D8%A7%D9%84%D8%A3%D9%85%D8%B1%D9%8A%D9%83%D9%8A%D8%A9
http://www.wikidata.org/entity/Q1477607	ar	جامعة البصرة	جامعة في العراق	Q3918	university	20	https://ar.wikipedia.org/wiki/%D8%AC%D8%A7%D9%85%D8%B9%D8%A9_%D8%A7%D9%84%D8%A8%D8%B5%D8%B1%D8%A9
http://www.wikidata.org/entity/Q147934	ar	جيلينيا جورا		Q515	city	61	https://ar.wikipedia.org/wiki/%D8%AC%D9%8A%D9%84%D9%8A%D9%86%D9%8A%D8%A7_%D8%AC%D9%88%D8%B1%D8%A7
http://www.wikidata.org/entity/Q147975	ar	زاريا		Q515	city	56	https://ar.wikipedia.org/wiki/%D8%B2%D8%A7%D8%B1%D9%8A%D8%A7_(%D9%85%D8%AF%D9%8A%D9%86%D8%A9)
http://www.wikidata.org/entity/Q148	ar	الصين	دولة في شرق آسيا	Q6256	country	397	https://ar.wikipedia.org/wiki/%D8%A7%D9%84%D8%B5%D9%8A%D9%86
http://www.wikidata.org/entity/Q148062	ar	الزرقاء	مدينة في الأردن	Q515	city	62	https://ar.wikipedia.org/wiki/%D8%A7%D9%84%D8%B2%D8%B1%D9%82%D8%A7%D8%A1_(%D9%85%D8%AF%D9%8A%D9%86%D8%A9)
http://www.wikidata.org/entity/Q1486208	ar	جنو جيويل		Q9143	programming language	15	
http://www.wikidata.org/entity/Q1489	ar	مدينة مكسيكو	عاصمة جمهورية المكسيك وأكبر مدنها	Q515	city	254	https://ar.wikipedia.org/wiki/%D9%85%D8%AF%D9%8A%D9%86%D8%A9_%D9%85%D9%83%D8%B3%D9%8A%D9%83%D9%88
http://www.wikidata.org/entity/Q14916905	ar	لغة سيروا		Q34770	language	9	https://ar.wikipedia.org/wiki/%D9%84%D8%BA%D8%A9_%D8%B3%D9%8A%D8%B1%D9%88%D8%A7
http://www.wikidata.org/entity/Q1492	ar	برشلونة	مدينة إسبانية تقع شرق البلاد وثاني أكبر مدنها	Q515	city	245	https://ar.wikipedia.org/wiki/%D8%A8%D8%B1%D8%B4%D9%84%D9%88%D9%86%D8%A9
http://www.wikidata.org/entity/Q1494353	ar	جامعة أيرلانجا	جامعة في سورابايا، إندونيسيا	Q3918	university	40	https://ar.wikipedia.org/wiki/%D8%AC%D8%A7%D9%85%D8%B9%D8%A9_%D8%A3%D9%8A%D8%B1%D9%84%D8%A7%D9%86%D8%AC%D8%A7
http://www.wikidata.org/entity/Q14957	ar	بابنبورغ		Q515	city	53	https://ar.wikipedia.org/wiki/%D8%A8%D8%A7%D8%A8%D9%86%D8%A8%D9%88%D8%B1%D8%BA
http://www.wikidata.org/entity/Q149588	ar	لغة بوميرانية		Q34770	language	21	https://ar.wikipedia.org/wiki/%D9%84%D8%BA%D8%A9_%D8%A8%D9%88%D9%85%D9%8A%D8%B1%D8%A7%D9%86%D9%8A%D8%A9
http://www.wikidata.org/entity/Q1496597	ar	الكردية الخوارينية (الكردية الجنوبية)	لهجة كردية	Q34770	language	27	https://ar.wikipedia.org/wiki/%D9%83%D8%B1%D8%AF%D9%8A%D8%A9_%D8%AC%D9%86%D9%88%D8%A8%D9%8A%D8%A9
http://www.wikidata.org/entity/Q1496662	ar	جامعة غازي	جامعة في أنقرة، تركيا	Q3918	university	21	https://ar.wikipedia.org/wiki/%D8%AC%D8%A7%D9%85%D8%B9%D8%A9_%D8%BA%D8%A7%D8%B2%D9%8A
http://www.wikidata.org/entity/Q1499115	ar	هنجليزية		Q34770	language	18	https://ar.wikipedia.org/wiki/%D9%87%D9%86%D8%AC%D9%84%D9%8A%D8%B2%D9%8A%D8%A9
http://www.wikidata.org/entity/Q149990	ar	جامعة روتشستر	جامعة في روتشستر، الولايات المتحدة	Q3918	university	42	https://ar.wikipedia.org/wiki/%D8%AC%D8%A7%D9%85%D8%B9%D8%A9_%D8%B1%D9%88%D8%AA%D8%B4%D8%B3%D8%AA%D8%B1
http://www.wikidata.org/entity/Q150	ar	الفرنسية	لغة رومانسية يُتحدَّث بها في فرنسا وكندا وأكثر من 28 دولة أخرى.	Q34770	language	348	https://ar.wikipedia.org/wiki/%D8%A7%D9%84%D9%84%D8%BA%D8%A9_%D8%A7%D9%84%D9%81%D8%B1%D9%86%D8%B3%D9%8A%D8%A9
http://www.wikidata.org/entity/Q15080869	ar	إيلو		Q34770	language	12	
http://www.wikidata.org/entity/Q15085	ar	البيمنتية	لغة رومية	Q34770	language	93	https://ar.wikipedia.org/wiki/%D8%A7%D9%84%D9%84%D8%BA%D8%A9_%D8%A7%D9%84%D8%A8%D9%8A%D8%AF%D9%85%D9%88%D9%86%D8%AA%D9%8A%D8%A9
http://www.wikidata.org/entity/Q150901	ar	ذا دارك سايد أوف ذا مون	ألبوم من أداء بينك فلويد	Q482994	album	63	https://ar.wikipedia.org/wiki/%D8%B0%D8%A7_%D8%AF%D8%A7%D8%B1%D9%83_%D8%B3%D8%A7%D9%8A%D8%AF_%D8%A3%D9%88%D9%81_%D8%B0%D8%A7_%D9%85%D9%88%D9%86
http://www.wikidata.org/entity/Q15092	ar	قسطلونة	مدينة إسبانية	Q515	city	83	https://ar.wikipedia.org/wiki/%D9%82%D8%B3%D8%B7%D9%84%D9%88%D9%86%D8%A9_(%D8%A8%D9%84%D9%86%D8%B3%D9%8A%D8%A9)
http://www.wikidata.org/entity/Q151114	ar	ذا وول	ألبوم صدر عام 1979	Q482994	album	52	https://ar.wikipedia.org/wiki/%D8%B0%D8%A7_%D9%88%D9%88%D9%84
http://www.wikidata.org/entity/Q1513	ar	ناغبور	مدينة في الهند	Q515	city	100	https://ar.wikipedia.org/wiki/%D9%86%D8%A7%D8%BA%D8%A8%D9%88%D8%B1
http://www.wikidata.org/entity/Q15142	ar	جامعة ماساتشوستس في أمهرست	جامعة في الولايات المتحدة	Q3918	university	29	https://ar.wikipedia.org/wiki/%D8%AC%D8%A7%D9%85%D8%B9%D8%A9_%D9%85%D8%A7%D8%B3%D8%A7%D8%AA%D8%B4%D9%88%D8%B3%D8%AA%D8%B3_%D9%81%D9%8A_%D8%A3%D9%85%D9%87%D8%B1%D8%B3%D8%AA
http://www.wikidata.org/entity/Q1515	ar	أبيدجان	أكبر مدينة في ساحل العاج والعاصمة السابقة لها	Q515	city	155	https://ar.wikipedia.org/wiki/%D8%A3%D8%A8%D9%8A%D8%AF%D8%AC%D8%A7%D9%86
http://www.wikidata.org/entity/Q151657	ar	داث ماغنتيك	ألبوم صدر عام 2008	Q482994	album	42	https://ar.wikipedia.org/wiki/%D8%AF%D8%A7%D8%AB_%D9%85%D8%A7%D8%BA%D9%86%D8%AA%D9%8A%D9%83_(%D8%A3%D9%84%D8%A8%D9%88%D9%85)
http://www.wikidata.org/entity/Q1517021	ar	جامعة أستراليا الغربية	جامعة تقع في مدينة بيرث بولاية أستراليا الغربية	Q3918	university	41	https://ar.wikipedia.org/wiki/%D8%AC%D8%A7%D9%85%D8%B9%D8%A9_%D8%A3%D8%B3%D8%AA%D8%B1%D8%A7%D9%84%D9%8A%D8%A7_%D8%A7%D9%84%D8%BA%D8%B1%D8%A8%D9%8A%D8%A9
http://www.wikidata.org/entity/Q15174	ar	شينزين	مدينة في جنوب الصين قريبة من هونغ كونغ	Q515	city	135	https://ar.wikipedia.org/wiki/%D8%B4%D9%86%D8%AC%D9%86_(%D8%A7%D9%84%D8%B5%D9%8A%D9%86)
http://www.wikidata.org/entity/Q151880	ar	اعترافات على حلبة الرقص	ألبوم من أداء مادونا	Q482994	album	41	https://ar.wikipedia.org/wiki/%D8%A7%D8%B9%D8%AA%D8%B1%D8%A7%D9%81%D8%A7%D8%AA_%D8%B9%D9%84%D9%89_%D8%AD%D9%84%D8%A8%D8%A9_%D8%A7%D9%84%D8%B1%D9%82%D8%B5
http://www.wikidata.org/entity/Q1519	ar	أبو ظبي	عاصمة الإمارات العربية المتحدة	Q515	city	184	https://ar.wikipedia.org/wiki/%D8%A3%D8%A8%D9%88%D8%B8%D8%A8%D9%8A
http://www.wikidata.org/entity/Q151920	ar	طبريا	مدينة في إسرائيل	Q515	city	82	https://ar.wikipedia.org/wiki/%D8%B7%D8%A8%D8%B1%D9%8A%D8%A9
http://www.wikidata.org/entity/Q152368	ar	بيسان	مدينة قديمة في فلسطين المحتلة	Q515	city	52	https://ar.wikipedia.org/wiki/%D8%A8%D9%8A%D8%B3%D8%A7%D9%86
http://www.wikidata.org/entity/Q1523902	ar	جامعة ألكسندرو إيوان كوزا	جامعة في رومانيا	Q3918	university	33	https://ar.wikipedia.org/wiki/%D8%AC%D8%A7%D9%85%D8%B9%D8%A9_%D8%A3%D9%84%D9%83%D8%B3%D9%86%D8%AF%D8%B1%D9%88_%D8%A5%D9%8A%D9%88%D8%A7%D9%86_%D9%83%D9%88%D8%B2%D8%A7
http://www.wikidata.org/entity/Q152396	ar	ديمونا	مدينة في إسرائيل	Q515	city	51	https://ar.wikipedia.org/wiki/%D8%AF%D9%8A%D9%85%D9%88%D9%86%D8%A7
http://www.wikidata.org/entity/Q15241057	ar	لغة ولفرام	بيئة ولغة برمجية	Q9143	programming language	17	https://ar.wikipedia.org/wiki/%D9%88%D9%84%D9%81%D8%B1%D8%A7%D9%85_(%D9%84%D8%BA%D8%A9_%D8%A8%D8%B1%D9%85%D8%AC%D8%A9)
http://www.wikidata.org/entity/Q152436	ar	كفار سابا	مدينة في إسرائيل	Q515	city	52	https://ar.wikipedia.org/wiki/%D9%83%D9%81%D8%A7%D8%B1_%D8%B3%D8%A7%D8%A8%D8%A7
http://www.wikidata.org/entity/Q152449	ar	بيت شيمش	مدينة يهودية في إسرائيل	Q515	city	55	https://ar.wikipedia.org/wiki/%D8%A8%D9%8A%D8%AA_%D8%B4%D9%8A%D9%85%D8%B4
http://www.wikidata.org/entity/Q152467	ar	بني براك	مستوطنة في إسرائيل	Q515	city	55	https://ar.wikipedia.org/wiki/%D8%A8%D9%86%D9%8A_%D8%A8%D8%B1%D8%A7%D9%83
http://www.wikidata.org/entity/Q152473	ar	عراد	مدينة في إسرائيل	Q515	city	50	https://ar.wikipedia.org/wiki/%D8%B9%D8%B1%D8%A7%D8%AF_(%D8%A7%D9%84%D9%86%D9%82%D8%A8)
http://www.wikidata.org/entity/Q152491	ar	هرتسليا	مدينة إسرائيلية	Q515	city	60	https://ar.wikipedia.org/wiki/%D9%87%D8%B1%D8%AA%D8%B3%D9%84%D9%8A%D8%A7
http://www.wikidata.org/entity/Q1524992	ar	الجامعة الإسلامية العالمية	جامعة في ماليزيا	Q3918	university	25	https://ar.wikipedia.org/wiki/%D8%A7%D9%84%D8%AC%D8%A7%D9%85%D8%B9%D8%A9_%D8%A7%D9%84%D8%A5%D8%B3%D9%84%D8%A7%D9%85%D9%8A%D8%A9_%D8%A7%D9%84%D8%B9%D8%A7%D9%84%D9%85%D9%8A%D8%A9_(%D9%85%D8%A7%D9%84%D9%8A%D8%B2%D9%8A%D8%A7)
http://www.wikidata.org/entity/Q152831	ar	دهوك	مدينة في كردستان	Q515	city	57	https://ar.wikipedia.org/wiki/%D8%AF%D9%87%D9%88%D9%83
http://www.wikidata.org/entity/Q152902	ar	تنجا		Q515	city	56	https://ar.wikipedia.org/wiki/%D8%AA%D9%86%D8%AC%D8%A7
http://www.wikidata.org/entity/Q1533	ar	كراكاس	عاصمة فنزويلا	Q515	city	216	https://ar.wikipedia.org/wiki/%D9%83%D8%B1%D8%A7%D9%83%D8%A7%D8%B3
http://www.wikidata.org/entity/Q153723	ar	أوغاد مجهولون	فيلم أُصدر سنة 2009، من إخراج كوينتن تارانتينو وإيلي روث	Q11424	film	80	https://ar.wikipedia.org/wiki/%D8%A3%D9%88%D8%BA%D8%A7%D8%AF_%D9%85%D8%AC%D9%87%D9%88%D9%84%D9%88%D9%86
http://www.wikidata.org/entity/Q1537759	ar	جامعة لويولا شيكاغو	جامعة أمريكية	Q3918	university	27	https://ar.wikipedia.org/wiki/%D8%AC%D8%A7%D9%85%D8%B9%D8%A9_%D9%84%D9%88%D9%8A%D9%88%D9%84%D8%A7_%D8%B4%D9%8A%D9%83%D8%A7%D8%BA%D9%88
http://www.wikidata.org/entity/Q1538	ar	بونه	منطقة مأهولة في الهند	Q515	city	127	https://ar.wikipedia.org/wiki/%D8%A8%D9%88%D9%86%D9%87
http://www.wikidata.org/entity/Q1542386	ar	جامعة روسكيلدا	جامعة في الدنمارك	Q3918	university	21	https://ar.wikipedia.org/wiki/%D8%AC%D8%A7%D9%85%D8%B9%D8%A9_%D8%B1%D9%88%D8%B3%D9%83%D9%8A%D9%84%D8%AF%D8%A7
http://www.wikidata.org/entity/Q1542418	ar	جامعة ريكيافيك	جامعة في ريكيافيك، آيسلندا	Q3918	university	28	https://ar.wikipedia.org/wiki/%D8%AC%D8%A7%D9%85%D8%B9%D8%A9_%D8%B1%D9%8A%D9%83%D9%8A%D8%A7%D9%81%D9%8A%D9%83
http://www.wikidata.org/entity/Q1543126	ar	المركز الجامعي في سفالبارد	جامعة في لونغييربين، النرويج	Q3918	university	23	https://ar.wikipedia.org/wiki/%D8%A7%D9%84%D9%85%D8%B1%D9%83%D8%B2_%D8%A7%D9%84%D8%AC%D8%A7%D9%85%D8%B9%D9%8A_%D9%81%D9%8A_%D8%B3%D9%81%D8%A7%D9%84%D8%A8%D8%A7%D8%B1%D8%AF
http://www.wikidata.org/entity/Q1546906	ar	جامعة كا فوسكاري في فينيسيا	جامعة في البندقية، إيطاليا	Q3918	university	33	https://ar.wikipedia.org/wiki/%D8%AC%D8%A7%D9%85%D8%B9%D8%A9_%D9%83%D8%A7_%D9%81%D9%88%D8%B3%D9%83%D8%A7%D8%B1%D9%8A_%D9%81%D9%8A_%D8%A7%D9%84%D8%A8%D9%86%D8%AF%D9%82%D9%8A%D8%A9
http://www.wikidata.org/entity/Q1547084	ar	جامعة تفنته	جامعة في أنسخديه، هولندا	Q3918	university	28	
http://www.wikidata.org/entity/Q1547448	ar	تيكو		Q9143	programming language	16	https://ar.wikipedia.org/wiki/%D8%AA%D9%8A%D9%83%D9%88_(%D9%85%D8%AD%D8%B1%D8%B1_%D9%86%D8%B5%D9%88%D8%B5)
http://www.wikidata.org/entity/Q154755	ar	أيدا	لغة برمجة	Q9143	programming language	76	https://ar.wikipedia.org/wiki/%D8%A3%D9%8A%D8%AF%D8%A7_(%D9%84%D8%BA%D8%A9_%D8%A8%D8%B1%D9%85%D8%AC%D8%A9)
http://www.wikidata.org/entity/Q154797	ar	بوندستاغ	الهيئة التشريعية في ألمانيا، البرلمان.	Q43229	organization	90	https://ar.wikipedia.org/wiki/%D8%A8%D9%88%D9%86%D8%AF%D8%B3%D8%AA%D8%A7%D8%BA
http://www.wikidata.org/entity/Q154897	ar	أبينرا	مدينة دنماركية	Q515	city	55	
http://www.wikidata.org/entity/Q155	ar	البرازيل	دولة فدرالية في أمريكا الجنوبية وتعد اكبر دولة في القارة	Q6256	country	384	https://ar.wikipedia.org/wiki/%D8%A7%D9%84%D8%A8%D8%B1%D8%A7%D8%B2%D9%8A%D9%84
http://www.wikidata.org/entity/Q155169	ar	21	ألبوم من أداء أديل	Q482994	album	42	https://ar.wikipedia.org/wiki/21_(%D8%A3%D9%84%D8%A8%D9%88%D9%85)
http://www.wikidata.org/entity/Q1555	ar	غواتيمالا العاصمة	عاصمة جمهورية غواتيمالا وأكبر مُدنها	Q515	city	154	https://ar.wikipedia.org/wiki/%D8%BA%D9%88%D8%A7%D8%AA%D9%8A%D9%85%D8%A7%D9%84%D8%A7_(%D9%85%D8%AF%D9%8A%D9%86%D8%A9)
http://www.wikidata.org/entity/Q15570	ar	الجامعة الصينية في هونغ كونغ		Q3918	university	38	https://ar.wikipedia.org/wiki/%D8%A7%D9%84%D8%AC%D8%A7%D9%85%D8%B9%D8%A9_%D8%A7%D9%84%D8%B5%D9%8A%D9%86%D9%8A%D8%A9_%D9%81%D9%8A_%D9%87%D9%88%D9%86%D8%BA_%D9%83%D9%88%D9%86%D8%BA
http://www.wikidata.org/entity/Q155715	ar	باك إن بلاك	ألبوم صدر عام 1980	Q482994	album	44	https://ar.wikipedia.org/wiki/%D8%A8%D8%A7%D9%83_%D8%A5%D9%86_%D8%A8%D9%84%D8%A7%D9%83
http://www.wikidata.org/entity/Q155915	ar	قسطمونة	مدينة تركية	Q515	city	70	https://ar.wikipedia.org/wiki/%D9%82%D8%B3%D8%B7%D9%85%D9%88%D9%86%D8%A9
http://www.wikidata.org/entity/Q155993	ar	كلادنو		Q515	city	73	https://ar.wikipedia.org/wiki/%D9%83%D9%84%D8%A7%D8%AF%D9%86%D9%88
http://www.wikidata.org/entity/Q1563	ar	هافانا	عاصمة دولة كوبا	Q515	city	197	https://ar.wikipedia.org/wiki/%D9%87%D8%A7%D9%81%D8%A7%D9%86%D8%A7
http://www.wikidata.org/entity/Q1563050	ar	جامعة ماكاو	جامعة في ماكاو، الصين	Q3918	university	24	https://ar.wikipedia.org/wiki/%D8%AC%D8%A7%D9%85%D8%B9%D8%A9_%D9%85%D8%A7%D9%83%D8%A7%D9%88
http://www.wikidata.org/entity/Q15637215	ar	وسط كانوري	لغة جنوب الصحراء الكبرى	Q34770	language	7	
http://www.wikidata.org/entity/Q15640	ar	سان خوان ديسباي		Q515	city	55	https://ar.wikipedia.org/wiki/%D8%B3%D8%A7%D9%86_%D8%AE%D9%88%D8%A7%D9%86_%D8%AF%D9%8A%D8%B3%D8%A8%D8%A7%D9%8A
http://www.wikidata.org/entity/Q156558	ar	فيض آباد	مستوطنة في أفغانستان	Q515	city	62	https://ar.wikipedia.org/wiki/%D9%81%D9%8A%D8%B6_%D8%A2%D8%A8%D8%A7%D8%AF_(%D8%A3%D9%81%D8%BA%D8%A7%D9%86%D8%B3%D8%AA%D8%A7%D9%86)
http://www.wikidata.org/entity/Q156598	ar	جامعة ليدن	أول جامعة هولندية	Q3918	university	80	https://ar.wikipedia.org/wiki/%D8%AC%D8%A7%D9%85%D8%B9%D8%A9_%D9%84%D9%8A%D8%AF%D9%86
http://www.wikidata.org/entity/Q156598	ar	جامعة ليدن	أول جامعة هولندية	Q43229	organization	80	https://ar.wikipedia.org/wiki/%D8%AC%D8%A7%D9%85%D8%B9%D8%A9_%D9%84%D9%8A%D8%AF%D9%86
http://www.wikidata.org/entity/Q15679	ar	بطليوس	مدينة إسبانية	Q515	city	93	https://ar.wikipedia.org/wiki/%D8%A8%D8%B7%D9%84%D9%8A%D9%88%D8%B3
http://www.wikidata.org/entity/Q15684	ar	شقوبية	البلدية الإسبانية ، في Castilla y León ، عاصمة المقاطعة التي تحمل الاسم نفسه	Q515	city	102	https://ar.wikipedia.org/wiki/%D8%B4%D9%82%D9%88%D8%A8%D9%8A%D8%A9
http://www.wikidata.org/entity/Q156858	ar	ستروغا		Q515	city	55	https://ar.wikipedia.org/wiki/%D8%B3%D8%AA%D8%B1%D9%88%D8%BA%D8%A7
http://www.wikidata.org/entity/Q15688	ar	آبلة	بلدية إسبانية في مقاطعة آبلة	Q515	city	99	https://ar.wikipedia.org/wiki/%D8%A2%D8%A8%D9%84%D8%A9
http://www.wikidata.org/entity/Q156974	ar	أوستي ناد لابم		Q515	city	81	https://ar.wikipedia.org/wiki/%D8%A3%D9%88%D8%B3%D8%AA%D9%8A_%D9%86%D8%A7%D8%AF_%D9%84%D8%A7%D8%A8%D9%85
http://www.wikidata.org/entity/Q157024	ar	تيتوفو	مدينة مقدونية	Q515	city	74	https://ar.wikipedia.org/wiki/%D8%AA%D9%8A%D8%AA%D9%88%D9%81%D9%88
http://www.wikidata.org/entity/Q157032	ar	بريليب	مدينة في مقدونيا الشمالية	Q515	city	69	https://ar.wikipedia.org/wiki/%D8%A8%D8%B1%D9%8A%D9%84%D9%8A%D8%A8
http://www.wikidata.org/entity/Q157050	ar	فيليس		Q515	city	58	https://ar.wikipedia.org/wiki/%D9%81%D9%8A%D9%84%D9%8A%D8%B3_(%D9%85%D8%AF%D9%8A%D9%86%D8%A9)
http://www.wikidata.org/entity/Q1571077	ar	نتوايد أسمبلر	عبارة عن مجّمِع حر ومفتوح المصدر لإنشاء برامج 16بت،32بت و64بت	Q9143	programming language	22	https://ar.wikipedia.org/wiki/%D9%86%D8%AA%D9%88%D8%A7%D9%8A%D8%AF_%D8%A3%D8%B3%D9%85%D8%A8%D9%84%D8%B1
http://www.wikidata.org/entity/Q157246	ar	بوتلي	مدينة في جمهورية مقدونية الشمالية اسمها بالتركية "منستير"	Q515	city	88	https://ar.wikipedia.org/wiki/%D8%A8%D9%88%D8%AA%D9%84%D9%8A
http://www.wikidata.org/entity/Q1572865	ar	ساس (لغة تنسيق صفحات الويب)		Q9143	programming language	25	https://ar.wikipedia.org/wiki/%D8%B3%D8%A7%D8%B3_(%D9%84%D8%BA%D8%A9_%D8%AA%D9%86%D8%B3%D9%8A%D9%82_%D8%B5%D9%81%D8%AD%D8%A7%D8%AA_%D8%A7%D9%84%D9%88%D9%8A%D8%A8)
http://www.wikidata.org/entity/Q1575044	ar	جامعة فيسفا-بهاراتي	جامعة في الهند	Q3918	university	28	
http://www.wikidata.org/entity/Q15762	ar	أبينسك		Q515	city	56	https://ar.wikipedia.org/wiki/%D8%A3%D8%A8%D9%8A%D9%86%D8%B3%D9%83
http://www.wikidata.org/entity/Q157734	ar	سلطنة مسقط وعمان	سلطنة قديمة تابعة لعمان	Q6256	country	28	https://ar.wikipedia.org/wiki/%D8%B3%D9%84%D8%B7%D9%86%D8%A9_%D9%85%D8%B3%D9%82%D8%B7_%D9%88%D8%B9%D9%85%D8%A7%D9%86
http://www.wikidata.org/entity/Q15777	ar	سي	لغة برمجة عامة الغرض	Q9143	programming language	164	https://ar.wikipedia.org/wiki/%D8%B3%D9%8A_(%D9%84%D8%BA%D8%A9_%D8%A8%D8%B1%D9%85%D8%AC%D8%A9)
http://www.wikidata.org/entity/Q157915	ar	غاروا	مدينة في الكاميرون	Q515	city	50	https://ar.wikipedia.org/wiki/%D8%BA%D8%B1%D9%88%D8%A9
http://www.wikidata.org/entity/Q1579397	ar	معهد باندونغ للتقانة	جامعة رسمية تقع في باندونغ بإندونيسيا	Q3918	university	28	https://ar.wikipedia.org/wiki/%D9%85%D8%B9%D9%87%D8%AF_%D8%A8%D8%A7%D9%86%D8%AF%D9%88%D9%86%D8%BA_%D9%84%D9%84%D8%AA%D9%82%D8%A7%D9%86%D8%A9
http://www.wikidata.org/entity/Q158004	ar	بيوتركوف تريبونالسكي		Q515	city	65	https://ar.wikipedia.org/wiki/%D8%A8%D9%8A%D9%88%D8%AA%D8%B1%D9%83%D9%88%D9%81_%D8%AA%D8%B1%D9%8A%D8%A8%D9%88%D9%86%D8%A7%D9%84%D8%B3%D9%83%D9%8A
http://www.wikidata.org/entity/Q158006	ar	يافورجنو	مدينة في بولندا	Q515	city	68	https://ar.wikipedia.org/wiki/%D9%8A%D8%A7%D9%81%D9%88%D8%B1%D8%AC%D9%86%D9%88
http://www.wikidata.org/entity/Q158119	ar	رام الله	مدينة في دولة فلسطين	Q515	city	128	https://ar.wikipedia.org/wiki/%D8%B1%D8%A7%D9%85_%D8%A7%D9%84%D9%84%D9%87
http://www.wikidata.org/entity/Q158467	ar	قاليور	مستوطنة في الهند	Q515	city	90	https://ar.wikipedia.org/wiki/%D9%82%D8%A7%D9%84%D9%8A%D9%88%D8%B1
http://www.wikidata.org/entity/Q15865	ar	دومجاله		Q515	city	51	https://ar.wikipedia.org/wiki/%D8%AF%D9%88%D9%85%D8%AC%D8%A7%D9%84%D9%87
http://www.wikidata.org/entity/Q15877	ar	إيزولا	مدينة في سلوفينيا	Q515	city	59	https://ar.wikipedia.org/wiki/%D8%A5%D9%8A%D8%B2%D9%88%D9%84%D8%A7
http://www.wikidata.org/entity/Q15883	ar	كامنيك		Q515	city	56	https://ar.wikipedia.org/wiki/%D9%83%D8%A7%D9%85%D9%86%D9%8A%D9%83
http://www.wikidata.org/entity/Q158903	ar	شوشا	مدينة في أذربيجان	Q515	city	72	https://ar.wikipedia.org/wiki/%D8%B4%D9%88%D8%B4%D8%A7_(%D9%85%D8%AF%D9%8A%D9%86%D8%A9)
http://www.wikidata.org/entity/Q15899	ar	موسكا سوبوتا		Q515	city	60	https://ar.wikipedia.org/wiki/%D9%85%D9%88%D8%B3%D9%83%D8%A7_%D8%B3%D9%88%D8%A8%D9%88%D8%AA%D8%A7
http://www.wikidata.org/entity/Q159	ar	روسيا	دولة تقع في شمال أوراسيا	Q6256	country	418	https://ar.wikipedia.org/wiki/%D8%B1%D9%88%D8%B3%D9%8A%D8%A7
http://www.wikidata.org/entity/Q15901	ar	بوستوينا		Q515	city	58	https://ar.wikipedia.org/wiki/%D8%A8%D9%88%D8%B3%D8%AA%D9%88%D9%8A%D9%86%D8%A7
http://www.wikidata.org/entity/Q15906	ar	بتوي	مدينة في سلوفينيا	Q515	city	68	https://ar.wikipedia.org/wiki/%D8%A8%D8%AA%D9%88%D9%8A
http://www.wikidata.org/entity/Q15918	ar	سلوفينج غرادتس		Q515	city	59	https://ar.wikipedia.org/wiki/%D8%B3%D9%84%D9%88%D9%81%D9%8A%D9%86%D8%AC_%D8%BA%D8%B1%D8%A7%D8%AF%D8%AA%D8%B3
http://www.wikidata.org/entity/Q15928	ar	فيلينيه	مقالة سياحية تعريفية	Q515	city	64	https://ar.wikipedia.org/wiki/%D9%81%D9%8A%D9%84%D9%8A%D9%86%D9%8A%D9%87
http://www.wikidata.org/entity/Q159325	ar	لودريتز		Q515	city	53	https://ar.wikipedia.org/wiki/%D9%84%D9%88%D8%AF%D8%B1%D9%8A%D8%AA%D8%B2
http://www.wikidata.org/entity/Q159610	ar	فلوره	مدينة في ألبانيا	Q515	city	136	https://ar.wikipedia.org/wiki/%D9%81%D9%84%D9%88%D8%B1%D9%87
http://www.wikidata.org/entity/Q15971618	ar	هاك		Q9143	programming language	24	https://ar.wikipedia.org/wiki/%D9%87%D8%A7%D9%83_(%D9%84%D8%BA%D8%A9_%D8%A8%D8%B1%D9%85%D8%AC%D8%A9)
http://www.wikidata.org/entity/Q159835	ar	بطمان	مدينة كردية في تركيا	Q515	city	88	https://ar.wikipedia.org/wiki/%D8%A8%D8%B7%D9%85%D8%A7%D9%86
http://www.wikidata.org/entity/Q15984	ar	لر نيدرزاكسن	مستوطنة بشرية في ألمانيا	Q515	city	60	https://ar.wikipedia.org/wiki/%D9%84%D9%8A%D8%B1_(%D8%B3%D9%83%D8%B3%D9%88%D9%86%D9%8A%D8%A7_%D8%A7%D9%84%D8%B3%D9%81%D9%84%D9%89)
http://www.wikidata.org/entity/Q16	ar	كندا	دولة في أمريكا الشمالية	Q6256	country	393	https://ar.wikipedia.org/wiki/%D9%83%D9%86%D8%AF%D8%A7
http://www.wikidata.org/entity/Q16010	ar	إيش سوغ ألزيت		Q515	city	75	https://ar.wikipedia.org/wiki/%D8%A5%D9%8A%D8%B4_%D8%B3%D9%88%D8%BA_%D8%A3%D9%84%D8%B2%D9%8A%D8%AA
http://www.wikidata.org/entity/Q160112	ar	متحف ديل برادو	متحف الفنون الوطني الإسباني، يقع في مدينة مدريد	Q43229	organization	80	https://ar.wikipedia.org/wiki/%D9%85%D8%AA%D8%AD%D9%81_%D8%A7%D9%84%D8%A8%D8%B1%D8%A7%D8%AF%D9%88
http://www.wikidata.org/entity/Q16012	ar	ديفردانج		Q515	city	55	https://ar.wikipedia.org/wiki/%D8%AF%D9%8A%D9%81%D8%B1%D8%AF%D8%A7%D9%86%D8%AC
http://www.wikidata.org/entity/Q160450	ar	سمسون	مدينة في شمالي تركيا	Q515	city	92	https://ar.wikipedia.org/wiki/%D8%B3%D8%A7%D9%85%D8%B3%D9%88%D9%86
http://www.wikidata.org/entity/Q160493	ar	إنفرنيس		Q515	city	90	https://ar.wikipedia.org/wiki/%D8%A5%D9%86%D9%81%D8%B1%D9%86%D9%8A%D8%B3
http://www.wikidata.org/entity/Q160544	ar	كاندية	مدينة في جزيرة كريت اليونانية	Q515	city	100	https://ar.wikipedia.org/wiki/%D9%83%D8%A7%D9%86%D8%AF%D9%8A%D8%A9
http://www.wikidata.org/entity/Q160618	ar	جبل بروكباك	فيلم أُصدر سنة 2005، من إخراج أنج لي	Q11424	film	84	https://ar.wikipedia.org/wiki/%D8%AC%D8%A8%D9%84_%D8%A8%D8%B1%D9%88%D9%83%D8%A8%D8%A7%D9%83_(%D9%81%D9%84%D9%85)
http://www.wikidata.org/entity/Q160642	ar	ساليسبري	أبرشية مدنية في المملكة المتحدة	Q515	city	89	https://ar.wikipedia.org/wiki/%D8%B3%D8%A7%D9%84%D8%B2%D8%A8%D9%88%D8%B1%D9%8A_(%D8%A5%D9%86%D8%AC%D9%84%D8%AA%D8%B1%D8%A7)
http://www.wikidata.org/entity/Q160746	ar	نستله	شركة متخصصة في صناعة الأغذية المعلبة	Q43229	organization	91	https://ar.wikipedia.org/wiki/%D9%86%D8%B3%D8%AA%D9%84%D9%87
http://www.wikidata.org/entity/Q160927	ar	بلوة	بلدية فرنسية	Q515	city	94	https://ar.wikipedia.org/wiki/%D8%A8%D9%84%D9%88%D8%A7
http://www.wikidata.org/entity/Q1610024	ar	جامعة هيريوت وات	جامعة في إدنبرة، المملكة المتحدة	Q3918	university	32	https://ar.wikipedia.org/wiki/%D8%AC%D8%A7%D9%85%D8%B9%D8%A9_%D9%87%D9%8A%D8%B1%D9%8A%D9%88%D8%AA_%D9%88%D8%A7%D8%AA
http://www.wikidata.org/entity/Q161053	ar	روبي	لغة برمجة	Q9143	programming language	100	https://ar.wikipedia.org/wiki/%D8%B1%D9%88%D8%A8%D9%8A_(%D9%84%D8%BA%D8%A9_%D8%A8%D8%B1%D9%85%D8%AC%D8%A9)
http://www.wikidata.org/entity/Q161087	ar	قراصنة الكاريبي: صندوق الرجل الميت	فيلم أُصدر سنة 2006، من إخراج غور فيربينسكي	Q11424	film	83	https://ar.wikipedia.org/wiki/%D9%82%D8%B1%D8%A7%D8%B5%D9%86%D8%A9_%D8%A7%D9%84%D9%83%D8%A7%D8%B1%D9%8A%D8%A8%D9%8A:_%D8%B5%D9%86%D8%AF%D9%88%D9%82_%D8%A7%D9%84%D8%B1%D8%AC%D9%84_%D8%A7%D9%84%D9%85%D9%8A%D8%AA_(%D9%81%D9%84%D9%85)
http://www.wikidata.org/entity/Q161562	ar	معهد كاليفورنيا للتقانة	جامعة في باسادينا، كاليفورنيا، الولايات المتحدة	Q3918	university	85	https://ar.wikipedia.org/wiki/%D9%85%D8%B9%D9%87%D8%AF_%D9%83%D8%A7%D9%84%D9%8A%D9%81%D9%88%D8%B1%D9%86%D9%8A%D8%A7_%D9%84%D9%84%D8%AA%D9%82%D8%A7%D9%86%D8%A9
http://www.wikidata.org/entity/Q161678	ar	هاري بوتر ومقدسات الموت – الجزء 1	فيلم أُصدر سنة 2010، من إخراج دايفيد ييتس	Q11424	film	82	https://ar.wikipedia.org/wiki/%D9%87%D8%A7%D8%B1%D9%8A_%D8%A8%D9%88%D8%AA%D8%B1_%D9%88%D9%85%D9%82%D8%AF%D8%B3%D8%A7%D8%AA_%D8%A7%D9%84%D9%85%D9%88%D8%AA_%E2%80%93_%D8%A7%D9%84%D8%AC%D8%B2%D8%A1_1_(%D9%81%D9%84%D9%85)
http://www.wikidata.org/entity/Q161687	ar	هاري بوتر والأمير الهجين	فيلم أُصدر سنة 2009، من إخراج دايفيد ييتس	Q11424	film	89	https://ar.wikipedia.org/wiki/%D9%87%D8%A7%D8%B1%D9%8A_%D8%A8%D9%88%D8%AA%D8%B1_%D9%88%D8%A7%D9%84%D8%A3%D9%85%D9%8A%D8%B1_%D8%A7%D9%84%D9%87%D8%AC%D9%8A%D9%86_(%D9%81%D9%84%D9%85)
http://www.wikidata.org/entity/Q162255	ar	ذا تيرميناتور	فيلم أُصدر سنة 1984، من إخراج جيمس كاميرون	Q11424	film	100	https://ar.wikipedia.org/wiki/%D8%B0%D8%A7_%D8%AA%D8%B1%D9%85%D9%86%D8%A7%D9%8A%D8%AA%D9%88%D8%B1
http://www.wikidata.org/entity/Q162279	ar	كووبيو	بلدية في سافو الشمالية، فنلندا	Q515	city	125	https://ar.wikipedia.org/wiki/%D9%83%D9%88%D9%88%D8%A8%D9%8A%D9%88
http://www.wikidata.org/entity/Q162442	ar	الله أباد	مدينة في الهند	Q515	city	111	https://ar.wikipedia.org/wiki/%D8%A7%D9%84%D9%84%D9%87_%D8%A2%D8%A8%D8%A7%D8%AF
http://www.wikidata.org/entity/Q162548	ar	أوسكمان	مدينة في كازاخستان	Q515	city	75	https://ar.wikipedia.org/wiki/%D8%A3%D9%88%D8%B3%D9%83%D9%85%D8%A7%D9%86
http://www.wikidata.org/entity/Q16258	ar	مالدونادو		Q515	city	52	https://ar.wikipedia.org/wiki/%D9%85%D8%A7%D9%84%D8%AF%D9%88%D9%86%D8%A7%D8%AF%D9%88_(%D8%A3%D9%88%D8%B1%D9%88%D8%BA%D9%88%D8%A7%D9%8A)
http://www.wikidata.org/entity/Q162729	ar	قلب شجاع	فيلم أُصدر سنة 1995، من إخراج ميل غيبسون	Q11424	film	91	https://ar.wikipedia.org/wiki/%D9%82%D9%84%D8%A8_%D8%B4%D8%AC%D8%A7%D8%B9_(%D9%81%D9%84%D9%85)
http://www.wikidata.org/entity/Q1627967	ar	جامعة ليفربول جون موريس	جامعة	Q3918	university	22	https://ar.wikipedia.org/wiki/%D8%AC%D8%A7%D9%85%D8%B9%D8%A9_%D9%84%D9%8A%D9%81%D8%B1%D8%A8%D9%88%D9%84_%D8%AC%D9%88%D9%86_%D9%85%D9%88%D8%B1%D9%8A%D8%B3
http://www.wikidata.org/entity/Q1633799	ar	جامعة باكو الحكومية	جامعة في أذربيجان	Q3918	university	70	https://ar.wikipedia.org/wiki/%D8%AC%D8%A7%D9%85%D8%B9%D8%A9_%D8%A8%D8%A7%D9%83%D9%88_%D8%A7%D9%84%D8%AD%D9%83%D9%88%D9%85%D9%8A%D8%A9
http://www.wikidata.org/entity/Q16340	ar	إكسباث		Q9143	programming language	34	https://ar.wikipedia.org/wiki/%D8%A5%D9%83%D8%B3%D8%A8%D8%A7%D8%AB
http://www.wikidata.org/entity/Q163468	ar	برولوغ		Q9143	programming language	67	https://ar.wikipedia.org/wiki/%D8%A8%D8%B1%D9%88%D9%84%D9%88%D8%BA
http://www.wikidata.org/entity/Q163490	ar	صيدا	مدينة في لبنان	Q515	city	92	https://ar.wikipedia.org/wiki/%D8%B5%D9%8A%D8%AF%D8%A7
http://www.wikidata.org/entity/Q163584	ar	ديري		Q515	city	89	https://ar.wikipedia.org/wiki/%D8%AF%D9%8A%D8%B1%D9%8A
http://www.wikidata.org/entity/Q163607	ar	أنغكور	موقع أثري في محافظة سيم رياب، كمبوديا	Q515	city	90	https://ar.wikipedia.org/wiki/%D8%A3%D9%86%D8%BA%D9%83%D9%88%D8%B1
http://www.wikidata.org/entity/Q163798	ar	تريشور		Q515	city	59	https://ar.wikipedia.org/wiki/%D8%AA%D8%B1%D9%8A%D8%B4%D9%88%D8%B1
http://www.wikidata.org/entity/Q163852	ar	كوبافوغور	مدينة في آيسلندا	Q515	city	85	https://ar.wikipedia.org/wiki/%D9%83%D9%88%D8%A8%D8%A7%D9%81%D9%88%D8%BA%D9%88%D8%B1
http://www.wikidata.org/entity/Q163872	ar	فارس الظلام	فيلم أُصدر سنة 2008، من إخراج كريستوفر نولان	Q11424	film	107	https://ar.wikipedia.org/wiki/%D9%81%D8%A7%D8%B1%D8%B3_%D8%A7%D9%84%D8%B8%D9%84%D8%A7%D9%85
http://www.wikidata.org/entity/Q1640	ar	أوسييك	مدينة كرواتية تقع على الضفة اليمنى لنهر دراڤا	Q515	city	90	https://ar.wikipedia.org/wiki/%D8%A3%D9%88%D8%B3%D9%8A%D9%8A%D9%83
http://www.wikidata.org/entity/Q1640079	ar	حيدر آباد		Q515	city	77	https://ar.wikipedia.org/wiki/%D8%AD%D9%8A%D8%AF%D8%B1_%D8%A2%D8%A8%D8%A7%D8%AF_(%D8%A7%D9%84%D8%B3%D9%86%D8%AF)
http://www.wikidata.org/entity/Q1640648	ar	جامعة كانبيرا		Q3918	university	25	https://ar.wikipedia.org/wiki/%D8%AC%D8%A7%D9%85%D8%B9%D8%A9_%D9%83%D8%A7%D9%86%D8%A8%D9%8A%D8%B1%D8%A7
http://www.wikidata.org/entity/Q1640726	ar	الجامعة التقنية الوطنية في أثينا	جامعة في اليونان	Q3918	university	27	
http://www.wikidata.org/entity/Q1640731	ar	الجامعة متعددة التقنيات بقطلونية	جامعة عامة في برشلونة، إسبانيا	Q3918	university	22	https://ar.wikipedia.org/wiki/%D8%A7%D9%84%D8%AC%D8%A7%D9%85%D8%B9%D8%A9_%D9%85%D8%AA%D8%B9%D8%AF%D8%AF%D8%A9_%D8%A7%D9%84%D8%AA%D9%82%D9%86%D9%8A%D8%A7%D8%AA_%D8%A8%D9%82%D8%B7%D9%84%D9%88%D9%86%D9%8A%D8%A9
http://www.wikidata.org/entity/Q164103	ar	عقل جميل	فيلم أُصدر سنة 2001، من إخراج رون هوارد	Q11424	film	85	https://ar.wikipedia.org/wiki/%D8%B9%D9%82%D9%84_%D8%AC%D9%85%D9%8A%D9%84_(%D9%81%D9%84%D9%85)
http://www.wikidata.org/entity/Q1641504	ar	جامعة باليرمو	جامعة في باليرمو، إيطاليا	Q3918	university	31	https://ar.wikipedia.org/wiki/%D8%AC%D8%A7%D9%85%D8%B9%D8%A9_%D8%A8%D8%A7%D9%84%D9%8A%D8%B1%D9%85%D9%88
http://www.wikidata.org/entity/Q1641543	ar	الرومانيولية		Q34770	language	26	https://ar.wikipedia.org/wiki/%D9%84%D8%BA%D8%A9_%D8%B1%D9%88%D9%85%D8%A7%D9%86%D9%8A%D9%88%D9%84%D9%8A%D8%A9
http://www.wikidata.org/entity/Q164197	ar	كوسلادا	مدينة إسبانية	Q515	city	57	https://ar.wikipedia.org/wiki/%D9%83%D9%88%D8%B3%D9%84%D8%A7%D8%AF%D8%A7
http://www.wikidata.org/entity/Q1646181	ar	ورسستر		Q515	city	84	https://ar.wikipedia.org/wiki/%D9%88%D9%88%D8%B3%D8%AA%D8%B1_(%D8%A7%D9%84%D9%85%D9%85%D9%84%D9%83%D8%A9_%D8%A7%D9%84%D9%85%D8%AA%D8%AD%D8%AF%D8%A9)
http://www.wikidata.org/entity/Q164621	ar	The Fame Monster	ألبوم صدر عام 2009	Q482994	album	54	https://ar.wikipedia.org/wiki/%D9%88%D8%AD%D8%B4_%D8%A7%D9%84%D8%B4%D9%87%D8%B1%D8%A9_(%D8%A3%D9%84%D8%A8%D9%88%D9%85)
http://www.wikidata.org/entity/Q164646	ar	هكذا ولدت	ألبوم صدر عام 2011	Q482994	album	54	https://ar.wikipedia.org/wiki/%D9%87%D9%83%D8%B0%D8%A7_%D9%88%D9%84%D8%AF%D8%AA
http://www.wikidata.org/entity/Q1649537	ar	الإنجليزية الحديثة	مرحلة اللغة الإنجليزية من الفترة المعاصرة	Q34770	language	28	https://ar.wikipedia.org/wiki/%D8%A7%D9%84%D8%A5%D9%86%D8%AC%D9%84%D9%8A%D8%B2%D9%8A%D8%A9_%D8%A7%D9%84%D8%AD%D8%AF%D9%8A%D8%AB%D8%A9
http://www.wikidata.org/entity/Q164963	ar	سيد الخواتم: البرجان	فيلم أُصدر سنة 2002، من إخراج بيتر جاكسون	Q11424	film	86	https://ar.wikipedia.org/wiki/%D8%B3%D9%8A%D8%AF_%D8%A7%D9%84%D8%AE%D9%88%D8%A7%D8%AA%D9%85:_%D8%A7%D9%84%D8%A8%D8%B1%D8%AC%D8%A7%D9%86
http://www.wikidata.org/entity/Q165090	ar	شامبيري	بلدية في فرنسا	Q515	city	87	https://ar.wikipedia.org/wiki/%D8%B4%D8%A7%D9%85%D8%A8%D9%8A%D8%B1%D9%8A
http://www.wikidata.org/entity/Q165140	ar	هيرنهوت		Q515	city	59	https://ar.wikipedia.org/wiki/%D9%87%D9%8A%D8%B1%D9%86%D9%87%D9%88%D8%AA
http://www.wikidata.org/entity/Q16520	ar	بوسان	ثاني أكبر مدينة في كوريا الجنوبية	Q515	city	144	https://ar.wikipedia.org/wiki/%D8%A8%D9%88%D8%B3%D8%A7%D9%86
http://www.wikidata.org/entity/Q165204	ar	ماردة		Q515	city	85	https://ar.wikipedia.org/wiki/%D9%85%D8%A7%D8%B1%D8%AF%D8%A9_(%D8%A7%D9%84%D9%85%D9%83%D8%B3%D9%8A%D9%83)
http://www.wikidata.org/entity/Q165372	ar	سي ليبس	لغة برمجة	Q9143	programming language	16	https://ar.wikipedia.org/wiki/%D9%83%D9%84%D9%8A%D8%A8%D8%B3_(%D8%A3%D8%AF%D8%A7%D8%A9_%D8%A8%D8%B1%D9%85%D8%AC%D8%A9)
http://www.wikidata.org/entity/Q165380	ar	موندن	مستوطنة بشرية في ألمانيا	Q515	city	56	https://ar.wikipedia.org/wiki/%D9%85%D9%88%D9%86%D8%AF%D9%86
http://www.wikidata.org/entity/Q165413	ar	بايكونور		Q515	city	88	https://ar.wikipedia.org/wiki/%D8%A8%D8%A7%D9%8A%D9%83%D9%88%D9%86%D9%88%D8%B1
http://www.wikidata.org/entity/Q165422	ar	فرانسيس	مدينة في شمال بوتسوانا	Q515	city	62	https://ar.wikipedia.org/wiki/%D9%81%D8%B1%D8%A7%D9%86%D8%B3%D9%8A%D8%B3%D8%AA%D8%A7%D9%88%D9%86
http://www.wikidata.org/entity/Q1654327	ar	العربية الفصحى	لغة القرآن الكريم و الشعر العربي الجاهلي القديم و تعود أصولها إلى بلاد الحجاز و نجد في شبه جزيرة العرب	Q34770	language	38	https://ar.wikipedia.org/wiki/%D8%A7%D9%84%D8%B9%D8%B1%D8%A8%D9%8A%D8%A9_%D8%A7%D9%84%D9%81%D8%B5%D8%AD%D9%89
http://www.wikidata.org/entity/Q165436	ar	لغة تجميع		Q9143	programming language	85	https://ar.wikipedia.org/wiki/%D9%84%D8%BA%D8%A9_%D8%A7%D9%84%D8%AA%D8%AC%D9%85%D9%8A%D8%B9
http://www.wikidata.org/entity/Q165444	ar	تكريت	مدينة عراقية ومركز محافظة صلاح الدين	Q515	city	87	https://ar.wikipedia.org/wiki/%D8%AA%D9%83%D8%B1%D9%8A%D8%AA
http://www.wikidata.org/entity/Q165713	ar	حرب النجوم الجزء الأول: تهديد الشبح	فيلم أُصدر سنة 1999، من إخراج جورج لوكاس	Q11424	film	90	https://ar.wikipedia.org/wiki/%D8%AD%D8%B1%D8%A8_%D8%A7%D9%84%D9%86%D8%AC%D9%88%D9%85_%D8%A7%D9%84%D8%AC%D8%B2%D8%A1_%D8%A7%D9%84%D8%A3%D9%88%D9%84:_%D8%AA%D9%87%D8%AF%D9%8A%D8%AF_%D8%A7%D9%84%D8%B4%D8%A8%D8%AD
http://www.wikidata.org/entity/Q165736	ar	دوسبورخ	بلدية في خيلدرلند، هولندا	Q515	city	52	https://ar.wikipedia.org/wiki/%D8%AF%D9%88%D8%B3%D8%A8%D9%88%D8%B1%D8%AE
http://www.wikidata.org/entity/Q165763	ar	فالدك		Q6256	country	41	https://ar.wikipedia.org/wiki/%D9%81%D8%A7%D9%84%D8%AF%D9%83
http://www.wikidata.org/entity/Q165795	ar	لغة كفين		Q34770	language	54	https://ar.wikipedia.org/wiki/%D9%84%D8%BA%D8%A9_%D9%83%D9%81%D9%8A%D9%86
http://www.wikidata.org/entity/Q165817	ar	إنقاذ الجندي رايان	فيلم أُصدر سنة 1998، من إخراج ستيفن سبيلبرغ	Q11424	film	85	https://ar.wikipedia.org/wiki/%D8%A5%D9%86%D9%82%D8%A7%D8%B0_%D8%A7%D9%84%D8%AC%D9%86%D8%AF%D9%8A_%D8%B1%D8%A7%D9%8A%D8%A7%D9%86
http://www.wikidata.org/entity/Q165980	ar	جامعة فيينا	جامعة في فيينا، النمسا	Q3918	university	88	https://ar.wikipedia.org/wiki/%D8%AC%D8%A7%D9%85%D8%B9%D8%A9_%D9%81%D9%8A%D9%8A%D9%86%D8%A7
http://www.wikidata.org/entity/Q165995	ar	ملطية	مدينة تركية	Q515	city	85	https://ar.wikipedia.org/wiki/%D9%85%D9%84%D8%B7%D9%8A%D8%A9
http://www.wikidata.org/entity/Q166262	ar	بداية باتمان	فيلم أُصدر سنة 2005، من إخراج كريستوفر نولان	Q11424	film	85	https://ar.wikipedia.org/wiki/%D8%A8%D8%AF%D8%A7%D9%8A%D8%A9_%D8%A8%D8%A7%D8%AA%D9%85%D8%A7%D9%86
http://www.wikidata.org/entity/Q16666	ar	نانجينغ	عاصمة للصين سابقًا	Q515	city	141	https://ar.wikipedia.org/wiki/%D9%86%D8%A7%D9%86%D8%AC%D9%8A%D9%86%D8%BA
http://www.wikidata.org/entity/Q166824	ar	أفيون قره حصار	مدينة تركية	Q515	city	83	https://ar.wikipedia.org/wiki/%D8%A3%D9%81%D9%8A%D9%88%D9%86_%D9%82%D8%B1%D9%87_%D8%AD%D8%B5%D8%A7%D8%B1
http://www.wikidata.org/entity/Q167551	ar	غيتيغا	عاصمة بوروندي	Q515	city	96	https://ar.wikipedia.org/wiki/%D8%BA%D9%8A%D8%AA%D9%8A%D8%BA%D8%A7
http://www.wikidata.org/entity/Q167554	ar	دايناستي	ألبوم من أداء بريتني سبيرز	Q482994	album	49	https://ar.wikipedia.org/wiki/%D8%A7%D9%84%D9%85%D8%B1%D8%A3%D8%A9_%D8%A7%D9%84%D8%AE%D8%B7%D8%B1%D8%A9_(%D8%A3%D9%84%D8%A8%D9%88%D9%85_%D8%A8%D8%B1%D9%8A%D8%AA%D9%86%D9%8A_%D8%B3%D8%A8%D9%8A%D8%B1%D8%B2)
http://www.wikidata.org/entity/Q167715	ar	ثيروفانانثابورام	مدينة في ولاية كيرالا الهندية وهي العاصمة الإدارية لها	Q515	city	105	https://ar.wikipedia.org/wiki/%D8%AB%D9%8A%D8%B1%D9%88%D9%81%D8%A7%D9%86%D8%A7%D9%86%D8%AB%D8%A7%D8%A8%D9%88%D8%B1%D8%A7%D9%85
http://www.wikidata.org/entity/Q167726	ar	الحديقة الجوارسية	فيلم أُصدر سنة 1993، من إخراج ستيفن سبيلبرغ	Q11424	film	99	https://ar.wikipedia.org/wiki/%D8%A7%D9%84%D8%AD%D8%AF%D9%8A%D9%82%D8%A9_%D8%A7%D9%84%D8%AC%D9%88%D8%B1%D8%A7%D8%B3%D9%8A%D8%A9_(%D9%81%D9%84%D9%85)
http://www.wikidata.org/entity/Q167744	ar	غريفيتسه		Q515	city	70	https://ar.wikipedia.org/wiki/%D8%BA%D8%B1%D9%8A%D9%81%D9%8A%D8%AA%D8%B3%D9%87
http://www.wikidata.org/entity/Q167749	ar	نهاريا	مدينة في إسرائيل	Q515	city	56	https://ar.wikipedia.org/wiki/%D9%86%D9%87%D8%A7%D8%B1%D9%8A%D8%A7
http://www.wikidata.org/entity/Q1678185	ar	جامعة انجامينا	جامعة في انجمينا، تشاد	Q3918	university	20	https://ar.wikipedia.org/wiki/%D8%AC%D8%A7%D9%85%D8%B9%D8%A9_%D8%A7%D9%86%D8%AC%D8%A7%D9%85%D9%8A%D9%86%D8%A7
http://www.wikidata.org/entity/Q1678733	ar	جامعة الولاية الحرة	جامعة في بلومفونتين، جنوب أفريقيا	Q3918	university	20	https://ar.wikipedia.org/wiki/%D8%AC%D8%A7%D9%85%D8%B9%D8%A9_%D8%A7%D9%84%D9%88%D9%84%D8%A7%D9%8A%D8%A9_%D8%A7%D9%84%D8%AD%D8%B1%D8%A9
http://www.wikidata.org/entity/Q167895	ar	كالاماتا	مستوطنة في اليونان	Q515	city	62	https://ar.wikipedia.org/wiki/%D9%83%D8%A7%D9%84%D8%A7%D9%85%D8%A7%D8%AA%D8%A7
http://www.wikidata.org/entity/Q168193	ar	النجف	مدينة عراقية	Q515	city	89	https://ar.wikipedia.org/wiki/%D8%A7%D9%84%D9%86%D8%AC%D9%81
http://www.wikidata.org/entity/Q168197	ar	حصن منصور	مدينة جنوب شرق تركيا	Q515	city	84	https://ar.wikipedia.org/wiki/%D8%AD%D8%B5%D9%86_%D9%85%D9%86%D8%B5%D9%88%D8%B1
http://www.wikidata.org/entity/Q168225	ar	الخليل	مدينة في الضفة الغربية، فلسطين	Q515	city	100	https://ar.wikipedia.org/wiki/%D8%A7%D9%84%D8%AE%D9%84%D9%8A%D9%84
http://www.wikidata.org/entity/Q1684174	ar	إطار عمل تطوير وكيل جافا		Q9143	programming language	11	
http://www.wikidata.org/entity/Q16863097	ar	سفلت	إطار عمل جافاسكربت	Q9143	programming language	21	https://ar.wikipedia.org/wiki/%D8%B3%D9%81%D9%84%D8%AA
http://www.wikidata.org/entity/Q16869	ar	القسطنطينية	عاصمة الإمبراطورية البيزنطية	Q515	city	126	https://ar.wikipedia.org/wiki/%D8%A7%D9%84%D9%82%D8%B3%D8%B7%D9%86%D8%B7%D9%8A%D9%86%D9%8A%D8%A9
http://www.wikidata.org/entity/Q168751	ar	جامعة ديوك	جامعة في الولايات المتحدة	Q3918	university	74	https://ar.wikipedia.org/wiki/%D8%AC%D8%A7%D9%85%D8%B9%D8%A9_%D8%AF%D9%8A%D9%88%D9%83
http://www.wikidata.org/entity/Q16881283	ar	سلطنة مسقط		Q6256	country	8	https://ar.wikipedia.org/wiki/%D8%B3%D9%84%D8%B7%D9%86%D8%A9_%D9%85%D8%B3%D9%82%D8%B7
http://www.wikidata.org/entity/Q168866	ar	إسكي شهر		Q515	city	95	https://ar.wikipedia.org/wiki/%D8%A5%D8%B3%D9%83%D9%8A_%D8%B4%D9%87%D8%B1
http://www.wikidata.org/entity/Q168954	ar	طرابلس	مدينة لبنانية	Q515	city	93	https://ar.wikipedia.org/wiki/%D8%B7%D8%B1%D8%A7%D8%A8%D9%84%D8%B3_(%D9%84%D8%A8%D9%86%D8%A7%D9%86)
http://www.wikidata.org/entity/Q16911222	ar	اللغة الرازحية	لغة سامية جنوبية	Q34770	language	7	https://ar.wikipedia.org/wiki/%D8%A7%D9%84%D9%84%D8%BA%D8%A9_%D8%A7%D9%84%D8%B1%D8%A7%D8%B2%D8%AD%D9%8A%D8%A9
http://www.wikidata.org/entity/Q169160	ar	ليزهي	مدينة في شمال شرق ألبانيا	Q515	city	87	https://ar.wikipedia.org/wiki/%D9%84%D9%8A%D8%AC%D9%87
http://www.wikidata.org/entity/Q169226	ar	فرقة نادي القلوب الوحيدة للرقيب بيبر	ألبوم من أداء البيتلز	Q482994	album	80	https://ar.wikipedia.org/wiki/%D9%81%D8%B1%D9%82%D8%A9_%D9%86%D8%A7%D8%AF%D9%8A_%D8%A7%D9%84%D9%82%D9%84%D9%88%D8%A8_%D8%A7%D9%84%D9%88%D8%AD%D9%8A%D8%AF%D8%A9_%D9%84%D9%84%D8%B1%D9%82%D9%8A%D8%A8_%D8%A8%D9%8A%D8%A8%D8%B1
http://www.wikidata.org/entity/Q169247	ar	دوبوي		Q515	city	63	https://ar.wikipedia.org/wiki/%D8%AF%D9%88%D8%A8%D9%88%D9%8A
http://www.wikidata.org/entity/Q16947	ar	جامعة تونغجي	جامعة في شانغهاي، الصين	Q3918	university	28	https://ar.wikipedia.org/wiki/%D8%AC%D8%A7%D9%85%D8%B9%D8%A9_%D8%AA%D9%88%D9%86%D8%BA%D8%AC%D9%8A
http://www.wikidata.org/entity/Q169478	ar	ماتلاب	بيئة برمجية هندسية ورياضية، لغة برمجة	Q9143	programming language	80	https://ar.wikipedia.org/wiki/%D9%85%D8%A7%D8%AA%D9%84%D8%A7%D8%A8
http://www.wikidata.org/entity/Q16955	ar	جامعة تسينغ - هوا	جامعة في بكين، الصين	Q3918	university	69	https://ar.wikipedia.org/wiki/%D8%AC%D8%A7%D9%85%D8%B9%D8%A9_%D8%AA%D8%B3%D9%8A%D9%86%D8%BA%D9%87%D9%88%D8%A7
http://www.wikidata.org/entity/Q16978	ar	كريمسك		Q515	city	51	https://ar.wikipedia.org/wiki/%D9%83%D8%B1%D9%8A%D9%85%D8%B3%D9%83
http://www.wikidata.org/entity/Q17	ar	اليابان	دولة جزرية في شرق آسيا	Q6256	country	414	https://ar.wikipedia.org/wiki/%D8%A7%D9%84%D9%8A%D8%A7%D8%A8%D8%A7%D9%86
http://www.wikidata.org/entity/Q170027	ar	جامعة لندن	جامعة بريطانية	Q3918	university	87	https://ar.wikipedia.org/wiki/%D8%AC%D8%A7%D9%85%D8%B9%D8%A9_%D9%84%D9%86%D8%AF%D9%86
http://www.wikidata.org/entity/Q170244	ar	بيرات		Q515	city	115	https://ar.wikipedia.org/wiki/%D8%A8%D9%8A%D8%B1%D8%A7%D8%AA
http://www.wikidata.org/entity/Q170263	ar	تشستر		Q515	city	88	https://ar.wikipedia.org/wiki/%D8%AA%D8%B4%D8%B3%D8%AA%D8%B1
http://www.wikidata.org/entity/Q170313	ar	نيلسبرويت	عاصمة محافظة مبومالانجا ، جنوب أفريقيا و	Q515	city	80	https://ar.wikipedia.org/wiki/%D9%86%D9%8A%D9%84%D8%B3%D8%A8%D8%B1%D9%88%D9%8A%D8%AA
http://www.wikidata.org/entity/Q170315	ar	أبوت آباد	مدينة باكستانية	Q515	city	64	https://ar.wikipedia.org/wiki/%D8%A3%D8%A8%D9%88%D8%AA_%D8%A2%D8%A8%D8%A7%D8%AF
http://www.wikidata.org/entity/Q170457	ar	أيدن	مدينة تركية	Q515	city	82	https://ar.wikipedia.org/wiki/%D8%A3%D9%8A%D8%AF%D9%8A%D9%86
http://www.wikidata.org/entity/Q170497	ar	غلوستر		Q515	city	89	https://ar.wikipedia.org/wiki/%D8%BA%D9%84%D9%88%D8%B3%D8%AA%D8%B1
http://www.wikidata.org/entity/Q170507	ar	نانتير	بلدية فرنسية في إقليم أو-دو-سين	Q515	city	81	https://ar.wikipedia.org/wiki/%D9%86%D8%A7%D9%86%D8%AA%D9%8A%D8%B1
http://www.wikidata.org/entity/Q170525	ar	أكادير	مدينة في المغرب	Q515	city	106	https://ar.wikipedia.org/wiki/%D8%A3%D9%83%D8%A7%D8%AF%D9%8A%D8%B1
http://www.wikidata.org/entity/Q170532	ar	أماسية	مدينة تركية	Q515	city	93	https://ar.wikipedia.org/wiki/%D8%A3%D9%85%D8%A7%D8%B3%D9%8A%D8%A9
http://www.wikidata.org/entity/Q170564	ar	ترمنايتور 2: جادجمنت داي	فيلم أُصدر سنة 1991، من إخراج جيمس كاميرون	Q11424	film	91	https://ar.wikipedia.org/wiki/%D8%AA%D8%B1%D9%85%D9%86%D8%A7%D9%8A%D8%AA%D9%88%D8%B1_2:_%D8%AC%D8%A7%D8%AF%D8%AC%D9%85%D9%86%D8%AA_%D8%AF%D8%A7%D9%8A
http://www.wikidata.org/entity/Q170616	ar	تشيبا	مدينة في محافظة تشيبا اليابانية	Q515	city	94	https://ar.wikipedia.org/wiki/%D8%AA%D8%B4%D9%8A%D8%A8%D8%A7
http://www.wikidata.org/entity/Q170688	ar	سانتا كروز دي لا سييرا		Q515	city	89	https://ar.wikipedia.org/wiki/%D8%B3%D8%A7%D9%86%D8%AA%D8%A7_%D9%83%D8%B1%D9%88%D8%B2_%D8%AF%D9%8A_%D9%84%D8%A7_%D8%B3%D9%8A%D9%8A%D8%B1%D8%A7
http://www.wikidata.org/entity/Q170693	ar	كيفلافيك		Q515	city	76	https://ar.wikipedia.org/wiki/%D9%83%D9%8A%D9%81%D9%84%D8%A7%D9%81%D9%8A%D9%83
http://www.wikidata.org/entity/Q1708709	ar	جامعة أوسييك	جامعة في أوسييك، كرواتيا	Q3918	university	22	https://ar.wikipedia.org/wiki/%D8%AC%D8%A7%D9%85%D8%B9%D8%A9_%D8%A3%D9%88%D8%B3%D9%8A%D9%8A%D9%83
http://www.wikidata.org/entity/Q1709	ar	شفيرين	بلدية في ألمانيا	Q515	city	122	https://ar.wikipedia.org/wiki/%D8%B4%D9%81%D9%8A%D8%B1%D9%8A%D9%86
http://www.wikidata.org/entity/Q170919	ar	باتايا	مدينة في تايلاند	Q515	city	97	https://ar.wikipedia.org/wiki/%D8%A8%D8%A7%D8%AA%D8%A7%D9%8A%D8%A7
http://www.wikidata.org/entity/Q170967	ar	دنزلة	مدينة تركية	Q515	city	92	https://ar.wikipedia.org/wiki/%D8%AF%D9%86%D8%B2%D9%84%D8%A9
http://www.wikidata.org/entity/Q171031	ar	إسبرطة	مدينة تركية	Q515	city	76	https://ar.wikipedia.org/wiki/%D8%A5%D8%B3%D8%A8%D8%B1%D8%B7%D8%A9_(%D8%AA%D8%B1%D9%83%D9%8A%D8%A7)
http://www.wikidata.org/entity/Q171080	ar	كوتور	بلدة في مملكة دالماسيا، الجبل الأسود	Q515	city	80	https://ar.wikipedia.org/wiki/%D9%83%D9%88%D8%AA%D9%88%D8%B1
http://www.wikidata.org/entity/Q1711558	ar	جامعة بليموث	جامعة في بليموث، المملكة المتحدة	Q3918	university	22	https://ar.wikipedia.org/wiki/%D8%AC%D8%A7%D9%85%D8%B9%D8%A9_%D8%A8%D9%84%D9%8A%D9%85%D9%88%D8%AB
http://www.wikidata.org/entity/Q17118377	ar	سويفت	لغة برمجة	Q9143	programming language	58	https://ar.wikipedia.org/wiki/%D8%B3%D9%88%D9%8A%D9%81%D8%AA_(%D9%84%D8%BA%D8%A9_%D8%A8%D8%B1%D9%85%D8%AC%D8%A9)
http://www.wikidata.org/entity/Q171219	ar	دورنبيرن	بلدية في النمسا	Q515	city	79	https://ar.wikipedia.org/wiki/%D8%AF%D9%88%D8%B1%D9%86%D8%A8%D9%8A%D8%B1%D9%86
http://www.wikidata.org/entity/Q171223	ar	نيرغهازا		Q515	city	90	https://ar.wikipedia.org/wiki/%D9%86%D9%8A%D8%B1%D8%BA%D9%87%D8%A7%D8%B2%D8%A7
http://www.wikidata.org/entity/Q171632	ar	ماراكايبو		Q515	city	93	https://ar.wikipedia.org/wiki/%D9%85%D8%A7%D8%B1%D8%A7%D9%83%D8%A7%D9%8A%D8%A8%D9%88
http://www.wikidata.org/entity/Q171639	ar	أشدود	مدينة ساحلية في إسرائيل	Q515	city	98	https://ar.wikipedia.org/wiki/%D8%A3%D8%B3%D8%AF%D9%88%D8%AF
http://www.wikidata.org/entity/Q171764	ar	أحمدية	جماعة تؤمن بميرزا غلام أحمد مسيحا موعودا أنبأ به محمد	Q43229	organization	80	https://ar.wikipedia.org/wiki/%D8%A7%D9%84%D8%AC%D9%85%D8%A7%D8%B9%D8%A9_%D8%A7%D9%84%D8%A3%D8%AD%D9%85%D8%AF%D9%8A%D8%A9
http://www.wikidata.org/entity/Q171771	ar	بوبانسوار		Q515	city	101	https://ar.wikipedia.org/wiki/%D8%A8%D9%88%D8%A8%D9%86%D9%8A%D8%B4%D8%B1
http://www.wikidata.org/entity/Q171810	ar	علانية	من أقضية ولاية أنطالية التركية	Q515	city	86	https://ar.wikipedia.org/wiki/%D8%B9%D9%84%D8%A7%D9%86%D9%8A%D8%A9
http://www.wikidata.org/entity/Q1718656	ar	جامعة وارسو للتكنولوجيا	جامعة في وارسو، بولندا	Q3918	university	29	https://ar.wikipedia.org/wiki/%D8%AC%D8%A7%D9%85%D8%B9%D8%A9_%D9%88%D8%A7%D8%B1%D8%B3%D9%88_%D9%84%D9%84%D8%AA%D9%83%D9%86%D9%88%D9%84%D9%88%D8%AC%D9%8A%D8%A7
http://www.wikidata.org/entity/Q1719466	ar	بانيفيزيس		Q515	city	88	https://ar.wikipedia.org/wiki/%D8%A8%D8%A7%D9%86%D9%8A%D9%81%D9%8A%D8%B2%D9%8A%D8%B3_(%D9%85%D8%AF%D9%8A%D9%86%D8%A9)
http://www.wikidata.org/entity/Q172	ar	تورونتو	أكبر مدن كندا وعاصمة مقاطعة أونتاريو	Q515	city	222	https://ar.wikipedia.org/wiki/%D8%AA%D9%88%D8%B1%D9%88%D9%86%D8%AA%D9%88
http://www.wikidata.org/entity/Q172157	ar	ونشستر		Q515	city	89	https://ar.wikipedia.org/wiki/%D9%88%D9%86%D8%B4%D8%B3%D8%AA%D8%B1
http://www.wikidata.org/entity/Q172241	ar	الخلاص من شاوشانك	فيلم أُصدر سنة 1994، من إخراج فرانك دارابونت	Q11424	film	107	https://ar.wikipedia.org/wiki/%D8%A7%D9%84%D8%AE%D9%84%D8%A7%D8%B5_%D9%85%D9%86_%D8%B4%D8%A7%D9%88%D8%B4%D8%A7%D9%86%D9%83
http://www.wikidata.org/entity/Q172343	ar	رفح	مدينة في قطاع غزة، دولة فلسطين	Q515	city	70	https://ar.wikipedia.org/wiki/%D8%B1%D9%81%D8%AD_(%D9%81%D9%84%D8%B3%D8%B7%D9%8A%D9%86)
http://www.wikidata.org/entity/Q172415	ar	كوتايسي	مدينة في دولة جورجيا	Q515	city	107	https://ar.wikipedia.org/wiki/%D9%83%D9%88%D8%AA%D8%A7%D9%8A%D8%B3%D9%8A
http://www.wikidata.org/entity/Q172438	ar	بيتربرة		Q515	city	83	https://ar.wikipedia.org/wiki/%D8%A8%D9%8A%D8%AA%D8%B1%D8%A8%D8%B1%D8%A9
http://www.wikidata.org/entity/Q1725075	ar	الجامعة النرويجية لعلوم الحياة	جامعة في آوس، النرويج	Q3918	university	25	https://ar.wikipedia.org/wiki/%D8%A7%D9%84%D8%AC%D8%A7%D9%85%D8%B9%D8%A9_%D8%A7%D9%84%D9%86%D8%B1%D9%88%D9%8A%D8%AC%D9%8A%D8%A9_%D9%84%D8%B9%D9%84%D9%88%D9%85_%D8%A7%D9%84%D8%AD%D9%8A%D8%A7%D8%A9
http://www.wikidata.org/entity/Q1728622	ar	جامعة كاليفورنيا	جامعة في كاليفورنيا، الولايات المتحدة	Q3918	university	30	https://ar.wikipedia.org/wiki/%D8%AC%D8%A7%D9%85%D8%B9%D8%A9_%D9%83%D8%A7%D9%84%D9%8A%D9%81%D9%88%D8%B1%D9%86%D9%8A%D8%A7_(%D9%85%D9%8A%D8%B1%D8%B3%D8%AF)
http://www.wikidata.org/entity/Q172975	ar	المغادرون	فيلم أُصدر سنة 2006، من إخراج مارتن سكورسيزي	Q11424	film	80	https://ar.wikipedia.org/wiki/%D8%A7%D9%84%D9%85%D8%BA%D8%A7%D8%AF%D8%B1%D9%88%D9%86
http://www.wikidata.org/entity/Q172996	ar	جورج تاون، جزر كايمان	عاصمة جزر كايمان	Q515	city	74	https://ar.wikipedia.org/wiki/%D8%AC%D9%88%D8%B1%D8%AC_%D8%AA%D8%A7%D9%88%D9%86_(%D8%AC%D8%B2%D8%B1_%D9%83%D8%A7%D9%8A%D9%85%D8%A7%D9%86)
http://www.wikidata.org/entity/Q173037	ar	نيكولايفسك-نا-أمور		Q515	city	58	https://ar.wikipedia.org/wiki/%D9%86%D9%8A%D9%83%D9%88%D9%84%D8%A7%D9%8A%D9%81%D8%B3%D9%83-%D9%86%D8%A7-%D8%A3%D9%85%D9%88%D8%B1
http://www.wikidata.org/entity/Q173121	ar	مدينة كيريتارو	مدينة مكسيكية	Q515	city	88	https://ar.wikipedia.org/wiki/%D9%85%D8%AF%D9%8A%D9%86%D8%A9_%D9%83%D9%8A%D8%B1%D9%8A%D8%AA%D8%A7%D8%B1%D9%88
http://www.wikidata.org/entity/Q173270	ar	فيراكروز	مدينة ومرفأ وبلدية في ولاية فيراكروز بالمكسيك	Q515	city	83	https://ar.wikipedia.org/wiki/%D9%81%D9%8A%D8%B1%D8%A7%D9%83%D8%B1%D9%88%D8%B2_(%D9%85%D8%AF%D9%8A%D9%86%D8%A9)
http://www.wikidata.org/entity/Q1733	ar	مغدبورغ	مدينة في ألمانيا	Q515	city	141	https://ar.wikipedia.org/wiki/%D9%85%D8%A7%D8%BA%D8%AF%D9%8A%D8%A8%D9%88%D8%B1%D8%BA
http://www.wikidata.org/entity/Q173310	ar	كركوك	مدينة في شمال العراق	Q515	city	89	https://ar.wikipedia.org/wiki/%D9%83%D8%B1%D9%83%D9%88%D9%83
http://www.wikidata.org/entity/Q173338	ar	ستنيي	مدينة في الجبل الأسود	Q515	city	84	https://ar.wikipedia.org/wiki/%D8%B3%D8%AA%D9%86%D9%8A%D9%8A
http://www.wikidata.org/entity/Q1735	ar	إنسبروك	بلدية في تيرول، النمسا	Q515	city	147	https://ar.wikipedia.org/wiki/%D8%A5%D9%86%D8%B3%D8%A8%D8%B1%D9%88%D9%83
http://www.wikidata.org/entity/Q173532	ar	جبيل	مستوطنة في لبنان	Q515	city	83	https://ar.wikipedia.org/wiki/%D8%AC%D8%A8%D9%8A%D9%84
http://www.wikidata.org/entity/Q173545	ar	حماة	مدينة وسط سوريا	Q515	city	88	https://ar.wikipedia.org/wiki/%D8%AD%D9%85%D8%A7%D8%A9
http://www.wikidata.org/entity/Q173643	ar	آبي رود	ألبوم من أداء البيتلز	Q482994	album	66	https://ar.wikipedia.org/wiki/%D8%A2%D8%A8%D9%8A_%D8%B1%D9%88%D8%AF
http://www.wikidata.org/entity/Q173690	ar	جيروكاستر	مدينة في ألبانيا	Q515	city	110	https://ar.wikipedia.org/wiki/%D8%AC%D9%8A%D8%B1%D9%88%D9%83%D8%A7%D8%B3%D8%AA%D8%B1
http://www.wikidata.org/entity/Q173731	ar	غزنة	مدينة أفغانية	Q515	city	84	https://ar.wikipedia.org/wiki/%D8%BA%D8%B2%D9%86%D8%A9
http://www.wikidata.org/entity/Q1737734	ar	جامعة كيل	جامعة في المملكة المتحدة	Q3918	university	22	https://ar.wikipedia.org/wiki/%D8%AC%D8%A7%D9%85%D8%B9%D8%A9_%D9%83%D9%8A%D9%84_(%D8%A7%D9%84%D9%85%D9%85%D9%84%D9%83%D8%A9_%D8%A7%D9%84%D9%85%D8%AA%D8%AD%D8%AF%D8%A9)
http://www.wikidata.org/entity/Q173985	ar	فيصل آباد	مدينة في وسط باكستان	Q515	city	97	https://ar.wikipedia.org/wiki/%D9%81%D9%8A%D8%B5%D9%84_%D8%A2%D8%A8%D8%A7%D8%AF
http://www.wikidata.org/entity/Q174	ar	ساو باولو	مدينة في ولاية ساو باولو الاتحادية ، البرازيل	Q515	city	253	https://ar.wikipedia.org/wiki/%D8%B3%D8%A7%D9%88_%D8%A8%D8%A7%D9%88%D9%84%D9%88
http://www.wikidata.org/entity/Q174002	ar	كولومب	بلدية فرنسية في إقليم أو-دو-سين	Q515	city	71	https://ar.wikipedia.org/wiki/%D9%83%D9%88%D9%84%D9%88%D9%85%D8%A8_(%D8%A3%D9%88_%D8%AF%D9%88_%D8%B3%D9%8A%D9%86)
http://www.wikidata.org/entity/Q174019	ar	بيزييه	بلدية في فرنسا	Q515	city	83	https://ar.wikipedia.org/wiki/%D8%A8%D9%8A%D8%B2%D9%8A%D9%8A%D9%87
http://www.wikidata.org/entity/Q174060	ar	معمورة العزيز	بلدة في شرق تركيا	Q515	city	82	https://ar.wikipedia.org/wiki/%D9%85%D8%B9%D9%85%D9%88%D8%B1%D8%A9_%D8%A7%D9%84%D8%B9%D8%B2%D9%8A%D8%B2
http://www.wikidata.org/entity/Q1740805	ar	كيشوا	لغة	Q34770	language	19	
http://www.wikidata.org/entity/Q174158	ar	الجامعة العبرية في القدس	جامعة في القدس، إسرائيل	Q3918	university	86	https://ar.wikipedia.org/wiki/%D8%A7%D9%84%D8%AC%D8%A7%D9%85%D8%B9%D8%A9_%D8%A7%D9%84%D8%B9%D8%A8%D8%B1%D9%8A%D8%A9_%D9%81%D9%8A_%D8%A7%D9%84%D9%82%D8%AF%D8%B3
http://www.wikidata.org/entity/Q174237	ar	بودفا		Q515	city	71	https://ar.wikipedia.org/wiki/%D8%A8%D9%88%D8%AF%D9%81%D8%A7
http://www.wikidata.org/entity/Q1742604	ar	جامعة لابي	جامعة في روفانييمي، فنلندا	Q3918	university	25	https://ar.wikipedia.org/wiki/%D8%AC%D8%A7%D9%85%D8%B9%D8%A9_%D9%84%D8%A7%D8%A8%D9%8A
http://www.wikidata.org/entity/Q174262	ar	سان بيتر بورت	عاصمة غيزنزي	Q515	city	76	https://ar.wikipedia.org/wiki/%D8%B3%D8%A7%D9%86_%D8%A8%D9%8A%D8%AA%D8%B1_%D8%A8%D9%88%D8%B1%D8%AA
http://www.wikidata.org/entity/Q174341	ar	الإسكندرونة	مدينة تركية	Q515	city	80	https://ar.wikipedia.org/wiki/%D8%A7%D9%84%D8%A5%D8%B3%D9%83%D9%86%D8%AF%D8%B1%D9%88%D9%86%D8%A9
http://www.wikidata.org/entity/Q17444	ar	Nevermind	ألبوم من أداء نيرفانا	Q482994	album	54	https://ar.wikipedia.org/wiki/%D9%86%D9%8A%D9%81%D8%B1%D9%85%D8%A7%D9%8A%D9%86%D8%AF
http://www.wikidata.org/entity/Q174684	ar	طوزلة	مدينة في البوسنة والهرسك	Q515	city	84	https://ar.wikipedia.org/wiki/%D8%B7%D9%88%D8%B2%D9%84%D8%A9_(%D8%A7%D9%84%D8%A8%D9%88%D8%B3%D9%86%D8%A9_%D9%88%D8%A7%D9%84%D9%87%D8%B1%D8%B3%D9%83)
http://www.wikidata.org/entity/Q1748	ar	كوبنهاغن	عاصمة الدانمارك	Q515	city	243	https://ar.wikipedia.org/wiki/%D9%83%D9%88%D8%A8%D9%86%D9%87%D8%A7%D8%BA%D9%86
http://www.wikidata.org/entity/Q174841	ar	آي بي إم بيسيك	لغة برمجة	Q9143	programming language	11	
http://www.wikidata.org/entity/Q174916	ar	طرطوس	مدينة سورية على ساحل البحر المتوسط	Q515	city	71	https://ar.wikipedia.org/wiki/%D8%B7%D8%B1%D8%B7%D9%88%D8%B3
http://www.wikidata.org/entity/Q1752043	ar	جامعة الملك سعود	جامعة سعودية حكومية مستقلة تقع في الرياض وثاني أكبر جامعة في العالم من حيث المساحة	Q3918	university	36	https://ar.wikipedia.org/wiki/%D8%AC%D8%A7%D9%85%D8%B9%D8%A9_%D8%A7%D9%84%D9%85%D9%84%D9%83_%D8%B3%D8%B9%D9%88%D8%AF
http://www.wikidata.org/entity/Q175241	ar	جامعة أنتويرب	جامعة في بلجيكا	Q3918	university	31	https://ar.wikipedia.org/wiki/%D8%AC%D8%A7%D9%85%D8%B9%D8%A9_%D8%A3%D9%86%D8%AA%D9%88%D9%8A%D8%B1%D8%A8
http://www.wikidata.org/entity/Q1753738	ar	نص غير منظم		Q9143	programming language	11	https://ar.wikipedia.org/wiki/%D9%86%D8%B5_%D8%BA%D9%8A%D8%B1_%D9%85%D9%86%D8%B8%D9%85
http://www.wikidata.org/entity/Q1754	ar	ستوكهولم	عاصمة مملكة السويد	Q515	city	275	https://ar.wikipedia.org/wiki/%D8%B3%D8%AA%D9%88%D9%83%D9%87%D9%88%D9%84%D9%85
http://www.wikidata.org/entity/Q17544553	ar	1989	ألبوم الإستديو الخامس للمغنية وكاتبة الأغاني الأمريكية تايلور سويفت	Q482994	album	43	https://ar.wikipedia.org/wiki/1989_(%D8%A3%D9%84%D8%A8%D9%88%D9%85_%D8%AA%D8%A7%D9%8A%D9%84%D9%88%D8%B1_%D8%B3%D9%88%D9%8A%D9%81%D8%AA)
http://www.wikidata.org/entity/Q175617	ar	أوبلوتشاي		Q515	city	52	https://ar.wikipedia.org/wiki/%D8%A3%D9%88%D8%A8%D9%84%D9%88%D8%AA%D8%B4%D8%A7%D9%8A
http://www.wikidata.org/entity/Q175651	ar	أوبنينسك	مدينة في كالوغا أوبلاست ، روسيا	Q515	city	65	https://ar.wikipedia.org/wiki/%D8%A3%D9%88%D8%A8%D9%86%D9%8A%D9%86%D8%B3%D9%83
http://www.wikidata.org/entity/Q1757	ar	هلسنكي	عاصمة فنلندا	Q515	city	291	https://ar.wikipedia.org/wiki/%D9%87%D9%84%D8%B3%D9%86%D9%83%D9%8A
http://www.wikidata.org/entity/Q1758009	ar	جامعة غدانسك	جامعة في غدانسك، بولندا	Q3918	university	32	https://ar.wikipedia.org/wiki/%D8%AC%D8%A7%D9%85%D8%B9%D8%A9_%D8%BA%D8%AF%D8%A7%D9%86%D8%B3%D9%83
http://www.wikidata.org/entity/Q175903	ar	إيسكيا دي كاسترو	كومونا	Q515	city	52	https://ar.wikipedia.org/wiki/%D8%A5%D9%8A%D8%B3%D9%83%D9%8A%D8%A7_%D8%AF%D9%8A_%D9%83%D8%A7%D8%B3%D8%AA%D8%B1%D9%88
http://www.wikidata.org/entity/Q1760791	ar	جامعة مدلسكس	جامعة في هندون، المملكة المتحدة	Q3918	university	29	https://ar.wikipedia.org/wiki/%D8%AC%D8%A7%D9%85%D8%B9%D8%A9_%D9%85%D8%AF%D9%84%D8%B3%D9%83%D8%B3
http://www.wikidata.org/entity/Q17639755	ar	تساحليت	لهجة أمازيغية	Q34770	language	2	
http://www.wikidata.org/entity/Q1764	ar	ريكيافيك	عاصمة آيسلندا وأكبر مدنها	Q515	city	215	https://ar.wikipedia.org/wiki/%D8%B1%D9%8A%D9%83%D9%8A%D8%A7%D9%81%D9%8A%D9%83
http://www.wikidata.org/entity/Q176984	ar	يو سي إس دي باسكال	نظام لغة البرمجة باسكال	Q9143	programming language	14	https://ar.wikipedia.org/wiki/%D9%8A%D9%88_%D8%B3%D9%8A_%D8%A5%D8%B3_%D8%AF%D9%8A_%D8%A8%D8%A7%D8%B3%D9%83%D8%A7%D9%84
http://www.wikidata.org/entity/Q1771717	ar	جامعة بورتلاند الحكومية	جامعة في الولايات المتحدة الأمريكية	Q3918	university	22	https://ar.wikipedia.org/wiki/%D8%AC%D8%A7%D9%85%D8%B9%D8%A9_%D8%A8%D9%88%D8%B1%D8%AA%D9%84%D8%A7%D9%86%D8%AF_%D8%A7%D9%84%D8%AD%D9%83%D9%88%D9%85%D9%8A%D8%A9
http://www.wikidata.org/entity/Q17738	ar	حرب النجوم	فيلم أُصدر سنة 1977، من إخراج جورج لوكاس	Q11424	film	95	https://ar.wikipedia.org/wiki/%D8%AD%D8%B1%D8%A8_%D8%A7%D9%84%D9%86%D8%AC%D9%88%D9%85_(%D9%81%D9%84%D9%85)
http://www.wikidata.org/entity/Q177943	ar	مادونا	ألبوم من أداء مادونا	Q482994	album	40	https://ar.wikipedia.org/wiki/%D9%85%D8%A7%D8%AF%D9%88%D9%86%D8%A7_(%D8%A3%D9%84%D8%A8%D9%88%D9%85)
http://www.wikidata.org/entity/Q1780	ar	براتيسلافا	عاصمة سلوفاكيا	Q515	city	224	https://ar.wikipedia.org/wiki/%D8%A8%D8%B1%D8%A7%D8%AA%D9%8A%D8%B3%D9%84%D8%A7%D9%81%D8%A7
http://www.wikidata.org/entity/Q178067	ar	تواماسينا	مدينة في مدغشقر	Q515	city	61	https://ar.wikipedia.org/wiki/%D8%AA%D9%88%D8%A7%D9%85%D8%A7%D8%B3%D9%8A%D9%86%D8%A7
http://www.wikidata.org/entity/Q178168	ar	ميتروفيتسا	مدينة	Q515	city	66	https://ar.wikipedia.org/wiki/%D9%85%D9%8A%D8%AA%D8%B1%D9%88%D9%81%D9%8A%D8%AA%D8%B3%D8%A7
http://www.wikidata.org/entity/Q1782980	ar	جامعة لاغوس	جامعة في لاغوس، نيجيريا	Q3918	university	23	https://ar.wikipedia.org/wiki/%D8%AC%D8%A7%D9%85%D8%B9%D8%A9_%D9%84%D8%A7%D8%BA%D9%88%D8%B3
http://www.wikidata.org/entity/Q178405	ar	لاريسا		Q515	city	88	https://ar.wikipedia.org/wiki/%D9%84%D8%A7%D8%B1%D9%8A%D8%B3%D8%A7
http://www.wikidata.org/entity/Q17856	ar	بالارات	مدينة في فيكتوريا، أستراليا	Q515	city	67	https://ar.wikipedia.org/wiki/%D8%A8%D8%A7%D9%84%D8%A7%D8%B1%D8%A7%D8%AA
http://www.wikidata.org/entity/Q178582	ar	فيلز	بلدية في النمسا العليا، النمسا	Q515	city	79	https://ar.wikipedia.org/wiki/%D9%81%D9%8A%D9%84%D8%B2
http://www.wikidata.org/entity/Q178663	ar	مكناس	مدينة في المغرب	Q515	city	95	https://ar.wikipedia.org/wiki/%D9%85%D9%83%D9%86%D8%A7%D8%B3
http://www.wikidata.org/entity/Q1788342	ar	جامعة روبرت غوردون	جامعة في أبردين، المملكة المتحدة	Q3918	university	21	https://ar.wikipedia.org/wiki/%D8%AC%D8%A7%D9%85%D8%B9%D8%A9_%D8%B1%D9%88%D8%A8%D8%B1%D8%AA_%D8%BA%D9%88%D8%B1%D8%AF%D9%88%D9%86
http://www.wikidata.org/entity/Q178835	ar	بعلبك	مدينة لبنانية	Q515	city	85	https://ar.wikipedia.org/wiki/%D8%A8%D8%B9%D9%84%D8%A8%D9%83
http://www.wikidata.org/entity/Q178948	ar	خاجوراهو	مستوطنة بشرية	Q515	city	71	https://ar.wikipedia.org/wiki/%D8%AE%D8%A7%D8%AC%D9%88%D8%B1%D8%A7%D9%87%D9%88
http://www.wikidata.org/entity/Q179046	ar	فتحبور سيكري	مستوطنة بشرية	Q515	city	82	https://ar.wikipedia.org/wiki/%D9%81%D8%AA%D8%AD%D8%A8%D9%88%D8%B1_%D8%B3%D9%8A%D9%83%D8%B1%D9%8A
http://www.wikidata.org/entity/Q179351	ar	مدينة وستمنستر		Q515	city	91	https://ar.wikipedia.org/wiki/%D9%85%D8%AF%D9%8A%D9%86%D8%A9_%D9%88%D8%B3%D8%AA%D9%85%D9%86%D8%B3%D8%AA%D8%B1
http://www.wikidata.org/entity/Q1795928	ar	جامعة الملك عبد العزيز	جامعة في المملكة العربية السعودية	Q3918	university	29	https://ar.wikipedia.org/wiki/%D8%AC%D8%A7%D9%85%D8%B9%D8%A9_%D8%A7%D9%84%D9%85%D9%84%D9%83_%D8%B9%D8%A8%D8%AF_%D8%A7%D9%84%D8%B9%D8%B2%D9%8A%D8%B2
http://www.wikidata.org/entity/Q179815	ar	درم	مدينة في إنجلترا، المملكة المتحدة	Q515	city	86	https://ar.wikipedia.org/wiki/%D8%AF%D8%B1%D9%85_(%D8%A5%D9%86%D8%AC%D9%84%D8%AA%D8%B1%D8%A7)
http://www.wikidata.org/entity/Q1800	ar	كوتشي	مستوطنة في الهند	Q515	city	108	https://ar.wikipedia.org/wiki/%D9%83%D9%88%D8%AA%D8%B4%D9%8A_(%D9%83%D9%8A%D8%B1%D9%84%D8%A7)
http://www.wikidata.org/entity/Q180057	ar	لينكن		Q515	city	85	https://ar.wikipedia.org/wiki/%D9%84%D9%8A%D9%86%D9%83%D9%86_(%D8%A5%D9%86%D8%AC%D9%84%D8%AA%D8%B1%D8%A7)
http://www.wikidata.org/entity/Q180176	ar	كوزاني	مدنية شمالي اليونان	Q515	city	64	https://ar.wikipedia.org/wiki/%D9%83%D9%88%D8%B2%D8%A7%D9%86%D9%8A
http://www.wikidata.org/entity/Q18021	ar	بييلا	بلدية في مقاطعة بييلا، إيطاليا	Q515	city	85	https://ar.wikipedia.org/wiki/%D8%A8%D9%8A%D9%8A%D9%84%D8%A7
http://www.wikidata.org/entity/Q180233	ar	بوري	مراجع مختلفة	Q515	city	92	https://ar.wikipedia.org/wiki/%D8%A8%D9%88%D8%B1%D9%8A_(%D9%81%D9%86%D9%84%D9%86%D8%AF%D8%A7)
http://www.wikidata.org/entity/Q180294	ar	يافا	أقدم وأهم مدن فلسطين التاريخية	Q515	city	73	https://ar.wikipedia.org/wiki/%D9%8A%D8%A7%D9%81%D8%A7
http://www.wikidata.org/entity/Q180522	ar	العقبة	مدينة ساحلية في المملكة الأردنية الهاشمية	Q515	city	87	https://ar.wikipedia.org/wiki/%D8%A7%D9%84%D8%B9%D9%82%D8%A8%D8%A9
http://www.wikidata.org/entity/Q1807379	ar	جي أم أل		Q9143	programming language	19	https://ar.wikipedia.org/wiki/%D8%AC%D9%8A_%D8%A3%D9%85_%D8%A3%D9%84_(%D9%84%D8%BA%D8%A9_%D8%A8%D8%B1%D9%85%D8%AC%D8%A9)
http://www.wikidata.org/entity/Q180775	ar	سينت-يانس-مولينبيك	بلدية في بروكسل العاصمة، بلجيكا	Q515	city	53	https://ar.wikipedia.org/wiki/%D8%B3%D9%8A%D9%86%D8%AA-%D9%8A%D8%A7%D9%86%D8%B3-%D9%85%D9%88%D9%84%D9%8A%D9%86%D8%A8%D9%8A%D9%83
http://www.wikidata.org/entity/Q180803	ar	ترورو	أبرشية مدنية في المملكة المتحدة	Q515	city	89	https://ar.wikipedia.org/wiki/%D8%AA%D8%B1%D9%88%D8%B1%D9%88_(%D9%83%D9%88%D8%B1%D9%86%D9%88%D8%A7%D9%84)
http://www.wikidata.org/entity/Q180810	ar	محمية المدينة ومتحف متسخيتا	مدينة في دولة جورجيا	Q515	city	81	https://ar.wikipedia.org/wiki/%D9%85%D8%AA%D8%B3%D8%AE%D9%8A%D8%AA%D8%A7
http://www.wikidata.org/entity/Q1808326	ar	جامعة السلطان قابوس		Q3918	university	22	https://ar.wikipedia.org/wiki/%D8%AC%D8%A7%D9%85%D8%B9%D8%A9_%D8%A7%D9%84%D8%B3%D9%84%D8%B7%D8%A7%D9%86_%D9%82%D8%A7%D8%A8%D9%88%D8%B3
http://www.wikidata.org/entity/Q180921	ar	أم درمان	العاصمة الثقافية للسودان	Q515	city	70	https://ar.wikipedia.org/wiki/%D8%A3%D9%85_%D8%AF%D8%B1%D9%85%D8%A7%D9%86
http://www.wikidata.org/entity/Q180945	ar	الأرمنية الغربية		Q34770	language	46	
http://www.wikidata.org/entity/Q181037	ar	ألبانية غيغية	لهجة من اللغة الألبانية	Q34770	language	40	https://ar.wikipedia.org/wiki/%D8%A3%D9%84%D8%A8%D8%A7%D9%86%D9%8A%D8%A9_%D8%BA%D9%8A%D8%BA%D9%8A%D8%A9
http://www.wikidata.org/entity/Q181069	ar	حرب النجوم الجزء الثاني: هجوم المستنسخين	فيلم أُصدر سنة 2002، من إخراج جورج لوكاس	Q11424	film	81	https://ar.wikipedia.org/wiki/%D8%AD%D8%B1%D8%A8_%D8%A7%D9%84%D9%86%D8%AC%D9%88%D9%85_%D8%A7%D9%84%D8%AC%D8%B2%D8%A1_%D8%A7%D9%84%D8%AB%D8%A7%D9%86%D9%8A:_%D9%87%D8%AC%D9%88%D9%85_%D8%A7%D9%84%D9%85%D8%B3%D8%AA%D9%86%D8%B3%D8%AE%D9%8A%D9%86
http://www.wikidata.org/entity/Q181177	ar	جامعة كرانفيلد	جامعة في كرنفيلد، المملكة المتحدة	Q3918	university	22	https://ar.wikipedia.org/wiki/%D8%AC%D8%A7%D9%85%D8%B9%D8%A9_%D9%83%D8%B1%D8%A7%D9%86%D9%81%D9%8A%D9%84%D8%AF
http://www.wikidata.org/entity/Q18125	ar	مانشستر	مدينة في إنجلترا	Q515	city	185	https://ar.wikipedia.org/wiki/%D9%85%D8%A7%D9%86%D8%B4%D8%B3%D8%AA%D8%B1
http://www.wikidata.org/entity/Q181379	ar	عثمانية	مدينة تركية	Q515	city	77	https://ar.wikipedia.org/wiki/%D8%B9%D8%AB%D9%85%D8%A7%D9%86%D9%8A%D8%A9
http://www.wikidata.org/entity/Q1815205	ar	لغة التيكونا	لغة	Q34770	language	18	https://ar.wikipedia.org/wiki/%D9%84%D8%BA%D8%A9_%D8%A7%D9%84%D8%AA%D9%8A%D9%83%D9%88%D9%86%D8%A7
http://www.wikidata.org/entity/Q181557	ar	كاوهسيونغ	ثالث أكبر مدينة في تايوان	Q515	city	103	https://ar.wikipedia.org/wiki/%D9%83%D8%A7%D9%88%D9%87%D8%B3%D9%8A%D9%88%D9%86%D8%BA
http://www.wikidata.org/entity/Q1817355	ar	جامعة لفيف التطبيقية الوطنية	جامعة في لفيف، أوكرانيا	Q3918	university	23	https://ar.wikipedia.org/wiki/%D8%AC%D8%A7%D9%85%D8%B9%D8%A9_%D9%84%D9%81%D9%8A%D9%81_%D8%A7%D9%84%D8%AA%D8%B7%D8%A8%D9%8A%D9%82%D9%8A%D8%A9_%D8%A7%D9%84%D9%88%D8%B7%D9%86%D9%8A%D8%A9
http://www.wikidata.org/entity/Q181795	ar	حرب النجوم الجزء الخامس: الإمبراطورية تعيد الضربات	فيلم أُصدر سنة 1980، من إخراج إيرفين كريشنر	Q11424	film	83	https://ar.wikipedia.org/wiki/%D8%AD%D8%B1%D8%A8_%D8%A7%D9%84%D9%86%D8%AC%D9%88%D9%85_%D8%A7%D9%84%D8%AC%D8%B2%D8%A1_%D8%A7%D9%84%D8%AE%D8%A7%D9%85%D8%B3:_%D8%A7%D9%84%D8%A5%D9%85%D8%A8%D8%B1%D8%A7%D8%B7%D9%88%D8%B1%D9%8A%D8%A9_%D8%AA%D8%B9%D9%8A%D8%AF_%D8%A7%D9%84%D8%B6%D8%B1%D8%A8%D8%A7%D8%AA
http://www.wikidata.org/entity/Q181803	ar	حرب النجوم الجزء السادس: عودة الجيداي		Q11424	film	82	https://ar.wikipedia.org/wiki/%D8%AD%D8%B1%D8%A8_%D8%A7%D9%84%D9%86%D8%AC%D9%88%D9%85_%D8%A7%D9%84%D8%AC%D8%B2%D8%A1_%D8%A7%D9%84%D8%B3%D8%A7%D8%AF%D8%B3:_%D8%B9%D9%88%D8%AF%D8%A9_%D8%A7%D9%84%D8%AC%D9%8A%D8%AF%D8%A7%D9%8A
http://www.wikidata.org/entity/Q181826	ar	بليز بليز مي	ألبوم من أداء البيتلز	Q482994	album	60	https://ar.wikipedia.org/wiki/%D8%A8%D9%84%D9%8A%D8%B2_%D8%A8%D9%84%D9%8A%D8%B2_%D9%85%D9%8A
http://www.wikidata.org/entity/Q181854	ar	لابينرنتا	بلدية في كاريليا الجنوبية، فنلندا	Q515	city	83	https://ar.wikipedia.org/wiki/%D9%84%D8%A7%D8%A8%D9%8A%D9%86%D8%B1%D9%86%D8%AA%D8%A7
http://www.wikidata.org/entity/Q181966	ar	ناها، أوكيناوا	مدينة في محافظة أوكيناوا اليابانية	Q515	city	89	https://ar.wikipedia.org/wiki/%D9%86%D8%A7%D9%87%D8%A7_(%D8%A3%D9%88%D9%83%D9%8A%D9%86%D8%A7%D9%88%D8%A7)
http://www.wikidata.org/entity/Q182009	ar	تكرطاغ	مدينة تركية	Q515	city	77	https://ar.wikipedia.org/wiki/%D8%AA%D9%83%D8%B1%D8%B7%D8%A7%D8%BA
http://www.wikidata.org/entity/Q182025	ar	أقسراي	مدينة تركية	Q515	city	80	https://ar.wikipedia.org/wiki/%D8%A2%D9%82_%D8%B3%D8%B1%D8%A7%D9%8A
http://www.wikidata.org/entity/Q18202981	ar	بلوكلي		Q9143	programming language	14	https://ar.wikipedia.org/wiki/%D8%A8%D9%84%D9%88%D9%83%D9%84%D9%8A
http://www.wikidata.org/entity/Q182049	ar	روستنبرغ		Q515	city	71	https://ar.wikipedia.org/wiki/%D8%B1%D9%88%D8%B3%D8%AA%D9%86%D8%A8%D8%B1%D8%BA
http://www.wikidata.org/entity/Q182059	ar	كوماسي		Q515	city	93	https://ar.wikipedia.org/wiki/%D9%83%D9%88%D9%85%D8%A7%D8%B3%D9%8A
http://www.wikidata.org/entity/Q182092	ar	طبرق	مدينة ساحلية في شرق ليبيا	Q515	city	68	https://ar.wikipedia.org/wiki/%D8%B7%D8%A8%D8%B1%D9%82
http://www.wikidata.org/entity/Q182153	ar	سيارات	فيلم أمريكي أصدر سنة 2006	Q11424	film	80	https://ar.wikipedia.org/wiki/%D8%B3%D9%8A%D8%A7%D8%B1%D8%A7%D8%AA_(%D9%81%D9%84%D9%85)
http://www.wikidata.org/entity/Q182218	ar	المنتقمون	فيلم أُصدر سنة 2012، من إخراج جوس ويدن	Q11424	film	95	https://ar.wikipedia.org/wiki/%D8%A7%D9%84%D9%85%D9%86%D8%AA%D9%82%D9%85%D9%88%D9%86_(%D9%81%D9%84%D9%85)
http://www.wikidata.org/entity/Q182299	ar	خانية	مدينة تقع في جزيرة إقريطش (كريت)	Q515	city	74	https://ar.wikipedia.org/wiki/%D8%AE%D8%A7%D9%86%D9%8A%D8%A9_(%D9%85%D8%AF%D9%8A%D9%86%D8%A9)
http://www.wikidata.org/entity/Q182389	ar	مع البيتلز	ألبوم من أداء البيتلز	Q482994	album	57	https://ar.wikipedia.org/wiki/%D9%85%D8%B9_%D8%A7%D9%84%D8%A8%D9%8A%D8%AA%D9%84%D8%B2
http://www.wikidata.org/entity/Q182481	ar	توركوان	ليل حاضرة	Q515	city	83	https://ar.wikipedia.org/wiki/%D8%AA%D9%88%D8%B1%D9%83%D9%88%D8%A7%D9%86
http://www.wikidata.org/entity/Q182518	ar	آ هارد دايز نايت	ألبوم من أداء البيتلز	Q482994	album	58	https://ar.wikipedia.org/wiki/%D8%A2_%D9%87%D8%A7%D8%B1%D8%AF_%D8%AF%D8%A7%D9%8A%D8%B2_%D9%86%D8%A7%D9%8A%D8%AA
http://www.wikidata.org/entity/Q182521	ar	روستاوي		Q515	city	78	https://ar.wikipedia.org/wiki/%D8%B1%D9%88%D8%B3%D8%AA%D8%A7%D9%88%D9%8A
http://www.wikidata.org/entity/Q182692	ar	القيامة الآن	فيلم أُصدر سنة 1979، من إخراج فرانسيس فورد كوبولا	Q11424	film	84	https://ar.wikipedia.org/wiki/%D8%A7%D9%84%D9%82%D9%8A%D8%A7%D9%85%D8%A9_%D8%A7%D9%84%D8%A2%D9%86_(%D9%81%D9%84%D9%85)
http://www.wikidata.org/entity/Q1828035	ar	ليسبورن		Q515	city	56	https://ar.wikipedia.org/wiki/%D9%84%D9%8A%D8%B3%D8%A8%D9%88%D8%B1%D9%86
http://www.wikidata.org/entity/Q182826	ar	كل إم أول	ألبوم من أداء ميتاليكا	Q482994	album	53	https://ar.wikipedia.org/wiki/%D9%83%D9%84_%D8%A5%D9%85_%D8%A3%D9%88%D9%84
http://www.wikidata.org/entity/Q182923	ar	إستيرلينغ		Q515	city	75	https://ar.wikipedia.org/wiki/%D8%A5%D8%B3%D8%AA%D9%8A%D8%B1%D9%84%D9%8A%D9%86%D8%BA
http://www.wikidata.org/entity/Q182973	ar	جامعة آيوا	جامعة بحثية عامة في آيوا سيتي، آيوا، الولايات المتحدة الأمريكية	Q3918	university	42	https://ar.wikipedia.org/wiki/%D8%AC%D8%A7%D9%85%D8%B9%D8%A9_%D8%A2%D9%8A%D9%88%D8%A7
http://www.wikidata.org/entity/Q182984	ar	كانو		Q515	city	86	https://ar.wikipedia.org/wiki/%D9%83%D8%A7%D9%86%D9%88
http://www.wikidata.org/entity/Q183	ar	ألمانيا	دولة في وسط غرب أوروبا	Q6256	country	403	https://ar.wikipedia.org/wiki/%D8%A3%D9%84%D9%85%D8%A7%D9%86%D9%8A%D8%A7
http://www.wikidata.org/entity/Q183124	ar	كوتشابامبا		Q515	city	80	https://ar.wikipedia.org/wiki/%D9%83%D9%88%D8%AA%D8%B4%D8%A7%D8%A8%D8%A7%D9%85%D8%A8%D8%A7
http://www.wikidata.org/entity/Q183199	ar	يوانينا	مستوطنة في اليونان	Q515	city	79	https://ar.wikipedia.org/wiki/%D9%8A%D9%88%D8%A7%D9%86%D9%8A%D9%86%D8%A7
http://www.wikidata.org/entity/Q183298	ar	إبادان	عاصمة ولاية أويو في نيجيريا	Q515	city	78	https://ar.wikipedia.org/wiki/%D8%A5%D8%A8%D8%A7%D8%AF%D8%A7%D9%86
http://www.wikidata.org/entity/Q183303	ar	جلال آباد	مدينة في شرق أفغانستان	Q515	city	78	https://ar.wikipedia.org/wiki/%D8%AC%D9%84%D8%A7%D9%84_%D8%A2%D8%A8%D8%A7%D8%AF
http://www.wikidata.org/entity/Q183405	ar	آسفي	مدينة في المغرب	Q515	city	62	https://ar.wikipedia.org/wiki/%D8%A2%D8%B3%D9%81%D9%8A
http://www.wikidata.org/entity/Q183551	ar	وترفورد		Q515	city	87	https://ar.wikipedia.org/wiki/%D9%88%D8%AA%D8%B1%D9%81%D9%88%D8%B1%D8%AF
http://www.wikidata.org/entity/Q183584	ar	لانتشو	مدينة صينية وعاصمة الإقليم قانسو	Q515	city	98	https://ar.wikipedia.org/wiki/%D9%84%D8%A7%D9%86%D8%AA%D8%B4%D9%88
http://www.wikidata.org/entity/Q183651	ar	توقاد	عاصمة محافظة توقاد في تركيا	Q515	city	82	https://ar.wikipedia.org/wiki/%D8%AA%D9%88%D9%82%D8%A7%D8%AF
http://www.wikidata.org/entity/Q184	ar	بيلاروس	دولة في أوروبا الشرقية	Q6256	country	356	https://ar.wikipedia.org/wiki/%D8%A8%D9%8A%D9%84%D8%A7%D8%B1%D9%88%D8%B3
http://www.wikidata.org/entity/Q184046	ar	زينيتسا		Q515	city	78	https://ar.wikipedia.org/wiki/%D8%B2%D9%8A%D9%86%D9%8A%D8%AA%D8%B3%D8%A7
http://www.wikidata.org/entity/Q184090	ar	برسطن	مدينة بريطانية تقع شمال غرب إنجلترا	Q515	city	73	https://ar.wikipedia.org/wiki/%D8%A8%D8%B1%D8%B3%D8%B7%D9%86
http://www.wikidata.org/entity/Q184163	ar	كولشيستر	بلدة في المملكة المتحدة	Q515	city	75	https://ar.wikipedia.org/wiki/%D9%83%D9%88%D9%84%D8%B4%D9%8A%D8%B3%D8%AA%D8%B1
http://www.wikidata.org/entity/Q184184	ar	نواذيبو	مدينة موريتانية	Q515	city	65	https://ar.wikipedia.org/wiki/%D9%86%D9%88%D8%A7%D8%B0%D9%8A%D8%A8%D9%88
http://www.wikidata.org/entity/Q1842	ar	مدينة لوكسمبورغ	عاصمة دولة لوكسمبورغ	Q515	city	174	https://ar.wikipedia.org/wiki/%D9%84%D9%88%D9%83%D8%B3%D9%85%D8%A8%D9%88%D8%B1%D8%BA_(%D9%85%D8%AF%D9%8A%D9%86%D8%A9)
http://www.wikidata.org/entity/Q184539	ar	أردو	مدينة في تركيا	Q515	city	72	https://ar.wikipedia.org/wiki/%D8%A3%D8%B1%D8%AF%D9%88_(%D8%AA%D8%B1%D9%83%D9%8A%D8%A7)
http://www.wikidata.org/entity/Q184768	ar	العراب: الجزء الثاني	فيلم أُصدر سنة 1974، من إخراج فرانسيس فورد كوبولا	Q11424	film	84	https://ar.wikipedia.org/wiki/%D8%A7%D9%84%D8%B9%D8%B1%D8%A7%D8%A8:_%D8%A7%D9%84%D8%AC%D8%B2%D8%A1_%D8%A7%D9%84%D8%AB%D8%A7%D9%86%D9%8A_(%D9%81%D9%84%D9%85)
http://www.wikidata.org/entity/Q1848	ar	مدينة سان مارينو	عاصمة جمهورية سان مارينو	Q515	city	141	https://ar.wikipedia.org/wiki/%D9%85%D8%AF%D9%8A%D9%86%D8%A9_%D8%B3%D8%A7%D9%86_%D9%85%D8%A7%D8%B1%D9%8A%D9%86%D9%88
http://www.wikidata.org/entity/Q184843	ar	بليد رانر	فيلم أُصدر سنة 1982، من إخراج ريدلي سكوت	Q11424	film	84	https://ar.wikipedia.org/wiki/%D8%A8%D9%84%D9%8A%D8%AF_%D8%B1%D8%A7%D9%86%D8%B1
http://www.wikidata.org/entity/Q184864	ar	ميغارا	منطقة مأهولة في اليونان	Q515	city	57	https://ar.wikipedia.org/wiki/%D9%85%D9%8A%D8%BA%D8%A7%D8%B1%D8%A7
http://www.wikidata.org/entity/Q1850	ar	بنوم بنه	عاصمة كمبوديا	Q515	city	179	https://ar.wikipedia.org/wiki/%D8%A8%D9%86%D9%88%D9%85_%D8%A8%D9%86%D9%87
http://www.wikidata.org/entity/Q1850416	ar	متحف البرازيل الوطني	متحف وطني في ريو دي جانيرو	Q3918	university	45	https://ar.wikipedia.org/wiki/%D9%85%D8%AA%D8%AD%D9%81_%D8%A7%D9%84%D8%A8%D8%B1%D8%A7%D8%B2%D9%8A%D9%84_%D8%A7%D9%84%D9%88%D8%B7%D9%86%D9%8A
http://www.wikidata.org/entity/Q185066	ar	شوليه	بلدية فرنسية	Q515	city	73	https://ar.wikipedia.org/wiki/%D8%B4%D9%88%D9%84%D9%8A%D9%87
http://www.wikidata.org/entity/Q185084	ar	سعرد	مركز محافظة سعرد في تركيا	Q515	city	76	https://ar.wikipedia.org/wiki/%D8%B3%D8%B9%D8%B1%D8%AF
http://www.wikidata.org/entity/Q185121	ar	ريفولفر	ألبوم من أداء البيتلز	Q482994	album	58	https://ar.wikipedia.org/wiki/%D8%B1%D9%8A%D9%81%D9%88%D9%84%D9%81%D8%B1_(%D8%A3%D9%84%D8%A8%D9%88%D9%85)
http://www.wikidata.org/entity/Q185134	ar	تلمسان	مدينة جزائرية	Q515	city	62	https://ar.wikipedia.org/wiki/%D8%AA%D9%84%D9%85%D8%B3%D8%A7%D9%86
http://www.wikidata.org/entity/Q185156	ar	غونتانامو		Q515	city	75	https://ar.wikipedia.org/wiki/%D8%BA%D9%88%D9%86%D8%AA%D8%A7%D9%86%D8%A7%D9%85%D9%88
http://www.wikidata.org/entity/Q185157	ar	تطوان	مدينة مغربية	Q515	city	86	https://ar.wikipedia.org/wiki/%D8%AA%D8%B7%D9%88%D8%A7%D9%86
http://www.wikidata.org/entity/Q185246	ar	جامعة أبسالة	جامعة في مدينة أبسالة السويدية	Q3918	university	74	https://ar.wikipedia.org/wiki/%D8%AC%D8%A7%D9%85%D8%B9%D8%A9_%D8%A3%D9%88%D8%A8%D8%B3%D8%A7%D9%84%D8%A7
http://www.wikidata.org/entity/Q185280	ar	بايا ماري	مدينة رومانية	Q515	city	76	https://ar.wikipedia.org/wiki/%D8%A8%D8%A7%D9%8A%D8%A7_%D9%85%D8%A7%D8%B1%D9%8A
http://www.wikidata.org/entity/Q185336	ar	زوغديدي	مدينة في دولة جورجيا	Q515	city	72	https://ar.wikipedia.org/wiki/%D8%B2%D9%88%D8%BA%D8%AF%D9%8A%D8%AF%D9%8A
http://www.wikidata.org/entity/Q185345	ar	بوتي، جورجيا	مستوطنة بشرية	Q515	city	77	https://ar.wikipedia.org/wiki/%D8%A8%D9%88%D8%AA%D9%8A_(%D8%AC%D9%88%D8%B1%D8%AC%D9%8A%D8%A7)
http://www.wikidata.org/entity/Q185346	ar	جيحان	مدينة تركية	Q515	city	63	https://ar.wikipedia.org/wiki/%D8%AC%D9%8A%D8%AD%D8%A7%D9%86
http://www.wikidata.org/entity/Q1854	ar	مدينة هو تشي منه	مدينة في فيتنام	Q515	city	256	https://ar.wikipedia.org/wiki/%D9%85%D8%AF%D9%8A%D9%86%D8%A9_%D9%87%D9%88_%D8%AA%D8%B4%D9%8A_%D9%85%D9%86%D9%87
http://www.wikidata.org/entity/Q185453	ar	ملتان	مدينة في وسط باكستان	Q515	city	79	https://ar.wikipedia.org/wiki/%D9%85%D9%84%D8%AA%D8%A7%D9%86
http://www.wikidata.org/entity/Q185458	ar	كويتة	مدينة باكستانية وعاصمة إقليم بلوسستان	Q515	city	83	https://ar.wikipedia.org/wiki/%D9%83%D9%88%D9%8A%D8%AA%D8%A9
http://www.wikidata.org/entity/Q185518	ar	ماندالاي		Q515	city	97	https://ar.wikipedia.org/wiki/%D9%85%D8%A7%D9%86%D8%AF%D8%A7%D9%84%D8%A7%D9%8A
http://www.wikidata.org/entity/Q18569	ar	دوغلاس، جزيرة مان	بلدة في المملكة المتحدة	Q515	city	94	https://ar.wikipedia.org/wiki/%D8%AF%D9%88%D8%BA%D9%84%D8%A7%D8%B3_(%D8%AC%D8%B2%D9%8A%D8%B1%D8%A9_%D9%85%D8%A7%D9%86)
http://www.wikidata.org/entity/Q1857773	ar	جامعة سنترال لانكشاير	جامعة في برستون، المملكة المتحدة	Q3918	university	20	https://ar.wikipedia.org/wiki/%D8%AC%D8%A7%D9%85%D8%B9%D8%A9_%D8%B3%D9%86%D8%AA%D8%B1%D8%A7%D9%84_%D9%84%D8%A7%D9%86%D9%83%D8%B4%D8%A7%D9%8A%D8%B1
http://www.wikidata.org/entity/Q1860	ar	الإنجليزية	لغة جرمانية غربية	Q34770	language	393	https://ar.wikipedia.org/wiki/%D8%A7%D9%84%D9%84%D8%BA%D8%A9_%D8%A7%D9%84%D8%A5%D9%86%D8%AC%D9%84%D9%8A%D8%B2%D9%8A%D8%A9
http://www.wikidata.org/entity/Q186040	ar	أيوديا	مستوطنة في الهند	Q515	city	74	https://ar.wikipedia.org/wiki/%D8%A3%D9%8A%D9%88%D8%AF%D9%8A%D8%A7
http://www.wikidata.org/entity/Q1861	ar	بانكوك	عاصمة تايلاند	Q515	city	258	https://ar.wikipedia.org/wiki/%D8%A8%D8%A7%D9%86%D9%83%D9%88%D9%83
http://www.wikidata.org/entity/Q186141	ar	غانتوك	مستوطنة في الهند	Q515	city	95	https://ar.wikipedia.org/wiki/%D8%BA%D8%A7%D9%86%D8%AA%D9%88%D9%83
http://www.wikidata.org/entity/Q186142	ar	غارذاباير		Q515	city	64	https://ar.wikipedia.org/wiki/%D8%BA%D8%A7%D8%B1%D8%B0%D8%A7%D8%A8%D8%A7%D9%8A%D8%B1
http://www.wikidata.org/entity/Q186182	ar	دارامسالا	مستوطنة بشرية	Q515	city	81	https://ar.wikipedia.org/wiki/%D8%AF%D8%A7%D8%B1%D8%A7%D9%85%D8%B3%D8%A7%D9%84%D8%A7
http://www.wikidata.org/entity/Q186188	ar	حلم المراهقة	ألبوم من أداء كيتي بيري	Q482994	album	44	https://ar.wikipedia.org/wiki/%D8%AD%D9%84%D9%85_%D8%A7%D9%84%D9%85%D8%B1%D8%A7%D9%87%D9%82%D8%A9_(%D8%A3%D9%84%D8%A8%D9%88%D9%85)
http://www.wikidata.org/entity/Q186234	ar	الكوفة	مدينة عراقية	Q515	city	77	https://ar.wikipedia.org/wiki/%D8%A7%D9%84%D9%83%D9%88%D9%81%D8%A9
http://www.wikidata.org/entity/Q186237	ar	يوينسو	بلدية في كاريليا الشمالية، فنلندا	Q515	city	96	https://ar.wikipedia.org/wiki/%D9%8A%D9%88%D9%8A%D9%86%D8%B3%D9%88
http://www.wikidata.org/entity/Q1863	ar	أندورا لا فيلا	عاصمة أندورا	Q515	city	191	https://ar.wikipedia.org/wiki/%D8%A3%D9%86%D8%AF%D9%88%D8%B1%D8%A7_%D9%84%D8%A7_%D9%81%D9%8A%D9%84%D8%A7
http://www.wikidata.org/entity/Q1864529	ar	سيلف	لغة برمجة	Q9143	programming language	16	https://ar.wikipedia.org/wiki/%D8%B3%D9%8A%D9%84%D9%81_(%D9%84%D8%BA%D8%A9_%D8%A8%D8%B1%D9%85%D8%AC%D8%A9)
http://www.wikidata.org/entity/Q1865	ar	كوالالمبور	عاصمة ماليزيا وأكبر مدنها	Q515	city	213	https://ar.wikipedia.org/wiki/%D9%83%D9%88%D8%A7%D9%84%D8%A7%D9%84%D9%85%D8%A8%D9%88%D8%B1
http://www.wikidata.org/entity/Q1867	ar	تايبيه	عاصمة تايوان	Q515	city	195	https://ar.wikipedia.org/wiki/%D8%AA%D8%A7%D9%8A%D8%A8%D9%8A%D9%87
http://www.wikidata.org/entity/Q187284	ar	الغردقة	مدينة مصرية و عاصمة محافظة البحر الأحمر بمصر	Q515	city	87	https://ar.wikipedia.org/wiki/%D8%A7%D9%84%D8%BA%D8%B1%D8%AF%D9%82%D8%A9
http://www.wikidata.org/entity/Q187346	ar	قسنطينة	مدينة جزائرية	Q515	city	91	https://ar.wikipedia.org/wiki/%D9%82%D8%B3%D9%86%D8%B7%D9%8A%D9%86%D8%A9
http://www.wikidata.org/entity/Q187352	ar	قوالة	مستوطنة في اليونان	Q515	city	62	https://ar.wikipedia.org/wiki/%D9%82%D9%88%D8%A7%D9%84%D8%A9
http://www.wikidata.org/entity/Q187507	ar	ماستر أوف بابتس	ألبوم من أداء ميتاليكا	Q482994	album	52	https://ar.wikipedia.org/wiki/%D9%85%D8%A7%D8%B3%D8%AA%D8%B1_%D8%A3%D9%88%D9%81_%D8%A8%D8%A7%D8%A8%D8%AA%D8%B3_(%D8%A3%D9%84%D8%A8%D9%88%D9%85)
http://www.wikidata.org/entity/Q187560	ar	سكيم	لغة برمجة وظيفية	Q9143	programming language	53	https://ar.wikipedia.org/wiki/%D8%B3%D9%83%D9%8A%D9%85_(%D9%84%D8%BA%D8%A9_%D8%A8%D8%B1%D9%85%D8%AC%D8%A9)
http://www.wikidata.org/entity/Q187861	ar	ولونغونغ		Q515	city	83	https://ar.wikipedia.org/wiki/%D9%88%D9%84%D9%88%D9%86%D8%BA%D9%88%D9%86%D8%BA
http://www.wikidata.org/entity/Q187895	ar	زنغلداق	مدينة تركية	Q515	city	73	https://ar.wikipedia.org/wiki/%D8%B2%D9%86%D9%84%D8%AF%D8%A7%D9%82
http://www.wikidata.org/entity/Q188022	ar	ماردين	مدينة في تركيا	Q515	city	77	https://ar.wikipedia.org/wiki/%D9%85%D8%A7%D8%B1%D8%AF%D9%8A%D9%86
http://www.wikidata.org/entity/Q18808	ar	بيونغيانغ	عاصمة كوريا الشمالية	Q515	city	197	https://ar.wikipedia.org/wiki/%D8%A8%D9%8A%D9%88%D9%86%D8%BA%D9%8A%D8%A7%D9%86%D8%BA
http://www.wikidata.org/entity/Q1882071	ar	ممبس		Q9143	programming language	15	https://ar.wikipedia.org/wiki/%D9%85%D9%85%D8%A8%D8%B3
http://www.wikidata.org/entity/Q188304	ar	سندرلاند		Q515	city	81	https://ar.wikipedia.org/wiki/%D8%B3%D9%86%D8%AF%D8%B1%D9%84%D8%A7%D9%86%D8%AF
http://www.wikidata.org/entity/Q188336	ar	صفد	مدينة في شمال إسرائيل	Q515	city	65	https://ar.wikipedia.org/wiki/%D8%B5%D9%81%D8%AF
http://www.wikidata.org/entity/Q188370	ar	جامعة ماركيت	جامعة في ميلواكي، ويسكنسن، الولايات المتحدة	Q3918	university	23	https://ar.wikipedia.org/wiki/%D8%AC%D8%A7%D9%85%D8%B9%D8%A9_%D9%85%D8%A7%D8%B1%D9%83%D9%8A%D8%AA
http://www.wikidata.org/entity/Q188436	ar	ألغول		Q9143	programming language	54	https://ar.wikipedia.org/wiki/%D8%A3%D9%84%D8%BA%D9%88%D9%84_(%D9%84%D8%BA%D8%A9_%D8%A8%D8%B1%D9%85%D8%AC%D8%A9)
http://www.wikidata.org/entity/Q188531	ar	سي-الكائنية	لغة برمجة	Q9143	programming language	50	https://ar.wikipedia.org/wiki/%D8%B3%D9%8A-%D8%A7%D9%84%D9%83%D8%A7%D8%A6%D9%86%D9%8A%D8%A9
http://www.wikidata.org/entity/Q188693	ar	بلانتاير		Q515	city	78	https://ar.wikipedia.org/wiki/%D8%A8%D9%84%D8%A7%D9%86%D8%AA%D8%A7%D9%8A%D8%B1
http://www.wikidata.org/entity/Q188736	ar	البوسنة	منطقة تاريخية في البوسنة والهرسك	Q6256	country	66	https://ar.wikipedia.org/wiki/%D8%A7%D9%84%D8%A8%D9%88%D8%B3%D9%86%D8%A9_(%D9%85%D9%86%D8%B7%D9%82%D8%A9)
http://www.wikidata.org/entity/Q1887879	ar	جامعة سان فرانسيسكو	جامعة في كاليفورنيا، الولايات المتحدة	Q3918	university	26	https://ar.wikipedia.org/wiki/%D8%AC%D8%A7%D9%85%D8%B9%D8%A9_%D8%B3%D8%A7%D9%86_%D9%81%D8%B1%D8%A7%D9%86%D8%B3%D9%8A%D8%B3%D9%83%D9%88
http://www.wikidata.org/entity/Q1888771	ar	جامعة مانشستر متروبوليتان	جامعة في مانشستر، المملكة المتحدة	Q3918	university	26	https://ar.wikipedia.org/wiki/%D8%AC%D8%A7%D9%85%D8%B9%D8%A9_%D9%85%D8%A7%D9%86%D8%B4%D8%B3%D8%AA%D8%B1_%D9%85%D8%AA%D8%B1%D9%88%D8%A8%D9%88%D9%84%D9%8A%D8%AA%D8%A7%D9%86
http://www.wikidata.org/entity/Q188894	ar	كوتاهية	مدينة في تركية	Q515	city	86	https://ar.wikipedia.org/wiki/%D9%83%D9%88%D8%AA%D8%A7%D9%87%D9%8A%D8%A9
http://www.wikidata.org/entity/Q189	ar	آيسلندا	إحدى الدول الإسكندنافية الجزرية الواقعة في شمال أوروبا	Q6256	country	352	https://ar.wikipedia.org/wiki/%D8%A2%D9%8A%D8%B3%D9%84%D9%86%D8%AF%D8%A7
http://www.wikidata.org/entity/Q189022	ar	كلية لندن الإمبراطورية	جامعة بحثية عامة تقع في لندن ، المملكة المتحدة	Q3918	university	65	https://ar.wikipedia.org/wiki/%D9%83%D9%84%D9%8A%D8%A9_%D9%84%D9%86%D8%AF%D9%86_%D8%A7%D9%84%D8%A5%D9%85%D8%A8%D8%B1%D8%A7%D8%B7%D9%88%D8%B1%D9%8A%D8%A9
http://www.wikidata.org/entity/Q189059	ar	ميتيليني	منطقة مأهولة في اليونان	Q515	city	64	https://ar.wikipedia.org/wiki/%D9%85%D9%8A%D8%AA%D9%8A%D9%84%D9%8A%D9%86%D9%8A
http://www.wikidata.org/entity/Q1891	ar	بولونيا	كومونا	Q515	city	160	https://ar.wikipedia.org/wiki/%D8%A8%D9%88%D9%84%D9%88%D9%86%D9%8A%D8%A7_(%D8%A5%D9%8A%D8%B7%D8%A7%D9%84%D9%8A%D8%A7)
http://www.wikidata.org/entity/Q189128	ar	ليون		Q515	city	80	https://ar.wikipedia.org/wiki/%D9%84%D9%8A%D9%88%D9%86_(%D8%A7%D9%84%D9%85%D9%83%D8%B3%D9%8A%D9%83)
http://www.wikidata.org/entity/Q189133	ar	كيرنز	مدينة إقليمية في أستراليا	Q515	city	82	https://ar.wikipedia.org/wiki/%D9%83%D9%8A%D8%B1%D9%86%D8%B2_(%D9%88%D9%84%D8%A7%D9%8A%D8%A9_%D9%83%D9%88%D9%8A%D9%86%D8%B2%D9%84%D8%A7%D9%86%D8%AF)
http://www.wikidata.org/entity/Q189134	ar	عشاق	مدينة تركية	Q515	city	72	https://ar.wikipedia.org/wiki/%D8%B9%D8%B4%D8%A7%D9%82_(%D9%85%D8%AF%D9%8A%D9%86%D8%A9)
http://www.wikidata.org/entity/Q189138	ar	إرموسييو	مدينة مكسيكية تقع في ولاية سونورا	Q515	city	77	https://ar.wikipedia.org/wiki/%D8%A7%D8%B1%D9%85%D9%88%D8%B3%D9%8A%D9%8A%D9%88_%D8%B3%D9%88%D9%86%D9%88%D8%B1%D8%A7
http://www.wikidata.org/entity/Q189157	ar	أوتينا		Q515	city	68	https://ar.wikipedia.org/wiki/%D8%A3%D9%88%D8%AA%D9%8A%D9%86%D8%A7_(%D9%85%D8%AF%D9%8A%D9%86%D8%A9)
http://www.wikidata.org/entity/Q189383	ar	دمياط	مدينة مصرية و عاصمة محافظة دمياط بمصر	Q515	city	68	https://ar.wikipedia.org/wiki/%D8%AF%D9%85%D9%8A%D8%A7%D8%B7
http://www.wikidata.org/entity/Q189441	ar	جامعة ياغيلونيا	جامعة في كراكوف، بولندا	Q3918	university	72	https://ar.wikipedia.org/wiki/%D8%AC%D8%A7%D9%85%D8%B9%D8%A9_%D9%8A%D8%A7%D8%BA%D9%8A%D9%84%D9%88%D9%86%D9%8A%D8%A7
http://www.wikidata.org/entity/Q189546	ar	بنزرت	مدينة تونسية	Q515	city	69	https://ar.wikipedia.org/wiki/%D8%A8%D9%86%D8%B2%D8%B1%D8%AA
http://www.wikidata.org/entity/Q1895587	ar	ايلف	لغة برمجة متزامنة متوقفة تم تصميمها كجزء من نظام التشغيل بلان 9	Q9143	programming language	10	https://ar.wikipedia.org/wiki/%D8%A3%D9%84%D9%81_(%D9%84%D8%BA%D8%A9_%D8%A8%D8%B1%D9%85%D8%AC%D8%A9)
http://www.wikidata.org/entity/Q1896148	ar	جامعة غرينتش	جامعة بريطانية	Q3918	university	28	https://ar.wikipedia.org/wiki/%D8%AC%D8%A7%D9%85%D8%B9%D8%A9_%D8%BA%D8%B1%D9%8A%D9%86%D8%AA%D8%B4
http://www.wikidata.org/entity/Q189685	ar	أبوميه	منطقة	Q515	city	69	https://ar.wikipedia.org/wiki/%D8%A3%D8%A8%D9%88%D9%85%D9%8A%D8%A9
http://www.wikidata.org/entity/Q189697	ar	قربوك	مدينة في تركيا	Q515	city	70	https://ar.wikipedia.org/wiki/%D9%82%D8%B1%D9%87_%D8%A8%D9%88%D9%83
http://www.wikidata.org/entity/Q189901	ar	آرغوس		Q515	city	77	https://ar.wikipedia.org/wiki/%D8%A3%D8%B1%D8%BA%D9%88%D8%B3
http://www.wikidata.org/entity/Q189969	ar	أولسيني		Q515	city	66	https://ar.wikipedia.org/wiki/%D8%A3%D9%88%D9%84%D8%B3%D9%8A%D9%86%D9%8A
http://www.wikidata.org/entity/Q190005	ar	سينفويغوس		Q515	city	70	https://ar.wikipedia.org/wiki/%D8%B3%D9%8A%D9%86%D9%81%D9%88%D9%8A%D8%BA%D9%88%D8%B3_(%D9%85%D8%AF%D9%8A%D9%86%D8%A9)
http://www.wikidata.org/entity/Q190021	ar	تاونسفيل		Q515	city	69	https://ar.wikipedia.org/wiki/%D8%AA%D8%A7%D9%88%D9%86%D8%B3%D9%81%D9%8A%D9%84
http://www.wikidata.org/entity/Q190050	ar	نادي القتال	فيلم أُصدر سنة 1999، من إخراج ديفيد فينشر	Q11424	film	102	https://ar.wikipedia.org/wiki/%D9%86%D8%A7%D8%AF%D9%8A_%D8%A7%D9%84%D9%82%D8%AA%D8%A7%D9%84
http://www.wikidata.org/entity/Q190086	ar	البعض يفضلونها ساخنة	فيلم أُصدر سنة 1959، من إخراج بيلي وايلدر	Q11424	film	81	https://ar.wikipedia.org/wiki/%D8%A7%D9%84%D8%A8%D8%B9%D8%B6_%D9%8A%D9%81%D8%B6%D9%84%D9%88%D9%86%D9%87%D8%A7_%D8%B3%D8%A7%D8%AE%D9%86%D8%A9
http://www.wikidata.org/entity/Q190165	ar	لوانغ برابانغ		Q515	city	86	https://ar.wikipedia.org/wiki/%D9%84%D9%88%D8%A7%D9%86%D8%BA_%D8%A8%D8%B1%D8%A7%D8%A8%D8%A7%D9%86%D8%BA
http://www.wikidata.org/entity/Q190184	ar	هرر	مدينة تقع شرق أثيوبيا	Q515	city	75	https://ar.wikipedia.org/wiki/%D9%87%D8%B1%D8%B1_(%D9%85%D8%AF%D9%8A%D9%86%D8%A9)
http://www.wikidata.org/entity/Q190235	ar	هورسينس		Q515	city	75	https://ar.wikipedia.org/wiki/%D9%87%D9%88%D8%B1%D8%B3%D9%8A%D9%86%D8%B3
http://www.wikidata.org/entity/Q190583	ar	ميكيلي	بلدية في سافو الجنوبية، فنلندا	Q515	city	77	https://ar.wikipedia.org/wiki/%D9%85%D9%8A%D9%83%D9%8A%D9%84%D9%8A
http://www.wikidata.org/entity/Q1906	ar	كَزِرتة	كومونا	Q515	city	90	https://ar.wikipedia.org/wiki/%D9%83%D8%B2%D8%B1%D8%AA%D8%A9
http://www.wikidata.org/entity/Q19060	ar	غوت تو بي ذير	ألبوم من أداء مايكل جاكسون	Q482994	album	41	https://ar.wikipedia.org/wiki/%D8%BA%D9%88%D8%AA_%D8%AA%D9%88_%D8%A8%D9%8A_%D8%B0%D9%8A%D8%B1
http://www.wikidata.org/entity/Q190640	ar	روح مطاطية	ألبوم من أداء البيتلز	Q482994	album	54	https://ar.wikipedia.org/wiki/%D8%B1%D9%88%D8%AD_%D9%85%D8%B7%D8%A7%D8%B7%D9%8A%D8%A9
http://www.wikidata.org/entity/Q190828	ar	بتاح تكفا	مدينة يهودية بالقرب من تل أبيب	Q515	city	73	https://ar.wikipedia.org/wiki/%D8%A8%D8%AA%D8%A7%D8%AD_%D8%AA%D9%83%D9%81%D8%A7
http://www.wikidata.org/entity/Q190847	ar	ألكسندروبولي		Q515	city	59	https://ar.wikipedia.org/wiki/%D8%A3%D9%84%D9%83%D8%B3%D9%86%D8%AF%D8%B1%D9%88%D8%A8%D9%88%D9%84%D9%8A
http://www.wikidata.org/entity/Q190897	ar	فيير		Q515	city	113	https://ar.wikipedia.org/wiki/%D9%81%D9%8A%D9%8A%D8%B1_(%D8%A3%D9%84%D8%A8%D8%A7%D9%86%D9%8A%D8%A7)
http://www.wikidata.org/entity/Q190911	ar	حبيبي مرة أخرى	أول ألبوم إستديو لبريتني سبيرز، صُدر عام 1999	Q482994	album	42	https://ar.wikipedia.org/wiki/...%D8%AD%D8%A8%D9%8A%D8%A8%D9%8A_%D9%85%D8%B1%D8%A9_%D8%A3%D8%AE%D8%B1%D9%89_(%D8%A3%D9%84%D8%A8%D9%88%D9%85)
http://www.wikidata.org/entity/Q190989	ar	رايد ذي لايتنينغ	ألبوم من أداء ميتاليكا	Q482994	album	50	https://ar.wikipedia.org/wiki/%D8%B1%D8%A7%D9%8A%D8%AF_%D8%B0%D9%8A_%D9%84%D8%A7%D9%8A%D8%AA%D9%86%D9%8A%D9%86%D8%BA
http://www.wikidata.org/entity/Q191	ar	إستونيا	دولة تقع في شمال أوروبا	Q6256	country	353	https://ar.wikipedia.org/wiki/%D8%A5%D8%B3%D8%AA%D9%88%D9%86%D9%8A%D8%A7
http://www.wikidata.org/entity/Q191015	ar	تراكي		Q515	city	75	https://ar.wikipedia.org/wiki/%D8%AA%D8%B1%D8%A7%D9%83%D9%8A
http://www.wikidata.org/entity/Q191047	ar	إيلوليسات		Q515	city	66	https://ar.wikipedia.org/wiki/%D8%A5%D9%8A%D9%84%D9%88%D9%84%D9%8A%D8%B3%D8%A7%D8%AA
http://www.wikidata.org/entity/Q191170	ar	الفلوجة	مدينة في غرب العراق في محافظة الأنبار	Q515	city	58	https://ar.wikipedia.org/wiki/%D8%A7%D9%84%D9%81%D9%84%D9%88%D8%AC%D8%A9
http://www.wikidata.org/entity/Q191204	ar	السليمانية	مدينة في اقليم كردستان	Q515	city	75	https://ar.wikipedia.org/wiki/%D8%A7%D9%84%D8%B3%D9%84%D9%8A%D9%85%D8%A7%D9%86%D9%8A%D8%A9
http://www.wikidata.org/entity/Q191718	ar	بربرة	مدينة في الصومال	Q515	city	53	https://ar.wikipedia.org/wiki/%D8%A8%D8%B1%D8%A8%D8%B1%D8%A9_(%D8%A7%D9%84%D8%B5%D9%88%D9%85%D8%A7%D9%84)
http://www.wikidata.org/entity/Q191764	ar	الخمير الحمر	الحزب الحاكم في كمبوتشيا الديموقراطية (1975 - 1979)	Q43229	organization	84	https://ar.wikipedia.org/wiki/%D8%A7%D9%84%D8%AE%D9%85%D9%8A%D8%B1_%D8%A7%D9%84%D8%AD%D9%85%D8%B1
http://www.wikidata.org/entity/Q191805	ar	ملادا بوليسلاف		Q515	city	64	https://ar.wikipedia.org/wiki/%D9%85%D9%84%D8%A7%D8%AF%D8%A7_%D8%A8%D9%88%D9%84%D9%8A%D8%B3%D9%84%D8%A7%D9%81
http://www.wikidata.org/entity/Q192155	ar	كوتكا	بلدة في كومنلاكسو، فنلندا	Q515	city	87	https://ar.wikipedia.org/wiki/%D9%83%D9%88%D8%AA%D9%83%D8%A7
http://www.wikidata.org/entity/Q192176	ar	بيندر، مولدوفيا		Q515	city	73	https://ar.wikipedia.org/wiki/%D8%A8%D9%8A%D9%86%D8%AF%D8%B1_(%D9%85%D9%88%D9%84%D8%AF%D9%88%D9%81%D8%A7)
http://www.wikidata.org/entity/Q192213	ar	حولون	مدينة في محافظة تل أبيب بإسرائيل	Q515	city	64	https://ar.wikipedia.org/wiki/%D8%AD%D9%88%D9%84%D9%88%D9%86
http://www.wikidata.org/entity/Q192225	ar	نتانيا	مدينة في إسرائيل	Q515	city	74	https://ar.wikipedia.org/wiki/%D9%86%D8%AA%D8%A7%D9%86%D9%8A%D8%A7
http://www.wikidata.org/entity/Q192235	ar	سيوداد ديل استي		Q515	city	72	https://ar.wikipedia.org/wiki/%D8%B3%D9%8A%D9%88%D8%AF%D8%A7%D8%AF_%D8%AF%D9%8A%D9%84_%D8%A7%D8%B3%D8%AA%D9%8A
http://www.wikidata.org/entity/Q192379	ar	آيزاول	مستوطنة بشرية	Q515	city	88	https://ar.wikipedia.org/wiki/%D8%A3%D9%8A%D8%B2%D9%88%D9%84
http://www.wikidata.org/entity/Q192508	ar	بيرخن أوب زووم	بلدية هولندية في شمال برابنت	Q515	city	69	https://ar.wikipedia.org/wiki/%D8%A8%D9%8A%D8%B1%D8%AE%D9%86_%D8%A3%D9%88%D8%A8_%D8%B2%D9%88%D9%88%D9%85
http://www.wikidata.org/entity/Q192518	ar	شبام	مدينة حضرمية	Q515	city	68	https://ar.wikipedia.org/wiki/%D8%B4%D8%A8%D8%A7%D9%85
http://www.wikidata.org/entity/Q192724	ar	آيرون مان	فيلم أُصدر سنة 2008، من إخراج جون فافرو	Q11424	film	84	https://ar.wikipedia.org/wiki/%D8%A7%D9%84%D8%B1%D8%AC%D9%84_%D8%A7%D9%84%D8%AD%D8%AF%D9%8A%D8%AF%D9%8A_(%D9%81%D9%84%D9%85)
http://www.wikidata.org/entity/Q192755	ar	تعتيم	ألبوم من أداء بريتني سبيرز	Q482994	album	40	https://ar.wikipedia.org/wiki/%D8%AA%D8%B9%D8%AA%D9%8A%D9%85_(%D8%A3%D9%84%D8%A8%D9%88%D9%85)
http://www.wikidata.org/entity/Q192807	ar	رمات غان	مدينة في إسرائيل	Q515	city	75	https://ar.wikipedia.org/wiki/%D8%B1%D9%85%D8%A7%D8%AA_%D8%BA%D8%A7%D9%86
http://www.wikidata.org/entity/Q1928222	ar	مودولا-3		Q9143	programming language	13	https://ar.wikipedia.org/wiki/%D9%85%D9%88%D8%AF%D9%88%D9%84%D8%A7-3
http://www.wikidata.org/entity/Q192896	ar	كارلايل، كمبريا		Q515	city	77	https://ar.wikipedia.org/wiki/%D9%83%D8%A7%D8%B1%D9%84%D8%A7%D9%8A%D9%84_(%D9%83%D9%85%D8%A8%D8%B1%D9%8A%D8%A7)
http://www.wikidata.org/entity/Q192898	ar	سيلفوس		Q515	city	55	https://ar.wikipedia.org/wiki/%D8%B3%D9%8A%D9%84%D9%81%D9%88%D8%B3
http://www.wikidata.org/entity/Q192918	ar	صبراتة	مدينة في ليبيا	Q515	city	57	https://ar.wikipedia.org/wiki/%D8%B5%D8%A8%D8%B1%D8%A7%D8%AA%D8%A9
http://www.wikidata.org/entity/Q192961	ar	الرمادي	مدينة في وسط العراق	Q515	city	61	https://ar.wikipedia.org/wiki/%D8%A7%D9%84%D8%B1%D9%85%D8%A7%D8%AF%D9%8A
http://www.wikidata.org/entity/Q192980	ar	لمياء		Q515	city	58	https://ar.wikipedia.org/wiki/%D9%84%D9%85%D9%8A%D8%A7%D8%A1_(%D9%85%D8%AF%D9%8A%D9%86%D8%A9)
http://www.wikidata.org/entity/Q19300	ar	ملفنت	كومونا	Q515	city	75	https://ar.wikipedia.org/wiki/%D9%85%D9%84%D9%81%D9%86%D8%AA
http://www.wikidata.org/entity/Q193103	ar	هرسك نوفي		Q515	city	70	https://ar.wikipedia.org/wiki/%D9%87%D8%B1%D8%B3%D9%83_%D9%86%D9%88%D9%81%D9%8A
http://www.wikidata.org/entity/Q193226	ar	سارنده	بلدة في ألبانيا	Q515	city	72	https://ar.wikipedia.org/wiki/%D8%B3%D8%A7%D8%B1%D9%86%D8%AF%D9%87
http://www.wikidata.org/entity/Q193229	ar	فيسوكو		Q515	city	51	https://ar.wikipedia.org/wiki/%D9%81%D9%8A%D8%B3%D9%88%D9%83%D9%88
http://www.wikidata.org/entity/Q193250	ar	بولاوايو	مدينة في زيمبابوي	Q515	city	79	https://ar.wikipedia.org/wiki/%D8%A8%D9%88%D9%84%D8%A7%D9%88%D8%A7%D9%8A%D9%88
http://www.wikidata.org/entity/Q193289	ar	إكيتوس		Q515	city	74	https://ar.wikipedia.org/wiki/%D8%A5%D9%83%D9%8A%D8%AA%D9%88%D8%B3
http://www.wikidata.org/entity/Q193367	ar	بورفو	بلدية في فنلندا	Q515	city	85	https://ar.wikipedia.org/wiki/%D8%A8%D9%88%D8%B1%D9%81%D9%88
http://www.wikidata.org/entity/Q193409	ar	طرابلس	مدينة يونانية	Q515	city	64	https://ar.wikipedia.org/wiki/%D8%B7%D8%B1%D8%A7%D8%A8%D9%84%D8%B3_(%D8%A7%D9%84%D9%8A%D9%88%D9%86%D8%A7%D9%86)
http://www.wikidata.org/entity/Q19344	ar	سان بيدرو دي لا باز		Q515	city	75	https://ar.wikipedia.org/wiki/%D8%B3%D8%A7%D9%86_%D8%A8%D9%8A%D8%AF%D8%B1%D9%88_%D8%AF%D9%8A_%D9%84%D8%A7_%D8%A8%D8%A7%D8%B2
http://www.wikidata.org/entity/Q193445	ar	أرتوين	مدينة تركية	Q515	city	75	https://ar.wikipedia.org/wiki/%D8%A3%D8%B1%D8%AA%D9%88%D9%8A%D9%86
http://www.wikidata.org/entity/Q19345	ar	سيرك	ألبوم من أداء بريتني سبيرز	Q482994	album	42	https://ar.wikipedia.org/wiki/%D8%B3%D9%8A%D8%B1%D9%83_(%D8%A3%D9%84%D8%A8%D9%88%D9%85)
http://www.wikidata.org/entity/Q193452	ar	أرماه		Q515	city	66	https://ar.wikipedia.org/wiki/%D8%A3%D8%B1%D9%85%D8%A7%D9%87
http://www.wikidata.org/entity/Q193477	ar	ليلة في دارالأوبرا	ألبوم من أداء كوين	Q482994	album	67	https://ar.wikipedia.org/wiki/%D9%84%D9%8A%D9%84%D8%A9_%D9%81%D9%8A_%D8%AF%D8%A7%D8%B1%D8%A7%D9%84%D8%A3%D9%88%D8%A8%D8%B1%D8%A7
http://www.wikidata.org/entity/Q193478	ar	بودا	جزء من مدينة بودابست المجرية	Q515	city	58	https://ar.wikipedia.org/wiki/%D8%A8%D9%88%D8%AF%D8%A7_(%D8%A8%D9%88%D8%AF%D8%A7%D8%A8%D8%B3%D8%AA)
http://www.wikidata.org/entity/Q193486	ar	ديرة داوا	مدينة في أثيوبيا	Q515	city	76	https://ar.wikipedia.org/wiki/%D8%AF%D9%8A%D8%B1_%D8%AF%D8%A7%D9%88%D8%A7
http://www.wikidata.org/entity/Q193490	ar	كوين (ألبوم كوين)	ألبوم من أداء كوين	Q482994	album	57	https://ar.wikipedia.org/wiki/%D9%83%D9%88%D9%8A%D9%86_(%D8%A3%D9%84%D8%A8%D9%88%D9%85_%D9%83%D9%88%D9%8A%D9%86)
http://www.wikidata.org/entity/Q193510	ar	جامعة بادوفا	جامعة في بادوفا، إيطاليا	Q3918	university	61	https://ar.wikipedia.org/wiki/%D8%AC%D8%A7%D9%85%D8%B9%D8%A9_%D8%A8%D8%A7%D8%AF%D9%88%D9%81%D8%A7
http://www.wikidata.org/entity/Q19355	ar	لا فيتا إي بيلا	فيلم أُصدر سنة 1997، من إخراج روبيرتو بينيني	Q11424	film	80	https://ar.wikipedia.org/wiki/%D8%A7%D9%84%D8%AD%D9%8A%D8%A7%D8%A9_%D8%AC%D9%85%D9%8A%D9%84%D8%A9_(%D9%81%D9%84%D9%85)
http://www.wikidata.org/entity/Q193563	ar	المكتبة الوطنية الفرنسية	مكتبة تتبع وزارة الثقافة الفرنسية	Q43229	organization	90	https://ar.wikipedia.org/wiki/%D8%A7%D9%84%D9%85%D9%83%D8%AA%D8%A8%D8%A9_%D8%A7%D9%84%D9%88%D8%B7%D9%86%D9%8A%D8%A9_%D8%A7%D9%84%D9%81%D8%B1%D9%86%D8%B3%D9%8A%D8%A9
http://www.wikidata.org/entity/Q193787	ar	تاوراغه		Q515	city	58	https://ar.wikipedia.org/wiki/%D8%AA%D9%88%D8%B1%D8%A7%D8%AC_(%D9%85%D8%AF%D9%8A%D9%86%D8%A9)
http://www.wikidata.org/entity/Q193802	ar	وجدة	مدينة في المغرب	Q515	city	74	https://ar.wikipedia.org/wiki/%D9%88%D8%AC%D8%AF%D8%A9
http://www.wikidata.org/entity/Q193821	ar	سومور	بلدية في ماين ولوار، فرنسا	Q515	city	76	https://ar.wikipedia.org/wiki/%D8%B3%D9%88%D9%85%D9%88%D8%B1
http://www.wikidata.org/entity/Q193920	ar	روي-مالميزون	بلدية فرنسية في إقليم أو-دو-سين	Q515	city	73	https://ar.wikipedia.org/wiki/%D8%B1%D9%88%D9%8A-%D9%85%D8%A7%D9%84%D9%85%D9%8A%D8%B2%D9%88%D9%86
http://www.wikidata.org/entity/Q1940803	ar	جامعة منتصف السويد	جامعة في السويد	Q3918	university	20	https://ar.wikipedia.org/wiki/%D8%AC%D8%A7%D9%85%D8%B9%D8%A9_%D9%85%D9%86%D8%AA%D8%B5%D9%81_%D8%A7%D9%84%D8%B3%D9%88%D9%8A%D8%AF
http://www.wikidata.org/entity/Q194146	ar	نيدا	مدينة تركية	Q515	city	69	https://ar.wikipedia.org/wiki/%D9%86%D9%8A%D8%AF%D8%A9
http://www.wikidata.org/entity/Q194164	ar	كرويه	بلدة في شمال وسط ألبانيا	Q515	city	66	https://ar.wikipedia.org/wiki/%D9%83%D8%B1%D9%88%D9%8A%D9%87
http://www.wikidata.org/entity/Q194165	ar	إربد	مدينة شمال الأردن	Q515	city	59	https://ar.wikipedia.org/wiki/%D8%A5%D8%B1%D8%A8%D8%AF
http://www.wikidata.org/entity/Q194445	ar	جامعة القاهرة	جامعة حكومية مصرية	Q3918	university	61	https://ar.wikipedia.org/wiki/%D8%AC%D8%A7%D9%85%D8%B9%D8%A9_%D8%A7%D9%84%D9%82%D8%A7%D9%87%D8%B1%D8%A9
http://www.wikidata.org/entity/Q194452	ar	قرة قول	مدينة في قيرغيزيا	Q515	city	76	https://ar.wikipedia.org/wiki/%D9%82%D8%B1%D8%A9_%D9%82%D9%88%D9%84_(%D9%82%D8%B1%D8%BA%D9%8A%D8%B2%D8%B3%D8%AA%D8%A7%D9%86)
http://www.wikidata.org/entity/Q1947	ar	جوبا	عاصمة جنوب السودان	Q515	city	148	https://ar.wikipedia.org/wiki/%D8%AC%D9%88%D8%A8%D8%A7
http://www.wikidata.org/entity/Q1957120	ar	ماندان	لغة	Q34770	language	15	
http://www.wikidata.org/entity/Q19583	ar	غوري	مدينة جورجية	Q515	city	90	https://ar.wikipedia.org/wiki/%D8%BA%D9%88%D8%B1%D9%8A_(%D8%AC%D9%88%D8%B1%D8%AC%D9%8A%D8%A7)
http://www.wikidata.org/entity/Q195929	ar	فري بيسيك	لغة برمجة	Q9143	programming language	29	
http://www.wikidata.org/entity/Q1960	ar	دار السلام	العاصمة السابقة لتنزانيا وأكبر مدنها	Q515	city	141	https://ar.wikipedia.org/wiki/%D8%AF%D8%A7%D8%B1_%D8%A7%D9%84%D8%B3%D9%84%D8%A7%D9%85_(%D8%AA%D9%86%D8%B2%D8%A7%D9%86%D9%8A%D8%A7)
http://www.wikidata.org/entity/Q1961570	ar	جامعة الهندسة والتكنولوجيا، لاهور	جامعة في لاهور، باكستان	Q3918	university	20	https://ar.wikipedia.org/wiki/%D8%AC%D8%A7%D9%85%D8%B9%D8%A9_%D8%A7%D9%84%D9%87%D9%86%D8%AF%D8%B3%D8%A9_%D9%88%D8%A7%D9%84%D8%AA%D9%83%D9%86%D9%88%D9%84%D9%88%D8%AC%D9%8A%D8%A7_(%D9%84%D8%A7%D9%87%D9%88%D8%B1)
http://www.wikidata.org/entity/Q196163	ar	لوبيز		Q515	city	190	https://ar.wikipedia.org/wiki/%D9%84%D9%88%D8%A8%D9%8A%D8%B2_(%D8%A8%D9%88%D9%84%D9%86%D8%AF%D8%A7)
http://www.wikidata.org/entity/Q1962613	ar	جامعة موسكو الطبية الحكومية الأولى	جامعة في موسكو، روسيا	Q3918	university	23	
http://www.wikidata.org/entity/Q1963	ar	الخرطوم	عاصمة السودان وحاضرة ولاية الخرطوم	Q515	city	182	https://ar.wikipedia.org/wiki/%D8%A7%D9%84%D8%AE%D8%B1%D8%B7%D9%88%D9%85
http://www.wikidata.org/entity/Q19689	ar	تيرانا	عاصمة ألبانيا	Q515	city	279	https://ar.wikipedia.org/wiki/%D8%AA%D9%8A%D8%B1%D8%A7%D9%86%D8%A7
http://www.wikidata.org/entity/Q1972050	ar	جامعة جوهانسبرغ	جامعة في جوهانسبرغ، جنوب أفريقيا	Q3918	university	30	https://ar.wikipedia.org/wiki/%D8%AC%D8%A7%D9%85%D8%B9%D8%A9_%D8%AC%D9%88%D9%87%D8%A7%D9%86%D8%B3%D8%A8%D8%B1%D8%BA
http://www.wikidata.org/entity/Q1972721	ar	جامعة لوليا للتكنولوجيا	جامعة في لوليو، السويد	Q3918	university	23	https://ar.wikipedia.org/wiki/%D8%AC%D8%A7%D9%85%D8%B9%D8%A9_%D9%84%D9%88%D9%84%D9%8A%D8%A7_%D9%84%D9%84%D8%AA%D9%83%D9%86%D9%88%D9%84%D9%88%D8%AC%D9%8A%D8%A7
http://www.wikidata.org/entity/Q197543	ar	جامعة جيجيانغ	جامعة في هانغجو، الصين	Q3918	university	47	https://ar.wikipedia.org/wiki/%D8%AC%D8%A7%D9%85%D8%B9%D8%A9_%D8%AC%D9%8A%D8%AC%D9%8A%D8%A7%D9%86%D8%BA
http://www.wikidata.org/entity/Q19755	ar	اتحاد النقل الجوي الدولي	منظمة ملاحة جوية	Q43229	organization	86	https://ar.wikipedia.org/wiki/%D8%A7%D8%AA%D8%AD%D8%A7%D8%AF_%D8%A7%D9%84%D9%86%D9%82%D9%84_%D8%A7%D9%84%D8%AC%D9%88%D9%8A_%D8%A7%D9%84%D8%AF%D9%88%D9%84%D9%8A
http://www.wikidata.org/entity/Q1979891	ar	جامعة نوفا لشبونة	جامعة برتغالية	Q3918	university	22	https://ar.wikipedia.org/wiki/%D8%AC%D8%A7%D9%85%D8%B9%D8%A9_%D9%86%D9%88%D9%81%D8%A7_%D9%84%D8%B4%D8%A8%D9%88%D9%86%D8%A9
http://www.wikidata.org/entity/Q1982248	ar	العبرانية	شكل اللغة العبرية الذي كان منطوقًا زمن تدوين التوراة	Q34770	language	51	https://ar.wikipedia.org/wiki/%D8%A7%D9%84%D8%B9%D8%A8%D8%B1%D9%8A%D8%A9_%D8%A7%D9%84%D8%AA%D9%88%D8%B1%D8%A7%D8%AA%D9%8A%D8%A9
http://www.wikidata.org/entity/Q19855	ar	دقائق حتى منتصف الليل	ألبوم من أداء لينكين بارك	Q482994	album	47	https://ar.wikipedia.org/wiki/%D9%85%D9%8A%D9%86%D8%AA%D8%B3_%D8%AA%D9%88_%D9%85%D9%8A%D8%AF%D9%86%D8%A7%D9%8A%D8%AA_(%D8%A3%D9%84%D8%A8%D9%88%D9%85)
http://www.wikidata.org/entity/Q19858	ar	ميتيورا	ألبوم من أداء لينكين بارك	Q482994	album	50	https://ar.wikipedia.org/wiki/%D9%85%D9%8A%D8%AA%D9%8A%D9%88%D8%B1%D8%A7_(%D8%A3%D9%84%D8%A8%D9%88%D9%85)
http://www.wikidata.org/entity/Q19862	ar	هايبرد ثيوري	أول ألبومات فرقة الروك الأمريكية "لينكين بارك"، أُصدر في الرابع والعشرين من شهر أكتوبر عام 2000	Q482994	album	51	https://ar.wikipedia.org/wiki/%D9%87%D8%A7%D9%8A%D8%A8%D8%B1%D8%AF_%D8%AB%D9%8A%D9%88%D8%B1%D9%8A
http://www.wikidata.org/entity/Q19864441	ar	لغة الإشارة الخاصة بالأمريكيين السود	إحدى أشكال أو لهجات لغة الإشارة في اللغة الإنجليزية الأمريكية	Q34770	language	5	https://ar.wikipedia.org/wiki/%D9%84%D8%BA%D8%A9_%D8%A7%D9%84%D8%A5%D8%B4%D8%A7%D8%B1%D8%A9_%D8%A7%D9%84%D8%AE%D8%A7%D8%B5%D8%A9_%D8%A8%D8%A7%D9%84%D8%A3%D9%85%D8%B1%D9%8A%D9%83%D9%8A%D9%8A%D9%86_%D8%A7%D9%84%D8%B3%D9%88%D8%AF
http://www.wikidata.org/entity/Q198650	ar	لوديف	بلدية في إيرو، فرنسا	Q515	city	53	
http://www.wikidata.org/entity/Q1989628	ar	جامعة أوليس هونشار دنيبرو الوطنية	جامعة في دنيبرو، أوكرانيا	Q3918	university	20	https://ar.wikipedia.org/wiki/%D8%AC%D8%A7%D9%85%D8%B9%D8%A9_%D8%A3%D9%88%D9%84%D9%8A%D8%B3_%D9%87%D9%88%D9%86%D8%B4%D8%A7%D8%B1_%D8%AF%D9%86%D9%8A%D8%A8%D8%B1%D9%88_%D8%A7%D9%84%D9%88%D8%B7%D9%86%D9%8A%D8%A9
http://www.wikidata.org/entity/Q198989	ar	أكتاو	مدينة في كازاخستان	Q515	city	82	https://ar.wikipedia.org/wiki/%D8%A3%D9%83%D8%AA%D8%A7%D9%88
http://www.wikidata.org/entity/Q199500	ar	غيومري	مدينة أرمنية	Q515	city	98	https://ar.wikipedia.org/wiki/%D8%BA%D9%8A%D9%88%D9%85%D8%B1%D9%8A
http://www.wikidata.org/entity/Q199575	ar	أغرة	مدينة تركية	Q515	city	74	https://ar.wikipedia.org/wiki/%D8%A3%D8%BA%D8%B1%D8%A9
http://www.wikidata.org/entity/Q199585	ar	فليكن (ألبوم البيتلز)	ألبوم من أداء البيتلز	Q482994	album	59	https://ar.wikipedia.org/wiki/%D9%81%D9%84%D9%8A%D9%83%D9%86_(%D8%A3%D9%84%D8%A8%D9%88%D9%85_%D8%A7%D9%84%D8%A8%D9%8A%D8%AA%D9%84%D8%B2)
http://www.wikidata.org/entity/Q199712	ar	جناق قلعة	مدينة تركية	Q515	city	92	https://ar.wikipedia.org/wiki/%D8%AC%D9%86%D9%82_%D9%82%D9%84%D8%B9%D8%A9
http://www.wikidata.org/entity/Q199723	ar	بالي قصر	مدينة تركية	Q515	city	75	https://ar.wikipedia.org/wiki/%D8%A8%D8%A7%D9%84%D9%8A_%D9%82%D8%B5%D8%B1
http://www.wikidata.org/entity/Q199762	ar	بلخان آباد	مستوطنة بشرية	Q515	city	58	https://ar.wikipedia.org/wiki/%D8%A8%D9%84%D8%AE%D8%A7%D9%86_%D8%A2%D8%A8%D8%A7%D8%AF
http://www.wikidata.org/entity/Q1998811	ar	الجامعة الشمالية الغربية	جامعة في بوتشيفستروم، جنوب أفريقيا	Q3918	university	22	
http://www.wikidata.org/entity/Q199909	ar	كربلاء	مدينة عراقية	Q515	city	92	https://ar.wikipedia.org/wiki/%D9%83%D8%B1%D8%A8%D9%84%D8%A7%D8%A1
http://www.wikidata.org/entity/Q20	ar	النرويج	إحدى الدول الإسكندنافية الواقعة في شمال أوروبا	Q6256	country	391	https://ar.wikipedia.org/wiki/%D8%A7%D9%84%D9%86%D8%B1%D9%88%D9%8A%D8%AC
http://www.wikidata.org/entity/Q200019	ar	جدبور	الثانية بعد كبرى مدن راجستان في الهند	Q515	city	91	https://ar.wikipedia.org/wiki/%D8%AC%D9%88%D8%AF%D8%A8%D9%88%D8%B1
http://www.wikidata.org/entity/Q200028	ar	هاميلتون	مدينة في نيوزيلندا	Q515	city	79	https://ar.wikipedia.org/wiki/%D9%87%D8%A7%D9%85%D9%8A%D9%84%D8%AA%D9%88%D9%86_(%D9%86%D9%8A%D9%88%D8%B2%D9%8A%D9%84%D9%86%D8%AF%D8%A7)
http://www.wikidata.org/entity/Q200030	ar	اللاذقية	مدينة سورية، تعد الميناء الرئيسي لسوريا	Q515	city	87	https://ar.wikipedia.org/wiki/%D8%A7%D9%84%D9%84%D8%A7%D8%B0%D9%82%D9%8A%D8%A9
http://www.wikidata.org/entity/Q200036	ar	فولوس		Q515	city	79	https://ar.wikipedia.org/wiki/%D9%81%D9%88%D9%84%D9%88%D8%B3
http://www.wikidata.org/entity/Q200049	ar	أجمير	مدينة في ولاية راجستان الهندية	Q515	city	87	https://ar.wikipedia.org/wiki/%D8%A3%D8%AC%D9%85%D9%8A%D8%B1
http://www.wikidata.org/entity/Q200061	ar	برزرين	مدينة في قوصوة	Q515	city	73	https://ar.wikipedia.org/wiki/%D8%A8%D8%B1%D8%B2%D8%B1%D9%8A%D9%86
http://www.wikidata.org/entity/Q200078	ar	أوكاياما، أوكاياما	مدينة في محافظة أوكاياما اليابانية	Q515	city	83	https://ar.wikipedia.org/wiki/%D8%A3%D9%88%D9%83%D8%A7%D9%8A%D8%A7%D9%85%D8%A7_(%D8%A3%D9%88%D9%83%D8%A7%D9%8A%D8%A7%D9%85%D8%A7)
http://www.wikidata.org/entity/Q200119	ar	أوجاين	مستوطنة بشرية	Q515	city	77	https://ar.wikipedia.org/wiki/%D8%A3%D9%88%D8%AC%D8%A7%D9%8A%D9%86
http://www.wikidata.org/entity/Q200123	ar	لديانة	مدينة في الهند	Q515	city	85	https://ar.wikipedia.org/wiki/%D9%84%D9%88%D8%AF%D9%8A%D8%A7%D9%86%D8%A7
http://www.wikidata.org/entity/Q200133	ar	خلقيس	مدينة يونانية تقع في وسط البلاد	Q515	city	63	https://ar.wikipedia.org/wiki/%D8%AE%D9%84%D9%82%D9%8A%D8%B3
http://www.wikidata.org/entity/Q200166	ar	كيتشنر		Q515	city	68	https://ar.wikipedia.org/wiki/%D9%83%D9%8A%D8%AA%D8%B4%D9%86%D8%B1_(%D8%A3%D9%88%D9%86%D8%AA%D8%A7%D8%B1%D9%8A%D9%88)
http://www.wikidata.org/entity/Q200237	ar	ميرت	من مدن ولاية أتر الهندية	Q515	city	83	https://ar.wikipedia.org/wiki/%D9%85%D9%8A%D8%B1%D9%88%D8%AA
http://www.wikidata.org/entity/Q2002420	ar	جامعة أوريبرو	جامعة في أوربرو، السويد	Q3918	university	23	https://ar.wikipedia.org/wiki/%D8%AC%D8%A7%D9%85%D8%B9%D8%A9_%D8%A3%D9%88%D8%B1%D9%8A%D8%A8%D8%B1%D9%88
http://www.wikidata.org/entity/Q2004114	ar	جامعة بليخانوف الروسية للاقتصاد	جامعة في موسكو، روسيا	Q3918	university	26	https://ar.wikipedia.org/wiki/%D8%AC%D8%A7%D9%85%D8%B9%D8%A9_%D8%A8%D9%84%D9%8A%D8%AE%D8%A7%D9%86%D9%88%D9%81_%D8%A7%D9%84%D8%B1%D9%88%D8%B3%D9%8A%D8%A9_%D9%84%D9%84%D8%A7%D9%82%D8%AA%D8%B5%D8%A7%D8%AF
http://www.wikidata.org/entity/Q2005	ar	جافا سكريبت	لغة برمجة عالية المستوى	Q9143	programming language	161	https://ar.wikipedia.org/wiki/%D8%AC%D8%A7%D9%81%D8%A7_%D8%B3%D9%83%D8%B1%D9%8A%D8%A8%D8%AA
http://www.wikidata.org/entity/Q2005511	ar	جامعة فورت هير	جامعة تقع في بلدة أليس بجنوب أفريقيا	Q3918	university	32	https://ar.wikipedia.org/wiki/%D8%AC%D8%A7%D9%85%D8%B9%D8%A9_%D9%81%D9%88%D8%B1%D8%AA_%D9%87%D9%8A%D8%B1
http://www.wikidata.org/entity/Q200709	ar	سلوبيش		Q515	city	57	https://ar.wikipedia.org/wiki/%D8%B3%D9%84%D9%88%D8%A8%D9%8A%D8%B4
http://www.wikidata.org/entity/Q200713	ar	أورنك آباد	مدينة في الهند	Q515	city	84	https://ar.wikipedia.org/wiki/%D8%A3%D9%88%D8%B1%D9%86%D9%83_%D8%A2%D8%A8%D8%A7%D8%AF
http://www.wikidata.org/entity/Q200718	ar	بيكانير	مدينة في ولاية راجستان الهندية	Q515	city	73	https://ar.wikipedia.org/wiki/%D8%A8%D9%8A%D9%83%D8%A7%D9%86%D9%8A%D8%B1
http://www.wikidata.org/entity/Q200733	ar	نيكشيتش		Q515	city	75	https://ar.wikipedia.org/wiki/%D9%86%D9%8A%D9%83%D8%B4%D9%8A%D8%AA%D8%B4
http://www.wikidata.org/entity/Q20080327	ar	نيم_(لغة_برمجة)	لغة برمجة محولة، أمرية، متعددة الاستخدامات، متعددة الأنماط، ثابتة النوع، لغة برمجة النظام، تم تصميمها وتطويرها من قبل أندرياس رومب	Q9143	programming language	17	https://ar.wikipedia.org/wiki/%D9%86%D9%8A%D9%85_(%D9%84%D8%BA%D8%A9_%D8%A8%D8%B1%D9%85%D8%AC%D8%A9)
http://www.wikidata.org/entity/Q200805	ar	أغوسكلينتس	عاصمة ولاية أغوسكلينتس المكسيكية	Q515	city	77	https://ar.wikipedia.org/wiki/%D9%85%D8%AF%D9%8A%D9%86%D8%A9_%D8%A3%D8%BA%D9%88%D8%A7%D8%B3%D9%83%D8%A7%D9%84%D9%8A%D9%8A%D9%86%D8%AA%D8%B3
http://www.wikidata.org/entity/Q200872	ar	ويش يو وير هير	ألبوم من أداء بينك فلويد	Q482994	album	53	https://ar.wikipedia.org/wiki/%D9%88%D9%8A%D8%B4_%D9%8A%D9%88_%D9%88%D9%8A%D8%B1_%D9%87%D9%8A%D8%B1
http://www.wikidata.org/entity/Q200878	ar	جبلبور	مستوطنة بشرية	Q515	city	81	https://ar.wikipedia.org/wiki/%D8%AC%D8%A8%D9%84%D8%A8%D9%88%D8%B1
http://www.wikidata.org/entity/Q200908	ar	ريثيمنو		Q515	city	60	https://ar.wikipedia.org/wiki/%D8%B1%D9%8A%D8%AB%D9%8A%D9%85%D9%86%D9%88
http://www.wikidata.org/entity/Q200951	ar	بولو	مديرية في محافظة بولو، تركيا	Q515	city	76	https://ar.wikipedia.org/wiki/%D8%A8%D9%88%D9%84%D9%88_(%D8%AA%D8%B1%D9%83%D9%8A%D8%A7)
http://www.wikidata.org/entity/Q201051	ar	ريشون لتسيون	مدينة في إسرائيل	Q515	city	75	https://ar.wikipedia.org/wiki/%D8%B1%D9%8A%D8%B4%D9%88%D9%86_%D9%84%D8%AA%D8%B3%D9%8A%D9%88%D9%86
http://www.wikidata.org/entity/Q201095	ar	غيرسون	عاصمة محافظة غيرسون في تركيا	Q515	city	73	https://ar.wikipedia.org/wiki/%D8%BA%D9%8A%D8%B1%D8%B3%D9%88%D9%86_(%D9%85%D8%AF%D9%8A%D9%86%D8%A9)
http://www.wikidata.org/entity/Q201101	ar	ريزة	مدينة تركية	Q515	city	76	https://ar.wikipedia.org/wiki/%D8%B1%D9%8A%D8%B2%D8%A9_(%D8%AA%D8%B1%D9%83%D9%8A%D8%A7)
http://www.wikidata.org/entity/Q201436	ar	لغة لوغو	لغة برمجة تعليمية صممت في عام 1967	Q9143	programming language	48	https://ar.wikipedia.org/wiki/%D9%84%D9%88%D8%BA%D9%88_(%D9%84%D8%BA%D8%A9_%D8%A8%D8%B1%D9%85%D8%AC%D8%A9)
http://www.wikidata.org/entity/Q20162127	ar	كيكابو	لغة	Q34770	language	14	
http://www.wikidata.org/entity/Q201816	ar	هيلب!	ألبوم من أداء البيتلز	Q482994	album	56	https://ar.wikipedia.org/wiki/%D9%87%D9%8A%D9%84%D8%A8!
http://www.wikidata.org/entity/Q201832	ar	عليكرة	مستوطنة في الهند	Q515	city	79	https://ar.wikipedia.org/wiki/%D8%B9%D9%84%D9%8A%D9%83%D8%B1%D8%A9
http://www.wikidata.org/entity/Q201949	ar	دورز (ألبوم)	ألبوم من أداء دورز	Q482994	album	53	https://ar.wikipedia.org/wiki/%D8%AF%D9%88%D8%B1%D8%B2_(%D8%A3%D9%84%D8%A8%D9%88%D9%85)
http://www.wikidata.org/entity/Q202158	ar	هامينلينا	مدينة فنلندية	Q515	city	78	https://ar.wikipedia.org/wiki/%D9%87%D8%A7%D9%85%D9%8A%D9%86%D9%84%D9%8A%D9%86%D8%A7
http://www.wikidata.org/entity/Q202162	ar	آبا		Q515	city	58	https://ar.wikipedia.org/wiki/%D8%A2%D8%A8%D8%A7_(%D9%86%D9%8A%D8%AC%D9%8A%D8%B1%D9%8A%D8%A7)
http://www.wikidata.org/entity/Q202188	ar	أردهان	مدينة تركية	Q515	city	75	https://ar.wikipedia.org/wiki/%D8%A3%D8%B1%D8%AF%D9%87%D8%A7%D9%86
http://www.wikidata.org/entity/Q202195	ar	طنجالة	مدينة شرق تركيا	Q515	city	73	https://ar.wikipedia.org/wiki/%D8%B7%D9%86%D8%AC%D8%A7%D9%84%D8%A9
http://www.wikidata.org/entity/Q202337	ar	نافبليو	بلدة في اليونان	Q515	city	69	https://ar.wikipedia.org/wiki/%D9%86%D8%A7%D9%81%D8%A8%D9%84%D9%8A%D9%88
http://www.wikidata.org/entity/Q2028	ar	فيرونا	مدينة إيطالية	Q515	city	140	https://ar.wikipedia.org/wiki/%D9%81%D9%8A%D8%B1%D9%88%D9%86%D8%A7
http://www.wikidata.org/entity/Q202852	ar	بليد		Q515	city	67	https://ar.wikipedia.org/wiki/%D8%A8%D9%84%D9%8A%D8%AF_(%D9%85%D8%AF%D9%8A%D9%86%D8%A9)
http://www.wikidata.org/entity/Q202973	ar	كينغستون		Q515	city	76	https://ar.wikipedia.org/wiki/%D9%83%D9%8A%D9%86%D8%BA%D8%B3%D8%AA%D9%88%D9%86_(%D8%A3%D9%88%D9%86%D8%AA%D8%A7%D8%B1%D9%8A%D9%88)
http://www.wikidata.org/entity/Q2030	ar	إيكالويت	عاصمة نونافوت	Q515	city	90	https://ar.wikipedia.org/wiki/%D8%A5%D9%8A%D9%83%D8%A7%D9%84%D9%88%D9%8A%D8%AA
http://www.wikidata.org/entity/Q203000	ar	برث		Q515	city	66	https://ar.wikipedia.org/wiki/%D8%A8%D8%B1%D8%AB_(%D8%A5%D8%B3%D9%83%D8%AA%D9%84%D9%86%D8%AF%D8%A7)
http://www.wikidata.org/entity/Q203197	ar	كاندي		Q515	city	87	https://ar.wikipedia.org/wiki/%D9%83%D8%A7%D9%86%D8%AF%D9%8A_(%D9%85%D8%AF%D9%8A%D9%86%D8%A9)
http://www.wikidata.org/entity/Q203299	ar	الفيوم	مدينة في مصر	Q515	city	64	https://ar.wikipedia.org/wiki/%D8%A7%D9%84%D9%81%D9%8A%D9%88%D9%85
http://www.wikidata.org/entity/Q203370	ar	أيوتثايا		Q515	city	64	https://ar.wikipedia.org/wiki/%D8%A8%D8%B1%D8%A7_%D9%86%D8%A7%D9%83%D9%88%D9%86_%D8%B3%D9%8A_%D8%A3%D9%8A%D9%88%D8%AA%D8%A7%D9%8A%D8%A7
http://www.wikidata.org/entity/Q203380	ar	نيبيار		Q515	city	63	https://ar.wikipedia.org/wiki/%D9%86%D9%8A%D8%A8%D9%8A%D8%A7%D8%B1_(%D9%86%D9%8A%D9%88%D8%B2%D9%8A%D9%84%D9%86%D8%AF%D8%A7)
http://www.wikidata.org/entity/Q203476	ar	بورت بلير	مستوطنة بشرية	Q515	city	81	https://ar.wikipedia.org/wiki/%D8%A8%D9%88%D8%B1%D8%AA_%D8%A8%D9%84%D9%8A%D8%B1
http://www.wikidata.org/entity/Q203675	ar	مازيكياي	مستوطنة في ليتوانيا	Q515	city	64	https://ar.wikipedia.org/wiki/%D9%85%D8%A7%D8%B2%D9%8A%D9%83%D9%8A%D8%A7%D9%8A
http://www.wikidata.org/entity/Q203995	ar	ساوثند أون سي	بلدة في المملكة المتحدة	Q515	city	66	https://ar.wikipedia.org/wiki/%D8%B3%D8%A7%D9%88%D8%AB%D9%86%D8%AF_%D8%A3%D9%88%D9%86_%D8%B3%D9%8A
http://www.wikidata.org/entity/Q204181	ar	جامعة تارتو	جامعة في مدينة تارتو، إستونيا	Q3918	university	71	https://ar.wikipedia.org/wiki/%D8%AC%D8%A7%D9%85%D8%B9%D8%A9_%D8%AA%D8%A7%D8%B1%D8%AA%D9%88
http://www.wikidata.org/entity/Q204234	ar	ميلتون كينز	بلدة في المملكة المتحدة	Q515	city	69	https://ar.wikipedia.org/wiki/%D9%85%D9%8A%D9%84%D8%AA%D9%88%D9%86_%D9%83%D9%8A%D9%86%D8%B2
http://www.wikidata.org/entity/Q204266	ar	توياما، توياما	مدينة في محافظة توياما اليابانية	Q515	city	72	https://ar.wikipedia.org/wiki/%D8%AA%D9%88%D9%8A%D8%A7%D9%85%D8%A7_(%D9%85%D8%AF%D9%8A%D9%86%D8%A9)
http://www.wikidata.org/entity/Q204271	ar	سان لويس بوتوسي	مدينة مكسيكية	Q515	city	70	https://ar.wikipedia.org/wiki/%D9%85%D8%AF%D9%8A%D9%86%D8%A9_%D8%B3%D8%A7%D9%86_%D9%84%D9%88%D9%8A%D8%B3_%D8%A8%D9%88%D8%AA%D9%88%D8%B3%D9%8A
http://www.wikidata.org/entity/Q204317	ar	اشترناخ		Q515	city	62	https://ar.wikipedia.org/wiki/%D8%A7%D8%B4%D8%AA%D8%B1%D9%86%D8%A7%D8%AE
http://www.wikidata.org/entity/Q204365	ar	زندر	مدينة في النيجر	Q515	city	54	https://ar.wikipedia.org/wiki/%D8%B2%D9%86%D8%AF%D8%B1
http://www.wikidata.org/entity/Q204434	ar	بيخاتش	مستوطنة بشرية في البوسنة	Q515	city	68	https://ar.wikipedia.org/wiki/%D8%A8%D9%8A%D8%AE%D8%A7%D8%AA%D8%B4
http://www.wikidata.org/entity/Q204439	ar	العلمين	إحدى مدن محافظة مطروح بمصر، تقع شرق مدينة مرسى مطروح وغرب مدينة الإسكندرية	Q515	city	63	https://ar.wikipedia.org/wiki/%D8%A7%D9%84%D8%B9%D9%84%D9%85%D9%8A%D9%86
http://www.wikidata.org/entity/Q204457	ar	جامعة برغن	جامعة في برغن، النرويج	Q3918	university	39	https://ar.wikipedia.org/wiki/%D8%AC%D8%A7%D9%85%D8%B9%D8%A9_%D8%A8%D8%B1%D8%BA%D9%86
http://www.wikidata.org/entity/Q204626	ar	جامعة هيتوتسوباشي	الجامعات والكليات في طوكيو	Q3918	university	22	https://ar.wikipedia.org/wiki/%D8%AC%D8%A7%D9%85%D8%B9%D8%A9_%D9%87%D9%8A%D8%AA%D9%88%D8%AA%D8%B3%D9%88%D8%A8%D8%A7%D8%B4%D9%8A
http://www.wikidata.org/entity/Q204693	ar	كاريل	لغة برمجة	Q9143	programming language	14	
http://www.wikidata.org/entity/Q204709	ar	سخيدام	بلدية في جنوب هولندا، هولندا	Q515	city	66	https://ar.wikipedia.org/wiki/%D8%B3%D8%AE%D9%8A%D8%AF%D8%A7%D9%85
http://www.wikidata.org/entity/Q204720	ar	هيرفورد	أبرشية مدنية في هيرفوردشير، المملكة المتحدة	Q515	city	77	https://ar.wikipedia.org/wiki/%D9%87%D9%8A%D8%B1%D9%81%D9%88%D8%B1%D8%AF
http://www.wikidata.org/entity/Q204905	ar	إلفسينا	منطقة مأهولة في اليونان	Q515	city	62	https://ar.wikipedia.org/wiki/%D8%A5%D9%84%D9%81%D8%B3%D9%8A%D9%86%D8%A7
http://www.wikidata.org/entity/Q20491	ar	نوتشيرا أومبرا	كومونا	Q515	city	55	https://ar.wikipedia.org/wiki/%D9%86%D9%88%D8%AA%D8%B4%D9%8A%D8%B1%D8%A7_%D8%A3%D9%88%D9%85%D8%A8%D8%B1%D8%A7
http://www.wikidata.org/entity/Q205119	ar	كاخاماركا	مكان في البيرو	Q515	city	62	https://ar.wikipedia.org/wiki/%D9%83%D8%A7%D8%AE%D8%A7%D9%85%D8%A7%D8%B1%D9%83%D8%A7_(%D9%85%D8%AF%D9%8A%D9%86%D8%A9)
http://www.wikidata.org/entity/Q205458	ar	ميدل	ألبوم من أداء بينك فلويد	Q482994	album	43	https://ar.wikipedia.org/wiki/%D9%85%D9%8A%D8%AF%D9%84
http://www.wikidata.org/entity/Q2055	ar	وايت هورس	عاصمة مقاطعة يوكون الكندية	Q515	city	92	https://ar.wikipedia.org/wiki/%D9%88%D8%A7%D9%8A%D8%AA_%D9%87%D9%88%D8%B1%D8%B3_(%D9%8A%D9%88%D9%83%D9%88%D9%86)
http://www.wikidata.org/entity/Q20572404	ar	الجامعة الفرنسية الأذربيجانية		Q3918	university	28	https://ar.wikipedia.org/wiki/%D8%A7%D9%84%D8%AC%D8%A7%D9%85%D8%B9%D8%A9_%D8%A7%D9%84%D9%81%D8%B1%D9%86%D8%B3%D9%8A%D8%A9_%D8%A7%D9%84%D8%A3%D8%B0%D8%B1%D8%A8%D9%8A%D8%AC%D8%A7%D9%86%D9%8A%D8%A9
http://www.wikidata.org/entity/Q205792	ar	تمنراست	مدينة وبلدية جزائرية	Q515	city	57	https://ar.wikipedia.org/wiki/%D8%AA%D9%85%D9%86%D8%B1%D8%A7%D8%B3%D8%AA
http://www.wikidata.org/entity/Q205832	ar	قرفس	منطقة مأهولة في اليونان	Q515	city	65	https://ar.wikipedia.org/wiki/%D9%82%D8%B1%D9%81%D8%B3_(%D9%85%D8%AF%D9%8A%D9%86%D8%A9)
http://www.wikidata.org/entity/Q205905	ar	لانكاستر، لانكشاير		Q515	city	73	https://ar.wikipedia.org/wiki/%D9%84%D8%A7%D9%86%D9%83%D8%B3%D8%AA%D8%B1_(%D8%A5%D9%86%D8%AC%D9%84%D8%AA%D8%B1%D8%A7)
http://www.wikidata.org/entity/Q205942	ar	يالوة	مدينة تركية	Q515	city	76	https://ar.wikipedia.org/wiki/%D9%8A%D8%A7%D9%84%D9%88%D8%A9
http://www.wikidata.org/entity/Q205979	ar	اللغة الصغدية	لغة إيرانية شرقية بائدة	Q34770	language	56	https://ar.wikipedia.org/wiki/%D8%A7%D9%84%D9%84%D8%BA%D8%A9_%D8%A7%D9%84%D8%B5%D8%BA%D8%AF%D9%8A%D8%A9
http://www.wikidata.org/entity/Q206040	ar	ميرسي	لغة برمجة	Q9143	programming language	16	https://ar.wikipedia.org/wiki/%D9%85%D9%8A%D8%B1%D9%83%D9%88%D8%B1%D9%8A_(%D9%84%D8%BA%D8%A9_%D8%A8%D8%B1%D9%85%D8%AC%D8%A9)
http://www.wikidata.org/entity/Q206097	ar	غواصة صفراء	ألبوم من أداء البيتلز	Q482994	album	54	https://ar.wikipedia.org/wiki/%D8%BA%D9%88%D8%A7%D8%B5%D8%A9_%D8%B5%D9%81%D8%B1%D8%A7%D8%A1_(%D8%A3%D9%84%D8%A8%D9%88%D9%85)
http://www.wikidata.org/entity/Q2061	ar	يلونايف	عاصمة الأقاليم الشمالية الغربية	Q515	city	94	https://ar.wikipedia.org/wiki/%D9%8A%D9%84%D9%88%D9%86%D8%A7%D9%8A%D9%81
http://www.wikidata.org/entity/Q20613396	ar	البنغالية الفصحى		Q34770	language	6	
http://www.wikidata.org/entity/Q206216	ar	أنيمالز	ألبوم من أداء بينك فلويد	Q482994	album	46	https://ar.wikipedia.org/wiki/%D8%A3%D9%86%D9%8A%D9%85%D8%A7%D9%84%D8%B2_(%D8%A3%D9%84%D8%A8%D9%88%D9%85)
http://www.wikidata.org/entity/Q20639851	ar	لغة كنزية		Q34770	language	12	https://ar.wikipedia.org/wiki/%D8%A7%D9%84%D9%84%D8%BA%D8%A9_%D8%A7%D9%84%D9%83%D9%86%D8%B2%D9%8A%D8%A9
http://www.wikidata.org/entity/Q206484	ar	أبيوكوتا		Q515	city	60	https://ar.wikipedia.org/wiki/%D8%A3%D8%A8%D9%8A%D9%88%D9%83%D9%88%D8%AA%D8%A7
http://www.wikidata.org/entity/Q2065666	ar	جامعة لندن للفنون	جامعة في لندن، المملكة المتحدة	Q3918	university	23	https://ar.wikipedia.org/wiki/%D8%AC%D8%A7%D9%85%D8%B9%D8%A9_%D9%84%D9%86%D8%AF%D9%86_%D9%84%D9%84%D9%81%D9%86%D9%88%D9%86
http://www.wikidata.org/entity/Q206687	ar	نيلسون	مدينة في نيوزيلندا	Q515	city	68	https://ar.wikipedia.org/wiki/%D9%86%D9%8A%D9%84%D8%B3%D9%88%D9%86_(%D9%85%D8%AF%D9%8A%D9%86%D8%A9)
http://www.wikidata.org/entity/Q206702	ar	جامعة زيورخ	جامعة في سويسرا	Q3918	university	64	https://ar.wikipedia.org/wiki/%D8%AC%D8%A7%D9%85%D8%B9%D8%A9_%D8%B2%D9%8A%D9%88%D8%B1%D8%AE
http://www.wikidata.org/entity/Q206760	ar	غرنة		Q515	city	65	https://ar.wikipedia.org/wiki/%D8%BA%D8%B1%D9%86%D8%A9
http://www.wikidata.org/entity/Q206879	ar	نوشهر	مدينة في تركيا	Q515	city	73	https://ar.wikipedia.org/wiki/%D9%86%D9%88%D8%B4%D9%87%D8%B1_(%D8%AA%D8%B1%D9%83%D9%8A%D8%A7)
http://www.wikidata.org/entity/Q206881	ar	كلس	مدينة في تركيا	Q515	city	71	https://ar.wikipedia.org/wiki/%D9%83%D9%84%D8%B3_(%D9%85%D8%AF%D9%8A%D9%86%D8%A9)
http://www.wikidata.org/entity/Q206885	ar	دزجة	مدينة تركية	Q515	city	70	https://ar.wikipedia.org/wiki/%D8%AF%D8%B2%D8%AC%D8%A9
http://www.wikidata.org/entity/Q206891	ar	كيركالي		Q515	city	67	https://ar.wikipedia.org/wiki/%D9%82%D8%B1%D9%82_%D9%82%D9%84%D8%B9%D8%A9
http://www.wikidata.org/entity/Q206895	ar	حكاري	مدينة كردية في تركيا	Q515	city	74	https://ar.wikipedia.org/wiki/%D8%AD%D9%83%D8%A7%D8%B1%D9%8A
http://www.wikidata.org/entity/Q206900	ar	جوروم	مدينة تركية	Q515	city	79	https://ar.wikipedia.org/wiki/%D8%AC%D9%88%D8%B1%D9%88%D9%85
http://www.wikidata.org/entity/Q206903	ar	قرقلر إيلي	مدينة تركية	Q515	city	69	https://ar.wikipedia.org/wiki/%D9%82%D8%B1%D9%82%D9%84%D8%B1_%D8%A5%D9%8A%D9%84%D9%8A
http://www.wikidata.org/entity/Q206904	ar	آر	لغة برمجة للتحليل الإحصائي	Q9143	programming language	78	https://ar.wikipedia.org/wiki/%D8%A2%D8%B1_(%D9%84%D8%BA%D8%A9_%D8%A8%D8%B1%D9%85%D8%AC%D8%A9)
http://www.wikidata.org/entity/Q206954	ar	كستورية	مستوطنة في اليونان	Q515	city	55	https://ar.wikipedia.org/wiki/%D9%82%D8%B3%D8%AA%D9%88%D8%B1%D9%8A%D8%A9
http://www.wikidata.org/entity/Q206957	ar	سيرس	مستوطنة في اليونان	Q515	city	56	https://ar.wikipedia.org/wiki/%D8%B3%D9%8A%D8%B1%D8%B3
http://www.wikidata.org/entity/Q207098	ar	غازي آباد	منطقة مأهولة في الهند	Q515	city	77	https://ar.wikipedia.org/wiki/%D8%BA%D8%A7%D8%B2%D9%8A_%D8%A2%D8%A8%D8%A7%D8%AF
http://www.wikidata.org/entity/Q207223	ar	دروهيدا	مدينة أيرلندية	Q515	city	56	https://ar.wikipedia.org/wiki/%D8%AF%D8%B1%D9%88%D9%87%D9%8A%D8%AF%D8%A7
http://www.wikidata.org/entity/Q207316	ar	لوا	لغة برمجة	Q9143	programming language	95	https://ar.wikipedia.org/wiki/%D9%84%D9%88%D8%A7_(%D9%84%D8%BA%D8%A9_%D8%A8%D8%B1%D9%85%D8%AC%D8%A9)
http://www.wikidata.org/entity/Q207322	ar	هوامبو		Q515	city	70	https://ar.wikipedia.org/wiki/%D9%87%D9%88%D8%A7%D9%85%D8%A8%D9%88
http://www.wikidata.org/entity/Q207324	ar	كتك	مستوطنة في الهند	Q515	city	68	https://ar.wikipedia.org/wiki/%D9%83%D8%AA%D9%83_(%D9%85%D8%AF%D9%8A%D9%86%D8%A9_%D9%81%D9%8A_%D8%A3%D8%AF%D9%8A%D8%B4%D8%A7)
http://www.wikidata.org/entity/Q207336	ar	بيتلز فور سيل	ألبوم من أداء البيتلز	Q482994	album	51	https://ar.wikipedia.org/wiki/%D8%A8%D9%8A%D8%AA%D9%84%D8%B2_%D9%81%D9%88%D8%B1_%D8%B3%D9%8A%D9%84
http://www.wikidata.org/entity/Q207350	ar	رحوفوت	مدينة في إسرائيل	Q515	city	53	https://ar.wikipedia.org/wiki/%D8%B1%D8%AD%D9%88%D9%81%D9%88%D8%AA
http://www.wikidata.org/entity/Q207371	ar	ليشفيلد	أبرشية مدنية في المملكة المتحدة	Q515	city	63	https://ar.wikipedia.org/wiki/%D9%84%D9%8A%D8%AA%D8%B4%D9%81%D9%8A%D9%84%D8%AF_(%D8%A7%D9%84%D9%85%D9%85%D9%84%D9%83%D8%A9_%D8%A7%D9%84%D9%85%D8%AA%D8%AD%D8%AF%D8%A9)
http://www.wikidata.org/entity/Q207438	ar	لد زبلين III	ألبوم من أداء لد زبلين	Q482994	album	43	https://ar.wikipedia.org/wiki/%D9%84%D8%AF_%D8%B2%D8%A8%D9%84%D9%8A%D9%86_III
http://www.wikidata.org/entity/Q207467	ar	تريكالا		Q515	city	56	https://ar.wikipedia.org/wiki/%D8%AA%D8%B1%D9%8A%D9%83%D8%A7%D9%84%D8%A7
http://www.wikidata.org/entity/Q207470	ar	بييلو بوليي		Q515	city	55	https://ar.wikipedia.org/wiki/%D8%A8%D9%8A%D9%8A%D9%84%D9%88_%D8%A8%D9%88%D9%84%D9%8A%D9%8A
http://www.wikidata.org/entity/Q207540	ar	اللد	مدينة في إسرائيل	Q515	city	60	https://ar.wikipedia.org/wiki/%D8%A7%D9%84%D9%84%D8%AF
http://www.wikidata.org/entity/Q207639	ar	تشيتشستر	أبرشية مدنية في المملكة المتحدة	Q515	city	78	https://ar.wikipedia.org/wiki/%D8%AA%D8%B4%D9%8A%D8%AA%D8%B4%D8%B3%D8%AA%D8%B1
http://www.wikidata.org/entity/Q207749	ar	تانة		Q515	city	75	https://ar.wikipedia.org/wiki/%D8%AA%D8%A7%D9%86%D8%A9_(%D9%85%D8%AF%D9%8A%D9%86%D8%A9)
http://www.wikidata.org/entity/Q207752	ar	شيلونغ	مستوطنة في الهند	Q515	city	89	https://ar.wikipedia.org/wiki/%D8%B4%D9%8A%D9%84%D9%88%D9%86%D8%BA
http://www.wikidata.org/entity/Q207754	ar	تيريوشيراببالي	منطقة مأهولة في الهند	Q515	city	77	https://ar.wikipedia.org/wiki/%D8%AA%D9%8A%D8%B1%D9%8A%D9%88%D8%B4%D9%8A%D8%B1%D8%A7%D8%A8%D8%A8%D8%A7%D9%84%D9%8A
http://www.wikidata.org/entity/Q207756	ar	تاورانجا		Q515	city	67	https://ar.wikipedia.org/wiki/%D8%AA%D8%A7%D9%88%D8%B1%D8%A7%D9%86%D8%AC%D8%A7
http://www.wikidata.org/entity/Q207801	ar	بيلينا	مدينة في البوسنة والهرسك	Q515	city	65	https://ar.wikipedia.org/wiki/%D8%A8%D9%8A%D9%84%D9%8A%D9%86%D8%A7_(%D8%A7%D9%84%D8%A8%D9%88%D8%B3%D9%86%D8%A9_%D9%88%D8%A7%D9%84%D9%87%D8%B1%D8%B3%D9%83)
http://www.wikidata.org/entity/Q2079	ar	لايبزيغ	مدينة في ولاية ساكسونيا الألمانية	Q515	city	170	https://ar.wikipedia.org/wiki/%D9%84%D8%A7%D9%8A%D8%A8%D8%B2%D9%8A%D8%BA
http://www.wikidata.org/entity/Q207935	ar	تشيلبانسينغو	مستوطنة بشرية	Q515	city	65	https://ar.wikipedia.org/wiki/%D8%AA%D8%B4%D9%8A%D9%84%D8%A8%D8%A7%D9%86%D8%B3%D9%8A%D9%86%D8%BA%D9%88
http://www.wikidata.org/entity/Q207972	ar	تبيك	مستوطنة في المكسيك	Q515	city	63	https://ar.wikipedia.org/wiki/%D8%AA%D8%A8%D9%8A%D9%83
http://www.wikidata.org/entity/Q207998	ar	الفتحية	مدينة في ولاية مغلة التركية	Q515	city	66	https://ar.wikipedia.org/wiki/%D9%81%D8%AA%D8%AD%D9%8A%D8%A9
http://www.wikidata.org/entity/Q208005	ar	قرشهر	مدينة تركية	Q515	city	72	https://ar.wikipedia.org/wiki/%D9%82%D8%B1%D8%B4%D9%87%D8%B1
http://www.wikidata.org/entity/Q208006	ar	بيله جك	مدينة تركية	Q515	city	69	https://ar.wikipedia.org/wiki/%D8%A8%D9%8A%D9%84%D9%87_%D8%AC%D9%83
http://www.wikidata.org/entity/Q208097	ar	إمفال		Q515	city	85	https://ar.wikipedia.org/wiki/%D8%A5%D9%85%D9%81%D8%A7%D9%84
http://www.wikidata.org/entity/Q208098	ar	سيسيميوت	مدينة في جرينلاند	Q515	city	60	https://ar.wikipedia.org/wiki/%D8%B3%D9%8A%D8%B3%D9%8A%D9%85%D9%8A%D9%88%D8%AA
http://www.wikidata.org/entity/Q208162	ar	بتيالة	مدينة في البنجاب	Q515	city	62	https://ar.wikipedia.org/wiki/%D8%A8%D8%AA%D9%8A%D8%A7%D9%84%D8%A9
http://www.wikidata.org/entity/Q208200	ar	براني	بلدة في بلدية بيراني، الجبل الأسود	Q515	city	53	https://ar.wikipedia.org/wiki/%D8%A8%D8%B1%D8%A7%D9%86%D9%8A_(%D8%A7%D9%84%D8%AC%D8%A8%D9%84_%D8%A7%D9%84%D8%A3%D8%B3%D9%88%D8%AF)
http://www.wikidata.org/entity/Q208293	ar	يارفنبا	بلدية في فنلندا	Q515	city	53	https://ar.wikipedia.org/wiki/%D9%8A%D8%A7%D8%B1%D9%81%D9%86%D8%A8%D8%A7
http://www.wikidata.org/entity/Q208318	ar	كادونا		Q515	city	60	https://ar.wikipedia.org/wiki/%D9%83%D8%A7%D8%AF%D9%88%D9%86%D8%A7
http://www.wikidata.org/entity/Q208340	ar	صاخب	ألبوم من أداء ريانا	Q482994	album	40	https://ar.wikipedia.org/wiki/%D8%B5%D8%A7%D8%AE%D8%A8_(%D8%A3%D9%84%D8%A8%D9%88%D9%85_%D8%B1%D9%8A%D8%A7%D9%86%D8%A7)
http://www.wikidata.org/entity/Q208352	ar	بورجومي		Q515	city	61	https://ar.wikipedia.org/wiki/%D8%A8%D9%88%D8%B1%D8%AC%D9%88%D9%85%D9%8A
http://www.wikidata.org/entity/Q208403	ar	كوموتيني		Q515	city	62	https://ar.wikipedia.org/wiki/%D9%83%D9%88%D9%85%D9%88%D8%AA%D9%8A%D9%86%D9%8A
http://www.wikidata.org/entity/Q208472	ar	بنكل	مدينة في تركيا	Q515	city	81	https://ar.wikipedia.org/wiki/%D8%A8%D9%86%D9%83%D9%84
http://www.wikidata.org/entity/Q208473	ar	برزيميسل		Q515	city	78	https://ar.wikipedia.org/wiki/%D8%A8%D8%B1%D8%B2%D9%8A%D9%85%D9%8A%D8%B3%D9%84
http://www.wikidata.org/entity/Q208521	ar	ذا ديفيجن بيل	ألبوم من أداء بينك فلويد	Q482994	album	43	https://ar.wikipedia.org/wiki/%D8%B0%D8%A7_%D8%AF%D9%8A%D9%81%D9%8A%D8%AC%D9%86_%D8%A8%D9%8A%D9%84
http://www.wikidata.org/entity/Q208573	ar	آرتا	مستوطنة في اليونان	Q515	city	55	https://ar.wikipedia.org/wiki/%D8%A2%D8%B1%D8%AA%D8%A7
http://www.wikidata.org/entity/Q208676	ar	موسيقى الشمس	ألبوم من أداء ريانا	Q482994	album	40	https://ar.wikipedia.org/wiki/%D9%85%D9%88%D8%B3%D9%8A%D9%82%D9%89_%D8%A7%D9%84%D8%B4%D9%85%D8%B3_(%D8%A3%D9%84%D8%A8%D9%88%D9%85_%D8%B1%D9%8A%D8%A7%D9%86%D8%A7)
http://www.wikidata.org/entity/Q208715	ar	المنستير	مدينة ساحلية في تونس	Q515	city	58	https://ar.wikipedia.org/wiki/%D8%A7%D9%84%D9%85%D9%86%D8%B3%D8%AA%D9%8A%D8%B1
http://www.wikidata.org/entity/Q208725	ar	بات يام	مدينة في إسرائيل	Q515	city	62	https://ar.wikipedia.org/wiki/%D8%A8%D8%A7%D8%AA_%D9%8A%D8%A7%D9%85
http://www.wikidata.org/entity/Q208948	ar	روتوروا		Q515	city	63	https://ar.wikipedia.org/wiki/%D8%B1%D9%88%D8%AA%D9%88%D8%B1%D9%88%D8%A7
http://www.wikidata.org/entity/Q209009	ar	تلاوي	مستوطنة بشرية	Q515	city	68	https://ar.wikipedia.org/wiki/%D8%AA%D9%84%D8%A7%D9%88%D9%8A
http://www.wikidata.org/entity/Q209034	ar	تولوكا		Q515	city	86	https://ar.wikipedia.org/wiki/%D8%AA%D9%88%D9%84%D9%88%D9%83%D8%A7
http://www.wikidata.org/entity/Q209176	ar	إيلي	أبرشية مدنية في المملكة المتحدة	Q515	city	70	https://ar.wikipedia.org/wiki/%D8%A5%D9%8A%D9%84%D9%8A_(%D9%83%D8%A7%D9%85%D8%A8%D8%B1%D9%8A%D8%AF%D8%AC%D8%B4%D9%8A%D8%B1)
http://www.wikidata.org/entity/Q209217	ar	زيمبابوي العظمى	موقع أثري في منطقة ماسفينغو، زيمبابوي	Q515	city	73	https://ar.wikipedia.org/wiki/%D8%B2%D9%8A%D9%85%D8%A8%D8%A7%D8%A8%D9%88%D9%8A_%D8%A7%D9%84%D8%B9%D8%B8%D9%85%D9%89
http://www.wikidata.org/entity/Q2092358	ar	الجامعة العثمانية	جامعة في حيدر آباد، الهند	Q3918	university	28	https://ar.wikipedia.org/wiki/%D8%A7%D9%84%D8%AC%D8%A7%D9%85%D8%B9%D8%A9_%D8%A7%D9%84%D8%B9%D8%AB%D9%85%D8%A7%D9%86%D9%8A%D8%A9
http://www.wikidata.org/entity/Q209423	ar	شيركنيس	مستوطنة في النرويج	Q515	city	59	https://ar.wikipedia.org/wiki/%D8%B4%D9%8A%D8%B1%D9%83%D9%86%D9%8A%D8%B3
http://www.wikidata.org/entity/Q2095090	ar	موحدة لغة C الموازية		Q9143	programming language	11	https://ar.wikipedia.org/wiki/%D9%85%D9%88%D8%AD%D8%AF%D8%A9_%D9%84%D8%BA%D8%A9_%D8%B3%D9%8A_%D8%A7%D9%84%D9%85%D9%88%D8%A7%D8%B2%D9%8A%D8%A9
http://www.wikidata.org/entity/Q209537	ar	إيست لندن		Q515	city	66	https://ar.wikipedia.org/wiki/%D8%A5%D9%8A%D8%B3%D8%AA_%D9%84%D9%86%D8%AF%D9%86
http://www.wikidata.org/entity/Q209539	ar	لد زبلين II	ألبوم من أداء لد زبلين	Q482994	album	45	https://ar.wikipedia.org/wiki/%D9%84%D8%AF_%D8%B2%D8%A8%D9%84%D9%8A%D9%86_II
http://www.wikidata.org/entity/Q2096	ar	إدمونتون	مدينة في كندا	Q515	city	137	https://ar.wikipedia.org/wiki/%D8%A5%D8%AF%D9%85%D9%88%D9%86%D8%AA%D9%88%D9%86
http://www.wikidata.org/entity/Q2096524	ar	جامعة ألستر	جامعة تقع في إيرلندا الشمالية	Q3918	university	27	https://ar.wikipedia.org/wiki/%D8%AC%D8%A7%D9%85%D8%B9%D8%A9_%D8%A3%D9%84%D8%B3%D8%AA%D8%B1
http://www.wikidata.org/entity/Q20968488	ar	لغة الأينو	اللغة المستخدمة في هوكايدو، اليابان	Q34770	language	6	
http://www.wikidata.org/entity/Q209698	ar	كولهابور		Q515	city	64	https://ar.wikipedia.org/wiki/%D9%83%D9%88%D9%84%D9%87%D8%A7%D8%A8%D9%88%D8%B1
http://www.wikidata.org/entity/Q209905	ar	آق حصار	مدينة وقضاء من ولاية مانيسا التركية	Q515	city	57	https://ar.wikipedia.org/wiki/%D8%A2%D9%82_%D8%AD%D8%B5%D8%A7%D8%B1
http://www.wikidata.org/entity/Q209925	ar	جنقرة	مدينة تركية	Q515	city	65	https://ar.wikipedia.org/wiki/%D8%AC%D9%86%D9%82%D8%B1%D8%A9
http://www.wikidata.org/entity/Q209978	ar	إذيسا		Q515	city	51	https://ar.wikipedia.org/wiki/%D8%A5%D8%B0%D9%8A%D8%B3%D8%A7
http://www.wikidata.org/entity/Q21	ar	إنجلترا	دولة أوربية ضمن المملكة المتحدة في غرب أوروبا	Q6256	country	325	https://ar.wikipedia.org/wiki/%D8%A5%D9%86%D8%AC%D9%84%D8%AA%D8%B1%D8%A7
http://www.wikidata.org/entity/Q210007	ar	فلاردينجن	بلدية في جنوب هولندا، هولندا	Q515	city	58	https://ar.wikipedia.org/wiki/%D9%81%D9%84%D8%A7%D8%B1%D8%AF%D9%8A%D9%86%D8%AC%D9%86
http://www.wikidata.org/entity/Q210048	ar	إنويندو	ألبوم من أداء كوين	Q482994	album	51	https://ar.wikipedia.org/wiki/%D8%A5%D9%86%D9%88%D9%8A%D9%86%D8%AF%D9%88_(%D8%A3%D9%84%D8%A8%D9%88%D9%85)
http://www.wikidata.org/entity/Q210161	ar	أمباتو	مدينة الإكوادور ، عاصمة تونغوراهوا	Q515	city	55	https://ar.wikipedia.org/wiki/%D8%A3%D9%85%D8%A8%D8%A7%D8%AA%D9%88
http://www.wikidata.org/entity/Q210197	ar	كوكس		Q515	city	88	https://ar.wikipedia.org/wiki/%D9%83%D9%88%D9%83%D8%B3
http://www.wikidata.org/entity/Q210292	ar	يوزغاد	مدينة تركية	Q515	city	68	https://ar.wikipedia.org/wiki/%D9%8A%D9%88%D8%B2%D8%BA%D8%A7%D8%AF
http://www.wikidata.org/entity/Q210296	ar	كسانثي	منطقة مأهولة في اليونان	Q515	city	51	https://ar.wikipedia.org/wiki/%D9%83%D8%B3%D8%A7%D9%86%D8%AB%D9%8A
http://www.wikidata.org/entity/Q210470	ar	كاتريني	مستوطنة في اليونان	Q515	city	73	https://ar.wikipedia.org/wiki/%D9%83%D8%A7%D8%AA%D8%B1%D9%8A%D9%86%D9%8A
http://www.wikidata.org/entity/Q210985	ar	تشيلمسفورد		Q515	city	69	https://ar.wikipedia.org/wiki/%D8%AA%D8%B4%D9%8A%D9%84%D9%85%D8%B3%D9%81%D9%88%D8%B1%D8%AF_(%D8%A5%D8%B3%D9%83%D8%B3)
http://www.wikidata.org/entity/Q211	ar	لاتفيا	دولة في شمال شرق أوروبا	Q6256	country	335	https://ar.wikipedia.org/wiki/%D9%84%D8%A7%D8%AA%D9%81%D9%8A%D8%A7
http://www.wikidata.org/entity/Q211218	ar	آسيات		Q515	city	53	https://ar.wikipedia.org/wiki/%D8%A2%D8%B3%D9%8A%D8%A7%D8%AA_(%D9%85%D8%AF%D9%8A%D9%86%D8%A9)
http://www.wikidata.org/entity/Q211318	ar	بيتسوندا	بلدة في جورجيا	Q515	city	56	https://ar.wikipedia.org/wiki/%D8%A8%D9%8A%D8%AA%D8%B3%D9%88%D9%86%D8%AF%D8%A7
http://www.wikidata.org/entity/Q211343	ar	بلييفليا		Q515	city	52	https://ar.wikipedia.org/wiki/%D8%A8%D9%84%D9%8A%D9%8A%D9%81%D9%84%D9%8A%D8%A7
http://www.wikidata.org/entity/Q211563	ar	بيرا		Q515	city	58	https://ar.wikipedia.org/wiki/%D8%A8%D9%8A%D8%B1%D8%A7_(%D9%85%D9%88%D8%B2%D9%85%D8%A8%D9%8A%D9%82)
http://www.wikidata.org/entity/Q211590	ar	سانتا كلارا	مدينة في فيلا كلارا، كوبا	Q515	city	69	https://ar.wikipedia.org/wiki/%D8%B3%D8%A7%D9%86%D8%AA%D8%A7_%D9%83%D9%84%D8%A7%D8%B1%D8%A7_(%D9%83%D9%88%D8%A8%D8%A7)
http://www.wikidata.org/entity/Q21168	ar	فاربيرغ	منطقة حضرية تقع ضمن بلدية فاربيرغ بالسويد	Q515	city	62	https://ar.wikipedia.org/wiki/%D9%81%D8%A7%D8%B1%D8%A8%D9%8A%D8%B1%D8%BA
http://www.wikidata.org/entity/Q21176	ar	فيبورغ (دنمارك)		Q515	city	74	https://ar.wikipedia.org/wiki/%D9%81%D9%8A%D8%A8%D9%88%D8%B1%D8%BA_(%D8%AF%D9%86%D9%85%D8%A7%D8%B1%D9%83)
http://www.wikidata.org/entity/Q211760	ar	كولياكان		Q515	city	73	https://ar.wikipedia.org/wiki/%D9%83%D9%88%D9%84%D9%8A%D8%A7%D9%83%D8%A7%D9%86
http://www.wikidata.org/entity/Q21180	ar	سيلكيبورج	مدينه	Q515	city	58	https://ar.wikipedia.org/wiki/%D8%B3%D9%8A%D9%84%D9%83%D9%8A%D8%A8%D9%88%D8%B1%D8%AC
http://www.wikidata.org/entity/Q211805	ar	برتين	مدينة تركية	Q515	city	63	https://ar.wikipedia.org/wiki/%D8%A8%D8%A7%D8%B1%D8%B7%D9%8A%D9%86
http://www.wikidata.org/entity/Q21181	ar	فريدريكيا		Q515	city	60	https://ar.wikipedia.org/wiki/%D9%81%D8%B1%D9%8A%D8%AF%D8%B1%D9%8A%D9%83%D9%8A%D8%A7
http://www.wikidata.org/entity/Q211811	ar	بردور	مدينة تركية	Q515	city	65	https://ar.wikipedia.org/wiki/%D8%A8%D8%B1%D8%AF%D9%88%D8%B1
http://www.wikidata.org/entity/Q211828	ar	بابرت	مدينة تركية	Q515	city	72	https://ar.wikipedia.org/wiki/%D8%A8%D8%A7%D8%A8%D8%B1%D8%AA
http://www.wikidata.org/entity/Q211867	ar	أوشاوا	مدينة في أونتاريو، كندا	Q515	city	64	https://ar.wikipedia.org/wiki/%D8%A3%D9%88%D8%B4%D8%A7%D9%88%D8%A7
http://www.wikidata.org/entity/Q211950	ar	دنفيرملين	بلدة في المملكة المتحدة	Q515	city	57	https://ar.wikipedia.org/wiki/%D8%AF%D9%86%D9%81%D9%8A%D8%B1%D9%85%D9%84%D9%8A%D9%86
http://www.wikidata.org/entity/Q211952	ar	قوش أطاسة	من أقضية ولاية أيدن التركية	Q515	city	64	https://ar.wikipedia.org/wiki/%D9%82%D9%88%D8%B4%E2%80%8C_%D8%A2%D8%B7%D9%87_%D8%B3%D9%8A
http://www.wikidata.org/entity/Q21197	ar	كيشيناو	عاصمة مولدوفا	Q515	city	193	https://ar.wikipedia.org/wiki/%D9%83%D9%8A%D8%B4%D9%8A%D9%86%D8%A7%D9%88
http://www.wikidata.org/entity/Q211970	ar	إنتيبي	مدينة في أوغندا	Q515	city	61	https://ar.wikipedia.org/wiki/%D8%B9%D9%86%D8%AA%D9%8A%D8%A8%D9%8A
http://www.wikidata.org/entity/Q2119752	ar	جامعة أوربينو	جامعة في أوربينو، إيطاليا	Q3918	university	20	https://ar.wikipedia.org/wiki/%D8%AC%D8%A7%D9%85%D8%B9%D8%A9_%D8%A3%D9%88%D8%B1%D8%A8%D9%8A%D9%86%D9%88
http://www.wikidata.org/entity/Q212	ar	أوكرانيا	دولة في شرق أوروبا	Q6256	country	386	https://ar.wikipedia.org/wiki/%D8%A3%D9%88%D9%83%D8%B1%D8%A7%D9%86%D9%8A%D8%A7
http://www.wikidata.org/entity/Q21203	ar	أروبا	دولة جزرية في البحر الكاريبي، جزء من مملكة هولندا	Q6256	country	200	https://ar.wikipedia.org/wiki/%D8%A3%D8%B1%D9%88%D8%A8%D8%A7
http://www.wikidata.org/entity/Q212283	ar	ولز	أبرشية مدنية في المملكة المتحدة	Q515	city	59	https://ar.wikipedia.org/wiki/%D9%88%D9%84%D8%B2_(%D8%B3%D9%88%D9%85%D8%B1%D8%B3%D8%AA)
http://www.wikidata.org/entity/Q212289	ar	بالميرستون نورث		Q515	city	56	https://ar.wikipedia.org/wiki/%D8%A8%D8%A7%D9%84%D9%85%D9%8A%D8%B1%D8%B3%D8%AA%D9%88%D9%86_%D9%86%D9%88%D8%B1%D8%AB
http://www.wikidata.org/entity/Q2123	ar	ريجاينا	مدينة كندية وعاصمة ساسكاتشوان	Q515	city	93	https://ar.wikipedia.org/wiki/%D8%B1%D9%8A%D8%AC%D8%A7%D9%8A%D9%86%D8%A7
http://www.wikidata.org/entity/Q212332	ar	كانتشيبورام	مستوطنة بشرية	Q515	city	60	https://ar.wikipedia.org/wiki/%D9%83%D8%A7%D9%86%D8%AA%D8%B4%D9%8A%D8%A8%D9%88%D8%B1%D8%A7%D9%85
http://www.wikidata.org/entity/Q212546	ar	آخالتسيخه	مستوطنة بشرية	Q515	city	64	https://ar.wikipedia.org/wiki/%D8%A2%D8%AE%D8%A7%D9%84%D8%AA%D8%B3%D9%8A%D8%AE%D9%87
http://www.wikidata.org/entity/Q212569	ar	سيمولا	لغة برمجة	Q9143	programming language	35	https://ar.wikipedia.org/wiki/%D8%B3%D9%8A%D9%85%D9%88%D9%84%D8%A7_(%D9%84%D8%BA%D8%A9_%D8%A8%D8%B1%D9%85%D8%AC%D8%A9)
http://www.wikidata.org/entity/Q2126436	ar	رأس الخيمة	عاصمة إمارة رأس الخيمة، إحدى الإمارات السبع المكونة للإمارات العربية المتحدة	Q515	city	51	https://ar.wikipedia.org/wiki/%D8%B1%D8%A3%D8%B3_%D8%A7%D9%84%D8%AE%D9%8A%D9%85%D8%A9
http://www.wikidata.org/entity/Q212680	ar	لوشنيه		Q515	city	59	https://ar.wikipedia.org/wiki/%D9%84%D9%88%D8%B4%D9%86%D9%8A%D9%87
http://www.wikidata.org/entity/Q2127	ar	شارلوت تاون		Q515	city	85	https://ar.wikipedia.org/wiki/%D8%B4%D8%A7%D8%B1%D9%84%D9%88%D8%AA_%D8%AA%D8%A7%D9%88%D9%86
http://www.wikidata.org/entity/Q212757	ar	القامشلي	مدينة في شمال شرق سورية	Q515	city	59	https://ar.wikipedia.org/wiki/%D8%A7%D9%84%D9%82%D8%A7%D9%85%D8%B4%D9%84%D9%8A
http://www.wikidata.org/entity/Q212773	ar	أنتيغوا غواتيمالا	مدينة تقع في غواتيمالا	Q515	city	69	https://ar.wikipedia.org/wiki/%D8%A3%D9%86%D8%AA%D9%8A%D8%BA%D9%88%D8%A7_%D8%BA%D9%88%D8%A7%D8%AA%D9%8A%D9%85%D8%A7%D9%84%D8%A7
http://www.wikidata.org/entity/Q212841	ar	دراما	منطقة مأهولة في اليونان	Q515	city	51	https://ar.wikipedia.org/wiki/%D8%AF%D8%B1%D8%A7%D9%85%D8%A7_(%D8%A7%D9%84%D9%8A%D9%88%D9%86%D8%A7%D9%86)
http://www.wikidata.org/entity/Q212863	ar	بت ساوندز	ألبوم من أداء فتيان الشاطئ	Q482994	album	45	https://ar.wikipedia.org/wiki/%D8%A8%D8%AA_%D8%B3%D8%A7%D9%88%D9%86%D8%AF%D8%B2_(%D8%A3%D9%84%D8%A8%D9%88%D9%85)
http://www.wikidata.org/entity/Q212984	ar	نيو بلايموث		Q515	city	53	https://ar.wikipedia.org/wiki/%D9%86%D9%8A%D9%88_%D8%A8%D9%84%D8%A7%D9%8A%D9%85%D9%88%D8%AB_(%D9%86%D9%8A%D9%88%D8%B2%D9%8A%D9%84%D9%86%D8%AF%D8%A7)
http://www.wikidata.org/entity/Q213	ar	جمهورية التشيك	دولة في أوروبا الوسطى	Q6256	country	354	https://ar.wikipedia.org/wiki/%D8%AC%D9%85%D9%87%D9%88%D8%B1%D9%8A%D8%A9_%D8%A7%D9%84%D8%AA%D8%B4%D9%8A%D9%83
http://www.wikidata.org/entity/Q213014	ar	أكولا	مستوطنة في الهند	Q515	city	57	https://ar.wikipedia.org/wiki/%D8%A3%D9%83%D9%88%D9%84%D8%A7_(%D8%A7%D9%84%D9%87%D9%86%D8%AF)
http://www.wikidata.org/entity/Q213026	ar	بريلي	منطقة مأهولة في الهند	Q515	city	66	https://ar.wikipedia.org/wiki/%D8%A8%D8%B1%D9%8A%D9%84%D9%8A_(%D8%A7%D9%84%D9%87%D9%86%D8%AF)
http://www.wikidata.org/entity/Q213127	ar	أوكميرج		Q515	city	56	https://ar.wikipedia.org/wiki/%D8%A3%D9%88%D9%83%D9%85%D9%8A%D8%B1%D8%AC
http://www.wikidata.org/entity/Q213248	ar	تيرونلفلي	إحدى مدن ولاية تامل نادو بجنوب الهند	Q515	city	52	https://ar.wikipedia.org/wiki/%D8%AA%D9%8A%D8%B1%D9%88%D9%86%D9%84%D9%81%D9%84%D9%8A
http://www.wikidata.org/entity/Q213434	ar	اللهجة الساموغية	لهجة في ساموجيتيا، في الجزء الغربي من ليتوانيا	Q34770	language	62	https://ar.wikipedia.org/wiki/%D8%A7%D9%84%D9%84%D9%87%D8%AC%D8%A9_%D8%A7%D9%84%D8%B3%D8%A7%D9%85%D9%88%D8%BA%D9%8A%D8%A9
http://www.wikidata.org/entity/Q213516	ar	ميتاليكا	ألبوم من أداء ميتاليكا	Q482994	album	46	https://ar.wikipedia.org/wiki/%D9%85%D9%8A%D8%AA%D8%A7%D9%84%D9%8A%D9%83%D8%A7_(%D8%A3%D9%84%D8%A8%D9%88%D9%85)
http://www.wikidata.org/entity/Q2138	ar	فريدريكتون		Q515	city	87	https://ar.wikipedia.org/wiki/%D9%81%D8%B1%D9%8A%D8%AF%D8%B1%D9%8A%D9%83%D8%AA%D9%88%D9%86
http://www.wikidata.org/entity/Q213898	ar	بروزة	منطقة مأهولة في اليونان	Q515	city	51	https://ar.wikipedia.org/wiki/%D8%A8%D8%B1%D9%88%D8%B2%D8%A9
http://www.wikidata.org/entity/Q214	ar	سلوفاكيا	دولة في أوروبا الوسطى	Q6256	country	338	https://ar.wikipedia.org/wiki/%D8%B3%D9%84%D9%88%D9%81%D8%A7%D9%83%D9%8A%D8%A7
http://www.wikidata.org/entity/Q214178	ar	نابلس	مدينة في الضفة الغربية، دولة فلسطين	Q515	city	77	https://ar.wikipedia.org/wiki/%D9%86%D8%A7%D8%A8%D9%84%D8%B3
http://www.wikidata.org/entity/Q214248	ar	بنغيلا	مستوطنة بشرية	Q515	city	66	https://ar.wikipedia.org/wiki/%D8%A8%D9%86%D8%BA%D9%8A%D9%84%D8%A7
http://www.wikidata.org/entity/Q214303	ar	كمشخانة	مدينة تركية	Q515	city	61	https://ar.wikipedia.org/wiki/%D9%83%D9%88%D9%85%D9%88%D8%B4_%D8%AE%D8%A7%D9%86%D8%A9
http://www.wikidata.org/entity/Q214341	ar	جامعة أمستردام	جامعة في هولندا	Q3918	university	65	https://ar.wikipedia.org/wiki/%D8%AC%D8%A7%D9%85%D8%B9%D8%A9_%D8%A3%D9%85%D8%B3%D8%AA%D8%B1%D8%AF%D8%A7%D9%85
http://www.wikidata.org/entity/Q214344	ar	كوتشاني		Q515	city	56	https://ar.wikipedia.org/wiki/%D9%83%D9%88%D8%AA%D8%B4%D8%A7%D9%86%D9%8A
http://www.wikidata.org/entity/Q214485	ar	كيزيمو	مستوطنة في كينيا	Q515	city	68	https://ar.wikipedia.org/wiki/%D9%83%D9%8A%D8%B2%D9%8A%D9%85%D9%88
http://www.wikidata.org/entity/Q214495	ar	باميان	عاصمة ولاية أفغانية	Q515	city	66	https://ar.wikipedia.org/wiki/%D8%A8%D8%A7%D9%85%D9%8A%D8%A7%D9%86
http://www.wikidata.org/entity/Q214651	ar	بندرمة	مدينة تركية	Q515	city	53	https://ar.wikipedia.org/wiki/%D8%A8%D8%A7%D9%86%D8%AF%D8%B1%D9%85%D8%A9
http://www.wikidata.org/entity/Q214655	ar	جورلي		Q515	city	61	https://ar.wikipedia.org/wiki/%D8%AC%D9%88%D8%B1%D9%84%D9%8A
http://www.wikidata.org/entity/Q214681	ar	بنجيم	عاصمة غوا	Q515	city	83	https://ar.wikipedia.org/wiki/%D8%A8%D9%86%D8%AC%D9%8A%D9%85
http://www.wikidata.org/entity/Q215	ar	سلوفينيا	دولة في أوروبا الوسطى	Q6256	country	331	https://ar.wikipedia.org/wiki/%D8%B3%D9%84%D9%88%D9%81%D9%8A%D9%86%D9%8A%D8%A7
http://www.wikidata.org/entity/Q215080	ar	ماتشالا	مستوطنة بشرية	Q515	city	55	https://ar.wikipedia.org/wiki/%D9%85%D8%A7%D8%AA%D8%B4%D8%A7%D9%84%D8%A7
http://www.wikidata.org/entity/Q215277	ar	جافنا		Q515	city	70	https://ar.wikipedia.org/wiki/%D8%AC%D9%81%D9%86%D8%A7_(%D8%B3%D8%B1%D9%8A%D9%84%D8%A7%D9%86%D9%83%D8%A7)
http://www.wikidata.org/entity/Q215633	ar	وومجا		Q515	city	66	https://ar.wikipedia.org/wiki/%D9%88%D9%88%D9%85%D8%AC%D8%A7
http://www.wikidata.org/entity/Q216	ar	فيلنيوس	عاصمة ليتوانيا	Q515	city	228	https://ar.wikipedia.org/wiki/%D9%81%D9%8A%D9%84%D9%86%D9%8A%D9%88%D8%B3
http://www.wikidata.org/entity/Q216075	ar	كن تاه	مدينة فيتنامية	Q515	city	81	https://ar.wikipedia.org/wiki/%D9%83%D9%86_%D8%AA%D8%A7%D9%87
http://www.wikidata.org/entity/Q2160963	ar	PL/M		Q9143	programming language	15	
http://www.wikidata.org/entity/Q216243	ar	نالندة	جامعة في الهند	Q3918	university	71	https://ar.wikipedia.org/wiki/%D9%86%D8%A7%D9%84%D9%86%D8%AF%D8%A9
http://www.wikidata.org/entity/Q216638	ar	ويكفيلد		Q515	city	58	https://ar.wikipedia.org/wiki/%D9%88%D9%8A%D9%83%D9%81%D9%8A%D9%84%D8%AF
http://www.wikidata.org/entity/Q2166735	ar	الغول 68		Q9143	programming language	20	https://ar.wikipedia.org/wiki/%D8%A7%D9%84%D8%BA%D9%88%D9%84_68
http://www.wikidata.org/entity/Q2167	ar	لوند	مدينة في جنوب السويد	Q515	city	105	https://ar.wikipedia.org/wiki/%D9%84%D9%88%D9%86%D8%AF_(%D8%B3%D9%83%D9%88%D9%86%D9%87)
http://www.wikidata.org/entity/Q216835	ar	كاب هايتيان	بلدية هايتية	Q515	city	51	https://ar.wikipedia.org/wiki/%D9%83%D8%A7%D8%A8_%D9%87%D8%A7%D9%8A%D8%AA%D9%8A%D8%A7%D9%86
http://www.wikidata.org/entity/Q216847	ar	كوكوتا		Q515	city	76	https://ar.wikipedia.org/wiki/%D9%83%D9%88%D9%83%D9%88%D8%AA%D8%A7
http://www.wikidata.org/entity/Q216853	ar	كامايوري	كومونا	Q515	city	59	https://ar.wikipedia.org/wiki/%D9%83%D8%A7%D9%85%D8%A7%D9%8A%D9%88%D8%B1%D9%8A
http://www.wikidata.org/entity/Q216902	ar	كابوي	مدينة في دولة زامبيا	Q515	city	50	https://ar.wikipedia.org/wiki/%D9%83%D8%A7%D8%A8%D9%88%D9%8A
http://www.wikidata.org/entity/Q216912	ar	مغلة	مدينة تركية	Q515	city	66	https://ar.wikipedia.org/wiki/%D9%85%D8%BA%D9%84%D8%A9
http://www.wikidata.org/entity/Q216939	ar	الصويرة	مدينة في المغرب "وجهة سياحية عالمية"	Q515	city	73	https://ar.wikipedia.org/wiki/%D8%A7%D9%84%D8%B5%D9%88%D9%8A%D8%B1%D8%A9
http://www.wikidata.org/entity/Q216990	ar	البليدة	مدينة وبلدية جزائرية	Q515	city	62	https://ar.wikipedia.org/wiki/%D8%A7%D9%84%D8%A8%D9%84%D9%8A%D8%AF%D8%A9
http://www.wikidata.org/entity/Q217	ar	مولدوفا	دولة في أوروبا الشرقية	Q6256	country	330	https://ar.wikipedia.org/wiki/%D9%85%D9%88%D9%84%D8%AF%D9%88%D9%81%D8%A7
http://www.wikidata.org/entity/Q217040	ar	تامالي	مستوطنة في غانا	Q515	city	60	https://ar.wikipedia.org/wiki/%D8%AA%D8%A7%D9%85%D8%A7%D9%84%D9%8A
http://www.wikidata.org/entity/Q217071	ar	بوكالبا		Q515	city	52	https://ar.wikipedia.org/wiki/%D8%A8%D9%88%D9%83%D8%A7%D9%84%D8%A8%D8%A7
http://www.wikidata.org/entity/Q217125	ar	إزنيق	مديرية في بورصة، تركيا	Q515	city	75	https://ar.wikipedia.org/wiki/%D8%A5%D8%B2%D9%86%D9%8A%D9%82
http://www.wikidata.org/entity/Q217156	ar	الإسماعيلية	مدينة في مصر	Q515	city	70	https://ar.wikipedia.org/wiki/%D8%A7%D9%84%D8%A5%D8%B3%D9%85%D8%A7%D8%B9%D9%8A%D9%84%D9%8A%D8%A9_(%D9%85%D8%AF%D9%8A%D9%86%D8%A9)
http://www.wikidata.org/entity/Q217426	ar	سويتو		Q515	city	59	https://ar.wikipedia.org/wiki/%D8%B3%D9%88%D9%8A%D8%AA%D9%88
http://www.wikidata.org/entity/Q217439	ar	جامعة هاواي	جامعة في هونولولو، الولايات المتحدة	Q3918	university	42	https://ar.wikipedia.org/wiki/%D8%AC%D8%A7%D9%85%D8%B9%D8%A9_%D9%87%D8%A7%D9%88%D8%A7%D9%8A
http://www.wikidata.org/entity/Q217443	ar	شياتورا	مستوطنة بشرية	Q515	city	52	https://ar.wikipedia.org/wiki/%D8%B4%D9%8A%D8%A7%D8%AA%D9%88%D8%B1%D8%A7
http://www.wikidata.org/entity/Q2177054	ar	المعهد الروسي للفنون المسرحية	جامعة في موسكو، روسيا	Q3918	university	26	https://ar.wikipedia.org/wiki/%D8%A7%D9%84%D9%85%D8%B9%D9%87%D8%AF_%D8%A7%D9%84%D8%B1%D9%88%D8%B3%D9%8A_%D9%84%D9%84%D9%81%D9%86%D9%88%D9%86_%D8%A7%D9%84%D9%85%D8%B3%D8%B1%D8%AD%D9%8A%D8%A9
http://www.wikidata.org/entity/Q217720	ar	جشمة	من أقضية ولاية إزمير التركية	Q515	city	54	https://ar.wikipedia.org/wiki/%D8%AC%D8%B4%D9%85%D8%A9
http://www.wikidata.org/entity/Q218	ar	رومانيا	دولة في جنوب شرق أوربا	Q6256	country	346	https://ar.wikipedia.org/wiki/%D8%B1%D9%88%D9%85%D8%A7%D9%86%D9%8A%D8%A7
http://www.wikidata.org/entity/Q218170	ar	بوست سكريبت		Q9143	programming language	43	https://ar.wikipedia.org/wiki/%D8%A8%D9%88%D8%B3%D8%AA_%D8%B3%D9%83%D8%B1%D9%8A%D8%A8%D8%AA
http://www.wikidata.org/entity/Q21838040	ar	الديدانية		Q34770	language	8	https://ar.wikipedia.org/wiki/%D8%A7%D9%84%D8%AF%D8%A7%D8%AF%D8%A7%D9%86%D9%8A%D8%A9
http://www.wikidata.org/entity/Q218513	ar	بليتش	ألبوم من أداء نيرفانا	Q482994	album	46	https://ar.wikipedia.org/wiki/%D8%A8%D9%84%D9%8A%D8%AA%D8%B4_(%D8%A3%D9%84%D8%A8%D9%88%D9%85)
http://www.wikidata.org/entity/Q218861	ar	غوندر	منطقة مأهولة في إثيوبيا	Q515	city	68	https://ar.wikipedia.org/wiki/%D9%82%D9%88%D9%86%D8%AF%D8%B1
http://www.wikidata.org/entity/Q218928	ar	أنتسيرانانا		Q515	city	57	https://ar.wikipedia.org/wiki/%D8%A3%D9%86%D8%AA%D8%B3%D9%8A%D8%B1%D8%A7%D9%86%D8%A7%D9%86%D8%A7
http://www.wikidata.org/entity/Q219	ar	بلغاريا	دولة في جنوب شرق أوروبا	Q6256	country	359	https://ar.wikipedia.org/wiki/%D8%A8%D9%84%D8%BA%D8%A7%D8%B1%D9%8A%D8%A7
http://www.wikidata.org/entity/Q219060	ar	دولة فلسطين	دولة عربية تقع في غرب آسيا	Q6256	country	222	https://ar.wikipedia.org/wiki/%D8%AF%D9%88%D9%84%D8%A9_%D9%81%D9%84%D8%B3%D8%B7%D9%8A%D9%86
http://www.wikidata.org/entity/Q219117	ar	زومبا		Q515	city	52	https://ar.wikipedia.org/wiki/%D8%B2%D9%88%D9%85%D8%A8%D8%A7_(%D9%85%D9%84%D8%A7%D9%88%D9%8A)
http://www.wikidata.org/entity/Q21921428	ar	كريستال (لغة برمجة)		Q9143	programming language	15	https://ar.wikipedia.org/wiki/%D9%83%D8%B1%D9%8A%D8%B3%D8%AA%D8%A7%D9%84_(%D9%84%D8%BA%D8%A9_%D8%A8%D8%B1%D9%85%D8%AC%D8%A9)
http://www.wikidata.org/entity/Q219564	ar	معهد كارولنسكا	جامعة طبية في السويد	Q3918	university	58	https://ar.wikipedia.org/wiki/%D9%85%D8%B9%D9%87%D8%AF_%D9%83%D8%A7%D8%B1%D9%88%D9%84%D9%86%D8%B3%D9%83%D8%A7
http://www.wikidata.org/entity/Q219583	ar	الجديدة	مدينة في المغرب	Q515	city	64	https://ar.wikipedia.org/wiki/%D8%A7%D9%84%D8%AC%D8%AF%D9%8A%D8%AF%D8%A9_(%D8%A7%D9%84%D9%85%D8%BA%D8%B1%D8%A8)
http://www.wikidata.org/entity/Q219671	ar	ندولا	مدينة في دولة زامبيا	Q515	city	58	https://ar.wikipedia.org/wiki/%D9%86%D8%AF%D9%88%D9%84%D8%A7
http://www.wikidata.org/entity/Q2203	ar	أريكا		Q515	city	103	https://ar.wikipedia.org/wiki/%D8%A3%D8%B1%D9%8A%D9%83%D8%A7
http://www.wikidata.org/entity/Q220843	ar	ولفس بي		Q515	city	76	https://ar.wikipedia.org/wiki/%D9%88%D8%A7%D9%84%D9%81%D9%8A%D8%B3_%D8%A8%D8%A7%D9%8A
http://www.wikidata.org/entity/Q221	ar	مقدونيا الشمالية	دولة في جنوب أوروبا الشرقية	Q6256	country	325	https://ar.wikipedia.org/wiki/%D9%85%D9%82%D8%AF%D9%88%D9%86%D9%8A%D8%A7_%D8%A7%D9%84%D8%B4%D9%85%D8%A7%D9%84%D9%8A%D8%A9
http://www.wikidata.org/entity/Q2211	ar	مالمو	مدينة في السويد	Q515	city	148	https://ar.wikipedia.org/wiki/%D9%85%D8%A7%D9%84%D9%85%D9%88
http://www.wikidata.org/entity/Q221447	ar	الرملة	مدينة في فلسطين	Q515	city	63	https://ar.wikipedia.org/wiki/%D8%A7%D9%84%D8%B1%D9%85%D9%84%D8%A9
http://www.wikidata.org/entity/Q221734	ar	راسون		Q515	city	60	https://ar.wikipedia.org/wiki/%D8%B1%D8%A7%D8%B3%D9%88%D9%86
http://www.wikidata.org/entity/Q221914	ar	ناميبي		Q515	city	57	https://ar.wikipedia.org/wiki/%D9%85%D9%88%D8%B3%D8%A7%D9%85%D9%8A%D8%AF%D8%B3_(%D8%A3%D9%86%D8%BA%D9%88%D9%84%D8%A7)
http://www.wikidata.org/entity/Q221921	ar	كومودورو ريفادافيا		Q515	city	54	https://ar.wikipedia.org/wiki/%D9%83%D9%88%D9%85%D9%88%D8%AF%D9%88%D8%B1%D9%88_%D8%B1%D9%8A%D9%81%D8%A7%D8%AF%D8%A7%D9%81%D9%8A%D8%A7_(%D9%85%D8%AF%D9%8A%D9%86%D8%A9)
http://www.wikidata.org/entity/Q222	ar	ألبانيا	دولة في جنوب شرق أوروبا	Q6256	country	384	https://ar.wikipedia.org/wiki/%D8%A3%D9%84%D8%A8%D8%A7%D9%86%D9%8A%D8%A7
http://www.wikidata.org/entity/Q222001	ar	إن يوتيرو	ألبوم من أداء نيرفانا	Q482994	album	43	https://ar.wikipedia.org/wiki/%D8%A5%D9%86_%D9%8A%D9%88%D8%AA%D9%8A%D8%B1%D9%88
http://www.wikidata.org/entity/Q2222616	ar	تلسياي	مدينة في لتوانيا	Q515	city	62	https://ar.wikipedia.org/wiki/%D8%AA%D9%84%D8%B3%D9%8A%D8%A7%D9%8A_(%D9%85%D8%AF%D9%8A%D9%86%D8%A9)
http://www.wikidata.org/entity/Q222267	ar	كنياكماري	مستوطنة في الهند	Q515	city	60	https://ar.wikipedia.org/wiki/%D9%83%D9%86%D9%8A%D8%A7%D9%83%D9%85%D8%A7%D8%B1%D9%8A
http://www.wikidata.org/entity/Q2222874	ar	مدينة زنجبار	مدينة في جزر زنجبار التابعة لتنزانيا	Q515	city	64	https://ar.wikipedia.org/wiki/%D9%85%D8%AF%D9%8A%D9%86%D8%A9_%D8%B2%D9%86%D8%AC%D8%A8%D8%A7%D8%B1
http://www.wikidata.org/entity/Q222738	ar	الجامعة الوطنية المستقلة في المكسيك	جامعة حكومية في المكسيك	Q3918	university	58	https://ar.wikipedia.org/wiki/%D8%A7%D9%84%D8%AC%D8%A7%D9%85%D8%B9%D8%A9_%D8%A7%D9%84%D9%88%D8%B7%D9%86%D9%8A%D8%A9_%D8%A7%D9%84%D9%85%D8%B3%D8%AA%D9%82%D9%84%D8%A9_%D9%81%D9%8A_%D8%A7%D9%84%D9%85%D9%83%D8%B3%D9%8A%D9%83
http://www.wikidata.org/entity/Q222755	ar	إيباغيه		Q515	city	65	https://ar.wikipedia.org/wiki/%D8%A5%D9%8A%D8%A8%D8%A7%D8%BA%D9%8A%D9%87
http://www.wikidata.org/entity/Q223	ar	غرينلاند	إقليم تابع لمملكة الدنمارك	Q6256	country	255	https://ar.wikipedia.org/wiki/%D8%AC%D8%B1%D9%8A%D9%86%D9%84%D8%A7%D9%86%D8%AF
http://www.wikidata.org/entity/Q223154	ar	بيشكوبي	مدينة في بلدية ديبير، ألبانيا	Q515	city	84	https://ar.wikipedia.org/wiki/%D8%A8%D9%8A%D8%B4%D9%83%D9%88%D8%A8%D9%8A
http://www.wikidata.org/entity/Q223314	ar	كاناك		Q515	city	55	https://ar.wikipedia.org/wiki/%D9%83%D8%A7%D9%86%D8%A7%D9%83
http://www.wikidata.org/entity/Q223433	ar	PL/1	لغة برمجة حاسوبية إجرائية حتمية	Q9143	programming language	37	
http://www.wikidata.org/entity/Q223587	ar	المنصورة	مدينة مصرية ومركز محافظة الدقهلية	Q515	city	62	https://ar.wikipedia.org/wiki/%D8%A7%D9%84%D9%85%D9%86%D8%B5%D9%88%D8%B1%D8%A9_(%D9%85%D8%B5%D8%B1)
http://www.wikidata.org/entity/Q223679	ar	جنو أوكتف		Q9143	programming language	52	https://ar.wikipedia.org/wiki/%D8%AC%D9%86%D9%88_%D8%A3%D9%88%D9%83%D8%AA%D8%A7%D9%81
http://www.wikidata.org/entity/Q223761	ar	بوبوديولاسو	ثاني كبرى مدن بوركينا فاسو	Q515	city	59	https://ar.wikipedia.org/wiki/%D8%A8%D9%88%D8%A8%D9%88%D8%AF%D9%8A%D9%88%D9%84%D8%A7%D8%B3%D9%88
http://www.wikidata.org/entity/Q223914	ar	وبيتو	بلدة في أنغولا	Q515	city	59	https://ar.wikipedia.org/wiki/%D9%84%D9%88%D8%A8%D9%8A%D8%AA%D9%88
http://www.wikidata.org/entity/Q223920	ar	بوانت-نوار	مدينة في جمهورية الكونغو	Q515	city	70	https://ar.wikipedia.org/wiki/%D8%A8%D9%88%D8%A7%D9%86%D8%AA-%D9%86%D9%88%D8%A7%D8%B1
http://www.wikidata.org/entity/Q223966	ar	بيورا	مدينة بيروفية وعاصمة إقليم بيورا	Q515	city	63	https://ar.wikipedia.org/wiki/%D8%A8%D9%8A%D9%88%D8%B1%D8%A7
http://www.wikidata.org/entity/Q224	ar	كرواتيا	دولة تقع في جنوب شرق أوروبا	Q6256	country	352	https://ar.wikipedia.org/wiki/%D9%83%D8%B1%D9%88%D8%A7%D8%AA%D9%8A%D8%A7
http://www.wikidata.org/entity/Q225	ar	البوسنة والهرسك	دولة أوروبية في جنوب أوروبا الشرقية	Q6256	country	342	https://ar.wikipedia.org/wiki/%D8%A7%D9%84%D8%A8%D9%88%D8%B3%D9%86%D8%A9_%D9%88%D8%A7%D9%84%D9%87%D8%B1%D8%B3%D9%83
http://www.wikidata.org/entity/Q2256	ar	برمنغهام	مدينة في إنجلترا	Q515	city	163	https://ar.wikipedia.org/wiki/%D8%A8%D8%B1%D9%85%D9%86%D8%BA%D9%87%D8%A7%D9%85
http://www.wikidata.org/entity/Q225641	ar	منباسة	مدينة كينية على البحر الهندي	Q515	city	117	https://ar.wikipedia.org/wiki/%D9%85%D9%88%D9%85%D8%A8%D8%A7%D8%B3%D8%A7
http://www.wikidata.org/entity/Q226	ar	نوك	عاصمة جرينلاند	Q515	city	148	https://ar.wikipedia.org/wiki/%D9%86%D9%88%D9%83
http://www.wikidata.org/entity/Q2261128	ar	جامعة كييتي	جامعة في كييتي، إيطاليا	Q3918	university	20	https://ar.wikipedia.org/wiki/%D8%AC%D8%A7%D9%85%D8%B9%D8%A9_%D9%83%D9%8A%D9%8A%D8%AA%D9%8A
http://www.wikidata.org/entity/Q2268	ar	النوبية القديمة		Q34770	language	20	https://ar.wikipedia.org/wiki/%D8%A7%D9%84%D9%84%D8%BA%D8%A9_%D8%A7%D9%84%D9%86%D9%88%D8%A8%D9%8A%D8%A9_%D8%A7%D9%84%D9%82%D8%AF%D9%8A%D9%85%D8%A9
http://www.wikidata.org/entity/Q227	ar	أذربيجان	دولة بين أوروبا الشرقية وآسيا الغربية	Q6256	country	359	https://ar.wikipedia.org/wiki/%D8%A3%D8%B0%D8%B1%D8%A8%D9%8A%D8%AC%D8%A7%D9%86
http://www.wikidata.org/entity/Q22711	ar	الألمانية البنسلفانية	لغة	Q34770	language	69	https://ar.wikipedia.org/wiki/%D8%A7%D9%84%D9%84%D8%BA%D8%A9_%D8%A7%D9%84%D8%A3%D9%84%D9%85%D8%A7%D9%86%D9%8A%D8%A9_%D8%A7%D9%84%D8%A8%D9%86%D8%B3%D9%84%D9%81%D8%A7%D9%86%D9%8A%D8%A9
http://www.wikidata.org/entity/Q228	ar	أندورا	دولة صغيرة في أوروبا	Q6256	country	330	https://ar.wikipedia.org/wiki/%D8%A3%D9%86%D8%AF%D9%88%D8%B1%D8%A7
http://www.wikidata.org/entity/Q22809485	ar	العربية في شمال بلاد الشام		Q34770	language	11	https://ar.wikipedia.org/wiki/%D9%84%D9%87%D8%AC%D8%A9_%D8%B4%D8%A7%D9%85%D9%8A%D8%A9_%D8%B4%D9%85%D8%A7%D9%84%D9%8A%D8%A9
http://www.wikidata.org/entity/Q2281517	ar	جامعة سيتشوان	جامعة في تشنغدو، الصين	Q3918	university	21	https://ar.wikipedia.org/wiki/%D8%AC%D8%A7%D9%85%D8%B9%D8%A9_%D8%B3%D9%8A%D8%AA%D8%B4%D9%88%D8%A7%D9%86
http://www.wikidata.org/entity/Q2281564	ar	الجامعة الهاشمية	إحدى الجامعات الرسمية الحكومية في الأردن، تأسست عام 1995، وتقع في مدينة الزرقاء	Q3918	university	21	https://ar.wikipedia.org/wiki/%D8%A7%D9%84%D8%AC%D8%A7%D9%85%D8%B9%D8%A9_%D8%A7%D9%84%D9%87%D8%A7%D8%B4%D9%85%D9%8A%D8%A9
http://www.wikidata.org/entity/Q228405	ar	مادوراي	مستوطنة في الهند	Q515	city	94	https://ar.wikipedia.org/wiki/%D9%85%D8%A7%D8%AF%D9%88%D8%B1%D8%A7%D9%8A
http://www.wikidata.org/entity/Q22889	ar	باث	مدينة تقع في جنوب غرب إنجلترا	Q515	city	110	https://ar.wikipedia.org/wiki/%D8%A8%D8%A7%D8%AB
http://www.wikidata.org/entity/Q229	ar	قبرص	دولة جزرية في شرق البحر الأبيض المتوسط و غرب آسيا و جنوب شرق أوروبا	Q6256	country	321	https://ar.wikipedia.org/wiki/%D9%82%D8%A8%D8%B1%D8%B5
http://www.wikidata.org/entity/Q22905	ar	برادفورد	إحدى مدن غرب يوركشير شمال إنكلترا	Q515	city	91	https://ar.wikipedia.org/wiki/%D8%A8%D8%B1%D8%A7%D8%AF%D9%81%D9%88%D8%B1%D8%AF
http://www.wikidata.org/entity/Q2292517	ar	سكيكدة		Q515	city	60	https://ar.wikipedia.org/wiki/%D8%B3%D9%83%D9%8A%D9%83%D8%AF%D8%A9
http://www.wikidata.org/entity/Q22948260	ar	حسمائية	أبجدية عربية شمالية قديمة	Q34770	language	5	https://ar.wikipedia.org/wiki/%D8%AD%D8%B3%D9%85%D8%A7%D8%A6%D9%8A%D8%A9
http://www.wikidata.org/entity/Q22948538	ar	اليزناسنية	إحدى لهجات البربرية الزناتية في شمال المغرب، مهددة بالانقراض حسب اليونسكو	Q34770	language	12	https://ar.wikipedia.org/wiki/%D8%A7%D9%84%D8%A3%D9%85%D8%A7%D8%B2%D9%8A%D8%BA%D9%8A%D8%A9_%D8%A7%D9%84%D9%8A%D8%B2%D9%86%D8%A7%D8%B3%D9%86%D9%8A%D8%A9
http://www.wikidata.org/entity/Q22949342	ar	لغة زرق		Q34770	language	7	https://ar.wikipedia.org/wiki/%D9%84%D8%BA%D8%A9_%D8%B2%D8%B1%D9%82
http://www.wikidata.org/entity/Q2298909	ar	جافا سكريبت المخفية		Q9143	programming language	12	https://ar.wikipedia.org/wiki/%D8%AC%D8%A7%D9%81%D8%A7_%D8%B3%D9%83%D8%B1%D9%8A%D8%A8%D8%AA_%D8%A7%D9%84%D9%88%D8%A7%D8%B6%D8%AD%D8%A9
http://www.wikidata.org/entity/Q230	ar	جورجيا	دولة أوروبية ذات نظام جمهوري	Q6256	country	344	https://ar.wikipedia.org/wiki/%D8%AC%D9%88%D8%B1%D8%AC%D9%8A%D8%A7
http://www.wikidata.org/entity/Q230104	ar	نخجوان	عاصمة جمهورية نخجوان الذاتية الحكم ناختشفان	Q515	city	84	https://ar.wikipedia.org/wiki/%D9%86%D8%AE%D8%AC%D9%88%D8%A7%D9%86
http://www.wikidata.org/entity/Q2302663	ar	جامعة حلب	جامعة في حلب، سوريا	Q3918	university	26	https://ar.wikipedia.org/wiki/%D8%AC%D8%A7%D9%85%D8%B9%D8%A9_%D8%AD%D9%84%D8%A8
http://www.wikidata.org/entity/Q2303102	ar	جامعة موستار	جامعة في موستار، البوسنة والهرسك	Q3918	university	25	https://ar.wikipedia.org/wiki/%D8%AC%D8%A7%D9%85%D8%B9%D8%A9_%D9%85%D9%88%D8%B3%D8%AA%D8%A7%D8%B1
http://www.wikidata.org/entity/Q23051	ar	سونزي	مدينة في ويلز	Q515	city	101	https://ar.wikipedia.org/wiki/%D8%B3%D9%88%D8%A7%D9%86%D8%B2%D9%8A
http://www.wikidata.org/entity/Q230628	ar	إردنيت		Q515	city	69	https://ar.wikipedia.org/wiki/%D8%A5%D8%B1%D8%AF%D9%8A%D9%86%D8%AA
http://www.wikidata.org/entity/Q23070	ar	سنيك		Q515	city	53	https://ar.wikipedia.org/wiki/%D8%B3%D9%86%D9%8A%D9%83_(%D9%87%D9%88%D9%84%D9%86%D8%AF%D8%A7)
http://www.wikidata.org/entity/Q230818	ar	لياه	مستوطنة بشرية	Q515	city	73	https://ar.wikipedia.org/wiki/%D9%84%D9%8A%D9%87
http://www.wikidata.org/entity/Q230899	ar	جامعة مانشستر	جامعة في مانشستر في إنجلترا	Q3918	university	66	https://ar.wikipedia.org/wiki/%D8%AC%D8%A7%D9%85%D8%B9%D8%A9_%D9%85%D8%A7%D9%86%D8%B4%D8%B3%D8%AA%D8%B1
http://www.wikidata.org/entity/Q23154	ar	برستل	مقاطعة في إنجلترا	Q515	city	143	https://ar.wikipedia.org/wiki/%D8%A8%D8%B1%D8%B3%D8%AA%D9%84
http://www.wikidata.org/entity/Q231765	ar	غيلونغ		Q515	city	75	https://ar.wikipedia.org/wiki/%D8%BA%D9%8A%D9%84%D9%88%D9%86%D8%BA
http://www.wikidata.org/entity/Q232	ar	كازاخستان	دولة في آسيا الوسطى	Q6256	country	346	https://ar.wikipedia.org/wiki/%D9%83%D8%A7%D8%B2%D8%A7%D8%AE%D8%B3%D8%AA%D8%A7%D9%86
http://www.wikidata.org/entity/Q232009	ar	هاري بوتر ومقدسات الموت – الجزء 2	فيلم أُصدر سنة 2011، من إخراج دايفيد ييتس	Q11424	film	80	https://ar.wikipedia.org/wiki/%D9%87%D8%A7%D8%B1%D9%8A_%D8%A8%D9%88%D8%AA%D8%B1_%D9%88%D9%85%D9%82%D8%AF%D8%B3%D8%A7%D8%AA_%D8%A7%D9%84%D9%85%D9%88%D8%AA_%E2%80%93_%D8%A7%D9%84%D8%AC%D8%B2%D8%A1_2_(%D9%81%D9%84%D9%85)
http://www.wikidata.org/entity/Q232842	ar	بونو		Q515	city	61	https://ar.wikipedia.org/wiki/%D8%A8%D9%88%D9%86%D9%88_(%D9%85%D8%AF%D9%8A%D9%86%D8%A9)
http://www.wikidata.org/entity/Q233	ar	مالطا	دولة أوروبية تقع في البحر الأبيض المتوسط، وهي إحدى أصغر دول العالم	Q6256	country	326	https://ar.wikipedia.org/wiki/%D9%85%D8%A7%D9%84%D8%B7%D8%A7
http://www.wikidata.org/entity/Q23311	ar	مدينة لندن		Q515	city	93	https://ar.wikipedia.org/wiki/%D9%85%D8%AF%D9%8A%D9%86%D8%A9_%D9%84%D9%86%D8%AF%D9%86
http://www.wikidata.org/entity/Q234056	ar	كوهيما	مدينة في الهند	Q515	city	75	https://ar.wikipedia.org/wiki/%D9%83%D9%88%D9%87%D9%8A%D9%85%D8%A7
http://www.wikidata.org/entity/Q234178	ar	بانجور		Q515	city	62	https://ar.wikipedia.org/wiki/%D8%A8%D8%A7%D9%86%D8%BA%D9%88%D8%B1_(%D8%BA%D9%88%D9%8A%D9%86%D8%B0)
http://www.wikidata.org/entity/Q234184	ar	تشيلم		Q515	city	66	https://ar.wikipedia.org/wiki/%D8%AA%D8%B4%D9%8A%D9%84%D9%85
http://www.wikidata.org/entity/Q23430	ar	أولان باتور	عاصمة منغوليا	Q515	city	189	https://ar.wikipedia.org/wiki/%D8%A3%D9%88%D9%84%D8%A7%D9%86_%D8%A8%D8%A7%D8%AA%D9%88%D8%B1
http://www.wikidata.org/entity/Q23436	ar	إدنبرة	عاصمة اسكتلندا	Q515	city	192	https://ar.wikipedia.org/wiki/%D8%A5%D8%AF%D9%86%D8%A8%D8%B1%D8%A9
http://www.wikidata.org/entity/Q23438	ar	عشق آباد	عاصمة جمهورية تركمنستان وأكبر المدن فيها	Q515	city	184	https://ar.wikipedia.org/wiki/%D8%B9%D8%B4%D9%82_%D8%A2%D8%A8%D8%A7%D8%AF
http://www.wikidata.org/entity/Q234600	ar	العين	مدينة في إمارة أبو ظبي	Q515	city	78	https://ar.wikipedia.org/wiki/%D8%A7%D9%84%D8%B9%D9%8A%D9%86_(%D8%A3%D8%A8%D9%88%D8%B8%D8%A8%D9%8A)
http://www.wikidata.org/entity/Q234657	ar	خرى سكربت	لغة برمجة نصية	Q9143	programming language	54	https://ar.wikipedia.org/wiki/%D8%A3%D9%83%D8%B4%D9%86_%D8%B3%D9%83%D8%B1%D8%A8%D8%AA
http://www.wikidata.org/entity/Q2347334	ar	سي بي إل	لغة برمجة متعددة النماذج	Q9143	programming language	19	
http://www.wikidata.org/entity/Q235	ar	موناكو	إمارة فرنسية	Q6256	country	320	https://ar.wikipedia.org/wiki/%D9%85%D9%88%D9%86%D8%A7%D9%83%D9%88
http://www.wikidata.org/entity/Q235086	ar	سمول توك	لغة برمجة	Q9143	programming language	51	https://ar.wikipedia.org/wiki/%D8%B3%D9%85%D9%88%D9%84_%D8%AA%D9%88%D9%83
http://www.wikidata.org/entity/Q23551	ar	ماردة		Q515	city	118	https://ar.wikipedia.org/wiki/%D9%85%D8%A7%D8%B1%D8%AF%D8%A9_(%D9%81%D9%86%D8%B2%D9%88%D9%8A%D9%84%D8%A7)
http://www.wikidata.org/entity/Q235571	ar	دارخان		Q515	city	61	https://ar.wikipedia.org/wiki/%D8%AF%D8%A7%D8%B1%D8%AE%D8%A7%D9%86
http://www.wikidata.org/entity/Q23564	ar	بودغوريتسا	عاصمة الجبل الأسود	Q515	city	189	https://ar.wikipedia.org/wiki/%D8%A8%D9%88%D8%AF%D8%BA%D9%88%D8%B1%D9%8A%D8%AA%D8%B3%D8%A7
http://www.wikidata.org/entity/Q236	ar	الجبل الأسود	دولة في جنوب شرق أوروبا	Q6256	country	323	https://ar.wikipedia.org/wiki/%D8%A7%D9%84%D8%AC%D8%A8%D9%84_%D8%A7%D9%84%D8%A3%D8%B3%D9%88%D8%AF
http://www.wikidata.org/entity/Q236083	ar	سووالكي	مدينة بولندية	Q515	city	69	https://ar.wikipedia.org/wiki/%D8%B3%D9%88%D9%88%D8%A7%D9%84%D9%83%D9%8A
http://www.wikidata.org/entity/Q23681	ar	قبرص الشمالية	هي دولة تقع في الجزء الشمالي من جزيرة قبرص بحكم أمر الواقع ، ذات أغلبية سكانية من أصول تركية ولا يعترف بها أحد سوى تركيا	Q6256	country	181	https://ar.wikipedia.org/wiki/%D9%82%D8%A8%D8%B1%D8%B5_%D8%A7%D9%84%D8%B4%D9%85%D8%A7%D9%84%D9%8A%D8%A9
http://www.wikidata.org/entity/Q237	ar	الفاتيكان	أصغر دولة في العالم من حيث المساحة	Q6256	country	337	https://ar.wikipedia.org/wiki/%D8%A7%D9%84%D9%81%D8%A7%D8%AA%D9%8A%D9%83%D8%A7%D9%86
http://www.wikidata.org/entity/Q2370	ar	سي#	لغة برمجة عالية المستوى	Q9143	programming language	114	https://ar.wikipedia.org/wiki/%D8%B3%D9%8A_%D8%B4%D8%A7%D8%B1%D8%A8
http://www.wikidata.org/entity/Q237409	ar	الزيلندية		Q34770	language	44	https://ar.wikipedia.org/wiki/%D8%A7%D9%84%D8%B2%D9%8A%D9%84%D9%86%D8%AF%D9%8A%D8%A9
http://www.wikidata.org/entity/Q2378	ar	فيجوال بيسك	لغة برمجة مطورة من طرف مايكروسوفت	Q9143	programming language	91	https://ar.wikipedia.org/wiki/%D9%81%D9%8A%D8%AC%D9%88%D8%A7%D9%84_%D8%A8%D9%8A%D8%B3%D9%83
http://www.wikidata.org/entity/Q23780914	ar	المنتقمون: الحرب اللانهائية	فلم أبطال خارقين من إنتاج استوديوهات مارفل وإخراج الأخوين روسو صدر عام 2018	Q11424	film	86	https://ar.wikipedia.org/wiki/%D8%A7%D9%84%D9%85%D9%86%D8%AA%D9%82%D9%85%D9%88%D9%86:_%D8%A7%D9%84%D8%AD%D8%B1%D8%A8_%D8%A7%D9%84%D9%84%D8%A7%D9%86%D9%87%D8%A7%D8%A6%D9%8A%D8%A9
http://www.wikidata.org/entity/Q23781155	ar	المنتقمون: نهاية اللعبة	فلم أبطال خارقين أمريكي أنتجته استوديوهات مارفل، صدر عام 2019	Q11424	film	90	https://ar.wikipedia.org/wiki/%D8%A7%D9%84%D9%85%D9%86%D8%AA%D9%82%D9%85%D9%88%D9%86:_%D9%86%D9%87%D8%A7%D9%8A%D8%A9_%D8%A7%D9%84%D9%84%D8%B9%D8%A8%D8%A9
http://www.wikidata.org/entity/Q237847	ar	سولابور	مستوطنة في الهند	Q515	city	68	https://ar.wikipedia.org/wiki/%D8%B3%D9%88%D9%84%D8%A7%D8%A8%D9%88%D8%B1
http://www.wikidata.org/entity/Q238	ar	سان مارينو	دولة في جنوب أوروبا	Q6256	country	312	https://ar.wikipedia.org/wiki/%D8%B3%D8%A7%D9%86_%D9%85%D8%A7%D8%B1%D9%8A%D9%86%D9%88
http://www.wikidata.org/entity/Q23800	ar	البلد	عاصمة جمهورية مالطة	Q515	city	179	https://ar.wikipedia.org/wiki/%D9%81%D8%A7%D9%84%D9%8A%D8%AA%D8%A7
http://www.wikidata.org/entity/Q2380124	ar	لغة إشارة السهول للهنود الحمر		Q34770	language	23	https://ar.wikipedia.org/wiki/%D9%84%D8%BA%D8%A9_%D8%A5%D8%B4%D8%A7%D8%B1%D8%A9_%D9%87%D9%86%D9%88%D8%AF_%D8%A7%D9%84%D8%B3%D9%87%D9%88%D9%84
http://www.wikidata.org/entity/Q238217	ar	جديدة	مدينة في سوريا	Q515	city	65	https://ar.wikipedia.org/wiki/%D8%AF%D8%B1%D8%B9%D8%A7
http://www.wikidata.org/entity/Q238452	ar	العريش	مدينة ساحلية مصرية وعاصمة محافظة شمال سيناء في مصر	Q515	city	53	https://ar.wikipedia.org/wiki/%D8%A7%D9%84%D8%B9%D8%B1%D9%8A%D8%B4
http://www.wikidata.org/entity/Q238508	ar	جورجاون		Q515	city	67	https://ar.wikipedia.org/wiki/%D8%AC%D9%88%D8%B1%D8%AC%D8%A7%D9%88%D9%86
http://www.wikidata.org/entity/Q239097	ar	دير الزور	دير الزور وتعرف محليًا باسم الدير، مدينة سوريّة تعتبر أكبر مدن الشرق السوري قاطبةً، فضلًا عن كونها مركزًا إداريًا لمحافظة دير الزور. الشرق وسكانها قبيله العكيدات واكبرها في سوريا وا البوسرايا ولبوشعبان وعنزه وشمر	Q515	city	71	https://ar.wikipedia.org/wiki/%D8%AF%D9%8A%D8%B1_%D8%A7%D9%84%D8%B2%D9%88%D8%B1
http://www.wikidata.org/entity/Q239107	ar	إدفو	مدينة مصرية	Q515	city	59	https://ar.wikipedia.org/wiki/%D8%A5%D8%AF%D9%81%D9%88
http://www.wikidata.org/entity/Q2392351	ar	جامعة ليدز بيكيت	جامعة في ليدز، المملكة المتحدة	Q3918	university	20	https://ar.wikipedia.org/wiki/%D8%AC%D8%A7%D9%85%D8%B9%D8%A9_%D9%84%D9%8A%D8%AF%D8%B2_%D8%A8%D9%8A%D9%83%D9%8A%D8%AA
http://www.wikidata.org/entity/Q239266	ar	فيزيغراد	بلدة تقع في البوسنة والهرسك	Q515	city	57	https://ar.wikipedia.org/wiki/%D9%81%D9%8A%D8%B2%D9%8A%D8%BA%D8%B1%D8%A7%D8%AF
http://www.wikidata.org/entity/Q239421	ar	ناكورو	مدينة في كينيا	Q515	city	62	https://ar.wikipedia.org/wiki/%D9%86%D8%A7%D9%83%D9%88%D8%B1%D9%88
http://www.wikidata.org/entity/Q239580	ar	كيتوي	مدينة في دولة زامبيا	Q515	city	56	https://ar.wikipedia.org/wiki/%D9%83%D9%8A%D8%AA%D9%88%D9%8A
http://www.wikidata.org/entity/Q2407	ar	سي++	لغة برمجة عالية المستوى كائنية التوجه	Q9143	programming language	148	https://ar.wikipedia.org/wiki/%D8%B3%D9%8A%2B%2B
http://www.wikidata.org/entity/Q241	ar	كوبا	دولة جزرية في منطقة البحر الكاريبي	Q6256	country	309	https://ar.wikipedia.org/wiki/%D9%83%D9%88%D8%A8%D8%A7
http://www.wikidata.org/entity/Q241122	ar	كومرات		Q515	city	63	https://ar.wikipedia.org/wiki/%D9%83%D9%88%D9%85%D8%B1%D8%A7%D8%AA
http://www.wikidata.org/entity/Q241298	ar	البنقلة	مدينة وبلدية إيطالية	Q515	city	67	https://ar.wikipedia.org/wiki/%D8%A7%D9%84%D8%A8%D9%86%D9%82%D9%84%D8%A9
http://www.wikidata.org/entity/Q241767	ar	بلاسينثيا		Q515	city	65	https://ar.wikipedia.org/wiki/%D8%A8%D9%84%D8%A7%D8%B3%D9%8A%D9%86%D8%AB%D9%8A%D8%A7
http://www.wikidata.org/entity/Q242	ar	بليز	دولة في أمريكا الوسطى	Q6256	country	279	https://ar.wikipedia.org/wiki/%D8%A8%D9%84%D9%8A%D8%B2
http://www.wikidata.org/entity/Q242144	ar	بهيلاي	مستوطنة في الهند	Q515	city	61	https://ar.wikipedia.org/wiki/%D8%A8%D9%87%D9%8A%D9%84%D8%A7%D9%8A
http://www.wikidata.org/entity/Q242497	ar	تريمبلي أون فرنسا	بلدية في سين وواز، فرنسا	Q515	city	55	https://ar.wikipedia.org/wiki/%D8%AA%D8%B1%D9%8A%D9%85%D8%A8%D9%84%D9%8A_%D8%A3%D9%88%D9%86_%D9%81%D8%B1%D8%A7%D9%86%D8%B3
http://www.wikidata.org/entity/Q242587	ar	أبشي	مدينة في تشاد	Q515	city	59	https://ar.wikipedia.org/wiki/%D8%A3%D8%A8%D8%B4%D9%8A
http://www.wikidata.org/entity/Q2428476	ar	مودولا		Q9143	programming language	17	https://ar.wikipedia.org/wiki/%D9%85%D9%88%D8%AF%D9%88%D9%84%D8%A7_(%D9%84%D8%BA%D8%A9_%D8%A8%D8%B1%D9%85%D8%AC%D8%A9)
http://www.wikidata.org/entity/Q242895	ar	سَهَارَنبور	مدينة في ولاية اترا براديش	Q515	city	58	https://ar.wikipedia.org/wiki/%D8%B3%D9%87%D8%A7%D8%B1%D9%86%D8%A8%D9%88%D8%B1
http://www.wikidata.org/entity/Q242898	ar	جيسلمير	مستوطنة بشرية	Q515	city	67	https://ar.wikipedia.org/wiki/%D8%AC%D9%8A%D8%B3%D9%84%D9%85%D9%8A%D8%B1
http://www.wikidata.org/entity/Q242992	ar	بهافا نجر	مستوطنة في الهند	Q515	city	58	https://ar.wikipedia.org/wiki/%D8%A8%D9%87%D8%A7%D9%81%D8%A7_%D9%86%D8%AC%D8%B1
http://www.wikidata.org/entity/Q242995	ar	جانسى	مستوطنة في الهند	Q515	city	73	https://ar.wikipedia.org/wiki/%D8%AC%D8%A7%D9%86%D8%B3%D9%8A
http://www.wikidata.org/entity/Q243319	ar	موروغورو		Q515	city	60	https://ar.wikipedia.org/wiki/%D9%85%D9%88%D8%B1%D9%88%D8%BA%D9%88%D8%B1%D9%88
http://www.wikidata.org/entity/Q243322	ar	كوجرانواله	مدينة في البنجاب الباكستانية	Q515	city	68	https://ar.wikipedia.org/wiki/%D9%83%D9%88%D8%AC%D8%B1%D8%A7%D9%86%D9%88%D8%A7%D9%84%D9%87
http://www.wikidata.org/entity/Q243325	ar	خولنا	مدينة في بنغلاديش	Q515	city	64	https://ar.wikipedia.org/wiki/%D9%83%D9%87%D9%84%D9%86%D8%A7
http://www.wikidata.org/entity/Q243699	ar	رشيد	مدينة مصرية في محافظة البحيرة	Q515	city	56	https://ar.wikipedia.org/wiki/%D8%B1%D8%B4%D9%8A%D8%AF
http://www.wikidata.org/entity/Q2438046	ar	آرك (لغة برمجة)		Q9143	programming language	10	https://ar.wikipedia.org/wiki/%D8%A2%D8%B1%D9%83_(%D9%84%D8%BA%D8%A9_%D8%A8%D8%B1%D9%85%D8%AC%D8%A9)
http://www.wikidata.org/entity/Q243846	ar	الحلة	مدينة في العراق ومركز محافظة بابل	Q515	city	58	https://ar.wikipedia.org/wiki/%D8%A7%D9%84%D8%AD%D9%84%D8%A9
http://www.wikidata.org/entity/Q243859	ar	آبيكو	مدينة في محافظة تشيبا اليابانية	Q515	city	53	https://ar.wikipedia.org/wiki/%D8%A2%D8%A8%D9%8A%D9%83%D9%88_(%D8%AA%D8%B4%D9%8A%D8%A8%D8%A7)
http://www.wikidata.org/entity/Q244	ar	باربادوس	دولة جزرية في منطقة البحر الكاريبي	Q6256	country	275	https://ar.wikipedia.org/wiki/%D8%A8%D8%B1%D8%A8%D8%A7%D8%AF%D9%88%D8%B3
http://www.wikidata.org/entity/Q244004	ar	سطيف	بلدية جزائرية	Q515	city	69	https://ar.wikipedia.org/wiki/%D8%B3%D8%B7%D9%8A%D9%81
http://www.wikidata.org/entity/Q244139	ar	بينار ديل ريو	مدينة في كوبا	Q515	city	58	https://ar.wikipedia.org/wiki/%D8%A8%D9%8A%D9%86%D8%A7%D8%B1_%D8%AF%D9%8A%D9%84_%D8%B1%D9%8A%D9%88
http://www.wikidata.org/entity/Q244154	ar	هولغوين	مدينة في كوبا	Q515	city	62	https://ar.wikipedia.org/wiki/%D9%87%D9%88%D9%84%D8%BA%D9%88%D9%8A%D9%86
http://www.wikidata.org/entity/Q244159	ar	دانباد	مستوطنة في الهند	Q515	city	66	https://ar.wikipedia.org/wiki/%D8%AF%D8%A7%D9%86%D8%A8%D8%A7%D8%AF
http://www.wikidata.org/entity/Q244236	ar	قابالا	مدينة أذربيجانية	Q515	city	54	https://ar.wikipedia.org/wiki/%D9%82%D8%A7%D8%A8%D8%A7%D9%84%D8%A7
http://www.wikidata.org/entity/Q244509	ar	كيغوما		Q515	city	56	https://ar.wikipedia.org/wiki/%D9%83%D9%8A%D8%BA%D9%88%D9%85%D8%A7
http://www.wikidata.org/entity/Q2445129	ar	لغة كوباشية	لغة يُتحدث بها في داغستان كانت تستخدم الأبجدية العربية قبل الغزو الروسي ونقل الكتابة للروسية	Q34770	language	17	https://ar.wikipedia.org/wiki/%D9%84%D8%BA%D8%A9_%D9%83%D9%88%D8%A8%D8%A7%D8%B4%D9%8A%D8%A9
http://www.wikidata.org/entity/Q244627	ar	برين فاك	لغة برمجة غير إعتيادية	Q9143	programming language	49	https://ar.wikipedia.org/wiki/%D8%A8%D8%B1%D9%8A%D9%86_%D9%81%D8%A7%D9%83
http://www.wikidata.org/entity/Q244747	ar	تطيلة		Q515	city	60	https://ar.wikipedia.org/wiki/%D8%AA%D8%B7%D9%8A%D9%84%D8%A9
http://www.wikidata.org/entity/Q244898	ar	تايبيه الجديدة	مدينة إداية ضمن عاصمة تايوان تايبيه	Q515	city	76	https://ar.wikipedia.org/wiki/%D8%AA%D8%A7%D9%8A%D8%A8%D9%8A%D9%87_%D8%A7%D9%84%D8%AC%D8%AF%D9%8A%D8%AF%D8%A9
http://www.wikidata.org/entity/Q2449	ar	مقديشو	عاصمة الصومال	Q515	city	170	https://ar.wikipedia.org/wiki/%D9%85%D9%82%D8%AF%D9%8A%D8%B4%D9%88
http://www.wikidata.org/entity/Q245023	ar	تاي شانغ	مدينة تقع في غرب تايوان	Q515	city	79	https://ar.wikipedia.org/wiki/%D8%AA%D8%A7%D9%8A_%D8%B4%D8%A7%D9%86%D8%BA
http://www.wikidata.org/entity/Q2453446	ar	أكاديمية أوستروغ	جامعة في أوستروغ، أوكرانيا	Q3918	university	25	https://ar.wikipedia.org/wiki/%D8%A3%D9%83%D8%A7%D8%AF%D9%8A%D9%85%D9%8A%D8%A9_%D8%A3%D9%88%D8%B3%D8%AA%D8%B1%D9%88%D8%BA
http://www.wikidata.org/entity/Q2467	ar	ناساو	عاصمة جزر بهاماس	Q515	city	141	https://ar.wikipedia.org/wiki/%D9%86%D8%A7%D8%B3%D8%A7%D9%88
http://www.wikidata.org/entity/Q2471	ar	صنعاء	عاصمة اليمن وواحدة من أقدم المدن المأهولة بالسكان باستمرار منذ أكثر من 2500 عام	Q515	city	171	https://ar.wikipedia.org/wiki/%D8%B5%D9%86%D8%B9%D8%A7%D8%A1
http://www.wikidata.org/entity/Q24815	ar	المواطن كين	فيلم أُصدر سنة 1941، من إخراج أورسن ويلز	Q11424	film	83	https://ar.wikipedia.org/wiki/%D8%A7%D9%84%D9%85%D9%88%D8%A7%D8%B7%D9%86_%D9%83%D9%8A%D9%86
http://www.wikidata.org/entity/Q24826	ar	ليفربول	مدينة في إنجلترا	Q515	city	181	https://ar.wikipedia.org/wiki/%D9%84%D9%8A%D9%81%D8%B1%D8%A8%D9%88%D9%84
http://www.wikidata.org/entity/Q24871	ar	أفاتار	فيلم أُصدر سنة 2009، من إخراج جيمس كاميرون	Q11424	film	122	https://ar.wikipedia.org/wiki/%D8%A3%D9%81%D8%A7%D8%AA%D8%A7%D8%B1_(%D9%81%D9%84%D9%85_2009)
http://www.wikidata.org/entity/Q24909565	ar	سوليديتي (لغة برمجة)		Q9143	programming language	18	https://ar.wikipedia.org/wiki/%D8%B3%D9%88%D9%84%D9%8A%D8%AF%D9%8A%D8%AA%D9%8A_(%D9%84%D8%BA%D8%A9_%D8%A8%D8%B1%D9%85%D8%AC%D8%A9)
http://www.wikidata.org/entity/Q24912301	ar	تيمائية		Q34770	language	5	https://ar.wikipedia.org/wiki/%D8%AA%D9%8A%D9%85%D8%A7%D8%A6%D9%8A%D8%A9
http://www.wikidata.org/entity/Q2495760	ar	جامعة ولاية ميناس جيرايس	جامعة في بيلو هوريزونتي، البرازيل	Q3918	university	102	https://ar.wikipedia.org/wiki/%D8%AC%D8%A7%D9%85%D8%B9%D8%A9_%D9%88%D9%84%D8%A7%D9%8A%D8%A9_%D9%85%D9%8A%D9%86%D8%A7%D8%B3_%D8%AC%D9%8A%D8%B1%D8%A7%D9%8A%D8%B3
http://www.wikidata.org/entity/Q2496046	ar	جامعة دوبروفنيك	جامعة في دوبروفنيك، كرواتيا	Q3918	university	21	https://ar.wikipedia.org/wiki/%D8%AC%D8%A7%D9%85%D8%B9%D8%A9_%D8%AF%D9%88%D8%A8%D8%B1%D9%88%D9%81%D9%86%D9%8A%D9%83
http://www.wikidata.org/entity/Q2496233	ar	جامعة زادار	جامعة في زادار، كرواتيا	Q3918	university	25	https://ar.wikipedia.org/wiki/%D8%AC%D8%A7%D9%85%D8%B9%D8%A9_%D8%B2%D8%A7%D8%AF%D8%A7%D8%B1
http://www.wikidata.org/entity/Q249884	ar	سان بيير	بلدية في فرنسا	Q515	city	58	https://ar.wikipedia.org/wiki/%D8%B3%D8%A7%D9%86_%D8%A8%D9%8A%D9%8A%D8%B1
http://www.wikidata.org/entity/Q249994	ar	سين شو	مدينة في تايوان	Q515	city	56	https://ar.wikipedia.org/wiki/%D8%B3%D9%8A%D9%86_%D8%B4%D9%88
http://www.wikidata.org/entity/Q249996	ar	كيلونغ	مدينة في تايوان من ضواحي العاصمة تايبيه	Q515	city	52	https://ar.wikipedia.org/wiki/%D9%83%D9%8A%D9%84%D9%88%D9%86%D8%BA
http://www.wikidata.org/entity/Q2501174	ar	جورونتالو	لغة سولاويزي الشمالية	Q34770	language	34	https://ar.wikipedia.org/wiki/%D9%84%D8%BA%D8%A9_%D8%BA%D9%88%D8%B1%D9%88%D9%86%D8%AA%D8%A7%D9%84%D9%88
http://www.wikidata.org/entity/Q25035641	ar	لغة مندواي		Q34770	language	3	https://ar.wikipedia.org/wiki/%D9%84%D8%BA%D8%A9_%D9%85%D9%86%D8%AF%D9%88%D8%A7%D9%8A
http://www.wikidata.org/entity/Q2503809	ar	جامعة كينغستون	جامعة في كينغستون، المملكة المتحدة	Q3918	university	28	https://ar.wikipedia.org/wiki/%D8%AC%D8%A7%D9%85%D8%B9%D8%A9_%D9%83%D9%8A%D9%86%D8%BA%D8%B3%D8%AA%D9%88%D9%86
http://www.wikidata.org/entity/Q25044405	ar	لغة الإشارة لبابوا غينيا الجديدة		Q34770	language	10	
http://www.wikidata.org/entity/Q251	ar	جافا	لغة برمجة كائنية التوجه	Q9143	programming language	158	https://ar.wikipedia.org/wiki/%D8%AC%D8%A7%D9%81%D8%A7_(%D9%84%D8%BA%D8%A9_%D8%A8%D8%B1%D9%85%D8%AC%D8%A9)
http://www.wikidata.org/entity/Q25110469	ar	العربية قبل الكلاسيكية		Q34770	language	2	
http://www.wikidata.org/entity/Q251329	ar	غايا		Q515	city	71	https://ar.wikipedia.org/wiki/%D8%BA%D8%A7%D9%8A%D8%A7_(%D8%A7%D9%84%D9%87%D9%86%D8%AF)
http://www.wikidata.org/entity/Q25164	ar	ني نوشك		Q34770	language	90	https://ar.wikipedia.org/wiki/%D9%86%D9%8A%D9%86%D9%88%D8%B4%D9%83
http://www.wikidata.org/entity/Q25167	ar	بوكمول		Q34770	language	90	https://ar.wikipedia.org/wiki/%D8%A8%D9%88%D9%83%D9%85%D9%88%D9%84
http://www.wikidata.org/entity/Q251678	ar	آيشاخ	بلدة ألمانية	Q515	city	62	https://ar.wikipedia.org/wiki/%D8%A2%D9%8A%D8%B4%D8%A7%D8%AE
http://www.wikidata.org/entity/Q25188	ar	استهلال	فيلم أُصدر سنة 2010، من إخراج كريستوفر نولان	Q11424	film	97	https://ar.wikipedia.org/wiki/%D8%A7%D8%B3%D8%AA%D9%87%D9%84%D8%A7%D9%84_(%D9%81%D9%84%D9%85)
http://www.wikidata.org/entity/Q252	ar	إندونيسيا	دولة عابرة للقارات تقع في جنوب شرق آسيا و في أوقيانوسيا	Q6256	country	362	https://ar.wikipedia.org/wiki/%D8%A5%D9%86%D8%AF%D9%88%D9%86%D9%8A%D8%B3%D9%8A%D8%A7
http://www.wikidata.org/entity/Q252349	ar	بافارية قديمة		Q34770	language	3	https://ar.wikipedia.org/wiki/%D8%A8%D8%A7%D9%81%D8%A7%D8%B1%D9%8A%D8%A9_%D9%82%D8%AF%D9%8A%D9%85%D8%A9
http://www.wikidata.org/entity/Q25258	ar	الفاروية		Q34770	language	134	https://ar.wikipedia.org/wiki/%D8%A7%D9%84%D9%84%D8%BA%D8%A9_%D8%A7%D9%84%D9%81%D8%A7%D8%B1%D9%88%D9%8A%D8%A9
http://www.wikidata.org/entity/Q25270	ar	برشتينة	عاصمة كوسوفو وأكبر مدنها	Q515	city	156	https://ar.wikipedia.org/wiki/%D8%A8%D8%B1%D9%8A%D8%B4%D8%AA%D9%8A%D9%86%D8%A7
http://www.wikidata.org/entity/Q25279	ar	كوراساو	إحدى جزر البحر الكاريبي تابعة لهولندا	Q6256	country	165	https://ar.wikipedia.org/wiki/%D9%83%D9%88%D8%B1%D8%A7%D8%B3%D8%A7%D9%88
http://www.wikidata.org/entity/Q25282	ar	دا نانغ	مدينة فيتنامية	Q515	city	138	https://ar.wikipedia.org/wiki/%D8%AF%D8%A7_%D9%86%D8%A7%D9%86%D8%BA
http://www.wikidata.org/entity/Q25286	ar	أبسالة	مدينة في السويد	Q515	city	138	https://ar.wikipedia.org/wiki/%D8%A3%D9%88%D8%A8%D8%B3%D8%A7%D9%84%D8%A7
http://www.wikidata.org/entity/Q2529518	ar	جامعة طرابلس	جامعة في طرابلس، ليبيا	Q3918	university	21	https://ar.wikipedia.org/wiki/%D8%AC%D8%A7%D9%85%D8%B9%D8%A9_%D8%B7%D8%B1%D8%A7%D8%A8%D9%84%D8%B3
http://www.wikidata.org/entity/Q2531629	ar	جامعة فيرونا	جامعة في فيرونا، إيطاليا	Q3918	university	21	https://ar.wikipedia.org/wiki/%D8%AC%D8%A7%D9%85%D8%B9%D8%A9_%D9%81%D9%8A%D8%B1%D9%88%D9%86%D8%A7
http://www.wikidata.org/entity/Q25390	ar	ليوواردن		Q515	city	107	https://ar.wikipedia.org/wiki/%D9%84%D9%8A%D9%88%D9%88%D8%A7%D8%B1%D8%AF%D9%86
http://www.wikidata.org/entity/Q25409	ar	كوشيتسه	ثاني أكبر مدينة في سلوفاكيا	Q515	city	108	https://ar.wikipedia.org/wiki/%D9%83%D9%88%D8%B4%D9%8A%D8%AA%D8%B3%D9%87
http://www.wikidata.org/entity/Q25442	ar	لغات صوربية	مجموعة لغات في ألمانيا	Q34770	language	82	https://ar.wikipedia.org/wiki/%D8%A7%D9%84%D9%84%D8%BA%D8%A7%D8%AA_%D8%A7%D9%84%D8%B5%D9%88%D8%B1%D8%A8%D9%8A%D8%A9
http://www.wikidata.org/entity/Q25475	ar	باطوم	من أكبر مدن جورجيا	Q515	city	120	https://ar.wikipedia.org/wiki/%D8%A8%D8%A7%D8%B7%D9%88%D9%85
http://www.wikidata.org/entity/Q255455	ar	جمون	مدينة في إقليم جمون وكشمير	Q515	city	68	https://ar.wikipedia.org/wiki/%D8%AC%D9%85%D9%88%D9%86
http://www.wikidata.org/entity/Q25559652	ar	سكاكيت	لغة	Q34770	language	1	
http://www.wikidata.org/entity/Q25559662	ar	سنوهوميش	لغة	Q34770	language	1	
http://www.wikidata.org/entity/Q2567934	ar	لغة فيدا		Q34770	language	18	https://ar.wikipedia.org/wiki/%D9%84%D8%BA%D8%A9_%D9%81%D9%8A%D8%AF%D8%A7
http://www.wikidata.org/entity/Q25797	ar	جيلينا	بلدية في سلوفاكيا	Q515	city	87	https://ar.wikipedia.org/wiki/%D8%AC%D9%8A%D9%84%D9%8A%D9%86%D8%A7
http://www.wikidata.org/entity/Q258	ar	جنوب إفريقيا	دولة في جنوب إفريقيا	Q6256	country	365	https://ar.wikipedia.org/wiki/%D8%AC%D9%86%D9%88%D8%A8_%D8%A5%D9%81%D8%B1%D9%8A%D9%82%D9%8A%D8%A7
http://www.wikidata.org/entity/Q25804	ar	تروندهايم	مدينة نرويجية	Q515	city	125	https://ar.wikipedia.org/wiki/%D8%AA%D8%B1%D9%88%D9%86%D8%AF%D9%87%D8%A7%D9%8A%D9%85
http://www.wikidata.org/entity/Q2586893	ar	لغة باثارية		Q34770	language	20	https://ar.wikipedia.org/wiki/%D8%A7%D9%84%D9%84%D8%BA%D8%A9_%D8%A7%D9%84%D8%A8%D8%B7%D8%AD%D8%B1%D9%8A%D8%A9
http://www.wikidata.org/entity/Q25953	ar	لغة فرثية		Q34770	language	50	https://ar.wikipedia.org/wiki/%D9%84%D8%BA%D8%A9_%D9%81%D8%B1%D8%AB%D9%8A%D8%A9
http://www.wikidata.org/entity/Q26040	ar	بوروس		Q515	city	80	https://ar.wikipedia.org/wiki/%D8%A8%D9%88%D8%B1%D9%88%D8%B3_(%D8%A7%D9%84%D8%B3%D9%88%D9%8A%D8%AF)
http://www.wikidata.org/entity/Q260911	ar	تشيكلايو		Q515	city	67	https://ar.wikipedia.org/wiki/%D8%AA%D8%B4%D9%8A%D9%83%D9%84%D8%A7%D9%8A%D9%88
http://www.wikidata.org/entity/Q261076	ar	مرغلان	مدينة أوزبكية	Q515	city	54	https://ar.wikipedia.org/wiki/%D9%85%D8%B1%D8%BA%D9%84%D8%A7%D9%86
http://www.wikidata.org/entity/Q26119	ar	بريشوف	بلدية في سلوفاكيا	Q515	city	88	https://ar.wikipedia.org/wiki/%D8%A8%D8%B1%D9%8A%D8%B4%D9%88%D9%81
http://www.wikidata.org/entity/Q261243	ar	دمانيسي	موقع أثري في جورجيا	Q515	city	51	https://ar.wikipedia.org/wiki/%D8%AF%D9%85%D8%A7%D9%86%D9%8A%D8%B3%D9%8A
http://www.wikidata.org/entity/Q26155	ar	جونيه	قاعدة محافظة كسروان جبيل	Q515	city	51	https://ar.wikipedia.org/wiki/%D8%AC%D9%88%D9%86%D9%8A%D9%87
http://www.wikidata.org/entity/Q26175	ar	ترنافا	بلدية في سلوفاكيا	Q515	city	88	https://ar.wikipedia.org/wiki/%D8%AA%D8%B1%D9%86%D8%A7%D9%81%D8%A7
http://www.wikidata.org/entity/Q2618974	ar	اللغة النوية		Q34770	language	22	https://ar.wikipedia.org/wiki/%D8%A7%D9%84%D9%84%D8%BA%D8%A9_%D8%A7%D9%84%D9%86%D9%88%D9%8A%D8%A9
http://www.wikidata.org/entity/Q262	ar	الجزائر	دولة في شمال إفريقيا	Q6256	country	373	https://ar.wikipedia.org/wiki/%D8%A7%D9%84%D8%AC%D8%B2%D8%A7%D8%A6%D8%B1
http://www.wikidata.org/entity/Q26234	ar	إيسبيرغ	مدينة في جنوب غرب الدنمارك	Q515	city	85	https://ar.wikipedia.org/wiki/%D8%A5%D9%8A%D8%B3%D8%A8%D9%8A%D8%B1%D8%BA
http://www.wikidata.org/entity/Q262579	ar	قرمان	مدينة تركية	Q515	city	78	https://ar.wikipedia.org/wiki/%D9%82%D8%B1%D9%85%D8%A7%D9%86
http://www.wikidata.org/entity/Q26268	ar	لوليو		Q515	city	90	https://ar.wikipedia.org/wiki/%D9%84%D9%88%D9%84%D9%8A%D9%88
http://www.wikidata.org/entity/Q26273	ar	سينت مارتن		Q6256	country	125	https://ar.wikipedia.org/wiki/%D8%B3%D9%8A%D9%86%D8%AA_%D9%85%D8%A7%D8%B1%D8%AA%D9%86
http://www.wikidata.org/entity/Q262854	ar	جامعة لانكستر	جامعة في لانكاستر، لانكشاير، المملكة المتحدة	Q3918	university	36	https://ar.wikipedia.org/wiki/%D8%AC%D8%A7%D9%85%D8%B9%D8%A9_%D9%84%D8%A7%D9%86%D9%83%D8%B3%D8%AA%D8%B1
http://www.wikidata.org/entity/Q2630324	ar	لغة التجميع عالية المستوى		Q9143	programming language	13	https://ar.wikipedia.org/wiki/%D9%84%D8%BA%D8%A9_%D8%A7%D9%84%D8%AA%D8%AC%D9%85%D9%8A%D8%B9_%D8%B9%D8%A7%D9%84%D9%8A%D8%A9_%D8%A7%D9%84%D9%85%D8%B3%D8%AA%D9%88%D9%89
http://www.wikidata.org/entity/Q2634	ar	نابولي	مدينة إيطالية وعاصمة إقليم كامبانيا	Q515	city	205	https://ar.wikipedia.org/wiki/%D9%86%D8%A7%D8%A8%D9%88%D9%84%D9%8A
http://www.wikidata.org/entity/Q263544	ar	اللغة الوسيطة العامة		Q9143	programming language	27	https://ar.wikipedia.org/wiki/%D8%A7%D9%84%D9%84%D8%BA%D8%A9_%D8%A7%D9%84%D9%88%D8%B3%D9%8A%D8%B7%D8%A9_%D8%A7%D9%84%D8%B9%D8%A7%D9%85%D8%A9
http://www.wikidata.org/entity/Q26393	ar	بوبراد	بلدية في سلوفاكيا	Q515	city	76	https://ar.wikipedia.org/wiki/%D8%A8%D9%88%D8%A8%D8%B1%D8%A7%D8%AF
http://www.wikidata.org/entity/Q26397	ar	نيترا	بلدية في سلوفاكيا	Q515	city	86	https://ar.wikipedia.org/wiki/%D9%86%D9%8A%D8%AA%D8%B1%D8%A7
http://www.wikidata.org/entity/Q26421	ar	دوردريخت	بلدية في جنوب هولندا، هولندا	Q515	city	93	https://ar.wikipedia.org/wiki/%D8%AF%D9%88%D8%B1%D8%AF%D8%B1%D9%8A%D8%AE%D8%AA
http://www.wikidata.org/entity/Q26432	ar	زوترمير	بلدية في جنوب هولندا، هولندا	Q515	city	77	https://ar.wikipedia.org/wiki/%D8%B2%D9%88%D8%AA%D8%B1%D9%85%D9%8A%D8%B1
http://www.wikidata.org/entity/Q265	ar	أوزبكستان	دولة في آسيا الوسطى	Q6256	country	307	https://ar.wikipedia.org/wiki/%D8%A3%D9%88%D8%B2%D8%A8%D9%83%D8%B3%D8%AA%D8%A7%D9%86
http://www.wikidata.org/entity/Q26521	ar	هالمستاد		Q515	city	86	https://ar.wikipedia.org/wiki/%D9%87%D8%A7%D9%84%D9%85%D8%B3%D8%AA%D8%A7%D8%AF
http://www.wikidata.org/entity/Q2656	ar	باليرمو	مدينة إيطالية وعاصمة صقلية	Q515	city	174	https://ar.wikipedia.org/wiki/%D8%A8%D8%A7%D9%84%D9%8A%D8%B1%D9%85%D9%88
http://www.wikidata.org/entity/Q26563	ar	روسكيلدا		Q515	city	83	https://ar.wikipedia.org/wiki/%D8%B1%D9%88%D8%B3%D9%83%D9%8A%D9%84%D8%AF%D8%A7
http://www.wikidata.org/entity/Q26569	ar	زحلة	مدينة لبنانية في محافظة البقاع	Q515	city	60	https://ar.wikipedia.org/wiki/%D8%B2%D8%AD%D9%84%D8%A9
http://www.wikidata.org/entity/Q2658244	ar	إي	لغة برمجة	Q9143	programming language	10	https://ar.wikipedia.org/wiki/%D8%A5%D9%8A_(%D9%84%D8%BA%D8%A9_%D8%A8%D8%B1%D9%85%D8%AC%D8%A9)
http://www.wikidata.org/entity/Q266417	ar	لغة كالاوايا	لغة سريّة ومهددة بالانقراض في بوليفيا	Q34770	language	22	https://ar.wikipedia.org/wiki/%D9%84%D8%BA%D8%A9_%D9%83%D8%A7%D9%84%D8%A7%D9%88%D8%A7%D9%8A%D8%A7
http://www.wikidata.org/entity/Q266896	ar	آستارا		Q515	city	51	https://ar.wikipedia.org/wiki/%D8%A3%D8%B3%D8%AA%D8%A7%D8%B1%D8%A7_(%D8%A3%D8%B0%D8%B1%D8%A8%D9%8A%D8%AC%D8%A7%D9%86)
http://www.wikidata.org/entity/Q2669219	ar	لغة غوندياندي		Q34770	language	13	https://ar.wikipedia.org/wiki/%D9%84%D8%BA%D8%A9_%D8%BA%D9%88%D9%86%D8%AF%D9%8A%D8%A7%D9%86%D8%AF%D9%8A
http://www.wikidata.org/entity/Q2671999	ar	دراكون		Q9143	programming language	14	https://ar.wikipedia.org/wiki/%D8%AF%D8%B1%D8%A7%D9%83%D9%88%D9%86
http://www.wikidata.org/entity/Q26793	ar	برغن	ثاني أكبر مدينة في النرويج	Q515	city	145	https://ar.wikipedia.org/wiki/%D8%A8%D8%B1%D8%BA%D9%86
http://www.wikidata.org/entity/Q2683	ar	بارما	مدينة إيطالية	Q515	city	123	https://ar.wikipedia.org/wiki/%D8%A8%D8%A7%D8%B1%D9%85%D8%A7
http://www.wikidata.org/entity/Q26881	ar	هيليسينكور		Q515	city	81	https://ar.wikipedia.org/wiki/%D9%87%D9%8A%D9%84%D9%8A%D8%B3%D9%8A%D9%86%D9%83%D9%88%D8%B1
http://www.wikidata.org/entity/Q26898358	ar	جوان Joanne	ألبوم من أداء ليدي غاغا	Q482994	album	42	https://ar.wikipedia.org/wiki/%D8%AC%D9%88%D8%A7%D9%86_(%D8%A3%D9%84%D8%A8%D9%88%D9%85)
http://www.wikidata.org/entity/Q269	ar	طشقند	عاصمة ولاية طشقند وأوزبكستان	Q515	city	192	https://ar.wikipedia.org/wiki/%D8%B7%D8%B4%D9%82%D9%86%D8%AF
http://www.wikidata.org/entity/Q26906	ar	سيوداد بوليفار		Q515	city	60	https://ar.wikipedia.org/wiki/%D8%B3%D9%8A%D9%88%D8%AF%D8%A7%D8%AF_%D8%A8%D9%88%D9%84%D9%8A%D9%81%D8%A7%D8%B1
http://www.wikidata.org/entity/Q26937	ar	كريستيانستاد		Q515	city	65	https://ar.wikipedia.org/wiki/%D9%83%D8%B1%D9%8A%D8%B3%D8%AA%D9%8A%D8%A7%D9%86%D8%B3%D8%AA%D8%A7%D8%AF
http://www.wikidata.org/entity/Q26988	ar	جزر كوك	دولة جزرية تقع في بولينيزيا	Q6256	country	186	https://ar.wikipedia.org/wiki/%D8%AC%D8%B2%D8%B1_%D9%83%D9%88%D9%83
http://www.wikidata.org/entity/Q269899	ar	أمرافاتي	مستوطنة في الهند	Q515	city	66	https://ar.wikipedia.org/wiki/%D8%A3%D9%85%D8%B1%D8%A7%D9%81%D8%A7%D8%AA%D9%8A
http://www.wikidata.org/entity/Q269960	ar	شبرا الخيمة	مدينة مصرية في محافظة القليوبية شمال القاهرة	Q515	city	53	https://ar.wikipedia.org/wiki/%D8%B4%D8%A8%D8%B1%D8%A7_%D8%A7%D9%84%D8%AE%D9%8A%D9%85%D8%A9
http://www.wikidata.org/entity/Q269980	ar	نيوري		Q515	city	62	https://ar.wikipedia.org/wiki/%D9%86%D9%8A%D9%88%D8%B1%D9%8A
http://www.wikidata.org/entity/Q27	ar	جمهورية أيرلندا	دولة في شمال غرب أوروبا	Q6256	country	339	https://ar.wikipedia.org/wiki/%D8%AC%D9%85%D9%87%D9%88%D8%B1%D9%8A%D8%A9_%D8%A3%D9%8A%D8%B1%D9%84%D9%86%D8%AF%D8%A7
http://www.wikidata.org/entity/Q270	ar	وارسو	عاصمة بولندا	Q515	city	287	https://ar.wikipedia.org/wiki/%D9%88%D8%A7%D8%B1%D8%B3%D9%88
http://www.wikidata.org/entity/Q27001	ar	مارتن	بلدية في مقاطعة مارتن، سلوفاكيا	Q515	city	71	https://ar.wikipedia.org/wiki/%D9%85%D8%A7%D8%B1%D8%AA%D9%86_(%D8%B3%D9%84%D9%88%D9%81%D8%A7%D9%83%D9%8A%D8%A7)
http://www.wikidata.org/entity/Q270041	ar	الحديدة	مدينة يمنية	Q515	city	63	https://ar.wikipedia.org/wiki/%D8%A7%D9%84%D8%AD%D8%AF%D9%8A%D8%AF%D8%A9
http://www.wikidata.org/entity/Q270176	ar	بيلغام	مستوطنة في الهند	Q515	city	66	https://ar.wikipedia.org/wiki/%D8%A8%D9%84%D8%AC%D8%A7%D9%88%D9%85
http://www.wikidata.org/entity/Q270222	ar	جامعة ميشيغان الحكومية		Q3918	university	49	https://ar.wikipedia.org/wiki/%D8%AC%D8%A7%D9%85%D8%B9%D8%A9_%D9%85%D9%8A%D8%B4%D9%8A%D8%BA%D8%A7%D9%86_%D8%A7%D9%84%D8%AD%D9%83%D9%88%D9%85%D9%8A%D8%A9
http://www.wikidata.org/entity/Q2704	ar	بسكارا	كومونا	Q515	city	106	https://ar.wikipedia.org/wiki/%D8%A8%D8%B3%D9%83%D8%A7%D8%B1%D8%A7
http://www.wikidata.org/entity/Q270535	ar	تكفارشيلي	مدينة في جورجيا	Q515	city	51	https://ar.wikipedia.org/wiki/%D8%AA%D9%83%D9%81%D8%A7%D8%B1%D8%B4%D9%8A%D9%84%D9%8A
http://www.wikidata.org/entity/Q270734	ar	بروكن هيل	محلية في نيوساوث ويلز، أستراليا	Q515	city	51	https://ar.wikipedia.org/wiki/%D8%A8%D8%B1%D9%88%D9%83%D9%86_%D9%87%D9%8A%D9%84
http://www.wikidata.org/entity/Q2707343	ar	سيبات بيت الجوراجي (لغة)		Q34770	language	13	https://ar.wikipedia.org/wiki/%D8%B3%D9%8A%D8%A8%D8%A7%D8%AA_%D8%A8%D9%8A%D8%AA_%D8%A7%D9%84%D8%AC%D9%88%D8%B1%D8%A7%D8%AC%D9%8A_(%D9%84%D8%BA%D8%A9)
http://www.wikidata.org/entity/Q270821	ar	بعقوبة	مدينة عراقية	Q515	city	54	https://ar.wikipedia.org/wiki/%D8%A8%D8%B9%D9%82%D9%88%D8%A8%D8%A9
http://www.wikidata.org/entity/Q27116	ar	فايله		Q515	city	75	https://ar.wikipedia.org/wiki/%D9%81%D8%A7%D9%8A%D9%84%D9%87
http://www.wikidata.org/entity/Q27119	ar	كولدنغ	مدينة دنماركية	Q515	city	72	https://ar.wikipedia.org/wiki/%D9%83%D9%88%D9%84%D8%AF%D9%86%D8%BA
http://www.wikidata.org/entity/Q2712572	ar	عبرية العصور الوسطى		Q34770	language	14	https://ar.wikipedia.org/wiki/%D8%B9%D8%A8%D8%B1%D9%8A%D8%A9_%D8%A7%D9%84%D8%B9%D8%B5%D9%88%D8%B1_%D8%A7%D9%84%D9%88%D8%B3%D8%B7%D9%89
http://www.wikidata.org/entity/Q27168	ar	راندرس		Q515	city	68	https://ar.wikipedia.org/wiki/%D8%B1%D8%A7%D9%86%D8%AF%D8%B1%D8%B3
http://www.wikidata.org/entity/Q271771	ar	طنطا	مدينة مصرية، عاصمة محافظة الغربية	Q515	city	64	https://ar.wikipedia.org/wiki/%D8%B7%D9%86%D8%B7%D8%A7
http://www.wikidata.org/entity/Q271911	ar	ديسبور	مستوطنة بشرية	Q515	city	74	https://ar.wikipedia.org/wiki/%D8%AF%D9%8A%D8%B3%D8%A8%D9%88%D8%B1
http://www.wikidata.org/entity/Q2719893	ar	جاوندو		Q34770	language	13	https://ar.wikipedia.org/wiki/%D8%AC%D8%A7%D9%88%D9%86%D8%AF%D9%88
http://www.wikidata.org/entity/Q2723670	ar	جامعة عين شمس	جامعة حكومية في مصر	Q3918	university	31	https://ar.wikipedia.org/wiki/%D8%AC%D8%A7%D9%85%D8%B9%D8%A9_%D8%B9%D9%8A%D9%86_%D8%B4%D9%85%D8%B3
http://www.wikidata.org/entity/Q272471	ar	ماتانزاس		Q515	city	65	https://ar.wikipedia.org/wiki/%D9%85%D8%A7%D8%AA%D8%A7%D9%86%D8%B2%D8%A7%D8%B3
http://www.wikidata.org/entity/Q27265	ar	جامعة زالتسبورغ	جامعة نمساوية	Q3918	university	32	https://ar.wikipedia.org/wiki/%D8%AC%D8%A7%D9%85%D8%B9%D8%A9_%D8%B2%D8%A7%D9%84%D8%AA%D8%B3%D8%A8%D9%88%D8%B1%D8%BA
http://www.wikidata.org/entity/Q272680	ar	بصرى	مدينة سورية	Q515	city	62	https://ar.wikipedia.org/wiki/%D8%A8%D8%B5%D8%B1%D9%89
http://www.wikidata.org/entity/Q272795	ar	تاكنا	مدينة في بيرو	Q515	city	60	https://ar.wikipedia.org/wiki/%D8%AA%D8%A7%D9%83%D9%86%D8%A7
http://www.wikidata.org/entity/Q273030	ar	هاريدوار	مستوطنة بشرية	Q515	city	71	https://ar.wikipedia.org/wiki/%D9%87%D8%A7%D8%B1%D9%8A%D8%AF%D9%88%D8%A7%D8%B1
http://www.wikidata.org/entity/Q2734	ar	سكرينفيتسه		Q515	city	52	https://ar.wikipedia.org/wiki/%D8%B3%D9%83%D8%B1%D9%8A%D9%86%D9%81%D9%8A%D8%AA%D8%B3%D9%87
http://www.wikidata.org/entity/Q273779	ar	سانت لويس	مدينة في السنغال	Q515	city	66	https://ar.wikipedia.org/wiki/%D8%B3%D8%A7%D9%86%D8%AA_%D9%84%D9%88%D9%8A%D8%B3_(%D8%A7%D9%84%D8%B3%D9%86%D8%BA%D8%A7%D9%84)
http://www.wikidata.org/entity/Q27393	ar	هرنينغ		Q515	city	63	https://ar.wikipedia.org/wiki/%D9%87%D8%B1%D9%86%D9%8A%D9%86%D8%BA
http://www.wikidata.org/entity/Q274120	ar	نيغارا فولز		Q515	city	58	https://ar.wikipedia.org/wiki/%D9%86%D9%8A%D8%A7%D8%AC%D8%A7%D8%B1%D8%A7_%D9%81%D9%88%D9%84%D8%B2_(%D8%A3%D9%88%D9%86%D8%AA%D8%A7%D8%B1%D9%8A%D9%88)
http://www.wikidata.org/entity/Q27425	ar	هيليرود		Q515	city	58	https://ar.wikipedia.org/wiki/%D9%87%D9%8A%D9%84%D9%8A%D8%B1%D9%88%D8%AF
http://www.wikidata.org/entity/Q2743297	ar	آرتبوب	ألبوم من أداء ليدي غاغا	Q482994	album	45	https://ar.wikipedia.org/wiki/%D8%A2%D8%B1%D8%AA%D8%A8%D9%88%D8%A8_(%D8%A3%D9%84%D8%A8%D9%88%D9%85)
http://www.wikidata.org/entity/Q27447	ar	اوديفالا		Q515	city	57	https://ar.wikipedia.org/wiki/%D8%A3%D9%88%D8%AF%D9%8A%D9%81%D8%A7%D9%84%D8%A7
http://www.wikidata.org/entity/Q27452	ar	فريكشهاون		Q515	city	53	https://ar.wikipedia.org/wiki/%D9%81%D8%BA%D9%8A%D8%AF%D8%B1%D9%8A%D9%83%D8%B3%D9%87%D8%A7%D9%88%D9%86
http://www.wikidata.org/entity/Q27480	ar	لغة إياك	لغة تاريخية منقرضة في أمريكا الشمالية	Q34770	language	40	https://ar.wikipedia.org/wiki/%D9%84%D8%BA%D8%A9_%D8%A5%D9%8A%D8%A7%D9%83
http://www.wikidata.org/entity/Q2751	ar	سيينا	مدينة وبلدية إيطالية تقع في إقليم توسكانا	Q515	city	128	https://ar.wikipedia.org/wiki/%D8%B3%D9%8A%D9%8A%D9%86%D8%A7
http://www.wikidata.org/entity/Q275131	ar	سكراتش	بيئة تعلم لغة البرمجة	Q9143	programming language	62	https://ar.wikipedia.org/wiki/%D8%B3%D9%83%D8%B1%D8%A7%D8%AA%D8%B4_(%D9%84%D8%BA%D8%A9_%D8%A8%D8%B1%D9%85%D8%AC%D8%A9)
http://www.wikidata.org/entity/Q275472	ar	فورث	لغة برمجة	Q9143	programming language	38	https://ar.wikipedia.org/wiki/%D9%81%D9%88%D8%B1%D8%AB_(%D9%84%D8%BA%D8%A9_%D8%A8%D8%B1%D9%85%D8%AC%D8%A9)
http://www.wikidata.org/entity/Q275635	ar	مصوع	مدينة ساحلية في أرتيريا	Q515	city	62	https://ar.wikipedia.org/wiki/%D9%85%D8%B5%D9%88%D8%B9
http://www.wikidata.org/entity/Q2759	ar	أوربينو	بلدية في مقاطعة بيزارو وأوربينو، إيطاليا	Q515	city	96	https://ar.wikipedia.org/wiki/%D8%A3%D8%B1%D8%A8%D9%8A%D9%86%D8%A9
http://www.wikidata.org/entity/Q2762100	ar	شمال نيقوسيا	عاصمة قبرص الشمالية	Q515	city	61	https://ar.wikipedia.org/wiki/%D8%B4%D9%85%D8%A7%D9%84_%D9%86%D9%8A%D9%82%D9%88%D8%B3%D9%8A%D8%A7
http://www.wikidata.org/entity/Q276537	ar	بورغارنيس		Q515	city	53	https://ar.wikipedia.org/wiki/%D8%A8%D9%88%D8%B1%D8%BA%D8%A7%D8%B1%D9%86%D9%8A%D8%B3
http://www.wikidata.org/entity/Q2766547	ar	سيرتوخيمبوس	بلدية هولندية في شمال برابنت	Q515	city	102	https://ar.wikipedia.org/wiki/%D8%B3%D9%8A%D8%B1%D8%AA%D9%88%D8%AE%D9%8A%D9%85%D8%A8%D9%88%D8%B3
http://www.wikidata.org/entity/Q27683	ar	الآتشيهية		Q34770	language	77	https://ar.wikipedia.org/wiki/%D8%A7%D9%84%D9%84%D8%BA%D8%A9_%D8%A7%D9%84%D8%A3%D8%AA%D8%B4%D9%8A%D9%87%D9%8A%D8%A9
http://www.wikidata.org/entity/Q277664	ar	جامعة تامبيري للتكنولوجيا	جامعة في تامبيري، فنلندا	Q3918	university	20	https://ar.wikipedia.org/wiki/%D8%AC%D8%A7%D9%85%D8%B9%D8%A9_%D8%AA%D8%A7%D9%85%D8%A8%D9%8A%D8%B1%D9%8A_%D9%84%D9%84%D8%AA%D9%83%D9%86%D9%88%D9%84%D9%88%D8%AC%D9%8A%D8%A7
http://www.wikidata.org/entity/Q277681	ar	جامعة سيملفيس	كلية بحوث طبية تقع في مدينة بودابست بالمجر	Q3918	university	20	https://ar.wikipedia.org/wiki/%D8%AC%D8%A7%D9%85%D8%B9%D8%A9_%D8%B3%D9%8A%D9%85%D9%84%D9%81%D9%8A%D8%B3
http://www.wikidata.org/entity/Q277710	ar	أ+	لغة برمجة	Q9143	programming language	23	https://ar.wikipedia.org/wiki/%D8%A3%2B_(%D9%84%D8%BA%D8%A9_%D8%A7%D9%84%D8%A8%D8%B1%D9%85%D8%AC%D8%A9)
http://www.wikidata.org/entity/Q278204	ar	نويدا	مستوطنة بشرية	Q515	city	63	https://ar.wikipedia.org/wiki/%D9%86%D9%88%D9%8A%D8%AF%D8%A7
http://www.wikidata.org/entity/Q279	ar	مُودِنة	كومونا	Q515	city	117	https://ar.wikipedia.org/wiki/%D9%85%D9%88%D8%AF%D9%86%D8%A9
http://www.wikidata.org/entity/Q2790	ar	أوديني	بلدية إيطالية	Q515	city	112	https://ar.wikipedia.org/wiki/%D8%A3%D9%88%D8%AF%D9%8A%D9%86%D9%8A
http://www.wikidata.org/entity/Q27926110	ar	لغة قورارة	لغة أمازيغية زناتية منطوقة في منطقة قورارة	Q34770	language	14	https://ar.wikipedia.org/wiki/%D8%A7%D9%84%D9%84%D8%BA%D8%A9_%D8%A7%D9%84%D9%82%D9%88%D8%B1%D8%A7%D8%B1%D9%8A%D8%A9
http://www.wikidata.org/entity/Q279350	ar	الألمانية القياسية		Q34770	language	33	https://ar.wikipedia.org/wiki/%D8%A7%D9%84%D8%A3%D9%84%D9%85%D8%A7%D9%86%D9%8A%D8%A9_%D8%A7%D9%84%D9%82%D9%8A%D8%A7%D8%B3%D9%8A%D8%A9
http://www.wikidata.org/entity/Q2794758	ar	الجلفة	مدينة في وسط الجزائر	Q515	city	53	https://ar.wikipedia.org/wiki/%D8%A7%D9%84%D8%AC%D9%84%D9%81%D8%A9
http://www.wikidata.org/entity/Q2796873	ar	لغة بيما		Q34770	language	25	https://ar.wikipedia.org/wiki/%D9%84%D8%BA%D8%A9_%D8%A8%D9%8A%D9%85%D8%A7
http://www.wikidata.org/entity/Q28	ar	المجر	دولة في وسط أوروبا	Q6256	country	355	https://ar.wikipedia.org/wiki/%D8%A7%D9%84%D9%85%D8%AC%D8%B1
http://www.wikidata.org/entity/Q280824	ar	جامعة آيندهوفن للتكنولوجيا	جامعة في آيندهوفن، هولندا	Q3918	university	33	https://ar.wikipedia.org/wiki/%D8%AC%D8%A7%D9%85%D8%B9%D8%A9_%D8%A2%D9%8A%D9%86%D8%AF%D9%87%D9%88%D9%81%D9%86_%D9%84%D9%84%D8%AA%D9%83%D9%86%D9%88%D9%84%D9%88%D8%AC%D9%8A%D8%A7
http://www.wikidata.org/entity/Q28176	ar	لغة ألطاي	إحدى اللغات في تركيا	Q34770	language	60	https://ar.wikipedia.org/wiki/%D9%84%D8%BA%D8%A9_%D8%A3%D9%84%D8%B7%D8%A7%D9%8A
http://www.wikidata.org/entity/Q28335	ar	أمدانغ	لغة ترتبط ارتباطا وثيقا بلغات فور يتكلم بها في تشاد	Q34770	language	17	
http://www.wikidata.org/entity/Q283368	ar	الرقة	مدينة سورية	Q515	city	83	https://ar.wikipedia.org/wiki/%D8%A7%D9%84%D8%B1%D9%82%D8%A9
http://www.wikidata.org/entity/Q28400	ar	لغة بريبري		Q34770	language	21	https://ar.wikipedia.org/wiki/%D9%84%D8%BA%D8%A9_%D8%A8%D8%B1%D9%8A%D8%A8%D8%B1%D9%8A
http://www.wikidata.org/entity/Q2844	ar	برازيليا	العاصمة الجديدة للبرازيل	Q515	city	225	https://ar.wikipedia.org/wiki/%D8%A8%D8%B1%D8%A7%D8%B2%D9%8A%D9%84%D9%8A%D8%A7
http://www.wikidata.org/entity/Q284604	ar	كلودزكو	مستوطنة في بولندا	Q515	city	51	https://ar.wikipedia.org/wiki/%D9%83%D9%84%D9%88%D8%AF%D8%B2%D9%83%D9%88
http://www.wikidata.org/entity/Q28516	ar	تارنوبزج		Q515	city	89	https://ar.wikipedia.org/wiki/%D8%AA%D8%A7%D8%B1%D9%86%D9%88%D8%A8%D8%B2%D8%AC
http://www.wikidata.org/entity/Q28602	ar	الآرامية	لغة سامية	Q34770	language	126	https://ar.wikipedia.org/wiki/%D8%A7%D9%84%D9%84%D8%BA%D8%A9_%D8%A7%D9%84%D8%A2%D8%B1%D8%A7%D9%85%D9%8A%D8%A9
http://www.wikidata.org/entity/Q286196	ar	ألتير بيسيك		Q9143	programming language	24	https://ar.wikipedia.org/wiki/%D8%A3%D9%84%D8%AA%D9%8A%D8%B1_%D8%A8%D9%8A%D8%B3%D9%8A%D9%83
http://www.wikidata.org/entity/Q2868	ar	ليما	عاصمة دولة بيرو وأكبر المدن فيها	Q515	city	218	https://ar.wikipedia.org/wiki/%D9%84%D9%8A%D9%85%D8%A7
http://www.wikidata.org/entity/Q28695	ar	جامعة هلسنكي	جامعة حكومية في هلسنكي، فنلندا	Q3918	university	67	https://ar.wikipedia.org/wiki/%D8%AC%D8%A7%D9%85%D8%B9%D8%A9_%D9%87%D9%84%D8%B3%D9%86%D9%83%D9%8A
http://www.wikidata.org/entity/Q28729	ar	قاليقوط	مدينة في كيرلا بالهند	Q515	city	85	https://ar.wikipedia.org/wiki/%D9%82%D8%A7%D9%84%D9%8A%D9%82%D9%88%D8%B7
http://www.wikidata.org/entity/Q2875	ar	ذهب مع الريح	فيلم أُصدر سنة 1939، من إخراج فيكتور فليمنغ	Q11424	film	97	https://ar.wikipedia.org/wiki/%D8%B0%D9%87%D8%A8_%D9%85%D8%B9_%D8%A7%D9%84%D8%B1%D9%8A%D8%AD_(%D9%81%D9%84%D9%85)
http://www.wikidata.org/entity/Q2877155	ar	بليس		Q9143	programming language	13	https://ar.wikipedia.org/wiki/%D8%A8%D9%84%D9%8A%D8%B3_(%D9%84%D8%BA%D8%A9_%D8%A8%D8%B1%D9%85%D8%AC%D8%A9)
http://www.wikidata.org/entity/Q2891049	ar	لغة مانديلينج	لغة الباتاك التي تتحدثها مجموعة مانديلينج العرقية	Q34770	language	23	https://ar.wikipedia.org/wiki/%D9%84%D8%BA%D8%A9_%D8%A8%D8%A7%D8%AA%D8%A7%D9%83_%D8%A7%D9%84%D9%85%D8%A7%D9%86%D8%AF%D9%8A%D9%84%D9%8A%D9%86%D8%BA
http://www.wikidata.org/entity/Q28911	ar	لاهتي	بلدية في بايات هامي، فنلندا	Q515	city	97	https://ar.wikipedia.org/wiki/%D9%84%D8%A7%D9%87%D8%AA%D9%8A
http://www.wikidata.org/entity/Q289693	ar	الشارقة	عاصمة إمارة الشارقة، إحدى الإمارات السبع المكونة للإمارات العربية المتحدة	Q515	city	85	https://ar.wikipedia.org/wiki/%D8%A7%D9%84%D8%B4%D8%A7%D8%B1%D9%82%D8%A9
http://www.wikidata.org/entity/Q29	ar	إسبانيا	دولة في جنوب غرب أوروبا في شبه الجزيرة الأيبيرية	Q6256	country	394	https://ar.wikipedia.org/wiki/%D8%A5%D8%B3%D8%A8%D8%A7%D9%86%D9%8A%D8%A7
http://www.wikidata.org/entity/Q2900	ar	كيتو	عاصمة الإكوادور	Q515	city	180	https://ar.wikipedia.org/wiki/%D9%83%D9%8A%D8%AA%D9%88
http://www.wikidata.org/entity/Q29042	ar	أكوريري		Q515	city	100	https://ar.wikipedia.org/wiki/%D8%A3%D9%83%D9%88%D8%B1%D9%8A%D8%B1%D9%8A
http://www.wikidata.org/entity/Q2907	ar	سوكري	عاصمة بوليفيا الدستورية	Q515	city	151	https://ar.wikipedia.org/wiki/%D8%B3%D9%88%D9%83%D8%B1%D9%8A
http://www.wikidata.org/entity/Q2910067	ar	لغة البونجو		Q34770	language	12	https://ar.wikipedia.org/wiki/%D9%84%D8%BA%D8%A9_%D8%A7%D9%84%D8%A8%D9%88%D9%86%D8%AC%D9%88
http://www.wikidata.org/entity/Q292068	ar	إم 4	معالج حاسوب	Q9143	programming language	15	https://ar.wikipedia.org/wiki/%D8%A5%D9%85_4_(%D9%85%D8%B9%D8%A7%D9%84%D8%AC)
http://www.wikidata.org/entity/Q29292	ar	الأرغوبية		Q34770	language	23	https://ar.wikipedia.org/wiki/%D8%A7%D9%84%D9%84%D8%BA%D8%A9_%D8%A7%D9%84%D8%A3%D8%B1%D8%BA%D9%88%D8%A8%D9%8A%D8%A9
http://www.wikidata.org/entity/Q29303	ar	كانتربيري	مدينة تقع في جنوب إنجلترا	Q515	city	100	https://ar.wikipedia.org/wiki/%D9%83%D8%A7%D9%86%D8%AA%D8%B1%D8%A8%D9%8A%D8%B1%D9%8A
http://www.wikidata.org/entity/Q29316	ar	الأرومونية		Q34770	language	86	https://ar.wikipedia.org/wiki/%D8%A7%D9%84%D9%84%D8%BA%D8%A9_%D8%A7%D9%84%D8%A3%D8%B1%D9%88%D9%85%D9%88%D9%86%D9%8A%D8%A9
http://www.wikidata.org/entity/Q2933	ar	أسونسيون	عاصمة باراغواي	Q515	city	177	https://ar.wikipedia.org/wiki/%D8%A3%D8%B3%D9%88%D9%86%D8%B3%D9%8A%D9%88%D9%86
http://www.wikidata.org/entity/Q2936374	ar	كانيتشانا		Q34770	language	16	https://ar.wikipedia.org/wiki/%D9%83%D8%A7%D9%86%D9%8A%D8%AA%D8%B4%D8%A7%D9%86%D8%A7_(%D9%84%D8%BA%D8%A9)
http://www.wikidata.org/entity/Q29440	ar	لهجة آرامية آشورية حديثة		Q34770	language	44	https://ar.wikipedia.org/wiki/%D9%84%D9%87%D8%AC%D8%A9_%D8%A2%D8%B1%D8%A7%D9%85%D9%8A%D8%A9_%D8%A2%D8%B4%D9%88%D8%B1%D9%8A%D8%A9_%D8%AD%D8%AF%D9%8A%D8%AB%D8%A9
http://www.wikidata.org/entity/Q29540	ar	البوارية	لغة جرمانية يتحدث بها في ناحية بوارية	Q34770	language	85	https://ar.wikipedia.org/wiki/%D8%A7%D9%84%D9%84%D8%BA%D8%A9_%D8%A7%D9%84%D8%A8%D8%A7%D9%81%D8%A7%D8%B1%D9%8A%D8%A9
http://www.wikidata.org/entity/Q29579	ar	الأودية	لغة هندية شرقية ، تُعتبر أحيانًا لهجة متصلة باللهجة الهندية-الأردية	Q34770	language	70	https://ar.wikipedia.org/wiki/%D8%A7%D9%84%D9%84%D8%BA%D8%A9_%D8%A7%D9%84%D8%A3%D9%88%D8%AF%D9%87%D9%8A%D8%A9
http://www.wikidata.org/entity/Q298	ar	تشيلي	دولة في أمريكا الجنوبية	Q6256	country	379	https://ar.wikipedia.org/wiki/%D8%AA%D8%B4%D9%8A%D9%84%D9%8A
http://www.wikidata.org/entity/Q2988323	ar	لغة فزان		Q34770	language	20	https://ar.wikipedia.org/wiki/%D9%84%D8%BA%D8%A9_%D9%81%D8%B2%D8%A7%D9%86
http://www.wikidata.org/entity/Q29888	ar	أسوان	مدينة مصرية	Q515	city	101	https://ar.wikipedia.org/wiki/%D8%A3%D8%B3%D9%88%D8%A7%D9%86
http://www.wikidata.org/entity/Q29962	ar	أسيوط	مدينة مصرية	Q515	city	74	https://ar.wikipedia.org/wiki/%D8%A3%D8%B3%D9%8A%D9%88%D8%B7
http://www.wikidata.org/entity/Q2999	ar	فورتسبورغ	مدينة في ألمانيا	Q515	city	119	https://ar.wikipedia.org/wiki/%D9%81%D9%88%D8%B1%D8%AA%D8%B3%D8%A8%D9%88%D8%B1%D8%BA
http://www.wikidata.org/entity/Q29999	ar	مملكة هولندا	دولة في أوروبا ومنطقة البحر الكاريبي	Q6256	country	108	https://ar.wikipedia.org/wiki/%D9%85%D9%85%D9%84%D9%83%D8%A9_%D9%87%D9%88%D9%84%D9%86%D8%AF%D8%A7
http://www.wikidata.org/entity/Q30	ar	الولايات المتحدة	دولة في أمريكا الشمالية	Q6256	country	424	https://ar.wikipedia.org/wiki/%D8%A7%D9%84%D9%88%D9%84%D8%A7%D9%8A%D8%A7%D8%AA_%D8%A7%D9%84%D9%85%D8%AA%D8%AD%D8%AF%D8%A9
http://www.wikidata.org/entity/Q30002	ar	تشنغدو	مدينة صينية وعاصمة سيشوان	Q515	city	131	https://ar.wikipedia.org/wiki/%D8%AA%D8%B4%D9%86%D8%BA%D8%AF%D9%88
http://www.wikidata.org/entity/Q30004	ar	اللغة الإيفينكية		Q34770	language	61	https://ar.wikipedia.org/wiki/%D8%A7%D9%84%D9%84%D8%BA%D8%A9_%D8%A7%D9%84%D8%A5%D9%8A%D9%81%D9%8A%D9%86%D9%83%D9%8A%D8%A9
http://www.wikidata.org/entity/Q3001	ar	باراماريبو	عاصمة سورينام	Q515	city	160	https://ar.wikipedia.org/wiki/%D8%A8%D8%A7%D8%B1%D8%A7%D9%85%D8%A7%D8%B1%D9%8A%D8%A8%D9%88
http://www.wikidata.org/entity/Q300577	ar	فيلور	مستوطنة في الهند	Q515	city	50	https://ar.wikipedia.org/wiki/%D9%81%D9%8A%D9%84%D9%88%D8%B1
http://www.wikidata.org/entity/Q300867	ar	صنع	أداة برمجية	Q9143	programming language	34	https://ar.wikipedia.org/wiki/%D8%B5%D9%86%D8%B9_(%D8%A8%D8%B1%D9%85%D8%AC%D8%A9)
http://www.wikidata.org/entity/Q300897	ar	بي سي		Q9143	programming language	23	https://ar.wikipedia.org/wiki/%D8%A8%D9%8A_%D8%B3%D9%8A_(%D9%84%D8%BA%D8%A9_%D8%A7%D9%84%D8%A8%D8%B1%D9%85%D8%AC%D8%A9)
http://www.wikidata.org/entity/Q3012	ar	أولم		Q515	city	126	https://ar.wikipedia.org/wiki/%D8%A3%D9%88%D9%84%D9%85
http://www.wikidata.org/entity/Q30130163	ar	لغة عربية نبطية		Q34770	language	8	https://ar.wikipedia.org/wiki/%D8%A7%D9%84%D9%84%D8%BA%D8%A9_%D8%A7%D9%84%D8%B9%D8%B1%D8%A8%D9%8A%D8%A9_%D8%A7%D9%84%D9%86%D8%A8%D8%B7%D9%8A%D8%A9
http://www.wikidata.org/entity/Q30319	ar	السيليزية	لغة فرعية صغيرة متواجدة في بولندا وألمانيا والتشيك	Q34770	language	125	https://ar.wikipedia.org/wiki/%D8%A7%D9%84%D9%84%D8%BA%D8%A9_%D8%A7%D9%84%D8%B3%D9%8A%D9%84%D9%8A%D8%B2%D9%8A%D8%A9
http://www.wikidata.org/entity/Q3033565	ar	مباي	لغة	Q34770	language	5	
http://www.wikidata.org/entity/Q3033726	ar	لغة دوجا		Q34770	language	7	https://ar.wikipedia.org/wiki/%D9%84%D8%BA%D8%A9_%D8%AF%D9%88%D8%AC%D8%A7
http://www.wikidata.org/entity/Q3037	ar	كتمندو	عاصمة نيبال	Q515	city	194	https://ar.wikipedia.org/wiki/%D9%83%D8%AA%D9%85%D9%86%D8%AF%D9%88
http://www.wikidata.org/entity/Q3043	ar	بلموبان	عاصمة بليز	Q515	city	146	https://ar.wikipedia.org/wiki/%D8%A8%D9%84%D9%85%D9%88%D8%A8%D8%A7%D9%86
http://www.wikidata.org/entity/Q3056813	ar	جامعة برايتون	جامعة في إنكلترا	Q3918	university	25	https://ar.wikipedia.org/wiki/%D8%AC%D8%A7%D9%85%D8%B9%D8%A9_%D8%A8%D8%B1%D8%A7%D9%8A%D8%AA%D9%88%D9%86
http://www.wikidata.org/entity/Q30597440	ar	لغة الوالي	لغة في السودان	Q34770	language	3	https://ar.wikipedia.org/wiki/%D9%84%D8%BA%D8%A9_%D8%A7%D9%84%D9%88%D8%A7%D9%84%D9%8A_(%D8%A7%D9%84%D8%B3%D9%88%D8%AF%D8%A7%D9%86)
http://www.wikidata.org/entity/Q30620	ar	ليمون، كوستاريكا		Q515	city	50	https://ar.wikipedia.org/wiki/%D9%84%D9%8A%D9%85%D9%88%D9%86_(%D9%83%D9%88%D8%B3%D8%AA%D8%A7%D8%B1%D9%8A%D9%83%D8%A7)
http://www.wikidata.org/entity/Q306626	ar	ألمانية نمساوية	نوع من الالمانية	Q34770	language	36	https://ar.wikipedia.org/wiki/%D8%A7%D9%84%D8%A3%D9%84%D9%85%D8%A7%D9%86%D9%8A%D8%A9_%D8%A7%D9%84%D9%86%D9%85%D8%B3%D8%A7%D9%88%D9%8A%D8%A9
http://www.wikidata.org/entity/Q3070	ar	سان خوسيه	عاصمة كوستاريكا	Q515	city	149	https://ar.wikipedia.org/wiki/%D8%B3%D8%A7%D9%86_%D8%AE%D9%88%D8%B3%D9%8A%D9%87_(%D9%83%D9%88%D8%B3%D8%AA%D8%A7%D8%B1%D9%8A%D9%83%D8%A7)
http://www.wikidata.org/entity/Q3083213	ar	فرنسية لويزيانا	لهجة فرنسية	Q34770	language	29	
http://www.wikidata.org/entity/Q30898	ar	الكيريباتية		Q34770	language	71	https://ar.wikipedia.org/wiki/%D8%A7%D9%84%D9%84%D8%BA%D8%A9_%D8%A7%D9%84%D8%BA%D9%8A%D9%84%D8%A8%D8%B1%D8%AA%D9%8A%D8%A9
http://www.wikidata.org/entity/Q309021	ar	أخبار العالم	ألبوم من أداء كوين	Q482994	album	49	https://ar.wikipedia.org/wiki/%D8%A3%D8%AE%D8%A8%D8%A7%D8%B1_%D8%A7%D9%84%D8%B9%D8%A7%D9%84%D9%85_(%D8%A3%D9%84%D8%A8%D9%88%D9%85)
http://www.wikidata.org/entity/Q309164	ar	رعنانا	مدينة إسرائيلية تقع في قلب منطقة سهل شارون الجنوبية باللواء الجنوبي	Q515	city	51	https://ar.wikipedia.org/wiki/%D8%B1%D8%B9%D9%86%D8%A7%D9%86%D8%A7
http://www.wikidata.org/entity/Q309348	ar	خان يونس	مدينة في قطاع غزة، دولة فلسطين	Q515	city	55	https://ar.wikipedia.org/wiki/%D8%AE%D8%A7%D9%86_%D9%8A%D9%88%D9%86%D8%B3
http://www.wikidata.org/entity/Q309442	ar	بايساندو	مستوطنة بشرية	Q515	city	58	https://ar.wikipedia.org/wiki/%D8%A8%D8%A7%D9%8A%D8%B3%D8%A7%D9%86%D8%AF%D9%88
http://www.wikidata.org/entity/Q30963	ar	كينغستون	عاصمة جزيرة نورفولك	Q515	city	66	https://ar.wikipedia.org/wiki/%D9%83%D9%8A%D9%86%D8%BA%D8%B3%D8%AA%D9%88%D9%86_(%D8%AC%D8%B2%D9%8A%D8%B1%D8%A9_%D9%86%D9%88%D8%B1%D9%81%D9%88%D9%84%D9%83)
http://www.wikidata.org/entity/Q30970	ar	جيمس تاون	عاصمة جزيرة سانت هيلينا	Q515	city	81	https://ar.wikipedia.org/wiki/%D8%AC%D9%8A%D9%85%D8%B3_%D8%AA%D8%A7%D9%88%D9%86_(%D8%B3%D8%A7%D9%86%D8%AA_%D9%87%D9%8A%D9%84%D8%A7%D9%86%D8%A9)
http://www.wikidata.org/entity/Q30985	ar	هاميلتون، جزر برمودا	عاصمة جزر برمودا	Q515	city	92	https://ar.wikipedia.org/wiki/%D9%87%D8%A7%D9%85%D9%8A%D9%84%D8%AA%D9%88%D9%86_(%D8%AC%D8%B2%D8%B1_%D8%A8%D8%B1%D9%85%D9%88%D8%AF%D8%A7)
http://www.wikidata.org/entity/Q30990	ar	بليموث، مونتسيرات		Q515	city	69	https://ar.wikipedia.org/wiki/%D8%A8%D9%84%D9%8A%D9%85%D9%88%D8%AB_(%D9%85%D9%88%D9%86%D8%AA%D8%B3%D9%8A%D8%B1%D8%A7%D8%AA)
http://www.wikidata.org/entity/Q30994	ar	ذا فالي		Q515	city	73	https://ar.wikipedia.org/wiki/%D8%B0%D8%A7_%D9%81%D8%A7%D9%84%D9%8A
http://www.wikidata.org/entity/Q30996	ar	إل ألتو	مدينة بوليفية	Q515	city	51	https://ar.wikipedia.org/wiki/%D8%A5%D9%84_%D8%A3%D9%84%D8%AA%D9%88
http://www.wikidata.org/entity/Q31	ar	بلجيكا	دولة في أوروبا الغربية	Q6256	country	374	https://ar.wikipedia.org/wiki/%D8%A8%D9%84%D8%AC%D9%8A%D9%83%D8%A7
http://www.wikidata.org/entity/Q3100814	ar	لغة إشارة الإسبانية		Q34770	language	23	
http://www.wikidata.org/entity/Q310117	ar	المنيا	مدينة مصرية و عاصمة محافظة المنيا بمصر	Q515	city	52	https://ar.wikipedia.org/wiki/%D8%A7%D9%84%D9%85%D9%86%D9%8A%D8%A7_(%D9%85%D8%AF%D9%8A%D9%86%D8%A9)
http://www.wikidata.org/entity/Q3107095	ar	جامعة بيفروست	جامعة في بورغارنيس، آيسلندا	Q3918	university	24	https://ar.wikipedia.org/wiki/%D8%AC%D8%A7%D9%85%D8%B9%D8%A9_%D8%A8%D9%8A%D9%81%D8%B1%D9%88%D8%B3%D8%AA
http://www.wikidata.org/entity/Q310842	ar	الجامعة المستنصرية	جامعة أكاديمية	Q3918	university	22	https://ar.wikipedia.org/wiki/%D8%A7%D9%84%D8%AC%D8%A7%D9%85%D8%B9%D8%A9_%D8%A7%D9%84%D9%85%D8%B3%D8%AA%D9%86%D8%B5%D8%B1%D9%8A%D8%A9
http://www.wikidata.org/entity/Q310893	ar	الوكرة	مدينة وبلدية تقع على الساحل الشرقي الجنوبي من دولة قطر	Q515	city	55	https://ar.wikipedia.org/wiki/%D8%A7%D9%84%D9%88%D9%83%D8%B1%D8%A9
http://www.wikidata.org/entity/Q311099	ar	السويداء	مدينة في سوريا	Q515	city	54	https://ar.wikipedia.org/wiki/%D8%A7%D9%84%D8%B3%D9%88%D9%8A%D8%AF%D8%A7%D8%A1
http://www.wikidata.org/entity/Q3111838	ar	ناتشيز	لغة	Q34770	language	15	
http://www.wikidata.org/entity/Q311321	ar	الحسكة	مدينة تقع في شمال شرق سوريا	Q515	city	62	https://ar.wikipedia.org/wiki/%D8%A7%D9%84%D8%AD%D8%B3%D9%83%D8%A9
http://www.wikidata.org/entity/Q3114	ar	كانبرا	عاصمة أستراليا	Q515	city	211	https://ar.wikipedia.org/wiki/%D9%83%D8%A7%D9%86%D8%A8%D8%B1%D8%A7
http://www.wikidata.org/entity/Q31174256	ar	لغة بنتنية		Q34770	language	3	
http://www.wikidata.org/entity/Q311946	ar	نارين		Q515	city	60	https://ar.wikipedia.org/wiki/%D9%86%D8%A7%D8%B1%D9%8A%D9%86
http://www.wikidata.org/entity/Q3119695	ar	لغة_راكاهانغا-مانيهيكي	لغة تاهيتية تنتمي إلى عائلة اللغات البولينيزية	Q34770	language	11	https://ar.wikipedia.org/wiki/%D9%84%D8%BA%D8%A9_%D8%B1%D8%A7%D9%83%D8%A7%D9%87%D8%A7%D9%86%D8%BA%D8%A7-%D9%85%D8%A7%D9%86%D9%8A%D9%87%D9%8A%D9%83%D9%8A
http://www.wikidata.org/entity/Q3120736	ar	لغة جولي		Q34770	language	10	https://ar.wikipedia.org/wiki/%D9%84%D8%BA%D8%A9_%D8%AC%D9%88%D9%84%D9%8A
http://www.wikidata.org/entity/Q3120966	ar	جونتور		Q515	city	71	https://ar.wikipedia.org/wiki/%D8%AC%D9%88%D9%86%D8%AA%D9%88%D8%B1
http://www.wikidata.org/entity/Q3121045	ar	تيماك	لغة	Q34770	language	11	
http://www.wikidata.org/entity/Q3126783	ar	هانيس	لغة	Q34770	language	8	
http://www.wikidata.org/entity/Q312723	ar	المحلة الكبرى	مدينة صناعية مصرية في محافظة الغربية	Q515	city	50	https://ar.wikipedia.org/wiki/%D8%A7%D9%84%D9%85%D8%AD%D9%84%D8%A9_%D8%A7%D9%84%D9%83%D8%A8%D8%B1%D9%89
http://www.wikidata.org/entity/Q312759	ar	بسكرة	مدينة جزائرية	Q515	city	57	https://ar.wikipedia.org/wiki/%D8%A8%D8%B3%D9%83%D8%B1%D8%A9
http://www.wikidata.org/entity/Q31295480	ar	اللغة الأورخونية		Q34770	language	13	https://ar.wikipedia.org/wiki/%D8%A7%D9%84%D9%84%D8%BA%D8%A9_%D8%A7%D9%84%D8%A3%D9%88%D8%B1%D8%AE%D9%88%D9%86%D9%8A%D8%A9_%D8%A7%D9%84%D8%AA%D8%B1%D9%83%D9%8A%D8%A9
http://www.wikidata.org/entity/Q3130	ar	سيدني	أكبر مدينة في إستراليا	Q515	city	259	https://ar.wikipedia.org/wiki/%D8%B3%D9%8A%D8%AF%D9%86%D9%8A
http://www.wikidata.org/entity/Q3133606	ar	جامعة أم القرى	جامعة حكومية سعودية	Q3918	university	21	https://ar.wikipedia.org/wiki/%D8%AC%D8%A7%D9%85%D8%B9%D8%A9_%D8%A3%D9%85_%D8%A7%D9%84%D9%82%D8%B1%D9%89
http://www.wikidata.org/entity/Q3135234	ar	هيداتسا	لغة	Q34770	language	12	
http://www.wikidata.org/entity/Q3135421	ar	لغة الإشارة الجزائرية		Q34770	language	11	https://ar.wikipedia.org/wiki/%D9%84%D8%BA%D8%A9_%D8%A7%D9%84%D8%A5%D8%B4%D8%A7%D8%B1%D8%A9_%D8%A7%D9%84%D8%AC%D8%B2%D8%A7%D8%A6%D8%B1%D9%8A%D8%A9
http://www.wikidata.org/entity/Q3138	ar	ترير	بلدية ألمانية في ولاية راينلند بالاتينات	Q515	city	128	https://ar.wikipedia.org/wiki/%D8%AA%D8%B1%D9%8A%D8%B1_(%D8%A3%D9%84%D9%85%D8%A7%D9%86%D9%8A%D8%A7)
http://www.wikidata.org/entity/Q3141	ar	ملبورن	مدينة في ولاية فيكتوريا، أستراليا	Q515	city	205	https://ar.wikipedia.org/wiki/%D9%85%D9%84%D8%A8%D9%88%D8%B1%D9%86
http://www.wikidata.org/entity/Q314536	ar	الجامعة النرويجية للعلوم والتكنولوجيا	جامعة عامة في النرويج	Q3918	university	41	https://ar.wikipedia.org/wiki/%D8%A7%D9%84%D8%AC%D8%A7%D9%85%D8%B9%D8%A9_%D8%A7%D9%84%D9%86%D8%B1%D9%88%D9%8A%D8%AC%D9%8A%D8%A9_%D9%84%D9%84%D8%B9%D9%84%D9%88%D9%85_%D9%88%D8%A7%D9%84%D8%AA%D9%83%D9%86%D9%88%D9%84%D9%88%D8%AC%D9%8A%D8%A7
http://www.wikidata.org/entity/Q31493	ar	أبوفيان، أرارات		Q515	city	57	https://ar.wikipedia.org/wiki/%D8%A3%D8%A8%D9%88%D9%81%D9%8A%D8%A7%D9%86
http://www.wikidata.org/entity/Q31519	ar	جامعة كارلوفا	منظمة في جمهورية التشيك	Q3918	university	83	https://ar.wikipedia.org/wiki/%D8%AC%D8%A7%D9%85%D8%B9%D8%A9_%D8%AA%D8%B4%D8%A7%D8%B1%D9%84%D8%B2
http://www.wikidata.org/entity/Q31519	ar	جامعة كارلوفا	منظمة في جمهورية التشيك	Q43229	organization	83	https://ar.wikipedia.org/wiki/%D8%AC%D8%A7%D9%85%D8%B9%D8%A9_%D8%AA%D8%B4%D8%A7%D8%B1%D9%84%D8%B2
http://www.wikidata.org/entity/Q31565	ar	جرش	مدينة أردنية تقع في شمال المملكة الأردنية الهاشمية ، و تعتبر من أكثر مواقع العمارة الرومانية المحافظ عليها في العالم خارج إيطاليا	Q515	city	52	https://ar.wikipedia.org/wiki/%D8%AC%D8%B1%D8%B4
http://www.wikidata.org/entity/Q315658	ar	جامعة فروتسواف	جامعة بولندية	Q3918	university	44	https://ar.wikipedia.org/wiki/%D8%AC%D8%A7%D9%85%D8%B9%D8%A9_%D9%81%D8%B1%D9%88%D8%AA%D8%B3%D9%88%D8%A7%D9%81
http://www.wikidata.org/entity/Q31572	ar	الكرك	مدينة في الاردن	Q515	city	51	https://ar.wikipedia.org/wiki/%D8%A7%D9%84%D9%83%D8%B1%D9%83
http://www.wikidata.org/entity/Q31610	ar	هرازدان		Q515	city	62	https://ar.wikipedia.org/wiki/%D9%87%D8%B1%D8%A7%D8%B2%D8%AF%D8%A7%D9%86
http://www.wikidata.org/entity/Q317145	ar	أوزورجيتي	مستوطنة بشرية	Q515	city	53	https://ar.wikipedia.org/wiki/%D8%A3%D9%88%D8%B2%D9%88%D8%B1%D8%AC%D9%8A%D8%AA%D9%8A
http://www.wikidata.org/entity/Q31805	ar	إنفركارجل	انفركارجل مدينة فى نيوزلندا . الميناء لساوثلاند	Q515	city	61	https://ar.wikipedia.org/wiki/%D8%A5%D9%86%D9%81%D8%B1%D9%83%D8%A7%D8%B1%D8%AC%D9%84
http://www.wikidata.org/entity/Q318156	ar	بهاولبور	مدينة في بنجاب باكستان	Q515	city	61	https://ar.wikipedia.org/wiki/%D8%A8%D9%87%D8%A7%D9%88%D9%84%D8%A8%D9%88%D8%B1
http://www.wikidata.org/entity/Q318245	ar	تشويبالسان		Q515	city	53	https://ar.wikipedia.org/wiki/%D8%AA%D8%B4%D9%88%D9%8A%D8%A8%D8%A7%D9%84%D8%B3%D8%A7%D9%86
http://www.wikidata.org/entity/Q3182567	ar	اللغة اليقوية		Q34770	language	17	https://ar.wikipedia.org/wiki/%D8%A7%D9%84%D9%84%D8%BA%D8%A9_%D8%A7%D9%84%D9%8A%D9%82%D9%88%D9%8A%D8%A9
http://www.wikidata.org/entity/Q3183	ar	برث	عاصمة أستراليا الغربية، أستراليا	Q515	city	170	https://ar.wikipedia.org/wiki/%D8%A8%D8%B1%D8%AB
http://www.wikidata.org/entity/Q318418	ar	فيلفورد	بلدية في بلجيكا	Q515	city	54	https://ar.wikipedia.org/wiki/%D9%81%D9%8A%D9%84%D9%81%D9%88%D8%B1%D8%AF
http://www.wikidata.org/entity/Q319268	ar	دي	لغة برمجة	Q9143	programming language	47	https://ar.wikipedia.org/wiki/%D8%AF%D9%8A_(%D9%84%D8%BA%D8%A9_%D8%A8%D8%B1%D9%85%D8%AC%D8%A9)
http://www.wikidata.org/entity/Q319366	ar	غالي		Q515	city	71	https://ar.wikipedia.org/wiki/%D8%BA%D8%A7%D9%84%D9%8A
http://www.wikidata.org/entity/Q319476	ar	كومانا	مدينة في سوكري، فنزويلا	Q515	city	51	https://ar.wikipedia.org/wiki/%D9%83%D9%88%D9%85%D8%A7%D9%86%D8%A7_(%D9%81%D9%86%D8%B2%D9%88%D9%8A%D9%84%D8%A7)
http://www.wikidata.org/entity/Q3195346	ar	لغة كيو		Q34770	language	11	https://ar.wikipedia.org/wiki/%D9%84%D8%BA%D8%A9_%D9%83%D9%8A%D9%88
http://www.wikidata.org/entity/Q3195442	ar	لغة كيرينسي		Q34770	language	27	https://ar.wikipedia.org/wiki/%D9%84%D8%BA%D8%A9_%D9%83%D9%8A%D8%B1%D9%8A%D9%86%D8%B3%D9%8A
http://www.wikidata.org/entity/Q319729	ar	يورايسو	مدينة في محافظة تشيبا اليابانية	Q515	city	51	https://ar.wikipedia.org/wiki/%D9%8A%D9%88%D8%B1%D8%A7%D9%8A%D8%B3%D9%88_(%D8%AA%D8%B4%D9%8A%D8%A8%D8%A7)
http://www.wikidata.org/entity/Q3197533	ar	السواحيلية	لغة	Q34770	language	10	
http://www.wikidata.org/entity/Q319813	ar	سيدلس		Q515	city	63	https://ar.wikipedia.org/wiki/%D8%B3%D9%8A%D8%AF%D9%84%D8%B3
http://www.wikidata.org/entity/Q32	ar	لوكسمبورغ	دولة في أوروبا الوسطى	Q6256	country	334	https://ar.wikipedia.org/wiki/%D9%84%D9%88%D9%83%D8%B3%D9%85%D8%A8%D9%88%D8%B1%D8%BA
http://www.wikidata.org/entity/Q320519	ar	سيناكي	مستوطنة بشرية	Q515	city	53	https://ar.wikipedia.org/wiki/%D8%B3%D9%8A%D9%86%D8%A7%D9%83%D9%8A
http://www.wikidata.org/entity/Q320704	ar	بنين		Q515	city	69	https://ar.wikipedia.org/wiki/%D8%A8%D9%86%D9%8A%D9%86_(%D9%85%D8%AF%D9%8A%D9%86%D8%A9)
http://www.wikidata.org/entity/Q320792	ar	باتا	مدينة ساحلية في غينيا الاستوائية	Q515	city	63	https://ar.wikipedia.org/wiki/%D8%A8%D8%A7%D8%AA%D8%A7
http://www.wikidata.org/entity/Q32110	ar	تحويل لغة الأسلوب الموسع		Q9143	programming language	44	https://ar.wikipedia.org/wiki/%D8%AA%D8%AD%D9%88%D9%8A%D9%84_%D9%84%D8%BA%D8%A9_%D8%A7%D9%84%D8%A3%D8%B3%D9%84%D9%88%D8%A8_%D8%A7%D9%84%D9%85%D9%88%D8%B3%D8%B9
http://www.wikidata.org/entity/Q321279	ar	إيتوكورتيرمايت	بلدة تقع على الساحل الشرقي من جزيرة غرينلاند	Q515	city	51	https://ar.wikipedia.org/wiki/%D8%A5%D9%8A%D8%AA%D9%88%D9%83%D9%88%D8%B1%D8%AA%D9%8A%D8%B1%D9%85%D8%A7%D9%8A%D8%AA
http://www.wikidata.org/entity/Q3214	ar	كوتبوس	مدينة في براندنبرج، ألمانيا	Q515	city	102	https://ar.wikipedia.org/wiki/%D9%83%D9%88%D8%AA%D8%A8%D9%88%D8%B3
http://www.wikidata.org/entity/Q321475	ar	كولام	مدينة في جنوب الهند	Q515	city	63	https://ar.wikipedia.org/wiki/%D9%83%D9%88%D9%84%D8%A7%D9%85
http://www.wikidata.org/entity/Q3217470	ar	لغة لامبونغ		Q34770	language	28	https://ar.wikipedia.org/wiki/%D9%84%D8%BA%D8%A9_%D9%84%D8%A7%D9%85%D8%A8%D9%88%D9%86%D8%BA
http://www.wikidata.org/entity/Q322149	ar	إلدوريت	مدينة في كينيا	Q515	city	53	https://ar.wikipedia.org/wiki/%D8%A5%D9%84%D8%AF%D9%88%D8%B1%D8%AA
http://www.wikidata.org/entity/Q322155	ar	راجشاهي	مدينة حضرية في دولة بنغلاديش	Q515	city	58	https://ar.wikipedia.org/wiki/%D8%B1%D8%A7%D8%AC%D8%B4%D8%A7%D9%87%D9%8A
http://www.wikidata.org/entity/Q32238	ar	دغبانية	لغة جور المستخدمة في غانا	Q34770	language	35	https://ar.wikipedia.org/wiki/%D8%AF%D8%BA%D8%A8%D8%A7%D9%86%D9%8A%D8%A9
http://www.wikidata.org/entity/Q32260	ar	الدهلكية		Q34770	language	20	https://ar.wikipedia.org/wiki/%D8%A7%D9%84%D9%84%D8%BA%D8%A9_%D8%A7%D9%84%D8%AF%D9%87%D9%84%D9%83%D9%8A%D8%A9
http://www.wikidata.org/entity/Q322828	ar	برتشكو	بلدة في البوسنة والهرسك	Q515	city	57	https://ar.wikipedia.org/wiki/%D8%A8%D8%B1%D8%AA%D8%B4%D9%83%D9%88
http://www.wikidata.org/entity/Q322964	ar	معهد موسكو الحكومي للعلاقات الدولية	جامعة في موسكو، روسيا	Q3918	university	49	https://ar.wikipedia.org/wiki/%D9%85%D8%B9%D9%87%D8%AF_%D9%85%D9%88%D8%B3%D9%83%D9%88_%D8%A7%D9%84%D8%AD%D9%83%D9%88%D9%85%D9%8A_%D9%84%D9%84%D8%B9%D9%84%D8%A7%D9%82%D8%A7%D8%AA_%D8%A7%D9%84%D8%AF%D9%88%D9%84%D9%8A%D8%A9
http://www.wikidata.org/entity/Q322986	ar	دلفزايل	بلدية في مقاطعة خرونينغن، هولندا	Q515	city	59	https://ar.wikipedia.org/wiki/%D8%AF%D9%84%D9%81%D8%B2%D8%A7%D9%8A%D9%84
http://www.wikidata.org/entity/Q323801	ar	نامبولا		Q515	city	56	https://ar.wikipedia.org/wiki/%D9%86%D8%A7%D9%85%D8%A8%D9%88%D9%84%D8%A7
http://www.wikidata.org/entity/Q323873	ar	ترينكومالي		Q515	city	57	https://ar.wikipedia.org/wiki/%D8%AA%D8%B1%D9%8A%D9%86%D9%83%D9%88%D9%85%D8%A7%D9%84%D9%8A
http://www.wikidata.org/entity/Q323986	ar	برييدور	مستوطنة بشرية	Q515	city	64	https://ar.wikipedia.org/wiki/%D8%A8%D8%B1%D9%8A%D9%8A%D8%AF%D9%88%D8%B1
http://www.wikidata.org/entity/Q3244176	ar	باركري كولي		Q34770	language	13	https://ar.wikipedia.org/wiki/%D8%A8%D8%A7%D8%B1%D9%83%D8%B1%D9%8A_%D9%83%D9%88%D9%84%D9%8A
http://www.wikidata.org/entity/Q326339	ar	أسكدار	مديرية في إسطنبول، تركيا	Q515	city	59	https://ar.wikipedia.org/wiki/%D8%A3%D8%B3%D9%83%D8%AF%D8%A7%D8%B1
http://www.wikidata.org/entity/Q32641	ar	بلنسية	لهجة	Q34770	language	59	https://ar.wikipedia.org/wiki/%D8%A7%D9%84%D9%84%D8%BA%D8%A9_%D8%A7%D9%84%D8%A8%D9%84%D9%86%D8%B3%D9%8A%D8%A9
http://www.wikidata.org/entity/Q32689	ar	واسي وري		Q34770	language	21	
http://www.wikidata.org/entity/Q32706	ar	لغة ديولية		Q34770	language	50	https://ar.wikipedia.org/wiki/%D8%A7%D9%84%D9%84%D8%BA%D8%A9_%D8%A7%D9%84%D8%AF%D9%8A%D9%88%D9%84%D9%8A%D8%A9
http://www.wikidata.org/entity/Q327274	ar	ألمانية سوابية		Q34770	language	40	https://ar.wikipedia.org/wiki/%D8%A7%D9%84%D8%A3%D9%84%D9%85%D8%A7%D9%86%D9%8A%D8%A9_%D8%A7%D9%84%D8%B3%D9%88%D8%A7%D8%A8%D9%8A%D8%A9
http://www.wikidata.org/entity/Q32762	ar	لغة فورو		Q34770	language	80	https://ar.wikipedia.org/wiki/%D9%84%D8%BA%D8%A9_%D9%81%D9%88%D8%B1%D9%88
http://www.wikidata.org/entity/Q328030	ar	الكوت	مدينة ومركز محافظة واسط في العراق	Q515	city	52	https://ar.wikipedia.org/wiki/%D8%A7%D9%84%D9%83%D9%88%D8%AA_(%D8%A7%D9%84%D8%B9%D8%B1%D8%A7%D9%82)
http://www.wikidata.org/entity/Q3280670	ar	مبادي	غة أفرو آسيوية يتحدث بها في شمال الكاميرون وجنوب غرب تشاد	Q34770	language	12	https://ar.wikipedia.org/wiki/%D9%84%D8%BA%D8%A9_%D9%85%D8%A8%D8%A7%D8%AF%D9%8A
http://www.wikidata.org/entity/Q328153	ar	دمنهور	مدينة في مصر، وعاصمة محافظة البحيرة	Q515	city	57	https://ar.wikipedia.org/wiki/%D8%AF%D9%85%D9%86%D9%87%D9%88%D8%B1
http://www.wikidata.org/entity/Q328482	ar	السبت الأسود	ألبوم من أداء بلاك سابث	Q482994	album	40	https://ar.wikipedia.org/wiki/%D8%A7%D9%84%D8%B3%D8%A8%D8%AA_%D8%A7%D9%84%D8%A3%D8%B3%D9%88%D8%AF_(%D8%A3%D9%84%D8%A8%D9%88%D9%85)
http://www.wikidata.org/entity/Q328510	ar	تندوف	مـدينـة في الجـزائـر	Q515	city	54	https://ar.wikipedia.org/wiki/%D8%AA%D9%86%D8%AF%D9%88%D9%81
http://www.wikidata.org/entity/Q32858	ar	الفوتية		Q34770	language	68	https://ar.wikipedia.org/wiki/%D8%A7%D9%84%D9%84%D8%BA%D8%A9_%D8%A7%D9%84%D9%81%D9%88%D8%AA%D9%8A%D8%A9
http://www.wikidata.org/entity/Q3289596	ar	لغة شبكية	لغة هندوإيرانية في العراق	Q34770	language	15	https://ar.wikipedia.org/wiki/%D8%A7%D9%84%D9%84%D8%BA%D8%A9_%D8%A7%D9%84%D8%B4%D8%A8%D9%83%D9%8A%D8%A9
http://www.wikidata.org/entity/Q32915	ar	الكردلينية		Q34770	language	9	
http://www.wikidata.org/entity/Q3295515	ar	البيتلز	ألبوم من أداء البيتلز	Q482994	album	60	https://ar.wikipedia.org/wiki/%D8%A7%D9%84%D8%A8%D9%8A%D8%AA%D9%84%D8%B2_(%D8%A3%D9%84%D8%A8%D9%88%D9%85)
http://www.wikidata.org/entity/Q33	ar	فنلندا	دولة في أوروبا الشمالية	Q6256	country	401	https://ar.wikipedia.org/wiki/%D9%81%D9%86%D9%84%D9%86%D8%AF%D8%A7
http://www.wikidata.org/entity/Q33025	ar	اللغة البجاوية	اللغة الأفريقية-الآسيوية لجبال البحر الاحمر	Q34770	language	36	https://ar.wikipedia.org/wiki/%D9%84%D8%BA%D8%A9_%D8%A8%D8%A7%D8%AC%D8%A9
http://www.wikidata.org/entity/Q33052	ar	بيمبا		Q34770	language	49	https://ar.wikipedia.org/wiki/%D8%A8%D9%8A%D9%85%D8%A8%D8%A7
http://www.wikidata.org/entity/Q330531	ar	كوتة	مدينة على شط نهر جنبل في ولاية راجستان الهندية	Q515	city	70	https://ar.wikipedia.org/wiki/%D9%83%D9%88%D8%AA%D8%A9_(%D8%B1%D8%A7%D8%AC%D8%B3%D8%AA%D8%A7%D9%86)
http://www.wikidata.org/entity/Q3306	ar	مدينة بنما	عاصمة جمهورية بنما	Q515	city	159	https://ar.wikipedia.org/wiki/%D8%A8%D9%86%D9%85%D8%A7_(%D9%85%D8%AF%D9%8A%D9%86%D8%A9)
http://www.wikidata.org/entity/Q330643	ar	مراد آباد	مستوطنة في الهند	Q515	city	58	https://ar.wikipedia.org/wiki/%D9%85%D8%B1%D8%A7%D8%AF_%D8%A2%D8%A8%D8%A7%D8%AF
http://www.wikidata.org/entity/Q33081	ar	لغة دزونكا	لغة وطنية في بوتان	Q34770	language	104	https://ar.wikipedia.org/wiki/%D9%84%D8%BA%D8%A9_%D8%AF%D8%B2%D9%88%D9%86%D9%83%D8%A7
http://www.wikidata.org/entity/Q331099	ar	جزيرة موزنبيق	جزيرة في موزمبيق	Q515	city	59	https://ar.wikipedia.org/wiki/%D8%AC%D8%B2%D9%8A%D8%B1%D8%A9_%D9%85%D9%88%D8%B2%D9%85%D8%A8%D9%8A%D9%82
http://www.wikidata.org/entity/Q33125	ar	لغة التشوليم		Q34770	language	41	https://ar.wikipedia.org/wiki/%D9%84%D8%BA%D8%A9_%D8%A7%D9%84%D8%AA%D8%B4%D9%88%D9%84%D9%8A%D9%85
http://www.wikidata.org/entity/Q33138	ar	الخوارزمية	لغة إيرانية منقرضة وثيقة الصلة بالصغدية	Q34770	language	34	https://ar.wikipedia.org/wiki/%D8%A7%D9%84%D9%84%D8%BA%D8%A9_%D8%A7%D9%84%D8%AE%D9%88%D8%A7%D8%B1%D8%B2%D9%85%D9%8A%D8%A9
http://www.wikidata.org/entity/Q33151	ar	البنجرية		Q34770	language	66	https://ar.wikipedia.org/wiki/%D8%A7%D9%84%D9%84%D8%BA%D8%A9_%D8%A7%D9%84%D8%A8%D9%86%D8%AC%D8%B1%D9%8A%D8%A9
http://www.wikidata.org/entity/Q33161	ar	لغة تروكية		Q34770	language	33	
http://www.wikidata.org/entity/Q33173	ar	لهجة جاتجامية		Q34770	language	38	https://ar.wikipedia.org/wiki/%D8%A7%D9%84%D9%84%D8%BA%D8%A9_%D8%A7%D9%84%D8%AC%D8%A7%D8%AA%D8%AC%D8%A7%D9%85%D9%8A%D8%A9
http://www.wikidata.org/entity/Q331764	ar	ألبوري		Q515	city	54	https://ar.wikipedia.org/wiki/%D8%A3%D9%84%D8%A8%D9%88%D8%B1%D9%8A_(%D9%86%D9%8A%D9%88_%D8%B3%D8%A7%D9%88%D8%AB_%D9%88%D9%8A%D9%84%D8%B2)
http://www.wikidata.org/entity/Q33190	ar	البوقسية	اللغة المستخدمة في إندونيسيا	Q34770	language	71	https://ar.wikipedia.org/wiki/%D8%A7%D9%84%D9%84%D8%BA%D8%A9_%D8%A7%D9%84%D8%A8%D9%88%D9%82%D8%B3%D9%8A%D8%A9
http://www.wikidata.org/entity/Q33230	ar	الآرامية البوتانية الحديثة		Q34770	language	9	https://ar.wikipedia.org/wiki/%D8%A7%D9%84%D9%84%D8%BA%D8%A9_%D8%A7%D9%84%D8%A2%D8%B1%D8%A7%D9%85%D9%8A%D8%A9_%D8%A7%D9%84%D8%A8%D9%88%D8%AA%D8%A7%D9%86%D9%8A%D8%A9_%D8%A7%D9%84%D8%AD%D8%AF%D9%8A%D8%AB%D8%A9
http://www.wikidata.org/entity/Q332319	ar	ميكيلي	منطقة مأهولة في إثيوبيا	Q515	city	69	https://ar.wikipedia.org/wiki/%D9%85%D9%82%D9%84%D9%89
http://www.wikidata.org/entity/Q332342	ar	كلية الثالوث، كامبريدج	إحدى كليات جامعة كامبردج	Q3918	university	48	https://ar.wikipedia.org/wiki/%D9%83%D9%84%D9%8A%D8%A9_%D8%A7%D9%84%D8%AB%D8%A7%D9%84%D9%88%D8%AB_(%D9%83%D8%A7%D9%85%D8%A8%D8%B1%D9%8A%D8%AF%D8%AC)
http://www.wikidata.org/entity/Q33236	ar	لغة آرامية كلدانية حديثة		Q34770	language	10	https://ar.wikipedia.org/wiki/%D8%A7%D9%84%D9%84%D8%BA%D8%A9_%D8%A7%D9%84%D8%A2%D8%B1%D8%A7%D9%85%D9%8A%D8%A9_%D8%A7%D9%84%D9%83%D9%84%D8%AF%D8%A7%D9%86%D9%8A%D8%A9_%D8%A7%D9%84%D8%AD%D8%AF%D9%8A%D8%AB%D8%A9
http://www.wikidata.org/entity/Q33239	ar	السيبوانية	لغة أسترونيزية يتمركز متحدثوها في الفلبين	Q34770	language	108	https://ar.wikipedia.org/wiki/%D8%A7%D9%84%D9%84%D8%BA%D8%A9_%D8%A7%D9%84%D8%B3%D9%8A%D8%A8%D9%88%D8%A7%D9%86%D9%8A%D8%A9
http://www.wikidata.org/entity/Q33265	ar	الشايانية		Q34770	language	48	https://ar.wikipedia.org/wiki/%D8%A7%D9%84%D9%84%D8%BA%D8%A9_%D8%A7%D9%84%D8%B4%D8%A7%D9%8A%D8%A7%D9%86%D9%8A%D8%A9
http://www.wikidata.org/entity/Q33270	ar	الهويوية		Q34770	language	40	https://ar.wikipedia.org/wiki/%D8%A7%D9%84%D9%84%D8%BA%D8%A9_%D8%A7%D9%84%D9%87%D9%88%D9%8A%D9%88%D9%8A%D8%A9
http://www.wikidata.org/entity/Q3327000	ar	لغة اسكتلندية وسطى	لغة أنجلية	Q34770	language	7	https://ar.wikipedia.org/wiki/%D9%84%D8%BA%D8%A9_%D8%A5%D8%B3%D9%83%D8%AA%D9%84%D9%86%D8%AF%D9%8A%D8%A9_%D9%88%D8%B3%D8%B7%D9%89
http://www.wikidata.org/entity/Q33276	ar	لغة شناوية		Q34770	language	17	https://ar.wikipedia.org/wiki/%D9%84%D9%87%D8%AC%D8%A9_%D8%B4%D9%86%D8%A7%D9%88%D9%8A%D8%A9
http://www.wikidata.org/entity/Q33284	ar	بيكول المركزية	اللغة الأكثر استخداما في منطقة بيكول في لوزون، الفلبين	Q34770	language	38	
http://www.wikidata.org/entity/Q33290	ar	سورث هرتفين		Q34770	language	14	https://ar.wikipedia.org/wiki/%D8%B3%D9%88%D8%B1%D8%AB_%D9%87%D8%B1%D8%AA%D9%81%D9%8A%D9%86
http://www.wikidata.org/entity/Q33291	ar	الفون		Q34770	language	58	https://ar.wikipedia.org/wiki/%D8%A7%D9%84%D9%81%D9%88%D9%86
http://www.wikidata.org/entity/Q33295	ar	الفيجية	لغة في فيجي	Q34770	language	84	https://ar.wikipedia.org/wiki/%D8%A7%D9%84%D9%84%D8%BA%D8%A9_%D8%A7%D9%84%D9%81%D9%8A%D8%AC%D9%8A%D8%A9
http://www.wikidata.org/entity/Q33299	ar	لغة هوبيوت		Q34770	language	16	https://ar.wikipedia.org/wiki/%D9%84%D8%BA%D8%A9_%D9%87%D9%88%D8%A8%D9%8A%D9%88%D8%AA
http://www.wikidata.org/entity/Q33302	ar	لغة الإشارة الفرنسية		Q34770	language	51	https://ar.wikipedia.org/wiki/%D9%84%D8%BA%D8%A9_%D8%A7%D9%84%D8%A5%D8%B4%D8%A7%D8%B1%D8%A9_%D8%A7%D9%84%D9%81%D8%B1%D9%86%D8%B3%D9%8A%D8%A9
http://www.wikidata.org/entity/Q333074	ar	موندو		Q515	city	60	https://ar.wikipedia.org/wiki/%D9%85%D9%88%D9%86%D8%AF%D9%88
http://www.wikidata.org/entity/Q333476	ar	سيغو		Q515	city	57	https://ar.wikipedia.org/wiki/%D8%B3%D9%8A%D8%BA%D9%88
http://www.wikidata.org/entity/Q3336118	ar	ناراغانسيت	لغة	Q34770	language	11	
http://www.wikidata.org/entity/Q33364	ar	الفوراوية	تتحدد اللغة بتحديد الجنس المتكلم باللغة نفسها - هي ليست من اللغات النيلية	Q34770	language	31	https://ar.wikipedia.org/wiki/%D8%A7%D9%84%D9%84%D8%BA%D8%A9_%D8%A7%D9%84%D9%81%D9%88%D8%B1%D8%A7%D9%88%D9%8A%D8%A9
http://www.wikidata.org/entity/Q333705	ar	التخنيون - معهد إسرائيل للتكنولوجيا	جامعة في إسرائيل	Q3918	university	39	https://ar.wikipedia.org/wiki/%D8%A7%D9%84%D8%AA%D8%AE%D9%86%D9%8A%D9%88%D9%86_-_%D9%85%D8%B9%D9%87%D8%AF_%D8%A5%D8%B3%D8%B1%D8%A7%D8%A6%D9%8A%D9%84_%D9%84%D9%84%D8%AA%D9%83%D9%86%D9%88%D9%84%D9%88%D8%AC%D9%8A%D8%A7
http://www.wikidata.org/entity/Q33377	ar	جالاندهار	مستوطنة في الهند	Q515	city	77	https://ar.wikipedia.org/wiki/%D8%AC%D9%84%D9%86%D8%AF%D8%B1
http://www.wikidata.org/entity/Q33385	ar	الألمانية الهوتريتية	لهجة ألمانية	Q34770	language	17	
http://www.wikidata.org/entity/Q333928	ar	ماراكاي		Q515	city	58	https://ar.wikipedia.org/wiki/%D9%85%D8%A7%D8%B1%D8%A7%D9%83%D8%A7%D9%8A
http://www.wikidata.org/entity/Q334	ar	سنغافورة	دولة في جنوب شرق آسيا	Q515	city	328	https://ar.wikipedia.org/wiki/%D8%B3%D9%86%D8%BA%D8%A7%D9%81%D9%88%D8%B1%D8%A9
http://www.wikidata.org/entity/Q334	ar	سنغافورة	دولة في جنوب شرق آسيا	Q6256	country	328	https://ar.wikipedia.org/wiki/%D8%B3%D9%86%D8%BA%D8%A7%D9%81%D9%88%D8%B1%D8%A9
http://www.wikidata.org/entity/Q33402	ar	لغة لواتية	لغة من اللغات الهندوآرية	Q34770	language	6	https://ar.wikipedia.org/wiki/%D8%A7%D9%84%D9%84%D8%BA%D8%A9_%D8%A7%D9%84%D9%84%D9%88%D8%A7%D8%AA%D9%8A%D8%A9
http://www.wikidata.org/entity/Q33411	ar	لغة هادزا		Q34770	language	34	https://ar.wikipedia.org/wiki/%D9%84%D8%BA%D8%A9_%D9%87%D8%A7%D8%AF%D8%B2%D8%A7
http://www.wikidata.org/entity/Q33423	ar	الحرسوسية		Q34770	language	19	https://ar.wikipedia.org/wiki/%D8%A7%D9%84%D9%84%D8%BA%D8%A9_%D8%A7%D9%84%D8%AD%D8%B1%D8%B3%D9%88%D8%B3%D9%8A%D8%A9
http://www.wikidata.org/entity/Q33427	ar	البلبالية	من لغات السونغاي المنتشرة في محيط نهر النيجر	Q34770	language	13	https://ar.wikipedia.org/wiki/%D8%A7%D9%84%D9%84%D8%BA%D8%A9_%D8%A7%D9%84%D8%A8%D9%84%D8%A8%D8%A7%D9%84%D9%8A%D8%A9
http://www.wikidata.org/entity/Q33428	ar	فينه	مدينة فيتنامية	Q515	city	52	https://ar.wikipedia.org/wiki/%D9%81%D9%8A%D9%86%D9%87
http://www.wikidata.org/entity/Q33436	ar	لغة لال	لغة مستعملة في جنوب دولة تشاد	Q34770	language	20	https://ar.wikipedia.org/wiki/%D9%84%D8%BA%D8%A9_%D9%84%D8%A7%D9%84
http://www.wikidata.org/entity/Q33445	ar	الشحرية		Q34770	language	21	https://ar.wikipedia.org/wiki/%D8%A7%D9%84%D9%84%D8%BA%D8%A9_%D8%A7%D9%84%D8%B4%D8%AD%D8%B1%D9%8A%D8%A9
http://www.wikidata.org/entity/Q3344791	ar	نوتوويي	لغة	Q34770	language	8	
http://www.wikidata.org/entity/Q334577	ar	كويتزالتنانغو		Q515	city	62	https://ar.wikipedia.org/wiki/%D9%83%D9%88%D9%8A%D8%AA%D8%B2%D8%A7%D9%84%D8%AA%D9%86%D8%A7%D9%86%D8%BA%D9%88
http://www.wikidata.org/entity/Q33463	ar	سورث كوي سنجق		Q34770	language	9	https://ar.wikipedia.org/wiki/%D8%B3%D9%88%D8%B1%D8%AB_%D9%83%D9%88%D9%8A_%D8%B3%D9%86%D8%AC%D9%82
http://www.wikidata.org/entity/Q334879	ar	إرلانغ	لغة برمجة	Q9143	programming language	39	https://ar.wikipedia.org/wiki/%D8%A5%D8%B1%D9%84%D8%A7%D9%86%D8%AC
http://www.wikidata.org/entity/Q33491	ar	الكريولية الهايتية	لغة	Q34770	language	92	https://ar.wikipedia.org/wiki/%D8%A7%D9%84%D9%84%D8%BA%D8%A9_%D8%A7%D9%84%D9%83%D8%B1%D9%8A%D9%88%D9%84%D9%8A%D8%A9_%D8%A7%D9%84%D9%87%D8%A7%D9%8A%D8%AA%D9%8A%D8%A9
http://www.wikidata.org/entity/Q33500	ar	المندائية		Q34770	language	35	https://ar.wikipedia.org/wiki/%D8%A7%D9%84%D9%84%D8%BA%D8%A9_%D8%A7%D9%84%D9%85%D9%86%D8%AF%D8%A7%D8%A6%D9%8A%D8%A9
http://www.wikidata.org/entity/Q335322	ar	بوانت-آه-بيتر	بلدية فرنسية في إقليم غوادلوب	Q515	city	63	https://ar.wikipedia.org/wiki/%D8%A8%D9%88%D8%A7%D9%86%D8%AA-%D8%A2%D9%87-%D8%A8%D9%8A%D8%AA%D8%B1
http://www.wikidata.org/entity/Q33537	ar	لغة لاكوتا		Q34770	language	43	https://ar.wikipedia.org/wiki/%D9%84%D8%BA%D8%A9_%D9%84%D8%A7%D9%83%D9%88%D8%AA%D8%A7
http://www.wikidata.org/entity/Q33541	ar	القرقلباغية	إحدى اللغات التركية في آسيا الوسطى، وهي لغة الدولة في كاراكالباكستان	Q34770	language	87	https://ar.wikipedia.org/wiki/%D8%A7%D9%84%D9%84%D8%BA%D8%A9_%D8%A7%D9%84%D9%82%D8%B1%D9%82%D9%84%D8%A8%D8%A7%D8%BA%D9%8A%D8%A9
http://www.wikidata.org/entity/Q335478	ar	مأرب	مدينة يمنية: عبق التاريخ وأرض الملوك الذين حكموا قبل ستة آلاف عام	Q515	city	54	https://ar.wikipedia.org/wiki/%D9%85%D8%A3%D8%B1%D8%A8
http://www.wikidata.org/entity/Q33549	ar	الجاوية		Q34770	language	128	https://ar.wikipedia.org/wiki/%D8%A7%D9%84%D9%84%D8%BA%D8%A9_%D8%A7%D9%84%D8%AC%D8%A7%D9%88%D9%8A%D8%A9
http://www.wikidata.org/entity/Q335548	ar	مبيا		Q515	city	56	https://ar.wikipedia.org/wiki/%D9%85%D8%A8%D9%8A%D8%A7
http://www.wikidata.org/entity/Q33557	ar	الكاريلية		Q34770	language	98	https://ar.wikipedia.org/wiki/%D8%A7%D9%84%D9%84%D8%BA%D8%A9_%D8%A7%D9%84%D9%83%D8%A7%D8%B1%D9%8A%D9%84%D9%8A%D8%A9
http://www.wikidata.org/entity/Q33563	ar	لغة خانتي		Q34770	language	73	https://ar.wikipedia.org/wiki/%D9%84%D8%BA%D8%A9_%D8%AE%D8%A7%D9%86%D8%AA%D9%8A
http://www.wikidata.org/entity/Q33578	ar	الإيجبوية	لغة نيجيرية كونغولية	Q34770	language	99	https://ar.wikipedia.org/wiki/%D9%84%D8%BA%D8%A9_%D8%A7%D9%84%D8%A5%D8%BA%D8%A8%D9%88
http://www.wikidata.org/entity/Q33581	ar	سلوفيانسك		Q515	city	76	https://ar.wikipedia.org/wiki/%D8%B3%D9%84%D9%88%D9%81%D9%8A%D8%A7%D9%86%D8%B3%D9%83
http://www.wikidata.org/entity/Q33591	ar	لغة مونو		Q34770	language	15	https://ar.wikipedia.org/wiki/%D9%84%D8%BA%D8%A9_%D9%85%D9%88%D9%86%D9%88
http://www.wikidata.org/entity/Q33613	ar	كراماتورسك	مدينة في أوكرانيا	Q515	city	75	https://ar.wikipedia.org/wiki/%D9%83%D8%B1%D8%A7%D9%85%D8%A7%D8%AA%D9%88%D8%B1%D8%B3%D9%83
http://www.wikidata.org/entity/Q33617	ar	هيري موتو	لغة	Q34770	language	70	https://ar.wikipedia.org/wiki/%D9%87%D9%8A%D8%B1%D9%8A_%D9%85%D9%88%D8%AA%D9%88
http://www.wikidata.org/entity/Q3361895	ar	لغة بانارا		Q34770	language	9	https://ar.wikipedia.org/wiki/%D9%84%D8%BA%D8%A9_%D8%A8%D8%A7%D9%86%D8%A7%D8%B1%D8%A7
http://www.wikidata.org/entity/Q33624	ar	لغة إيتلمينية		Q34770	language	38	https://ar.wikipedia.org/wiki/%D9%84%D8%BA%D8%A9_%D8%A5%D9%8A%D8%AA%D9%84%D9%85%D9%8A%D9%86%D9%8A%D8%A9
http://www.wikidata.org/entity/Q336250	ar	ليينز	بلدية في النمسا	Q515	city	64	https://ar.wikipedia.org/wiki/%D9%84%D9%8A%D9%8A%D9%86%D8%B2
http://www.wikidata.org/entity/Q33626	ar	الهرارية	لغة قوم الهرر في أثيوبيا	Q34770	language	22	https://ar.wikipedia.org/wiki/%D9%87%D8%B1%D8%B1%D9%8A%D8%A9
http://www.wikidata.org/entity/Q336264	ar	جامعة كيوتو	جامعة في اليابان	Q3918	university	84	https://ar.wikipedia.org/wiki/%D8%AC%D8%A7%D9%85%D8%B9%D8%A9_%D9%83%D9%8A%D9%88%D8%AA%D9%88
http://www.wikidata.org/entity/Q33627	ar	لغة إيلي التركية		Q34770	language	27	https://ar.wikipedia.org/wiki/%D9%84%D8%BA%D8%A9_%D8%A5%D9%8A%D9%84%D9%8A_%D8%A7%D9%84%D8%AA%D8%B1%D9%83%D9%8A%D8%A9
http://www.wikidata.org/entity/Q33634	ar	اللغة القلميقية		Q34770	language	78	https://ar.wikipedia.org/wiki/%D8%A7%D9%84%D9%84%D8%BA%D8%A9_%D8%A7%D9%84%D9%82%D9%84%D9%85%D9%8A%D9%82%D9%8A%D8%A9
http://www.wikidata.org/entity/Q33655	ar	البيدغينية النيجيرية	اللغات الكريولية القائمة على اللغة الإنجليزية	Q34770	language	24	
http://www.wikidata.org/entity/Q33657	ar	الكيلكية		Q34770	language	60	https://ar.wikipedia.org/wiki/%D8%A7%D9%84%D9%84%D8%BA%D8%A9_%D8%A7%D9%84%D8%AC%D9%8A%D9%84%D8%A7%D9%83%D9%8A%D8%A9
http://www.wikidata.org/entity/Q33661	ar	الكريولية الموريشية		Q34770	language	34	https://ar.wikipedia.org/wiki/%D8%A7%D9%84%D9%84%D8%BA%D8%A9_%D8%A7%D9%84%D9%83%D8%B1%D9%8A%D9%88%D9%84%D9%8A%D8%A9_%D8%A7%D9%84%D9%85%D9%88%D8%B1%D9%8A%D8%B4%D9%8A%D8%A9
http://www.wikidata.org/entity/Q336661	ar	قنا	مدينة مصرية و عاصمة محافظة قنا بمصر	Q515	city	55	https://ar.wikipedia.org/wiki/%D9%82%D9%86%D8%A7
http://www.wikidata.org/entity/Q336966	ar	بنها	مدينة مصرية و عاصمة محافظة القليوبية شمال القاهرة بمصر	Q515	city	50	https://ar.wikipedia.org/wiki/%D8%A8%D9%86%D9%87%D8%A7
http://www.wikidata.org/entity/Q3370	ar	زادار	مدينة كرواتية	Q515	city	102	https://ar.wikipedia.org/wiki/%D8%B2%D8%A7%D8%AF%D8%A7%D8%B1
http://www.wikidata.org/entity/Q33714	ar	القراشاية البلقارية	لغة أتراكية	Q34770	language	85	https://ar.wikipedia.org/wiki/%D9%84%D8%BA%D8%A9_%D8%A7%D9%84%D9%82%D8%B1%D8%A7%D8%B4%D8%A7%D9%8A_%D8%A8%D9%84%D9%82%D8%A7%D8%B1
http://www.wikidata.org/entity/Q33743	ar	مهر	لغة	Q34770	language	7	https://ar.wikipedia.org/wiki/%D9%85%D9%87%D8%B1_(%D9%84%D8%BA%D8%A9)
http://www.wikidata.org/entity/Q337530	ar	سار	مدينة ومحافظة فرعية في تشاد	Q515	city	51	https://ar.wikipedia.org/wiki/%D8%B3%D8%A7%D8%B1%D8%A9_(%D9%85%D8%AF%D9%8A%D9%86%D8%A9)
http://www.wikidata.org/entity/Q33765	ar	لغة الإشارة النيكاراغوية		Q34770	language	41	https://ar.wikipedia.org/wiki/%D9%84%D8%BA%D8%A9_%D8%A7%D9%84%D8%A5%D8%B4%D8%A7%D8%B1%D8%A9_%D8%A7%D9%84%D9%86%D9%8A%D9%83%D8%A7%D8%B1%D8%A7%D8%BA%D9%88%D9%8A%D8%A9
http://www.wikidata.org/entity/Q33790	ar	النييوية		Q34770	language	61	https://ar.wikipedia.org/wiki/%D8%A7%D9%84%D9%84%D8%BA%D8%A9_%D8%A7%D9%84%D9%86%D9%8A%D9%8A%D9%88%D9%8A%D8%A9
http://www.wikidata.org/entity/Q33810	ar	لغة الأوريا	لغة هندية تنتمي إلى الهندية الآرية	Q34770	language	117	https://ar.wikipedia.org/wiki/%D9%84%D8%BA%D8%A9_%D8%A7%D9%84%D8%A3%D9%88%D8%B1%D9%8A%D8%A7
http://www.wikidata.org/entity/Q33811	ar	شوشوني	لغة	Q34770	language	22	
http://www.wikidata.org/entity/Q33856	ar	بابيامنتو		Q34770	language	87	https://ar.wikipedia.org/wiki/%D8%A8%D8%A7%D8%A8%D9%8A%D8%A7%D9%85%D9%86%D8%AA%D9%88
http://www.wikidata.org/entity/Q33864	ar	الأوروموية	لغة منطوقة في أثيوبيا	Q34770	language	84	https://ar.wikipedia.org/wiki/%D9%84%D8%BA%D8%A9_%D8%A7%D9%84%D8%A3%D9%88%D8%B1%D9%88%D9%85%D9%88
http://www.wikidata.org/entity/Q33868	ar	الميتية	اللغة السائدة واللغة المشتركة في ولاية مانيبور، في شمال شرق الهند	Q34770	language	87	https://ar.wikipedia.org/wiki/%D8%A7%D9%84%D9%84%D8%BA%D8%A9_%D8%A7%D9%84%D9%85%D9%8A%D8%AA%D9%8A%D8%A9
http://www.wikidata.org/entity/Q33880	ar	السلتية (لغة)		Q34770	language	18	
http://www.wikidata.org/entity/Q338844	ar	باتنة	بلدية جزائرية	Q515	city	63	https://ar.wikipedia.org/wiki/%D8%A8%D8%A7%D8%AA%D9%86%D8%A9
http://www.wikidata.org/entity/Q33890	ar	لغة سوثو شمالية		Q34770	language	66	https://ar.wikipedia.org/wiki/%D8%A7%D9%84%D9%84%D8%BA%D8%A9_%D8%A7%D9%84%D8%B3%D9%88%D8%AA%D9%8A%D8%A9_%D8%A7%D9%84%D8%B4%D9%85%D8%A7%D9%84%D9%8A%D8%A9
http://www.wikidata.org/entity/Q33914	ar	سينايا		Q34770	language	11	https://ar.wikipedia.org/wiki/%D8%B3%D9%8A%D9%86%D8%A7%D9%8A%D8%A7_(%D9%84%D8%BA%D8%A9)
http://www.wikidata.org/entity/Q3393063	ar	ملحسو		Q34770	language	12	https://ar.wikipedia.org/wiki/%D9%85%D9%84%D8%AD%D8%B3%D9%88
http://www.wikidata.org/entity/Q33935	ar	تل أبيب	مدينة ساحلية في إسرائيل	Q515	city	191	https://ar.wikipedia.org/wiki/%D8%AA%D9%84_%D8%A3%D8%A8%D9%8A%D8%A8
http://www.wikidata.org/entity/Q3394363	ar	اللغة السنغسري	لغة إيرانية يتم التحدث بها بشكل رئيسي في مقاطعتي سمنان وطهران في إيران	Q34770	language	19	https://ar.wikipedia.org/wiki/%D8%A7%D9%84%D9%84%D8%BA%D8%A9_%D8%A7%D9%84%D8%B3%D9%86%D8%BA%D8%B3%D8%B1%D9%8A
http://www.wikidata.org/entity/Q33947	ar	اللغة السامي الشمالية		Q34770	language	87	https://ar.wikipedia.org/wiki/%D8%A7%D9%84%D9%84%D8%BA%D8%A9_%D8%A7%D9%84%D8%B3%D8%A7%D9%85%D9%8A_%D8%A7%D9%84%D8%B4%D9%85%D8%A7%D9%84%D9%8A%D8%A9
http://www.wikidata.org/entity/Q339527	ar	لاونسستون		Q515	city	61	https://ar.wikipedia.org/wiki/%D9%84%D8%A7%D9%88%D9%86%D8%B3%D8%B3%D8%AA%D9%88%D9%86
http://www.wikidata.org/entity/Q33954	ar	السنغوية	لغة إفريقية	Q34770	language	67	https://ar.wikipedia.org/wiki/%D8%A7%D9%84%D9%84%D8%BA%D8%A9_%D8%A7%D9%84%D8%B3%D9%86%D8%BA%D9%88%D9%8A%D8%A9
http://www.wikidata.org/entity/Q33962	ar	سانريمو	مدينة إيطالية	Q515	city	110	https://ar.wikipedia.org/wiki/%D8%B3%D8%A7%D9%86%D8%B1%D9%8A%D9%85%D9%88
http://www.wikidata.org/entity/Q33990	ar	لغة سوسوية	لغة في غرب أفريقيا	Q34770	language	27	https://ar.wikipedia.org/wiki/%D8%A7%D9%84%D9%84%D8%BA%D8%A9_%D8%A7%D9%84%D8%B3%D9%88%D8%B3%D9%88%D9%8A%D8%A9
http://www.wikidata.org/entity/Q3399507	ar	لهجة قشقادریة		Q34770	language	11	
http://www.wikidata.org/entity/Q34	ar	السويد	دولة في أوروبا	Q6256	country	368	https://ar.wikipedia.org/wiki/%D8%A7%D9%84%D8%B3%D9%88%D9%8A%D8%AF
http://www.wikidata.org/entity/Q34001	ar	روبيه	ليل حاضرة	Q515	city	184	https://ar.wikipedia.org/wiki/%D8%B1%D9%88%D8%A8%D9%8A%D9%87_(%D9%85%D8%AF%D9%8A%D9%86%D8%A9)
http://www.wikidata.org/entity/Q34002	ar	الصندية	إحدى لغات إندونيسيا	Q34770	language	102	https://ar.wikipedia.org/wiki/%D9%84%D8%BA%D8%A9_%D8%B5%D9%86%D8%AF%D9%8A%D8%A9
http://www.wikidata.org/entity/Q3400829	ar	شعب افيتي		Q34770	language	6	
http://www.wikidata.org/entity/Q34010	ar	هاسكل	لغة برمجة	Q9143	programming language	70	https://ar.wikipedia.org/wiki/%D9%87%D8%A7%D8%B3%D9%83%D9%84
http://www.wikidata.org/entity/Q34014	ar	السوازية		Q34770	language	87	https://ar.wikipedia.org/wiki/%D9%84%D8%BA%D8%A9_%D8%B3%D9%88%D8%A7%D8%B2%D9%8A
http://www.wikidata.org/entity/Q34015	ar	الكريولية السيشيلية	لغات مولدة فرنسية	Q34770	language	49	https://ar.wikipedia.org/wiki/%D8%A7%D9%84%D9%84%D8%BA%D8%A9_%D8%A7%D9%84%D9%83%D8%B1%D9%8A%D9%88%D9%84%D9%8A%D8%A9_%D8%A7%D9%84%D8%B3%D9%8A%D8%B4%D9%8A%D9%84%D9%8A%D8%A9
http://www.wikidata.org/entity/Q34020	ar	نييوي	دولة جزرية في المحيط الهادئ	Q6256	country	178	https://ar.wikipedia.org/wiki/%D9%86%D9%8A%D9%8A%D9%88%D9%8A
http://www.wikidata.org/entity/Q34022	ar	التوبيانية		Q34770	language	24	https://ar.wikipedia.org/wiki/%D8%A7%D9%84%D8%AA%D9%88%D8%A8%D9%8A%D8%A7%D9%86%D9%8A%D8%A9
http://www.wikidata.org/entity/Q34024	ar	اللغة البيكاردية	لغة رومانسية	Q34770	language	74	https://ar.wikipedia.org/wiki/%D8%A7%D9%84%D9%84%D8%BA%D8%A9_%D8%A7%D9%84%D8%A8%D9%8A%D9%83%D8%A7%D8%B1%D8%AF%D9%8A%D8%A9
http://www.wikidata.org/entity/Q34040	ar	لهجة طورية		Q34770	language	29	https://ar.wikipedia.org/wiki/%D9%84%D9%87%D8%AC%D8%A9_%D8%B7%D9%88%D8%B1%D9%8A%D8%A9
http://www.wikidata.org/entity/Q34067	ar	لغة سفان		Q34770	language	63	https://ar.wikipedia.org/wiki/%D9%84%D8%BA%D8%A9_%D8%B3%D9%81%D8%A7%D9%86
http://www.wikidata.org/entity/Q34079	ar	التباسرانية		Q34770	language	54	https://ar.wikipedia.org/wiki/%D8%A7%D9%84%D9%84%D8%BA%D8%A9_%D8%A7%D9%84%D8%AA%D8%A8%D8%A7%D8%B3%D8%B1%D8%A7%D9%86%D9%8A%D8%A9
http://www.wikidata.org/entity/Q34101	ar	تونغا	لغة بانتو يتحدث بها في زامبيا وزيمبابوي.	Q34770	language	29	
http://www.wikidata.org/entity/Q34108	ar	الليونية	لغة رومانسية	Q34770	language	91	https://ar.wikipedia.org/wiki/%D8%A7%D9%84%D9%84%D8%BA%D8%A9_%D8%A7%D9%84%D9%84%D9%8A%D9%88%D9%86%D9%8A%D8%A9
http://www.wikidata.org/entity/Q34116	ar	ثاندر باي		Q515	city	65	https://ar.wikipedia.org/wiki/%D8%AB%D8%A7%D9%86%D8%AF%D8%B1_%D8%A8%D8%A7%D9%8A_(%D8%A3%D9%88%D9%86%D8%AA%D8%A7%D8%B1%D9%8A%D9%88)
http://www.wikidata.org/entity/Q34124	ar	التغرينية	لغة إريترية	Q34770	language	101	https://ar.wikipedia.org/wiki/%D8%A7%D9%84%D9%84%D8%BA%D8%A9_%D8%A7%D9%84%D8%AA%D8%BA%D8%B1%D9%8A%D9%86%D9%8A%D8%A9
http://www.wikidata.org/entity/Q34126	ar	فونافوتي	عاصمة توفالو	Q515	city	122	https://ar.wikipedia.org/wiki/%D9%81%D9%88%D9%86%D8%A7%D9%81%D9%88%D8%AA%D9%8A
http://www.wikidata.org/entity/Q34133	ar	التساتية		Q34770	language	24	https://ar.wikipedia.org/wiki/%D8%A7%D9%84%D9%84%D8%BA%D8%A9_%D8%A7%D9%84%D8%AA%D8%B3%D8%A7%D8%AA%D9%8A%D8%A9
http://www.wikidata.org/entity/Q34137	ar	التسوانية	لغة	Q34770	language	89	https://ar.wikipedia.org/wiki/%D8%A7%D9%84%D9%84%D8%BA%D8%A9_%D8%A7%D9%84%D8%AA%D8%B3%D9%88%D8%A7%D9%86%D9%8A%D8%A9
http://www.wikidata.org/entity/Q34139	ar	لغة الشور		Q34770	language	45	https://ar.wikipedia.org/wiki/%D9%84%D8%BA%D8%A9_%D8%A7%D9%84%D8%B4%D9%88%D8%B1
http://www.wikidata.org/entity/Q3414490	ar	كيلوت	لغة	Q34770	language	7	
http://www.wikidata.org/entity/Q3414522	ar	كينولت	لغة	Q34770	language	6	
http://www.wikidata.org/entity/Q3415	ar	أنقونة	من مدن إقليم ماركة الإيطالي	Q515	city	120	https://ar.wikipedia.org/wiki/%D8%A3%D9%86%D9%83%D9%88%D9%86%D8%A9
http://www.wikidata.org/entity/Q3417070	ar	نرويجية وسطى	لغة	Q34770	language	12	https://ar.wikipedia.org/wiki/%D8%A7%D9%84%D9%84%D8%BA%D8%A9_%D8%A7%D9%84%D9%86%D8%B1%D9%88%D9%8A%D8%AC%D9%8A%D8%A9_%D8%A7%D9%84%D9%88%D8%B3%D8%B7%D9%89
http://www.wikidata.org/entity/Q34173	ar	لغة تشيلوبا	فرع من لغات البانتو	Q34770	language	46	https://ar.wikipedia.org/wiki/%D9%84%D8%BA%D8%A9_%D8%AA%D8%B4%D9%8A%D9%84%D9%88%D8%A8%D8%A7
http://www.wikidata.org/entity/Q34174	ar	الريفية	لغة أمازيغية في شمال المغرب	Q34770	language	56	https://ar.wikipedia.org/wiki/%D8%A3%D9%85%D8%A7%D8%B2%D9%8A%D8%BA%D9%8A%D8%A9_%D8%B1%D9%8A%D9%81%D9%8A%D8%A9
http://www.wikidata.org/entity/Q34180	ar	برانتفورد		Q515	city	51	https://ar.wikipedia.org/wiki/%D8%A8%D8%B1%D8%A7%D9%86%D8%AA%D9%81%D9%88%D8%B1%D8%AF_(%D8%A3%D9%88%D9%86%D8%AA%D8%A7%D8%B1%D9%8A%D9%88)
http://www.wikidata.org/entity/Q34183	ar	باري		Q515	city	56	https://ar.wikipedia.org/wiki/%D8%A8%D8%A7%D8%B1%D9%8A_(%D8%A3%D9%88%D9%86%D8%AA%D8%A7%D8%B1%D9%8A%D9%88)
http://www.wikidata.org/entity/Q34198	ar	الواشوية	إحدى لغات السكان الأصليين في غربي الولايات المتحدة	Q34770	language	25	https://ar.wikipedia.org/wiki/%D9%84%D8%BA%D8%A9_%D9%88%D8%A7%D8%B4%D9%88
http://www.wikidata.org/entity/Q34217	ar	أكسفورد	مدينة في إنجلترا	Q515	city	149	https://ar.wikipedia.org/wiki/%D8%A3%D9%83%D8%B3%D9%81%D9%88%D8%B1%D8%AF
http://www.wikidata.org/entity/Q34219	ar	لغة والون		Q34770	language	102	https://ar.wikipedia.org/wiki/%D8%A7%D9%84%D9%84%D8%BA%D8%A9_%D8%A7%D9%84%D9%81%D8%A7%D9%84%D9%88%D9%86%D9%8A%D8%A9
http://www.wikidata.org/entity/Q34226	ar	آرامية غربية حديثة	إحدى فروع اللغة الآرامية	Q34770	language	20	https://ar.wikipedia.org/wiki/%D8%A2%D8%B1%D8%A7%D9%85%D9%8A%D8%A9_%D8%BA%D8%B1%D8%A8%D9%8A%D8%A9_%D8%AD%D8%AF%D9%8A%D8%AB%D8%A9
http://www.wikidata.org/entity/Q34279	ar	لغة الواراى الواراى		Q34770	language	75	https://ar.wikipedia.org/wiki/%D9%84%D8%BA%D8%A9_%D9%88%D8%A7%D8%B1%D8%A7%D9%8A_%D9%88%D8%A7%D8%B1%D8%A7%D9%8A
http://www.wikidata.org/entity/Q34280	ar	بلانكالكول	لغة برمجة	Q9143	programming language	24	https://ar.wikipedia.org/wiki/%D8%A8%D9%84%D8%A7%D9%86%D9%83%D8%A7%D9%84%D9%83%D9%88%D9%84
http://www.wikidata.org/entity/Q34327	ar	لغة تسونجا	لغة	Q34770	language	78	https://ar.wikipedia.org/wiki/%D9%84%D8%BA%D8%A9_%D8%AA%D8%B3%D9%88%D9%86%D8%BA%D8%A7
http://www.wikidata.org/entity/Q3436590	ar	لغة أشتياني		Q34770	language	13	https://ar.wikipedia.org/wiki/%D9%84%D8%BA%D8%A9_%D8%A3%D8%B4%D8%AA%D9%8A%D8%A7%D9%86%D9%8A
http://www.wikidata.org/entity/Q3437	ar	بِروجَة	بلدة في وسط إيطاليا	Q515	city	126	https://ar.wikipedia.org/wiki/%D8%A8%D8%B1%D9%88%D8%AC%D8%A9
http://www.wikidata.org/entity/Q34370	ar	روتردام	مستوطنة في هولندا	Q515	city	170	https://ar.wikipedia.org/wiki/%D8%B1%D9%88%D8%AA%D8%B1%D8%AF%D8%A7%D9%85
http://www.wikidata.org/entity/Q3441303	ar	سوكورو	لغة	Q34770	language	9	
http://www.wikidata.org/entity/Q344266	ar	صفحات خادم نشطة		Q9143	programming language	51	https://ar.wikipedia.org/wiki/%D8%B5%D9%81%D8%AD%D8%A7%D8%AA_%D8%AE%D8%A7%D8%AF%D9%85_%D9%86%D8%B4%D8%B7%D8%A9
http://www.wikidata.org/entity/Q3444486	ar	الراما	لغة	Q34770	language	15	https://ar.wikipedia.org/wiki/%D9%84%D8%BA%D8%A9_%D8%A7%D9%84%D8%B1%D8%A7%D9%85%D8%A7
http://www.wikidata.org/entity/Q3447286	ar	لغة الداباري		Q34770	language	10	https://ar.wikipedia.org/wiki/%D9%84%D8%BA%D8%A9_%D8%A7%D9%84%D8%AF%D8%A7%D8%A8%D8%A7%D8%B1%D9%8A
http://www.wikidata.org/entity/Q3449805	ar	الأذرية الجنوبية	لغة تركية	Q34770	language	13	https://ar.wikipedia.org/wiki/%D8%A7%D9%84%D9%84%D8%BA%D8%A9_%D8%A7%D9%84%D8%A3%D8%B0%D8%B1%D9%8A%D8%A9_%D8%A7%D9%84%D8%AC%D9%86%D9%88%D8%A8%D9%8A%D8%A9
http://www.wikidata.org/entity/Q3449885	ar	لغة بادوي		Q34770	language	14	https://ar.wikipedia.org/wiki/%D9%84%D8%BA%D8%A9_%D8%A8%D8%A7%D8%AF%D9%88%D9%8A
http://www.wikidata.org/entity/Q3449953	ar	لغة حوما	لغة البانتو	Q34770	language	7	https://ar.wikipedia.org/wiki/%D9%84%D8%BA%D8%A9_%D8%AD%D9%88%D9%85%D8%A7
http://www.wikidata.org/entity/Q3450749	ar	راخين	اللغة الصينية التبتية التي يتحدث بها في بنغلاديش والهند وميانمار	Q34770	language	26	
http://www.wikidata.org/entity/Q345204	ar	الداخلة	مدينة في الصحراء الغربية	Q515	city	50	https://ar.wikipedia.org/wiki/%D8%A7%D9%84%D8%AF%D8%A7%D8%AE%D9%84%D8%A9_(%D9%85%D8%AF%D9%8A%D9%86%D8%A9)
http://www.wikidata.org/entity/Q3460478	ar	لغة سابانيس		Q34770	language	10	https://ar.wikipedia.org/wiki/%D9%84%D8%BA%D8%A9_%D8%B3%D8%A7%D8%A8%D8%A7%D9%86%D9%8A%D8%B3
http://www.wikidata.org/entity/Q34647	ar	جوهانسبرغ	أكبر مدينة في جنوب إفريقيا	Q515	city	187	https://ar.wikipedia.org/wiki/%D8%AC%D9%88%D9%87%D8%A7%D9%86%D8%B3%D8%A8%D8%B1%D8%BA
http://www.wikidata.org/entity/Q34685	ar	يوروك		Q34770	language	29	
http://www.wikidata.org/entity/Q34692	ar	كينغستون	عاصمة جامايكا	Q515	city	159	https://ar.wikipedia.org/wiki/%D9%83%D9%8A%D9%86%D8%BA%D8%B3%D8%AA%D9%88%D9%86
http://www.wikidata.org/entity/Q347	ar	ليختنشتاين	دولة في أوروبا الوسطى	Q6256	country	315	https://ar.wikipedia.org/wiki/%D9%84%D9%8A%D8%AE%D8%AA%D9%86%D8%B4%D8%AA%D8%A7%D9%8A%D9%86
http://www.wikidata.org/entity/Q34754	ar	أرض الصومال	دولة معلنة من جانب الحركة الانفصالية بأرض الصومال تقع في القرن الإفريقي	Q6256	country	166	https://ar.wikipedia.org/wiki/%D8%A3%D8%B1%D8%B6_%D8%A7%D9%84%D8%B5%D9%88%D9%85%D8%A7%D9%84
http://www.wikidata.org/entity/Q3476	ar	لَكوِيلة	كومونا	Q515	city	113	https://ar.wikipedia.org/wiki/%D9%84%D9%83%D9%88%D9%8A%D9%84%D8%A9
http://www.wikidata.org/entity/Q34769	ar	لغة الاكرون		Q34770	language	14	https://ar.wikipedia.org/wiki/%D9%84%D8%BA%D8%A9_%D8%A7%D9%84%D8%A7%D9%83%D8%B1%D9%88%D9%86
http://www.wikidata.org/entity/Q34778	ar	لغة آهوم		Q34770	language	27	https://ar.wikipedia.org/wiki/%D9%84%D8%BA%D8%A9_%D8%A2%D9%87%D9%88%D9%85
http://www.wikidata.org/entity/Q34820	ar	سانتو دومينغو	عاصمة جمهورية الدومينيكان	Q515	city	153	https://ar.wikipedia.org/wiki/%D8%B3%D8%A7%D9%86%D8%AA%D9%88_%D8%AF%D9%88%D9%85%D9%8A%D9%86%D8%BA%D9%88
http://www.wikidata.org/entity/Q34832	ar	أفشارية	لغة أتراكية	Q34770	language	29	
http://www.wikidata.org/entity/Q348402	ar	جامعة آدم ميتسكيفيتش في بوزنان	جامعة في بوزنان، بولندا	Q3918	university	34	https://ar.wikipedia.org/wiki/%D8%AC%D8%A7%D9%85%D8%B9%D8%A9_%D8%A2%D8%AF%D9%85_%D9%85%D9%8A%D8%AA%D8%B3%D9%83%D9%8A%D9%81%D9%8A%D8%AA%D8%B4_%D9%81%D9%8A_%D8%A8%D9%88%D8%B2%D9%86%D8%A7%D9%86
http://www.wikidata.org/entity/Q34903	ar	باقرمي	لغة	Q34770	language	18	https://ar.wikipedia.org/wiki/%D9%84%D8%BA%D8%A9_%D8%A8%D8%A7%D9%82%D8%B1%D9%85%D9%8A
http://www.wikidata.org/entity/Q3491964	ar	سرخي		Q34770	language	15	
http://www.wikidata.org/entity/Q34932	ar	بريزبان	عاصمة كوينزلاند، أستراليا	Q515	city	164	https://ar.wikipedia.org/wiki/%D8%A8%D8%B1%D9%8A%D8%B2%D8%A8%D8%A7%D9%86
http://www.wikidata.org/entity/Q34986	ar	ترينيداد، بوليفيا		Q515	city	50	https://ar.wikipedia.org/wiki/%D8%AA%D8%B1%D9%8A%D9%86%D9%8A%D8%AF%D8%A7%D8%AF%D8%8C_%D8%A8%D9%88%D9%84%D9%8A%D9%81%D9%8A%D8%A7
http://www.wikidata.org/entity/Q34988	ar	التركية القديمة	أقدم نسخة معروفة من اللغة التركية الحالية	Q34770	language	46	https://ar.wikipedia.org/wiki/%D8%A7%D9%84%D9%84%D8%BA%D8%A9_%D8%A7%D9%84%D8%AA%D8%B1%D9%83%D9%8A%D8%A9_%D8%A7%D9%84%D9%82%D8%AF%D9%8A%D9%85%D8%A9
http://www.wikidata.org/entity/Q35	ar	الدنمارك	إحدى الدول الإسكندنافية الواقعة في شمال أوروبا	Q6256	country	368	https://ar.wikipedia.org/wiki/%D8%A7%D9%84%D8%AF%D9%86%D9%85%D8%A7%D8%B1%D9%83
http://www.wikidata.org/entity/Q350	ar	كامبريدج	مدينة ومقاطعة غير حضرية في إنجلترا	Q515	city	146	https://ar.wikipedia.org/wiki/%D9%83%D8%A7%D9%85%D8%A8%D8%B1%D9%8A%D8%AF%D8%AC
http://www.wikidata.org/entity/Q35006	ar	اللغة البلنتية	لغة	Q34770	language	14	https://ar.wikipedia.org/wiki/%D8%A7%D9%84%D9%84%D8%BA%D8%A9_%D8%A7%D9%84%D8%A8%D9%84%D9%86%D8%AA%D9%8A%D8%A9
http://www.wikidata.org/entity/Q35008	ar	البرتي		Q34770	language	11	https://ar.wikipedia.org/wiki/%D9%84%D8%BA%D8%A9_%D8%A8%D9%8A%D8%B1%D8%AA%D9%8A
http://www.wikidata.org/entity/Q35021	ar	لغة بوزوية	لغة في غرب أفريقيا	Q34770	language	15	https://ar.wikipedia.org/wiki/%D9%84%D8%BA%D8%A9_%D8%A8%D9%88%D8%B2%D9%88%D9%8A%D8%A9
http://www.wikidata.org/entity/Q3502224	ar	مالغبي	لغة أفريقية آسيوية يتحدث بها في شمال الكاميرون وجنوب غرب تشاد.	Q34770	language	9	https://ar.wikipedia.org/wiki/%D9%84%D8%BA%D8%A9_%D9%85%D8%A7%D9%84%D8%BA%D8%A8%D9%8A
http://www.wikidata.org/entity/Q3504186	ar	عربية بابالية كريولية		Q34770	language	6	
http://www.wikidata.org/entity/Q35042	ar	لغة باري		Q34770	language	17	https://ar.wikipedia.org/wiki/%D9%84%D8%BA%D8%A9_%D8%A8%D8%A7%D8%B1%D9%8A
http://www.wikidata.org/entity/Q3504208	ar	لغة الباساب	لغة	Q34770	language	13	https://ar.wikipedia.org/wiki/%D9%84%D8%BA%D8%A9_%D8%A7%D9%84%D8%A8%D8%A7%D8%B3%D8%A7%D8%A8
http://www.wikidata.org/entity/Q35045	ar	بوتوسي		Q515	city	84	https://ar.wikipedia.org/wiki/%D8%A8%D9%88%D8%AA%D9%88%D8%B3%D9%8A
http://www.wikidata.org/entity/Q35046	ar	لغة بوسو		Q34770	language	13	https://ar.wikipedia.org/wiki/%D9%84%D8%BA%D8%A9_%D8%A8%D9%88%D8%B3%D9%88
http://www.wikidata.org/entity/Q3507211	ar	لغة تقرت		Q34770	language	14	https://ar.wikipedia.org/wiki/%D8%A7%D9%84%D9%84%D8%BA%D8%A9_%D8%A7%D9%84%D8%AA%D9%82%D8%B1%D8%AA%D9%8A%D8%A9
http://www.wikidata.org/entity/Q3508617	ar	لغة مسمس		Q34770	language	10	https://ar.wikipedia.org/wiki/%D9%84%D8%BA%D8%A9_%D9%85%D8%B3%D9%85%D8%B3
http://www.wikidata.org/entity/Q35095	ar	باديارا	لغة	Q34770	language	13	
http://www.wikidata.org/entity/Q35125	ar	لغة داغك		Q34770	language	11	https://ar.wikipedia.org/wiki/%D9%84%D8%BA%D8%A9_%D8%AF%D8%A7%D8%BA%D9%83
http://www.wikidata.org/entity/Q3513637	ar	الفارسية الإيرانية	اللغة الفارسية المحكية في إيران	Q34770	language	15	https://ar.wikipedia.org/wiki/%D8%A7%D9%84%D9%81%D8%A7%D8%B1%D8%B3%D9%8A%D8%A9_%D8%A7%D9%84%D8%A5%D9%8A%D8%B1%D8%A7%D9%86%D9%8A%D8%A9
http://www.wikidata.org/entity/Q351427	ar	أداما	مستوطنة بشرية	Q515	city	52	https://ar.wikipedia.org/wiki/%D8%A3%D8%AF%D8%A7%D9%85%D8%A7
http://www.wikidata.org/entity/Q3514343	ar	لغة التوني		Q34770	language	9	https://ar.wikipedia.org/wiki/%D9%84%D8%BA%D8%A9_%D8%A7%D9%84%D8%AA%D9%88%D9%86%D9%8A
http://www.wikidata.org/entity/Q3514714	ar	أمازيغية الأطلس البليدي	لغة زناتية أمازيغية	Q34770	language	5	https://ar.wikipedia.org/wiki/%D8%A3%D9%85%D8%A7%D8%B2%D9%8A%D8%BA%D9%8A%D8%A9_%D8%A7%D9%84%D8%A3%D8%B7%D9%84%D8%B3_%D8%A7%D9%84%D8%A8%D9%84%D9%8A%D8%AF%D9%8A
http://www.wikidata.org/entity/Q3515185	ar	آبيناكي الشرقي	لغة	Q34770	language	6	
http://www.wikidata.org/entity/Q35152	ar	لغة الدلنغ	لغة في السودان	Q34770	language	6	https://ar.wikipedia.org/wiki/%D9%84%D8%BA%D8%A9_%D8%A7%D9%84%D8%AF%D9%84%D9%86%D8%AC
http://www.wikidata.org/entity/Q35162	ar	كواساتي	لغة	Q34770	language	12	
http://www.wikidata.org/entity/Q35163	ar	داي	لغة	Q34770	language	11	
http://www.wikidata.org/entity/Q351633	ar	اللغة الآدمية		Q34770	language	19	https://ar.wikipedia.org/wiki/%D8%A7%D9%84%D9%84%D8%BA%D8%A9_%D8%A7%D9%84%D8%A2%D8%AF%D9%85%D9%8A%D8%A9
http://www.wikidata.org/entity/Q35173	ar	الشينوك جارجون		Q34770	language	23	https://ar.wikipedia.org/wiki/%D8%A7%D9%84%D8%B4%D9%8A%D9%86%D9%88%D9%83_%D8%AC%D8%A7%D8%B1%D8%AC%D9%88%D9%86
http://www.wikidata.org/entity/Q35178	ar	مدينة الكويت	مدينة وعاصمة دولة الكويت	Q515	city	168	https://ar.wikipedia.org/wiki/%D9%85%D8%AF%D9%8A%D9%86%D8%A9_%D8%A7%D9%84%D9%83%D9%88%D9%8A%D8%AA
http://www.wikidata.org/entity/Q3518492	ar	لغة تيرنات		Q34770	language	15	https://ar.wikipedia.org/wiki/%D9%84%D8%BA%D8%A9_%D8%AA%D9%8A%D8%B1%D9%86%D8%A7%D8%AA
http://www.wikidata.org/entity/Q3519	ar	باري	مدينة إيطالية، عاصمة منطقة بولية	Q515	city	146	https://ar.wikipedia.org/wiki/%D8%A8%D8%A7%D8%B1%D9%8A
http://www.wikidata.org/entity/Q35214	ar	الأنغلو-نورمانية	لغة أويل كانت محكية في الجزر البريطانية	Q34770	language	36	https://ar.wikipedia.org/wiki/%D8%A7%D9%84%D9%84%D8%BA%D8%A9_%D8%A7%D9%84%D9%86%D8%B1%D9%85%D9%86%D8%AF%D9%8A%D8%A9_%D8%A7%D9%84%D8%A5%D9%86%D8%AC%D9%84%D9%8A%D8%B2%D9%8A%D8%A9
http://www.wikidata.org/entity/Q35218	ar	لغة ألمانية عليا قديمة		Q34770	language	50	https://ar.wikipedia.org/wiki/%D8%A7%D9%84%D9%84%D8%BA%D8%A9_%D8%A7%D9%84%D8%A3%D9%84%D9%85%D8%A7%D9%86%D9%8A%D8%A9_%D8%A7%D9%84%D8%B9%D9%84%D9%8A%D8%A7_%D8%A7%D9%84%D9%82%D8%AF%D9%8A%D9%85%D8%A9
http://www.wikidata.org/entity/Q35222	ar	الفرنسية القديمة	لهجة رومنسية كانت مستخدمة في مناطق النصف الشمالي من فرنسا الحالية وأجزاء من بلجيكا الحالية وسويسرا بين القرنين التاسع والرابع عشر الميلاديين	Q34770	language	63	https://ar.wikipedia.org/wiki/%D8%A7%D9%84%D9%84%D8%BA%D8%A9_%D8%A7%D9%84%D9%81%D8%B1%D9%86%D8%B3%D9%8A%D8%A9_%D8%A7%D9%84%D9%82%D8%AF%D9%8A%D9%85%D8%A9
http://www.wikidata.org/entity/Q35228	ar	صقلبية شرقية قديمة	لغة تحدث بها الصقالبة الشرقيون بين القرنين العاشر والخامس عشر الميلاديين	Q34770	language	58	https://ar.wikipedia.org/wiki/%D8%B5%D9%82%D9%84%D8%A8%D9%8A%D8%A9_%D8%B4%D8%B1%D9%82%D9%8A%D8%A9_%D9%82%D8%AF%D9%8A%D9%85%D8%A9
http://www.wikidata.org/entity/Q35242	ar	الديلمية		Q34770	language	10	https://ar.wikipedia.org/wiki/%D8%A7%D9%84%D9%84%D8%BA%D8%A9_%D8%A7%D9%84%D8%AF%D9%8A%D9%84%D9%85%D9%8A%D8%A9
http://www.wikidata.org/entity/Q35244	ar	لغة الدازاقا	اللغة صحراوية	Q34770	language	19	https://ar.wikipedia.org/wiki/%D9%84%D8%BA%D8%A9_%D8%A7%D9%84%D8%AF%D8%B2%D8%A7%D8%B2%D8%A7
http://www.wikidata.org/entity/Q35246	ar	أورورو		Q515	city	61	https://ar.wikipedia.org/wiki/%D8%A3%D9%88%D8%B1%D9%88%D8%B1%D9%88
http://www.wikidata.org/entity/Q35315	ar	أمازيغية غمارة	لهجة من لهجات اللغة الأمازيغية	Q34770	language	20	https://ar.wikipedia.org/wiki/%D8%A3%D9%85%D8%A7%D8%B2%D9%8A%D8%BA%D9%8A%D8%A9_%D8%BA%D9%85%D8%A7%D8%B1%D8%A9
http://www.wikidata.org/entity/Q35345	ar	الإبلاوية	لغة سامية شرقية منقرضة	Q34770	language	40	https://ar.wikipedia.org/wiki/%D8%A7%D9%84%D9%84%D8%BA%D8%A9_%D8%A7%D9%84%D8%A5%D8%A8%D9%84%D8%A7%D9%88%D9%8A%D8%A9
http://www.wikidata.org/entity/Q35381	ar	كولمبو	العاصمة الاقتصادية لسري لانكا	Q515	city	151	https://ar.wikipedia.org/wiki/%D9%83%D9%88%D9%84%D9%85%D8%A8%D9%88
http://www.wikidata.org/entity/Q35392	ar	اليونانية الديموطيقية		Q34770	language	24	
http://www.wikidata.org/entity/Q35401	ar	الجيو		Q34770	language	19	
http://www.wikidata.org/entity/Q3543	ar	بُتِنسة	كومونا	Q515	city	107	https://ar.wikipedia.org/wiki/%D8%A8%D8%AA%D9%86%D8%B3%D8%A9
http://www.wikidata.org/entity/Q35441	ar	لغة كادارو	لغة في السودان	Q34770	language	7	https://ar.wikipedia.org/wiki/%D9%84%D8%BA%D8%A9_%D8%A7%D9%84%D9%83%D8%A7%D8%AF%D8%A7%D8%B1%D9%88
http://www.wikidata.org/entity/Q35455	ar	لغات البيكول		Q34770	language	39	https://ar.wikipedia.org/wiki/%D9%84%D8%BA%D8%A7%D8%AA_%D8%A7%D9%84%D8%A8%D9%8A%D9%83%D9%88%D9%84
http://www.wikidata.org/entity/Q35463	ar	لغة جوتشيو		Q34770	language	20	https://ar.wikipedia.org/wiki/%D9%84%D8%BA%D8%A9_%D8%AC%D9%88%D8%AA%D8%B4%D9%8A%D9%88
http://www.wikidata.org/entity/Q35481	ar	لغة كافا		Q34770	language	15	https://ar.wikipedia.org/wiki/%D9%84%D8%BA%D8%A9_%D9%83%D8%A7%D9%81%D8%A7
http://www.wikidata.org/entity/Q35493	ar	ألماطة	كبرى مدن قزاقستان وعاصمتها السابقة	Q515	city	153	https://ar.wikipedia.org/wiki/%D8%A3%D9%84%D9%85%D8%A7%D8%AA%D9%8A
http://www.wikidata.org/entity/Q35497	ar	الإغريقية	شكل من أشكال اللغة اليونانية	Q34770	language	155	https://ar.wikipedia.org/wiki/%D8%A7%D9%84%D9%84%D8%BA%D8%A9_%D8%A7%D9%84%D8%A5%D8%BA%D8%B1%D9%8A%D9%82%D9%8A%D8%A9
http://www.wikidata.org/entity/Q3551	ar	الرباط	عاصمة المغرب	Q515	city	187	https://ar.wikipedia.org/wiki/%D8%A7%D9%84%D8%B1%D8%A8%D8%A7%D8%B7
http://www.wikidata.org/entity/Q35521	ar	كانانبو	لغة	Q34770	language	20	
http://www.wikidata.org/entity/Q35529	ar	كاركو (لغة)	لغة في السودان	Q34770	language	7	https://ar.wikipedia.org/wiki/%D9%83%D8%A7%D8%B1%D9%83%D9%88_(%D9%84%D8%BA%D8%A9)
http://www.wikidata.org/entity/Q3561	ar	الجزائر العاصمة	عاصمة الجزائر	Q515	city	214	https://ar.wikipedia.org/wiki/%D8%A7%D9%84%D8%AC%D8%B2%D8%A7%D8%A6%D8%B1_(%D9%85%D8%AF%D9%8A%D9%86%D8%A9)
http://www.wikidata.org/entity/Q35613	ar	النديبيلية الشمالية	لغة تنتمي إلى المجموعة النغونية من لغات البانتو، وهي إحدى اللغات الرسمية في زيمبابوي	Q34770	language	46	
http://www.wikidata.org/entity/Q3562943	ar	فولنوفاخا		Q515	city	54	https://ar.wikipedia.org/wiki/%D9%81%D9%88%D9%84%D9%86%D9%88%D9%81%D8%A7%D8%AE%D8%A7
http://www.wikidata.org/entity/Q35667	ar	الجعزية	لغة سامية جنوبية	Q34770	language	74	https://ar.wikipedia.org/wiki/%D8%A7%D9%84%D9%84%D8%BA%D8%A9_%D8%A7%D9%84%D8%AC%D8%B9%D8%B2%D9%8A%D8%A9
http://www.wikidata.org/entity/Q35704	ar	كارونية	هي لغة مهددة بالانقراض في السنغال وغامبيا	Q34770	language	10	https://ar.wikipedia.org/wiki/%D8%A7%D9%84%D9%84%D8%BA%D8%A9_%D8%A7%D9%84%D9%83%D8%A7%D8%B1%D9%88%D9%86%D9%8A%D8%A9
http://www.wikidata.org/entity/Q35707	ar	كينغا	لغة	Q34770	language	10	
http://www.wikidata.org/entity/Q35708	ar	كوسال	لغة	Q34770	language	14	
http://www.wikidata.org/entity/Q35711	ar	لغات لافوفا		Q34770	language	15	https://ar.wikipedia.org/wiki/%D9%84%D8%BA%D8%A7%D8%AA_%D9%84%D8%A7%D9%81%D9%88%D9%81%D8%A7
http://www.wikidata.org/entity/Q35726	ar	اللغة الإترورية	لغة متوسطية قديمة	Q34770	language	78	https://ar.wikipedia.org/wiki/%D8%A7%D9%84%D9%84%D8%BA%D8%A9_%D8%A7%D9%84%D8%A5%D8%AA%D8%B1%D9%88%D8%B1%D9%8A%D8%A9
http://www.wikidata.org/entity/Q35746	ar	كيتوبا	لغة	Q34770	language	28	https://ar.wikipedia.org/wiki/%D9%83%D9%8A%D8%AA%D9%88%D8%A8%D8%A7
http://www.wikidata.org/entity/Q35761	ar	اللغة النوميدية	لغة الشعب النوميدي	Q34770	language	23	https://ar.wikipedia.org/wiki/%D8%A7%D9%84%D9%84%D8%BA%D8%A9_%D8%A7%D9%84%D9%86%D9%88%D9%85%D9%8A%D8%AF%D9%8A%D8%A9
http://www.wikidata.org/entity/Q35762	ar	لغة غوانش		Q34770	language	32	https://ar.wikipedia.org/wiki/%D9%84%D8%BA%D8%A9_%D8%BA%D9%88%D8%A7%D9%86%D8%B4
http://www.wikidata.org/entity/Q35763	ar	إنور (لغة)		Q34770	language	13	https://ar.wikipedia.org/wiki/%D8%A5%D9%86%D9%88%D8%B1_(%D9%84%D8%BA%D8%A9)
http://www.wikidata.org/entity/Q35779	ar	لغة لوغول	لغة في السودان	Q34770	language	9	https://ar.wikipedia.org/wiki/%D9%84%D8%BA%D8%A9_%D9%84%D9%88%D8%BA%D9%88%D9%84
http://www.wikidata.org/entity/Q35784	ar	البيضاء	مدينة في شرق ليبيا	Q515	city	91	https://ar.wikipedia.org/wiki/%D8%A7%D9%84%D8%A8%D9%8A%D8%B6%D8%A7%D8%A1_(%D9%84%D9%8A%D8%A8%D9%8A%D8%A7)
http://www.wikidata.org/entity/Q3579	ar	طرابلس	عاصمة ليبيا وأكبر مدنها	Q515	city	187	https://ar.wikipedia.org/wiki/%D8%B7%D8%B1%D8%A7%D8%A8%D9%84%D8%B3
http://www.wikidata.org/entity/Q35860	ar	مبا		Q34770	language	20	https://ar.wikipedia.org/wiki/%D9%85%D8%A8%D8%A7_(%D9%84%D8%BA%D8%A9)
http://www.wikidata.org/entity/Q35876	ar	اللغة الغوارانية	لغة توبية في باراغواي والأرجنتين والبرازيل وبوليفيا	Q34770	language	118	https://ar.wikipedia.org/wiki/%D8%A7%D9%84%D9%84%D8%BA%D8%A9_%D8%A7%D9%84%D8%BA%D9%88%D8%A7%D8%B1%D8%A7%D9%86%D9%8A%D8%A9
http://www.wikidata.org/entity/Q35936	ar	الإيلوكانوية	لغة أسترانيزيَّة يتحدث بها قوم الإيلوكانو في الفلبين	Q34770	language	79	https://ar.wikipedia.org/wiki/%D9%84%D8%BA%D8%A9_%D8%A5%D9%8A%D9%84%D9%88%D9%83%D8%A7%D9%86%D9%88
http://www.wikidata.org/entity/Q35969	ar	اللغة الليقية		Q34770	language	40	https://ar.wikipedia.org/wiki/%D8%A7%D9%84%D9%84%D8%BA%D8%A9_%D8%A7%D9%84%D9%84%D9%88%D9%82%D9%8A%D8%A9
http://www.wikidata.org/entity/Q35972	ar	اللغة اللومباردية/اللانغوباردية		Q34770	language	30	https://ar.wikipedia.org/wiki/%D8%A7%D9%84%D9%84%D8%BA%D8%A9_%D8%A7%D9%84%D9%84%D9%88%D9%85%D8%A8%D8%A7%D8%B1%D8%AF%D9%8A%D8%A9/%D8%A7%D9%84%D9%84%D8%A7%D9%86%D8%BA%D9%88%D8%A8%D8%A7%D8%B1%D8%AF%D9%8A%D8%A9
http://www.wikidata.org/entity/Q35974	ar	اللغة المقدونية القديمة		Q34770	language	32	https://ar.wikipedia.org/wiki/%D8%A7%D9%84%D9%84%D8%BA%D8%A9_%D8%A7%D9%84%D9%85%D9%82%D8%AF%D9%88%D9%86%D9%8A%D8%A9_%D8%A7%D9%84%D9%82%D8%AF%D9%8A%D9%85%D8%A9
http://www.wikidata.org/entity/Q35995	ar	لغة مندر		Q34770	language	25	https://ar.wikipedia.org/wiki/%D9%84%D8%BA%D8%A9_%D9%85%D9%86%D8%AF%D8%B1
http://www.wikidata.org/entity/Q36	ar	بولندا	دولة في أوروبا الوسطى	Q6256	country	388	https://ar.wikipedia.org/wiki/%D8%A8%D9%88%D9%84%D9%86%D8%AF%D8%A7
http://www.wikidata.org/entity/Q3604	ar	جيبوتي	عاصمة جيبوتي	Q515	city	148	https://ar.wikipedia.org/wiki/%D8%AC%D9%8A%D8%A8%D9%88%D8%AA%D9%8A_(%D9%85%D8%AF%D9%8A%D9%86%D8%A9)
http://www.wikidata.org/entity/Q36095	ar	اللوذية	لغة أناضولية بائدة	Q34770	language	42	https://ar.wikipedia.org/wiki/%D8%A7%D9%84%D9%84%D8%BA%D8%A9_%D8%A7%D9%84%D9%84%D9%88%D8%B0%D9%8A%D8%A9
http://www.wikidata.org/entity/Q36096	ar	مور	لغة الغور المستخدمة في بوركينا فاسو والدول المجاورة	Q34770	language	51	
http://www.wikidata.org/entity/Q3610939	ar	إنجليزية سنغافورة		Q34770	language	10	https://ar.wikipedia.org/wiki/%D8%A5%D9%86%D8%AC%D9%84%D9%8A%D8%B2%D9%8A%D8%A9_%D8%B3%D9%86%D8%BA%D8%A7%D9%81%D9%88%D8%B1%D8%A9
http://www.wikidata.org/entity/Q36121	ar	لغة كابامبانجان		Q34770	language	58	https://ar.wikipedia.org/wiki/%D9%84%D8%BA%D8%A9_%D9%83%D8%A7%D8%A8%D8%A7%D9%85%D8%A8%D8%A7%D9%86%D8%AC%D8%A7%D9%86
http://www.wikidata.org/entity/Q36147	ar	لغة ميزو		Q34770	language	49	https://ar.wikipedia.org/wiki/%D9%84%D8%BA%D8%A9_%D9%85%D9%8A%D8%B2%D9%88
http://www.wikidata.org/entity/Q36149	ar	المزابية		Q34770	language	17	https://ar.wikipedia.org/wiki/%D9%84%D9%87%D8%AC%D8%A9_%D9%85%D8%B2%D8%A7%D8%A8%D9%8A%D8%A9
http://www.wikidata.org/entity/Q36151	ar	لغة نفوسي	لغات أمازيغية في تونس وليبيا	Q34770	language	21	https://ar.wikipedia.org/wiki/%D9%84%D8%BA%D8%A9_%D9%86%D9%81%D9%88%D8%B3%D9%8A
http://www.wikidata.org/entity/Q36168	ar	بريدج تاون	عاصمة جمهورية باربادوس بالبحر الكاريبي	Q515	city	144	https://ar.wikipedia.org/wiki/%D8%A8%D8%B1%D9%8A%D8%AF%D8%AC_%D8%AA%D8%A7%D9%88%D9%86
http://www.wikidata.org/entity/Q36199	ar	لغة كورياك	لغة	Q34770	language	51	https://ar.wikipedia.org/wiki/%D9%84%D8%BA%D8%A9_%D9%83%D9%88%D8%B1%D9%8A%D8%A7%D9%83
http://www.wikidata.org/entity/Q36202	ar	اللادينية	لغة رومانسية	Q34770	language	89	https://ar.wikipedia.org/wiki/%D8%A7%D9%84%D9%84%D8%BA%D8%A9_%D8%A7%D9%84%D9%84%D8%A7%D8%AF%D9%86%D9%8A%D8%A9
http://www.wikidata.org/entity/Q36221	ar	ماي-ماي	لغة كوشية	Q34770	language	14	https://ar.wikipedia.org/wiki/%D9%85%D8%A7%D9%8A-%D9%85%D8%A7%D9%8A
http://www.wikidata.org/entity/Q3622471	ar	أرجوس	لغة برمجة	Q9143	programming language	11	https://ar.wikipedia.org/wiki/%D8%A3%D8%B1%D8%AC%D9%88%D8%B3_(%D9%84%D8%BA%D8%A9_%D8%A8%D8%B1%D9%85%D8%AC%D8%A9)
http://www.wikidata.org/entity/Q3624	ar	أديس أبابا	عاصمة إثيوبيا	Q515	city	200	https://ar.wikipedia.org/wiki/%D8%A3%D8%AF%D9%8A%D8%B3_%D8%A3%D8%A8%D8%A7%D8%A8%D8%A7
http://www.wikidata.org/entity/Q36260	ar	أبيا	عاصمة دولة ساموا	Q515	city	140	https://ar.wikipedia.org/wiki/%D8%A3%D8%A8%D9%8A%D8%A7
http://www.wikidata.org/entity/Q36262	ar	سانت جونز، أنتيغوا وبربودا	عاصمة أنتيغوا وبربودا	Q515	city	135	https://ar.wikipedia.org/wiki/%D8%B3%D8%A7%D9%86%D8%AA_%D8%AC%D9%88%D9%86%D8%B2_(%D8%A3%D9%86%D8%AA%D9%8A%D8%BA%D9%88%D8%A7_%D9%88%D8%A8%D8%B1%D8%A8%D9%88%D8%AF%D8%A7)
http://www.wikidata.org/entity/Q36281	ar	روسو	عاصمة وأكبر مدن دومينيكا	Q515	city	125	https://ar.wikipedia.org/wiki/%D8%B1%D9%88%D8%B3%D9%88_(%D8%AF%D9%88%D9%85%D9%8A%D9%86%D9%8A%D9%83%D8%A7)
http://www.wikidata.org/entity/Q36312	ar	كالغاري	مدينة كندية في ألبرتا	Q515	city	145	https://ar.wikipedia.org/wiki/%D9%83%D8%A7%D9%84%D8%BA%D8%A7%D8%B1%D9%8A
http://www.wikidata.org/entity/Q36344	ar	لغة عونغوتا		Q34770	language	25	https://ar.wikipedia.org/wiki/%D9%84%D8%BA%D8%A9_%D8%B9%D9%88%D9%86%D8%BA%D9%88%D8%AA%D8%A7
http://www.wikidata.org/entity/Q3635276	ar	كرنول	مستوطنة في الهند	Q515	city	55	https://ar.wikipedia.org/wiki/%D9%83%D8%B1%D9%86%D9%88%D9%84
http://www.wikidata.org/entity/Q36353	ar	لغة ساهو		Q34770	language	28	https://ar.wikipedia.org/wiki/%D9%84%D8%BA%D8%A9_%D8%B3%D8%A7%D9%87%D9%88
http://www.wikidata.org/entity/Q3636023	ar	بيجابور	مستوطنة في الهند	Q515	city	56	https://ar.wikipedia.org/wiki/%D8%A8%D9%8A%D8%AC%D8%A7%D8%A8%D9%88%D8%B1_(%D9%83%D8%B1%D9%86%D8%A7%D8%AA%D9%83%D8%A7)
http://www.wikidata.org/entity/Q36368	ar	الكردية	اللغة المحكية في منطقة كُرْدِسْتَانِ التاريخية	Q34770	language	147	https://ar.wikipedia.org/wiki/%D8%A7%D9%84%D9%84%D8%BA%D8%A9_%D8%A7%D9%84%D9%83%D8%B1%D8%AF%D9%8A%D8%A9
http://www.wikidata.org/entity/Q36380	ar	يسوعيون	رهبنة مسيحية كاثوليكية للرجال	Q43229	organization	118	https://ar.wikipedia.org/wiki/%D9%8A%D8%B3%D9%88%D8%B9%D9%8A%D9%88%D9%86
http://www.wikidata.org/entity/Q36388	ar	عربية نوبية		Q34770	language	14	https://ar.wikipedia.org/wiki/%D8%B9%D8%B1%D8%A8%D9%8A%D8%A9_%D9%86%D9%88%D8%A8%D9%8A%D8%A9
http://www.wikidata.org/entity/Q3639	ar	فربانيا	كومونا	Q515	city	90	https://ar.wikipedia.org/wiki/%D9%81%D8%B1%D8%A8%D8%A7%D9%86%D9%8A%D8%A7
http://www.wikidata.org/entity/Q36399	ar	هويه	مدينة فيتنامية	Q515	city	98	https://ar.wikipedia.org/wiki/%D9%87%D9%88%D9%8A_(%D9%85%D8%AF%D9%8A%D9%86%D8%A9)
http://www.wikidata.org/entity/Q3640	ar	أنقرة	عاصمة تركيا	Q515	city	239	https://ar.wikipedia.org/wiki/%D8%A3%D9%86%D9%82%D8%B1%D8%A9
http://www.wikidata.org/entity/Q36405	ar	أبردين	مدينة في إسكتلندا، المملكة المتحدة	Q515	city	127	https://ar.wikipedia.org/wiki/%D8%A3%D8%A8%D8%B1%D8%AF%D9%8A%D9%86
http://www.wikidata.org/entity/Q3642	ar	أسمرة	عاصمة إريتريا	Q515	city	164	https://ar.wikipedia.org/wiki/%D8%A3%D8%B3%D9%85%D8%B1%D8%A9
http://www.wikidata.org/entity/Q36503	ar	النوبية	اللغة النوبية	Q34770	language	25	https://ar.wikipedia.org/wiki/%D9%84%D8%BA%D8%A9_%D9%86%D9%88%D8%A8%D9%8A%D9%86
http://www.wikidata.org/entity/Q36510	ar	اليونانية الحديثة	لغة	Q34770	language	72	https://ar.wikipedia.org/wiki/%D8%A7%D9%84%D9%8A%D9%88%D9%86%D8%A7%D9%86%D9%8A%D8%A9_%D8%A7%D9%84%D8%AD%D8%AF%D9%8A%D8%AB%D8%A9
http://www.wikidata.org/entity/Q36566	ar	تادوما		Q34770	language	10	https://ar.wikipedia.org/wiki/%D8%AA%D8%A7%D8%AF%D9%88%D9%85%D8%A7
http://www.wikidata.org/entity/Q3659	ar	انجمينا	عاصمة تشاد وأكبر مدنها	Q515	city	162	https://ar.wikipedia.org/wiki/%D8%A7%D9%86%D8%AC%D9%85%D9%8A%D9%86%D8%A7
http://www.wikidata.org/entity/Q36600	ar	لاهاي	مدينة في هولندا	Q515	city	183	https://ar.wikipedia.org/wiki/%D9%84%D8%A7%D9%87%D8%A7%D9%8A
http://www.wikidata.org/entity/Q366010	ar	العمارة	مدينة عراقية في محافظة ميسان	Q515	city	50	https://ar.wikipedia.org/wiki/%D8%A7%D9%84%D8%B9%D9%85%D8%A7%D8%B1%D8%A9_(%D9%85%D9%8A%D8%B3%D8%A7%D9%86)
http://www.wikidata.org/entity/Q36639	ar	لغة التيدا	لغة ثانوية من اللغات النيلية	Q34770	language	19	https://ar.wikipedia.org/wiki/%D9%84%D8%BA%D8%A9_%D8%A7%D9%84%D8%AA%D9%8A%D8%AF%D8%A7
http://www.wikidata.org/entity/Q36647	ar	كورك	مدينة إيرلندية	Q515	city	112	https://ar.wikipedia.org/wiki/%D9%83%D9%88%D8%B1%D9%83
http://www.wikidata.org/entity/Q36684	ar	لغة دوموريك	لغة في السودان	Q34770	language	8	https://ar.wikipedia.org/wiki/%D9%84%D8%BA%D8%A9_%D8%AA%D9%8A%D9%85%D8%A7
http://www.wikidata.org/entity/Q36705	ar	شيلتا	لغة الرحل الأيرلنديون في أيرلندا والمملكة المتحدة.	Q34770	language	33	https://ar.wikipedia.org/wiki/%D8%B4%D9%8A%D9%84%D8%AA%D8%A7
http://www.wikidata.org/entity/Q36734	ar	اللغة الفينيقية	لهجة سامية منقرضة	Q34770	language	74	https://ar.wikipedia.org/wiki/%D8%A7%D9%84%D9%84%D8%BA%D8%A9_%D8%A7%D9%84%D9%81%D9%8A%D9%86%D9%8A%D9%82%D9%8A%D8%A9
http://www.wikidata.org/entity/Q3674	ar	نيامي	عاصمة النيجر	Q515	city	162	https://ar.wikipedia.org/wiki/%D9%86%D9%8A%D8%A7%D9%85%D9%8A
http://www.wikidata.org/entity/Q36743	ar	لغة نجاناسان		Q34770	language	54	https://ar.wikipedia.org/wiki/%D9%84%D8%BA%D8%A9_%D9%86%D8%AC%D8%A7%D9%86%D8%A7%D8%B3%D8%A7%D9%86
http://www.wikidata.org/entity/Q36746	ar	لغة رابا نوي		Q34770	language	61	https://ar.wikipedia.org/wiki/%D9%84%D8%BA%D8%A9_%D8%B1%D8%A7%D8%A8%D8%A7_%D9%86%D9%88%D9%8A
http://www.wikidata.org/entity/Q36748	ar	يونانية البنطس		Q34770	language	50	https://ar.wikipedia.org/wiki/%D9%8A%D9%88%D9%86%D8%A7%D9%86%D9%8A%D8%A9_%D8%A7%D9%84%D8%A8%D9%86%D8%B7%D8%B3
http://www.wikidata.org/entity/Q36785	ar	لغة نديبلي جنوبية		Q34770	language	64	https://ar.wikipedia.org/wiki/%D8%A7%D9%84%D9%84%D8%BA%D8%A9_%D8%A7%D9%84%D9%86%D8%AF%D9%8A%D8%A8%D9%84%D9%8A_%D8%A7%D9%84%D8%AC%D9%86%D9%88%D8%A8%D9%8A%D8%A9
http://www.wikidata.org/entity/Q36811	ar	السورانية	لهجة كردية منطوقة في العراق وإيران	Q34770	language	57	https://ar.wikipedia.org/wiki/%D9%83%D8%B1%D8%AF%D9%8A%D8%A9_%D8%B3%D9%88%D8%B1%D8%A7%D9%86%D9%8A%D8%A9
http://www.wikidata.org/entity/Q36814	ar	السيوي	لغة أمازيغية في مصر	Q34770	language	33	https://ar.wikipedia.org/wiki/%D8%A7%D9%84%D8%B3%D9%8A%D9%88%D9%8A
http://www.wikidata.org/entity/Q3688	ar	نواكشوط	عاصمة موريتانيا	Q515	city	154	https://ar.wikipedia.org/wiki/%D9%86%D9%88%D8%A7%D9%83%D8%B4%D9%88%D8%B7
http://www.wikidata.org/entity/Q36944	ar	توسكارورا	لغة	Q34770	language	15	
http://www.wikidata.org/entity/Q36971	ar	لغة ويرني		Q34770	language	9	https://ar.wikipedia.org/wiki/%D9%84%D8%BA%D8%A9_%D9%88%D9%8A%D8%B1%D9%86%D9%8A
http://www.wikidata.org/entity/Q36989	ar	باردوبيتسه	مدينة في جمهورية التشيك	Q515	city	81	https://ar.wikipedia.org/wiki/%D8%A8%D8%A7%D8%B1%D8%AF%D9%88%D8%A8%D9%8A%D8%AA%D8%B3%D9%87
http://www.wikidata.org/entity/Q37	ar	لتوانيا	دولة في شمال شرق أوروبا	Q6256	country	351	https://ar.wikipedia.org/wiki/%D9%84%D9%8A%D8%AA%D9%88%D8%A7%D9%86%D9%8A%D8%A7
http://www.wikidata.org/entity/Q37005	ar	لهجة آزناك		Q34770	language	31	https://ar.wikipedia.org/wiki/%D9%84%D9%87%D8%AC%D8%A9_%D8%A2%D8%B2%D9%86%D8%A7%D9%83
http://www.wikidata.org/entity/Q37007	ar	الزغاوية	لغة يتحدث بها في السودان وتشاد	Q34770	language	19	https://ar.wikipedia.org/wiki/%D9%84%D8%BA%D8%A9_%D8%A7%D9%84%D8%B2%D8%BA%D8%A7%D9%88%D8%A9
http://www.wikidata.org/entity/Q37015	ar	ريكسمول	معيار غير رسمي لكتاية اللغة النرويجية	Q34770	language	20	https://ar.wikipedia.org/wiki/%D8%B1%D9%8A%D9%83%D8%B3%D9%85%D9%88%D9%84
http://www.wikidata.org/entity/Q3703	ar	باماكو	عاصمة مالي	Q515	city	177	https://ar.wikipedia.org/wiki/%D8%A8%D8%A7%D9%85%D8%A7%D9%83%D9%88
http://www.wikidata.org/entity/Q37059	ar	لغة بيشنوبريا مانيبورية	إحدى اللغات الهندية أوروبية	Q34770	language	58	https://ar.wikipedia.org/wiki/%D9%84%D8%BA%D8%A9_%D8%A8%D9%8A%D8%B4%D9%86%D9%88%D8%A8%D8%B1%D9%8A%D8%A7_%D9%85%D8%A7%D9%86%D9%8A%D8%A8%D9%88%D8%B1%D9%8A%D8%A9
http://www.wikidata.org/entity/Q37100	ar	أوكلاند	دينة تقع في شمال الجزيرة الشمالية، نيوزيلندا	Q515	city	160	https://ar.wikipedia.org/wiki/%D8%A3%D9%88%D9%83%D9%84%D8%A7%D9%86%D8%AF
http://www.wikidata.org/entity/Q37104	ar	ألاخويلا		Q515	city	52	https://ar.wikipedia.org/wiki/%D8%A3%D9%84%D8%A7%D8%AE%D9%88%D9%8A%D9%84%D8%A7
http://www.wikidata.org/entity/Q3711	ar	بلغراد	عاصمة جمهورية صربيا	Q515	city	228	https://ar.wikipedia.org/wiki/%D8%A8%D9%84%D8%BA%D8%B1%D8%A7%D8%AF
http://www.wikidata.org/entity/Q371522	ar	جامعة غوتنبرغ	جامعة في بلدية كوثنبورغ، السويد	Q3918	university	43	https://ar.wikipedia.org/wiki/%D8%AC%D8%A7%D9%85%D8%B9%D8%A9_%D8%BA%D9%88%D8%AA%D9%86%D8%A8%D8%B1%D8%BA
http://www.wikidata.org/entity/Q37156	ar	آي بي إم	شركة متعددة الجنسيات	Q43229	organization	113	https://ar.wikipedia.org/wiki/%D8%A2%D9%8A_%D8%A8%D9%8A_%D8%A5%D9%85
http://www.wikidata.org/entity/Q37227	ar	غو	لغة برمجة	Q9143	programming language	66	https://ar.wikipedia.org/wiki/%D8%BA%D9%88_(%D9%84%D8%BA%D8%A9_%D8%A8%D8%B1%D9%85%D8%AC%D8%A9)
http://www.wikidata.org/entity/Q3726	ar	بانجول	عاصمة غامبيا	Q515	city	162	https://ar.wikipedia.org/wiki/%D8%A8%D8%A7%D9%86%D8%AC%D9%88%D9%84
http://www.wikidata.org/entity/Q372773	ar	رايبور	منطقة مأهولة في الهند	Q515	city	93	https://ar.wikipedia.org/wiki/%D8%B1%D8%A7%D9%8A%D8%A8%D9%88%D8%B1
http://www.wikidata.org/entity/Q37300	ar	غالو		Q34770	language	50	
http://www.wikidata.org/entity/Q3733	ar	كوناكري	عاصمة غينيا	Q515	city	162	https://ar.wikipedia.org/wiki/%D9%83%D9%88%D9%86%D8%A7%D9%83%D8%B1%D9%8A
http://www.wikidata.org/entity/Q37333	ar	لوبلين	مدينة بولندية	Q515	city	123	https://ar.wikipedia.org/wiki/%D9%84%D9%88%D8%A8%D9%84%D9%8A%D9%86
http://www.wikidata.org/entity/Q373808	ar	خجندة	مدينة في طاجيكستان	Q515	city	82	https://ar.wikipedia.org/wiki/%D8%AE%D8%AC%D9%86%D8%AF%D8%A9
http://www.wikidata.org/entity/Q3739	ar	بيساو	عاصمة غينيا بيساو	Q515	city	167	https://ar.wikipedia.org/wiki/%D8%A8%D9%8A%D8%B3%D8%A7%D9%88
http://www.wikidata.org/entity/Q37400	ar	نايبيداو	عاصمة ميانمار	Q515	city	153	https://ar.wikipedia.org/wiki/%D9%86%D8%A7%D9%8A%D8%A8%D9%8A%D8%AF%D8%A7%D9%88
http://www.wikidata.org/entity/Q374465	ar	مدياس		Q515	city	52	
http://www.wikidata.org/entity/Q374748	ar	جِنِين	مدينة في شمال الضفة الغربية	Q515	city	58	https://ar.wikipedia.org/wiki/%D8%AC%D9%86%D9%8A%D9%86_(%D9%85%D8%AF%D9%8A%D9%86%D8%A9)
http://www.wikidata.org/entity/Q3748	ar	مونروفيا	عاصمة ليبيريا	Q515	city	161	https://ar.wikipedia.org/wiki/%D9%85%D9%88%D9%86%D8%B1%D9%88%D9%81%D9%8A%D8%A7
http://www.wikidata.org/entity/Q3751	ar	برايا	عاصمة الرأس الأخضر	Q515	city	157	https://ar.wikipedia.org/wiki/%D8%A8%D8%B1%D8%A7%D9%8A%D8%A7
http://www.wikidata.org/entity/Q3752	ar	مايكوب	عاصمة جمهورية روسية	Q515	city	103	https://ar.wikipedia.org/wiki/%D9%85%D8%A7%D9%8A%D9%83%D9%88%D8%A8
http://www.wikidata.org/entity/Q37548	ar	الجامعة الشمالية الشرقية الأمريكية	جامعة خاصة في مدينة بسطن الأمريكية	Q3918	university	35	https://ar.wikipedia.org/wiki/%D8%AC%D8%A7%D9%85%D8%B9%D8%A9_%D9%86%D9%88%D8%B1%D8%AB_%D8%A5%D9%8A%D8%B3%D8%AA%D8%B1%D9%86
http://www.wikidata.org/entity/Q3761	ar	أكرا	عاصمة غانا	Q515	city	197	https://ar.wikipedia.org/wiki/%D8%A3%D9%83%D8%B1%D8%A7
http://www.wikidata.org/entity/Q3765	ar	شيغوانتي		Q515	city	51	https://ar.wikipedia.org/wiki/%D8%B4%D9%8A%D8%BA%D9%88%D8%A7%D9%86%D8%AA%D9%8A_(%D8%AA%D8%B4%D9%8A%D9%84%D9%8A)
http://www.wikidata.org/entity/Q3766	ar	دمشق	عاصمة سوريا	Q515	city	239	https://ar.wikipedia.org/wiki/%D8%AF%D9%85%D8%B4%D9%82
http://www.wikidata.org/entity/Q376749	ar	جاتجام	مدينة في بنغلاديش	Q515	city	139	https://ar.wikipedia.org/wiki/%D8%AC%D8%A7%D8%AA%D8%AC%D8%A7%D9%85
http://www.wikidata.org/entity/Q376903	ar	فاليدوبار		Q515	city	60	https://ar.wikipedia.org/wiki/%D9%81%D8%A7%D9%84%D9%8A%D8%AF%D9%88%D8%A8%D8%A7%D8%B1
http://www.wikidata.org/entity/Q37701	ar	بلومفونتين	مدينة في جنوب إفريقيا	Q515	city	141	https://ar.wikipedia.org/wiki/%D8%A8%D9%84%D9%88%D9%85%D9%81%D9%88%D9%86%D8%AA%D9%8A%D9%86
http://www.wikidata.org/entity/Q3771	ar	غوترسلوه	مدينة ألمانية	Q515	city	68	https://ar.wikipedia.org/wiki/%D8%BA%D9%88%D8%AA%D8%B1%D8%B3%D9%84%D9%88%D9%87
http://www.wikidata.org/entity/Q37733	ar	عربية يهودية	لهجات عربية يهودية	Q34770	language	42	https://ar.wikipedia.org/wiki/%D9%84%D9%87%D8%AC%D8%A7%D8%AA_%D8%B9%D8%B1%D8%A8%D9%8A%D8%A9_%D9%8A%D9%87%D9%88%D8%AF%D9%8A%D8%A9
http://www.wikidata.org/entity/Q3775265	ar	اللهجة الكوروشية		Q34770	language	12	https://ar.wikipedia.org/wiki/%D8%A7%D9%84%D9%84%D9%87%D8%AC%D8%A9_%D8%A7%D9%84%D9%83%D9%88%D8%B1%D9%88%D8%B4%D9%8A%D8%A9
http://www.wikidata.org/entity/Q377757	ar	جامعة رودس	جامعة أبحاث عامة تقع في غراهامستاون بجنوب أفريقيا	Q3918	university	23	https://ar.wikipedia.org/wiki/%D8%AC%D8%A7%D9%85%D8%B9%D8%A9_%D8%B1%D9%88%D8%AF%D8%B3
http://www.wikidata.org/entity/Q3780	ar	فريتاون	عاصمة سيراليون	Q515	city	156	https://ar.wikipedia.org/wiki/%D9%81%D8%B1%D9%8A%D8%AA%D8%A7%D9%88%D9%86
http://www.wikidata.org/entity/Q378014	ar	جامعة القرويين	جامعة في المغرب وتعتبر أقدم جامعة بالعالم	Q3918	university	67	https://ar.wikipedia.org/wiki/%D8%AC%D8%A7%D9%85%D8%B9%D8%A9_%D8%A7%D9%84%D9%82%D8%B1%D9%88%D9%8A%D9%8A%D9%86
http://www.wikidata.org/entity/Q37806	ar	بورت فيلا	عاصمة فانواتو	Q515	city	133	https://ar.wikipedia.org/wiki/%D8%A8%D9%88%D8%B1%D8%AA_%D9%81%D9%8A%D9%84%D8%A7
http://www.wikidata.org/entity/Q37814092	ar	ريبيوتيشن		Q482994	album	43	https://ar.wikipedia.org/wiki/%D8%B1%D9%8A%D8%A8%D9%8A%D9%88%D8%AA%D9%8A%D8%B4%D9%86_(%D8%A3%D9%84%D8%A8%D9%88%D9%85)
http://www.wikidata.org/entity/Q378222	ar	وايت سبيس		Q9143	programming language	22	https://ar.wikipedia.org/wiki/%D9%88%D8%A7%D9%8A%D8%AA_%D8%B3%D8%A8%D9%8A%D8%B3_(%D9%84%D8%BA%D8%A9_%D8%A8%D8%B1%D9%85%D8%AC%D8%A9)
http://www.wikidata.org/entity/Q3786	ar	إسلينغن آم نيكار	مستوطنة بشرية في ألمانيا	Q515	city	83	https://ar.wikipedia.org/wiki/%D8%A5%D8%B3%D9%84%D9%8A%D9%86%D8%BA%D9%86_%D8%A3%D9%85_%D9%86%D9%8A%D9%83%D8%A7%D8%B1
http://www.wikidata.org/entity/Q3787	ar	أبوجا	عاصمة نيجيريا	Q515	city	197	https://ar.wikipedia.org/wiki/%D8%A3%D8%A8%D9%88%D8%AC%D8%A7
http://www.wikidata.org/entity/Q3792	ar	لومي	عاصمة توغو	Q515	city	161	https://ar.wikipedia.org/wiki/%D9%84%D9%88%D9%85%D9%8A
http://www.wikidata.org/entity/Q3799	ar	بورتو نوفو	عاصمة دولة بنين في غرب أفريقيا	Q515	city	159	https://ar.wikipedia.org/wiki/%D8%A8%D9%88%D8%B1%D8%AA%D9%88_%D9%86%D9%88%D9%81%D9%88
http://www.wikidata.org/entity/Q37995	ar	يانغون	العاصمة السابقة لميانمار (بورما) والعاصمة الحالية لمنطقة يانغون	Q515	city	149	https://ar.wikipedia.org/wiki/%D9%8A%D8%A7%D9%86%D8%BA%D9%88%D9%86
http://www.wikidata.org/entity/Q38	ar	إيطاليا	دولة في جنوب غرب أوروبا	Q6256	country	405	https://ar.wikipedia.org/wiki/%D8%A5%D9%8A%D8%B7%D8%A7%D9%84%D9%8A%D8%A7
http://www.wikidata.org/entity/Q3805	ar	عَمَّان	عاصمة الأردن	Q515	city	193	https://ar.wikipedia.org/wiki/%D8%B9%D9%85%D8%A7%D9%86_(%D9%85%D8%AF%D9%8A%D9%86%D8%A9)
http://www.wikidata.org/entity/Q38076	ar	ماكدونالدز	مطاعم وجبات سريعة	Q43229	organization	137	https://ar.wikipedia.org/wiki/%D9%85%D8%A7%D9%83%D8%AF%D9%88%D9%86%D8%A7%D9%84%D8%AF%D8%B2
http://www.wikidata.org/entity/Q3808	ar	ياوندي	عاصمة الكاميرون وثاني أكبر مدينة فيها	Q515	city	164	https://ar.wikipedia.org/wiki/%D9%8A%D8%A7%D9%88%D9%86%D8%AF%D9%8A
http://www.wikidata.org/entity/Q381247	ar	كيو بيسك	إحدى لغات البيسك والنسخة الحديثة منها هي فيجوال بيسك	Q9143	programming language	33	https://ar.wikipedia.org/wiki/%D9%83%D9%8A%D9%88_%D8%A8%D9%8A%D8%B3%D9%83
http://www.wikidata.org/entity/Q3818	ar	مالابو	عاصمة غينيا الاستوائية	Q515	city	156	https://ar.wikipedia.org/wiki/%D9%85%D8%A7%D9%84%D8%A7%D8%A8%D9%88
http://www.wikidata.org/entity/Q3825	ar	ليبرفيل	عاصمة الغابون	Q515	city	160	https://ar.wikipedia.org/wiki/%D9%84%D9%8A%D8%A8%D8%B1%D9%81%D9%8A%D9%84
http://www.wikidata.org/entity/Q3832	ar	بنغي	عاصمة جمهورية أفريقيا الوسطى	Q515	city	158	https://ar.wikipedia.org/wiki/%D8%A8%D9%86%D8%BA%D9%8A
http://www.wikidata.org/entity/Q383434	ar	غريتر سودبوري		Q515	city	56	https://ar.wikipedia.org/wiki/%D8%BA%D8%B1%D9%8A%D8%AA%D8%B1_%D8%B3%D9%88%D8%AF%D8%A8%D9%88%D8%B1%D9%8A
http://www.wikidata.org/entity/Q38380	ar	أنجيه	بلدية فرنسية قسم مين-إي-لوار	Q515	city	122	https://ar.wikipedia.org/wiki/%D8%A3%D9%86%D8%AC%D9%8A%D9%87
http://www.wikidata.org/entity/Q384101	ar	قتبانية	لغة عربية جنوبية قديمة	Q34770	language	9	https://ar.wikipedia.org/wiki/%D9%82%D8%AA%D8%A8%D8%A7%D9%86%D9%8A%D8%A9_(%D9%84%D8%BA%D8%A9)
http://www.wikidata.org/entity/Q3844	ar	برازافيل	عاصمة جمهورية ( الكونغو برازافيل) وهي تختلف عن الكونغو الديمقراطية	Q515	city	173	https://ar.wikipedia.org/wiki/%D8%A8%D8%B1%D8%A7%D8%B2%D8%A7%D9%81%D9%8A%D9%84
http://www.wikidata.org/entity/Q384544	ar	كارلوفي فاري	مدينة في التشيك	Q515	city	98	https://ar.wikipedia.org/wiki/%D9%83%D8%A7%D8%B1%D9%84%D9%88%D9%81%D9%8A_%D9%81%D8%A7%D8%B1%D9%8A
http://www.wikidata.org/entity/Q385	ar	غدينيا		Q515	city	106	https://ar.wikipedia.org/wiki/%D8%BA%D8%AF%D9%8A%D9%86%D9%8A%D8%A7
http://www.wikidata.org/entity/Q38511	ar	توركو	مدينة في جنوب غرب فنلندا	Q515	city	147	https://ar.wikipedia.org/wiki/%D8%AA%D9%88%D8%B1%D9%83%D9%88
http://www.wikidata.org/entity/Q385122	ar	انطق الآن	ألبوم من أداء تايلور سويفت	Q482994	album	42	https://ar.wikipedia.org/wiki/%D8%B3%D8%A8%D9%8A%D9%83_%D9%86%D8%A7%D9%88_(%D8%A3%D9%84%D8%A8%D9%88%D9%85)
http://www.wikidata.org/entity/Q385325	ar	موديليكا	لغة برمجة	Q9143	programming language	16	https://ar.wikipedia.org/wiki/%D9%85%D9%88%D8%AF%D9%8A%D9%84%D9%8A%D9%83%D8%A7
http://www.wikidata.org/entity/Q3854	ar	بوجومبورا	العاصمة السابقة لبوروندي	Q515	city	155	https://ar.wikipedia.org/wiki/%D8%A8%D9%88%D8%AC%D9%88%D9%85%D8%A8%D9%88%D8%B1%D8%A7
http://www.wikidata.org/entity/Q38545	ar	أذنة	مدينة في تركيا	Q515	city	127	https://ar.wikipedia.org/wiki/%D8%A3%D8%B0%D9%86%D8%A9
http://www.wikidata.org/entity/Q386991	ar	توريون		Q515	city	59	https://ar.wikipedia.org/wiki/%D8%AA%D9%88%D8%B1%D9%8A%D9%88%D9%86
http://www.wikidata.org/entity/Q3873	ar	كورونل		Q515	city	51	https://ar.wikipedia.org/wiki/%D9%83%D9%88%D8%B1%D9%88%D9%86%D9%84
http://www.wikidata.org/entity/Q387396	ar	شويدنكتسا	بلدية حضرية في بولندا	Q515	city	55	
http://www.wikidata.org/entity/Q3876	ar	ليلونغوي	عاصمة مالاوي	Q515	city	155	https://ar.wikipedia.org/wiki/%D9%84%D9%8A%D9%84%D9%88%D9%86%D8%BA%D9%88%D9%8A
http://www.wikidata.org/entity/Q38807	ar	سوفا	عاصمة فيجي	Q515	city	138	https://ar.wikipedia.org/wiki/%D8%B3%D9%88%D9%81%D8%A7
http://www.wikidata.org/entity/Q3881	ar	لوساكا	عاصمة زامبيا	Q515	city	164	https://ar.wikipedia.org/wiki/%D9%84%D9%88%D8%B3%D8%A7%D9%83%D8%A7
http://www.wikidata.org/entity/Q388108	ar	سوهاج	مدينة مصرية وعاصمة محافظة سوهاج بمصر	Q515	city	54	https://ar.wikipedia.org/wiki/%D8%B3%D9%88%D9%87%D8%A7%D8%AC
http://www.wikidata.org/entity/Q38811	ar	الناصرية	مدينة في جنوب العراق	Q515	city	64	https://ar.wikipedia.org/wiki/%D8%A7%D9%84%D9%86%D8%A7%D8%B5%D8%B1%D9%8A%D8%A9_(%D9%85%D8%AF%D9%8A%D9%86%D8%A9)
http://www.wikidata.org/entity/Q3882	ar	المنامة	عاصمة مملكة البحرين	Q515	city	167	https://ar.wikipedia.org/wiki/%D8%A7%D9%84%D9%85%D9%86%D8%A7%D9%85%D8%A9
http://www.wikidata.org/entity/Q3883	ar	قطنصار	بلدة جنوب إيطاليا	Q515	city	107	https://ar.wikipedia.org/wiki/%D9%82%D8%B7%D9%86%D8%B5%D8%A7%D8%B1
http://www.wikidata.org/entity/Q38834	ar	نوكو ألوفا	عاصمة تونغا	Q515	city	123	https://ar.wikipedia.org/wiki/%D9%86%D9%88%D9%83%D9%88_%D8%A3%D9%84%D9%88%D9%81%D8%A7
http://www.wikidata.org/entity/Q3889	ar	مابوتو	عاصمة موزمبيق	Q515	city	164	https://ar.wikipedia.org/wiki/%D9%85%D8%A7%D8%A8%D9%88%D8%AA%D9%88
http://www.wikidata.org/entity/Q3894	ar	كامبالا	عاصمة أوغندا	Q515	city	183	https://ar.wikipedia.org/wiki/%D9%83%D8%A7%D9%85%D8%A8%D8%A7%D9%84%D8%A7
http://www.wikidata.org/entity/Q3897	ar	لواندا	عاصمة أنجولا وأكبر مدنها	Q515	city	185	https://ar.wikipedia.org/wiki/%D9%84%D9%88%D8%A7%D9%86%D8%AF%D8%A7
http://www.wikidata.org/entity/Q39	ar	سويسرا	دولة في غرب أوروبا	Q6256	country	382	https://ar.wikipedia.org/wiki/%D8%B3%D9%88%D9%8A%D8%B3%D8%B1%D8%A7
http://www.wikidata.org/entity/Q3901	ar	موروني	عاصمة جزر القمر	Q515	city	142	https://ar.wikipedia.org/wiki/%D9%85%D9%88%D8%B1%D9%88%D9%86%D9%8A
http://www.wikidata.org/entity/Q3904	ar	مبابان	عاصمة إسواتيني (سوازيلاند سابقًا)	Q515	city	142	https://ar.wikipedia.org/wiki/%D9%85%D8%A8%D8%A7%D8%A8%D8%A7%D9%86
http://www.wikidata.org/entity/Q3909	ar	ماسيرو	عاصمة ليسوتو	Q515	city	151	https://ar.wikipedia.org/wiki/%D9%85%D8%A7%D8%B3%D9%8A%D8%B1%D9%88
http://www.wikidata.org/entity/Q391028	ar	جامعة كولومبيا البريطانية	جامعة في مقاطعة كولومبيا البريطانية في كندا	Q3918	university	59	https://ar.wikipedia.org/wiki/%D8%AC%D8%A7%D9%85%D8%B9%D8%A9_%D9%83%D9%88%D9%84%D9%88%D9%85%D8%A8%D9%8A%D8%A7_%D8%A7%D9%84%D8%A8%D8%B1%D9%8A%D8%B7%D8%A7%D9%86%D9%8A%D8%A9
http://www.wikidata.org/entity/Q39121	ar	ليدز	مدينة في انجلترا	Q515	city	136	https://ar.wikipedia.org/wiki/%D9%84%D9%8A%D8%AF%D8%B2
http://www.wikidata.org/entity/Q391221	ar	برشلونة، فنزويلا	مدينة في فنزويلا	Q515	city	53	https://ar.wikipedia.org/wiki/%D8%A8%D8%B1%D8%B4%D9%84%D9%88%D9%86%D8%A9_(%D9%81%D9%86%D8%B2%D9%88%D9%8A%D9%84%D8%A7)
http://www.wikidata.org/entity/Q3913992	ar	لغة جهنكية	لغة	Q34770	language	8	https://ar.wikipedia.org/wiki/%D9%84%D8%BA%D8%A9_%D8%AC%D9%87%D9%86%D9%83%D9%8A%D8%A9
http://www.wikidata.org/entity/Q3914455	ar	ديسا	لغة	Q34770	language	7	https://ar.wikipedia.org/wiki/%D9%84%D8%BA%D8%A9_%D8%AF%D9%8A%D8%B3%D8%A7
http://www.wikidata.org/entity/Q3914953	ar	تاروك		Q34770	language	10	
http://www.wikidata.org/entity/Q3915322	ar	اللغة الماسينية		Q34770	language	5	https://ar.wikipedia.org/wiki/%D8%A7%D9%84%D9%84%D8%BA%D8%A9_%D8%A7%D9%84%D9%85%D8%A7%D8%B3%D9%8A%D9%86%D9%8A%D8%A9
http://www.wikidata.org/entity/Q3915511	ar	لغة الإشارة المكسيكية	لغة الإشارة المعتمدة في المكسيك	Q34770	language	11	https://ar.wikipedia.org/wiki/%D9%84%D8%BA%D8%A9_%D8%A7%D9%84%D8%A5%D8%B4%D8%A7%D8%B1%D8%A9_%D8%A7%D9%84%D9%85%D9%83%D8%B3%D9%8A%D9%83%D9%8A%D8%A9
http://www.wikidata.org/entity/Q3915517	ar	نانتيكوك	لغة	Q34770	language	9	
http://www.wikidata.org/entity/Q3915595	ar	لغة اليولو	لغة بالسودان	Q34770	language	7	https://ar.wikipedia.org/wiki/%D9%84%D8%BA%D8%A9_%D9%8A%D9%88%D9%84%D9%88
http://www.wikidata.org/entity/Q3915769	ar	الملايوية الجامبية		Q34770	language	18	https://ar.wikipedia.org/wiki/%D8%A7%D9%84%D9%85%D9%84%D8%A7%D9%8A%D9%88%D9%8A%D8%A9_%D8%A7%D9%84%D8%AC%D8%A7%D9%85%D8%A8%D9%8A%D8%A9
http://www.wikidata.org/entity/Q3915999	ar	جالابا مازاتيك		Q34770	language	6	
http://www.wikidata.org/entity/Q39178	ar	بورت أوف سبين	عاصمة ترينيداد وتوباغو	Q515	city	139	https://ar.wikipedia.org/wiki/%D8%A8%D9%88%D8%B1%D8%AA_%D8%A3%D9%88%D9%81_%D8%B3%D8%A8%D9%8A%D9%86
http://www.wikidata.org/entity/Q3919	ar	غابورون	عاصمة بوتسوانا	Q515	city	163	https://ar.wikipedia.org/wiki/%D8%BA%D8%A7%D8%A8%D9%88%D8%B1%D9%88%D9%86
http://www.wikidata.org/entity/Q3921	ar	هراري	عاصمة زيمبابوي	Q515	city	174	https://ar.wikipedia.org/wiki/%D9%87%D8%B1%D8%A7%D8%B1%D9%8A
http://www.wikidata.org/entity/Q3922	ar	دتمولد		Q515	city	79	https://ar.wikipedia.org/wiki/%D8%AF%D8%AA%D9%85%D9%88%D9%84%D8%AF
http://www.wikidata.org/entity/Q392667	ar	جامعة ويك فورست	جامعة أمريكية	Q3918	university	25	https://ar.wikipedia.org/wiki/%D8%AC%D8%A7%D9%85%D8%B9%D8%A9_%D9%88%D9%8A%D9%83_%D9%81%D9%88%D8%B1%D8%B3%D8%AA
http://www.wikidata.org/entity/Q392774	ar	جامعة السلام	جامعة في كوستاريكا	Q3918	university	33	https://ar.wikipedia.org/wiki/%D8%AC%D8%A7%D9%85%D8%B9%D8%A9_%D8%A7%D9%84%D8%B3%D9%84%D8%A7%D9%85_(%D9%83%D9%88%D8%B3%D8%AA%D8%A7%D8%B1%D9%8A%D9%83%D8%A7)
http://www.wikidata.org/entity/Q3928	ar	نوردرشتيت		Q515	city	58	https://ar.wikipedia.org/wiki/%D9%86%D9%88%D8%B1%D8%AF%D8%B1%D8%B4%D8%AA%D9%8A%D8%AA
http://www.wikidata.org/entity/Q3929	ar	بورت لويس	عاصمة موريشيوس	Q515	city	153	https://ar.wikipedia.org/wiki/%D8%A8%D9%88%D8%B1%D8%AA_%D9%84%D9%88%D9%8A%D8%B3
http://www.wikidata.org/entity/Q393	ar	شتشيتشين	مدينة في غرب بولندا	Q515	city	145	https://ar.wikipedia.org/wiki/%D8%B4%D8%AA%D8%B4%D9%8A%D8%AA%D8%B4%D9%8A%D9%86
http://www.wikidata.org/entity/Q3932	ar	ساو تومي	عاصمة ساو تومي و برينسيب	Q515	city	140	https://ar.wikipedia.org/wiki/%D8%B3%D8%A7%D9%88_%D8%AA%D9%88%D9%85%D9%8A
http://www.wikidata.org/entity/Q3935	ar	ويندهوك	عاصمة ناميبيا	Q515	city	174	https://ar.wikipedia.org/wiki/%D9%88%D9%8A%D9%86%D8%AF%D9%87%D9%88%D9%83
http://www.wikidata.org/entity/Q393829	ar	مرسى مطروح	مدينة مصرية	Q515	city	50	https://ar.wikipedia.org/wiki/%D9%85%D8%B1%D8%B3%D9%89_%D9%85%D8%B7%D8%B1%D9%88%D8%AD
http://www.wikidata.org/entity/Q3939	ar	دينسلاكن	بلدة ألمانية	Q515	city	56	https://ar.wikipedia.org/wiki/%D8%AF%D9%8A%D9%86%D8%B3%D9%84%D8%A7%D9%83%D9%86
http://www.wikidata.org/entity/Q3940	ar	فكتوريا	عاصمة جزر سيشل	Q515	city	146	https://ar.wikipedia.org/wiki/%D9%81%D9%83%D8%AA%D9%88%D8%B1%D9%8A%D8%A7_(%D8%B3%D9%8A%D8%B4%D9%84)
http://www.wikidata.org/entity/Q394080	ar	بني سويف	مدينة مصرية	Q515	city	54	https://ar.wikipedia.org/wiki/%D8%A8%D9%86%D9%8A_%D8%B3%D9%88%D9%8A%D9%81
http://www.wikidata.org/entity/Q3958	ar	نويبراندنبورغ		Q515	city	79	https://ar.wikipedia.org/wiki/%D9%86%D9%88%D9%8A%D8%A8%D8%B1%D8%A7%D9%86%D8%AF%D9%86%D8%A8%D9%88%D8%B1%D8%BA
http://www.wikidata.org/entity/Q39583	ar	بئر كركرة	من بلديات مالطة	Q515	city	70	https://ar.wikipedia.org/wiki/%D8%A8%D9%8A%D8%B1%D9%83%D9%8A%D8%B1%D9%83%D8%A7%D8%B1%D8%A7
http://www.wikidata.org/entity/Q395863	ar	دسوق	مدينة تقع شمالي مصر	Q515	city	59	https://ar.wikipedia.org/wiki/%D8%AF%D8%B3%D9%88%D9%82
http://www.wikidata.org/entity/Q397	ar	اللاتينية	لغة هندوأوروبية من الفرع الإيطاليقي	Q34770	language	301	https://ar.wikipedia.org/wiki/%D8%A7%D9%84%D9%84%D8%BA%D8%A9_%D8%A7%D9%84%D9%84%D8%A7%D8%AA%D9%8A%D9%86%D9%8A%D8%A9
http://www.wikidata.org/entity/Q398	ar	البحرين	دولة جزريَّة عربيَّة تعد ملكيَّة دستوريَّة	Q6256	country	301	https://ar.wikipedia.org/wiki/%D8%A7%D9%84%D8%A8%D8%AD%D8%B1%D9%8A%D9%86
http://www.wikidata.org/entity/Q399	ar	أرمينيا	دولة في غرب آسيا و شرق أوروبا	Q6256	country	349	https://ar.wikipedia.org/wiki/%D8%A3%D8%B1%D9%85%D9%8A%D9%86%D9%8A%D8%A7
http://www.wikidata.org/entity/Q3992	ar	لييج	بلدية في لياج، بلجيكا	Q515	city	127	https://ar.wikipedia.org/wiki/%D9%84%D9%8A%D8%A7%D8%AC
http://www.wikidata.org/entity/Q39920	ar	جامعة كيم إل سونغ	أول جامعة في كوريا الشمالية	Q3918	university	49	https://ar.wikipedia.org/wiki/%D8%AC%D8%A7%D9%85%D8%B9%D8%A9_%D9%83%D9%8A%D9%85_%D8%A5%D9%84_%D8%B3%D9%88%D9%86%D8%BA
http://www.wikidata.org/entity/Q39984	ar	كان	مدينة فرنسية	Q515	city	131	https://ar.wikipedia.org/wiki/%D9%83%D8%A7%D9%86_(%D8%A8%D8%B1%D9%88%D9%81%D8%A7%D9%86%D8%B3)
http://www.wikidata.org/entity/Q40	ar	النمسا	دولة في أوروبا الوسطى	Q6256	country	369	https://ar.wikipedia.org/wiki/%D8%A7%D9%84%D9%86%D9%85%D8%B3%D8%A7
http://www.wikidata.org/entity/Q40104	ar	أجاكسيو	بلدية فرنسية	Q515	city	122	https://ar.wikipedia.org/wiki/%D8%A3%D8%AC%D8%A7%D9%83%D8%B3%D9%8A%D9%88
http://www.wikidata.org/entity/Q4011	ar	فيزل		Q515	city	65	https://ar.wikipedia.org/wiki/%D9%81%D9%8A%D8%B2%D9%84
http://www.wikidata.org/entity/Q40191	ar	هوبرت	مدينة في أستراليا وهي عاصمة تسمانيا	Q515	city	131	https://ar.wikipedia.org/wiki/%D9%87%D9%88%D8%A8%D8%A7%D8%B1%D8%AA
http://www.wikidata.org/entity/Q40194	ar	مازاتلان	مدينة في ولاية سينالوا	Q515	city	52	https://ar.wikipedia.org/wiki/%D9%85%D8%A7%D8%B2%D8%A7%D8%AA%D9%84%D8%A7%D9%86
http://www.wikidata.org/entity/Q4024	ar	فرانكفورت على أودر		Q515	city	95	https://ar.wikipedia.org/wiki/%D9%81%D8%B1%D8%A7%D9%86%D9%83%D9%81%D9%88%D8%B1%D8%AA_(%D8%A3%D9%88%D8%AF%D8%B1)
http://www.wikidata.org/entity/Q403	ar	صربيا	دولة بين وسط و جنوب شرق أوروبا	Q6256	country	350	https://ar.wikipedia.org/wiki/%D8%B5%D8%B1%D8%A8%D9%8A%D8%A7
http://www.wikidata.org/entity/Q4037189	ar	دلفي	لغة البرمجة (لهجة Object Pascal ، المستخدمة في Embarcadero Delphi)	Q9143	programming language	18	https://ar.wikipedia.org/wiki/%D8%AF%D9%84%D9%81%D9%8A_(%D9%84%D8%BA%D8%A9_%D8%A8%D8%B1%D9%85%D8%AC%D8%A9)
http://www.wikidata.org/entity/Q4044	ar	أوفنبورغ		Q515	city	68	https://ar.wikipedia.org/wiki/%D8%A3%D9%88%D9%81%D9%86%D8%A8%D9%88%D8%B1%D8%BA
http://www.wikidata.org/entity/Q406402	ar	جامعة مومباي	جامعة في ماهاراشترا، الهند	Q3918	university	48	https://ar.wikipedia.org/wiki/%D8%AC%D8%A7%D9%85%D8%B9%D8%A9_%D9%85%D9%88%D9%85%D8%A8%D8%A7%D9%8A
http://www.wikidata.org/entity/Q40738	ar	بورصة	رابع مدن تركيا سكاناً وإحدى أهم المدن الصناعية التركية	Q515	city	135	https://ar.wikipedia.org/wiki/%D8%A8%D9%88%D8%B1%D8%B5%D8%A9_(%D9%85%D8%AF%D9%8A%D9%86%D8%A9)
http://www.wikidata.org/entity/Q408	ar	أستراليا	دولة في أوقيانوسيا	Q6256	country	395	https://ar.wikipedia.org/wiki/%D8%A3%D8%B3%D8%AA%D8%B1%D8%A7%D9%84%D9%8A%D8%A7
http://www.wikidata.org/entity/Q40811	ar	سوخومي	عاصمة جمهورية أبخازيا المتنازع عليها	Q515	city	134	https://ar.wikipedia.org/wiki/%D8%B3%D9%88%D8%AE%D9%88%D9%85%D9%8A
http://www.wikidata.org/entity/Q40816	ar	بنغازي	ثاني أكبر المدن الليبية	Q515	city	104	https://ar.wikipedia.org/wiki/%D8%A8%D9%86%D8%BA%D8%A7%D8%B2%D9%8A
http://www.wikidata.org/entity/Q40840	ar	تامبيري	بلدية في بيركنما، فنلندا	Q515	city	167	https://ar.wikipedia.org/wiki/%D8%AA%D8%A7%D9%85%D8%A8%D9%8A%D8%B1%D9%8A
http://www.wikidata.org/entity/Q40844	ar	بريدا	بلدية هولندية في شمال برابنت	Q515	city	102	https://ar.wikipedia.org/wiki/%D8%A8%D8%B1%D9%8A%D8%AF%D8%A7
http://www.wikidata.org/entity/Q40868	ar	تيرانو	كومونا	Q515	city	66	https://ar.wikipedia.org/wiki/%D8%AA%D9%8A%D8%B1%D8%A7%D9%86%D9%88
http://www.wikidata.org/entity/Q40921	ar	هونيارا	عاصمة جزر سليمان	Q515	city	127	https://ar.wikipedia.org/wiki/%D9%87%D9%88%D9%86%D9%8A%D8%A7%D8%B1%D8%A7
http://www.wikidata.org/entity/Q4093	ar	غلاسكو	أكبر مدينة في اسكتلندا	Q515	city	174	https://ar.wikipedia.org/wiki/%D8%BA%D9%84%D8%A7%D8%B3%D9%83%D9%88
http://www.wikidata.org/entity/Q41	ar	اليونان	دولة في جنوب شرق أوروبا	Q6256	country	375	https://ar.wikipedia.org/wiki/%D8%A7%D9%84%D9%8A%D9%88%D9%86%D8%A7%D9%86
http://www.wikidata.org/entity/Q4108	ar	باد زالتسوفلن	مستوطنة بشرية في ألمانيا	Q515	city	52	https://ar.wikipedia.org/wiki/%D8%A8%D8%A7%D8%AF_%D8%B2%D8%A7%D9%84%D8%AA%D8%B3%D9%88%D9%81%D9%84%D9%86
http://www.wikidata.org/entity/Q41128	ar	ايتاناجار		Q515	city	80	https://ar.wikipedia.org/wiki/%D8%A7%D9%8A%D8%AA%D8%A7%D9%86%D8%A7%D8%AC%D8%A7%D8%B1
http://www.wikidata.org/entity/Q4113	ar	بولهايم	مدينة في ولاية شمال الراين - وستفاليا، ألمانيا	Q515	city	56	https://ar.wikipedia.org/wiki/%D8%A8%D9%88%D9%84%D9%87%D8%A7%D9%8A%D9%85_(%D8%B4%D9%85%D8%A7%D9%84_%D8%A7%D9%84%D8%B1%D8%A7%D9%8A%D9%86-%D9%88%D8%B3%D8%AA%D9%81%D8%A7%D9%84%D9%8A%D8%A7)
http://www.wikidata.org/entity/Q4115304	ar	جامعة صنعاء	جامعة يمنية حكومية	Q3918	university	21	https://ar.wikipedia.org/wiki/%D8%AC%D8%A7%D9%85%D8%B9%D8%A9_%D8%B5%D9%86%D8%B9%D8%A7%D8%A1
http://www.wikidata.org/entity/Q4115712	ar	كاوناس	مدينة في ليتوانيا	Q515	city	142	https://ar.wikipedia.org/wiki/%D9%83%D8%A7%D9%88%D9%86%D8%A7%D8%B3
http://www.wikidata.org/entity/Q41183	ar	حلب	مدينة في سوريا	Q515	city	147	https://ar.wikipedia.org/wiki/%D8%AD%D9%84%D8%A8
http://www.wikidata.org/entity/Q41252	ar	بيدغوشتش	مدينة في بولندا	Q515	city	110	https://ar.wikipedia.org/wiki/%D8%A8%D9%8A%D8%AF%D8%BA%D9%88%D8%B4%D8%AA%D8%B4
http://www.wikidata.org/entity/Q41262	ar	نوتنغهام	مدينة إنجليزية	Q515	city	121	https://ar.wikipedia.org/wiki/%D9%86%D9%88%D8%AA%D9%86%D8%BA%D9%87%D8%A7%D9%85
http://www.wikidata.org/entity/Q41278	ar	أولسان	مدينة في كوريا الجنوبية	Q515	city	92	https://ar.wikipedia.org/wiki/%D8%A3%D9%84%D8%B3%D8%A7%D9%86_(%D9%85%D8%AF%D9%8A%D9%86%D8%A9)
http://www.wikidata.org/entity/Q41295	ar	باستير	عاصمة سانت كيتس و نيفيس	Q515	city	123	https://ar.wikipedia.org/wiki/%D8%A8%D8%A7%D8%B3%D8%AA%D9%8A%D8%B1
http://www.wikidata.org/entity/Q4133	ar	نوردهورن		Q515	city	56	https://ar.wikipedia.org/wiki/%D9%86%D9%88%D8%B1%D8%AF%D9%87%D9%88%D8%B1%D9%86
http://www.wikidata.org/entity/Q414	ar	الأرجنتين	دولة في أمريكا الجنوبية	Q6256	country	369	https://ar.wikipedia.org/wiki/%D8%A7%D9%84%D8%A3%D8%B1%D8%AC%D9%86%D8%AA%D9%8A%D9%86
http://www.wikidata.org/entity/Q414219	ar	أكاديمية الفنون الجميلة في فيينا	جامعة في فيينا، النمسا	Q3918	university	38	https://ar.wikipedia.org/wiki/%D8%A3%D9%83%D8%A7%D8%AF%D9%8A%D9%85%D9%8A%D8%A9_%D8%A7%D9%84%D9%81%D9%86%D9%88%D9%86_%D8%A7%D9%84%D8%AC%D9%85%D9%8A%D9%84%D8%A9_%D9%81%D9%8A_%D9%81%D9%8A%D9%8A%D9%86%D8%A7
http://www.wikidata.org/entity/Q414464	ar	مدرسة جنديسابور	جامعة في إيران	Q3918	university	28	https://ar.wikipedia.org/wiki/%D9%85%D8%AF%D8%B1%D8%B3%D8%A9_%D8%AC%D9%86%D8%AF%D9%8A%D8%B3%D8%A7%D8%A8%D9%88%D8%B1
http://www.wikidata.org/entity/Q414481	ar	أكاديمية توركو	جامعة في توركو، فنلندا	Q3918	university	23	https://ar.wikipedia.org/wiki/%D8%A3%D9%83%D8%A7%D8%AF%D9%8A%D9%85%D9%8A%D8%A9_%D8%AA%D9%88%D8%B1%D9%83%D9%88
http://www.wikidata.org/entity/Q41474	ar	كينغستاون	عاصمة سانت فنسنت والجرينادين	Q515	city	118	https://ar.wikipedia.org/wiki/%D9%83%D9%8A%D9%86%D8%BA%D8%B3%D8%AA%D8%A7%D9%88%D9%86
http://www.wikidata.org/entity/Q41483	ar	الطيب والشرس والقبيح	فيلم أُصدر سنة 1966، من إخراج سرجيو ليون	Q11424	film	95	https://ar.wikipedia.org/wiki/%D8%A7%D9%84%D8%B7%D9%8A%D8%A8_%D9%88%D8%A7%D9%84%D8%B4%D8%B1%D8%B3_%D9%88%D8%A7%D9%84%D9%82%D8%A8%D9%8A%D8%AD
http://www.wikidata.org/entity/Q41496	ar	ثنجفور	مدينة في جنوب الهند	Q515	city	63	https://ar.wikipedia.org/wiki/%D8%AB%D9%86%D8%AC%D9%81%D9%88%D8%B1
http://www.wikidata.org/entity/Q41547	ar	سانت جورجز	عاصمة دولة غرينادا	Q515	city	130	https://ar.wikipedia.org/wiki/%D8%B3%D8%A7%D9%86%D8%AA_%D8%AC%D9%88%D8%B1%D8%AC%D8%B2
http://www.wikidata.org/entity/Q41550	ar	منظمة التعاون الاقتصادي والتنمية	منظمة دولية تهدف إلى التنمية الاقتصادية وإلى إنعاش التبادلات التجارية	Q43229	organization	105	https://ar.wikipedia.org/wiki/%D9%85%D9%86%D8%B8%D9%85%D8%A9_%D8%A7%D9%84%D8%AA%D8%B9%D8%A7%D9%88%D9%86_%D8%A7%D9%84%D8%A7%D9%82%D8%AA%D8%B5%D8%A7%D8%AF%D9%8A_%D9%88%D8%A7%D9%84%D8%AA%D9%86%D9%85%D9%8A%D8%A9
http://www.wikidata.org/entity/Q41562	ar	ذوثوكدي		Q515	city	50	
http://www.wikidata.org/entity/Q41574	ar	PL/SQL		Q9143	programming language	34	
http://www.wikidata.org/entity/Q41621	ar	حيفا	مدينة ساحلية في إسرائيل	Q515	city	133	https://ar.wikipedia.org/wiki/%D8%AD%D9%8A%D9%81%D8%A7
http://www.wikidata.org/entity/Q41699	ar	كاستريس	عاصمة جزيرة سانت لوسيا الكاريبية وأكبر مدينة فيها. بلدة في سانت لوسيا	Q515	city	130	https://ar.wikipedia.org/wiki/%D9%83%D8%A7%D8%B3%D8%AA%D8%B1%D9%8A%D8%B3
http://www.wikidata.org/entity/Q41843	ar	بئر السبع	مدينة تقع في جنوب إسرائيل، في صحراء النقب. سكنها سابقًا قبيلة الترابين من قبيلة البقم.	Q515	city	97	https://ar.wikipedia.org/wiki/%D8%A8%D8%A6%D8%B1_%D8%A7%D9%84%D8%B3%D8%A8%D8%B9
http://www.wikidata.org/entity/Q419	ar	بيرو	دولة في أمريكا الجنوبية	Q6256	country	332	https://ar.wikipedia.org/wiki/%D8%A8%D9%8A%D8%B1%D9%88
http://www.wikidata.org/entity/Q42051	ar	حرب النجوم الجزء الثالث: انتقام السيث	فيلم أُصدر سنة 2005، من إخراج جورج لوكاس	Q11424	film	85	https://ar.wikipedia.org/wiki/%D8%AD%D8%B1%D8%A8_%D8%A7%D9%84%D9%86%D8%AC%D9%88%D9%85_%D8%A7%D9%84%D8%AC%D8%B2%D8%A1_%D8%A7%D9%84%D8%AB%D8%A7%D9%84%D8%AB:_%D8%A7%D9%86%D8%AA%D9%82%D8%A7%D9%85_%D8%A7%D9%84%D8%B3%D9%8A%D8%AB
http://www.wikidata.org/entity/Q421739	ar	الجامعة الوطنية للتعليم عن بعد	جامعة إسبانية	Q3918	university	20	https://ar.wikipedia.org/wiki/%D8%A7%D9%84%D8%AC%D8%A7%D9%85%D8%B9%D8%A9_%D8%A7%D9%84%D9%88%D8%B7%D9%86%D9%8A%D8%A9_%D9%84%D9%84%D8%AA%D8%B9%D9%84%D9%8A%D9%85_%D8%B9%D9%86_%D8%A8%D8%B9%D8%AF
http://www.wikidata.org/entity/Q423	ar	كوريا الشمالية	دولة في شرق آسيا	Q6256	country	309	https://ar.wikipedia.org/wiki/%D9%83%D9%88%D8%B1%D9%8A%D8%A7_%D8%A7%D9%84%D8%B4%D9%85%D8%A7%D9%84%D9%8A%D8%A9
http://www.wikidata.org/entity/Q42369	ar	مهرجان كان السينمائي	مهرجان سينمائي سنوي في فرنسا	Q43229	organization	113	https://ar.wikipedia.org/wiki/%D9%85%D9%87%D8%B1%D8%AC%D8%A7%D9%86_%D9%83%D8%A7%D9%86_%D8%A7%D9%84%D8%B3%D9%8A%D9%86%D9%85%D8%A7%D8%A6%D9%8A
http://www.wikidata.org/entity/Q424	ar	كمبوديا	دولة في جنوب شرق آسيا	Q6256	country	329	https://ar.wikipedia.org/wiki/%D9%83%D9%85%D8%A8%D9%88%D8%AF%D9%8A%D8%A7
http://www.wikidata.org/entity/Q42448	ar	شفيلد		Q515	city	122	https://ar.wikipedia.org/wiki/%D8%B4%D9%8A%D9%81%D9%8A%D9%84%D8%AF_(%D8%B3%D8%A7%D9%88%D8%AB_%D9%8A%D9%88%D8%B1%D9%83%D8%B4%D8%A7%D9%8A%D8%B1)
http://www.wikidata.org/entity/Q42462	ar	يورك	مدينة في المملكة المتحدة	Q515	city	127	https://ar.wikipedia.org/wiki/%D9%8A%D9%88%D8%B1%D9%83
http://www.wikidata.org/entity/Q42478	ar	بيرل		Q9143	programming language	102	https://ar.wikipedia.org/wiki/%D8%A8%D9%8A%D8%B1%D9%84
http://www.wikidata.org/entity/Q4251381	ar	كوك مونتشاق	لغة أتراكية	Q34770	language	11	
http://www.wikidata.org/entity/Q4252500	ar	إنكليزية غرنادة المولدة	لغة	Q34770	language	7	
http://www.wikidata.org/entity/Q42603	ar	قسيس		Q43229	organization	140	https://ar.wikipedia.org/wiki/%D9%82%D8%B3
http://www.wikidata.org/entity/Q42751	ar	باليكير	هي عاصمة ولايات ميكرونيسيا المتحدة	Q515	city	120	https://ar.wikipedia.org/wiki/%D8%A8%D8%A7%D9%84%D9%8A%D9%83%D9%8A%D8%B1
http://www.wikidata.org/entity/Q42763	ar	سانتياغو دي لوس كاباليروس	مدينة في جمهورية الدومينيكان	Q515	city	54	https://ar.wikipedia.org/wiki/%D8%B3%D8%A7%D9%86%D8%AA%D9%8A%D8%A7%D8%BA%D9%88_%D8%AF%D9%8A_%D9%84%D9%88%D8%B3_%D9%83%D8%A7%D8%A8%D8%A7%D9%84%D9%8A%D8%B1%D9%88%D8%B3
http://www.wikidata.org/entity/Q42780	ar	نينغبو		Q515	city	77	https://ar.wikipedia.org/wiki/%D9%86%D9%8A%D9%86%D8%BA%D8%A8%D9%88
http://www.wikidata.org/entity/Q42800	ar	بيلو هوريزونتي	مدينة برازيلية وعاصمة ولاية ميناس جيرايس	Q515	city	136	https://ar.wikipedia.org/wiki/%D8%A8%D9%8A%D9%84%D9%88_%D9%87%D9%88%D8%B1%D9%8A%D8%B2%D9%88%D9%86%D8%AA%D9%8A
http://www.wikidata.org/entity/Q428136	ar	جامعة الزيتونة	إحدى أقدم الجامعات في العالم	Q3918	university	21	https://ar.wikipedia.org/wiki/%D8%AC%D8%A7%D9%85%D8%B9%D8%A9_%D8%A7%D9%84%D8%B2%D9%8A%D8%AA%D9%88%D9%86%D8%A9_(%D8%AA%D9%88%D9%86%D8%B3)
http://www.wikidata.org/entity/Q42908	ar	الرابطة الهانزية		Q43229	organization	101	https://ar.wikipedia.org/wiki/%D8%A7%D9%84%D8%B1%D8%A7%D8%A8%D8%B7%D8%A9_%D8%A7%D9%84%D9%87%D8%A7%D9%86%D8%B2%D9%8A%D8%A9
http://www.wikidata.org/entity/Q42941	ar	أغرة	مدينة في الهند	Q515	city	137	https://ar.wikipedia.org/wiki/%D8%A2%D8%BA%D8%B1%D8%A9
http://www.wikidata.org/entity/Q42956	ar	هاربن	عاصمة مقاطعة هيلونغجيانغ الصينية	Q515	city	132	https://ar.wikipedia.org/wiki/%D9%87%D8%A7%D8%B1%D8%A8%D9%86
http://www.wikidata.org/entity/Q42979	ar	بيسيك	لغة برمجة للمبتدئين، وذلك باستخدام الكلمات الإنجليزية المألوفة أو اختصاراتها بشكل أساسي	Q9143	programming language	95	https://ar.wikipedia.org/wiki/%D8%A8%D9%8A%D8%B3%D9%8A%D9%83
http://www.wikidata.org/entity/Q429801	ar	بي بي سي بيزيك		Q9143	programming language	11	https://ar.wikipedia.org/wiki/%D8%A8%D9%8A_%D8%A8%D9%8A_%D8%B3%D9%8A_%D8%A8%D9%8A%D8%B2%D9%8A%D9%83
http://www.wikidata.org/entity/Q429863	ar	جامعة فلوريدا أتلانتيك	جامعة في بوكا راتون، الولايات المتحدة	Q3918	university	22	https://ar.wikipedia.org/wiki/%D8%AC%D8%A7%D9%85%D8%B9%D8%A9_%D9%81%D9%84%D9%88%D8%B1%D9%8A%D8%AF%D8%A7_%D8%A3%D8%AA%D9%84%D8%A7%D9%86%D8%AA%D9%8A%D9%83
http://www.wikidata.org/entity/Q43	ar	تركيا	دولة يقع معظمها في غرب آسيا و جزء منها في جنوب شرق أوروبا	Q6256	country	418	https://ar.wikipedia.org/wiki/%D8%AA%D8%B1%D9%83%D9%8A%D8%A7
http://www.wikidata.org/entity/Q430018	ar	اللغة الشامبانية		Q34770	language	39	https://ar.wikipedia.org/wiki/%D8%A7%D9%84%D9%84%D8%BA%D8%A9_%D8%A7%D9%84%D8%B4%D8%A7%D9%85%D8%A8%D8%A7%D9%86%D9%8A%D8%A9
http://www.wikidata.org/entity/Q4301	ar	أروشا	مدينة في شمال تنزانيا	Q515	city	79	https://ar.wikipedia.org/wiki/%D8%A3%D8%B1%D9%88%D8%B4%D8%A7
http://www.wikidata.org/entity/Q430776	ar	الناصرة	مدينة عربية في إسرائيل وتعتبر من أقدس المدن في الديانة المسيحية	Q515	city	132	https://ar.wikipedia.org/wiki/%D8%A7%D9%84%D9%86%D8%A7%D8%B5%D8%B1%D8%A9
http://www.wikidata.org/entity/Q432475	ar	جامعة كانتربري	جامعة في نيوزيلندا	Q3918	university	34	https://ar.wikipedia.org/wiki/%D8%AC%D8%A7%D9%85%D8%B9%D8%A9_%D9%83%D8%A7%D9%86%D8%AA%D8%B1%D8%A8%D8%B1%D9%8A
http://www.wikidata.org/entity/Q43382	ar	بليموث	مدينة انجليزية	Q515	city	110	https://ar.wikipedia.org/wiki/%D8%A8%D9%84%D9%8A%D9%85%D9%88%D8%AB
http://www.wikidata.org/entity/Q43387	ar	أدرنة	مدينة تركية	Q515	city	284	https://ar.wikipedia.org/wiki/%D8%A3%D8%AF%D8%B1%D9%86%D8%A9
http://www.wikidata.org/entity/Q43433	ar	شَنديغار	مدينة في شمال الهند	Q515	city	118	https://ar.wikipedia.org/wiki/%D8%B4%D8%A7%D9%86%D8%AF%D9%8A%D8%BA%D8%A7%D8%B1
http://www.wikidata.org/entity/Q43453	ar	بلزن	مدينة في التشيك	Q515	city	119	https://ar.wikipedia.org/wiki/%D8%A8%D9%84%D8%B2%D9%86
http://www.wikidata.org/entity/Q43463	ar	فورتاليزا	عاصمة ولاية سيارا، البرازيل	Q515	city	125	https://ar.wikipedia.org/wiki/%D9%81%D9%88%D8%B1%D8%AA%D8%A7%D9%84%D9%8A%D8%B2%D8%A7
http://www.wikidata.org/entity/Q43475	ar	ديربي	مدينة في إنكلترا	Q515	city	98	https://ar.wikipedia.org/wiki/%D8%AF%D8%B1%D8%A8%D9%8A_(%D8%A5%D9%86%D8%AC%D9%84%D8%AA%D8%B1%D8%A7)
http://www.wikidata.org/entity/Q43509	ar	غواياكيل	أكبر مدينة في الإكوادور	Q515	city	114	https://ar.wikipedia.org/wiki/%D8%BA%D9%88%D8%A7%D9%8A%D8%A7%D9%83%D9%8A%D9%84
http://www.wikidata.org/entity/Q43595	ar	كوتونو	العاصمة الاقتصادية للبنين	Q515	city	112	https://ar.wikipedia.org/wiki/%D9%83%D9%88%D8%AA%D9%88%D9%86%D9%88
http://www.wikidata.org/entity/Q43631	ar	ليدن	مدينة هولندية	Q515	city	111	https://ar.wikipedia.org/wiki/%D9%84%D9%8A%D8%AF%D9%86
http://www.wikidata.org/entity/Q437	ar	لبلانة	عاصمة سلوفينيا	Q515	city	203	https://ar.wikipedia.org/wiki/%D9%84%D9%8A%D9%88%D8%A8%D9%84%D9%8A%D8%A7%D9%86%D8%A7
http://www.wikidata.org/entity/Q4380827	ar	المندرينية التايوانية		Q34770	language	5	
http://www.wikidata.org/entity/Q44016	ar	ماركام		Q515	city	50	https://ar.wikipedia.org/wiki/%D9%85%D8%A7%D8%B1%D9%83%D8%A7%D9%85
http://www.wikidata.org/entity/Q44104	ar	خطير	ألبوم من أداء مايكل جاكسون	Q482994	album	45	https://ar.wikipedia.org/wiki/%D8%AE%D8%B7%D9%8A%D8%B1_(%D8%A3%D9%84%D8%A8%D9%88%D9%85_%D9%85%D8%A7%D9%8A%D9%83%D9%84_%D8%AC%D8%A7%D9%83%D8%B3%D9%88%D9%86)
http://www.wikidata.org/entity/Q44142	ar	باد	ألبوم من أداء مايكل جاكسون	Q482994	album	45	https://ar.wikipedia.org/wiki/%D8%A8%D8%A7%D8%AF_(%D8%A3%D9%84%D8%A8%D9%88%D9%85)
http://www.wikidata.org/entity/Q4418344	ar	اللغة التتارية السيبيرية		Q34770	language	37	https://ar.wikipedia.org/wiki/%D8%A7%D9%84%D9%84%D8%BA%D8%A9_%D8%A7%D9%84%D8%AA%D8%AA%D8%A7%D8%B1%D9%8A%D8%A9_%D8%A7%D9%84%D8%B3%D9%8A%D8%A8%D9%8A%D8%B1%D9%8A%D8%A9
http://www.wikidata.org/entity/Q44198	ar	برامبتون		Q515	city	70	https://ar.wikipedia.org/wiki/%D8%A8%D8%B1%D8%A7%D9%85%D8%A8%D8%AA%D9%88%D9%86_(%D8%A3%D9%88%D9%86%D8%AA%D8%A7%D8%B1%D9%8A%D9%88)
http://www.wikidata.org/entity/Q44213	ar	بارانا، انتري ريوس	مدينة في انتري ريوس، الأرجنتين	Q515	city	74	https://ar.wikipedia.org/wiki/%D8%A8%D8%A7%D8%B1%D8%A7%D9%86%D8%A7_%D8%A7%D9%86%D8%AA%D8%B1%D9%8A_%D8%B1%D9%8A%D9%88%D8%B3_(%D9%85%D8%AF%D9%8A%D9%86%D8%A9)
http://www.wikidata.org/entity/Q44214	ar	فورموزا		Q515	city	59	https://ar.wikipedia.org/wiki/%D9%81%D9%88%D8%B1%D9%85%D9%88%D8%B2%D8%A7_(%D8%A7%D9%84%D8%A3%D8%B1%D8%AC%D9%86%D8%AA%D9%8A%D9%86)
http://www.wikidata.org/entity/Q44217	ar	سان سلفادور دي خوخوي	مستوطنة بشرية	Q515	city	60	https://ar.wikipedia.org/wiki/%D8%B3%D8%A7%D9%86_%D8%B3%D9%84%D9%81%D8%A7%D8%AF%D9%88%D8%B1_%D8%AF%D9%8A_%D8%AE%D9%88%D8%AE%D9%88%D9%8A_(%D9%85%D8%AF%D9%8A%D9%86%D8%A9)
http://www.wikidata.org/entity/Q44243	ar	سان لويس		Q515	city	53	https://ar.wikipedia.org/wiki/%D8%B3%D8%A7%D9%86_%D9%84%D9%88%D9%8A%D8%B3_(%D9%85%D8%AF%D9%8A%D9%86%D8%A9)
http://www.wikidata.org/entity/Q44254	ar	أوشوايا		Q515	city	96	https://ar.wikipedia.org/wiki/%D8%A3%D9%88%D8%B4%D9%88%D8%A7%D9%8A%D8%A7
http://www.wikidata.org/entity/Q44289	ar	أوف ذا وول	ألبوم من أداء مايكل جاكسون	Q482994	album	43	https://ar.wikipedia.org/wiki/%D8%A3%D9%88%D9%81_%D8%B0%D8%A7_%D9%88%D9%88%D9%84_(%D8%A3%D9%84%D8%A8%D9%88%D9%85)
http://www.wikidata.org/entity/Q44294	ar	شركة فورد	شركة تصنيع للسيارات	Q43229	organization	112	https://ar.wikipedia.org/wiki/%D9%81%D9%88%D8%B1%D8%AF_(%D8%B4%D8%B1%D9%83%D8%A9)
http://www.wikidata.org/entity/Q443089	ar	اللغة الهولندية القديمة		Q34770	language	23	https://ar.wikipedia.org/wiki/%D8%A7%D9%84%D9%84%D8%BA%D8%A9_%D8%A7%D9%84%D9%87%D9%88%D9%84%D9%86%D8%AF%D9%8A%D8%A9_%D8%A7%D9%84%D9%82%D8%AF%D9%8A%D9%85%D8%A9
http://www.wikidata.org/entity/Q44320	ar	ثريلر		Q482994	album	64	https://ar.wikipedia.org/wiki/%D8%AB%D8%B1%D9%8A%D9%84%D8%B1_(%D8%A3%D9%84%D8%A8%D9%88%D9%85)
http://www.wikidata.org/entity/Q44347	ar	هيستوري	ألبوم مايكل جاكسون	Q482994	album	41	
http://www.wikidata.org/entity/Q44376	ar	إنفنسبل	ألبوم من أداء مايكل جاكسون	Q482994	album	41	https://ar.wikipedia.org/wiki/%D8%A5%D9%86%D9%81%D9%86%D8%B3%D8%A8%D9%84_(%D8%A3%D9%84%D8%A8%D9%88%D9%85)
http://www.wikidata.org/entity/Q44401	ar	كايين	مدينة فرنسية وعاصمة إقليم غويانا الفرنسية	Q515	city	121	https://ar.wikipedia.org/wiki/%D9%83%D8%A7%D9%8A%D9%8A%D9%86
http://www.wikidata.org/entity/Q44578	ar	تيتانيك	فيلم أُصدر سنة 1997، من إخراج جيمس كاميرون	Q11424	film	138	https://ar.wikipedia.org/wiki/%D8%AA%D9%8A%D8%AA%D8%A7%D9%86%D9%8A%D9%83_(%D9%81%D9%84%D9%85_1997)
http://www.wikidata.org/entity/Q44676	ar	إنجليزية كندية	لهجة في اللغة الإنجليزية	Q34770	language	42	https://ar.wikipedia.org/wiki/%D8%A5%D9%86%D8%AC%D9%84%D9%8A%D8%B2%D9%8A%D8%A9_%D9%83%D9%86%D8%AF%D9%8A%D8%A9
http://www.wikidata.org/entity/Q4494885	ar	اللغة القراخانية	لغة تركية منقرضة	Q34770	language	15	https://ar.wikipedia.org/wiki/%D8%A7%D9%84%D9%84%D8%BA%D8%A9_%D8%A7%D9%84%D9%82%D8%B1%D8%A7%D8%AE%D8%A7%D9%86%D9%8A%D8%A9
http://www.wikidata.org/entity/Q45	ar	البرتغال	دولة في جنوب غرب أوروبا في شبه الجزيرة الأيبيرية	Q6256	country	369	https://ar.wikipedia.org/wiki/%D8%A7%D9%84%D8%A8%D8%B1%D8%AA%D8%BA%D8%A7%D9%84
http://www.wikidata.org/entity/Q450625	ar	أليتس		Q515	city	86	https://ar.wikipedia.org/wiki/%D8%A3%D9%84%D9%8A%D8%AA%D8%B3
http://www.wikidata.org/entity/Q45197	ar	شفينتوخوفيتسه	مدينة في بولندا	Q515	city	79	https://ar.wikipedia.org/wiki/%D8%B4%D9%81%D9%8A%D9%86%D8%AA%D9%88%D8%AE%D9%88%D9%81%D9%8A%D8%AA%D8%B3%D9%87
http://www.wikidata.org/entity/Q45301	ar	طربزون	مدينة تركية	Q515	city	121	https://ar.wikipedia.org/wiki/%D8%B7%D8%B1%D8%A8%D8%B2%D9%88%D9%86
http://www.wikidata.org/entity/Q45313	ar	هراة	مدينة في غرب أفغانستان	Q515	city	106	https://ar.wikipedia.org/wiki/%D9%87%D8%B1%D8%A7%D8%A9
http://www.wikidata.org/entity/Q45604	ar	قندهار	مدينة في جنوب أفغانستان	Q515	city	111	https://ar.wikipedia.org/wiki/%D9%82%D9%86%D8%AF%D9%87%D8%A7%D8%B1
http://www.wikidata.org/entity/Q456624	ar	أمبالا	مستوطنة بشرية	Q515	city	58	https://ar.wikipedia.org/wiki/%D8%A3%D9%85%D8%A8%D8%A7%D9%84%D8%A7
http://www.wikidata.org/entity/Q457334	ar	مونكتون		Q515	city	63	https://ar.wikipedia.org/wiki/%D9%85%D9%88%D9%86%D9%83%D8%AA%D9%88%D9%86
http://www.wikidata.org/entity/Q459360	ar	كابيندا	بلدية في مقاطعة كابيندا، أنغولا	Q515	city	68	https://ar.wikipedia.org/wiki/%D9%83%D8%A7%D8%A8%D9%8A%D9%86%D8%AF%D8%A7_(%D9%85%D8%AF%D9%8A%D9%86%D8%A9)
http://www.wikidata.org/entity/Q459369	ar	فرانسفيل		Q515	city	55	https://ar.wikipedia.org/wiki/%D9%81%D8%B1%D8%A7%D9%86%D8%B3%D9%81%D9%8A%D9%84
http://www.wikidata.org/entity/Q45942	ar	عنابة	مدينة وبلدية جزائرية	Q515	city	86	https://ar.wikipedia.org/wiki/%D8%B9%D9%86%D8%A7%D8%A8%D8%A9
http://www.wikidata.org/entity/Q459495	ar	بشكطاش	من أقضية ولاية إسطنبول التركية	Q515	city	57	https://ar.wikipedia.org/wiki/%D8%A8%D8%B4%D9%83%D8%B7%D8%A7%D8%B4
http://www.wikidata.org/entity/Q459553	ar	شيتومال		Q515	city	66	https://ar.wikipedia.org/wiki/%D8%B4%D9%8A%D8%AA%D9%88%D9%85%D8%A7%D9%84
http://www.wikidata.org/entity/Q459600	ar	واغا واغا	مدينة في ويلز الجنوبية الجديدة، أستراليا	Q515	city	56	https://ar.wikipedia.org/wiki/%D9%88%D8%A7%D8%AC%D8%A7_%D9%88%D8%A7%D8%AC%D8%A7
http://www.wikidata.org/entity/Q460222	ar	أولهاسنغر		Q515	city	52	https://ar.wikipedia.org/wiki/%D8%A3%D9%88%D9%84%D9%87%D8%A7%D8%B3%D9%86%D8%BA%D8%B1
http://www.wikidata.org/entity/Q460584	ar	سكالا		Q9143	programming language	49	https://ar.wikipedia.org/wiki/%D8%B3%D9%83%D8%A7%D9%84%D8%A7_(%D9%84%D8%BA%D8%A9_%D8%A8%D8%B1%D9%85%D8%AC%D8%A9)
http://www.wikidata.org/entity/Q460925	ar	ميخالوفتسى	بلدية في سلوفاكيا	Q515	city	57	https://ar.wikipedia.org/wiki/%D9%85%D9%8A%D8%AE%D8%A7%D9%84%D9%88%D9%81%D8%AA%D8%B3%D9%89
http://www.wikidata.org/entity/Q461287	ar	استروينكا		Q515	city	54	https://ar.wikipedia.org/wiki/%D8%A7%D8%B3%D8%AA%D8%B1%D9%88%D9%8A%D9%86%D9%83%D8%A7
http://www.wikidata.org/entity/Q461307	ar	مظفر أباد	مدينة في إقليم كشمير الباكستاني	Q515	city	53	https://ar.wikipedia.org/wiki/%D9%85%D8%B8%D9%81%D8%B1_%D8%A2%D8%A8%D8%A7%D8%AF
http://www.wikidata.org/entity/Q46135	ar	كريتاي	بلدية في فال دو مارن، فرنسا	Q515	city	78	https://ar.wikipedia.org/wiki/%D9%83%D8%B1%D9%8A%D8%AA%D8%A7%D9%8A
http://www.wikidata.org/entity/Q461922	ar	بيدر	من مدن ولاية كرناتك الهندية	Q515	city	50	https://ar.wikipedia.org/wiki/%D8%A8%D9%8A%D8%AF%D8%A7%D8%B1
http://www.wikidata.org/entity/Q4629	ar	سورت	منطقة مأهولة في الهند	Q515	city	108	https://ar.wikipedia.org/wiki/%D8%B3%D9%88%D8%B1%D8%AA
http://www.wikidata.org/entity/Q463165	ar	سو ساينت ماري		Q515	city	50	https://ar.wikipedia.org/wiki/%D8%B3%D9%88_%D8%B3%D8%A7%D9%8A%D9%86%D8%AA_%D9%85%D8%A7%D8%B1%D9%8A_(%D8%A3%D9%88%D9%86%D8%AA%D8%A7%D8%B1%D9%8A%D9%88)
http://www.wikidata.org/entity/Q463252	ar	دامان	مدينة في الهند	Q515	city	59	https://ar.wikipedia.org/wiki/%D8%AF%D8%A7%D9%85%D8%A7%D9%86_(%D8%A7%D9%84%D9%87%D9%86%D8%AF)
http://www.wikidata.org/entity/Q463384	ar	بولتشيزا	بلدة في ألبانيا	Q515	city	52	https://ar.wikipedia.org/wiki/%D8%A8%D9%88%D9%84%D9%82%D9%8A%D8%B2%D8%A9
http://www.wikidata.org/entity/Q46441	ar	أوراق الأنماط المتتالية	لغة وصفية لأنماط صفحات الويب	Q9143	programming language	133	https://ar.wikipedia.org/wiki/%D8%A3%D9%88%D8%B1%D8%A7%D9%82_%D8%A7%D9%84%D8%A3%D9%86%D9%85%D8%A7%D8%B7_%D8%A7%D9%84%D9%85%D8%AA%D8%AA%D8%A7%D9%84%D9%8A%D8%A9
http://www.wikidata.org/entity/Q464699	ar	بحر دار	مستوطنة بشرية	Q515	city	58	https://ar.wikipedia.org/wiki/%D8%A8%D8%AD%D8%B1_%D8%AF%D8%A7%D8%B1
http://www.wikidata.org/entity/Q465698	ar	سيغولدا	منطقة مأهولة في لاتفيا	Q515	city	56	https://ar.wikipedia.org/wiki/%D8%B3%D9%8A%D8%BA%D9%88%D9%84%D8%AF%D8%A7
http://www.wikidata.org/entity/Q466221	ar	سلهت	مدينة في بنغلاديش	Q515	city	68	https://ar.wikipedia.org/wiki/%D8%B3%D9%84%D9%87%D8%AA
http://www.wikidata.org/entity/Q4670066	ar	لغة طارقية		Q34770	language	27	https://ar.wikipedia.org/wiki/%D9%84%D9%87%D8%AC%D8%A9_%D8%AA%D9%85%D8%A7%D8%B4%D9%82%D9%8A%D8%A9
http://www.wikidata.org/entity/Q46702	ar	قواية		Q515	city	59	https://ar.wikipedia.org/wiki/%D9%82%D9%88%D8%A7%D9%8A%D8%A9
http://www.wikidata.org/entity/Q467164	ar	الجامعة الأمريكية في أرمينيا	جامعة أرمينية	Q3918	university	20	https://ar.wikipedia.org/wiki/%D8%A7%D9%84%D8%AC%D8%A7%D9%85%D8%B9%D8%A9_%D8%A7%D9%84%D8%A3%D9%85%D8%B1%D9%8A%D9%83%D9%8A%D8%A9_%D9%81%D9%8A_%D8%A3%D8%B1%D9%85%D9%8A%D9%86%D9%8A%D8%A7
http://www.wikidata.org/entity/Q46717	ar	قراصنة الكاريبي: لعنة اللؤلؤة السوداء	فيلم أُصدر سنة 2003، من إخراج غور فيربينسكي	Q11424	film	89	https://ar.wikipedia.org/wiki/%D9%82%D8%B1%D8%A7%D8%B5%D9%86%D8%A9_%D8%A7%D9%84%D9%83%D8%A7%D8%B1%D9%8A%D8%A8%D9%8A:_%D9%84%D8%B9%D9%86%D8%A9_%D8%A7%D9%84%D9%84%D8%A4%D9%84%D8%A4%D8%A9_%D8%A7%D9%84%D8%B3%D9%88%D8%AF%D8%A7%D8%A1
http://www.wikidata.org/entity/Q46728	ar	هندية فيجي	لغة في فيجي	Q34770	language	91	https://ar.wikipedia.org/wiki/%D9%84%D8%BA%D8%A9_%D9%81%D9%8A%D8%AC%D9%8A_%D8%A7%D9%84%D9%87%D9%86%D8%AF%D9%8A%D8%A9
http://www.wikidata.org/entity/Q467501	ar	جاروغ		Q515	city	61	https://ar.wikipedia.org/wiki/%D8%AE%D8%A7%D8%B1%D9%88%D8%BA
http://www.wikidata.org/entity/Q468782	ar	وانكاشو		Q515	city	59	https://ar.wikipedia.org/wiki/%D9%88%D8%A7%D9%86%D9%83%D8%A7%D8%B4%D9%88
http://www.wikidata.org/entity/Q4699269	ar	أمازيغية أيت سغروشن	لغة أمازيغية	Q34770	language	7	
http://www.wikidata.org/entity/Q47034	ar	إسبو	مدينة في فنلندا	Q515	city	106	https://ar.wikipedia.org/wiki/%D8%A5%D8%B3%D8%A8%D9%88
http://www.wikidata.org/entity/Q470445	ar	بروستيوف		Q515	city	53	https://ar.wikipedia.org/wiki/%D8%A8%D8%B1%D9%88%D8%B3%D8%AA%D9%8A%D9%88%D9%81
http://www.wikidata.org/entity/Q47048	ar	أولو	بلدية في بوهيانما الشمالية، فنلندا	Q515	city	117	https://ar.wikipedia.org/wiki/%D8%A3%D9%88%D9%84%D9%88
http://www.wikidata.org/entity/Q4709	ar	باركيسيميتو		Q515	city	70	https://ar.wikipedia.org/wiki/%D8%A8%D8%A7%D8%B1%D9%83%D9%8A%D8%B3%D9%8A%D9%85%D9%8A%D8%AA%D9%88
http://www.wikidata.org/entity/Q47138	ar	انكارناسيون		Q515	city	56	https://ar.wikipedia.org/wiki/%D8%A7%D9%86%D9%83%D8%A7%D8%B1%D9%86%D8%A7%D8%B3%D9%8A%D9%88%D9%86
http://www.wikidata.org/entity/Q47166	ar	أورسك		Q515	city	71	https://ar.wikipedia.org/wiki/%D8%A3%D9%88%D8%B1%D8%B3%D9%83
http://www.wikidata.org/entity/Q471886	ar	الخضيرة	مدينة في إسرائيل	Q515	city	56	https://ar.wikipedia.org/wiki/%D8%A7%D9%84%D8%AE%D8%B6%D9%8A%D8%B1%D8%A9_(%D8%AD%D9%8A%D9%81%D8%A7)
http://www.wikidata.org/entity/Q472621	ar	فياليتشكا	مستوطنة في محافظة بولندا الصغرى	Q515	city	55	https://ar.wikipedia.org/wiki/%D9%81%D9%8A%D8%A7%D9%84%D9%8A%D8%AA%D8%B4%D9%83%D8%A7
http://www.wikidata.org/entity/Q47265	ar	بالو ألتو	مدينة في مقاطعة سانتا كلارا، ولاية كاليفورنيا	Q515	city	97	https://ar.wikipedia.org/wiki/%D8%A8%D8%A7%D9%84%D9%88_%D8%A3%D9%84%D8%AA%D9%88_(%D9%83%D8%A7%D9%84%D9%8A%D9%81%D9%88%D8%B1%D9%86%D9%8A%D8%A7)
http://www.wikidata.org/entity/Q47282	ar	أوش	مدينة في قرغيستان	Q515	city	101	https://ar.wikipedia.org/wiki/%D8%A3%D9%88%D8%B4_(%D9%85%D8%AF%D9%8A%D9%86%D8%A9)
http://www.wikidata.org/entity/Q472822	ar	غريندافيك	بلدة آيسلندية	Q515	city	57	https://ar.wikipedia.org/wiki/%D8%BA%D8%B1%D9%8A%D9%86%D8%AF%D8%A7%D9%81%D9%8A%D9%83
http://www.wikidata.org/entity/Q472925	ar	جرجانية		Q515	city	62	https://ar.wikipedia.org/wiki/%D8%AC%D8%B1%D8%AC%D8%A7%D9%86%D9%8A%D8%A9
http://www.wikidata.org/entity/Q473201	ar	توربو باسكال		Q9143	programming language	35	https://ar.wikipedia.org/wiki/%D8%AA%D9%88%D8%B1%D8%A8%D9%88_%D8%A8%D8%A7%D8%B3%D9%83%D8%A7%D9%84
http://www.wikidata.org/entity/Q473914	ar	إيبيزا	بلدة في إيبيزا، إسبانيا	Q515	city	68	https://ar.wikipedia.org/wiki/%D8%A5%D9%8A%D8%A8%D9%8A%D8%B2%D8%A7_(%D9%85%D8%AF%D9%8A%D9%86%D8%A9)
http://www.wikidata.org/entity/Q474651	ar	جاكوفا	منطقة مأهولة في كوسوفو	Q515	city	52	https://ar.wikipedia.org/wiki/%D8%AC%D8%A7%D9%83%D9%88%D9%81%D8%A7
http://www.wikidata.org/entity/Q4748035	ar	لغة أمبانانغ		Q34770	language	12	https://ar.wikipedia.org/wiki/%D9%84%D8%BA%D8%A9_%D8%A3%D9%85%D8%A8%D8%A7%D9%86%D8%A7%D9%86%D8%BA
http://www.wikidata.org/entity/Q474868	ar	ألور ستار		Q515	city	60	https://ar.wikipedia.org/wiki/%D8%A3%D9%84%D9%88%D8%B1_%D8%B3%D8%AA%D8%A7%D8%B1
http://www.wikidata.org/entity/Q47492	ar	غزة	مدينة ساحلية فلسطينية وأكبر مدن قطاع غزة	Q515	city	125	https://ar.wikipedia.org/wiki/%D8%BA%D8%B2%D8%A9
http://www.wikidata.org/entity/Q47554	ar	تورون	مدينة في بولندا	Q515	city	101	https://ar.wikipedia.org/wiki/%D8%AA%D9%88%D8%B1%D9%88%D9%86
http://www.wikidata.org/entity/Q47607	ar	إس كيو إل	لغة قاعدة البيانات العلائقية التي تسمح باستخراج سلسلة من السجلات من جداول البيانات مع معايير الاختيار والفرز والحساب، أو لتحديث أو حذف أو إضافة سجلات جديدة	Q9143	programming language	107	https://ar.wikipedia.org/wiki/%D9%84%D8%BA%D8%A9_%D8%A7%D9%84%D8%A7%D8%B3%D8%AA%D8%B9%D9%84%D8%A7%D9%85%D8%A7%D8%AA_%D8%A7%D9%84%D9%85%D9%87%D9%8A%D9%83%D9%84%D8%A9
http://www.wikidata.org/entity/Q4761919	ar	لغة أنغالية		Q34770	language	9	https://ar.wikipedia.org/wiki/%D8%A7%D9%84%D9%84%D8%BA%D8%A9_%D8%A7%D9%84%D8%A3%D9%86%D8%BA%D8%A7%D9%84%D9%8A%D8%A9
http://www.wikidata.org/entity/Q476800	ar	لشكر غاه	عاصمة ولاية أفغانية	Q515	city	56	https://ar.wikipedia.org/wiki/%D9%84%D8%B4%D9%83%D8%B1_%D9%83%D8%A7%D9%87
http://www.wikidata.org/entity/Q47703	ar	العراب	فيلم أُصدر سنة 1972، من إخراج فرانسيس فورد كوبولا	Q11424	film	128	https://ar.wikipedia.org/wiki/%D8%A7%D9%84%D8%B9%D8%B1%D8%A7%D8%A8_(%D9%81%D9%84%D9%85)
http://www.wikidata.org/entity/Q477148	ar	بل خمري	عاصمة ولاية أفغانية	Q515	city	56	https://ar.wikipedia.org/wiki/%D8%A8%D9%84_%D8%AE%D9%85%D8%B1%D9%8A
http://www.wikidata.org/entity/Q477232	ar	أكتوبي	بلدة في كازاخستان	Q515	city	83	https://ar.wikipedia.org/wiki/%D8%A3%D9%83%D8%AA%D9%88%D8%A8%D9%8A
http://www.wikidata.org/entity/Q477238	ar	تالقان	عاصمة ولاية أفغانية	Q515	city	56	https://ar.wikipedia.org/wiki/%D8%AA%D8%A7%D9%84%D9%82%D8%A7%D9%86
http://www.wikidata.org/entity/Q478207	ar	القنيطرة	مدينة في المغرب	Q515	city	61	https://ar.wikipedia.org/wiki/%D8%A7%D9%84%D9%82%D9%86%D9%8A%D8%B7%D8%B1%D8%A9_(%D8%A7%D9%84%D9%85%D8%BA%D8%B1%D8%A8)
http://www.wikidata.org/entity/Q478675	ar	ريوبامبا	مستوطنة في الإكوادور	Q515	city	61	https://ar.wikipedia.org/wiki/%D8%B1%D9%8A%D9%88%D8%A8%D8%A7%D9%85%D8%A8%D8%A7
http://www.wikidata.org/entity/Q4789666	ar	كانور	مستوطنة في الهند	Q515	city	55	https://ar.wikipedia.org/wiki/%D9%83%D8%A7%D9%86%D9%88%D8%B1
http://www.wikidata.org/entity/Q47952	ar	سالفورد	مدينة في مانشستر، المملكة المتحدة	Q515	city	56	https://ar.wikipedia.org/wiki/%D8%B3%D8%A7%D9%84%D9%81%D9%88%D8%B1%D8%AF
http://www.wikidata.org/entity/Q481659	ar	جامعة إستروبولتان	جامعة في براتيسلافا، سلوفاكيا	Q3918	university	22	https://ar.wikipedia.org/wiki/%D8%AC%D8%A7%D9%85%D8%B9%D8%A9_%D8%A5%D8%B3%D8%AA%D8%B1%D9%88%D8%A8%D9%88%D9%84%D8%AA%D8%A7%D9%86
http://www.wikidata.org/entity/Q4820191	ar	لهجة بغداد اليهودية		Q34770	language	9	https://ar.wikipedia.org/wiki/%D9%84%D9%87%D8%AC%D8%A9_%D8%A8%D8%BA%D8%AF%D8%A7%D8%AF_%D8%A7%D9%84%D9%8A%D9%87%D9%88%D8%AF%D9%8A%D8%A9
http://www.wikidata.org/entity/Q48278	ar	ميديلين	عاصمة إدارة أنتيوكيا الكولومبية	Q515	city	150	https://ar.wikipedia.org/wiki/%D9%85%D9%8A%D8%AF%D9%8A%D9%84%D9%8A%D9%86
http://www.wikidata.org/entity/Q483331	ar	إغدير	مدينة تركية	Q515	city	81	https://ar.wikipedia.org/wiki/%D8%A5%D8%BA%D8%AF%D9%8A%D8%B1
http://www.wikidata.org/entity/Q48338	ar	قيصرية	مدينة في تركيا	Q515	city	116	https://ar.wikipedia.org/wiki/%D9%82%D9%8A%D8%B5%D8%B1%D9%8A%D8%A9_(%D8%AA%D8%B1%D9%83%D9%8A%D8%A7)
http://www.wikidata.org/entity/Q48344	ar	ريسيفي	عاصمة وأكبر مدينة في ولاية بيرنامبوكو ، البرازيل	Q515	city	128	https://ar.wikipedia.org/wiki/%D8%B1%D9%8A%D8%B3%D9%8A%D9%81%D9%8A
http://www.wikidata.org/entity/Q483522	ar	فيلاخ	مدينة نمساوية	Q515	city	87	https://ar.wikipedia.org/wiki/%D9%81%D9%8A%D9%84%D8%A7%D8%AE
http://www.wikidata.org/entity/Q483551	ar	وول مارت	شركة أمريكية	Q43229	organization	84	https://ar.wikipedia.org/wiki/%D9%88%D9%88%D9%84_%D9%85%D8%A7%D8%B1%D8%AA
http://www.wikidata.org/entity/Q483778	ar	هارد كاندي	ألبوم من أداء مادونا	Q482994	album	50	https://ar.wikipedia.org/wiki/%D9%87%D8%A7%D8%B1%D8%AF_%D9%83%D8%A7%D9%86%D8%AF%D9%8A_(%D8%A3%D9%84%D8%A8%D9%88%D9%85_%D9%85%D8%A7%D8%AF%D9%88%D9%86%D8%A7)
http://www.wikidata.org/entity/Q483941	ar	قائمة شندلر	فيلم أُصدر سنة 1993، من إخراج ستيفن سبيلبرغ	Q11424	film	102	https://ar.wikipedia.org/wiki/%D9%82%D8%A7%D8%A6%D9%85%D8%A9_%D8%B4%D9%86%D8%AF%D9%84%D8%B1_(%D9%81%D9%84%D9%85)
http://www.wikidata.org/entity/Q48403	ar	أمرتسر	منطقة مأهولة في الهند	Q515	city	113	https://ar.wikipedia.org/wiki/%D8%A3%D9%85%D8%B1%D8%AA%D8%B3%D8%B1
http://www.wikidata.org/entity/Q4842201	ar	لغة باه بياو بونان		Q34770	language	12	https://ar.wikipedia.org/wiki/%D9%84%D8%BA%D8%A9_%D8%A8%D8%A7%D9%87_%D8%A8%D9%8A%D8%A7%D9%88_%D8%A8%D9%88%D9%86%D8%A7%D9%86
http://www.wikidata.org/entity/Q484442	ar	الرجل العنكبوت	فيلم بطل خارق أُصدر سنة 2002، من إخراج سام رايمي	Q11424	film	84	https://ar.wikipedia.org/wiki/%D8%A7%D9%84%D8%B1%D8%AC%D9%84_%D8%A7%D9%84%D8%B9%D9%86%D9%83%D8%A8%D9%88%D8%AA_(%D9%81%D9%84%D9%85_2002)
http://www.wikidata.org/entity/Q484706	ar	كارقندا	مدينة في كازاخستان	Q515	city	103	https://ar.wikipedia.org/wiki/%D9%83%D8%A7%D8%B1%D9%82%D9%86%D8%AF%D8%A7
http://www.wikidata.org/entity/Q48472	ar	كهنه غرغانج	موقع أثري في ولاية داشوغوز، تركمانستان	Q515	city	61	https://ar.wikipedia.org/wiki/%D9%83%D9%87%D9%86%D9%87_%D8%BA%D8%B1%D8%BA%D8%A7%D9%86%D8%AC
http://www.wikidata.org/entity/Q485496	ar	شيمكنت	مدينة في كازاخستان	Q515	city	89	https://ar.wikipedia.org/wiki/%D8%B4%D9%8A%D9%85%D9%83%D9%86%D8%AA
http://www.wikidata.org/entity/Q486113	ar	اصبح ثقيل	ألبوم من أداء لوردي	Q482994	album	49	
http://www.wikidata.org/entity/Q486195	ar	خيوة	مدينة في أوزبكستان	Q515	city	81	https://ar.wikipedia.org/wiki/%D8%AE%D9%8A%D9%88%D8%A9
http://www.wikidata.org/entity/Q486282	ar	بافلودار	مدينة في كازاخستان	Q515	city	79	https://ar.wikipedia.org/wiki/%D8%A8%D8%A7%D9%81%D9%84%D9%88%D8%AF%D8%A7%D8%B1
http://www.wikidata.org/entity/Q486329	ar	فرغانة	مدينة في أوزبكستان	Q515	city	82	https://ar.wikipedia.org/wiki/%D9%81%D8%B1%D8%BA%D8%A7%D9%86%D8%A9
http://www.wikidata.org/entity/Q486792	ar	آرنخويث		Q515	city	81	https://ar.wikipedia.org/wiki/%D8%A2%D8%B1%D9%86%D8%AE%D9%88%D9%8A%D8%AB
http://www.wikidata.org/entity/Q486913	ar	أتيراو	مدينة في كازاخستان	Q515	city	82	https://ar.wikipedia.org/wiki/%D8%A3%D8%AA%D9%8A%D8%B1%D8%A7%D9%88
http://www.wikidata.org/entity/Q48726851	ar	لهجة داكوية قديمية		Q34770	language	4	
http://www.wikidata.org/entity/Q487439	ar	أورال، كازاخستان	مدينة في كازاخستان	Q515	city	77	https://ar.wikipedia.org/wiki/%D8%A3%D9%88%D8%B1%D8%A7%D9%84_(%D9%83%D8%A7%D8%B2%D8%A7%D8%AE%D8%B3%D8%AA%D8%A7%D9%86)
http://www.wikidata.org/entity/Q487672	ar	داشوغوز	مستوطنة بشرية	Q515	city	67	https://ar.wikipedia.org/wiki/%D8%AF%D8%A7%D8%B4%D9%88%D8%BA%D9%88%D8%B2
http://www.wikidata.org/entity/Q48767781	ar	الهندية القديمة		Q34770	language	13	https://ar.wikipedia.org/wiki/(%D8%A7%D9%84%D9%84%D8%BA%D8%A9)_%D8%A7%D9%84%D9%87%D9%86%D8%AF%D9%8A%D8%A9_%D8%A7%D9%84%D9%82%D8%AF%D9%8A%D9%85%D8%A9
http://www.wikidata.org/entity/Q487679	ar	ألكوبينداس		Q515	city	69	https://ar.wikipedia.org/wiki/%D8%A3%D9%84%D9%83%D9%88%D8%A8%D9%8A%D9%86%D8%AF%D8%A7%D8%B3
http://www.wikidata.org/entity/Q487684	ar	تركمان أباد		Q515	city	74	https://ar.wikipedia.org/wiki/%D8%AA%D8%B1%D9%83%D9%85%D8%A7%D9%86_%D8%A3%D8%A8%D8%A7%D8%AF
http://www.wikidata.org/entity/Q487689	ar	جلال آباد	مستوطنة بشرية	Q515	city	71	https://ar.wikipedia.org/wiki/%D8%AC%D9%84%D8%A7%D9%84_%D8%A2%D8%A8%D8%A7%D8%AF_(%D9%82%D8%B1%D8%BA%D9%8A%D8%B2%D8%B3%D8%AA%D8%A7%D9%86)
http://www.wikidata.org/entity/Q487801	ar	باراكالدو		Q515	city	65	https://ar.wikipedia.org/wiki/%D8%A8%D8%A7%D8%B1%D8%A7%D9%83%D8%A7%D9%84%D8%AF%D9%88
http://www.wikidata.org/entity/Q487981	ar	بنيدورم		Q515	city	83	https://ar.wikipedia.org/wiki/%D8%A8%D9%86%D9%8A%D8%AF%D9%88%D8%B1%D9%85
http://www.wikidata.org/entity/Q488004	ar	بالم سبرينغس	مدينة في ولاية كاليفورنيا الأمريكية	Q515	city	82	https://ar.wikipedia.org/wiki/%D8%A8%D8%A7%D9%84%D9%85_%D8%B3%D8%A8%D8%B1%D9%8A%D9%86%D8%BA%D8%B3
http://www.wikidata.org/entity/Q48814	ar	ستروميكا		Q515	city	58	https://ar.wikipedia.org/wiki/%D8%B3%D8%AA%D8%B1%D9%88%D9%85%D9%8A%D9%83%D8%A7
http://www.wikidata.org/entity/Q488987	ar	تركمانباشي	مستوطنة بشرية	Q515	city	66	https://ar.wikipedia.org/wiki/%D8%AA%D8%B1%D9%83%D9%85%D8%A7%D9%86%D8%A8%D8%A7%D8%B4%D9%8A
http://www.wikidata.org/entity/Q489890	ar	قوقند	مستوطنة في أوزبكستان	Q515	city	76	https://ar.wikipedia.org/wiki/%D9%82%D9%88%D9%82%D9%86%D8%AF
http://www.wikidata.org/entity/Q489898	ar	نكوص	مدينة في أوزبكستان	Q515	city	88	https://ar.wikipedia.org/wiki/%D9%86%D9%83%D9%88%D8%B5_(%D9%85%D8%AF%D9%8A%D9%86%D8%A9)
http://www.wikidata.org/entity/Q490	ar	ميلانو	ثاني أكبر مدينة في إيطاليا	Q515	city	224	https://ar.wikipedia.org/wiki/%D9%85%D9%8A%D9%84%D8%A7%D9%86%D9%88
http://www.wikidata.org/entity/Q490643	ar	كوكشيتو	مدينة في كازاخستان	Q515	city	63	https://ar.wikipedia.org/wiki/%D9%83%D9%88%D9%83%D8%B4%D9%8A%D8%AA%D9%88
http://www.wikidata.org/entity/Q49108	ar	معهد ماساتشوستس للتقانة	جامعة خاصة في مدينة كامبريدج بولاية ماستشوستس الأمريكية، أُسِّسَت عام 1861	Q3918	university	112	https://ar.wikipedia.org/wiki/%D9%85%D8%B9%D9%87%D8%AF_%D9%85%D8%A7%D8%B3%D8%A7%D8%AA%D8%B4%D9%88%D8%B3%D8%AA%D8%B3_%D9%84%D9%84%D8%AA%D9%82%D8%A7%D9%86%D8%A9
http://www.wikidata.org/entity/Q491102	ar	تالديكورغان	مدينة في كازاخستان	Q515	city	69	https://ar.wikipedia.org/wiki/%D8%AA%D8%A7%D9%84%D8%AF%D9%8A%D9%83%D9%88%D8%B1%D8%BA%D8%A7%D9%86
http://www.wikidata.org/entity/Q49111	ar	كامبريدج، ماساتشوستس	مدينة في مقاطعة ميدلسيكس، الولايات المتحدة	Q515	city	103	https://ar.wikipedia.org/wiki/%D9%83%D8%A7%D9%85%D8%A8%D8%B1%D9%8A%D8%AF%D8%AC_(%D9%85%D8%A7%D8%B3%D8%A7%D8%AA%D8%B4%D9%88%D8%B3%D8%AA%D8%B3)
http://www.wikidata.org/entity/Q49118	ar	كلية بوسطن	كلية في الولايات المتحدة الأمريكية	Q3918	university	36	https://ar.wikipedia.org/wiki/%D9%83%D9%84%D9%8A%D8%A9_%D8%A8%D9%88%D8%B3%D8%B7%D9%86
http://www.wikidata.org/entity/Q49119	ar	جامعة برانديز	جامعة في ماساتشوستس، الولايات المتحدة	Q3918	university	38	https://ar.wikipedia.org/wiki/%D8%AC%D8%A7%D9%85%D8%B9%D8%A9_%D8%A8%D8%B1%D8%A7%D9%86%D8%AF%D9%8A%D8%B2
http://www.wikidata.org/entity/Q49120	ar	جامعة تافتس	جامعة في ماساتشوستس، الولايات المتحدة	Q3918	university	42	https://ar.wikipedia.org/wiki/%D8%AC%D8%A7%D9%85%D8%B9%D8%A9_%D8%AA%D8%A7%D9%81%D8%AA%D8%B3
http://www.wikidata.org/entity/Q49167	ar	جامعة ويسليان	جامعة أمريكية تقع في ميدلتاون، كونيتيكت	Q3918	university	39	https://ar.wikipedia.org/wiki/%D8%AC%D8%A7%D9%85%D8%B9%D8%A9_%D9%88%D9%8A%D8%B3%D9%84%D9%8A%D8%A7%D9%86
http://www.wikidata.org/entity/Q49169	ar	ستامفورد	مدينة في مقاطعة فيرفيلد، ولاية كونيتيكت، الولايات المتحدة	Q515	city	80	https://ar.wikipedia.org/wiki/%D8%B3%D8%AA%D8%A7%D9%85%D9%81%D9%88%D8%B1%D8%AF_(%D9%83%D9%88%D9%86%D9%8A%D8%AA%D9%8A%D9%83%D8%AA)
http://www.wikidata.org/entity/Q491879	ar	ترمذ	بلدة في أوزباكستان	Q515	city	68	https://ar.wikipedia.org/wiki/%D8%AA%D8%B1%D9%85%D8%B0
http://www.wikidata.org/entity/Q49192	ar	ميدلتاون	مدينة في مقاطعة ميدلسكس، ولاية كونيتيكت، الولايات المتحدة	Q515	city	55	https://ar.wikipedia.org/wiki/%D9%85%D9%8A%D8%AF%D9%84%D8%AA%D8%A7%D9%88%D9%86_(%D9%83%D9%88%D9%86%D9%8A%D8%AA%D9%8A%D9%83%D8%AA)
http://www.wikidata.org/entity/Q49196	ar	نيوتن	مدينة في ولاية ماساشوسيتس، الولايات المتحدة الأمريكية.	Q515	city	55	https://ar.wikipedia.org/wiki/%D9%86%D9%8A%D9%88%D8%AA%D9%86_(%D9%85%D8%A7%D8%B3%D8%A7%D8%AA%D8%B4%D9%88%D8%B3%D8%AA%D8%B3)
http://www.wikidata.org/entity/Q49204	ar	كلية سميث	كلية نسائية خاصة للفنون المتحررة تقع في ماستشوستس	Q3918	university	31	https://ar.wikipedia.org/wiki/%D9%83%D9%84%D9%8A%D8%A9_%D8%B3%D9%85%D9%8A%D8%AB
http://www.wikidata.org/entity/Q49205	ar	كلية ويليسلي	جامعة في الولايات المتحدة	Q3918	university	34	https://ar.wikipedia.org/wiki/%D9%83%D9%84%D9%8A%D8%A9_%D9%88%D9%8A%D9%84%D9%8A%D8%B3%D9%84%D9%8A
http://www.wikidata.org/entity/Q49218	ar	روتشستر	مدينة في مقاطعة مونرو، نيويورك، الولايات المتحدة	Q515	city	101	https://ar.wikipedia.org/wiki/%D8%B1%D9%88%D8%AA%D8%B4%D8%B3%D8%AA%D8%B1_(%D9%86%D9%8A%D9%88%D9%8A%D9%88%D8%B1%D9%83)
http://www.wikidata.org/entity/Q492552	ar	نمنكان	مدينة بشرق أوزبكستان	Q515	city	74	https://ar.wikipedia.org/wiki/%D9%86%D9%85%D9%86%D9%83%D8%A7%D9%86
http://www.wikidata.org/entity/Q49340	ar	جاوية قديمة		Q34770	language	7	
http://www.wikidata.org/entity/Q49341	ar	الجاوية القديمة		Q34770	language	38	https://ar.wikipedia.org/wiki/%D8%A7%D9%84%D8%AC%D8%A7%D9%88%D9%8A%D8%A9_%D8%A7%D9%84%D9%82%D8%AF%D9%8A%D9%85%D8%A9
http://www.wikidata.org/entity/Q494693	ar	توريلافيجا		Q515	city	59	https://ar.wikipedia.org/wiki/%D8%AA%D9%88%D8%B1%D9%8A%D9%84%D8%A7%D9%81%D9%8A%D8%AC%D8%A7
http://www.wikidata.org/entity/Q4955993	ar	لهجة برجاولية		Q34770	language	4	
http://www.wikidata.org/entity/Q495730	ar	منزيني		Q515	city	50	https://ar.wikipedia.org/wiki/%D9%85%D8%A7%D9%86%D8%B2%D9%8A%D9%86%D9%8A
http://www.wikidata.org/entity/Q496368	ar	ورکسام	بلدة تقع في ويلز	Q515	city	57	https://ar.wikipedia.org/wiki/%D8%B1%D9%8A%D9%83%D8%B3%D9%87%D8%A7%D9%85
http://www.wikidata.org/entity/Q496442	ar	إيكيباستوز	بلدة في كازاخستان	Q515	city	54	https://ar.wikipedia.org/wiki/%D8%A5%D9%8A%D9%83%D9%8A%D8%A8%D8%A7%D8%B3%D8%AA%D9%88%D8%B2
http://www.wikidata.org/entity/Q496567	ar	إيبار		Q515	city	57	https://ar.wikipedia.org/wiki/%D8%A5%D9%8A%D8%A8%D8%A7%D8%B1
http://www.wikidata.org/entity/Q497130	ar	ماسلاوس	قرية في هولندا	Q515	city	50	https://ar.wikipedia.org/wiki/%D9%85%D8%A7%D8%B3%D9%84%D8%A7%D9%88%D8%B3
http://www.wikidata.org/entity/Q497793	ar	بنديجو		Q515	city	65	https://ar.wikipedia.org/wiki/%D8%A8%D9%86%D8%AF%D9%8A%D8%AC%D9%88
http://www.wikidata.org/entity/Q498401	ar	جامعة ستافانغر	جامعة في ستافانغر، النرويج	Q3918	university	28	https://ar.wikipedia.org/wiki/%D8%AC%D8%A7%D9%85%D8%B9%D8%A9_%D8%B3%D8%AA%D8%A7%D9%81%D8%A7%D9%86%D8%BA%D8%B1
http://www.wikidata.org/entity/Q499911	ar	جامعة تورينو	جامعة في إيطاليا	Q3918	university	48	https://ar.wikipedia.org/wiki/%D8%AC%D8%A7%D9%85%D8%B9%D8%A9_%D8%AA%D9%88%D8%B1%D9%8A%D9%86%D9%88
http://www.wikidata.org/entity/Q500131	ar	جامعة أركنساس الحكومية	جامعة رسمية أمريكية تقع بولاية أركنساس	Q3918	university	20	https://ar.wikipedia.org/wiki/%D8%AC%D8%A7%D9%85%D8%B9%D8%A9_%D8%A3%D8%B1%D9%83%D9%86%D8%B3%D8%A7%D8%B3_%D8%A7%D9%84%D8%AD%D9%83%D9%88%D9%85%D9%8A%D8%A9
http://www.wikidata.org/entity/Q500189	ar	مبانزا كونغو	عاصمة مقاطعة زائير شمال غرب أنغولا	Q515	city	60	https://ar.wikipedia.org/wiki/%D9%85%D8%A8%D8%A7%D9%86%D8%B2%D8%A7_%D9%83%D9%88%D9%86%D8%BA%D9%88
http://www.wikidata.org/entity/Q500888	ar	آخالكالاكي		Q515	city	53	https://ar.wikipedia.org/wiki/%D8%A2%D8%AE%D8%A7%D9%84%D9%83%D8%A7%D9%84%D8%A7%D9%83%D9%8A
http://www.wikidata.org/entity/Q501090	ar	كاسترو أورديالس		Q515	city	50	https://ar.wikipedia.org/wiki/%D9%83%D8%A7%D8%B3%D8%AA%D8%B1%D9%88_%D8%A3%D9%88%D8%B1%D8%AF%D9%8A%D8%A7%D9%84%D8%B3
http://www.wikidata.org/entity/Q501709	ar	جينجا	منطقة في شرق أوغندا	Q515	city	55	https://ar.wikipedia.org/wiki/%D8%AC%D9%8A%D9%86%D8%AC%D8%A7_(%D8%A3%D9%88%D8%BA%D9%86%D8%AF%D8%A7)
http://www.wikidata.org/entity/Q501715	ar	بورت جنتيل		Q515	city	63	https://ar.wikipedia.org/wiki/%D8%A8%D9%88%D8%B1%D8%AA_%D8%AC%D9%86%D8%AA%D9%8A%D9%84
http://www.wikidata.org/entity/Q50195	ar	إيمولا	بلدية في مقاطعة بولونيا، إيطاليا	Q515	city	85	https://ar.wikipedia.org/wiki/%D8%A5%D9%8A%D9%85%D9%88%D9%84%D8%A7
http://www.wikidata.org/entity/Q502141	ar	ريشيكيش	مستوطنة بشرية	Q515	city	65	https://ar.wikipedia.org/wiki/%D8%B1%D9%8A%D8%B4%D9%8A%D9%83%D9%8A%D8%B4
http://www.wikidata.org/entity/Q503469	ar	ريف كاهول		Q515	city	51	https://ar.wikipedia.org/wiki/%D9%83%D8%A7%D9%87%D9%88%D9%84
http://www.wikidata.org/entity/Q504114	ar	غويلف	مستوطنة في كندا	Q515	city	55	https://ar.wikipedia.org/wiki/%D8%BA%D9%88%D8%A7%D9%84%D9%81
http://www.wikidata.org/entity/Q504215	ar	أياكوتشو		Q515	city	53	https://ar.wikipedia.org/wiki/%D8%A3%D9%8A%D8%A7%D9%83%D9%88%D8%AA%D8%B4%D9%88
http://www.wikidata.org/entity/Q504657	ar	إدلب	مدينة سورية	Q515	city	69	https://ar.wikipedia.org/wiki/%D8%A5%D8%AF%D9%84%D8%A8
http://www.wikidata.org/entity/Q506745	ar	رايسفايك	بلدية في جنوب هولندا، هولندا	Q515	city	54	https://ar.wikipedia.org/wiki/%D8%B1%D8%A7%D9%8A%D8%B3%D9%81%D8%A7%D9%8A%D9%83
http://www.wikidata.org/entity/Q507080	ar	بويرتو أورداز		Q515	city	54	https://ar.wikipedia.org/wiki/%D8%B3%D9%8A%D9%88%D8%AF%D8%A7%D8%AF_%D8%BA%D9%88%D8%A7%D9%8A%D8%A7%D9%86%D8%A7
http://www.wikidata.org/entity/Q50816	ar	ميسيساغا	مدينة في مقاطعة أونتاريو في كندا	Q515	city	82	https://ar.wikipedia.org/wiki/%D9%85%D9%8A%D8%B3%D9%8A%D8%B3%D8%A7%D8%BA%D8%A7
http://www.wikidata.org/entity/Q50948445	ar	عربية آسيا الوسطى	لهجات عربية مستعملة في أفغانستان وطاجيكستان وأوزبكتسان	Q34770	language	22	https://ar.wikipedia.org/wiki/%D8%A7%D9%84%D9%84%D9%87%D8%AC%D8%A7%D8%AA_%D8%A7%D9%84%D8%B9%D8%B1%D8%A8%D9%8A%D8%A9_%D9%81%D9%8A_%D8%A2%D8%B3%D9%8A%D8%A7_%D8%A7%D9%84%D9%88%D8%B3%D8%B7%D9%89
http://www.wikidata.org/entity/Q510029	ar	جامعة بيرزيت	جامعة عامة في بيرزيت، دولة فلسطين	Q3918	university	22	https://ar.wikipedia.org/wiki/%D8%AC%D8%A7%D9%85%D8%B9%D8%A9_%D8%A8%D9%8A%D8%B1%D8%B2%D9%8A%D8%AA
http://www.wikidata.org/entity/Q51103	ar	كالي	مدينة في كولومبيا	Q515	city	114	https://ar.wikipedia.org/wiki/%D9%83%D8%A7%D9%84%D9%8A_(%D9%85%D8%AF%D9%8A%D9%86%D8%A9)
http://www.wikidata.org/entity/Q51111	ar	بيريرا	بلدية كولومبية	Q515	city	69	https://ar.wikipedia.org/wiki/%D8%A8%D9%8A%D8%B1%D9%8A%D8%B1%D8%A7
http://www.wikidata.org/entity/Q5112	ar	أديلايد	إحدى مدن إستراليا	Q515	city	158	https://ar.wikipedia.org/wiki/%D8%A3%D8%AF%D9%8A%D9%84%D8%A7%D9%8A%D8%AF
http://www.wikidata.org/entity/Q513727	ar	سامتريديا		Q515	city	50	https://ar.wikipedia.org/wiki/%D8%B3%D8%A7%D9%85%D8%AA%D8%B1%D9%8A%D8%AF%D9%8A%D8%A7
http://www.wikidata.org/entity/Q51432	ar	جنازنة	مدينة في بلونية	Q515	city	83	https://ar.wikipedia.org/wiki/%D8%AC%D9%86%D8%A7%D8%B2%D9%86%D8%A9
http://www.wikidata.org/entity/Q515117	ar	مارغاو	مستوطنة بشرية	Q515	city	50	https://ar.wikipedia.org/wiki/%D9%85%D8%A7%D8%B1%D8%BA%D8%A7%D9%88
http://www.wikidata.org/entity/Q515229	ar	نغيرولمود	عاصمة بالاو	Q515	city	88	https://ar.wikipedia.org/wiki/%D9%86%D8%BA%D9%8A%D8%B1%D9%88%D9%84%D9%85%D9%88%D8%AF
http://www.wikidata.org/entity/Q5168	ar	محج قلعة	مدينة روسية وعاصمة داغستان	Q515	city	118	https://ar.wikipedia.org/wiki/%D9%85%D8%AD%D8%AC_%D9%82%D9%84%D8%B9%D8%A9
http://www.wikidata.org/entity/Q51798	ar	كلوجر	لهجة للغة البرمجة ليسب	Q9143	programming language	40	https://ar.wikipedia.org/wiki/%D9%83%D9%84%D9%88%D8%AC%D8%B1_(%D9%84%D8%BA%D8%A9_%D8%A8%D8%B1%D9%85%D8%AC%D8%A9)
http://www.wikidata.org/entity/Q51878	ar	سان فيتو دي نورماني	كومونا	Q515	city	56	https://ar.wikipedia.org/wiki/%D8%B3%D8%A7%D9%86_%D9%81%D9%8A%D8%AA%D9%88_%D8%AF%D9%8A_%D9%86%D9%88%D8%B1%D9%85%D8%A7%D9%86%D9%8A
http://www.wikidata.org/entity/Q51885456	ar	زيغ (لغة برمجة)		Q9143	programming language	27	https://ar.wikipedia.org/wiki/%D8%B2%D9%8A%D8%BA_(%D9%84%D8%BA%D8%A9_%D8%A8%D8%B1%D9%85%D8%AC%D8%A9)
http://www.wikidata.org/entity/Q52101	ar	ميديلبورخ		Q515	city	88	https://ar.wikipedia.org/wiki/%D9%85%D9%8A%D8%AF%D9%8A%D9%84%D8%A8%D9%88%D8%B1%D8%AE
http://www.wikidata.org/entity/Q522041	ar	سنوبول		Q9143	programming language	22	https://ar.wikipedia.org/wiki/%D8%B3%D9%86%D9%88%D8%A8%D9%88%D9%84
http://www.wikidata.org/entity/Q5228140	ar	لهجة کوهمرتي		Q34770	language	6	https://ar.wikipedia.org/wiki/%D9%84%D9%87%D8%AC%D8%A9_%DA%A9%D9%88%D9%87%D9%85%D8%B1%D8%AA%D9%8A
http://www.wikidata.org/entity/Q52413	ar	جامعة كانساس		Q3918	university	43	https://ar.wikipedia.org/wiki/%D8%AC%D8%A7%D9%85%D8%B9%D8%A9_%D9%83%D8%A7%D9%86%D8%B3%D8%A7%D8%B3
http://www.wikidata.org/entity/Q525169	ar	جامعة شانغهاي جياو تونغ	جامعة في شانغهاي، الصين	Q3918	university	42	https://ar.wikipedia.org/wiki/%D8%AC%D8%A7%D9%85%D8%B9%D8%A9_%D8%B4%D8%A7%D9%86%D8%BA%D9%87%D8%A7%D9%8A_%D8%AC%D9%8A%D8%A7%D9%88_%D8%AA%D9%88%D9%86%D8%BA
http://www.wikidata.org/entity/Q5266	ar	نوفو ميتسو		Q515	city	70	https://ar.wikipedia.org/wiki/%D9%86%D9%88%D9%81%D9%88_%D9%85%D9%8A%D8%AA%D8%B3%D9%88
http://www.wikidata.org/entity/Q5276	ar	آلتنا	بلدة في ألمانيا	Q515	city	55	https://ar.wikipedia.org/wiki/%D8%A2%D9%84%D8%AA%D9%86%D8%A7
http://www.wikidata.org/entity/Q527748	ar	كورور	أكبر مدينة في بالاو والعاصمة السابقة	Q515	city	53	https://ar.wikipedia.org/wiki/%D9%83%D9%88%D8%B1%D9%88%D8%B1
http://www.wikidata.org/entity/Q528231	ar	كلية جولدسميث، جامعة لندن	جامعة أبحاث حكومية في لندن	Q3918	university	24	https://ar.wikipedia.org/wiki/%D9%83%D9%84%D9%8A%D8%A9_%D8%AC%D9%88%D9%84%D8%AF%D8%B3%D9%85%D9%8A%D8%AB_(%D8%AC%D8%A7%D9%85%D8%B9%D8%A9_%D9%84%D9%86%D8%AF%D9%86)
http://www.wikidata.org/entity/Q5284171	ar	لسان_إلهي	الكلام الإلهي	Q34770	language	6	https://ar.wikipedia.org/wiki/%D9%84%D8%B3%D8%A7%D9%86_%D8%A5%D9%84%D9%87%D9%8A
http://www.wikidata.org/entity/Q52842	ar	كاليش		Q515	city	71	https://ar.wikipedia.org/wiki/%D9%83%D8%A7%D9%84%D9%8A%D8%B4
http://www.wikidata.org/entity/Q528432	ar	بامندة	مدينة في غرب الكمرون	Q515	city	55	https://ar.wikipedia.org/wiki/%D8%A8%D8%A7%D9%85%D9%86%D8%AF%D8%A9
http://www.wikidata.org/entity/Q52845	ar	كونين	مدينة في بولندا	Q515	city	57	https://ar.wikipedia.org/wiki/%D9%83%D9%88%D9%86%D9%8A%D9%86_(%D8%A8%D9%88%D9%84%D9%86%D8%AF%D8%A7)
http://www.wikidata.org/entity/Q52847	ar	السوق الأوروبية المشتركة	منظمة دولية تأسست من خلال اتفاقية روما عام 1957	Q43229	organization	86	https://ar.wikipedia.org/wiki/%D8%A7%D9%84%D9%85%D8%AC%D9%85%D9%88%D8%B9%D8%A9_%D8%A7%D9%84%D8%A7%D9%82%D8%AA%D8%B5%D8%A7%D8%AF%D9%8A%D8%A9_%D8%A7%D9%84%D8%A3%D9%88%D8%B1%D9%88%D8%A8%D9%8A%D8%A9
http://www.wikidata.org/entity/Q52892	ar	ليشنو		Q515	city	59	https://ar.wikipedia.org/wiki/%D9%84%D9%8A%D8%B4%D9%86%D9%88
http://www.wikidata.org/entity/Q52981	ar	فاينزا	كومونا	Q515	city	82	https://ar.wikipedia.org/wiki/%D9%81%D8%A7%D9%8A%D9%86%D8%B2%D8%A7
http://www.wikidata.org/entity/Q5301	ar	تخ	نظام للصف الطباعي	Q9143	programming language	52	https://ar.wikipedia.org/wiki/%D8%AA%D8%AE_(%D8%A8%D8%B1%D9%85%D8%AC%D9%8A%D8%A9)
http://www.wikidata.org/entity/Q530171	ar	عجمان	طقس عجمان	Q515	city	61	https://ar.wikipedia.org/wiki/%D8%B9%D8%AC%D9%85%D8%A7%D9%86
http://www.wikidata.org/entity/Q53122	ar	جامعة بوسان الوطنية	جامعة في بوسان، كوريا الجنوبية	Q3918	university	23	
http://www.wikidata.org/entity/Q53268	ar	تويوتا	شركة يابانية لصناعة السيارات	Q43229	organization	151	https://ar.wikipedia.org/wiki/%D8%AA%D9%88%D9%8A%D9%88%D8%AA%D8%A7
http://www.wikidata.org/entity/Q532822	ar	جامعة ساساري	جامعة في ساساري، إيطاليا	Q3918	university	20	https://ar.wikipedia.org/wiki/%D8%AC%D8%A7%D9%85%D8%B9%D8%A9_%D8%B3%D8%A7%D8%B3%D8%A7%D8%B1%D9%8A
http://www.wikidata.org/entity/Q534409	ar	كرن	إقليم عين سبأ	Q515	city	52	https://ar.wikipedia.org/wiki/%D9%83%D8%B1%D9%86
http://www.wikidata.org/entity/Q534515	ar	جامعة إندونيسيا	جامعة في إندونيسيا	Q3918	university	43	https://ar.wikipedia.org/wiki/%D8%AC%D8%A7%D9%85%D8%B9%D8%A9_%D8%A5%D9%86%D8%AF%D9%88%D9%86%D9%8A%D8%B3%D9%8A%D8%A7
http://www.wikidata.org/entity/Q534643	ar	جامعة ويتواترسراند	جامعة جنوب أفريقية	Q3918	university	44	https://ar.wikipedia.org/wiki/%D8%AC%D8%A7%D9%85%D8%B9%D8%A9_%D9%88%D9%8A%D8%AA%D9%88%D8%A7%D8%AA%D8%B1%D8%B3%D8%B1%D8%A7%D9%86%D8%AF
http://www.wikidata.org/entity/Q5351410	ar	لغة الحجيرات		Q34770	language	6	https://ar.wikipedia.org/wiki/%D9%84%D8%BA%D8%A9_%D8%A7%D9%84%D8%AD%D8%AC%D9%8A%D8%B1%D8%A7%D8%AA
http://www.wikidata.org/entity/Q5362035	ar	إليكسير	لغة برمجة	Q9143	programming language	30	https://ar.wikipedia.org/wiki/%D8%A5%D9%84%D9%8A%D9%83%D8%B3%D9%8A%D8%B1
http://www.wikidata.org/entity/Q538452	ar	جامعة بابيش-بولياي	جامعة في كلوج نابوكا، رومانيا	Q3918	university	32	https://ar.wikipedia.org/wiki/%D8%AC%D8%A7%D9%85%D8%B9%D8%A9_%D8%A8%D8%A7%D8%A8%D9%8A%D8%B4-%D8%A8%D9%88%D9%84%D9%8A%D8%A7%D9%8A
http://www.wikidata.org/entity/Q540672	ar	جامعة أوبرن	جامعة في أوبورن، ألاباما، الولايات المتحدة	Q3918	university	34	https://ar.wikipedia.org/wiki/%D8%AC%D8%A7%D9%85%D8%B9%D8%A9_%D8%A3%D9%88%D8%A8%D8%B1%D9%86
http://www.wikidata.org/entity/Q540844	ar	آغدام		Q515	city	59	https://ar.wikipedia.org/wiki/%D8%A2%D8%BA%D8%AF%D8%A7%D9%85
http://www.wikidata.org/entity/Q5414796	ar	الدهولوية	لغة نيلية	Q34770	language	34	
http://www.wikidata.org/entity/Q541548	ar	جامعة نيوشاتيل		Q3918	university	30	https://ar.wikipedia.org/wiki/%D8%AC%D8%A7%D9%85%D8%B9%D8%A9_%D9%86%D9%8A%D9%88%D8%B4%D8%A7%D8%AA%D9%8A%D9%84
http://www.wikidata.org/entity/Q54274	ar	قراصنة الكاريبي: في نهاية العالم	فيلم أُصدر سنة 2007، من إخراج غور فيربينسكي	Q11424	film	84	https://ar.wikipedia.org/wiki/%D9%82%D8%B1%D8%A7%D8%B5%D9%86%D8%A9_%D8%A7%D9%84%D9%83%D8%A7%D8%B1%D9%8A%D8%A8%D9%8A:_%D9%81%D9%8A_%D9%86%D9%87%D8%A7%D9%8A%D8%A9_%D8%A7%D9%84%D8%B9%D8%A7%D9%84%D9%85
http://www.wikidata.org/entity/Q5443742	ar	فير	لغة	Q34770	language	9	
http://www.wikidata.org/entity/Q544927	ar	ليمبو		Q9143	programming language	17	https://ar.wikipedia.org/wiki/%D9%84%D9%8A%D9%85%D8%A8%D9%88_(%D9%84%D8%BA%D8%A9_%D8%A8%D8%B1%D9%85%D8%AC%D8%A9)
http://www.wikidata.org/entity/Q546	ar	ترييستي	مدينة وميناء بحري وبلدية في مقاطعة ترييستي، إيطاليا	Q515	city	134	https://ar.wikipedia.org/wiki/%D8%AA%D8%B1%D9%8A%D9%8A%D8%B3%D8%AA%D9%8A
http://www.wikidata.org/entity/Q5460	ar	ستيلينبوش	بلدة في جنوب أفريقيا	Q515	city	52	https://ar.wikipedia.org/wiki/%D8%B3%D8%AA%D9%8A%D9%84%D9%8A%D9%86%D8%A8%D9%88%D8%B4
http://www.wikidata.org/entity/Q5465566	ar	لغة Foodo		Q34770	language	11	
http://www.wikidata.org/entity/Q5468	ar	ديربان		Q515	city	134	https://ar.wikipedia.org/wiki/%D8%AF%D9%8A%D8%B1%D8%A8%D8%A7%D9%86
http://www.wikidata.org/entity/Q546976	ar	جامعة سري	جامعة بريطانية	Q3918	university	33	https://ar.wikipedia.org/wiki/%D8%AC%D8%A7%D9%85%D8%B9%D8%A9_%D8%B3%D8%B1%D9%8A
http://www.wikidata.org/entity/Q54743	ar	ألينغسوس		Q515	city	51	https://ar.wikipedia.org/wiki/%D8%A3%D9%84%D9%8A%D9%86%D8%BA%D8%B3%D9%88%D8%B3
http://www.wikidata.org/entity/Q5475	ar	تريفيزو	بلدية إيطالية	Q515	city	104	https://ar.wikipedia.org/wiki/%D8%AA%D8%B1%D9%8A%D9%81%D9%8A%D8%B2%D9%88
http://www.wikidata.org/entity/Q54766	ar	فالكنبرغ	مدينة ساحلية جنوبية تتبع لمقاطعة هالاند،السويد	Q515	city	53	https://ar.wikipedia.org/wiki/%D9%81%D8%A7%D9%84%D9%83%D9%86%D8%A8%D8%B1%D8%BA
http://www.wikidata.org/entity/Q547867	ar	جامعة أثينا	جامعة في اليونان	Q3918	university	51	https://ar.wikipedia.org/wiki/%D8%AC%D8%A7%D9%85%D8%B9%D8%A9_%D8%A3%D8%AB%D9%8A%D9%86%D8%A7
http://www.wikidata.org/entity/Q548441	ar	بورتغاليتي		Q515	city	52	https://ar.wikipedia.org/wiki/%D8%A8%D9%88%D8%B1%D8%AA%D8%BA%D8%A7%D9%84%D9%8A%D8%AA%D9%8A
http://www.wikidata.org/entity/Q54880	ar	بلنسية	مدينة في فنزويلا	Q515	city	71	https://ar.wikipedia.org/wiki/%D8%A8%D9%84%D9%86%D8%B3%D9%8A%D8%A9_(%D9%81%D9%86%D8%B2%D9%88%D9%8A%D9%84%D8%A7)
http://www.wikidata.org/entity/Q54886	ar	كوينكا		Q515	city	77	https://ar.wikipedia.org/wiki/%D9%83%D9%88%D9%8A%D9%86%D9%83%D8%A7
http://www.wikidata.org/entity/Q54898	ar	سان كريستوبال دي لا لاغونا		Q515	city	87	https://ar.wikipedia.org/wiki/%D8%B3%D8%A7%D9%86_%D9%83%D8%B1%D9%8A%D8%B3%D8%AA%D9%88%D8%A8%D8%A7%D9%84_%D8%AF%D9%8A_%D9%84%D8%A7_%D9%84%D8%A7%D8%BA%D9%88%D9%86%D8%A7
http://www.wikidata.org/entity/Q55	ar	هولندا	دولة تقع في شمال غرب أوروبا	Q6256	country	371	https://ar.wikipedia.org/wiki/%D9%87%D9%88%D9%84%D9%86%D8%AF%D8%A7
http://www.wikidata.org/entity/Q5521556	ar	لغة جانزا	لغة يتحدث بها في السودان و اثيوبيا	Q34770	language	7	https://ar.wikipedia.org/wiki/%D9%84%D8%BA%D8%A9_%D8%AC%D8%A7%D9%86%D8%B2%D8%A7
http://www.wikidata.org/entity/Q55218915	ar	الأنداندية		Q34770	language	11	https://ar.wikipedia.org/wiki/%D8%A7%D9%84%D8%A3%D9%86%D8%AF%D8%A7%D9%86%D8%AF%D9%8A%D8%A9
http://www.wikidata.org/entity/Q5529130	ar	لغة غازي		Q34770	language	9	https://ar.wikipedia.org/wiki/%D9%84%D8%BA%D8%A9_%D8%BA%D8%A7%D8%B2%D9%8A
http://www.wikidata.org/entity/Q5530317	ar	لغة غيكو كارين		Q34770	language	8	https://ar.wikipedia.org/wiki/%D9%84%D8%BA%D8%A9_%D8%BA%D9%8A%D9%83%D9%88_%D9%83%D8%A7%D8%B1%D9%8A%D9%86
http://www.wikidata.org/entity/Q553514	ar	جيه سكريبت		Q9143	programming language	27	https://ar.wikipedia.org/wiki/%D8%AC%D9%8A%D9%87_%D8%B3%D9%83%D8%B1%D9%8A%D8%A8%D8%AA
http://www.wikidata.org/entity/Q5555465	ar	إنجليزية بيدجين الغانية	لغة الكريول	Q34770	language	7	
http://www.wikidata.org/entity/Q556098	ar	جامعة بيس	جامعة في مانهاتن، الولايات المتحدة	Q3918	university	24	https://ar.wikipedia.org/wiki/%D8%AC%D8%A7%D9%85%D8%B9%D8%A9_%D8%A8%D9%8A%D8%B3
http://www.wikidata.org/entity/Q55642237	ar	الثمودية ب		Q34770	language	2	https://ar.wikipedia.org/wiki/%D8%A7%D9%84%D8%AB%D9%85%D9%88%D8%AF%D9%8A%D8%A9_%D8%A8
http://www.wikidata.org/entity/Q5582862	ar	كوسكو	مدينة في بيرو	Q515	city	115	https://ar.wikipedia.org/wiki/%D9%83%D9%88%D8%B3%D9%83%D9%88
http://www.wikidata.org/entity/Q5583799	ar	تطبيقات جوجل سكريبت		Q9143	programming language	16	https://ar.wikipedia.org/wiki/%D8%AA%D8%B7%D8%A8%D9%8A%D9%82%D8%A7%D8%AA_%D8%AC%D9%88%D8%AC%D9%84_%D8%B3%D9%83%D8%B1%D9%8A%D8%A8%D8%AA
http://www.wikidata.org/entity/Q5584396	ar	غوراخبور	منطقة مأهولة في الهند	Q515	city	63	https://ar.wikipedia.org/wiki/%D8%BA%D9%88%D8%B1%D8%A7%D8%AE%D8%A8%D9%88%D8%B1
http://www.wikidata.org/entity/Q558922	ar	جامعة ولاية إلينوي	جامعة في إلينوي، الولايات المتحدة	Q3918	university	22	https://ar.wikipedia.org/wiki/%D8%AC%D8%A7%D9%85%D8%B9%D8%A9_%D9%88%D9%84%D8%A7%D9%8A%D8%A9_%D8%A5%D9%84%D9%8A%D9%86%D9%88%D9%8A
http://www.wikidata.org/entity/Q56064	ar	كولونيا ديل ساكرامنتو		Q515	city	68	https://ar.wikipedia.org/wiki/%D9%83%D9%88%D9%84%D9%88%D9%86%D9%8A%D8%A7_%D8%AF%D9%8A%D9%84_%D8%B3%D8%A7%D9%83%D8%B1%D8%A7%D9%85%D9%86%D8%AA%D9%88
http://www.wikidata.org/entity/Q56069	ar	بونتا دل إيستي	مستوطنة في الأوروغواي	Q515	city	59	https://ar.wikipedia.org/wiki/%D8%A8%D9%88%D9%86%D8%AA%D8%A7_%D8%AF%D9%84_%D8%A5%D9%8A%D8%B3%D8%AA%D9%8A
http://www.wikidata.org/entity/Q56197074	ar	اللغة السوندية القديمة		Q34770	language	8	https://ar.wikipedia.org/wiki/%D8%A7%D9%84%D9%84%D8%BA%D8%A9_%D8%A7%D9%84%D8%B3%D9%88%D9%86%D8%AF%D9%8A%D8%A9_%D8%A7%D9%84%D9%82%D8%AF%D9%8A%D9%85%D8%A9
http://www.wikidata.org/entity/Q56231	ar	لهجة حسانية	لهجة عربية	Q34770	language	44	https://ar.wikipedia.org/wiki/%D9%84%D9%87%D8%AC%D8%A9_%D8%AD%D8%B3%D8%A7%D9%86%D9%8A%D8%A9
http://www.wikidata.org/entity/Q56283	ar	ندام	لغة	Q34770	language	11	
http://www.wikidata.org/entity/Q56287	ar	بودوما	لغة	Q34770	language	13	
http://www.wikidata.org/entity/Q56358	ar	دوبا	لغة	Q34770	language	4	
http://www.wikidata.org/entity/Q56359	ar	لغة ماراريت	لغة تاما في تشاد	Q34770	language	5	https://ar.wikipedia.org/wiki/%D9%84%D8%BA%D8%A9_%D9%85%D8%A7%D8%B1%D8%A7%D8%B1%D9%8A%D8%AA
http://www.wikidata.org/entity/Q56382	ar	لغة بيريتاي		Q34770	language	8	https://ar.wikipedia.org/wiki/%D9%84%D8%BA%D8%A9_%D8%A8%D9%8A%D8%B1%D9%8A%D8%AA%D8%A7%D9%8A
http://www.wikidata.org/entity/Q56388	ar	تايرت		Q34770	language	20	https://ar.wikipedia.org/wiki/%D8%AA%D8%A7%D9%8A%D8%B1%D8%AA
http://www.wikidata.org/entity/Q56392	ar	أمازيغية تيديكلت		Q34770	language	14	https://ar.wikipedia.org/wiki/%D8%A3%D9%85%D8%A7%D8%B2%D9%8A%D8%BA%D9%8A%D8%A9_%D8%AA%D9%8A%D8%AF%D9%8A%D9%83%D9%84%D8%AA
http://www.wikidata.org/entity/Q56398	ar	الأوجلية	لغة	Q34770	language	23	https://ar.wikipedia.org/wiki/%D8%A7%D9%84%D9%84%D8%BA%D8%A9_%D8%A7%D9%84%D8%A3%D9%88%D8%AC%D9%84%D9%8A%D8%A9
http://www.wikidata.org/entity/Q56417	ar	أرباهو	لغة	Q34770	language	22	
http://www.wikidata.org/entity/Q56421	ar	هوبي	لغة	Q34770	language	30	
http://www.wikidata.org/entity/Q56466	ar	لغة دينكاوية	لغات نيلية صحراوية	Q34770	language	40	https://ar.wikipedia.org/wiki/%D8%A7%D9%84%D9%84%D8%BA%D8%A9_%D8%A7%D9%84%D8%AF%D9%8A%D9%86%D9%83%D8%A7%D9%88%D9%8A%D8%A9
http://www.wikidata.org/entity/Q56473	ar	اللهجة اليهودية الآرامية الجديدة في أورميا		Q34770	language	14	
http://www.wikidata.org/entity/Q56479	ar	جين الصينية (لغة)		Q34770	language	34	https://ar.wikipedia.org/wiki/%D8%AC%D9%8A%D9%86_%D8%A7%D9%84%D8%B5%D9%8A%D9%86%D9%8A%D8%A9
http://www.wikidata.org/entity/Q56483	ar	لغة لكي		Q34770	language	40	https://ar.wikipedia.org/wiki/%D9%84%D8%BA%D8%A9_%D9%84%D9%83%D9%8A
http://www.wikidata.org/entity/Q56489	ar	لغة تات		Q34770	language	52	https://ar.wikipedia.org/wiki/%D9%84%D8%BA%D8%A9_%D8%AA%D8%A7%D8%AA
http://www.wikidata.org/entity/Q56514	ar	بيري	لغة منقرضة تقريبًا في جمهورية أفريقيا الوسطى	Q34770	language	8	https://ar.wikipedia.org/wiki/%D8%A8%D9%8A%D8%B1%D9%8A_(%D9%84%D8%BA%D8%A9)
http://www.wikidata.org/entity/Q56519	ar	لغة ماساتشوستس	لغة	Q34770	language	19	
http://www.wikidata.org/entity/Q56537	ar	لغة كووت		Q34770	language	17	https://ar.wikipedia.org/wiki/%D9%84%D8%BA%D8%A9_%D9%83%D9%88%D9%88%D8%AA
http://www.wikidata.org/entity/Q56539	ar	لغة أريكارا		Q34770	language	15	
http://www.wikidata.org/entity/Q565568	ar	تيارت	بلدية جزائرية	Q515	city	50	https://ar.wikipedia.org/wiki/%D8%AA%D9%8A%D8%A7%D8%B1%D8%AA
http://www.wikidata.org/entity/Q56557	ar	لغة المساليت	لغة المساليت لغة أفريقية	Q34770	language	14	
http://www.wikidata.org/entity/Q56570	ar	لغة سند	لغة السند الامازيغية	Q34770	language	17	https://ar.wikipedia.org/wiki/%D9%84%D8%BA%D8%A9_%D8%B3%D9%86%D8%AF
http://www.wikidata.org/entity/Q56571	ar	اللهجة الشحية	لهجة تستخدم عند قبائل رؤوس الجبال في مسندم ورأس الخيمة ودبا وخصب	Q34770	language	17	https://ar.wikipedia.org/wiki/%D8%A7%D9%84%D9%84%D9%87%D8%AC%D8%A9_%D8%A7%D9%84%D8%B4%D8%AD%D9%8A%D8%A9
http://www.wikidata.org/entity/Q56577	ar	العربية الموصلية	لهجة عراقية يتحدث بها في الموصل	Q34770	language	17	https://ar.wikipedia.org/wiki/%D9%84%D9%87%D8%AC%D8%A9_%D9%85%D9%88%D8%B5%D9%84%D9%8A%D8%A9
http://www.wikidata.org/entity/Q56586	ar	اللهجة الأمازيغية الورقلية		Q34770	language	16	https://ar.wikipedia.org/wiki/%D8%A7%D9%84%D9%84%D9%87%D8%AC%D8%A9_%D8%A7%D9%84%D8%A3%D9%85%D8%A7%D8%B2%D9%8A%D8%BA%D9%8A%D8%A9_%D8%A7%D9%84%D9%88%D8%B1%D9%82%D9%84%D9%8A%D8%A9
http://www.wikidata.org/entity/Q56592	ar	لهجة صعيدية	لهجة مصرية	Q34770	language	20	https://ar.wikipedia.org/wiki/%D9%84%D9%87%D8%AC%D8%A9_%D8%B5%D8%B9%D9%8A%D8%AF%D9%8A%D8%A9
http://www.wikidata.org/entity/Q56593	ar	العربية الشامية	لغويات	Q34770	language	33	https://ar.wikipedia.org/wiki/%D9%84%D9%87%D8%AC%D8%A7%D8%AA_%D8%B4%D8%A7%D9%85%D9%8A%D8%A9
http://www.wikidata.org/entity/Q56595	ar	لهجة عربية يهودية مغربية	لهجة عربية يتحدث بها اليهود المغاربة	Q34770	language	23	https://ar.wikipedia.org/wiki/%D9%84%D9%87%D8%AC%D8%A9_%D8%B9%D8%B1%D8%A8%D9%8A%D8%A9_%D9%8A%D9%87%D9%88%D8%AF%D9%8A%D8%A9_%D9%85%D8%BA%D8%B1%D8%A8%D9%8A%D8%A9
http://www.wikidata.org/entity/Q56596	ar	لهجة يهودية يمنية عربية	لغة هجينة	Q34770	language	16	https://ar.wikipedia.org/wiki/%D8%A7%D9%84%D9%84%D9%87%D8%AC%D8%A9_%D8%A7%D9%84%D9%8A%D9%87%D9%88%D8%AF%D9%8A%D8%A9_%D8%A7%D9%84%D9%8A%D9%85%D9%86%D9%8A%D8%A9_%D8%A7%D9%84%D8%B9%D8%B1%D8%A8%D9%8A%D8%A9
http://www.wikidata.org/entity/Q56597	ar	لهجة يهودية تونسية		Q34770	language	16	https://ar.wikipedia.org/wiki/%D9%84%D9%87%D8%AC%D8%A9_%D9%8A%D9%87%D9%88%D8%AF%D9%8A%D8%A9_%D8%AA%D9%88%D9%86%D8%B3%D9%8A%D8%A9
http://www.wikidata.org/entity/Q56599	ar	يهودية عراقية		Q34770	language	17	https://ar.wikipedia.org/wiki/%D9%84%D9%87%D8%AC%D8%A9_%D8%B9%D8%B1%D8%A7%D9%82%D9%8A%D8%A9_%D9%8A%D9%87%D9%88%D8%AF%D9%8A%D8%A9
http://www.wikidata.org/entity/Q56612	ar	آرامية سامرية		Q34770	language	24	https://ar.wikipedia.org/wiki/%D8%A2%D8%B1%D8%A7%D9%85%D9%8A%D8%A9_%D8%B3%D8%A7%D9%85%D8%B1%D9%8A%D8%A9
http://www.wikidata.org/entity/Q56616	ar	بون	لهجة	Q34770	language	11	https://ar.wikipedia.org/wiki/%D9%84%D9%87%D8%AC%D8%A9_%D8%A8%D9%88%D9%86
http://www.wikidata.org/entity/Q56668	ar	اللغة الماسية		Q34770	language	18	https://ar.wikipedia.org/wiki/%D8%A7%D9%84%D9%84%D8%BA%D8%A9_%D8%A7%D9%84%D9%85%D8%A7%D8%B3%D9%8A%D8%A9
http://www.wikidata.org/entity/Q56674	ar	كريش		Q34770	language	8	https://ar.wikipedia.org/wiki/%D9%83%D8%B1%D9%8A%D8%B4_(%D9%84%D8%BA%D8%A9)
http://www.wikidata.org/entity/Q56699	ar	لغة بلينز كري	ممكن هي لهجة كري	Q34770	language	12	
http://www.wikidata.org/entity/Q56725	ar	لهجة صحراوية		Q34770	language	22	https://ar.wikipedia.org/wiki/%D9%84%D9%87%D8%AC%D8%A9_%D8%B5%D8%AD%D8%B1%D8%A7%D9%88%D9%8A%D8%A9
http://www.wikidata.org/entity/Q56727	ar	لغة مرلية		Q34770	language	11	https://ar.wikipedia.org/wiki/%D8%A7%D9%84%D9%84%D8%BA%D8%A9_%D8%A7%D9%84%D9%85%D8%B1%D9%84%D9%8A%D8%A9
http://www.wikidata.org/entity/Q56738	ar	لغة أيراتا	لغة	Q34770	language	11	https://ar.wikipedia.org/wiki/%D9%84%D8%BA%D8%A9_%D8%A3%D9%8A%D8%B1%D8%A7%D8%AA%D8%A7
http://www.wikidata.org/entity/Q56744	ar	أمازيغية صنهاجة السراير	من لهجات اللغة الأمازيغية	Q34770	language	18	https://ar.wikipedia.org/wiki/%D8%A3%D9%85%D8%A7%D8%B2%D9%8A%D8%BA%D9%8A%D8%A9_%D8%B5%D9%86%D9%87%D8%A7%D8%AC%D8%A9
http://www.wikidata.org/entity/Q56747	ar	لهجة غدامسية	لغات فزان في ليبيا	Q34770	language	18	https://ar.wikipedia.org/wiki/%D9%84%D8%BA%D8%A9_%D8%BA%D8%AF%D8%A7%D9%85%D8%B3%D9%8A%D8%A9
http://www.wikidata.org/entity/Q56749	ar	بوتاواتومي	لغة	Q34770	language	13	
http://www.wikidata.org/entity/Q56760	ar	لغة ماندا		Q34770	language	14	https://ar.wikipedia.org/wiki/%D9%84%D8%BA%D8%A9_%D9%85%D8%A7%D9%86%D8%AF%D8%A7_(%D8%A7%D9%84%D9%87%D9%86%D8%AF)
http://www.wikidata.org/entity/Q56769	ar	لغة جيدو		Q34770	language	9	https://ar.wikipedia.org/wiki/%D9%84%D8%BA%D8%A9_%D8%AC%D9%8A%D8%AF%D9%88
http://www.wikidata.org/entity/Q56796	ar	بيراكو	لغة	Q34770	language	9	
http://www.wikidata.org/entity/Q56823	ar	لغة برجيد		Q34770	language	9	https://ar.wikipedia.org/wiki/%D9%84%D8%BA%D8%A9_%D8%A8%D8%B1%D8%AC%D9%8A%D8%AF
http://www.wikidata.org/entity/Q5683513	ar	لغة هافيكي		Q34770	language	10	https://ar.wikipedia.org/wiki/%D9%84%D8%BA%D8%A9_%D9%87%D8%A7%D9%81%D9%8A%D9%83%D9%8A
http://www.wikidata.org/entity/Q5687	ar	أريحا	مدينة في فلسطين وتقع بالقرب من نهر الأردن في الضفة الغربية	Q515	city	99	https://ar.wikipedia.org/wiki/%D8%A3%D8%B1%D9%8A%D8%AD%D8%A7
http://www.wikidata.org/entity/Q56910	ar	غافات		Q34770	language	15	https://ar.wikipedia.org/wiki/%D8%BA%D8%A7%D9%81%D8%A7%D8%AA
http://www.wikidata.org/entity/Q56944	ar	توبي	لغة انقرضت تعود للسكان الأصليين في البرازيل	Q34770	language	27	https://ar.wikipedia.org/wiki/%D9%84%D8%BA%D8%A9_%D8%AA%D9%88%D8%A8%D9%8A
http://www.wikidata.org/entity/Q569766	ar	شهرسبز	مدينة بأوزبكستان	Q515	city	79	https://ar.wikipedia.org/wiki/%D8%B4%D9%87%D8%B1%D8%B3%D8%A8%D8%B2
http://www.wikidata.org/entity/Q56984	ar	لعز		Q34770	language	11	https://ar.wikipedia.org/wiki/%D9%84%D8%B9%D8%B2
http://www.wikidata.org/entity/Q57001	ar	لغة تاما	لغة نيلية صحراوية في تشاد	Q34770	language	7	
http://www.wikidata.org/entity/Q5713	ar	ماري	مدينة في تركمانستان	Q515	city	70	https://ar.wikipedia.org/wiki/%D9%85%D8%A7%D8%B1%D9%8A_(%D8%AA%D8%B1%D9%83%D9%85%D8%A7%D9%86%D8%B3%D8%AA%D8%A7%D9%86)
http://www.wikidata.org/entity/Q572041	ar	أنتقيرة		Q515	city	68	https://ar.wikipedia.org/wiki/%D8%A3%D9%86%D8%AA%D9%82%D9%8A%D8%B1%D8%A9
http://www.wikidata.org/entity/Q572380	ar	جيزك	مدينة في أوزبكستان	Q515	city	52	https://ar.wikipedia.org/wiki/%D8%AC%D9%8A%D8%B2%D9%83
http://www.wikidata.org/entity/Q5724	ar	أنرادبورة	مدينة قديمة في سريلنكا	Q515	city	79	https://ar.wikipedia.org/wiki/%D8%A3%D9%86%D9%88%D8%B1%D8%A7%D8%AF%D8%A7%D8%A8%D9%88%D8%B1%D8%A7
http://www.wikidata.org/entity/Q57278	ar	نيوكاسل		Q515	city	99	https://ar.wikipedia.org/wiki/%D9%86%D9%8A%D9%88%D9%83%D8%A7%D8%B3%D9%84_(%D8%A3%D8%B3%D8%AA%D8%B1%D8%A7%D9%84%D9%8A%D8%A7)
http://www.wikidata.org/entity/Q573954	ar	جامعة ليمريك	جامعة في أيرلندا	Q3918	university	26	https://ar.wikipedia.org/wiki/%D8%AC%D8%A7%D9%85%D8%B9%D8%A9_%D9%84%D9%8A%D9%85%D8%B1%D9%8A%D9%83
http://www.wikidata.org/entity/Q574	ar	تيمور الشرقية	دولة في جنوب شرق آسيا	Q6256	country	289	https://ar.wikipedia.org/wiki/%D8%AA%D9%8A%D9%85%D9%88%D8%B1_%D8%A7%D9%84%D8%B4%D8%B1%D9%82%D9%8A%D8%A9
http://www.wikidata.org/entity/Q574606	ar	جامعة بروكسل الحرة	جامعة في إيكسل، بلجيكا	Q3918	university	42	https://ar.wikipedia.org/wiki/%D8%AC%D8%A7%D9%85%D8%B9%D8%A9_%D8%A8%D8%B1%D9%88%D9%83%D8%B3%D9%84_%D8%A7%D9%84%D8%AD%D8%B1%D8%A9
http://www.wikidata.org/entity/Q575650	ar	رست	لغة برمجة تستخدم في برمجة النظم	Q9143	programming language	59	https://ar.wikipedia.org/wiki/%D8%B1%D8%B3%D8%AA_(%D9%84%D8%BA%D8%A9_%D8%A8%D8%B1%D9%85%D8%AC%D8%A9)
http://www.wikidata.org/entity/Q5760	ar	ثيفا	مدينة يونانية	Q515	city	74	https://ar.wikipedia.org/wiki/%D8%B7%D9%8A%D8%A8%D8%A9_(%D8%A7%D9%84%D9%8A%D9%88%D9%86%D8%A7%D9%86)
http://www.wikidata.org/entity/Q576368	ar	القنيطرة	مدينة في جنوب غرب سوريا	Q515	city	53	https://ar.wikipedia.org/wiki/%D8%A7%D9%84%D9%82%D9%86%D9%8A%D8%B7%D8%B1%D8%A9_(%D8%B3%D9%88%D8%B1%D9%8A%D8%A7)
http://www.wikidata.org/entity/Q5764	ar	بخارى	مدينة في أوزبكستان	Q515	city	127	https://ar.wikipedia.org/wiki/%D8%A8%D8%AE%D8%A7%D8%B1%D9%89
http://www.wikidata.org/entity/Q5776	ar	بيت لحم	مدينة فلسطينية تعتبر مهد الديانة المسيحية ومولد المسيح عيسى ابن مريم	Q515	city	165	https://ar.wikipedia.org/wiki/%D8%A8%D9%8A%D8%AA_%D9%84%D8%AD%D9%85
http://www.wikidata.org/entity/Q578326	ar	جامعة يوفاسكولا	جامعة في يوفاسكولا، فنلندا	Q3918	university	30	https://ar.wikipedia.org/wiki/%D8%AC%D8%A7%D9%85%D8%B9%D8%A9_%D9%8A%D9%88%D9%81%D8%A7%D8%B3%D9%83%D9%88%D9%84%D8%A7
http://www.wikidata.org/entity/Q5788	ar	البتراء	مدينة أثرية وتاريخية تقع في محافظة معان في جنوب المملكة الأردنية الهاشمية	Q515	city	114	https://ar.wikipedia.org/wiki/%D8%A7%D9%84%D8%A8%D8%AA%D8%B1%D8%A7%D8%A1
http://www.wikidata.org/entity/Q580	ar	وودج	مدينة في بولندا	Q515	city	136	https://ar.wikipedia.org/wiki/%D9%88%D9%88%D8%AF%D8%AC
http://www.wikidata.org/entity/Q58024	ar	إيباي	شركة تجارة إلكترونية متعددة الجنسيات وتتخذُ من سان خوسيه، كاليفورنيا بالولايات المتحدة مقرًا لها	Q43229	organization	89	https://ar.wikipedia.org/wiki/%D8%A5%D9%8A%D8%A8%D8%A7%D9%8A
http://www.wikidata.org/entity/Q580533	ar	جوادر	مدينة باكستانية ساحلية	Q515	city	50	https://ar.wikipedia.org/wiki/%D8%AC%D9%88%D8%A7%D8%AF%D8%B1
http://www.wikidata.org/entity/Q583184	ar	أنتسيرابي	مدينة في مدغشقر	Q515	city	54	https://ar.wikipedia.org/wiki/%D8%A3%D9%86%D8%AA%D8%B3%D9%8A%D8%B1%D8%A7%D8%A8%D9%8A
http://www.wikidata.org/entity/Q5832	ar	أكسوم	مدينه في إثيوبيا	Q515	city	86	https://ar.wikipedia.org/wiki/%D8%A3%D9%83%D8%B3%D9%88%D9%85
http://www.wikidata.org/entity/Q5838	ar	كابل	عاصمة أفغانستان وأكبر مدينة في الدولة	Q515	city	220	https://ar.wikipedia.org/wiki/%D9%83%D8%A7%D8%A8%D9%84
http://www.wikidata.org/entity/Q584295	ar	أودوبي	مستوطنة في الهند	Q515	city	57	https://ar.wikipedia.org/wiki/%D8%A3%D9%88%D8%AF%D9%88%D8%A8%D9%8A
http://www.wikidata.org/entity/Q586	ar	بون	مدينة في ألمانيا والعاصمة السابقة لها	Q515	city	163	https://ar.wikipedia.org/wiki/%D8%A8%D9%88%D9%86
http://www.wikidata.org/entity/Q58635	ar	البنجابية	لغة جنوب آسيوية نشأت في منطقة البنجاب في باكستان والهند	Q34770	language	140	https://ar.wikipedia.org/wiki/%D8%A7%D9%84%D9%84%D8%BA%D8%A9_%D8%A7%D9%84%D8%A8%D9%86%D8%AC%D8%A7%D8%A8%D9%8A%D8%A9
http://www.wikidata.org/entity/Q5867	ar	فوكوفار	مدينة كرواتية	Q515	city	80	https://ar.wikipedia.org/wiki/%D9%81%D9%88%D9%83%D9%88%D9%81%D8%A7%D8%B1
http://www.wikidata.org/entity/Q5869	ar	لاسا	مدينة على مستوى المحافظة وعاصمة التبت	Q515	city	135	https://ar.wikipedia.org/wiki/%D9%84%D8%A7%D8%B3%D8%A7
http://www.wikidata.org/entity/Q587085	ar	إلورين		Q515	city	53	https://ar.wikipedia.org/wiki/%D8%A5%D9%84%D9%88%D8%B1%D9%8A%D9%86
http://www.wikidata.org/entity/Q58797	ar	هاتيم	بلدية في خيلدرلند، هولندا	Q515	city	51	https://ar.wikipedia.org/wiki/%D9%87%D8%A7%D8%AA%D9%8A%D9%85
http://www.wikidata.org/entity/Q588	ar	كاتوفيتسه	مدينة بولندية	Q515	city	162	https://ar.wikipedia.org/wiki/%D9%83%D8%A7%D8%AA%D9%88%D9%81%D9%8A%D8%AA%D8%B3%D9%87
http://www.wikidata.org/entity/Q588239	ar	جامعة تريبوفان	جامعة حكومية في نيبال	Q3918	university	26	https://ar.wikipedia.org/wiki/%D8%AC%D8%A7%D9%85%D8%B9%D8%A9_%D8%AA%D8%B1%D9%8A%D8%A8%D9%88%D9%81%D8%A7%D9%86
http://www.wikidata.org/entity/Q5890	ar	ثاء رمزا للثأر	فيلم ثوري يتمثل بالنضال المسلح لنيل حرية الدولة	Q11424	film	98	https://ar.wikipedia.org/wiki/%D8%AB%D8%A7%D8%A1_%D8%B1%D9%85%D8%B2%D8%A7_%D9%84%D9%84%D8%AB%D8%A3%D8%B1
http://www.wikidata.org/entity/Q58900	ar	دونكاستر	بلدة في المملكة المتحدة	Q515	city	64	https://ar.wikipedia.org/wiki/%D8%AF%D9%88%D9%86%D9%83%D8%A7%D8%B3%D8%AA%D8%B1
http://www.wikidata.org/entity/Q59018	ar	كاكينادا		Q515	city	56	https://ar.wikipedia.org/wiki/%D9%83%D8%A7%D9%83%D9%8A%D9%86%D8%A7%D8%AF%D8%A7
http://www.wikidata.org/entity/Q59101	ar	نارفيك	بلدة في النرويج	Q515	city	76	https://ar.wikipedia.org/wiki/%D9%86%D8%A7%D8%B1%D9%81%D9%8A%D9%83
http://www.wikidata.org/entity/Q593193	ar	برهان بور	مستوطنة في الهند	Q515	city	50	https://ar.wikipedia.org/wiki/%D8%A8%D8%B1%D9%87%D8%A7%D9%86_%D8%A8%D9%88%D8%B1
http://www.wikidata.org/entity/Q593321	ar	جامعة جنوة	جامعة في جنوة، إيطاليا	Q3918	university	31	https://ar.wikipedia.org/wiki/%D8%AC%D8%A7%D9%85%D8%B9%D8%A9_%D8%AC%D9%86%D9%88%D8%A9
http://www.wikidata.org/entity/Q5968	ar	كُونِيَة	بلدية في مقاطعة كونيو، إيطاليا	Q515	city	97	https://ar.wikipedia.org/wiki/%D9%83%D9%88%D9%86%D9%8A%D8%A9_(%D8%A5%D9%8A%D8%B7%D8%A7%D9%84%D9%8A%D8%A7)
http://www.wikidata.org/entity/Q59698	ar	سواكوبموند		Q515	city	59	https://ar.wikipedia.org/wiki/%D8%B3%D9%88%D8%A7%D9%83%D9%88%D8%A8%D9%85%D9%88%D9%86%D8%AF
http://www.wikidata.org/entity/Q598	ar	جيشوف	مدينة في بولندا	Q515	city	100	https://ar.wikipedia.org/wiki/%D8%AC%D9%8A%D8%B4%D9%88%D9%81
http://www.wikidata.org/entity/Q599416	ar	سينوب	مدينة تركية	Q515	city	86	https://ar.wikipedia.org/wiki/%D8%B3%D9%8A%D9%86%D9%88%D8%A8
http://www.wikidata.org/entity/Q59975	ar	بجاية	بلدية جزائرية	Q515	city	69	https://ar.wikipedia.org/wiki/%D8%A8%D8%AC%D8%A7%D9%8A%D8%A9
http://www.wikidata.org/entity/Q60	ar	نيويورك	المدينة الأكثر اكتظاظًا بالسكان في الولايات المتحدة	Q515	city	322	https://ar.wikipedia.org/wiki/%D9%86%D9%8A%D9%88%D9%8A%D9%88%D8%B1%D9%83
http://www.wikidata.org/entity/Q601956	ar	جامعة آلبورغ	جامعة في الدنمارك	Q3918	university	28	https://ar.wikipedia.org/wiki/%D8%AC%D8%A7%D9%85%D8%B9%D8%A9_%D8%A2%D9%84%D8%A8%D9%88%D8%B1%D8%BA
http://www.wikidata.org/entity/Q604444	ar	جامعة بريتوريا		Q3918	university	36	https://ar.wikipedia.org/wiki/%D8%AC%D8%A7%D9%85%D8%B9%D8%A9_%D8%A8%D8%B1%D9%8A%D8%AA%D9%88%D8%B1%D9%8A%D8%A7
http://www.wikidata.org/entity/Q604487	ar	جامعة تالين للتكنولوجيا	جامعة في إستونيا	Q3918	university	35	https://ar.wikipedia.org/wiki/%D8%AC%D8%A7%D9%85%D8%B9%D8%A9_%D8%AA%D8%A7%D9%84%D9%8A%D9%86_%D9%84%D9%84%D8%AA%D9%83%D9%86%D9%88%D9%84%D9%88%D8%AC%D9%8A%D8%A7
http://www.wikidata.org/entity/Q6046	ar	نُفارة	كومونا	Q515	city	106	https://ar.wikipedia.org/wiki/%D9%86%D9%81%D8%A7%D8%B1%D8%A9
http://www.wikidata.org/entity/Q605483	ar	كيدزيرزن كوزله		Q515	city	52	https://ar.wikipedia.org/wiki/%D9%83%D9%8A%D8%AF%D8%B2%D9%8A%D8%B1%D8%B2%D9%86_%D9%83%D9%88%D8%B2%D9%84%D9%87
http://www.wikidata.org/entity/Q606550	ar	سيميولينك		Q9143	programming language	27	https://ar.wikipedia.org/wiki/%D8%B3%D9%8A%D9%85%D9%8A%D9%88%D9%84%D9%8A%D9%86%D9%83
http://www.wikidata.org/entity/Q6066	ar	كيميروفو	مدينة في إقليم كيميروفو أوبلاست	Q515	city	97	https://ar.wikipedia.org/wiki/%D9%83%D9%8A%D9%85%D9%8A%D8%B1%D9%88%D9%81%D9%88
http://www.wikidata.org/entity/Q608565	ar	كوبرا (لغة برمجة)		Q9143	programming language	12	https://ar.wikipedia.org/wiki/%D9%83%D9%88%D8%A8%D8%B1%D8%A7_(%D9%84%D8%BA%D8%A9_%D8%A8%D8%B1%D9%85%D8%AC%D8%A9)
http://www.wikidata.org/entity/Q6088	ar	ألساندريا	مدينة في لمبردية، إيطاليا	Q515	city	99	https://ar.wikipedia.org/wiki/%D8%A3%D9%84%D8%B3%D8%A7%D9%86%D8%AF%D8%B1%D9%8A%D8%A7
http://www.wikidata.org/entity/Q609024	ar	غلغت	مدينة في باكستان	Q515	city	52	https://ar.wikipedia.org/wiki/%D8%BA%D9%84%D8%BA%D8%AA
http://www.wikidata.org/entity/Q609301	ar	جامعة أسبالطو	جامعة في كرواتيا	Q3918	university	22	https://ar.wikipedia.org/wiki/%D8%AC%D8%A7%D9%85%D8%B9%D8%A9_%D8%A3%D8%B3%D8%A8%D8%A7%D9%84%D8%B7%D9%88
http://www.wikidata.org/entity/Q60956	ar	عسقلان	مدينة في إسرائيل	Q515	city	85	https://ar.wikipedia.org/wiki/%D8%B9%D8%B3%D9%82%D9%84%D8%A7%D9%86
http://www.wikidata.org/entity/Q609649	ar	كولستان		Q515	city	51	https://ar.wikipedia.org/wiki/%D9%83%D9%88%D9%84%D8%B3%D8%AA%D8%A7%D9%86
http://www.wikidata.org/entity/Q609817	ar	رموز بليس		Q34770	language	24	https://ar.wikipedia.org/wiki/%D8%B1%D9%85%D9%88%D8%B2_%D8%A8%D9%84%D9%8A%D8%B3
http://www.wikidata.org/entity/Q61053330	ar	الأمازيغية المعيارية الجزائرية	لغة	Q34770	language	12	https://ar.wikipedia.org/wiki/%D8%A7%D9%84%D8%A3%D9%85%D8%A7%D8%B2%D9%8A%D8%BA%D9%8A%D8%A9_%D8%A7%D9%84%D8%AC%D8%B2%D8%A7%D8%A6%D8%B1%D9%8A%D8%A9_%D8%A7%D9%84%D9%85%D8%B9%D9%8A%D8%A7%D8%B1%D9%8A%D8%A9
http://www.wikidata.org/entity/Q61089	ar	مدينة ملقا		Q515	city	83	https://ar.wikipedia.org/wiki/%D9%85%D8%AF%D9%8A%D9%86%D8%A9_%D9%85%D9%84%D9%82%D8%A7
http://www.wikidata.org/entity/Q61092	ar	جورج تاون	ثاني أكبر مدينة في ماليزيا	Q515	city	79	https://ar.wikipedia.org/wiki/%D8%AC%D9%88%D8%B1%D8%AC_%D8%AA%D8%A7%D9%88%D9%86_(%D8%A8%D9%8A%D9%86%D8%A7%D9%86%D9%82)
http://www.wikidata.org/entity/Q612	ar	دبي	مدينة في الإمارات العربية المتحدة	Q515	city	218	https://ar.wikipedia.org/wiki/%D8%AF%D8%A8%D9%8A
http://www.wikidata.org/entity/Q6122	ar	أستي	بلدية في مقاطعة أستي، إيطاليا	Q515	city	98	https://ar.wikipedia.org/wiki/%D8%A3%D8%B3%D8%AA%D9%8A
http://www.wikidata.org/entity/Q612250	ar	لاي		Q515	city	51	https://ar.wikipedia.org/wiki/%D9%84%D8%A7%D9%8A_(%D8%A8%D8%A7%D8%A8%D9%88%D8%A7_%D8%BA%D9%8A%D9%86%D9%8A%D8%A7_%D8%A7%D9%84%D8%AC%D8%AF%D9%8A%D8%AF%D8%A9)
http://www.wikidata.org/entity/Q612665	ar	الجامعة الحرة في بروكسل	جامعة تقع في مدينة بروكسل عاصمة بلجيكا	Q3918	university	39	https://ar.wikipedia.org/wiki/%D8%AC%D8%A7%D9%85%D8%B9%D8%A9_%D8%A8%D8%B1%D9%88%D9%83%D8%B3%D9%84_%D8%A7%D9%84%D8%AD%D8%B1%D8%A9_(%D9%86%D8%A7%D8%B7%D9%82%D8%A9_%D8%A8%D8%A7%D9%84%D9%87%D9%88%D9%84%D9%86%D8%AF%D9%8A%D8%A9)
http://www.wikidata.org/entity/Q61301	ar	كامبيتشي		Q515	city	71	https://ar.wikipedia.org/wiki/%D9%83%D8%A7%D9%85%D8%A8%D9%8A%D8%AA%D8%B4%D9%8A
http://www.wikidata.org/entity/Q61302	ar	تشيواوا	مدينة في المكسيك	Q515	city	82	https://ar.wikipedia.org/wiki/%D8%AA%D8%B4%D9%8A%D9%88%D8%A7%D9%88%D8%A7
http://www.wikidata.org/entity/Q61306	ar	غواناخواتو	مدينة مكسيكية	Q515	city	71	https://ar.wikipedia.org/wiki/%D8%BA%D9%88%D8%A7%D9%86%D8%A7%D8%AE%D9%88%D8%A7%D8%AA%D9%88
http://www.wikidata.org/entity/Q61320	ar	مدينة كوليما	مستوطنة في المكسيك	Q515	city	66	https://ar.wikipedia.org/wiki/%D9%85%D8%AF%D9%8A%D9%86%D8%A9_%D9%83%D9%88%D9%84%D9%8A%D9%85%D8%A7
http://www.wikidata.org/entity/Q61434	ar	نيلور	مستوطنة بشرية	Q515	city	60	https://ar.wikipedia.org/wiki/%D9%86%D9%8A%D9%84%D9%88%D8%B1
http://www.wikidata.org/entity/Q61445	ar	نافي مومباي	مستوطنة في الهند	Q515	city	71	https://ar.wikipedia.org/wiki/%D9%86%D8%A7%D9%81%D9%8A_%D9%85%D9%88%D9%85%D8%A8%D8%A7%D9%8A
http://www.wikidata.org/entity/Q61448040	ar	طفيلي	فيلم أُصدر سنة 2019، من إخراج بونغ جون هو	Q11424	film	80	https://ar.wikipedia.org/wiki/%D8%B7%D9%81%D9%8A%D9%84%D9%8A_(%D9%81%D9%84%D9%85)
http://www.wikidata.org/entity/Q6157	ar	سينايوكي	بلدة في بوهيانما الجنوبية، فنلندا	Q515	city	73	https://ar.wikipedia.org/wiki/%D8%B3%D9%8A%D9%86%D8%A7%D9%8A%D9%88%D9%83%D9%8A
http://www.wikidata.org/entity/Q617291	ar	شوار	لغة	Q34770	language	13	
http://www.wikidata.org/entity/Q6190581	ar	قالب:صندوق معلومات منظمة	قالب ويكيبيديا	Q43229	organization	141	https://ar.wikipedia.org/wiki/%D9%82%D8%A7%D9%84%D8%A8:%D8%B5%D9%86%D8%AF%D9%88%D9%82_%D9%85%D8%B9%D9%84%D9%88%D9%85%D8%A7%D8%AA_%D9%85%D9%86%D8%B8%D9%85%D8%A9
http://www.wikidata.org/entity/Q61944	ar	سيماي		Q515	city	76	https://ar.wikipedia.org/wiki/%D8%B3%D9%8A%D9%85%D8%A7%D9%8A
http://www.wikidata.org/entity/Q61965544	ar	اليزيدكية	لغة اليزيدية	Q34770	language	0	
http://www.wikidata.org/entity/Q620464	ar	برمجة c.n.c		Q9143	programming language	26	https://ar.wikipedia.org/wiki/%D8%AC%D9%8A-%D9%83%D9%88%D8%AF
http://www.wikidata.org/entity/Q621001	ar	مالانج	مدينة في أنغولا	Q515	city	54	https://ar.wikipedia.org/wiki/%D9%85%D8%A7%D9%84%D8%A7%D9%86%D8%AC%D9%8A
http://www.wikidata.org/entity/Q622	ar	لودفيغسبورغ	بلدية في ألمانيا	Q515	city	86	https://ar.wikipedia.org/wiki/%D9%84%D9%88%D8%AF%D9%81%D9%8A%D8%BA%D8%B3%D8%A8%D9%88%D8%B1%D8%BA
http://www.wikidata.org/entity/Q622030	ar	بالوس دي لا فرونتيرا		Q515	city	57	https://ar.wikipedia.org/wiki/%D8%A8%D8%A7%D9%84%D9%88%D8%B3_%D8%AF%D9%8A_%D9%84%D8%A7_%D9%81%D8%B1%D9%88%D9%86%D8%AA%D9%8A%D8%B1%D8%A7
http://www.wikidata.org/entity/Q6221	ar	بريشا	كومونا	Q515	city	121	https://ar.wikipedia.org/wiki/%D8%A8%D8%B1%D9%8A%D8%B4%D8%A7
http://www.wikidata.org/entity/Q622137	ar	جامعة ليهاي	جامعة في بيت لحم، الولايات المتحدة	Q3918	university	27	https://ar.wikipedia.org/wiki/%D8%AC%D8%A7%D9%85%D8%B9%D8%A9_%D9%84%D9%8A%D9%87%D8%A7%D9%8A
http://www.wikidata.org/entity/Q6225	ar	كوفنتري		Q515	city	105	https://ar.wikipedia.org/wiki/%D9%83%D9%88%D9%81%D9%86%D8%AA%D8%B1%D9%8A
http://www.wikidata.org/entity/Q6226	ar	سانت ألبانز		Q515	city	61	https://ar.wikipedia.org/wiki/%D8%B3%D8%A7%D9%86%D8%AA_%D8%A3%D9%84%D8%A8%D8%A7%D9%86%D8%B2
http://www.wikidata.org/entity/Q622683	ar	جامعة غراتس	جامعة في النمسا	Q3918	university	53	https://ar.wikipedia.org/wiki/%D8%AC%D8%A7%D9%85%D8%B9%D8%A9_%D8%BA%D8%B1%D8%A7%D8%AA%D8%B3
http://www.wikidata.org/entity/Q6231	ar	كَرِمونة	كومونا	Q515	city	111	https://ar.wikipedia.org/wiki/%D9%83%D8%B1%D9%85%D9%88%D9%86%D8%A9_(%D8%A5%D9%8A%D8%B7%D8%A7%D9%84%D9%8A%D8%A7)
http://www.wikidata.org/entity/Q625158	ar	جامعة كاوناس للتكنولوجيا	جامعة في كاوناس، ليتوانيا	Q3918	university	29	https://ar.wikipedia.org/wiki/%D8%AC%D8%A7%D9%85%D8%B9%D8%A9_%D9%83%D8%A7%D9%88%D9%86%D8%A7%D8%B3_%D9%84%D9%84%D8%AA%D9%83%D9%86%D9%88%D9%84%D9%88%D8%AC%D9%8A%D8%A7
http://www.wikidata.org/entity/Q6252	ar	مُنزَة	كومونا	Q515	city	114	https://ar.wikipedia.org/wiki/%D9%85%D9%86%D8%B2%D8%A9
http://www.wikidata.org/entity/Q628	ar	برغامو	كومونا	Q515	city	130	https://ar.wikipedia.org/wiki/%D8%A8%D9%8A%D8%B1%D8%BA%D8%A7%D9%85%D9%88
http://www.wikidata.org/entity/Q6285	ar	فَرِيزة	كومونا	Q515	city	105	https://ar.wikipedia.org/wiki/%D9%81%D8%B1%D9%8A%D8%B2%D8%A9_(%D8%A5%D9%8A%D8%B7%D8%A7%D9%84%D9%8A%D8%A7)
http://www.wikidata.org/entity/Q62868	ar	كشالين		Q515	city	77	https://ar.wikipedia.org/wiki/%D9%83%D8%B4%D8%A7%D9%84%D9%8A%D9%86
http://www.wikidata.org/entity/Q630805	ar	بنجكنت		Q515	city	54	https://ar.wikipedia.org/wiki/%D8%A8%D9%86%D8%AC%D9%83%D9%86%D8%AA
http://www.wikidata.org/entity/Q632004	ar	جامعة رادبود نايميخن	جامعة في نايميخن، هولندا	Q3918	university	34	https://ar.wikipedia.org/wiki/%D8%AC%D8%A7%D9%85%D8%B9%D8%A9_%D8%B1%D8%A7%D8%AF%D8%A8%D9%88%D8%AF_%D9%86%D8%A7%D9%8A%D9%85%D9%8A%D8%AE%D9%86
http://www.wikidata.org/entity/Q632558	ar	معهد هاربن للتقانة	جامعة في هاربن، الصين	Q3918	university	23	
http://www.wikidata.org/entity/Q633561	ar	جامعة سرقسطة		Q3918	university	27	https://ar.wikipedia.org/wiki/%D8%AC%D8%A7%D9%85%D8%B9%D8%A9_%D8%B3%D8%B1%D9%82%D8%B3%D8%B7%D8%A9
http://www.wikidata.org/entity/Q633782	ar	جامعة بولا	جامعة في بولا، كرواتيا	Q3918	university	69	https://ar.wikipedia.org/wiki/%D8%AC%D8%A7%D9%85%D8%B9%D8%A9_%D8%A8%D9%88%D9%84%D8%A7
http://www.wikidata.org/entity/Q633894	ar	أوبجكت باسكال		Q9143	programming language	33	https://ar.wikipedia.org/wiki/%D8%A3%D9%88%D8%A8%D8%AC%D9%83%D8%AA_%D8%A8%D8%A7%D8%B3%D9%83%D8%A7%D9%84
http://www.wikidata.org/entity/Q6359692	ar	لهجة كامروفية		Q34770	language	10	
http://www.wikidata.org/entity/Q636479	ar	صابر	لغة رومانسية	Q34770	language	29	https://ar.wikipedia.org/wiki/%D8%B5%D8%A7%D8%A8%D8%B1
http://www.wikidata.org/entity/Q637228	ar	الكالنجينية	أسرة لغات أفريقية	Q34770	language	12	
http://www.wikidata.org/entity/Q637555	ar	مونتيغو باي	مدينة جمايكا	Q515	city	56	https://ar.wikipedia.org/wiki/%D9%85%D9%88%D9%86%D8%AA%D9%8A%D8%BA%D9%88_%D8%A8%D8%A7%D9%8A
http://www.wikidata.org/entity/Q638704	ar	بشار	مدينة جزائرية ومركز بلدية تابعة إقليميا لولاية بشار	Q515	city	54	https://ar.wikipedia.org/wiki/%D8%A8%D8%B4%D8%A7%D8%B1_(%D8%A7%D9%84%D8%AC%D8%B2%D8%A7%D8%A6%D8%B1)
http://www.wikidata.org/entity/Q6393846	ar	لغة_كيريوي	إحدى لغات البانتو في تنزانيا	Q34770	language	9	https://ar.wikipedia.org/wiki/%D9%84%D8%BA%D8%A9_%D9%83%D9%8A%D8%B1%D9%8A%D9%88%D9%8A
http://www.wikidata.org/entity/Q639421	ar	بودوتشيري		Q515	city	70	https://ar.wikipedia.org/wiki/%D8%A8%D9%88%D9%86%D8%AF%D9%8A%D8%B4%D9%8A%D8%B1%D9%8A
http://www.wikidata.org/entity/Q6397	ar	أفنيون	مدينة في فرنسا	Q515	city	119	https://ar.wikipedia.org/wiki/%D8%A3%D9%81%D9%86%D9%8A%D9%88%D9%86
http://www.wikidata.org/entity/Q640652	ar	جامعة أوكلاهوما	جامعة في الولايات المتحدة	Q3918	university	37	https://ar.wikipedia.org/wiki/%D8%AC%D8%A7%D9%85%D8%B9%D8%A9_%D8%A3%D9%88%D9%83%D9%84%D8%A7%D9%87%D9%88%D9%85%D8%A7
http://www.wikidata.org/entity/Q641	ar	البندقية	مدينة إيطالية	Q515	city	227	https://ar.wikipedia.org/wiki/%D8%A7%D9%84%D8%A8%D9%86%D8%AF%D9%82%D9%8A%D8%A9
http://www.wikidata.org/entity/Q641737	ar	قولاي	لغة	Q34770	language	6	
http://www.wikidata.org/entity/Q6419912	ar	بوربندر		Q515	city	55	https://ar.wikipedia.org/wiki/%D8%A8%D9%88%D8%B1%D8%A8%D9%86%D8%AF%D8%B1
http://www.wikidata.org/entity/Q642856	ar	برمت	بلدة في ألبانيا	Q515	city	50	https://ar.wikipedia.org/wiki/%D8%A8%D8%B1%D9%85%D8%AA
http://www.wikidata.org/entity/Q643883	ar	سيالكوت	مستوطنة بشرية	Q515	city	65	https://ar.wikipedia.org/wiki/%D8%B3%D9%8A%D8%A7%D9%84%D9%83%D9%88%D8%AA
http://www.wikidata.org/entity/Q644	ar	شرم الشيخ	مدينة مصرية تقع فى محافظة جنوب سيناء في مصر	Q515	city	86	https://ar.wikipedia.org/wiki/%D8%B4%D8%B1%D9%85_%D8%A7%D9%84%D8%B4%D9%8A%D8%AE
http://www.wikidata.org/entity/Q64427350	ar	القزاق في قزاقستان		Q34770	language	1	
http://www.wikidata.org/entity/Q6454	ar	كاليه	بلدية فرنسية في إقليم باد كاليه	Q515	city	117	https://ar.wikipedia.org/wiki/%D9%83%D8%A7%D9%84%D9%8A%D9%87
http://www.wikidata.org/entity/Q646498	ar	ريفيرا	مستوطنة في الأوروغواي	Q515	city	55	https://ar.wikipedia.org/wiki/%D8%B1%D9%8A%D9%81%D9%8A%D8%B1%D8%A7_(%D8%A3%D9%88%D8%B1%D9%88%D8%BA%D9%88%D8%A7%D9%8A)
http://www.wikidata.org/entity/Q6470767	ar	لغة التجميع		Q9143	programming language	31	
http://www.wikidata.org/entity/Q6474528	ar	لاكا	إحدى لغات سارا في تشاد	Q34770	language	6	https://ar.wikipedia.org/wiki/%D9%84%D8%BA%D8%A9_%D9%84%D8%A7%D9%83%D8%A7
http://www.wikidata.org/entity/Q647543	ar	أريثيفي		Q515	city	62	https://ar.wikipedia.org/wiki/%D8%A7%D9%84%D8%B1%D8%B5%D9%8A%D9%81_(%D9%84%D8%A7%D8%B3_%D8%A8%D9%84%D9%85%D8%A7%D8%B3)
http://www.wikidata.org/entity/Q647982	ar	مدينة قوبا	مدينة في أذربيجان	Q515	city	53	https://ar.wikipedia.org/wiki/%D9%85%D8%AF%D9%8A%D9%86%D8%A9_%D9%82%D9%88%D8%A8%D8%A7
http://www.wikidata.org/entity/Q648124	ar	جامباس	لغة برمجة للحاسوب من عائلة اللغات المبنية على لغة بيسك القديمة	Q9143	programming language	36	https://ar.wikipedia.org/wiki/%D8%AC%D8%A7%D9%85%D8%A8%D8%A7%D8%B3
http://www.wikidata.org/entity/Q648567	ar	كورغان تبه		Q515	city	60	https://ar.wikipedia.org/wiki/%D9%83%D9%88%D8%B1%D8%BA%D8%A7%D9%86_%D8%AA%D8%A8%D9%87
http://www.wikidata.org/entity/Q648619	ar	إف شارب	لغة برمجيّة متعددة الأنظمة	Q9143	programming language	36	https://ar.wikipedia.org/wiki/%D8%A5%D9%81_%D8%B4%D8%A7%D8%B1%D8%A8_(%D9%84%D8%BA%D8%A9_%D8%A8%D8%B1%D9%85%D8%AC%D8%A9)
http://www.wikidata.org/entity/Q6487	ar	أنطالية	مدينة تركية	Q515	city	135	https://ar.wikipedia.org/wiki/%D8%A3%D9%86%D8%B7%D8%A7%D9%84%D9%8A%D8%A9
http://www.wikidata.org/entity/Q648732	ar	سانت ديفيدز	مدينة في بيمبروكشاير، ويلز	Q515	city	57	https://ar.wikipedia.org/wiki/%D8%B3%D8%A7%D9%86%D8%AA_%D8%AF%D9%8A%D9%81%D9%8A%D8%AF%D8%B2
http://www.wikidata.org/entity/Q648838	ar	جامعة أندورا	جامعة في سانت جوليا دي لوريا، أندورا	Q3918	university	31	https://ar.wikipedia.org/wiki/%D8%AC%D8%A7%D9%85%D8%B9%D8%A9_%D8%A3%D9%86%D8%AF%D9%88%D8%B1%D8%A7
http://www.wikidata.org/entity/Q651133	ar	جامعة أوزبكستان الوطنية	جامعة في طشقند، أوزبكستان	Q3918	university	27	https://ar.wikipedia.org/wiki/%D8%AC%D8%A7%D9%85%D8%B9%D8%A9_%D8%A3%D9%88%D8%B2%D8%A8%D9%83%D8%B3%D8%AA%D8%A7%D9%86_%D8%A7%D9%84%D9%88%D8%B7%D9%86%D9%8A%D8%A9
http://www.wikidata.org/entity/Q651233	ar	جامعة أوساكا	جامعة في اليابان	Q3918	university	51	https://ar.wikipedia.org/wiki/%D8%AC%D8%A7%D9%85%D8%B9%D8%A9_%D8%A3%D9%88%D8%B3%D8%A7%D9%83%D8%A7
http://www.wikidata.org/entity/Q6536321	ar	لغة اوكرانية قديمة		Q34770	language	5	
http://www.wikidata.org/entity/Q6537	ar	فِشِنزة	كومونا	Q515	city	112	https://ar.wikipedia.org/wiki/%D9%81%D8%B4%D9%86%D8%B2%D8%A9
http://www.wikidata.org/entity/Q65379	ar	جامعة فرجينيا للتقنية	جامعة يقع حرمها الرئيسي في بلاكسبورج في ولاية فرجينيا	Q3918	university	41	https://ar.wikipedia.org/wiki/%D8%AC%D8%A7%D9%85%D8%B9%D8%A9_%D9%81%D8%B1%D8%AC%D9%8A%D9%86%D9%8A%D8%A7_%D9%84%D9%84%D8%AA%D9%82%D9%86%D9%8A%D8%A9
http://www.wikidata.org/entity/Q656189	ar	إنسينادا	مدينة سياحية ساحلية في ولاية باخا کالیفورنيا المكسيكية	Q515	city	51	https://ar.wikipedia.org/wiki/%D8%A5%D9%86%D8%B3%D9%8A%D9%86%D8%A7%D8%AF%D8%A7
http://www.wikidata.org/entity/Q656871	ar	جامعة الخرطوم	جامعة سودانية حكومية	Q3918	university	28	https://ar.wikipedia.org/wiki/%D8%AC%D8%A7%D9%85%D8%B9%D8%A9_%D8%A7%D9%84%D8%AE%D8%B1%D8%B7%D9%88%D9%85
http://www.wikidata.org/entity/Q657	ar	تشاد	دولة في وسط أفريقيا	Q6256	country	313	https://ar.wikipedia.org/wiki/%D8%AA%D8%B4%D8%A7%D8%AF
http://www.wikidata.org/entity/Q6576	ar	إيركوتسك	مدينة في روسيا	Q515	city	129	https://ar.wikipedia.org/wiki/%D8%A5%D9%8A%D8%B1%D9%83%D9%88%D8%AA%D8%B3%D9%83
http://www.wikidata.org/entity/Q659706	ar	معهد إلينوي للتقنية	جامعة أمريكية	Q3918	university	28	https://ar.wikipedia.org/wiki/%D9%85%D8%B9%D9%87%D8%AF_%D8%A5%D9%84%D9%8A%D9%86%D9%88%D9%8A_%D9%84%D9%84%D8%AA%D9%82%D9%86%D9%8A%D8%A9
http://www.wikidata.org/entity/Q661529	ar	ريبون		Q515	city	54	https://ar.wikipedia.org/wiki/%D8%B1%D9%8A%D8%A8%D9%88%D9%86_(%D8%B4%D9%85%D8%A7%D9%84_%D9%8A%D9%88%D8%B1%D9%83%D8%B4%D9%8A%D8%B1)
http://www.wikidata.org/entity/Q6616	ar	بواتييه	مدينة فرنسية	Q515	city	114	https://ar.wikipedia.org/wiki/%D8%A8%D9%88%D8%A7%D8%AA%D9%8A%D9%8A%D9%87
http://www.wikidata.org/entity/Q664	ar	نيوزيلندا	دولة جزرية في جنوب المحيط الهادئ	Q6256	country	347	https://ar.wikipedia.org/wiki/%D9%86%D9%8A%D9%88%D8%B2%D9%8A%D9%84%D9%86%D8%AF%D8%A7
http://www.wikidata.org/entity/Q664550	ar	مرادي	مدينة في النيجر	Q515	city	50	https://ar.wikipedia.org/wiki/%D9%85%D8%B1%D8%A7%D8%AF%D9%8A_(%D8%A7%D9%84%D9%86%D9%8A%D8%AC%D8%B1)
http://www.wikidata.org/entity/Q6647	ar	باتان		Q515	city	61	https://ar.wikipedia.org/wiki/%D9%84%D8%A7%D9%84%D9%8A%D8%AA%D8%A8%D9%88%D8%B1_(%D9%86%D9%8A%D8%A8%D8%A7%D9%84)
http://www.wikidata.org/entity/Q664873	ar	<(^^،)> LOL	ألبوم من أداء باشونتر	Q482994	album	44	
http://www.wikidata.org/entity/Q665105	ar	جامعة دلهي	جامعة في دلهي، الهند	Q3918	university	54	https://ar.wikipedia.org/wiki/%D8%AC%D8%A7%D9%85%D8%B9%D8%A9_%D8%AF%D9%84%D9%87%D9%8A
http://www.wikidata.org/entity/Q66568	ar	كانبور	مدينة في شمال الهند	Q515	city	107	https://ar.wikipedia.org/wiki/%D9%83%D8%A7%D9%86%D8%A8%D9%88%D8%B1
http://www.wikidata.org/entity/Q6662	ar	قاصنة	كومونا	Q515	city	100	https://ar.wikipedia.org/wiki/%D9%82%D8%A7%D8%B5%D9%86%D8%A9
http://www.wikidata.org/entity/Q667566	ar	فيجوال بيسك للتطبيقات	لغة برمجة	Q9143	programming language	40	https://ar.wikipedia.org/wiki/%D9%81%D9%8A%D8%AC%D9%88%D8%A7%D9%84_%D8%A8%D9%8A%D8%B3%D9%83_%D9%84%D9%84%D8%AA%D8%B7%D8%A8%D9%8A%D9%82%D8%A7%D8%AA
http://www.wikidata.org/entity/Q668	ar	الهند	دولة في جنوب آسيا	Q6256	country	399	https://ar.wikipedia.org/wiki/%D8%A7%D9%84%D9%87%D9%86%D8%AF
http://www.wikidata.org/entity/Q6681	ar	كروتوني	بلدية إيطالية	Q515	city	93	https://ar.wikipedia.org/wiki/%D9%83%D8%B1%D9%88%D8%AA%D9%88%D9%86%D9%8A
http://www.wikidata.org/entity/Q6686	ar	رينو	مجموعة فرنسية لصناعة السيارات	Q43229	organization	110	https://ar.wikipedia.org/wiki/%D8%B1%D9%8A%D9%86%D9%88_(%D8%B4%D8%B1%D9%83%D8%A9)
http://www.wikidata.org/entity/Q669431	ar	اللغة الدكنية	لغة هندية آرية	Q34770	language	24	https://ar.wikipedia.org/wiki/%D8%A7%D9%84%D9%84%D8%BA%D8%A9_%D8%A7%D9%84%D8%AF%D9%83%D9%86%D9%8A%D8%A9
http://www.wikidata.org/entity/Q6705910	ar	ليتوس	لغة	Q34770	language	6	
http://www.wikidata.org/entity/Q670897	ar	جامعة ولاية أريزونا	جامعة في الولايات المتحدة	Q3918	university	44	https://ar.wikipedia.org/wiki/%D8%AC%D8%A7%D9%85%D8%B9%D8%A9_%D8%A3%D8%B1%D9%8A%D8%B2%D9%88%D9%86%D8%A7_%D8%A7%D9%84%D8%AD%D9%83%D9%88%D9%85%D9%8A%D8%A9
http://www.wikidata.org/entity/Q672	ar	توفالو	دولة جزرية في المحيط الهادئ	Q6256	country	250	https://ar.wikipedia.org/wiki/%D8%AA%D9%88%D9%81%D8%A7%D9%84%D9%88
http://www.wikidata.org/entity/Q672420	ar	جامعة كونيغسبرغ	جامعة المانية في مدينة كونيغسبرغ في بروسيا الشّرقيّة (١٥٤٤-١٩٤٥ م(	Q3918	university	40	https://ar.wikipedia.org/wiki/%D8%AC%D8%A7%D9%85%D8%B9%D8%A9_%D9%83%D9%88%D9%86%D9%8A%D8%BA%D8%B3%D8%A8%D8%B1%D8%BA
http://www.wikidata.org/entity/Q6736761	ar	لغة الكينياه السائدة		Q34770	language	11	https://ar.wikipedia.org/wiki/%D9%84%D8%BA%D8%A9_%D8%A7%D9%84%D9%83%D9%8A%D9%86%D9%8A%D8%A7%D9%87_%D8%A7%D9%84%D8%B3%D8%A7%D8%A6%D8%AF%D8%A9
http://www.wikidata.org/entity/Q6737	ar	اسطابة	كومونا	Q515	city	74	https://ar.wikipedia.org/wiki/%D8%A7%D8%B3%D8%B7%D8%A7%D8%A8%D8%A9
http://www.wikidata.org/entity/Q6737786	ar	لغة ماجهي		Q34770	language	12	https://ar.wikipedia.org/wiki/%D9%84%D8%BA%D8%A9_%D9%85%D8%A7%D8%AC%D9%87%D9%8A
http://www.wikidata.org/entity/Q676778	ar	شفشاون	مدينة مغربية تقع في الساحل الغربي في منطقة الاخماس	Q515	city	54	https://ar.wikipedia.org/wiki/%D8%B4%D9%81%D8%B4%D8%A7%D9%88%D9%86
http://www.wikidata.org/entity/Q677993	ar	جامعة جنوب إفريقيا	أكبر جامعة على القارة الأفريقية	Q3918	university	30	https://ar.wikipedia.org/wiki/%D8%AC%D8%A7%D9%85%D8%B9%D8%A9_%D8%AC%D9%86%D9%88%D8%A8_%D8%A5%D9%81%D8%B1%D9%8A%D9%82%D9%8A%D8%A7
http://www.wikidata.org/entity/Q678	ar	تونغا	دولة جزرية في جنوب المحيط الهادئ	Q6256	country	259	https://ar.wikipedia.org/wiki/%D8%AA%D9%88%D9%86%D8%BA%D8%A7
http://www.wikidata.org/entity/Q681360	ar	أوبن سي أل		Q9143	programming language	28	https://ar.wikipedia.org/wiki/%D8%A3%D9%88%D8%A8%D9%86_%D8%B3%D9%8A_%D8%A3%D9%84
http://www.wikidata.org/entity/Q68144	ar	زوغ	مدينة في سويسرا	Q515	city	83	https://ar.wikipedia.org/wiki/%D8%B2%D9%88%D8%BA_(%D8%B3%D9%88%D9%8A%D8%B3%D8%B1%D8%A7)
http://www.wikidata.org/entity/Q681893	ar	رينتيريا		Q515	city	50	https://ar.wikipedia.org/wiki/%D8%B1%D9%8A%D9%86%D8%AA%D9%8A%D8%B1%D9%8A%D8%A7
http://www.wikidata.org/entity/Q6821677	ar	مسكان (لغة)		Q34770	language	10	https://ar.wikipedia.org/wiki/%D9%85%D8%B3%D9%83%D8%A7%D9%86_(%D9%84%D8%BA%D8%A9)
http://www.wikidata.org/entity/Q683	ar	ساموا	دولة جزرية في المحيط الهادئ في قارة أوقيانيسيا	Q6256	country	260	https://ar.wikipedia.org/wiki/%D8%B3%D8%A7%D9%85%D9%88%D8%A7
http://www.wikidata.org/entity/Q683512	ar	سافونلينا	بلدية في سافو الجنوبية، فنلندا	Q515	city	63	https://ar.wikipedia.org/wiki/%D8%B3%D8%A7%D9%81%D9%88%D9%86%D9%84%D9%8A%D9%86%D8%A7
http://www.wikidata.org/entity/Q685	ar	جزر سليمان	دولة جزرية في جنوب غرب المحيط الهادئ	Q6256	country	245	https://ar.wikipedia.org/wiki/%D8%AC%D8%B2%D8%B1_%D8%B3%D9%84%D9%8A%D9%85%D8%A7%D9%86
http://www.wikidata.org/entity/Q6855	ar	لوراخ	مدينة في جنوب غرب ألمانيا	Q515	city	63	https://ar.wikipedia.org/wiki/%D9%84%D9%88%D8%B1%D8%A7%D8%AE
http://www.wikidata.org/entity/Q685820	ar	ري أكس أكس		Q9143	programming language	31	https://ar.wikipedia.org/wiki/%D8%B1%D9%8A_%D8%A3%D9%83%D8%B3_%D8%A3%D9%83%D8%B3
http://www.wikidata.org/entity/Q685941	ar	ماولاميين		Q515	city	56	https://ar.wikipedia.org/wiki/%D9%85%D8%A7%D9%88%D9%84%D8%A7%D9%85%D9%8A%D9%8A%D9%86
http://www.wikidata.org/entity/Q686	ar	فانواتو	دولة جزرية في جنوب المحيط الهادئ	Q6256	country	263	https://ar.wikipedia.org/wiki/%D9%81%D8%A7%D9%86%D9%88%D8%A7%D8%AA%D9%88
http://www.wikidata.org/entity/Q689617	ar	جامعة سويسرا الإيطالية	جامعة في كانتون تيسينو، سويسرا	Q3918	university	22	https://ar.wikipedia.org/wiki/%D8%AC%D8%A7%D9%85%D8%B9%D8%A9_%D8%B3%D9%88%D9%8A%D8%B3%D8%B1%D8%A7_%D8%A7%D9%84%D8%A5%D9%8A%D8%B7%D8%A7%D9%84%D9%8A%D8%A9
http://www.wikidata.org/entity/Q690052	ar	تريبينيي		Q515	city	58	https://ar.wikipedia.org/wiki/%D8%AA%D8%B1%D9%8A%D8%A8%D9%8A%D9%86%D9%8A%D9%8A
http://www.wikidata.org/entity/Q6903267	ar	روسيندال	مستوطنة في هولندا	Q515	city	57	https://ar.wikipedia.org/wiki/%D8%B1%D9%88%D8%B3%D9%8A%D9%86%D8%AF%D8%A7%D9%84
http://www.wikidata.org/entity/Q69060	ar	شينينغ	مدينة فى الصين	Q515	city	88	https://ar.wikipedia.org/wiki/%D8%B4%D9%8A%D9%86%D9%8A%D9%86%D8%BA
http://www.wikidata.org/entity/Q690639	ar	جامعة كلاغنفورت	جامعة في كلاغنفورت، النمسا	Q3918	university	24	https://ar.wikipedia.org/wiki/%D8%AC%D8%A7%D9%85%D8%B9%D8%A9_%D9%83%D9%84%D8%A7%D8%BA%D9%86%D9%81%D9%88%D8%B1%D8%AA
http://www.wikidata.org/entity/Q691	ar	بابوا غينيا الجديدة	دولة في جنوب شرق آسيا	Q6256	country	285	https://ar.wikipedia.org/wiki/%D8%A8%D8%A7%D8%A8%D9%88%D8%A7_%D8%BA%D9%8A%D9%86%D9%8A%D8%A7_%D8%A7%D9%84%D8%AC%D8%AF%D9%8A%D8%AF%D8%A9
http://www.wikidata.org/entity/Q691686	ar	المعهد العالي للدراسات الدولية والتنمية	جامعة في جنيف، سويسرا	Q3918	university	46	https://ar.wikipedia.org/wiki/%D8%A7%D9%84%D9%85%D8%B9%D9%87%D8%AF_%D8%A7%D9%84%D8%B9%D8%A7%D9%84%D9%8A_%D9%84%D9%84%D8%AF%D8%B1%D8%A7%D8%B3%D8%A7%D8%AA_%D8%A7%D9%84%D8%AF%D9%88%D9%84%D9%8A%D8%A9_%D9%88%D8%A7%D9%84%D8%AA%D9%86%D9%85%D9%8A%D8%A9
http://www.wikidata.org/entity/Q6940122	ar	لغة موساساوية		Q34770	language	4	https://ar.wikipedia.org/wiki/%D8%A7%D9%84%D9%84%D8%BA%D8%A9_%D8%A7%D9%84%D9%85%D9%88%D8%B3%D8%A7%D8%B3%D8%A7%D9%88%D9%8A%D8%A9
http://www.wikidata.org/entity/Q695	ar	بالاو	دولة جزرية في المحيط الهادئ	Q6256	country	257	https://ar.wikipedia.org/wiki/%D8%A8%D8%A7%D9%84%D8%A7%D9%88
http://www.wikidata.org/entity/Q695623	ar	باريناس		Q515	city	52	https://ar.wikipedia.org/wiki/%D8%A8%D8%A7%D8%B1%D9%8A%D9%86%D8%A7%D8%B3
http://www.wikidata.org/entity/Q695631	ar	لوس تيكيس	مستوطنة في فنزويلا	Q515	city	52	https://ar.wikipedia.org/wiki/%D9%84%D9%88%D8%B3_%D8%AA%D9%8A%D9%83%D9%8A%D8%B3
http://www.wikidata.org/entity/Q695740	ar	الملكية	لغة إستونية جنوبية	Q34770	language	18	
http://www.wikidata.org/entity/Q696605	ar	لاركانا		Q515	city	52	https://ar.wikipedia.org/wiki/%D9%84%D8%A7%D8%B1%D9%83%D8%A7%D9%86%D8%A9
http://www.wikidata.org/entity/Q697	ar	ناورو	دولة جزرية في المحيط الهادئ	Q6256	country	263	https://ar.wikipedia.org/wiki/%D9%86%D8%A7%D9%88%D8%B1%D9%88
http://www.wikidata.org/entity/Q6983146	ar	لغة ناييني		Q34770	language	13	https://ar.wikipedia.org/wiki/%D9%84%D8%BA%D8%A9_%D9%86%D8%A7%D9%8A%D9%8A%D9%86%D9%8A
http://www.wikidata.org/entity/Q6990895	ar	لهجة نمادي		Q34770	language	4	https://ar.wikipedia.org/wiki/%D9%84%D9%87%D8%AC%D8%A9_%D9%86%D9%85%D8%A7%D8%AF%D9%8A
http://www.wikidata.org/entity/Q70	ar	برن	عاصمة سويسرا	Q515	city	206	https://ar.wikipedia.org/wiki/%D8%A8%D8%B1%D9%86
http://www.wikidata.org/entity/Q7019	ar	آلباشتاد	مستوطنة بشرية في ألمانيا	Q515	city	56	https://ar.wikipedia.org/wiki/%D8%A2%D9%84%D8%A8%D8%A7%D8%B4%D8%AA%D8%A7%D8%AF
http://www.wikidata.org/entity/Q702	ar	ولايات ميكرونيسيا المتحدة	دولة جزرية في غرب المحيط الهادئ	Q6256	country	222	https://ar.wikipedia.org/wiki/%D9%88%D9%84%D8%A7%D9%8A%D8%A7%D8%AA_%D9%85%D9%8A%D9%83%D8%B1%D9%88%D9%86%D9%8A%D8%B3%D9%8A%D8%A7_%D8%A7%D9%84%D9%85%D8%AA%D8%AD%D8%AF%D8%A9
http://www.wikidata.org/entity/Q7022396	ar	لغة نغيتي		Q34770	language	8	https://ar.wikipedia.org/wiki/%D9%84%D8%BA%D8%A9_%D9%86%D8%BA%D9%8A%D8%AA%D9%8A
http://www.wikidata.org/entity/Q7024	ar	لوغانو	أكبر مدينة بالجزء المتحدث بالإيطالية في سويسرا.	Q515	city	117	https://ar.wikipedia.org/wiki/%D9%84%D9%88%D8%BA%D8%A7%D9%86%D9%88
http://www.wikidata.org/entity/Q702524	ar	جامعة إرفورت	جامعة في ألمانيا	Q3918	university	29	https://ar.wikipedia.org/wiki/%D8%AC%D8%A7%D9%85%D8%B9%D8%A9_%D8%A5%D8%B1%D9%81%D9%88%D8%B1%D8%AA
http://www.wikidata.org/entity/Q7026	ar	الكتالونية	إحدى اللغات الرومانسية	Q34770	language	216	https://ar.wikipedia.org/wiki/%D8%A7%D9%84%D9%84%D8%BA%D8%A9_%D8%A7%D9%84%D9%83%D8%AA%D8%A7%D9%84%D9%88%D9%86%D9%8A%D8%A9
http://www.wikidata.org/entity/Q7030	ar	فيسمار	بلدة في ألمانيا	Q515	city	92	https://ar.wikipedia.org/wiki/%D9%81%D9%8A%D8%B3%D9%85%D8%A7%D8%B1
http://www.wikidata.org/entity/Q7033959	ar	صينية يوي	فرع رئيسي من الصينية في جنوب الصين	Q34770	language	66	https://ar.wikipedia.org/wiki/%D9%8A%D9%88%D9%8A_%D8%A7%D9%84%D8%B5%D9%8A%D9%86%D9%8A%D8%A9
http://www.wikidata.org/entity/Q7036	ar	برول		Q515	city	52	https://ar.wikipedia.org/wiki/%D8%A8%D8%B1%D9%88%D9%84_(%D8%B1%D8%A7%D9%8A%D9%86%D9%84%D9%86%D8%AF)
http://www.wikidata.org/entity/Q7039	ar	لار بادن وورتمبرغ		Q515	city	52	https://ar.wikipedia.org/wiki/%D9%84%D8%A7%D8%B1_(%D8%A8%D8%A7%D8%AF%D9%86-%D9%81%D9%88%D8%B1%D8%AA%D9%85%D8%A8%D8%B1%D8%BA)
http://www.wikidata.org/entity/Q704371	ar	ماكاي		Q515	city	50	https://ar.wikipedia.org/wiki/%D9%85%D8%A7%D9%83%D8%A7%D9%8A
http://www.wikidata.org/entity/Q706857	ar	بخموت	مدينة أكرانية	Q515	city	76	https://ar.wikipedia.org/wiki/%D8%A8%D8%AE%D9%85%D9%88%D8%AA
http://www.wikidata.org/entity/Q7083390	ar	التركية العتيقة	لغة تركية بائدة تحدث بها أهالي الأناضول من التُرك ما بين القرنين الحادي عشر والخامس عشر الميلاديين	Q34770	language	16	https://ar.wikipedia.org/wiki/%D8%A7%D9%84%D8%AA%D8%B1%D9%83%D9%8A%D8%A9_%D8%A7%D9%84%D8%A3%D9%86%D8%A7%D8%B6%D9%88%D9%84%D9%8A%D8%A9_%D8%A7%D9%84%D8%B9%D8%AA%D9%8A%D9%82%D8%A9
http://www.wikidata.org/entity/Q709	ar	جزر مارشال	دولة جزرية في غرب المحيط الهادئ	Q6256	country	236	https://ar.wikipedia.org/wiki/%D8%AC%D8%B2%D8%B1_%D9%85%D8%A7%D8%B1%D8%B4%D8%A7%D9%84
http://www.wikidata.org/entity/Q710	ar	كيريباتي		Q6256	country	247	https://ar.wikipedia.org/wiki/%D9%83%D9%8A%D8%B1%D9%8A%D8%A8%D8%A7%D8%AA%D9%8A
http://www.wikidata.org/entity/Q711	ar	منغوليا	دولة في آسيا الوسطى و شرق آسيا	Q6256	country	318	https://ar.wikipedia.org/wiki/%D9%85%D9%86%D8%BA%D9%88%D9%84%D9%8A%D8%A7
http://www.wikidata.org/entity/Q712	ar	فيجي	دولة جزرية في جنوب المحيط الهادئ	Q6256	country	277	https://ar.wikipedia.org/wiki/%D9%81%D9%8A%D8%AC%D9%8A
http://www.wikidata.org/entity/Q7121294	ar	باو	لغة باو	Q34770	language	18	
http://www.wikidata.org/entity/Q7123283	ar	لغة بادونغ		Q34770	language	10	https://ar.wikipedia.org/wiki/%D9%84%D8%BA%D8%A9_%D8%A8%D8%A7%D8%AF%D9%88%D9%86%D8%BA
http://www.wikidata.org/entity/Q714891	ar	الجامعة الوطنية المركزية	جامعة في تاويون، تايوان	Q3918	university	27	https://ar.wikipedia.org/wiki/%D8%A7%D9%84%D8%AC%D8%A7%D9%85%D8%B9%D8%A9_%D8%A7%D9%84%D9%88%D8%B7%D9%86%D9%8A%D8%A9_%D8%A7%D9%84%D9%85%D8%B1%D9%83%D8%B2%D9%8A%D8%A9
http://www.wikidata.org/entity/Q717	ar	فنزويلا	دولة في أمريكا الجنوبية تطل على منطقة البحر الكاريبي	Q6256	country	341	https://ar.wikipedia.org/wiki/%D9%81%D9%86%D8%B2%D9%88%D9%8A%D9%84%D8%A7
http://www.wikidata.org/entity/Q7208693	ar	اللغة البوكومية	لغة شعب البوكومو شرق كينيا	Q34770	language	11	https://ar.wikipedia.org/wiki/%D8%A7%D9%84%D9%84%D8%BA%D8%A9_%D8%A7%D9%84%D8%A8%D9%88%D9%83%D9%88%D9%85%D9%8A%D8%A9
http://www.wikidata.org/entity/Q721064	ar	جامعة نانيانغ التكنولوجية	جامعة في سنغافورة	Q3918	university	59	https://ar.wikipedia.org/wiki/%D8%AC%D8%A7%D9%85%D8%B9%D8%A9_%D9%86%D8%A7%D9%86%D9%8A%D8%A7%D9%86%D8%BA_%D8%A7%D9%84%D8%AA%D9%83%D9%86%D9%88%D9%84%D9%88%D8%AC%D9%8A%D8%A9
http://www.wikidata.org/entity/Q72248	ar	فيتري سور سين	مدينة في فرنسا	Q515	city	64	https://ar.wikipedia.org/wiki/%D9%81%D9%8A%D8%AA%D8%B1%D9%8A_%D8%B3%D9%88%D8%B1_%D8%B3%D9%8A%D9%86
http://www.wikidata.org/entity/Q72259	ar	بورتسموث		Q515	city	109	https://ar.wikipedia.org/wiki/%D8%A8%D9%88%D8%B1%D8%AA%D8%B3%D9%85%D9%88%D8%AB
http://www.wikidata.org/entity/Q724222	ar	جامعة أذربيجان التقنية	جامعة في باكو، أذربيجان	Q3918	university	31	https://ar.wikipedia.org/wiki/%D8%AC%D8%A7%D9%85%D8%B9%D8%A9_%D8%A3%D8%B0%D8%B1%D8%A8%D9%8A%D8%AC%D8%A7%D9%86_%D8%A7%D9%84%D8%AA%D9%82%D9%86%D9%8A%D8%A9
http://www.wikidata.org/entity/Q725401	ar	فيزكالك		Q9143	programming language	32	https://ar.wikipedia.org/wiki/%D9%81%D9%8A%D8%B2%D9%83%D8%A7%D9%84%D9%83
http://www.wikidata.org/entity/Q726218	ar	لغة واجهة مستخدم إكس إم إل		Q9143	programming language	27	https://ar.wikipedia.org/wiki/%D8%B2%D9%88%D9%84_(%D9%84%D8%BA%D8%A9_%D8%AA%D8%B1%D9%85%D9%8A%D8%B2)
http://www.wikidata.org/entity/Q7263152	ar	بيلوس	مدينة في اليونان	Q515	city	62	https://ar.wikipedia.org/wiki/%D8%A8%D9%8A%D9%84%D9%88%D8%B3
http://www.wikidata.org/entity/Q727	ar	أمستردام	عاصمة مملكة هولندا	Q515	city	280	https://ar.wikipedia.org/wiki/%D8%A3%D9%85%D8%B3%D8%AA%D8%B1%D8%AF%D8%A7%D9%85
http://www.wikidata.org/entity/Q727516	ar	جامعة كوازولو-ناتال	جامعة في ديربان، جنوب أفريقيا	Q3918	university	26	https://ar.wikipedia.org/wiki/%D8%AC%D8%A7%D9%85%D8%B9%D8%A9_%D9%83%D9%88%D8%A7%D8%B2%D9%88%D9%84%D9%88-%D9%86%D8%A7%D8%AA%D8%A7%D9%84
http://www.wikidata.org/entity/Q727694	ar	الصينية القياسية	الشكل القياسي للغة الصينية، وهي اللغة الرسمية للصين	Q34770	language	64	https://ar.wikipedia.org/wiki/%D8%A7%D9%84%D9%84%D8%BA%D8%A9_%D8%A7%D9%84%D8%B5%D9%8A%D9%86%D9%8A%D8%A9_%D8%A7%D9%84%D9%82%D9%8A%D8%A7%D8%B3%D9%8A%D8%A9
http://www.wikidata.org/entity/Q72818	ar	هايفونغ	مدينة فيتنامية	Q515	city	90	https://ar.wikipedia.org/wiki/%D9%87%D8%A7_%D9%81%D9%88%D9%86%D8%BA_(%D9%85%D8%AF%D9%8A%D9%86%D8%A9)
http://www.wikidata.org/entity/Q730	ar	سورينام	دولة في أمريكا الجنوبية	Q6256	country	286	https://ar.wikipedia.org/wiki/%D8%B3%D9%88%D8%B1%D9%8A%D9%86%D8%A7%D9%85
http://www.wikidata.org/entity/Q732089	ar	إيفل	لغة برمجة عالية المستوى	Q9143	programming language	39	https://ar.wikipedia.org/wiki/%D8%A5%D9%8A%D9%81%D9%84_(%D9%84%D8%BA%D8%A9_%D8%A8%D8%B1%D9%85%D8%AC%D8%A9)
http://www.wikidata.org/entity/Q732726	ar	لغة تريانا		Q34770	language	14	https://ar.wikipedia.org/wiki/%D9%84%D8%BA%D8%A9_%D8%AA%D8%B1%D9%8A%D8%A7%D9%86%D8%A7
http://www.wikidata.org/entity/Q733	ar	باراغواي	دولة في أمريكا الجنوبية	Q6256	country	308	https://ar.wikipedia.org/wiki/%D8%A8%D8%A7%D8%B1%D8%A7%D8%BA%D9%88%D8%A7%D9%8A
http://www.wikidata.org/entity/Q734	ar	غيانا	دولة في أمريكا الجنوبية	Q6256	country	285	https://ar.wikipedia.org/wiki/%D8%BA%D9%8A%D8%A7%D9%86%D8%A7
http://www.wikidata.org/entity/Q735138	ar	كيدايني	جميل	Q515	city	65	https://ar.wikipedia.org/wiki/%D9%83%D9%8A%D8%AF%D8%A7%D9%8A%D9%86%D9%8A
http://www.wikidata.org/entity/Q736	ar	الإكوادور	دولة في أمريكا الجنوبية	Q6256	country	314	https://ar.wikipedia.org/wiki/%D8%A7%D9%84%D8%A5%D9%83%D9%88%D8%A7%D8%AF%D9%88%D8%B1
http://www.wikidata.org/entity/Q73639	ar	بوغراديك	مدينة وسط ألبانيا	Q515	city	60	https://ar.wikipedia.org/wiki/%D8%A8%D9%88%D8%BA%D8%B1%D8%A7%D8%AF%D9%8A%D8%B3
http://www.wikidata.org/entity/Q737784	ar	المعينية	لغة عربية جنوبية قديمة	Q34770	language	10	https://ar.wikipedia.org/wiki/%D8%A7%D9%84%D9%84%D8%BA%D8%A9_%D8%A7%D9%84%D9%85%D8%B9%D9%8A%D9%86%D9%8A%D8%A9
http://www.wikidata.org/entity/Q738258	ar	جامعة ميامي	جامعة في الولايات المتحدة	Q3918	university	37	https://ar.wikipedia.org/wiki/%D8%AC%D8%A7%D9%85%D8%B9%D8%A9_%D9%85%D9%8A%D8%A7%D9%85%D9%8A
http://www.wikidata.org/entity/Q739	ar	كولومبيا	دولة في أمريكا الجنوبية	Q6256	country	363	https://ar.wikipedia.org/wiki/%D9%83%D9%88%D9%84%D9%88%D9%85%D8%A8%D9%8A%D8%A7
http://www.wikidata.org/entity/Q740832	ar	جيزكازغان	مستوطنة في كازاخستان	Q515	city	58	https://ar.wikipedia.org/wiki/%D8%AC%D9%8A%D8%B2%D9%83%D8%A7%D8%B2%D8%BA%D8%A7%D9%86
http://www.wikidata.org/entity/Q743218	ar	يونافا		Q515	city	84	https://ar.wikipedia.org/wiki/%D9%8A%D9%88%D9%86%D8%A7%D9%81%D8%A7
http://www.wikidata.org/entity/Q7436	ar	غاتتشينا		Q515	city	78	https://ar.wikipedia.org/wiki/%D8%BA%D8%A7%D8%AA%D8%AA%D8%B4%D9%8A%D9%86%D8%A7
http://www.wikidata.org/entity/Q747840	ar	بريسال	مدينة في بنغلاديش	Q515	city	54	https://ar.wikipedia.org/wiki/%D8%A8%D8%B1%D9%8A%D8%B3%D8%A7%D9%84
http://www.wikidata.org/entity/Q748085	ar	جامعة بيروجا	جامعة في بيروجيا، إيطاليا	Q3918	university	30	https://ar.wikipedia.org/wiki/%D8%AC%D8%A7%D9%85%D8%B9%D8%A9_%D8%A8%D9%8A%D8%B1%D9%88%D8%AC%D8%A7
http://www.wikidata.org/entity/Q748106	ar	مدرسة غلاسكو للفنون	جامعة في غلاسكو، المملكة المتحدة	Q3918	university	28	https://ar.wikipedia.org/wiki/%D9%85%D8%AF%D8%B1%D8%B3%D8%A9_%D8%BA%D9%84%D8%A7%D8%B3%D9%83%D9%88_%D9%84%D9%84%D9%81%D9%86%D9%88%D9%86
http://www.wikidata.org/entity/Q748336	ar	باتامبانج	مدينة في كمبوديا	Q515	city	63	https://ar.wikipedia.org/wiki/%D8%A8%D8%A7%D8%AA%D8%A7%D9%85%D8%A8%D8%A7%D9%86%D8%AC
http://www.wikidata.org/entity/Q749	ar	خَرُنِنغِن		Q515	city	115	https://ar.wikipedia.org/wiki/%D8%AE%D8%B1%D9%86%D9%86%D8%BA%D9%86
http://www.wikidata.org/entity/Q749170	ar	بوشكار	مستوطنة بشرية	Q515	city	56	https://ar.wikipedia.org/wiki/%D8%A8%D9%88%D8%B4%D9%83%D8%A7%D8%B1
http://www.wikidata.org/entity/Q7495993	ar	لغة شياكسا		Q34770	language	4	https://ar.wikipedia.org/wiki/%D9%84%D8%BA%D8%A9_%D8%B4%D9%8A%D8%A7%D9%83%D8%B3%D8%A7
http://www.wikidata.org/entity/Q750	ar	بوليفيا	دولة في أمريكا الجنوبية	Q6256	country	311	https://ar.wikipedia.org/wiki/%D8%A8%D9%88%D9%84%D9%8A%D9%81%D9%8A%D8%A7
http://www.wikidata.org/entity/Q752348	ar	الرباط	حاضرة جزيرة غودش المالطية	Q515	city	53	https://ar.wikipedia.org/wiki/%D8%A7%D9%84%D8%B1%D8%A8%D8%A7%D8%B7_(%D9%85%D8%A7%D9%84%D8%B7%D8%A7)
http://www.wikidata.org/entity/Q753868	ar	فيجوال فوكس برو		Q9143	programming language	27	https://ar.wikipedia.org/wiki/%D9%81%D9%8A%D8%AC%D9%88%D8%A7%D9%84_%D9%81%D9%88%D9%83%D8%B3_%D8%A8%D8%B1%D9%88
http://www.wikidata.org/entity/Q754	ar	ترينيداد وتوباغو	دولة جزرية في منطقة البحر الكاريبي	Q6256	country	249	https://ar.wikipedia.org/wiki/%D8%AA%D8%B1%D9%8A%D9%86%D9%8A%D8%AF%D8%A7%D8%AF_%D9%88%D8%AA%D9%88%D8%A8%D8%A7%D8%BA%D9%88
http://www.wikidata.org/entity/Q755149	ar	بريستول	مدينة في مقاطعة هارتفورد، الولايات المتحدة	Q515	city	59	https://ar.wikipedia.org/wiki/%D8%A8%D8%B1%D9%8A%D8%B3%D8%AA%D9%88%D9%84_(%D9%83%D9%88%D9%86%D9%8A%D8%AA%D9%8A%D9%83%D8%AA)
http://www.wikidata.org/entity/Q755763	ar	جيجيجا	مدينة إثيوبية	Q515	city	50	https://ar.wikipedia.org/wiki/%D8%AC%D9%8A%D8%AC%D9%8A%D8%AC%D8%A7
http://www.wikidata.org/entity/Q755765	ar	أواسا	منطقة مأهولة في إثيوبيا	Q515	city	51	https://ar.wikipedia.org/wiki/%D8%A3%D9%88%D8%A7%D8%B3%D8%A7_(%D8%A5%D8%AB%D9%8A%D9%88%D8%A8%D9%8A%D8%A7)
http://www.wikidata.org/entity/Q756126	ar	جامعة الشرق الأوسط التقنية	جامعة في تركيا	Q3918	university	32	https://ar.wikipedia.org/wiki/%D8%AC%D8%A7%D9%85%D8%B9%D8%A9_%D8%A7%D9%84%D8%B4%D8%B1%D9%82_%D8%A7%D9%84%D8%A3%D9%88%D8%B3%D8%B7_%D8%A7%D9%84%D8%AA%D9%82%D9%86%D9%8A%D8%A9
http://www.wikidata.org/entity/Q756651	ar	اللغة الباخترية	لغة إيرانية شرقية بائدة في آسيا الوسطى	Q34770	language	46	https://ar.wikipedia.org/wiki/%D8%A7%D9%84%D9%84%D8%BA%D8%A9_%D8%A7%D9%84%D8%A8%D8%A7%D8%AE%D8%AA%D8%B1%D9%8A%D8%A9
http://www.wikidata.org/entity/Q757	ar	سانت فينسنت والغرينادين	دولة جزرية في في منطقة البحر الكاريبي	Q6256	country	237	https://ar.wikipedia.org/wiki/%D8%B3%D8%A7%D9%86%D8%AA_%D9%81%D9%86%D8%B3%D9%86%D8%AA_%D9%88%D8%AC%D8%B2%D8%B1_%D8%BA%D8%B1%D9%8A%D9%86%D8%A7%D8%AF%D9%8A%D9%86
http://www.wikidata.org/entity/Q75809	ar	لوثرية	مذهب بروتستانتي متحور حول تعاليم مارتن لوثر	Q43229	organization	105	https://ar.wikipedia.org/wiki/%D9%84%D9%88%D8%AB%D8%B1%D9%8A%D8%A9
http://www.wikidata.org/entity/Q758659	ar	جامعة أوكلاند للتكنولوجيا	جامعة في أوكلاند، نيوزيلندا	Q3918	university	22	https://ar.wikipedia.org/wiki/%D8%AC%D8%A7%D9%85%D8%B9%D8%A9_%D8%A3%D9%88%D9%83%D9%84%D8%A7%D9%86%D8%AF_%D9%84%D9%84%D8%AA%D9%83%D9%86%D9%88%D9%84%D9%88%D8%AC%D9%8A%D8%A7
http://www.wikidata.org/entity/Q759770	ar	موروم	لغة	Q34770	language	8	
http://www.wikidata.org/entity/Q760	ar	سانت لوسيا	دولة جزرية في منطقة البحر الكاريبي	Q6256	country	234	https://ar.wikipedia.org/wiki/%D8%B3%D8%A7%D9%86%D8%AA_%D9%84%D9%88%D8%B3%D9%8A%D8%A7
http://www.wikidata.org/entity/Q760144	ar	انانتابور	مستوطنة في الهند	Q515	city	53	https://ar.wikipedia.org/wiki/%D8%A7%D9%86%D8%A7%D9%86%D8%AA%D8%A7%D8%A8%D9%88%D8%B1
http://www.wikidata.org/entity/Q760714	ar	بهاجالبور	منطقة مأهولة في الهند	Q515	city	62	https://ar.wikipedia.org/wiki/%D8%A8%D9%87%D8%A7%D8%AC%D8%A7%D9%84%D8%A8%D9%88%D8%B1
http://www.wikidata.org/entity/Q760732	ar	نابا	لغة في تشاد	Q34770	language	11	https://ar.wikipedia.org/wiki/%D9%84%D8%BA%D8%A9_%D9%86%D8%A7%D8%A8%D8%A7
http://www.wikidata.org/entity/Q761	ar	بياويستوك	مدينة في بولندا	Q515	city	109	https://ar.wikipedia.org/wiki/%D8%A8%D9%8A%D8%A7%D9%88%D9%8A%D8%B3%D8%AA%D9%88%D9%83
http://www.wikidata.org/entity/Q761534	ar	جامعة جورجيا	جامعة في أثينا، الولايات المتحدة	Q3918	university	38	https://ar.wikipedia.org/wiki/%D8%AC%D8%A7%D9%85%D8%B9%D8%A9_%D8%AC%D9%88%D8%B1%D8%AC%D9%8A%D8%A7
http://www.wikidata.org/entity/Q763	ar	سانت كيتس ونيفيس	دولة في منطقة البحر الكاريبي	Q6256	country	237	https://ar.wikipedia.org/wiki/%D8%B3%D8%A7%D9%86%D8%AA_%D9%83%D9%8A%D8%AA%D8%B3_%D9%88%D9%86%D9%8A%D9%81%D9%8A%D8%B3
http://www.wikidata.org/entity/Q763015	ar	نواوي	مدينة في وسط أوزبكستان	Q515	city	50	https://ar.wikipedia.org/wiki/%D9%86%D9%88%D8%A7%D9%88%D9%8A
http://www.wikidata.org/entity/Q7633412	ar	لغة الإشارة السودانية		Q34770	language	6	https://ar.wikipedia.org/wiki/%D9%84%D8%BA%D8%A9_%D8%A7%D9%84%D8%A5%D8%B4%D8%A7%D8%B1%D8%A9_%D8%A7%D9%84%D8%B3%D9%88%D8%AF%D8%A7%D9%86%D9%8A%D8%A9
http://www.wikidata.org/entity/Q765887	ar	أوزكند	مدينة في منطقة أوش، قيرغيزستان	Q515	city	50	https://ar.wikipedia.org/wiki/%D8%A3%D9%88%D8%B2%D9%83%D9%86%D8%AF
http://www.wikidata.org/entity/Q766	ar	جامايكا	دولة في منطقة البحر الكاريبي	Q6256	country	280	https://ar.wikipedia.org/wiki/%D8%AC%D8%A7%D9%85%D8%A7%D9%8A%D9%83%D8%A7
http://www.wikidata.org/entity/Q767018	ar	سمول بيسك		Q9143	programming language	20	
http://www.wikidata.org/entity/Q769	ar	غرنادة	دولة في منطقة الكاريبي	Q6256	country	249	https://ar.wikipedia.org/wiki/%D8%BA%D8%B1%D9%8A%D9%86%D8%A7%D8%AF%D8%A7
http://www.wikidata.org/entity/Q7692059	ar	لغة تيبي		Q34770	language	9	https://ar.wikipedia.org/wiki/%D9%84%D8%BA%D8%A9_%D8%AA%D9%8A%D8%A8%D9%8A
http://www.wikidata.org/entity/Q77	ar	الأوروغواي	دولة في أمريكا الجنوبية	Q6256	country	320	https://ar.wikipedia.org/wiki/%D8%A3%D9%88%D8%B1%D9%88%D8%BA%D9%88%D8%A7%D9%8A
http://www.wikidata.org/entity/Q7706841	ar	لغة تتسرت		Q34770	language	14	https://ar.wikipedia.org/wiki/%D9%84%D8%BA%D8%A9_%D8%AA%D8%AA%D8%B3%D8%B1%D8%AA
http://www.wikidata.org/entity/Q7737	ar	الروسية	لغة سلافية شرقية	Q34770	language	317	https://ar.wikipedia.org/wiki/%D8%A7%D9%84%D9%84%D8%BA%D8%A9_%D8%A7%D9%84%D8%B1%D9%88%D8%B3%D9%8A%D8%A9
http://www.wikidata.org/entity/Q774	ar	غواتيمالا	دولة في أمريكا الوسطى	Q6256	country	280	https://ar.wikipedia.org/wiki/%D8%BA%D9%88%D8%A7%D8%AA%D9%8A%D9%85%D8%A7%D9%84%D8%A7
http://www.wikidata.org/entity/Q77433	ar	ليغانيس		Q515	city	74	https://ar.wikipedia.org/wiki/%D9%84%D9%8A%D8%BA%D8%A7%D9%86%D9%8A%D8%B3
http://www.wikidata.org/entity/Q774520	ar	جامعة كينشاسا	جامعة في كينشاسا، جمهورية الكونغو الديمقراطية	Q3918	university	26	https://ar.wikipedia.org/wiki/%D8%AC%D8%A7%D9%85%D8%B9%D8%A9_%D9%83%D9%8A%D9%86%D8%B4%D8%A7%D8%B3%D8%A7
http://www.wikidata.org/entity/Q775159	ar	نظام برمجة كلو		Q9143	programming language	21	https://ar.wikipedia.org/wiki/%D9%86%D8%B8%D8%A7%D9%85_%D8%A8%D8%B1%D9%85%D8%AC%D8%A9_%D9%83%D9%84%D9%88
http://www.wikidata.org/entity/Q776223	ar	جامعة مونبلييه	جامعة في مونبلييه، فرنسا	Q3918	university	40	https://ar.wikipedia.org/wiki/%D8%AC%D8%A7%D9%85%D8%B9%D8%A9_%D9%85%D9%88%D9%86%D8%A8%D9%84%D9%8A%D9%8A%D9%87
http://www.wikidata.org/entity/Q776965	ar	كلايبيدا		Q515	city	127	https://ar.wikipedia.org/wiki/%D9%83%D9%84%D8%A7%D9%8A%D8%A8%D9%8A%D8%AF%D8%A7
http://www.wikidata.org/entity/Q778	ar	جزر البهاما	دولة جزرية في المحيط الأطلسي	Q6256	country	278	https://ar.wikipedia.org/wiki/%D8%AC%D8%B2%D8%B1_%D8%A7%D9%84%D8%A8%D9%87%D8%A7%D9%85%D8%A7
http://www.wikidata.org/entity/Q779819	ar	جي إل إس إل		Q9143	programming language	20	https://ar.wikipedia.org/wiki/%D8%AC%D9%8A_%D8%A5%D9%84_%D8%A5%D8%B3_%D8%A5%D9%84
http://www.wikidata.org/entity/Q781	ar	أنتيغوا وباربودا	دولة جزرية في المحيط الأطلسي	Q6256	country	267	https://ar.wikipedia.org/wiki/%D8%A3%D9%86%D8%AA%D9%8A%D8%BA%D9%88%D8%A7_%D9%88%D8%A8%D8%A7%D8%B1%D8%A8%D9%88%D8%AF%D8%A7
http://www.wikidata.org/entity/Q782278	ar	نافباكتوس	مستوطنة بشرية	Q515	city	50	https://ar.wikipedia.org/wiki/%D9%86%D8%A7%D9%81%D8%A8%D8%A7%D9%83%D8%AA%D9%88%D8%B3
http://www.wikidata.org/entity/Q782397	ar	أوتوليسب		Q9143	programming language	18	https://ar.wikipedia.org/wiki/%D8%A3%D9%88%D8%AA%D9%88%D9%84%D9%8A%D8%B3%D8%A8
http://www.wikidata.org/entity/Q782600	ar	جامعة لينشوبينغ	جامعة في لينشوبينغ، السويد	Q3918	university	37	https://ar.wikipedia.org/wiki/%D8%AC%D8%A7%D9%85%D8%B9%D8%A9_%D9%84%D9%8A%D9%86%D8%B4%D9%88%D8%A8%D9%8A%D9%86%D8%BA
http://www.wikidata.org/entity/Q783	ar	هندوراس	دولة في أمريكا الوسطى	Q6256	country	294	https://ar.wikipedia.org/wiki/%D9%87%D9%86%D8%AF%D9%88%D8%B1%D8%A7%D8%B3
http://www.wikidata.org/entity/Q784	ar	دومينيكا	دولة جزرية في البحر الكاريبي	Q6256	country	264	https://ar.wikipedia.org/wiki/%D8%AF%D9%88%D9%85%D9%8A%D9%86%D9%8A%D9%83%D8%A7
http://www.wikidata.org/entity/Q7842493	ar	كريولية ترينيدية		Q34770	language	6	https://ar.wikipedia.org/wiki/%D9%83%D8%B1%D9%8A%D9%88%D9%84%D9%8A%D8%A9_%D8%AA%D8%B1%D9%8A%D9%86%D9%8A%D8%AF%D9%8A%D8%A9
http://www.wikidata.org/entity/Q7853191	ar	لغة الإشارة التونسية		Q34770	language	8	https://ar.wikipedia.org/wiki/%D9%84%D8%BA%D8%A9_%D8%A7%D9%84%D8%A5%D8%B4%D8%A7%D8%B1%D8%A9_%D8%A7%D9%84%D8%AA%D9%88%D9%86%D8%B3%D9%8A%D8%A9
http://www.wikidata.org/entity/Q7857160	ar	لغة توات		Q34770	language	9	https://ar.wikipedia.org/wiki/%D9%84%D8%BA%D8%A9_%D8%AA%D9%88%D8%A7%D8%AA
http://www.wikidata.org/entity/Q786	ar	جمهورية الدومينيكان	دولة جزرية في المحيط الأطلسي	Q6256	country	279	https://ar.wikipedia.org/wiki/%D8%AC%D9%85%D9%87%D9%88%D8%B1%D9%8A%D8%A9_%D8%A7%D9%84%D8%AF%D9%88%D9%85%D9%8A%D9%86%D9%8A%D9%83%D8%A7%D9%86
http://www.wikidata.org/entity/Q787388	ar	جامعة رييكا	جامعة في رييكا، كرواتيا	Q3918	university	21	https://ar.wikipedia.org/wiki/%D8%AC%D8%A7%D9%85%D8%B9%D8%A9_%D8%B1%D9%8A%D9%8A%D9%83%D8%A7
http://www.wikidata.org/entity/Q79	ar	مصر	دولة تقع في شمال شرق إفريقيا وجنوب غرب آسيا	Q6256	country	387	https://ar.wikipedia.org/wiki/%D9%85%D8%B5%D8%B1
http://www.wikidata.org/entity/Q790	ar	هايتي	دولة تقع ضمن جزيرة هسبانيولا في منطقة البحر الكاريبي	Q6256	country	289	https://ar.wikipedia.org/wiki/%D9%87%D8%A7%D9%8A%D8%AA%D9%8A
http://www.wikidata.org/entity/Q7903	ar	الدار البيضاء	أكبر مدينة في المغرب	Q515	city	153	https://ar.wikipedia.org/wiki/%D8%A7%D9%84%D8%AF%D8%A7%D8%B1_%D8%A7%D9%84%D8%A8%D9%8A%D8%B6%D8%A7%D8%A1
http://www.wikidata.org/entity/Q7918	ar	البلغارية	لغة سلافية جنوبية و اللغة الرسمية في جمهورية بلغاريا و إحدى اللغات الرسمية في الاتحاد الأوروبي	Q34770	language	194	https://ar.wikipedia.org/wiki/%D8%A7%D9%84%D9%84%D8%BA%D8%A9_%D8%A7%D9%84%D8%A8%D9%84%D8%BA%D8%A7%D8%B1%D9%8A%D8%A9
http://www.wikidata.org/entity/Q792	ar	السلفادور	دولة في أمريكا الوسطى	Q6256	country	286	https://ar.wikipedia.org/wiki/%D8%A7%D9%84%D8%B3%D9%84%D9%81%D8%A7%D8%AF%D9%88%D8%B1
http://www.wikidata.org/entity/Q793809	ar	هواراس	مدينة في أنكاش، بيرو	Q515	city	52	https://ar.wikipedia.org/wiki/%D9%87%D9%88%D8%A7%D8%B1%D8%A7%D8%B3
http://www.wikidata.org/entity/Q794	ar	إيران	دولة في الشرق الأوسط	Q6256	country	373	https://ar.wikipedia.org/wiki/%D8%A5%D9%8A%D8%B1%D8%A7%D9%86
http://www.wikidata.org/entity/Q79598	ar	سيكولن		Q9143	programming language	10	
http://www.wikidata.org/entity/Q796	ar	العراق	دولة عربية في غرب آسيا	Q6256	country	347	https://ar.wikipedia.org/wiki/%D8%A7%D9%84%D8%B9%D8%B1%D8%A7%D9%82
http://www.wikidata.org/entity/Q797302	ar	بي	لغة برمجة	Q9143	programming language	36	https://ar.wikipedia.org/wiki/%D8%A8%D9%8A_(%D9%84%D8%BA%D8%A9_%D8%A8%D8%B1%D9%85%D8%AC%D8%A9)
http://www.wikidata.org/entity/Q798	ar	أسن	بلدية في درينته، هولندا	Q515	city	100	https://ar.wikipedia.org/wiki/%D8%A3%D8%B3%D9%86
http://www.wikidata.org/entity/Q79808	ar	قسطنطة		Q515	city	109	https://ar.wikipedia.org/wiki/%D9%83%D9%88%D9%86%D8%B3%D8%AA%D8%A7%D9%86%D8%AA%D8%B3%D8%A7
http://www.wikidata.org/entity/Q79848	ar	ساوثهامبتون	مدينة وميناء رئيسي في هامبشاير، جنوب شرق إنجلترا، المملكة المتحدة	Q515	city	118	https://ar.wikipedia.org/wiki/%D8%B3%D8%A7%D9%88%D8%AB%D9%87%D8%A7%D9%85%D8%A8%D8%AA%D9%88%D9%86
http://www.wikidata.org/entity/Q79857	ar	قونية	المدينة السابعة الأكثر اكتظاظا بالسكان في تركيا	Q515	city	115	https://ar.wikipedia.org/wiki/%D9%82%D9%88%D9%86%D9%8A%D8%A9
http://www.wikidata.org/entity/Q79863	ar	تسخينفالي	عاصمة جمهورية جنوب أوسيتيا المستقلة وغير المعترف بها دولياً	Q515	city	111	https://ar.wikipedia.org/wiki/%D8%AA%D8%B3%D8%AE%D9%8A%D9%86%D9%81%D8%A7%D9%84%D9%8A
http://www.wikidata.org/entity/Q79980	ar	فاراناسي	مدينة في الهند	Q515	city	133	https://ar.wikipedia.org/wiki/%D9%81%D8%A7%D8%B1%D8%A7%D9%86%D8%A7%D8%B3%D9%8A
http://www.wikidata.org/entity/Q79990	ar	كرايستشرش	مدينة نيوزيلندا	Q515	city	127	https://ar.wikipedia.org/wiki/%D9%83%D8%B1%D8%A7%D9%8A%D8%B3%D8%AA%D8%B4%D8%B1%D8%B4
http://www.wikidata.org/entity/Q800	ar	كوستاريكا	دولة في أمريكا الوسطى	Q6256	country	298	https://ar.wikipedia.org/wiki/%D9%83%D9%88%D8%B3%D8%AA%D8%A7%D8%B1%D9%8A%D9%83%D8%A7
http://www.wikidata.org/entity/Q801	ar	إسرائيل	دولة في غرب آسيا	Q6256	country	377	https://ar.wikipedia.org/wiki/%D8%A5%D8%B3%D8%B1%D8%A7%D8%A6%D9%8A%D9%84
http://www.wikidata.org/entity/Q8011202	ar	تربوفلجه	بلدة في سلوفينيا	Q515	city	55	https://ar.wikipedia.org/wiki/%D8%AA%D8%B1%D8%A8%D9%88%D9%81%D9%84%D8%AC%D9%87
http://www.wikidata.org/entity/Q802	ar	نوفي ساكز	مستوطنة في محافظة بولندا الصغرى	Q515	city	70	https://ar.wikipedia.org/wiki/%D9%86%D9%88%D9%81%D9%8A_%D8%B3%D9%88%D9%86%D8%AA%D8%B3
http://www.wikidata.org/entity/Q804	ar	بنما	دولة في أمريكا الوسطى	Q6256	country	299	https://ar.wikipedia.org/wiki/%D8%A8%D9%86%D9%85%D8%A7
http://www.wikidata.org/entity/Q80484	ar	بتنة	مدينة في الهند	Q515	city	114	https://ar.wikipedia.org/wiki/%D8%A8%D8%AA%D9%86%D8%A9
http://www.wikidata.org/entity/Q805	ar	اليمن	دولة عربية تقع في شبه الجزيرة العربية	Q6256	country	312	https://ar.wikipedia.org/wiki/%D8%A7%D9%84%D9%8A%D9%85%D9%86
http://www.wikidata.org/entity/Q805122	ar	جامعة بول الحكومية	جامعة في إنديانا، الولايات المتحدة	Q3918	university	20	https://ar.wikipedia.org/wiki/%D8%AC%D8%A7%D9%85%D8%B9%D8%A9_%D8%A8%D9%88%D9%84_%D8%A7%D9%84%D8%AD%D9%83%D9%88%D9%85%D9%8A%D8%A9
http://www.wikidata.org/entity/Q8053020	ar	لغة بيكسي		Q34770	language	10	https://ar.wikipedia.org/wiki/%D9%84%D8%BA%D8%A9_%D8%A8%D9%8A%D9%83%D8%B3%D9%8A
http://www.wikidata.org/entity/Q805515	ar	بلقاش	مدينة تقع في كازاخستان	Q515	city	52	https://ar.wikipedia.org/wiki/%D8%A8%D9%84%D9%82%D8%A7%D8%B4_(%D9%85%D8%AF%D9%8A%D9%86%D8%A9)
http://www.wikidata.org/entity/Q8072097	ar	لغة الإشارة الزيمبابوية		Q34770	language	10	
http://www.wikidata.org/entity/Q8078975	ar	لغة آومي		Q34770	language	7	https://ar.wikipedia.org/wiki/%D9%84%D8%BA%D8%A9_%D8%A2%D9%88%D9%85%D9%8A
http://www.wikidata.org/entity/Q80985	ar	فاس	مدينة في المغرب	Q515	city	124	https://ar.wikipedia.org/wiki/%D9%81%D8%A7%D8%B3
http://www.wikidata.org/entity/Q80989	ar	بوبال	مدينة في وسط الهند	Q515	city	118	https://ar.wikipedia.org/wiki/%D8%A8%D9%88%D8%A8%D8%A7%D9%84
http://www.wikidata.org/entity/Q810	ar	الأردن	دولة عربية تقع في غرب آسيا	Q6256	country	312	https://ar.wikipedia.org/wiki/%D8%A7%D9%84%D8%A3%D8%B1%D8%AF%D9%86
http://www.wikidata.org/entity/Q810009	ar	لغة البرمجة الأساسية المختلطة	لغة برمجة إجرائية	Q9143	programming language	33	https://ar.wikipedia.org/wiki/%D9%84%D8%BA%D8%A9_%D8%A7%D9%84%D8%A8%D8%B1%D9%85%D8%AC%D8%A9_%D8%A7%D9%84%D8%A3%D8%B3%D8%A7%D8%B3%D9%8A%D8%A9_%D8%A7%D9%84%D9%85%D8%AE%D8%AA%D9%84%D8%B7%D8%A9
http://www.wikidata.org/entity/Q81033	ar	مونتيري	عاصمة ولاية نويفو ليون في شمال شرق المكسيك وأكبر مدينة فيها	Q515	city	120	https://ar.wikipedia.org/wiki/%D9%85%D9%88%D9%86%D8%AA%D9%8A%D8%B1%D9%8A
http://www.wikidata.org/entity/Q81046	ar	شارلوروا	بلدية في دائرة شارلوروا، بلجيكا	Q515	city	96	https://ar.wikipedia.org/wiki/%D8%B4%D8%B1%D9%84%D8%B1%D9%88%D8%A9
http://www.wikidata.org/entity/Q811	ar	نيكاراغوا	دولة في أمريكا الوسطى	Q6256	country	278	https://ar.wikipedia.org/wiki/%D9%86%D9%8A%D9%83%D8%A7%D8%B1%D8%A7%D8%BA%D9%88%D8%A7
http://www.wikidata.org/entity/Q81137	ar	أولوموتس		Q515	city	101	https://ar.wikipedia.org/wiki/%D8%A3%D9%88%D9%84%D9%88%D9%85%D9%88%D8%AA%D8%B3
http://www.wikidata.org/entity/Q81294	ar	ماثماتيكا	برنامج حاسوبي	Q9143	programming language	46	https://ar.wikipedia.org/wiki/%D9%88%D9%84%D9%81%D8%B1%D8%A7%D9%85_%D9%85%D8%A7%D8%AB%D9%85%D8%A7%D8%AA%D9%8A%D9%83%D8%A7
http://www.wikidata.org/entity/Q813	ar	قرغيزستان	دولة في آسيا الوسطى	Q6256	country	316	https://ar.wikipedia.org/wiki/%D9%82%D8%B1%D8%BA%D9%8A%D8%B2%D8%B3%D8%AA%D8%A7%D9%86
http://www.wikidata.org/entity/Q81348	ar	سي --		Q9143	programming language	22	
http://www.wikidata.org/entity/Q81398	ar	أكابولكو	مدينة في المكسيك	Q515	city	110	https://ar.wikipedia.org/wiki/%D8%A3%D9%83%D8%A7%D8%A8%D9%88%D9%84%D9%83%D9%88
http://www.wikidata.org/entity/Q8141	ar	العبرية الحديثة	لغة عبرية حديثة	Q34770	language	33	https://ar.wikipedia.org/wiki/%D8%A7%D9%84%D8%B9%D8%A8%D8%B1%D9%8A%D8%A9_%D8%A7%D9%84%D8%AD%D8%AF%D9%8A%D8%AB%D8%A9
http://www.wikidata.org/entity/Q814269	ar	بيفنج		Q9143	programming language	20	https://ar.wikipedia.org/wiki/%D8%A8%D9%8A%D9%81%D9%86%D8%AC_(%D9%84%D8%BA%D8%A9_%D8%A8%D8%B1%D9%85%D8%AC%D8%A9)
http://www.wikidata.org/entity/Q815352	ar	جامعة كاليفورنيا الولائية	نظام جامعي تابع لولاية كاليفورنيا	Q3918	university	34	https://ar.wikipedia.org/wiki/%D8%AC%D8%A7%D9%85%D8%B9%D8%A9_%D9%83%D8%A7%D9%84%D9%8A%D9%81%D9%88%D8%B1%D9%86%D9%8A%D8%A7_%D8%A7%D9%84%D9%88%D9%84%D8%A7%D8%A6%D9%8A%D8%A9
http://www.wikidata.org/entity/Q815721	ar	نيسا		Q515	city	53	https://ar.wikipedia.org/wiki/%D9%86%D9%8A%D8%B3%D8%A7
http://www.wikidata.org/entity/Q81581	ar	سيجد	ثالث أكبر مدينة في المجر وعاصمة مقاطعة تشونغراد وتقع بالقرب من الحدود الجنوبية للمجر، على ضفتي نهر تيسا	Q515	city	113	https://ar.wikipedia.org/wiki/%D8%B3%D9%8A%D8%AC%D8%AF
http://www.wikidata.org/entity/Q816145	ar	جامعة بيلاروسيا الحكومية للمعلوماتية والإلكترونيات الراديوية	جامعة في روسيا البيضاء	Q3918	university	23	
http://www.wikidata.org/entity/Q81621	ar	فور دو فرانس	بلدية في مارتينيك، فرنسا	Q515	city	105	https://ar.wikipedia.org/wiki/%D9%81%D9%88%D8%B1_%D8%AF%D9%88_%D9%81%D8%B1%D8%A7%D9%86%D8%B3
http://www.wikidata.org/entity/Q816699	ar	كولمبورخ	بلدية في خيلدرلند، هولندا	Q515	city	51	https://ar.wikipedia.org/wiki/%D9%83%D9%88%D9%84%D9%85%D8%A8%D9%88%D8%B1%D8%AE
http://www.wikidata.org/entity/Q817	ar	الكويت	دولة في غرب آسيا	Q6256	country	305	https://ar.wikipedia.org/wiki/%D8%A7%D9%84%D9%83%D9%88%D9%8A%D8%AA
http://www.wikidata.org/entity/Q817578	ar	كوانتان	بلدة في ماليزيا	Q515	city	57	https://ar.wikipedia.org/wiki/%D9%83%D9%88%D8%A7%D9%86%D8%AA%D8%A7%D9%86
http://www.wikidata.org/entity/Q81788	ar	الجيزة	مدينة في مصر	Q515	city	114	https://ar.wikipedia.org/wiki/%D8%A7%D9%84%D8%AC%D9%8A%D8%B2%D8%A9_(%D9%85%D8%B5%D8%B1)
http://www.wikidata.org/entity/Q819	ar	لاوس	دولة في جنوب شرق آسيا	Q6256	country	313	https://ar.wikipedia.org/wiki/%D9%84%D8%A7%D9%88%D8%B3
http://www.wikidata.org/entity/Q820235	ar	سان كريستوبال		Q515	city	53	https://ar.wikipedia.org/wiki/%D8%B3%D8%A7%D9%86_%D9%83%D8%B1%D9%8A%D8%B3%D8%AA%D9%88%D8%A8%D8%A7%D9%84
http://www.wikidata.org/entity/Q82059	ar	ناسداك	سوق أسهم أمريكي	Q43229	organization	92	https://ar.wikipedia.org/wiki/%D9%86%D8%A7%D8%B3%D8%AF%D8%A7%D9%83
http://www.wikidata.org/entity/Q82070	ar	صور	مدينة لبنانية	Q515	city	103	https://ar.wikipedia.org/wiki/%D8%B5%D9%88%D8%B1_(%D9%84%D8%A8%D9%86%D8%A7%D9%86)
http://www.wikidata.org/entity/Q820887	ar	جامعة فلورنسا	جامعة في إيطاليا	Q3918	university	43	https://ar.wikipedia.org/wiki/%D8%AC%D8%A7%D9%85%D8%B9%D8%A9_%D9%81%D9%84%D9%88%D8%B1%D9%86%D8%B3%D8%A7
http://www.wikidata.org/entity/Q82185	ar	لا روشيل	بلدية في فرنسا	Q515	city	105	https://ar.wikipedia.org/wiki/%D9%84%D8%A7_%D8%B1%D9%88%D8%B4%D9%8A%D9%84
http://www.wikidata.org/entity/Q822	ar	لبنان	دولة عربية تقع في غرب آسيا	Q6256	country	327	https://ar.wikipedia.org/wiki/%D9%84%D8%A8%D9%86%D8%A7%D9%86
http://www.wikidata.org/entity/Q822679	ar	غاروي	عاصمة ولاية أرض البنط	Q515	city	50	https://ar.wikipedia.org/wiki/%D8%AC%D8%B1%D9%88%D9%8A
http://www.wikidata.org/entity/Q824594	ar	الناظور	مدينة مغربية تقع في الساحل الشرقي في منطقة القلعاية (مازوزة)	Q515	city	50	https://ar.wikipedia.org/wiki/%D8%A7%D9%84%D9%86%D8%A7%D8%B8%D9%88%D8%B1_(%D8%A7%D9%84%D9%85%D8%BA%D8%B1%D8%A8)
http://www.wikidata.org/entity/Q82500	ar	سانت بولتن	مدينة نمساوية	Q515	city	100	https://ar.wikipedia.org/wiki/%D8%B3%D8%A7%D9%86%D8%AA_%D8%A8%D9%88%D9%84%D8%AA%D9%86
http://www.wikidata.org/entity/Q826	ar	المالديف	دولة جزرية في المحيط الهندي و جنوب آسيا	Q6256	country	287	https://ar.wikipedia.org/wiki/%D8%A7%D9%84%D9%85%D8%A7%D9%84%D8%AF%D9%8A%D9%81
http://www.wikidata.org/entity/Q826068	ar	كروسنو		Q515	city	55	
http://www.wikidata.org/entity/Q82765	ar	أولشتين	مدينة في بولندا	Q515	city	93	https://ar.wikipedia.org/wiki/%D8%A3%D9%88%D9%84%D8%B4%D8%AA%D9%8A%D9%86
http://www.wikidata.org/entity/Q828742	ar	سايلاب		Q9143	programming language	34	https://ar.wikipedia.org/wiki/%D8%B3%D8%A7%D9%8A%D9%84%D8%A7%D8%A8
http://www.wikidata.org/entity/Q82960	ar	روتفايل	بلدة في ألمانيا	Q515	city	64	https://ar.wikipedia.org/wiki/%D8%B1%D9%88%D8%AA%D9%81%D8%A7%D9%8A%D9%84
http://www.wikidata.org/entity/Q83061	ar	وان	مدينة كردية في تركيا	Q515	city	93	https://ar.wikipedia.org/wiki/%D9%88%D8%A7%D9%86_(%D9%85%D8%AF%D9%8A%D9%86%D8%A9)
http://www.wikidata.org/entity/Q83065	ar	ليستر	مدينة في إنجلترا	Q515	city	114	https://ar.wikipedia.org/wiki/%D9%84%D9%8A%D8%B3%D8%AA%D8%B1
http://www.wikidata.org/entity/Q830842	ar	بيتا		Q9143	programming language	15	https://ar.wikipedia.org/wiki/%D8%A8%D9%8A%D8%AA%D8%A7_(%D9%84%D8%BA%D8%A9_%D8%A8%D8%B1%D9%85%D8%AC%D8%A9)
http://www.wikidata.org/entity/Q83178	ar	آلميره	بلدية في فليفولاند، هولندا	Q515	city	101	https://ar.wikipedia.org/wiki/%D8%A3%D9%84%D9%85%D9%8A%D8%B1
http://www.wikidata.org/entity/Q83189	ar	غويانيا	بلدية في غوياس، البرازيل	Q515	city	96	https://ar.wikipedia.org/wiki/%D8%BA%D9%88%D9%8A%D8%A7%D9%86%D9%8A%D8%A7
http://www.wikidata.org/entity/Q83285	ar	دراس	مدينة في ألبانيا	Q515	city	176	https://ar.wikipedia.org/wiki/%D8%AF%D8%B1%D8%A7%D8%B3
http://www.wikidata.org/entity/Q833	ar	ماليزيا	دولة في جنوب شرق آسيا	Q6256	country	338	https://ar.wikipedia.org/wiki/%D9%85%D8%A7%D9%84%D9%8A%D8%B2%D9%8A%D8%A7
http://www.wikidata.org/entity/Q833016	ar	تاكواريمبو		Q515	city	50	
http://www.wikidata.org/entity/Q83303	ar	فورتران	لغة برمجة	Q9143	programming language	90	https://ar.wikipedia.org/wiki/%D9%81%D9%88%D8%B1%D8%AA%D8%B1%D8%A7%D9%86
http://www.wikidata.org/entity/Q83317	ar	الموصل	مدينة عراقية ومركز محافظة نينوى	Q515	city	118	https://ar.wikipedia.org/wiki/%D8%A7%D9%84%D9%85%D9%88%D8%B5%D9%84
http://www.wikidata.org/entity/Q83387	ar	ديار بكر	مدينة في تركيا	Q515	city	100	https://ar.wikipedia.org/wiki/%D8%AF%D9%8A%D8%A7%D8%B1_%D8%A8%D9%83%D8%B1
http://www.wikidata.org/entity/Q83495	ar	ماتريكس	فلم أُصدر سنة 1999، من إخراج الأخوين وتشاوسكي	Q11424	film	114	https://ar.wikipedia.org/wiki/%D8%B0%D8%A7_%D9%85%D8%A7%D8%AA%D8%B1%D9%8A%D9%83%D8%B3_(%D9%81%D9%84%D9%85)
http://www.wikidata.org/entity/Q83531	ar	بدليس	مدينة وقضاء في تركيا	Q515	city	74	https://ar.wikipedia.org/wiki/%D8%A8%D8%AF%D9%84%D9%8A%D8%B3
http://www.wikidata.org/entity/Q835960	ar	جامعة ساو باولو	جامعة حكومية في البرازيل	Q3918	university	43	https://ar.wikipedia.org/wiki/%D8%AC%D8%A7%D9%85%D8%B9%D8%A9_%D8%B3%D8%A7%D9%88_%D8%A8%D8%A7%D9%88%D9%84%D9%88
http://www.wikidata.org/entity/Q836	ar	ميانمار	دولة في جنوب شرق آسيا	Q6256	country	314	https://ar.wikipedia.org/wiki/%D9%85%D9%8A%D8%A7%D9%86%D9%85%D8%A7%D8%B1
http://www.wikidata.org/entity/Q836805	ar	جامعة شالمر للتكنولوجيا	جامعة في بلدية كوثنبورغ، السويد	Q3918	university	34	https://ar.wikipedia.org/wiki/%D8%AC%D8%A7%D9%85%D8%B9%D8%A9_%D8%B4%D8%A7%D9%84%D9%85%D8%B1_%D9%84%D9%84%D8%AA%D9%83%D9%86%D9%88%D9%84%D9%88%D8%AC%D9%8A%D8%A7
http://www.wikidata.org/entity/Q837	ar	نيبال	دولة في جنوب آسيا	Q6256	country	321	https://ar.wikipedia.org/wiki/%D9%86%D9%8A%D8%A8%D8%A7%D9%84
http://www.wikidata.org/entity/Q837164	ar	جامعة نيوكاسل	جامعة في نيوكاسل أبون تاين، المملكة المتحدة	Q3918	university	44	https://ar.wikipedia.org/wiki/%D8%AC%D8%A7%D9%85%D8%B9%D8%A9_%D9%86%D9%8A%D9%88%D9%83%D8%A7%D8%B3%D9%84
http://www.wikidata.org/entity/Q83786	ar	شيملا	عاصمة ولاية هيماتشال براديش في هند	Q515	city	91	https://ar.wikipedia.org/wiki/%D8%B4%D9%8A%D9%85%D9%84%D8%A7
http://www.wikidata.org/entity/Q838062	ar	أوكام		Q9143	programming language	20	https://ar.wikipedia.org/wiki/%D8%A3%D9%88%D9%83%D8%A7%D9%85
http://www.wikidata.org/entity/Q838954	ar	شبرغان	عاصمة ولاية أفغانية	Q515	city	57	https://ar.wikipedia.org/wiki/%D8%B4%D8%A8%D8%B1%D8%BA%D8%A7%D9%86
http://www.wikidata.org/entity/Q839669	ar	الجامعة الروسية لصداقة الشعوب	جامعة في موسكو، روسيا	Q3918	university	42	https://ar.wikipedia.org/wiki/%D8%A7%D9%84%D8%AC%D8%A7%D9%85%D8%B9%D8%A9_%D8%A7%D9%84%D8%B1%D9%88%D8%B3%D9%8A%D8%A9_%D9%84%D8%B5%D8%AF%D8%A7%D9%82%D8%A9_%D8%A7%D9%84%D8%B4%D8%B9%D9%88%D8%A8
http://www.wikidata.org/entity/Q84	ar	لندن	عاصمة المملكة المتحدة	Q515	city	353	https://ar.wikipedia.org/wiki/%D9%84%D9%86%D8%AF%D9%86
http://www.wikidata.org/entity/Q840543	ar	آر بي جي		Q9143	programming language	24	https://ar.wikipedia.org/wiki/%D8%A2%D8%B1_%D8%A8%D9%8A_%D8%AC%D9%8A_(%D9%84%D8%BA%D8%A9_%D8%A8%D8%B1%D9%85%D8%AC%D8%A9)
http://www.wikidata.org/entity/Q840712	ar	إيكا		Q515	city	51	https://ar.wikipedia.org/wiki/%D8%A5%D9%8A%D9%83%D8%A7
http://www.wikidata.org/entity/Q842	ar	سلطنة عمان	دولة في غرب آسيا	Q6256	country	295	https://ar.wikipedia.org/wiki/%D8%B3%D9%84%D8%B7%D9%86%D8%A9_%D8%B9%D9%85%D8%A7%D9%86
http://www.wikidata.org/entity/Q842214	ar	جريئة	ألبوم من أداء تايلور سويفت	Q482994	album	44	https://ar.wikipedia.org/wiki/%D8%AC%D8%B1%D9%8A%D8%A6%D8%A9_(%D8%A3%D9%84%D8%A8%D9%88%D9%85)
http://www.wikidata.org/entity/Q842779	ar	ماتورين		Q515	city	55	https://ar.wikipedia.org/wiki/%D9%85%D8%A7%D8%AA%D9%88%D8%B1%D9%8A%D9%86
http://www.wikidata.org/entity/Q842869	ar	برذعة	مدينة في أذربيجان	Q515	city	52	https://ar.wikipedia.org/wiki/%D8%A8%D8%B1%D8%AF%D8%B9%D8%A9_(%D8%A3%D8%B0%D8%B1%D8%A8%D9%8A%D8%AC%D8%A7%D9%86)
http://www.wikidata.org/entity/Q843	ar	باكستان	دولة في جنوب آسيا	Q6256	country	353	https://ar.wikipedia.org/wiki/%D8%A8%D8%A7%D9%83%D8%B3%D8%AA%D8%A7%D9%86
http://www.wikidata.org/entity/Q843138	ar	بهاكتابور	مدينة في المقاطعة الثالثة في نيبال	Q515	city	60	https://ar.wikipedia.org/wiki/%D8%A8%D9%87%D8%A7%D9%83%D8%AA%D8%A7%D8%A8%D9%88%D8%B1
http://www.wikidata.org/entity/Q844417	ar	مدينة زنجبار الحجرية	مدينة قديمة في زنجبار	Q515	city	54	https://ar.wikipedia.org/wiki/%D9%85%D8%AF%D9%8A%D9%86%D8%A9_%D8%B2%D9%86%D8%AC%D8%A8%D8%A7%D8%B1_%D8%A7%D9%84%D8%AD%D8%AC%D8%B1%D9%8A%D8%A9
http://www.wikidata.org/entity/Q844430	ar	بوكيت		Q515	city	60	https://ar.wikipedia.org/wiki/%D8%A8%D9%88%D9%83%D9%8A%D8%AA_(%D9%85%D8%AF%D9%8A%D9%86%D8%A9)
http://www.wikidata.org/entity/Q845662	ar	ماتشيليباتنام	مستوطنة في الهند	Q515	city	53	https://ar.wikipedia.org/wiki/%D9%85%D8%A7%D8%AA%D8%B4%D9%8A%D9%84%D9%8A%D8%A8%D8%A7%D8%AA%D9%86%D8%A7%D9%85
http://www.wikidata.org/entity/Q845720	ar	سانكتي سبريتوس	مستوطنة بشرية	Q515	city	56	https://ar.wikipedia.org/wiki/%D8%B3%D8%A7%D9%86%D9%83%D8%AA%D9%8A_%D8%B3%D8%A8%D8%B1%D9%8A%D8%AA%D9%88%D8%B3
http://www.wikidata.org/entity/Q845783	ar	تايلور سويفت	ألبوم من أداء تايلور سويفت	Q482994	album	43	https://ar.wikipedia.org/wiki/%D8%AA%D8%A7%D9%8A%D9%84%D9%88%D8%B1_%D8%B3%D9%88%D9%8A%D9%81%D8%AA_(%D8%A3%D9%84%D8%A8%D9%88%D9%85)
http://www.wikidata.org/entity/Q846	ar	قطر	دولة عربية في غرب آسيا	Q6256	country	286	https://ar.wikipedia.org/wiki/%D9%82%D8%B7%D8%B1
http://www.wikidata.org/entity/Q846502	ar	كوالا ترينغانو		Q515	city	53	https://ar.wikipedia.org/wiki/%D9%83%D9%88%D8%A7%D9%84%D8%A7_%D8%AA%D8%B1%D8%BA%D9%83%D8%A7%D9%86%D9%88
http://www.wikidata.org/entity/Q8475	ar	منظمة الشرطة الجنائية الدولية	منظمة دولية لإنفاذ القانون	Q43229	organization	101	https://ar.wikipedia.org/wiki/%D9%85%D9%86%D8%B8%D9%85%D8%A9_%D8%A7%D9%84%D8%B4%D8%B1%D8%B7%D8%A9_%D8%A7%D9%84%D8%AC%D9%86%D8%A7%D8%A6%D9%8A%D8%A9_%D8%A7%D9%84%D8%AF%D9%88%D9%84%D9%8A%D8%A9
http://www.wikidata.org/entity/Q848638	ar	تركستان	مدينة	Q515	city	68	https://ar.wikipedia.org/wiki/%D8%AA%D8%B1%D9%83%D8%B3%D8%AA%D8%A7%D9%86_(%D9%85%D8%AF%D9%8A%D9%86%D8%A9)
http://www.wikidata.org/entity/Q849146	ar	ليسب المشتركة	لهجة ليسب الموحدة ANSI	Q9143	programming language	36	https://ar.wikipedia.org/wiki/%D9%83%D9%88%D9%85%D9%88%D9%86_%D9%84%D9%8A%D8%B3%D8%A8
http://www.wikidata.org/entity/Q849524	ar	مستغانم	بلدية جزائرية	Q515	city	52	https://ar.wikipedia.org/wiki/%D9%85%D8%B3%D8%AA%D8%BA%D8%A7%D9%86%D9%85
http://www.wikidata.org/entity/Q849561	ar	الشلف	بلدية جزائرية	Q515	city	51	https://ar.wikipedia.org/wiki/%D8%A7%D9%84%D8%B4%D9%84%D9%81
http://www.wikidata.org/entity/Q849751	ar	جامعة يورك	جامعة في كندا	Q3918	university	106	https://ar.wikipedia.org/wiki/%D8%AC%D8%A7%D9%85%D8%B9%D8%A9_%D9%8A%D9%88%D8%B1%D9%83_(%D9%83%D9%86%D8%AF%D8%A7)
http://www.wikidata.org/entity/Q850247	ar	جامعة القسطنطينية	جامعة في القسطنطينية، الإمبراطورية البيزنطية	Q3918	university	34	https://ar.wikipedia.org/wiki/%D8%AC%D8%A7%D9%85%D8%B9%D8%A9_%D8%A7%D9%84%D9%82%D8%B3%D8%B7%D9%86%D8%B7%D9%8A%D9%86%D9%8A%D8%A9
http://www.wikidata.org/entity/Q851	ar	السعودية	دولة عربية تقع في شبه الجزيرة العربية غرب اسيا	Q6256	country	346	https://ar.wikipedia.org/wiki/%D8%A7%D9%84%D8%B3%D8%B9%D9%88%D8%AF%D9%8A%D8%A9
http://www.wikidata.org/entity/Q852276	ar	سيدي بلعباس	بلدية جزائرية	Q515	city	58	https://ar.wikipedia.org/wiki/%D8%B3%D9%8A%D8%AF%D9%8A_%D8%A8%D9%84%D8%B9%D8%A8%D8%A7%D8%B3
http://www.wikidata.org/entity/Q85300	ar	جامعة أوديسا	جامعة في أوديسا، أوكرانيا	Q3918	university	36	https://ar.wikipedia.org/wiki/%D8%AC%D8%A7%D9%85%D8%B9%D8%A9_%D8%A3%D9%88%D8%AF%D9%8A%D8%B3%D8%A7
http://www.wikidata.org/entity/Q853258	ar	بويرتو فالارتا		Q515	city	53	https://ar.wikipedia.org/wiki/%D8%A8%D9%88%D9%8A%D8%B1%D8%AA%D9%88_%D9%81%D8%A7%D9%84%D8%A7%D8%B1%D8%AA%D8%A7
http://www.wikidata.org/entity/Q853414	ar	يونانية كبادوكية	لغة	Q34770	language	24	
http://www.wikidata.org/entity/Q854	ar	سريلانكا	دولة في جنوب آسيا	Q6256	country	306	https://ar.wikipedia.org/wiki/%D8%B3%D8%B1%D9%8A%D9%84%D8%A7%D9%86%D9%83%D8%A7
http://www.wikidata.org/entity/Q854280	ar	المعهد الملكي للتكنولوجيا	جامعة في بلدية ستوكهولم، السويد	Q3918	university	36	https://ar.wikipedia.org/wiki/%D8%A7%D9%84%D9%85%D8%B9%D9%87%D8%AF_%D8%A7%D9%84%D9%85%D9%84%D9%83%D9%8A_%D9%84%D9%84%D8%AA%D9%83%D9%86%D9%88%D9%84%D9%88%D8%AC%D9%8A%D8%A7
http://www.wikidata.org/entity/Q854333	ar	توكموك		Q515	city	55	https://ar.wikipedia.org/wiki/%D8%AA%D9%88%D9%83%D9%85%D9%88%D9%83
http://www.wikidata.org/entity/Q85449	ar	الجامعة التقنية الوطنية البوليتكنيك في أوكرانيا	جامعة	Q3918	university	25	https://ar.wikipedia.org/wiki/%D8%A7%D9%84%D8%AC%D8%A7%D9%85%D8%B9%D8%A9_%D8%A7%D9%84%D8%AA%D9%82%D9%86%D9%8A%D8%A9_%D8%A7%D9%84%D9%88%D8%B7%D9%86%D9%8A%D8%A9_%D8%A7%D9%84%D8%A8%D9%88%D9%84%D9%8A%D8%AA%D9%83%D9%86%D9%8A%D9%83_%D9%81%D9%8A_%D8%A3%D9%88%D9%83%D8%B1%D8%A7%D9%86%D9%8A%D8%A7
http://www.wikidata.org/entity/Q855215	ar	لغة ايبيرية		Q34770	language	29	https://ar.wikipedia.org/wiki/%D8%A7%D9%84%D9%84%D8%BA%D8%A9_%D8%A7%D9%84%D8%A5%D9%8A%D8%A8%D9%8A%D8%B1%D9%8A%D8%A9
http://www.wikidata.org/entity/Q85760309	ar	لهجة خولانية سعودية	لهجة سعودية	Q34770	language	5	https://ar.wikipedia.org/wiki/%D8%A7%D9%84%D8%AE%D9%88%D9%84%D8%A7%D9%86%D9%8A%D8%A9
http://www.wikidata.org/entity/Q857858	ar	لغة الأونيدا	لغة إيروكوانية	Q34770	language	13	https://ar.wikipedia.org/wiki/%D9%84%D8%BA%D8%A9_%D8%A7%D9%84%D8%A3%D9%88%D9%86%D9%8A%D8%AF%D8%A7
http://www.wikidata.org/entity/Q858	ar	سوريا	دولة عربية تقع في الشرق الأوسط	Q6256	country	334	https://ar.wikipedia.org/wiki/%D8%B3%D9%88%D8%B1%D9%8A%D8%A7
http://www.wikidata.org/entity/Q858750	ar	ريد	رابع ألبوم استديو للمغنية وكاتبة الأغاني الأمريكية تايلور سويفت	Q482994	album	42	https://ar.wikipedia.org/wiki/%D8%B1%D9%8A%D8%AF_(%D8%A3%D9%84%D8%A8%D9%88%D9%85)
http://www.wikidata.org/entity/Q860654	ar	أم أل (لغة برمجة)		Q9143	programming language	31	https://ar.wikipedia.org/wiki/%D8%A3%D9%85_%D8%A3%D9%84_(%D9%84%D8%BA%D8%A9_%D8%A8%D8%B1%D9%85%D8%AC%D8%A9)
http://www.wikidata.org/entity/Q862041	ar	بارو		Q515	city	51	
http://www.wikidata.org/entity/Q8621	ar	تِرنة	بلدة في مقاطعة تِرنة، إيطاليا	Q515	city	105	https://ar.wikipedia.org/wiki/%D8%AA%D8%B1%D9%86%D8%A9
http://www.wikidata.org/entity/Q863	ar	طاجيكستان	دولة في آسيا الوسطى	Q6256	country	305	https://ar.wikipedia.org/wiki/%D8%B7%D8%A7%D8%AC%D9%8A%D9%83%D8%B3%D8%AA%D8%A7%D9%86
http://www.wikidata.org/entity/Q863813	ar	جامعة بينغامتون	جامعة في الولايات المتحدة الأمريكية	Q3918	university	27	https://ar.wikipedia.org/wiki/%D8%AC%D8%A7%D9%85%D8%B9%D8%A9_%D8%A8%D9%8A%D9%86%D8%BA%D8%A7%D9%85%D8%AA%D9%88%D9%86
http://www.wikidata.org/entity/Q8646	ar	هونغ كونغ	منطقة إدارية خاصة في الصين	Q515	city	299	https://ar.wikipedia.org/wiki/%D9%87%D9%88%D9%86%D8%BA_%D9%83%D9%88%D9%86%D8%BA
http://www.wikidata.org/entity/Q865	ar	تايوان	دولة في شرق أسيا	Q6256	country	313	https://ar.wikipedia.org/wiki/%D8%AA%D8%A7%D9%8A%D9%88%D8%A7%D9%86
http://www.wikidata.org/entity/Q8673	ar	لاغوس	العاصمة السابقة لنيجيريا وأكبر مدنها	Q515	city	189	https://ar.wikipedia.org/wiki/%D9%84%D8%A7%D8%BA%D9%88%D8%B3
http://www.wikidata.org/entity/Q867586	ar	السلط	مدينة في البلقاء	Q515	city	52	https://ar.wikipedia.org/wiki/%D8%A7%D9%84%D8%B3%D9%84%D8%B7
http://www.wikidata.org/entity/Q868203	ar	أوسوغبو		Q515	city	52	https://ar.wikipedia.org/wiki/%D8%A3%D9%88%D8%B3%D9%88%D8%BA%D8%A8%D9%88
http://www.wikidata.org/entity/Q8684	ar	سول	عاصمة وأكبر مدينة في كوريا الجنوبية	Q515	city	252	https://ar.wikipedia.org/wiki/%D8%B3%D9%88%D9%84
http://www.wikidata.org/entity/Q868631	ar	سكھر	مستوطنة بشرية	Q515	city	53	https://ar.wikipedia.org/wiki/%D8%B3%D9%83%D8%B1_(%D8%A8%D8%A7%D9%83%D8%B3%D8%AA%D8%A7%D9%86)
http://www.wikidata.org/entity/Q869	ar	تايلاند	دولة في جنوب شرق آسيا	Q6256	country	350	https://ar.wikipedia.org/wiki/%D8%AA%D8%A7%D9%8A%D9%84%D8%A7%D9%86%D8%AF
http://www.wikidata.org/entity/Q86919359	ar	كروماتيكا		Q482994	album	41	https://ar.wikipedia.org/wiki/%D9%83%D8%B1%D9%88%D9%85%D8%A7%D8%AA%D9%8A%D9%83%D8%A7
http://www.wikidata.org/entity/Q87	ar	الإسكندرية	العاصمة الثانية لمصر وكانت عاصمتها قديمًا	Q515	city	176	https://ar.wikipedia.org/wiki/%D8%A7%D9%84%D8%A5%D8%B3%D9%83%D9%86%D8%AF%D8%B1%D9%8A%D8%A9
http://www.wikidata.org/entity/Q871369	ar	جامعة موزارتيوم زالتسبورغ	جامعة تقع في سالزبورغ بالنمسا	Q3918	university	34	https://ar.wikipedia.org/wiki/%D8%AC%D8%A7%D9%85%D8%B9%D8%A9_%D9%85%D9%88%D8%B2%D8%A7%D8%B1%D8%AA%D9%8A%D9%88%D9%85_%D8%B3%D8%A7%D9%84%D8%B2%D8%A8%D9%88%D8%B1%D8%BA
http://www.wikidata.org/entity/Q874	ar	تركمانستان	دولة في آسيا الوسطى	Q6256	country	297	https://ar.wikipedia.org/wiki/%D8%AA%D8%B1%D9%83%D9%85%D8%A7%D9%86%D8%B3%D8%AA%D8%A7%D9%86
http://www.wikidata.org/entity/Q875	ar	أباكان	عاصمة جمهورية خقاسيا الروسية	Q515	city	102	https://ar.wikipedia.org/wiki/%D8%A3%D8%A8%D8%A7%D9%83%D8%A7%D9%86
http://www.wikidata.org/entity/Q876191	ar	بيكسكيل	مدينة في مقاطعة ويستتشستر، نيويورك، الولايات المتحدة	Q515	city	51	https://ar.wikipedia.org/wiki/%D8%A8%D9%8A%D9%83%D8%B3%D9%83%D9%8A%D9%84
http://www.wikidata.org/entity/Q877925	ar	جامعة الملكة في بلفاست	جامعة في بلفاست، أيرلندا الشمالية	Q3918	university	37	https://ar.wikipedia.org/wiki/%D8%AC%D8%A7%D9%85%D8%B9%D8%A9_%D8%A7%D9%84%D9%85%D9%84%D9%83%D8%A9_(%D8%A8%D9%84%D9%81%D8%A7%D8%B3%D8%AA)
http://www.wikidata.org/entity/Q878	ar	الإمارات العربية المتحدة	دولة تقع في الساحل الشرقي لشبه الجزيرة العربية	Q6256	country	315	https://ar.wikipedia.org/wiki/%D8%A7%D9%84%D8%A5%D9%85%D8%A7%D8%B1%D8%A7%D8%AA_%D8%A7%D9%84%D8%B9%D8%B1%D8%A8%D9%8A%D8%A9_%D8%A7%D9%84%D9%85%D8%AA%D8%AD%D8%AF%D8%A9
http://www.wikidata.org/entity/Q8786	ar	الألزاسية		Q34770	language	56	https://ar.wikipedia.org/wiki/%D8%A7%D9%84%D9%84%D9%87%D8%AC%D8%A9_%D8%A7%D9%84%D8%A3%D9%84%D8%B2%D8%A7%D8%B3%D9%8A%D8%A9
http://www.wikidata.org/entity/Q88	ar	الإسكندرية	مدينة في ولاية فرجينيا الأمريكية	Q515	city	80	https://ar.wikipedia.org/wiki/%D8%A7%D9%84%D8%A5%D8%B3%D9%83%D9%86%D8%AF%D8%B1%D9%8A%D8%A9_(%D9%81%D8%B1%D8%AC%D9%8A%D9%86%D9%8A%D8%A7)
http://www.wikidata.org/entity/Q881	ar	فيتنام	دولة في جنوب شرق آسيا	Q6256	country	366	https://ar.wikipedia.org/wiki/%D9%81%D9%8A%D8%AA%D9%86%D8%A7%D9%85
http://www.wikidata.org/entity/Q8821	ar	المونتنغرية	لغة سلافية جنوبية	Q34770	language	102	https://ar.wikipedia.org/wiki/%D8%A7%D9%84%D9%84%D8%BA%D8%A9_%D8%A7%D9%84%D9%85%D9%88%D9%86%D8%AA%D9%86%D8%BA%D8%B1%D9%8A%D8%A9
http://www.wikidata.org/entity/Q8826	ar	ميورقة	مدينة في إسبانيا	Q515	city	119	https://ar.wikipedia.org/wiki/%D9%85%D9%8A%D9%88%D8%B1%D9%82%D8%A9_(%D9%85%D8%AF%D9%8A%D9%86%D8%A9)
http://www.wikidata.org/entity/Q884	ar	كوريا الجنوبية	دولة في شرق آسيا	Q6256	country	351	https://ar.wikipedia.org/wiki/%D9%83%D9%88%D8%B1%D9%8A%D8%A7_%D8%A7%D9%84%D8%AC%D9%86%D9%88%D8%A8%D9%8A%D8%A9
http://www.wikidata.org/entity/Q889	ar	أفغانستان	دولة في آسيا الوسطى	Q6256	country	359	https://ar.wikipedia.org/wiki/%D8%A3%D9%81%D8%BA%D8%A7%D9%86%D8%B3%D8%AA%D8%A7%D9%86
http://www.wikidata.org/entity/Q892948	ar	بوو	لغة برمجة إستاتيكية	Q9143	programming language	25	https://ar.wikipedia.org/wiki/%D8%A8%D9%88%D9%88
http://www.wikidata.org/entity/Q8969	ar	كانكون		Q515	city	103	https://ar.wikipedia.org/wiki/%D9%83%D8%A7%D9%86%D9%83%D9%88%D9%86
http://www.wikidata.org/entity/Q902	ar	بنغلاديش	دولة في جنوب آسيا	Q6256	country	343	https://ar.wikipedia.org/wiki/%D8%A8%D9%86%D8%BA%D9%84%D8%A7%D8%AF%D9%8A%D8%B4
http://www.wikidata.org/entity/Q9027	ar	السويدية	لغة جرمانية شمالية	Q34770	language	251	https://ar.wikipedia.org/wiki/%D8%A7%D9%84%D9%84%D8%BA%D8%A9_%D8%A7%D9%84%D8%B3%D9%88%D9%8A%D8%AF%D9%8A%D8%A9
http://www.wikidata.org/entity/Q903092	ar	جامعة دبرتسن	جامعة في دبرتسن، المجر	Q3918	university	33	https://ar.wikipedia.org/wiki/%D8%AC%D8%A7%D9%85%D8%B9%D8%A9_%D8%AF%D8%A8%D8%B1%D8%AA%D8%B3%D9%86
http://www.wikidata.org/entity/Q9043	ar	النرويجية	لغة جرمانية شمالية و اللغة الرسمية في مملكة النرويج و إحدى اللغات الرسمية في المجلس الشمالي	Q34770	language	200	https://ar.wikipedia.org/wiki/%D8%A7%D9%84%D9%84%D8%BA%D8%A9_%D8%A7%D9%84%D9%86%D8%B1%D9%88%D9%8A%D8%AC%D9%8A%D8%A9
http://www.wikidata.org/entity/Q9051	ar	اللوكسمبورغية	اللغة المحكمة في لوكسمبورغ	Q34770	language	139	https://ar.wikipedia.org/wiki/%D8%A7%D9%84%D9%84%D8%BA%D8%A9_%D8%A7%D9%84%D9%84%D9%88%D9%83%D8%B3%D9%85%D8%A8%D9%88%D8%B1%D8%BA%D9%8A%D8%A9
http://www.wikidata.org/entity/Q9058	ar	السلوفاكية	لغة سلافية غربية	Q34770	language	182	https://ar.wikipedia.org/wiki/%D8%A7%D9%84%D9%84%D8%BA%D8%A9_%D8%A7%D9%84%D8%B3%D9%84%D9%88%D9%81%D8%A7%D9%83%D9%8A%D8%A9
http://www.wikidata.org/entity/Q906	ar	تشيليابنسك	مدينة في روسيا	Q515	city	128	https://ar.wikipedia.org/wiki/%D8%AA%D8%B4%D9%8A%D9%84%D9%8A%D8%A7%D8%A8%D9%86%D8%B3%D9%83
http://www.wikidata.org/entity/Q9067	ar	المجرية	لغة أكثر سكان المجر	Q34770	language	206	https://ar.wikipedia.org/wiki/%D8%A7%D9%84%D9%84%D8%BA%D8%A9_%D8%A7%D9%84%D9%85%D8%AC%D8%B1%D9%8A%D8%A9
http://www.wikidata.org/entity/Q9078	ar	اللاتفية	لغة بلطيقية و اللغة الرسمية في جمهورية لاتفيا و إحدى اللغات الرسمية في الاتحاد الأوروبي	Q34770	language	174	https://ar.wikipedia.org/wiki/%D8%A7%D9%84%D9%84%D8%BA%D8%A9_%D8%A7%D9%84%D9%84%D8%A7%D8%AA%D9%81%D9%8A%D8%A9
http://www.wikidata.org/entity/Q9083	ar	اللتوانية	لغة بلطيقية و اللغة الرسمية في جمهورية ليتوانيا و إحدى اللغات الرسمية في الاتحاد الأوروبي	Q34770	language	185	https://ar.wikipedia.org/wiki/%D8%A7%D9%84%D9%84%D8%BA%D8%A9_%D8%A7%D9%84%D9%84%D9%8A%D8%AA%D9%88%D8%A7%D9%86%D9%8A%D8%A9
http://www.wikidata.org/entity/Q9091	ar	البيلاروسية	لغة	Q34770	language	186	https://ar.wikipedia.org/wiki/%D8%A7%D9%84%D9%84%D8%BA%D8%A9_%D8%A7%D9%84%D8%A8%D9%8A%D9%84%D8%A7%D8%B1%D9%88%D8%B3%D9%8A%D8%A9
http://www.wikidata.org/entity/Q912	ar	مالي	دولة في غرب إفريقيا	Q6256	country	311	https://ar.wikipedia.org/wiki/%D9%85%D8%A7%D9%84%D9%8A
http://www.wikidata.org/entity/Q91540	ar	العودة إلى المستقبل	فيلم أُصدر سنة 1985، من إخراج روبرت زيميكس	Q11424	film	103	https://ar.wikipedia.org/wiki/%D8%A7%D9%84%D8%B9%D9%88%D8%AF%D8%A9_%D8%A5%D9%84%D9%89_%D8%A7%D9%84%D9%85%D8%B3%D8%AA%D9%82%D8%A8%D9%84
http://www.wikidata.org/entity/Q916	ar	أنغولا	دولة ساحلية في جنوب وسط أفريقيا	Q6256	country	322	https://ar.wikipedia.org/wiki/%D8%A3%D9%86%D8%BA%D9%88%D9%84%D8%A7
http://www.wikidata.org/entity/Q9168	ar	الفارسية	لغة هندوأوروبية يُتحدث بها رئيسيًّا في إيران وأفغانستان وطاجيكستان	Q34770	language	267	https://ar.wikipedia.org/wiki/%D8%A7%D9%84%D9%84%D8%BA%D8%A9_%D8%A7%D9%84%D9%81%D8%A7%D8%B1%D8%B3%D9%8A%D8%A9
http://www.wikidata.org/entity/Q917	ar	بوتان	دولة في جنوب آسيا	Q6256	country	301	https://ar.wikipedia.org/wiki/%D8%A8%D9%88%D8%AA%D8%A7%D9%86
http://www.wikidata.org/entity/Q9192	ar	الصينية المندرينية	فرعٌ من اللغة الصينية يتحدثها أغلب أهالي القسم الشمالي والشمالي الغربي من الصين	Q34770	language	135	https://ar.wikipedia.org/wiki/%D9%85%D9%86%D8%AF%D8%B1%D9%8A%D9%86_%D8%A7%D9%84%D8%B5%D9%8A%D9%86%D9%8A%D8%A9
http://www.wikidata.org/entity/Q9205	ar	الخميرية	لغة أسترو آسيوية	Q34770	language	123	https://ar.wikipedia.org/wiki/%D8%A7%D9%84%D9%84%D8%BA%D8%A9_%D8%A7%D9%84%D8%AE%D9%85%D9%8A%D8%B1%D9%8A%D8%A9
http://www.wikidata.org/entity/Q921	ar	بروناي	دولة في جنوب شرق آسيا مجاورة لماليزيا	Q6256	country	295	https://ar.wikipedia.org/wiki/%D8%A8%D8%B1%D9%88%D9%86%D8%A7%D9%8A
http://www.wikidata.org/entity/Q9211	ar	لاو	إحدى لغات جنوب شرق آسيا	Q34770	language	113	https://ar.wikipedia.org/wiki/%D9%84%D8%BA%D8%A9_%D9%84%D8%A7%D9%88
http://www.wikidata.org/entity/Q92161	ar	تشانغتشون	مدينة تقع شمال شرق الصين	Q515	city	106	https://ar.wikipedia.org/wiki/%D8%AA%D8%B4%D8%A7%D9%86%D8%BA%D8%AA%D8%B4%D9%88%D9%86
http://www.wikidata.org/entity/Q9217	ar	التايلندية	لغة	Q34770	language	171	https://ar.wikipedia.org/wiki/%D8%A7%D9%84%D9%84%D8%BA%D8%A9_%D8%A7%D9%84%D8%AA%D8%A7%D9%8A%D9%84%D9%86%D8%AF%D9%8A%D8%A9
http://www.wikidata.org/entity/Q92212	ar	أوبولي		Q515	city	97	https://ar.wikipedia.org/wiki/%D8%A3%D9%88%D8%A8%D9%88%D9%84%D9%8A
http://www.wikidata.org/entity/Q923610	ar	الجامعة البابوية الكاثوليكية في ولاية ميناس جيرايس	جامعة في بيلو هوريزونتي، البرازيل	Q3918	university	96	https://ar.wikipedia.org/wiki/%D8%A7%D9%84%D8%AC%D8%A7%D9%85%D8%B9%D8%A9_%D8%A7%D9%84%D8%A8%D8%A7%D8%A8%D9%88%D9%8A%D8%A9_%D8%A7%D9%84%D9%83%D8%A7%D8%AB%D9%88%D9%84%D9%8A%D9%83%D9%8A%D8%A9_%D9%81%D9%8A_%D9%88%D9%84%D8%A7%D9%8A%D8%A9_%D9%85%D9%8A%D9%86%D8%A7%D8%B3_%D8%AC%D9%8A%D8%B1%D8%A7%D9%8A%D8%B3
http://www.wikidata.org/entity/Q9237	ar	الملايوية	اللغة الأسترونيزية اللغة التي تشكل أساس لغة الملايو الماليزية والإندونيسية وتشمل لهجات أخرى؛ اللغة الكبيرة مع كود ms & msa	Q34770	language	163	https://ar.wikipedia.org/wiki/%D8%A7%D9%84%D9%84%D8%BA%D8%A9_%D8%A7%D9%84%D9%85%D9%84%D8%A7%D9%8A%D9%88%D9%8A%D8%A9
http://www.wikidata.org/entity/Q924	ar	تنزانيا	دولة في شرق أفريقيا	Q6256	country	317	https://ar.wikipedia.org/wiki/%D8%AA%D9%86%D8%B2%D8%A7%D9%86%D9%8A%D8%A7
http://www.wikidata.org/entity/Q9240	ar	الإندونيسية	لغة تنتمي إلى عائلة اللغة الأسترونيزية	Q34770	language	185	https://ar.wikipedia.org/wiki/%D8%A7%D9%84%D9%84%D8%BA%D8%A9_%D8%A7%D9%84%D8%A5%D9%86%D8%AF%D9%88%D9%86%D9%8A%D8%B3%D9%8A%D8%A9
http://www.wikidata.org/entity/Q924405	ar	لغة كارابانا		Q34770	language	8	https://ar.wikipedia.org/wiki/%D9%84%D8%BA%D8%A9_%D9%83%D8%A7%D8%B1%D8%A7%D8%A8%D8%A7%D9%86%D8%A7
http://www.wikidata.org/entity/Q92561	ar	لندن	مدينة في جنوب غرب أونتاريو, كندا	Q515	city	86	https://ar.wikipedia.org/wiki/%D9%84%D9%86%D8%AF%D9%86_(%D8%A3%D9%88%D9%86%D8%AA%D8%A7%D8%B1%D9%8A%D9%88)
http://www.wikidata.org/entity/Q92689	ar	سوبوت		Q515	city	79	https://ar.wikipedia.org/wiki/%D8%B3%D9%88%D8%A8%D9%88%D8%AA
http://www.wikidata.org/entity/Q9270	ar	تيمفو	عاصمة مملكة بوتان وأكبر مدنها	Q515	city	168	https://ar.wikipedia.org/wiki/%D8%AA%D9%8A%D9%85%D9%81%D9%88
http://www.wikidata.org/entity/Q9279	ar	بندر سري بكاوان		Q515	city	161	https://ar.wikipedia.org/wiki/%D8%A8%D9%86%D8%AF%D8%B1_%D8%B3%D8%B1%D9%8A_%D8%A8%D9%83%D8%A7%D9%88%D8%A7%D9%86
http://www.wikidata.org/entity/Q928	ar	الفلبين	دولة في جنوب شرق آسيا	Q6256	country	331	https://ar.wikipedia.org/wiki/%D8%A7%D9%84%D9%81%D9%84%D8%A8%D9%8A%D9%86
http://www.wikidata.org/entity/Q9288	ar	العبرية	لغة سامية	Q34770	language	259	https://ar.wikipedia.org/wiki/%D8%A7%D9%84%D9%84%D8%BA%D8%A9_%D8%A7%D9%84%D8%B9%D8%A8%D8%B1%D9%8A%D8%A9
http://www.wikidata.org/entity/Q929	ar	جمهورية إفريقيا الوسطى	دولة في وسط إفريقيا	Q6256	country	300	https://ar.wikipedia.org/wiki/%D8%AC%D9%85%D9%87%D9%88%D8%B1%D9%8A%D8%A9_%D8%A5%D9%81%D8%B1%D9%8A%D9%82%D9%8A%D8%A7_%D8%A7%D9%84%D9%88%D8%B3%D8%B7%D9%89
http://www.wikidata.org/entity/Q9296	ar	المقدونية	لغة سلافية جنوبية و اللغة الرسمية في جمهورية شمال مقدونيا	Q34770	language	155	https://ar.wikipedia.org/wiki/%D8%A7%D9%84%D9%84%D8%BA%D8%A9_%D8%A7%D9%84%D9%85%D9%82%D8%AF%D9%88%D9%86%D9%8A%D8%A9
http://www.wikidata.org/entity/Q9299	ar	الصربية	لغة سلافية جنوبية	Q34770	language	174	https://ar.wikipedia.org/wiki/%D8%A7%D9%84%D9%84%D8%BA%D8%A9_%D8%A7%D9%84%D8%B5%D8%B1%D8%A8%D9%8A%D8%A9
http://www.wikidata.org/entity/Q930528	ar	جامعة ترينتو	جامعة في ترينتو، إيطاليا	Q3918	university	22	https://ar.wikipedia.org/wiki/%D8%AC%D8%A7%D9%85%D8%B9%D8%A9_%D8%AA%D8%B1%D9%8A%D9%86%D8%AA%D9%88
http://www.wikidata.org/entity/Q9307	ar	الجليقية	لغة رومانسية في غرب آيبيرية	Q34770	language	142	https://ar.wikipedia.org/wiki/%D8%A7%D9%84%D9%84%D8%BA%D8%A9_%D8%A7%D9%84%D8%AC%D9%84%D9%8A%D9%82%D9%8A%D8%A9
http://www.wikidata.org/entity/Q93230	ar	راولبندي	مدينة في باكستان	Q515	city	99	https://ar.wikipedia.org/wiki/%D8%B1%D8%A7%D9%88%D9%84%D8%A8%D9%86%D8%AF%D9%8A
http://www.wikidata.org/entity/Q932886	ar	قاضي كوي	من أقضية ولاية إسطنبول	Q515	city	61	https://ar.wikipedia.org/wiki/%D9%82%D8%A7%D8%B6%D9%8A_%D9%83%D9%88%D9%8A
http://www.wikidata.org/entity/Q932901	ar	خاشوري	مستوطنة جورجية	Q515	city	53	https://ar.wikipedia.org/wiki/%D8%AE%D8%A7%D8%B4%D9%88%D8%B1%D9%8A
http://www.wikidata.org/entity/Q93323	ar	كرزنو	بلدة في بولندا	Q515	city	74	https://ar.wikipedia.org/wiki/%D9%83%D8%B1%D8%B2%D9%86%D9%88
http://www.wikidata.org/entity/Q93338	ar	عين تاب	مدينة في تركيا	Q515	city	119	https://ar.wikipedia.org/wiki/%D8%B9%D9%86%D8%AA%D8%A7%D8%A8
http://www.wikidata.org/entity/Q9347	ar	ماليه	عاصمة جزر المالديف	Q515	city	155	https://ar.wikipedia.org/wiki/%D9%85%D8%A7%D9%84%D9%8A%D9%87
http://www.wikidata.org/entity/Q93482	ar	سيلان	لغة برمجة	Q9143	programming language	18	
http://www.wikidata.org/entity/Q935886	ar	لوسيل	مدينة في قطر	Q515	city	53	https://ar.wikipedia.org/wiki/%D9%84%D9%88%D8%B3%D9%8A%D9%84
http://www.wikidata.org/entity/Q9365	ar	دوشنبة	عاصمة طاجيكستان وأكبر مدينة في الدولة	Q515	city	176	https://ar.wikipedia.org/wiki/%D8%AF%D9%88%D8%B4%D9%86%D8%A8%D8%A9
http://www.wikidata.org/entity/Q940919	ar	جامعة يوتا فالي	جامعة في الولايات المتحدة الأمريكية	Q3918	university	26	https://ar.wikipedia.org/wiki/%D8%AC%D8%A7%D9%85%D8%B9%D8%A9_%D9%8A%D9%88%D8%AA%D8%A7_%D9%81%D8%A7%D9%84%D9%8A
http://www.wikidata.org/entity/Q9427	ar	تمبكتو	مدينة مالية	Q515	city	128	https://ar.wikipedia.org/wiki/%D8%AA%D9%85%D8%A8%D9%83%D8%AA%D9%88
http://www.wikidata.org/entity/Q94473	ar	جامعة ترنوبل الطبية الحكومية	جامعة في ترنوبل، أوكرانيا	Q3918	university	22	https://ar.wikipedia.org/wiki/%D8%AC%D8%A7%D9%85%D8%B9%D8%A9_%D8%AA%D8%B1%D9%86%D9%88%D8%A8%D9%84_%D8%A7%D9%84%D8%B7%D8%A8%D9%8A%D8%A9_%D8%A7%D9%84%D8%AD%D9%83%D9%88%D9%85%D9%8A%D8%A9
http://www.wikidata.org/entity/Q945	ar	توغو	دولة في غرب أفريقيا	Q6256	country	300	https://ar.wikipedia.org/wiki/%D8%AA%D9%88%D8%BA%D9%88
http://www.wikidata.org/entity/Q948	ar	تونس	دولة عربية تقع في شمال إفريقيا	Q6256	country	325	https://ar.wikipedia.org/wiki/%D8%AA%D9%88%D9%86%D8%B3
http://www.wikidata.org/entity/Q949746	ar	كوكس بازار	مستوطنة في بنغلاديش	Q515	city	56	https://ar.wikipedia.org/wiki/%D9%83%D9%88%D9%83%D8%B3_%D8%A8%D8%A7%D8%B2%D8%A7%D8%B1
http://www.wikidata.org/entity/Q951305	ar	جامعة كيب تاون	منظمة في جنوب إفريقيا	Q3918	university	58	https://ar.wikipedia.org/wiki/%D8%AC%D8%A7%D9%85%D8%B9%D8%A9_%D9%83%D9%8A%D8%A8_%D8%AA%D8%A7%D9%88%D9%86
http://www.wikidata.org/entity/Q953	ar	زامبيا	دولة في جنوب شرق أفريقيا	Q6256	country	306	https://ar.wikipedia.org/wiki/%D8%B2%D8%A7%D9%85%D8%A8%D9%8A%D8%A7
http://www.wikidata.org/entity/Q953421	ar	جامعة بانتيون	جامعة في أثينا، اليونان	Q3918	university	22	https://ar.wikipedia.org/wiki/%D8%AC%D8%A7%D9%85%D8%B9%D8%A9_%D8%A8%D8%A7%D9%86%D8%AA%D9%8A%D9%88%D9%86
http://www.wikidata.org/entity/Q954	ar	زيمبابوي	دولة في جنوب شرق أفريقيا	Q6256	country	320	https://ar.wikipedia.org/wiki/%D8%B2%D9%8A%D9%85%D8%A8%D8%A7%D8%A8%D9%88%D9%8A
http://www.wikidata.org/entity/Q954035	ar	جامعة برادفورد	جامعة في المملكة المتحدة	Q3918	university	27	https://ar.wikipedia.org/wiki/%D8%AC%D8%A7%D9%85%D8%B9%D8%A9_%D8%A8%D8%B1%D8%A7%D8%AF%D9%81%D9%88%D8%B1%D8%AF
http://www.wikidata.org/entity/Q955609	ar	جامعة فيرارا	جامعة في فيرارا، إيطاليا	Q3918	university	31	https://ar.wikipedia.org/wiki/%D8%AC%D8%A7%D9%85%D8%B9%D8%A9_%D9%81%D9%8A%D8%B1%D8%A7%D8%B1%D8%A7
http://www.wikidata.org/entity/Q956	ar	بكين	عاصمة الصين	Q515	city	304	https://ar.wikipedia.org/wiki/%D8%A8%D9%83%D9%8A%D9%86
http://www.wikidata.org/entity/Q956117	ar	جميرينكا	مدينة في أوكرانيا	Q515	city	55	https://ar.wikipedia.org/wiki/%D8%AC%D9%85%D9%8A%D8%B1%D9%8A%D9%86%D9%83%D8%A7
http://www.wikidata.org/entity/Q958	ar	جنوب السودان	دولة في وسط و شرق أفريقيا	Q6256	country	281	https://ar.wikipedia.org/wiki/%D8%AC%D9%86%D9%88%D8%A8_%D8%A7%D9%84%D8%B3%D9%88%D8%AF%D8%A7%D9%86
http://www.wikidata.org/entity/Q959	ar	فلاديفوستوك	مدينة في أقصى شرق روسيا	Q515	city	162	https://ar.wikipedia.org/wiki/%D9%81%D9%84%D8%A7%D8%AF%D9%8A%D9%81%D9%88%D8%B3%D8%AA%D9%88%D9%83
http://www.wikidata.org/entity/Q96	ar	المكسيك	دولة في أمريكا الشمالية	Q6256	country	398	https://ar.wikipedia.org/wiki/%D8%A7%D9%84%D9%85%D9%83%D8%B3%D9%8A%D9%83
http://www.wikidata.org/entity/Q961543	ar	كيو ام ال		Q9143	programming language	16	https://ar.wikipedia.org/wiki/%D9%83%D9%8A%D9%88_%D8%A7%D9%85_%D8%A7%D9%84
http://www.wikidata.org/entity/Q961982	ar	الجامعة الجنوبية في تشيلي	جامعة في فالديفيا، تشيلي	Q3918	university	23	https://ar.wikipedia.org/wiki/%D8%A7%D9%84%D8%AC%D8%A7%D9%85%D8%B9%D8%A9_%D8%A7%D9%84%D8%AC%D9%86%D9%88%D8%A8%D9%8A%D8%A9_%D9%81%D9%8A_%D8%AA%D8%B4%D9%8A%D9%84%D9%8A
http://www.wikidata.org/entity/Q962	ar	بنين	دولة في أفريقيا الغربية	Q6256	country	307	https://ar.wikipedia.org/wiki/%D8%A8%D9%86%D9%8A%D9%86
http://www.wikidata.org/entity/Q963	ar	بوتسوانا	دولة في افريقيا الجنوبية	Q6256	country	313	https://ar.wikipedia.org/wiki/%D8%A8%D9%88%D8%AA%D8%B3%D9%88%D8%A7%D9%86%D8%A7
http://www.wikidata.org/entity/Q963636	ar	لغة تشوا	لغة	Q34770	language	8	
http://www.wikidata.org/entity/Q96376315	ar	الأردية الداكوية		Q34770	language	6	
http://www.wikidata.org/entity/Q965	ar	بوركينا فاسو	دولة في غرب أفريقيا	Q6256	country	307	https://ar.wikipedia.org/wiki/%D8%A8%D9%88%D8%B1%D9%83%D9%8A%D9%86%D8%A7_%D9%81%D8%A7%D8%B3%D9%88
http://www.wikidata.org/entity/Q967	ar	بوروندي	دولة في شرق وسط أفريقيا	Q6256	country	299	https://ar.wikipedia.org/wiki/%D8%A8%D9%88%D8%B1%D9%88%D9%86%D8%AF%D9%8A
http://www.wikidata.org/entity/Q970	ar	جزر القمر	دولة جزرية في المحيط الهندي و جنوب شرق أفريقيا	Q6256	country	280	https://ar.wikipedia.org/wiki/%D8%AC%D8%B2%D8%B1_%D8%A7%D9%84%D9%82%D9%85%D8%B1
http://www.wikidata.org/entity/Q971	ar	جمهورية الكونغو	دولة وسط أفريقيا، العاصمة برازافيل	Q6256	country	298	https://ar.wikipedia.org/wiki/%D8%AC%D9%85%D9%87%D9%88%D8%B1%D9%8A%D8%A9_%D8%A7%D9%84%D9%83%D9%88%D9%86%D8%BA%D9%88
http://www.wikidata.org/entity/Q973685	ar	لغة مارية	يتكلمزبها أكثر من 600،000 شخص في مناطق عديدة من الاتحاد الروسي	Q34770	language	82	https://ar.wikipedia.org/wiki/%D8%A7%D9%84%D9%84%D8%BA%D8%A9_%D8%A7%D9%84%D9%85%D8%A7%D8%B1%D9%8A%D8%A9
http://www.wikidata.org/entity/Q974	ar	جمهورية الكونغو الديمقراطية	دولة في وسط إفريقيا	Q6256	country	331	https://ar.wikipedia.org/wiki/%D8%AC%D9%85%D9%87%D9%88%D8%B1%D9%8A%D8%A9_%D8%A7%D9%84%D9%83%D9%88%D9%86%D8%BA%D9%88_%D8%A7%D9%84%D8%AF%D9%8A%D9%85%D9%82%D8%B1%D8%A7%D8%B7%D9%8A%D8%A9
http://www.wikidata.org/entity/Q975594	ar	كايثون	لغة برمجة تستخدم لغة البايثون ولغة سي	Q9143	programming language	19	https://ar.wikipedia.org/wiki/%D9%83%D8%A7%D9%8A%D8%AB%D9%88%D9%86
http://www.wikidata.org/entity/Q97620733	ar	فوكلور		Q482994	album	41	https://ar.wikipedia.org/wiki/%D9%81%D9%88%D9%83%D9%84%D9%88%D8%B1_(%D8%A3%D9%84%D8%A8%D9%88%D9%85_%D8%AA%D8%A7%D9%8A%D9%84%D9%88%D8%B1_%D8%B3%D9%88%D9%8A%D9%81%D8%AA)
http://www.wikidata.org/entity/Q977	ar	جيبوتي	دولة في شرق أفريقيا	Q6256	country	297	https://ar.wikipedia.org/wiki/%D8%AC%D9%8A%D8%A8%D9%88%D8%AA%D9%8A
http://www.wikidata.org/entity/Q977781	ar	جامعة مالمو	جامعة في مالمو، السويد	Q3918	university	30	https://ar.wikipedia.org/wiki/%D8%AC%D8%A7%D9%85%D8%B9%D8%A9_%D9%85%D8%A7%D9%84%D9%85%D9%88
http://www.wikidata.org/entity/Q978185	ar	تايب سكريبت	لغة برمجة	Q9143	programming language	43	https://ar.wikipedia.org/wiki/%D8%AA%D8%A7%D9%8A%D8%A8_%D8%B3%D9%83%D8%B1%D9%8A%D8%A8%D8%AA
http://www.wikidata.org/entity/Q9783	ar	رورموند	مستوطنة في هولندا	Q515	city	62	https://ar.wikipedia.org/wiki/%D8%B1%D9%88%D8%B1%D9%85%D9%88%D9%86%D8%AF
http://www.wikidata.org/entity/Q9824	ar	ارود	مستوطنة في الهند	Q515	city	52	https://ar.wikipedia.org/wiki/%D8%A7%D8%B1%D9%88%D8%AF
http://www.wikidata.org/entity/Q983	ar	غينيا الاستوائية	دولة في غرب أفريقيا	Q6256	country	282	https://ar.wikipedia.org/wiki/%D8%BA%D9%8A%D9%86%D9%8A%D8%A7_%D8%A7%D9%84%D8%A7%D8%B3%D8%AA%D9%88%D8%A7%D8%A6%D9%8A%D8%A9
http://www.wikidata.org/entity/Q983540	ar	بولمان	مدينة في مقاطعة وايتمان، الولايات المتحدة	Q515	city	51	https://ar.wikipedia.org/wiki/%D8%A8%D9%88%D9%84%D9%85%D8%A7%D9%86_(%D9%88%D8%A7%D8%B4%D9%86%D8%B7%D9%86)
http://www.wikidata.org/entity/Q9844	ar	هيلموند	بلدية في شمال برابنت، هولندا	Q515	city	72	https://ar.wikipedia.org/wiki/%D9%87%D9%8A%D9%84%D9%85%D9%88%D9%86%D8%AF
http://www.wikidata.org/entity/Q986	ar	إرتريا	دولة في شرق أفريقيا	Q6256	country	307	https://ar.wikipedia.org/wiki/%D8%A5%D8%B1%D8%AA%D8%B1%D9%8A%D8%A7
http://www.wikidata.org/entity/Q9863	ar	سالم	منطقة مأهولة في الهند	Q515	city	60	https://ar.wikipedia.org/wiki/%D8%B3%D8%A7%D9%84%D9%85_(%D8%A7%D9%84%D9%87%D9%86%D8%AF)
http://www.wikidata.org/entity/Q986984	ar	برودنيك	مدينة في بولندا	Q515	city	70	https://ar.wikipedia.org/wiki/%D8%A8%D8%B1%D9%88%D8%AF%D9%86%D9%8A%D9%83
http://www.wikidata.org/entity/Q9885	ar	كويمباتور	مدينة هندية وهي مركز ضاحية كويمباتور في ولاية تامل نادو	Q515	city	88	https://ar.wikipedia.org/wiki/%D9%83%D9%88%D9%8A%D9%85%D8%A8%D8%A7%D8%AA%D9%88%D8%B1
http://www.wikidata.org/entity/Q9918	ar	إنكهاوزن	بلدية في شمال-هولندا، هولندا	Q515	city	60	https://ar.wikipedia.org/wiki/%D8%A5%D9%86%D9%83%D9%87%D8%A7%D9%88%D8%B2%D9%86
http://www.wikidata.org/entity/Q9920	ar	هارلم	بلدية في مقاطعة هولندا، هولندا	Q515	city	109	https://ar.wikipedia.org/wiki/%D9%87%D8%A7%D8%B1%D9%84%D9%85_(%D8%B4%D9%85%D8%A7%D9%84-%D9%87%D9%88%D9%84%D9%86%D8%AF%D8%A7)
http://www.wikidata.org/entity/Q992830	ar	جامعة سانتا كلارا	جامعة في كاليفورنيا، الولايات المتحدة	Q3918	university	22	https://ar.wikipedia.org/wiki/%D8%AC%D8%A7%D9%85%D8%B9%D8%A9_%D8%B3%D8%A7%D9%86%D8%AA%D8%A7_%D9%83%D9%84%D8%A7%D8%B1%D8%A7
http://www.wikidata.org/entity/Q994	ar	تبليسي	منطقة في جورجيا	Q515	city	225	https://ar.wikipedia.org/wiki/%D8%AA%D8%A8%D9%84%D9%8A%D8%B3%D9%8A
http://www.wikidata.org/entity/Q994514	ar	رنكبور	مدينة في شمال بنغلاديش	Q515	city	51	https://ar.wikipedia.org/wiki/%D8%B1%D9%86%D9%83%D8%A8%D9%88%D8%B1
http://www.wikidata.org/entity/Q995265	ar	كلية برين ماور	مقبرة في برين مار، الولايات المتحدة	Q3918	university	29	https://ar.wikipedia.org/wiki/%D9%83%D9%84%D9%8A%D8%A9_%D8%A8%D8%B1%D9%8A%D9%86_%D9%85%D8%A7%D9%88%D8%B1
http://www.wikidata.org/entity/Q9954	ar	بورميراند	بلدية في شمال-هولندا، هولندا	Q515	city	64	https://ar.wikipedia.org/wiki/%D8%A8%D9%88%D8%B1%D9%85%D9%8A%D8%B1%D8%A7%D9%86%D8%AF
http://www.wikidata.org/entity/Q9974	ar	فيسب	بلدية في شمال-هولندا، هولندا	Q515	city	55	https://ar.wikipedia.org/wiki/%D9%81%D9%8A%D8%B3%D8%A8_(%D9%87%D9%88%D9%84%D9%86%D8%AF%D8%A7)
