sourceEntityId	propertyId	targetEntityId	relationLabel
http://www.wikidata.org/entity/Q1000	P31	Q6256	instance-of
http://www.wikidata.org/entity/Q10006	P31	Q515	instance-of
http://www.wikidata.org/entity/Q10014	P31	Q515	instance-of
http://www.wikidata.org/entity/Q100188	P31	Q515	instance-of
http://www.wikidata.org/entity/Q1003496	P31	Q515	instance-of
http://www.wikidata.org/entity/Q1005	P31	Q6256	instance-of
http://www.wikidata.org/entity/Q1006	P31	Q6256	instance-of
http://www.wikidata.org/entity/Q1007	P31	Q6256	instance-of
http://www.wikidata.org/entity/Q1008	P31	Q6256	instance-of
http://www.wikidata.org/entity/Q10086	P31	Q515	instance-of
http://www.wikidata.org/entity/Q1009	P31	Q6256	instance-of
http://www.wikidata.org/entity/Q1011	P31	Q6256	instance-of
http://www.wikidata.org/entity/Q1012	P31	Q515	instance-of
http://www.wikidata.org/entity/Q101254	P31	Q515	instance-of
http://www.wikidata.org/entity/Q1013	P31	Q6256	instance-of
http://www.wikidata.org/entity/Q1014	P31	Q6256	instance-of
http://www.wikidata.org/entity/Q101418	P31	Q515	instance-of
http://www.wikidata.org/entity/Q1015	P31	Q515	instance-of
http://www.wikidata.org/entity/Q101530	P31	Q515	instance-of
http://www.wikidata.org/entity/Q1016	P31	Q6256	instance-of
http://www.wikidata.org/entity/Q10179	P31	Q34770	instance-of
http://www.wikidata.org/entity/Q1019	P31	Q6256	instance-of
http://www.wikidata.org/entity/Q10199	P31	Q34770	instance-of
http://www.wikidata.org/entity/Q1020	P31	Q6256	instance-of
http://www.wikidata.org/entity/Q1021	P31	Q515	instance-of
http://www.wikidata.org/entity/Q102225	P31	Q11424	instance-of
http://www.wikidata.org/entity/Q1022268	P31	Q9143	instance-of
http://www.wikidata.org/entity/Q102235	P31	Q11424	instance-of
http://www.wikidata.org/entity/Q102244	P31	Q11424	instance-of
http://www.wikidata.org/entity/Q1022488	P31	Q515	instance-of
http://www.wikidata.org/entity/Q102317	P31	Q515	instance-of
http://www.wikidata.org/entity/Q102350	P31	Q515	instance-of
http://www.wikidata.org/entity/Q102397	P31	Q515	instance-of
http://www.wikidata.org/entity/Q1023991	P31	Q9143	instance-of
http://www.wikidata.org/entity/Q102438	P31	Q11424	instance-of
http://www.wikidata.org/entity/Q102448	P31	Q11424	instance-of
http://www.wikidata.org/entity/Q102469	P31	Q515	instance-of
http://www.wikidata.org/entity/Q1025	P31	Q6256	instance-of
http://www.wikidata.org/entity/Q102682	P31	Q515	instance-of
http://www.wikidata.org/entity/Q1027	P31	Q6256	instance-of
http://www.wikidata.org/entity/Q102737	P31	Q515	instance-of
http://www.wikidata.org/entity/Q1028	P31	Q6256	instance-of
http://www.wikidata.org/entity/Q1029	P31	Q6256	instance-of
http://www.wikidata.org/entity/Q1030	P31	Q6256	instance-of
http://www.wikidata.org/entity/Q103011	P31	Q515	instance-of
http://www.wikidata.org/entity/Q1031803	P31	Q3918	instance-of
http://www.wikidata.org/entity/Q1032	P31	Q6256	instance-of
http://www.wikidata.org/entity/Q1032453	P31	Q34770	instance-of
http://www.wikidata.org/entity/Q1033	P31	Q6256	instance-of
http://www.wikidata.org/entity/Q103474	P31	Q11424	instance-of
http://www.wikidata.org/entity/Q103569	P31	Q11424	instance-of
http://www.wikidata.org/entity/Q1036	P31	Q6256	instance-of
http://www.wikidata.org/entity/Q1037	P31	Q6256	instance-of
http://www.wikidata.org/entity/Q103717	P31	Q515	instance-of
http://www.wikidata.org/entity/Q103725	P31	Q515	instance-of
http://www.wikidata.org/entity/Q103892	P31	Q515	instance-of
http://www.wikidata.org/entity/Q1039	P31	Q6256	instance-of
http://www.wikidata.org/entity/Q1041	P31	Q6256	instance-of
http://www.wikidata.org/entity/Q104123	P31	Q11424	instance-of
http://www.wikidata.org/entity/Q1042	P31	Q6256	instance-of
http://www.wikidata.org/entity/Q1042397	P31	Q9143	instance-of
http://www.wikidata.org/entity/Q104302	P31	Q515	instance-of
http://www.wikidata.org/entity/Q1044	P31	Q6256	instance-of
http://www.wikidata.org/entity/Q1045	P31	Q6256	instance-of
http://www.wikidata.org/entity/Q104712	P31	Q515	instance-of
http://www.wikidata.org/entity/Q104720	P31	Q515	instance-of
http://www.wikidata.org/entity/Q104725	P31	Q515	instance-of
http://www.wikidata.org/entity/Q1047293	P31	Q3918	instance-of
http://www.wikidata.org/entity/Q104731	P31	Q515	instance-of
http://www.wikidata.org/entity/Q104740	P31	Q515	instance-of
http://www.wikidata.org/entity/Q1049	P31	Q6256	instance-of
http://www.wikidata.org/entity/Q1049708	P31	Q9143	instance-of
http://www.wikidata.org/entity/Q1050	P31	Q6256	instance-of
http://www.wikidata.org/entity/Q105031	P31	Q11424	instance-of
http://www.wikidata.org/entity/Q105037	P31	Q515	instance-of
http://www.wikidata.org/entity/Q105048	P31	Q515	instance-of
http://www.wikidata.org/entity/Q105060	P31	Q515	instance-of
http://www.wikidata.org/entity/Q105084	P31	Q515	instance-of
http://www.wikidata.org/entity/Q1052614	P31	Q3918	instance-of
http://www.wikidata.org/entity/Q1053535	P31	Q9143	instance-of
http://www.wikidata.org/entity/Q1056057	P31	Q9143	instance-of
http://www.wikidata.org/entity/Q1056373	P31	Q3918	instance-of
http://www.wikidata.org/entity/Q1057199	P31	Q3918	instance-of
http://www.wikidata.org/entity/Q1057802	P31	Q9143	instance-of
http://www.wikidata.org/entity/Q1057898	P31	Q34770	instance-of
http://www.wikidata.org/entity/Q1062121	P31	Q3918	instance-of
http://www.wikidata.org/entity/Q106274	P31	Q515	instance-of
http://www.wikidata.org/entity/Q106316	P31	Q11424	instance-of
http://www.wikidata.org/entity/Q1063665	P31	Q3918	instance-of
http://www.wikidata.org/entity/Q1064516	P31	Q9143	instance-of
http://www.wikidata.org/entity/Q1064573	P31	Q3918	instance-of
http://www.wikidata.org/entity/Q1065414	P31	Q3918	instance-of
http://www.wikidata.org/entity/Q106583	P31	Q515	instance-of
http://www.wikidata.org/entity/Q1067540	P31	Q9143	instance-of
http://www.wikidata.org/entity/Q1067986	P31	Q34770	instance-of
http://www.wikidata.org/entity/Q10686	P31	Q515	instance-of
http://www.wikidata.org/entity/Q106896	P31	Q515	instance-of
http://www.wikidata.org/entity/Q10690	P31	Q515	instance-of
http://www.wikidata.org/entity/Q1069994	P31	Q3918	instance-of
http://www.wikidata.org/entity/Q1070391	P31	Q34770	instance-of
http://www.wikidata.org/entity/Q107094	P31	Q515	instance-of
http://www.wikidata.org/entity/Q107106	P31	Q515	instance-of
http://www.wikidata.org/entity/Q10713	P31	Q34770	instance-of
http://www.wikidata.org/entity/Q10717	P31	Q515	instance-of
http://www.wikidata.org/entity/Q1072029	P31	Q3918	instance-of
http://www.wikidata.org/entity/Q107258515	P31	Q6256	instance-of
http://www.wikidata.org/entity/Q107398	P31	Q515	instance-of
http://www.wikidata.org/entity/Q107401	P31	Q515	instance-of
http://www.wikidata.org/entity/Q1074103	P31	Q3918	instance-of
http://www.wikidata.org/entity/Q107548681	P31	Q34770	instance-of
http://www.wikidata.org/entity/Q107582	P31	Q515	instance-of
http://www.wikidata.org/entity/Q1076606	P31	Q3918	instance-of
http://www.wikidata.org/entity/Q108155	P31	Q515	instance-of
http://www.wikidata.org/entity/Q108223	P31	Q515	instance-of
http://www.wikidata.org/entity/Q1083	P31	Q515	instance-of
http://www.wikidata.org/entity/Q108672	P31	Q515	instance-of
http://www.wikidata.org/entity/Q108679	P31	Q515	instance-of
http://www.wikidata.org/entity/Q108839994	P31	Q11424	instance-of
http://www.wikidata.org/entity/Q109092	P31	Q515	instance-of
http://www.wikidata.org/entity/Q1091095	P31	Q34770	instance-of
http://www.wikidata.org/entity/Q109116	P31	Q11424	instance-of
http://www.wikidata.org/entity/Q109256570	P31	Q34770	instance-of
http://www.wikidata.org/entity/Q109386	P31	Q515	instance-of
http://www.wikidata.org/entity/Q1094046	P31	Q3918	instance-of
http://www.wikidata.org/entity/Q1094742	P31	Q3918	instance-of
http://www.wikidata.org/entity/Q109535	P31	Q515	instance-of
http://www.wikidata.org/entity/Q110011	P31	Q515	instance-of
http://www.wikidata.org/entity/Q11003859	P31	Q34770	instance-of
http://www.wikidata.org/entity/Q110218	P31	Q515	instance-of
http://www.wikidata.org/entity/Q1106819	P31	Q9143	instance-of
http://www.wikidata.org/entity/Q110732	P31	Q515	instance-of
http://www.wikidata.org/entity/Q110812703	P31	Q34770	instance-of
http://www.wikidata.org/entity/Q1113311	P31	Q515	instance-of
http://www.wikidata.org/entity/Q1115878	P31	Q3918	instance-of
http://www.wikidata.org/entity/Q11194	P31	Q515	instance-of
http://www.wikidata.org/entity/Q1121983	P31	Q3918	instance-of
http://www.wikidata.org/entity/Q1122171	P31	Q3918	instance-of
http://www.wikidata.org/entity/Q1122188	P31	Q34770	instance-of
http://www.wikidata.org/entity/Q112657	P31	Q515	instance-of
http://www.wikidata.org/entity/Q1129925	P31	Q3918	instance-of
http://www.wikidata.org/entity/Q1133013	P31	Q3918	instance-of
http://www.wikidata.org/entity/Q1133580	P31	Q9143	instance-of
http://www.wikidata.org/entity/Q1134292	P31	Q3918	instance-of
http://www.wikidata.org/entity/Q1134454	P31	Q515	instance-of
http://www.wikidata.org/entity/Q1134606	P31	Q3918	instance-of
http://www.wikidata.org/entity/Q1136189	P31	Q515	instance-of
http://www.wikidata.org/entity/Q1137652	P31	Q3918	instance-of
http://www.wikidata.org/entity/Q1138080	P31	Q3918	instance-of
http://www.wikidata.org/entity/Q114	P31	Q6256	instance-of
http://www.wikidata.org/entity/Q1140136	P31	Q515	instance-of
http://www.wikidata.org/entity/Q1141484	P31	Q9143	instance-of
http://www.wikidata.org/entity/Q114257	P31	Q515	instance-of
http://www.wikidata.org/entity/Q1142924	P31	Q3918	instance-of
http://www.wikidata.org/entity/Q1144000	P31	Q3918	instance-of
http://www.wikidata.org/entity/Q1144565	P31	Q3918	instance-of
http://www.wikidata.org/entity/Q1144673	P31	Q3918	instance-of
http://www.wikidata.org/entity/Q1144682	P31	Q3918	instance-of
http://www.wikidata.org/entity/Q1145306	P31	Q3918	instance-of
http://www.wikidata.org/entity/Q1145992	P31	Q3918	instance-of
http://www.wikidata.org/entity/Q115	P31	Q6256	instance-of
http://www.wikidata.org/entity/Q1150105	P31	Q3918	instance-of
http://www.wikidata.org/entity/Q1152190	P31	Q3918	instance-of
http://www.wikidata.org/entity/Q115220	P31	Q3918	instance-of
http://www.wikidata.org/entity/Q115256	P31	Q515	instance-of
http://www.wikidata.org/entity/Q115276	P31	Q515	instance-of
http://www.wikidata.org/entity/Q1154	P31	Q515	instance-of
http://www.wikidata.org/entity/Q1156	P31	Q515	instance-of
http://www.wikidata.org/entity/Q1156474	P31	Q9143	instance-of
http://www.wikidata.org/entity/Q11568	P31	Q515	instance-of
http://www.wikidata.org/entity/Q1160312	P31	Q9143	instance-of
http://www.wikidata.org/entity/Q116044950	P31	Q34770	instance-of
http://www.wikidata.org/entity/Q1163234	P31	Q34770	instance-of
http://www.wikidata.org/entity/Q116341	P31	Q515	instance-of
http://www.wikidata.org/entity/Q1165865	P31	Q3918	instance-of
http://www.wikidata.org/entity/Q117	P31	Q6256	instance-of
http://www.wikidata.org/entity/Q117040	P31	Q515	instance-of
http://www.wikidata.org/entity/Q11732220	P31	Q34770	instance-of
http://www.wikidata.org/entity/Q11732241	P31	Q34770	instance-of
http://www.wikidata.org/entity/Q11736	P31	Q515	instance-of
http://www.wikidata.org/entity/Q11739	P31	Q515	instance-of
http://www.wikidata.org/entity/Q1179603	P31	Q3918	instance-of
http://www.wikidata.org/entity/Q1185127	P31	Q34770	instance-of
http://www.wikidata.org/entity/Q11854	P31	Q515	instance-of
http://www.wikidata.org/entity/Q11864	P31	Q515	instance-of
http://www.wikidata.org/entity/Q1187271	P31	Q3918	instance-of
http://www.wikidata.org/entity/Q11874	P31	Q515	instance-of
http://www.wikidata.org/entity/Q1187444	P31	Q3918	instance-of
http://www.wikidata.org/entity/Q1188786	P31	Q3918	instance-of
http://www.wikidata.org/entity/Q118995	P31	Q515	instance-of
http://www.wikidata.org/entity/Q1190852	P31	Q3918	instance-of
http://www.wikidata.org/entity/Q11909	P31	Q515	instance-of
http://www.wikidata.org/entity/Q11910	P31	Q515	instance-of
http://www.wikidata.org/entity/Q1191344	P31	Q3918	instance-of
http://www.wikidata.org/entity/Q1193547	P31	Q3918	instance-of
http://www.wikidata.org/entity/Q1194352	P31	Q9143	instance-of
http://www.wikidata.org/entity/Q11959	P31	Q515	instance-of
http://www.wikidata.org/entity/Q11977	P31	Q515	instance-of
http://www.wikidata.org/entity/Q11994	P31	Q515	instance-of
http://www.wikidata.org/entity/Q1199751	P31	Q34770	instance-of
http://www.wikidata.org/entity/Q1201810	P31	Q9143	instance-of
http://www.wikidata.org/entity/Q1202039	P31	Q3918	instance-of
http://www.wikidata.org/entity/Q1204300	P31	Q9143	instance-of
http://www.wikidata.org/entity/Q1206658	P31	Q3918	instance-of
http://www.wikidata.org/entity/Q1207611	P31	Q34770	instance-of
http://www.wikidata.org/entity/Q1208217	P31	Q9143	instance-of
http://www.wikidata.org/entity/Q1209759	P31	Q9143	instance-of
http://www.wikidata.org/entity/Q1218	P31	Q515	instance-of
http://www.wikidata.org/entity/Q12191529	P31	Q6256	instance-of
http://www.wikidata.org/entity/Q122044	P31	Q515	instance-of
http://www.wikidata.org/entity/Q1223508	P31	Q515	instance-of
http://www.wikidata.org/entity/Q12237466	P31	Q34770	instance-of
http://www.wikidata.org/entity/Q122803	P31	Q515	instance-of
http://www.wikidata.org/entity/Q12292	P31	Q515	instance-of
http://www.wikidata.org/entity/Q123027565	P31	Q6256	instance-of
http://www.wikidata.org/entity/Q1231063	P31	Q3918	instance-of
http://www.wikidata.org/entity/Q123196	P31	Q515	instance-of
http://www.wikidata.org/entity/Q1232428	P31	Q3918	instance-of
http://www.wikidata.org/entity/Q123347094	P31	Q34770	instance-of
http://www.wikidata.org/entity/Q123511	P31	Q515	instance-of
http://www.wikidata.org/entity/Q1236136	P31	Q3918	instance-of
http://www.wikidata.org/entity/Q123709	P31	Q515	instance-of
http://www.wikidata.org/entity/Q1238770	P31	Q3918	instance-of
http://www.wikidata.org/entity/Q123885	P31	Q43229	instance-of
http://www.wikidata.org/entity/Q12432	P31	Q3918	instance-of
http://www.wikidata.org/entity/Q1243705	P31	Q3918	instance-of
http://www.wikidata.org/entity/Q1245318	P31	Q3918	instance-of
http://www.wikidata.org/entity/Q1245999	P31	Q3918	instance-of
http://www.wikidata.org/entity/Q1246	P31	Q6256	instance-of
http://www.wikidata.org/entity/Q1246397	P31	Q34770	instance-of
http://www.wikidata.org/entity/Q1247135	P31	Q3918	instance-of
http://www.wikidata.org/entity/Q124739	P31	Q515	instance-of
http://www.wikidata.org/entity/Q1247544	P31	Q3918	instance-of
http://www.wikidata.org/entity/Q1248821	P31	Q3918	instance-of
http://www.wikidata.org/entity/Q1249005	P31	Q3918	instance-of
http://www.wikidata.org/entity/Q12497929	P31	Q34770	instance-of
http://www.wikidata.org/entity/Q125076	P31	Q11424	instance-of
http://www.wikidata.org/entity/Q125080	P31	Q515	instance-of
http://www.wikidata.org/entity/Q1254148	P31	Q9143	instance-of
http://www.wikidata.org/entity/Q125434	P31	Q515	instance-of
http://www.wikidata.org/entity/Q1256981	P31	Q3918	instance-of
http://www.wikidata.org/entity/Q126084	P31	Q515	instance-of
http://www.wikidata.org/entity/Q126148	P31	Q515	instance-of
http://www.wikidata.org/entity/Q1261509	P31	Q515	instance-of
http://www.wikidata.org/entity/Q1262143	P31	Q34770	instance-of
http://www.wikidata.org/entity/Q126269	P31	Q515	instance-of
http://www.wikidata.org/entity/Q12635887	P31	Q34770	instance-of
http://www.wikidata.org/entity/Q126415	P31	Q515	instance-of
http://www.wikidata.org/entity/Q1265294	P31	Q3918	instance-of
http://www.wikidata.org/entity/Q126805	P31	Q515	instance-of
http://www.wikidata.org/entity/Q1268744	P31	Q9143	instance-of
http://www.wikidata.org/entity/Q126898	P31	Q515	instance-of
http://www.wikidata.org/entity/Q127063	P31	Q515	instance-of
http://www.wikidata.org/entity/Q127179148	P31	Q34770	instance-of
http://www.wikidata.org/entity/Q127367	P31	Q11424	instance-of
http://www.wikidata.org/entity/Q127437572	P31	Q34770	instance-of
http://www.wikidata.org/entity/Q127623	P31	Q515	instance-of
http://www.wikidata.org/entity/Q1277803	P31	Q9143	instance-of
http://www.wikidata.org/entity/Q128147	P31	Q515	instance-of
http://www.wikidata.org/entity/Q12825018	P31	Q515	instance-of
http://www.wikidata.org/entity/Q128261	P31	Q515	instance-of
http://www.wikidata.org/entity/Q1283865	P31	Q9143	instance-of
http://www.wikidata.org/entity/Q128518	P31	Q11424	instance-of
http://www.wikidata.org/entity/Q12919	P31	Q515	instance-of
http://www.wikidata.org/entity/Q129352	P31	Q515	instance-of
http://www.wikidata.org/entity/Q129421	P31	Q3918	instance-of
http://www.wikidata.org/entity/Q1294227	P31	Q34770	instance-of
http://www.wikidata.org/entity/Q1294439	P31	Q515	instance-of
http://www.wikidata.org/entity/Q12952360	P31	Q34770	instance-of
http://www.wikidata.org/entity/Q129610	P31	Q515	instance-of
http://www.wikidata.org/entity/Q129649	P31	Q515	instance-of
http://www.wikidata.org/entity/Q12994	P31	Q515	instance-of
http://www.wikidata.org/entity/Q130191	P31	Q515	instance-of
http://www.wikidata.org/entity/Q130212	P31	Q515	instance-of
http://www.wikidata.org/entity/Q130469	P31	Q515	instance-of
http://www.wikidata.org/entity/Q1305	P31	Q515	instance-of
http://www.wikidata.org/entity/Q130514	P31	Q515	instance-of
http://www.wikidata.org/entity/Q1305486	P31	Q3918	instance-of
http://www.wikidata.org/entity/Q1308	P31	Q515	instance-of
http://www.wikidata.org/entity/Q130800	P31	Q515	instance-of
http://www.wikidata.org/entity/Q1310	P31	Q515	instance-of
http://www.wikidata.org/entity/Q131074	P31	Q11424	instance-of
http://www.wikidata.org/entity/Q131127	P31	Q515	instance-of
http://www.wikidata.org/entity/Q131128	P31	Q515	instance-of
http://www.wikidata.org/entity/Q131140	P31	Q9143	instance-of
http://www.wikidata.org/entity/Q131182	P31	Q482994	instance-of
http://www.wikidata.org/entity/Q131233	P31	Q515	instance-of
http://www.wikidata.org/entity/Q131243	P31	Q515	instance-of
http://www.wikidata.org/entity/Q1312762	P31	Q3918	instance-of
http://www.wikidata.org/entity/Q131287560	P31	Q34770	instance-of
http://www.wikidata.org/entity/Q131323	P31	Q515	instance-of
http://www.wikidata.org/entity/Q131339	P31	Q34770	instance-of
http://www.wikidata.org/entity/Q131390	P31	Q11424	instance-of
http://www.wikidata.org/entity/Q131392	P31	Q482994	instance-of
http://www.wikidata.org/entity/Q131495	P31	Q515	instance-of
http://www.wikidata.org/entity/Q131588685	P31	Q6256	instance-of
http://www.wikidata.org/entity/Q131605	P31	Q515	instance-of
http://www.wikidata.org/entity/Q131612	P31	Q515	instance-of
http://www.wikidata.org/entity/Q131623074	P31	Q3918	instance-of
http://www.wikidata.org/entity/Q131638	P31	Q515	instance-of
http://www.wikidata.org/entity/Q131694	P31	Q515	instance-of
http://www.wikidata.org/entity/Q13171	P31	Q482994	instance-of
http://www.wikidata.org/entity/Q13172	P31	Q482994	instance-of
http://www.wikidata.org/entity/Q131818	P31	Q515	instance-of
http://www.wikidata.org/entity/Q131919251	P31	Q482994	instance-of
http://www.wikidata.org/entity/Q132043	P31	Q515	instance-of
http://www.wikidata.org/entity/Q1321	P31	Q34770	instance-of
http://www.wikidata.org/entity/Q13229	P31	Q34770	instance-of
http://www.wikidata.org/entity/Q1323362	P31	Q9143	instance-of
http://www.wikidata.org/entity/Q132444522	P31	Q34770	instance-of
http://www.wikidata.org/entity/Q132478	P31	Q3918	instance-of
http://www.wikidata.org/entity/Q132671	P31	Q515	instance-of
http://www.wikidata.org/entity/Q132679	P31	Q515	instance-of
http://www.wikidata.org/entity/Q13268	P31	Q34770	instance-of
http://www.wikidata.org/entity/Q132689	P31	Q11424	instance-of
http://www.wikidata.org/entity/Q13273	P31	Q34770	instance-of
http://www.wikidata.org/entity/Q132754	P31	Q515	instance-of
http://www.wikidata.org/entity/Q13281	P31	Q34770	instance-of
http://www.wikidata.org/entity/Q13283	P31	Q34770	instance-of
http://www.wikidata.org/entity/Q13297	P31	Q34770	instance-of
http://www.wikidata.org/entity/Q13301	P31	Q34770	instance-of
http://www.wikidata.org/entity/Q13307	P31	Q34770	instance-of
http://www.wikidata.org/entity/Q133073	P31	Q515	instance-of
http://www.wikidata.org/entity/Q13310	P31	Q34770	instance-of
http://www.wikidata.org/entity/Q13311	P31	Q34770	instance-of
http://www.wikidata.org/entity/Q133116	P31	Q515	instance-of
http://www.wikidata.org/entity/Q133118	P31	Q515	instance-of
http://www.wikidata.org/entity/Q133123	P31	Q515	instance-of
http://www.wikidata.org/entity/Q133132	P31	Q43229	instance-of
http://www.wikidata.org/entity/Q13318	P31	Q515	instance-of
http://www.wikidata.org/entity/Q13320	P31	Q515	instance-of
http://www.wikidata.org/entity/Q13324	P31	Q34770	instance-of
http://www.wikidata.org/entity/Q13329	P31	Q515	instance-of
http://www.wikidata.org/entity/Q133315	P31	Q515	instance-of
http://www.wikidata.org/entity/Q1333399	P31	Q3918	instance-of
http://www.wikidata.org/entity/Q13336	P31	Q34770	instance-of
http://www.wikidata.org/entity/Q1333607	P31	Q3918	instance-of
http://www.wikidata.org/entity/Q13339	P31	Q34770	instance-of
http://www.wikidata.org/entity/Q13349	P31	Q34770	instance-of
http://www.wikidata.org/entity/Q1335388	P31	Q9143	instance-of
http://www.wikidata.org/entity/Q13356	P31	Q34770	instance-of
http://www.wikidata.org/entity/Q13357	P31	Q34770	instance-of
http://www.wikidata.org/entity/Q13360	P31	Q515	instance-of
http://www.wikidata.org/entity/Q13361	P31	Q34770	instance-of
http://www.wikidata.org/entity/Q13362	P31	Q515	instance-of
http://www.wikidata.org/entity/Q13363	P31	Q34770	instance-of
http://www.wikidata.org/entity/Q13364	P31	Q515	instance-of
http://www.wikidata.org/entity/Q133654	P31	Q11424	instance-of
http://www.wikidata.org/entity/Q13367	P31	Q515	instance-of
http://www.wikidata.org/entity/Q133678	P31	Q34770	instance-of
http://www.wikidata.org/entity/Q13369	P31	Q515	instance-of
http://www.wikidata.org/entity/Q13372	P31	Q515	instance-of
http://www.wikidata.org/entity/Q13373	P31	Q515	instance-of
http://www.wikidata.org/entity/Q13375	P31	Q515	instance-of
http://www.wikidata.org/entity/Q13377	P31	Q515	instance-of
http://www.wikidata.org/entity/Q13386	P31	Q515	instance-of
http://www.wikidata.org/entity/Q13389	P31	Q34770	instance-of
http://www.wikidata.org/entity/Q1341	P31	Q515	instance-of
http://www.wikidata.org/entity/Q13410	P31	Q515	instance-of
http://www.wikidata.org/entity/Q13417189	P31	Q11424	instance-of
http://www.wikidata.org/entity/Q134287	P31	Q515	instance-of
http://www.wikidata.org/entity/Q134291	P31	Q515	instance-of
http://www.wikidata.org/entity/Q134509	P31	Q515	instance-of
http://www.wikidata.org/entity/Q134514	P31	Q515	instance-of
http://www.wikidata.org/entity/Q134620	P31	Q515	instance-of
http://www.wikidata.org/entity/Q13464	P31	Q515	instance-of
http://www.wikidata.org/entity/Q134672	P31	Q515	instance-of
http://www.wikidata.org/entity/Q13470	P31	Q515	instance-of
http://www.wikidata.org/entity/Q134703	P31	Q515	instance-of
http://www.wikidata.org/entity/Q134712	P31	Q515	instance-of
http://www.wikidata.org/entity/Q134773	P31	Q11424	instance-of
http://www.wikidata.org/entity/Q13486	P31	Q515	instance-of
http://www.wikidata.org/entity/Q134902	P31	Q515	instance-of
http://www.wikidata.org/entity/Q13498	P31	Q515	instance-of
http://www.wikidata.org/entity/Q135037948	P31	Q34770	instance-of
http://www.wikidata.org/entity/Q1351046	P31	Q515	instance-of
http://www.wikidata.org/entity/Q1353139	P31	Q3918	instance-of
http://www.wikidata.org/entity/Q1354	P31	Q515	instance-of
http://www.wikidata.org/entity/Q1354097	P31	Q3918	instance-of
http://www.wikidata.org/entity/Q1355	P31	Q515	instance-of
http://www.wikidata.org/entity/Q1359171	P31	Q9143	instance-of
http://www.wikidata.org/entity/Q13601748	P31	Q34770	instance-of
http://www.wikidata.org/entity/Q136217	P31	Q515	instance-of
http://www.wikidata.org/entity/Q13625	P31	Q515	instance-of
http://www.wikidata.org/entity/Q13629	P31	Q515	instance-of
http://www.wikidata.org/entity/Q1363072	P31	Q34770	instance-of
http://www.wikidata.org/entity/Q1364815	P31	Q34770	instance-of
http://www.wikidata.org/entity/Q13666	P31	Q515	instance-of
http://www.wikidata.org/entity/Q1366643	P31	Q34770	instance-of
http://www.wikidata.org/entity/Q13670	P31	Q515	instance-of
http://www.wikidata.org/entity/Q13678	P31	Q515	instance-of
http://www.wikidata.org/entity/Q1370318	P31	Q3918	instance-of
http://www.wikidata.org/entity/Q1372362	P31	Q3918	instance-of
http://www.wikidata.org/entity/Q137271	P31	Q515	instance-of
http://www.wikidata.org/entity/Q137503	P31	Q3918	instance-of
http://www.wikidata.org/entity/Q1382	P31	Q515	instance-of
http://www.wikidata.org/entity/Q138986	P31	Q515	instance-of
http://www.wikidata.org/entity/Q1391724	P31	Q9143	instance-of
http://www.wikidata.org/entity/Q139242	P31	Q515	instance-of
http://www.wikidata.org/entity/Q139380	P31	Q9143	instance-of
http://www.wikidata.org/entity/Q13939	P31	Q515	instance-of
http://www.wikidata.org/entity/Q13955	P31	Q34770	instance-of
http://www.wikidata.org/entity/Q139706	P31	Q515	instance-of
http://www.wikidata.org/entity/Q140075	P31	Q515	instance-of
http://www.wikidata.org/entity/Q140304	P31	Q515	instance-of
http://www.wikidata.org/entity/Q140631	P31	Q515	instance-of
http://www.wikidata.org/entity/Q1410	P31	Q515	instance-of
http://www.wikidata.org/entity/Q1411222	P31	Q3918	instance-of
http://www.wikidata.org/entity/Q1411245	P31	Q9143	instance-of
http://www.wikidata.org/entity/Q1411875	P31	Q9143	instance-of
http://www.wikidata.org/entity/Q14171368	P31	Q11424	instance-of
http://www.wikidata.org/entity/Q1419737	P31	Q3918	instance-of
http://www.wikidata.org/entity/Q142	P31	Q6256	instance-of
http://www.wikidata.org/entity/Q1420205	P31	Q34770	instance-of
http://www.wikidata.org/entity/Q1420239	P31	Q3918	instance-of
http://www.wikidata.org/entity/Q1422458	P31	Q3918	instance-of
http://www.wikidata.org/entity/Q1425428	P31	Q515	instance-of
http://www.wikidata.org/entity/Q1430113	P31	Q3918	instance-of
http://www.wikidata.org/entity/Q1432632	P31	Q3918	instance-of
http://www.wikidata.org/entity/Q143419	P31	Q9143	instance-of
http://www.wikidata.org/entity/Q1436816	P31	Q515	instance-of
http://www.wikidata.org/entity/Q144488	P31	Q3918	instance-of
http://www.wikidata.org/entity/Q1446181	P31	Q3918	instance-of
http://www.wikidata.org/entity/Q144983	P31	Q515	instance-of
http://www.wikidata.org/entity/Q145	P31	Q6256	instance-of
http://www.wikidata.org/entity/Q145002	P31	Q515	instance-of
http://www.wikidata.org/entity/Q1453196	P31	Q515	instance-of
http://www.wikidata.org/entity/Q1458695	P31	Q3918	instance-of
http://www.wikidata.org/entity/Q145972	P31	Q515	instance-of
http://www.wikidata.org/entity/Q146307	P31	Q515	instance-of
http://www.wikidata.org/entity/Q1463356	P31	Q3918	instance-of
http://www.wikidata.org/entity/Q146342	P31	Q515	instance-of
http://www.wikidata.org/entity/Q146356	P31	Q515	instance-of
http://www.wikidata.org/entity/Q146509	P31	Q515	instance-of
http://www.wikidata.org/entity/Q1465448	P31	Q3918	instance-of
http://www.wikidata.org/entity/Q1468607	P31	Q3918	instance-of
http://www.wikidata.org/entity/Q1470769	P31	Q3918	instance-of
http://www.wikidata.org/entity/Q147089	P31	Q515	instance-of
http://www.wikidata.org/entity/Q1472213	P31	Q34770	instance-of
http://www.wikidata.org/entity/Q147243	P31	Q515	instance-of
http://www.wikidata.org/entity/Q1473289	P31	Q34770	instance-of
http://www.wikidata.org/entity/Q147402	P31	Q515	instance-of
http://www.wikidata.org/entity/Q1474656	P31	Q3918	instance-of
http://www.wikidata.org/entity/Q14759	P31	Q34770	instance-of
http://www.wikidata.org/entity/Q1477607	P31	Q3918	instance-of
http://www.wikidata.org/entity/Q147934	P31	Q515	instance-of
http://www.wikidata.org/entity/Q147975	P31	Q515	instance-of
http://www.wikidata.org/entity/Q148	P31	Q6256	instance-of
http://www.wikidata.org/entity/Q148062	P31	Q515	instance-of
http://www.wikidata.org/entity/Q1486208	P31	Q9143	instance-of
http://www.wikidata.org/entity/Q1489	P31	Q515	instance-of
http://www.wikidata.org/entity/Q14916905	P31	Q34770	instance-of
http://www.wikidata.org/entity/Q1492	P31	Q515	instance-of
http://www.wikidata.org/entity/Q1494353	P31	Q3918	instance-of
http://www.wikidata.org/entity/Q14957	P31	Q515	instance-of
http://www.wikidata.org/entity/Q149588	P31	Q34770	instance-of
http://www.wikidata.org/entity/Q1496597	P31	Q34770	instance-of
http://www.wikidata.org/entity/Q1496662	P31	Q3918	instance-of
http://www.wikidata.org/entity/Q1499115	P31	Q34770	instance-of
http://www.wikidata.org/entity/Q149990	P31	Q3918	instance-of
http://www.wikidata.org/entity/Q150	P31	Q34770	instance-of
http://www.wikidata.org/entity/Q15080869	P31	Q34770	instance-of
http://www.wikidata.org/entity/Q15085	P31	Q34770	instance-of
http://www.wikidata.org/entity/Q150901	P31	Q482994	instance-of
http://www.wikidata.org/entity/Q15092	P31	Q515	instance-of
http://www.wikidata.org/entity/Q151114	P31	Q482994	instance-of
http://www.wikidata.org/entity/Q1513	P31	Q515	instance-of
http://www.wikidata.org/entity/Q15142	P31	Q3918	instance-of
http://www.wikidata.org/entity/Q1515	P31	Q515	instance-of
http://www.wikidata.org/entity/Q151657	P31	Q482994	instance-of
http://www.wikidata.org/entity/Q1517021	P31	Q3918	instance-of
http://www.wikidata.org/entity/Q15174	P31	Q515	instance-of
http://www.wikidata.org/entity/Q151880	P31	Q482994	instance-of
http://www.wikidata.org/entity/Q1519	P31	Q515	instance-of
http://www.wikidata.org/entity/Q151920	P31	Q515	instance-of
http://www.wikidata.org/entity/Q152368	P31	Q515	instance-of
http://www.wikidata.org/entity/Q1523902	P31	Q3918	instance-of
http://www.wikidata.org/entity/Q152396	P31	Q515	instance-of
http://www.wikidata.org/entity/Q15241057	P31	Q9143	instance-of
http://www.wikidata.org/entity/Q152436	P31	Q515	instance-of
http://www.wikidata.org/entity/Q152449	P31	Q515	instance-of
http://www.wikidata.org/entity/Q152467	P31	Q515	instance-of
http://www.wikidata.org/entity/Q152473	P31	Q515	instance-of
http://www.wikidata.org/entity/Q152491	P31	Q515	instance-of
http://www.wikidata.org/entity/Q1524992	P31	Q3918	instance-of
http://www.wikidata.org/entity/Q152831	P31	Q515	instance-of
http://www.wikidata.org/entity/Q152902	P31	Q515	instance-of
http://www.wikidata.org/entity/Q1533	P31	Q515	instance-of
http://www.wikidata.org/entity/Q153723	P31	Q11424	instance-of
http://www.wikidata.org/entity/Q1537759	P31	Q3918	instance-of
http://www.wikidata.org/entity/Q1538	P31	Q515	instance-of
http://www.wikidata.org/entity/Q1542386	P31	Q3918	instance-of
http://www.wikidata.org/entity/Q1542418	P31	Q3918	instance-of
http://www.wikidata.org/entity/Q1543126	P31	Q3918	instance-of
http://www.wikidata.org/entity/Q1546906	P31	Q3918	instance-of
http://www.wikidata.org/entity/Q1547084	P31	Q3918	instance-of
http://www.wikidata.org/entity/Q1547448	P31	Q9143	instance-of
http://www.wikidata.org/entity/Q154755	P31	Q9143	instance-of
http://www.wikidata.org/entity/Q154797	P31	Q43229	instance-of
http://www.wikidata.org/entity/Q154897	P31	Q515	instance-of
http://www.wikidata.org/entity/Q155	P31	Q6256	instance-of
http://www.wikidata.org/entity/Q155169	P31	Q482994	instance-of
http://www.wikidata.org/entity/Q1555	P31	Q515	instance-of
http://www.wikidata.org/entity/Q15570	P31	Q3918	instance-of
http://www.wikidata.org/entity/Q155715	P31	Q482994	instance-of
http://www.wikidata.org/entity/Q155915	P31	Q515	instance-of
http://www.wikidata.org/entity/Q155993	P31	Q515	instance-of
http://www.wikidata.org/entity/Q1563	P31	Q515	instance-of
http://www.wikidata.org/entity/Q1563050	P31	Q3918	instance-of
http://www.wikidata.org/entity/Q15637215	P31	Q34770	instance-of
http://www.wikidata.org/entity/Q15640	P31	Q515	instance-of
http://www.wikidata.org/entity/Q156558	P31	Q515	instance-of
http://www.wikidata.org/entity/Q156598	P31	Q3918	instance-of
http://www.wikidata.org/entity/Q156598	P31	Q43229	instance-of
http://www.wikidata.org/entity/Q15679	P31	Q515	instance-of
http://www.wikidata.org/entity/Q15684	P31	Q515	instance-of
http://www.wikidata.org/entity/Q156858	P31	Q515	instance-of
http://www.wikidata.org/entity/Q15688	P31	Q515	instance-of
http://www.wikidata.org/entity/Q156974	P31	Q515	instance-of
http://www.wikidata.org/entity/Q157024	P31	Q515	instance-of
http://www.wikidata.org/entity/Q157032	P31	Q515	instance-of
http://www.wikidata.org/entity/Q157050	P31	Q515	instance-of
http://www.wikidata.org/entity/Q1571077	P31	Q9143	instance-of
http://www.wikidata.org/entity/Q157246	P31	Q515	instance-of
http://www.wikidata.org/entity/Q1572865	P31	Q9143	instance-of
http://www.wikidata.org/entity/Q1575044	P31	Q3918	instance-of
http://www.wikidata.org/entity/Q15762	P31	Q515	instance-of
http://www.wikidata.org/entity/Q157734	P31	Q6256	instance-of
http://www.wikidata.org/entity/Q15777	P31	Q9143	instance-of
http://www.wikidata.org/entity/Q157915	P31	Q515	instance-of
http://www.wikidata.org/entity/Q1579397	P31	Q3918	instance-of
http://www.wikidata.org/entity/Q158004	P31	Q515	instance-of
http://www.wikidata.org/entity/Q158006	P31	Q515	instance-of
http://www.wikidata.org/entity/Q158119	P31	Q515	instance-of
http://www.wikidata.org/entity/Q158467	P31	Q515	instance-of
http://www.wikidata.org/entity/Q15865	P31	Q515	instance-of
http://www.wikidata.org/entity/Q15877	P31	Q515	instance-of
http://www.wikidata.org/entity/Q15883	P31	Q515	instance-of
http://www.wikidata.org/entity/Q158903	P31	Q515	instance-of
http://www.wikidata.org/entity/Q15899	P31	Q515	instance-of
http://www.wikidata.org/entity/Q159	P31	Q6256	instance-of
http://www.wikidata.org/entity/Q15901	P31	Q515	instance-of
http://www.wikidata.org/entity/Q15906	P31	Q515	instance-of
http://www.wikidata.org/entity/Q15918	P31	Q515	instance-of
http://www.wikidata.org/entity/Q15928	P31	Q515	instance-of
http://www.wikidata.org/entity/Q159325	P31	Q515	instance-of
http://www.wikidata.org/entity/Q159610	P31	Q515	instance-of
http://www.wikidata.org/entity/Q15971618	P31	Q9143	instance-of
http://www.wikidata.org/entity/Q159835	P31	Q515	instance-of
http://www.wikidata.org/entity/Q15984	P31	Q515	instance-of
http://www.wikidata.org/entity/Q16	P31	Q6256	instance-of
http://www.wikidata.org/entity/Q16010	P31	Q515	instance-of
http://www.wikidata.org/entity/Q160112	P31	Q43229	instance-of
http://www.wikidata.org/entity/Q16012	P31	Q515	instance-of
http://www.wikidata.org/entity/Q160450	P31	Q515	instance-of
http://www.wikidata.org/entity/Q160493	P31	Q515	instance-of
http://www.wikidata.org/entity/Q160544	P31	Q515	instance-of
http://www.wikidata.org/entity/Q160618	P31	Q11424	instance-of
http://www.wikidata.org/entity/Q160642	P31	Q515	instance-of
http://www.wikidata.org/entity/Q160746	P31	Q43229	instance-of
http://www.wikidata.org/entity/Q160927	P31	Q515	instance-of
http://www.wikidata.org/entity/Q1610024	P31	Q3918	instance-of
http://www.wikidata.org/entity/Q161053	P31	Q9143	instance-of
http://www.wikidata.org/entity/Q161087	P31	Q11424	instance-of
http://www.wikidata.org/entity/Q161562	P31	Q3918	instance-of
http://www.wikidata.org/entity/Q161678	P31	Q11424	instance-of
http://www.wikidata.org/entity/Q161687	P31	Q11424	instance-of
http://www.wikidata.org/entity/Q162255	P31	Q11424	instance-of
http://www.wikidata.org/entity/Q162279	P31	Q515	instance-of
http://www.wikidata.org/entity/Q162442	P31	Q515	instance-of
http://www.wikidata.org/entity/Q162548	P31	Q515	instance-of
http://www.wikidata.org/entity/Q16258	P31	Q515	instance-of
http://www.wikidata.org/entity/Q162729	P31	Q11424	instance-of
http://www.wikidata.org/entity/Q1627967	P31	Q3918	instance-of
http://www.wikidata.org/entity/Q1633799	P31	Q3918	instance-of
http://www.wikidata.org/entity/Q16340	P31	Q9143	instance-of
http://www.wikidata.org/entity/Q163468	P31	Q9143	instance-of
http://www.wikidata.org/entity/Q163490	P31	Q515	instance-of
http://www.wikidata.org/entity/Q163584	P31	Q515	instance-of
http://www.wikidata.org/entity/Q163607	P31	Q515	instance-of
http://www.wikidata.org/entity/Q163798	P31	Q515	instance-of
http://www.wikidata.org/entity/Q163852	P31	Q515	instance-of
http://www.wikidata.org/entity/Q163872	P31	Q11424	instance-of
http://www.wikidata.org/entity/Q1640	P31	Q515	instance-of
http://www.wikidata.org/entity/Q1640079	P31	Q515	instance-of
http://www.wikidata.org/entity/Q1640648	P31	Q3918	instance-of
http://www.wikidata.org/entity/Q1640726	P31	Q3918	instance-of
http://www.wikidata.org/entity/Q1640731	P31	Q3918	instance-of
http://www.wikidata.org/entity/Q164103	P31	Q11424	instance-of
http://www.wikidata.org/entity/Q1641504	P31	Q3918	instance-of
http://www.wikidata.org/entity/Q1641543	P31	Q34770	instance-of
http://www.wikidata.org/entity/Q164197	P31	Q515	instance-of
http://www.wikidata.org/entity/Q1646181	P31	Q515	instance-of
http://www.wikidata.org/entity/Q164621	P31	Q482994	instance-of
http://www.wikidata.org/entity/Q164646	P31	Q482994	instance-of
http://www.wikidata.org/entity/Q1649537	P31	Q34770	instance-of
http://www.wikidata.org/entity/Q164963	P31	Q11424	instance-of
http://www.wikidata.org/entity/Q165090	P31	Q515	instance-of
http://www.wikidata.org/entity/Q165140	P31	Q515	instance-of
http://www.wikidata.org/entity/Q16520	P31	Q515	instance-of
http://www.wikidata.org/entity/Q165204	P31	Q515	instance-of
http://www.wikidata.org/entity/Q165372	P31	Q9143	instance-of
http://www.wikidata.org/entity/Q165380	P31	Q515	instance-of
http://www.wikidata.org/entity/Q165413	P31	Q515	instance-of
http://www.wikidata.org/entity/Q165422	P31	Q515	instance-of
http://www.wikidata.org/entity/Q1654327	P31	Q34770	instance-of
http://www.wikidata.org/entity/Q165436	P31	Q9143	instance-of
http://www.wikidata.org/entity/Q165444	P31	Q515	instance-of
http://www.wikidata.org/entity/Q165713	P31	Q11424	instance-of
http://www.wikidata.org/entity/Q165736	P31	Q515	instance-of
http://www.wikidata.org/entity/Q165763	P31	Q6256	instance-of
http://www.wikidata.org/entity/Q165795	P31	Q34770	instance-of
http://www.wikidata.org/entity/Q165817	P31	Q11424	instance-of
http://www.wikidata.org/entity/Q165980	P31	Q3918	instance-of
http://www.wikidata.org/entity/Q165995	P31	Q515	instance-of
http://www.wikidata.org/entity/Q166262	P31	Q11424	instance-of
http://www.wikidata.org/entity/Q16666	P31	Q515	instance-of
http://www.wikidata.org/entity/Q166824	P31	Q515	instance-of
http://www.wikidata.org/entity/Q167551	P31	Q515	instance-of
http://www.wikidata.org/entity/Q167554	P31	Q482994	instance-of
http://www.wikidata.org/entity/Q167715	P31	Q515	instance-of
http://www.wikidata.org/entity/Q167726	P31	Q11424	instance-of
http://www.wikidata.org/entity/Q167744	P31	Q515	instance-of
http://www.wikidata.org/entity/Q167749	P31	Q515	instance-of
http://www.wikidata.org/entity/Q1678185	P31	Q3918	instance-of
http://www.wikidata.org/entity/Q1678733	P31	Q3918	instance-of
http://www.wikidata.org/entity/Q167895	P31	Q515	instance-of
http://www.wikidata.org/entity/Q168193	P31	Q515	instance-of
http://www.wikidata.org/entity/Q168197	P31	Q515	instance-of
http://www.wikidata.org/entity/Q168225	P31	Q515	instance-of
http://www.wikidata.org/entity/Q1684174	P31	Q9143	instance-of
http://www.wikidata.org/entity/Q16863097	P31	Q9143	instance-of
http://www.wikidata.org/entity/Q16869	P31	Q515	instance-of
http://www.wikidata.org/entity/Q168751	P31	Q3918	instance-of
http://www.wikidata.org/entity/Q16881283	P31	Q6256	instance-of
http://www.wikidata.org/entity/Q168866	P31	Q515	instance-of
http://www.wikidata.org/entity/Q168954	P31	Q515	instance-of
http://www.wikidata.org/entity/Q16911222	P31	Q34770	instance-of
http://www.wikidata.org/entity/Q169160	P31	Q515	instance-of
http://www.wikidata.org/entity/Q169226	P31	Q482994	instance-of
http://www.wikidata.org/entity/Q169247	P31	Q515	instance-of
http://www.wikidata.org/entity/Q16947	P31	Q3918	instance-of
http://www.wikidata.org/entity/Q169478	P31	Q9143	instance-of
http://www.wikidata.org/entity/Q16955	P31	Q3918	instance-of
http://www.wikidata.org/entity/Q16978	P31	Q515	instance-of
http://www.wikidata.org/entity/Q17	P31	Q6256	instance-of
http://www.wikidata.org/entity/Q170027	P31	Q3918	instance-of
http://www.wikidata.org/entity/Q170244	P31	Q515	instance-of
http://www.wikidata.org/entity/Q170263	P31	Q515	instance-of
http://www.wikidata.org/entity/Q170313	P31	Q515	instance-of
http://www.wikidata.org/entity/Q170315	P31	Q515	instance-of
http://www.wikidata.org/entity/Q170457	P31	Q515	instance-of
http://www.wikidata.org/entity/Q170497	P31	Q515	instance-of
http://www.wikidata.org/entity/Q170507	P31	Q515	instance-of
http://www.wikidata.org/entity/Q170525	P31	Q515	instance-of
http://www.wikidata.org/entity/Q170532	P31	Q515	instance-of
http://www.wikidata.org/entity/Q170564	P31	Q11424	instance-of
http://www.wikidata.org/entity/Q170616	P31	Q515	instance-of
http://www.wikidata.org/entity/Q170688	P31	Q515	instance-of
http://www.wikidata.org/entity/Q170693	P31	Q515	instance-of
http://www.wikidata.org/entity/Q1708709	P31	Q3918	instance-of
http://www.wikidata.org/entity/Q1709	P31	Q515	instance-of
http://www.wikidata.org/entity/Q170919	P31	Q515	instance-of
http://www.wikidata.org/entity/Q170967	P31	Q515	instance-of
http://www.wikidata.org/entity/Q171031	P31	Q515	instance-of
http://www.wikidata.org/entity/Q171080	P31	Q515	instance-of
http://www.wikidata.org/entity/Q1711558	P31	Q3918	instance-of
http://www.wikidata.org/entity/Q17118377	P31	Q9143	instance-of
http://www.wikidata.org/entity/Q171219	P31	Q515	instance-of
http://www.wikidata.org/entity/Q171223	P31	Q515	instance-of
http://www.wikidata.org/entity/Q171632	P31	Q515	instance-of
http://www.wikidata.org/entity/Q171639	P31	Q515	instance-of
http://www.wikidata.org/entity/Q171764	P31	Q43229	instance-of
http://www.wikidata.org/entity/Q171771	P31	Q515	instance-of
http://www.wikidata.org/entity/Q171810	P31	Q515	instance-of
http://www.wikidata.org/entity/Q1718656	P31	Q3918	instance-of
http://www.wikidata.org/entity/Q1719466	P31	Q515	instance-of
http://www.wikidata.org/entity/Q172	P31	Q515	instance-of
http://www.wikidata.org/entity/Q172157	P31	Q515	instance-of
http://www.wikidata.org/entity/Q172241	P31	Q11424	instance-of
http://www.wikidata.org/entity/Q172343	P31	Q515	instance-of
http://www.wikidata.org/entity/Q172415	P31	Q515	instance-of
http://www.wikidata.org/entity/Q172438	P31	Q515	instance-of
http://www.wikidata.org/entity/Q1725075	P31	Q3918	instance-of
http://www.wikidata.org/entity/Q1728622	P31	Q3918	instance-of
http://www.wikidata.org/entity/Q172975	P31	Q11424	instance-of
http://www.wikidata.org/entity/Q172996	P31	Q515	instance-of
http://www.wikidata.org/entity/Q173037	P31	Q515	instance-of
http://www.wikidata.org/entity/Q173121	P31	Q515	instance-of
http://www.wikidata.org/entity/Q173270	P31	Q515	instance-of
http://www.wikidata.org/entity/Q1733	P31	Q515	instance-of
http://www.wikidata.org/entity/Q173310	P31	Q515	instance-of
http://www.wikidata.org/entity/Q173338	P31	Q515	instance-of
http://www.wikidata.org/entity/Q1735	P31	Q515	instance-of
http://www.wikidata.org/entity/Q173532	P31	Q515	instance-of
http://www.wikidata.org/entity/Q173545	P31	Q515	instance-of
http://www.wikidata.org/entity/Q173643	P31	Q482994	instance-of
http://www.wikidata.org/entity/Q173690	P31	Q515	instance-of
http://www.wikidata.org/entity/Q173731	P31	Q515	instance-of
http://www.wikidata.org/entity/Q1737734	P31	Q3918	instance-of
http://www.wikidata.org/entity/Q173985	P31	Q515	instance-of
http://www.wikidata.org/entity/Q174	P31	Q515	instance-of
http://www.wikidata.org/entity/Q174002	P31	Q515	instance-of
http://www.wikidata.org/entity/Q174019	P31	Q515	instance-of
http://www.wikidata.org/entity/Q174060	P31	Q515	instance-of
http://www.wikidata.org/entity/Q1740805	P31	Q34770	instance-of
http://www.wikidata.org/entity/Q174158	P31	Q3918	instance-of
http://www.wikidata.org/entity/Q174237	P31	Q515	instance-of
http://www.wikidata.org/entity/Q1742604	P31	Q3918	instance-of
http://www.wikidata.org/entity/Q174262	P31	Q515	instance-of
http://www.wikidata.org/entity/Q174341	P31	Q515	instance-of
http://www.wikidata.org/entity/Q17444	P31	Q482994	instance-of
http://www.wikidata.org/entity/Q174684	P31	Q515	instance-of
http://www.wikidata.org/entity/Q1748	P31	Q515	instance-of
http://www.wikidata.org/entity/Q174841	P31	Q9143	instance-of
http://www.wikidata.org/entity/Q174916	P31	Q515	instance-of
http://www.wikidata.org/entity/Q1752043	P31	Q3918	instance-of
http://www.wikidata.org/entity/Q175241	P31	Q3918	instance-of
http://www.wikidata.org/entity/Q1753738	P31	Q9143	instance-of
http://www.wikidata.org/entity/Q1754	P31	Q515	instance-of
http://www.wikidata.org/entity/Q17544553	P31	Q482994	instance-of
http://www.wikidata.org/entity/Q175617	P31	Q515	instance-of
http://www.wikidata.org/entity/Q175651	P31	Q515	instance-of
http://www.wikidata.org/entity/Q1757	P31	Q515	instance-of
http://www.wikidata.org/entity/Q1758009	P31	Q3918	instance-of
http://www.wikidata.org/entity/Q175903	P31	Q515	instance-of
http://www.wikidata.org/entity/Q1760791	P31	Q3918	instance-of
http://www.wikidata.org/entity/Q17639755	P31	Q34770	instance-of
http://www.wikidata.org/entity/Q1764	P31	Q515	instance-of
http://www.wikidata.org/entity/Q176984	P31	Q9143	instance-of
http://www.wikidata.org/entity/Q1771717	P31	Q3918	instance-of
http://www.wikidata.org/entity/Q17738	P31	Q11424	instance-of
http://www.wikidata.org/entity/Q177943	P31	Q482994	instance-of
http://www.wikidata.org/entity/Q1780	P31	Q515	instance-of
http://www.wikidata.org/entity/Q178067	P31	Q515	instance-of
http://www.wikidata.org/entity/Q178168	P31	Q515	instance-of
http://www.wikidata.org/entity/Q1782980	P31	Q3918	instance-of
http://www.wikidata.org/entity/Q178405	P31	Q515	instance-of
http://www.wikidata.org/entity/Q17856	P31	Q515	instance-of
http://www.wikidata.org/entity/Q178582	P31	Q515	instance-of
http://www.wikidata.org/entity/Q178663	P31	Q515	instance-of
http://www.wikidata.org/entity/Q1788342	P31	Q3918	instance-of
http://www.wikidata.org/entity/Q178835	P31	Q515	instance-of
http://www.wikidata.org/entity/Q178948	P31	Q515	instance-of
http://www.wikidata.org/entity/Q179046	P31	Q515	instance-of
http://www.wikidata.org/entity/Q179351	P31	Q515	instance-of
http://www.wikidata.org/entity/Q1795928	P31	Q3918	instance-of
http://www.wikidata.org/entity/Q179815	P31	Q515	instance-of
http://www.wikidata.org/entity/Q1800	P31	Q515	instance-of
http://www.wikidata.org/entity/Q180057	P31	Q515	instance-of
http://www.wikidata.org/entity/Q180176	P31	Q515	instance-of
http://www.wikidata.org/entity/Q18021	P31	Q515	instance-of
http://www.wikidata.org/entity/Q180233	P31	Q515	instance-of
http://www.wikidata.org/entity/Q180294	P31	Q515	instance-of
http://www.wikidata.org/entity/Q180522	P31	Q515	instance-of
http://www.wikidata.org/entity/Q1807379	P31	Q9143	instance-of
http://www.wikidata.org/entity/Q180775	P31	Q515	instance-of
http://www.wikidata.org/entity/Q180803	P31	Q515	instance-of
http://www.wikidata.org/entity/Q180810	P31	Q515	instance-of
http://www.wikidata.org/entity/Q1808326	P31	Q3918	instance-of
http://www.wikidata.org/entity/Q180921	P31	Q515	instance-of
http://www.wikidata.org/entity/Q180945	P31	Q34770	instance-of
http://www.wikidata.org/entity/Q181037	P31	Q34770	instance-of
http://www.wikidata.org/entity/Q181069	P31	Q11424	instance-of
http://www.wikidata.org/entity/Q181177	P31	Q3918	instance-of
http://www.wikidata.org/entity/Q18125	P31	Q515	instance-of
http://www.wikidata.org/entity/Q181379	P31	Q515	instance-of
http://www.wikidata.org/entity/Q1815205	P31	Q34770	instance-of
http://www.wikidata.org/entity/Q181557	P31	Q515	instance-of
http://www.wikidata.org/entity/Q1817355	P31	Q3918	instance-of
http://www.wikidata.org/entity/Q181795	P31	Q11424	instance-of
http://www.wikidata.org/entity/Q181803	P31	Q11424	instance-of
http://www.wikidata.org/entity/Q181826	P31	Q482994	instance-of
http://www.wikidata.org/entity/Q181854	P31	Q515	instance-of
http://www.wikidata.org/entity/Q181966	P31	Q515	instance-of
http://www.wikidata.org/entity/Q182009	P31	Q515	instance-of
http://www.wikidata.org/entity/Q182025	P31	Q515	instance-of
http://www.wikidata.org/entity/Q18202981	P31	Q9143	instance-of
http://www.wikidata.org/entity/Q182049	P31	Q515	instance-of
http://www.wikidata.org/entity/Q182059	P31	Q515	instance-of
http://www.wikidata.org/entity/Q182092	P31	Q515	instance-of
http://www.wikidata.org/entity/Q182153	P31	Q11424	instance-of
http://www.wikidata.org/entity/Q182218	P31	Q11424	instance-of
http://www.wikidata.org/entity/Q182299	P31	Q515	instance-of
http://www.wikidata.org/entity/Q182389	P31	Q482994	instance-of
http://www.wikidata.org/entity/Q182481	P31	Q515	instance-of
http://www.wikidata.org/entity/Q182518	P31	Q482994	instance-of
http://www.wikidata.org/entity/Q182521	P31	Q515	instance-of
http://www.wikidata.org/entity/Q182692	P31	Q11424	instance-of
http://www.wikidata.org/entity/Q1828035	P31	Q515	instance-of
http://www.wikidata.org/entity/Q182826	P31	Q482994	instance-of
http://www.wikidata.org/entity/Q182923	P31	Q515	instance-of
http://www.wikidata.org/entity/Q182973	P31	Q3918	instance-of
http://www.wikidata.org/entity/Q182984	P31	Q515	instance-of
http://www.wikidata.org/entity/Q183	P31	Q6256	instance-of
http://www.wikidata.org/entity/Q183124	P31	Q515	instance-of
http://www.wikidata.org/entity/Q183199	P31	Q515	instance-of
http://www.wikidata.org/entity/Q183298	P31	Q515	instance-of
http://www.wikidata.org/entity/Q183303	P31	Q515	instance-of
http://www.wikidata.org/entity/Q183405	P31	Q515	instance-of
http://www.wikidata.org/entity/Q183551	P31	Q515	instance-of
http://www.wikidata.org/entity/Q183584	P31	Q515	instance-of
http://www.wikidata.org/entity/Q183651	P31	Q515	instance-of
http://www.wikidata.org/entity/Q184	P31	Q6256	instance-of
http://www.wikidata.org/entity/Q184046	P31	Q515	instance-of
http://www.wikidata.org/entity/Q184090	P31	Q515	instance-of
http://www.wikidata.org/entity/Q184163	P31	Q515	instance-of
http://www.wikidata.org/entity/Q184184	P31	Q515	instance-of
http://www.wikidata.org/entity/Q1842	P31	Q515	instance-of
http://www.wikidata.org/entity/Q184539	P31	Q515	instance-of
http://www.wikidata.org/entity/Q184768	P31	Q11424	instance-of
http://www.wikidata.org/entity/Q1848	P31	Q515	instance-of
http://www.wikidata.org/entity/Q184843	P31	Q11424	instance-of
http://www.wikidata.org/entity/Q184864	P31	Q515	instance-of
http://www.wikidata.org/entity/Q1850	P31	Q515	instance-of
http://www.wikidata.org/entity/Q1850416	P31	Q3918	instance-of
http://www.wikidata.org/entity/Q185066	P31	Q515	instance-of
http://www.wikidata.org/entity/Q185084	P31	Q515	instance-of
http://www.wikidata.org/entity/Q185121	P31	Q482994	instance-of
http://www.wikidata.org/entity/Q185134	P31	Q515	instance-of
http://www.wikidata.org/entity/Q185156	P31	Q515	instance-of
http://www.wikidata.org/entity/Q185157	P31	Q515	instance-of
http://www.wikidata.org/entity/Q185246	P31	Q3918	instance-of
http://www.wikidata.org/entity/Q185280	P31	Q515	instance-of
http://www.wikidata.org/entity/Q185336	P31	Q515	instance-of
http://www.wikidata.org/entity/Q185345	P31	Q515	instance-of
http://www.wikidata.org/entity/Q185346	P31	Q515	instance-of
http://www.wikidata.org/entity/Q1854	P31	Q515	instance-of
http://www.wikidata.org/entity/Q185453	P31	Q515	instance-of
http://www.wikidata.org/entity/Q185458	P31	Q515	instance-of
http://www.wikidata.org/entity/Q185518	P31	Q515	instance-of
http://www.wikidata.org/entity/Q18569	P31	Q515	instance-of
http://www.wikidata.org/entity/Q1857773	P31	Q3918	instance-of
http://www.wikidata.org/entity/Q1860	P31	Q34770	instance-of
http://www.wikidata.org/entity/Q186040	P31	Q515	instance-of
http://www.wikidata.org/entity/Q1861	P31	Q515	instance-of
http://www.wikidata.org/entity/Q186141	P31	Q515	instance-of
http://www.wikidata.org/entity/Q186142	P31	Q515	instance-of
http://www.wikidata.org/entity/Q186182	P31	Q515	instance-of
http://www.wikidata.org/entity/Q186188	P31	Q482994	instance-of
http://www.wikidata.org/entity/Q186234	P31	Q515	instance-of
http://www.wikidata.org/entity/Q186237	P31	Q515	instance-of
http://www.wikidata.org/entity/Q1863	P31	Q515	instance-of
http://www.wikidata.org/entity/Q1864529	P31	Q9143	instance-of
http://www.wikidata.org/entity/Q1865	P31	Q515	instance-of
http://www.wikidata.org/entity/Q1867	P31	Q515	instance-of
http://www.wikidata.org/entity/Q187284	P31	Q515	instance-of
http://www.wikidata.org/entity/Q187346	P31	Q515	instance-of
http://www.wikidata.org/entity/Q187352	P31	Q515	instance-of
http://www.wikidata.org/entity/Q187507	P31	Q482994	instance-of
http://www.wikidata.org/entity/Q187560	P31	Q9143	instance-of
http://www.wikidata.org/entity/Q187861	P31	Q515	instance-of
http://www.wikidata.org/entity/Q187895	P31	Q515	instance-of
http://www.wikidata.org/entity/Q188022	P31	Q515	instance-of
http://www.wikidata.org/entity/Q18808	P31	Q515	instance-of
http://www.wikidata.org/entity/Q1882071	P31	Q9143	instance-of
http://www.wikidata.org/entity/Q188304	P31	Q515	instance-of
http://www.wikidata.org/entity/Q188336	P31	Q515	instance-of
http://www.wikidata.org/entity/Q188370	P31	Q3918	instance-of
http://www.wikidata.org/entity/Q188436	P31	Q9143	instance-of
http://www.wikidata.org/entity/Q188531	P31	Q9143	instance-of
http://www.wikidata.org/entity/Q188693	P31	Q515	instance-of
http://www.wikidata.org/entity/Q188736	P31	Q6256	instance-of
http://www.wikidata.org/entity/Q1887879	P31	Q3918	instance-of
http://www.wikidata.org/entity/Q1888771	P31	Q3918	instance-of
http://www.wikidata.org/entity/Q188894	P31	Q515	instance-of
http://www.wikidata.org/entity/Q189	P31	Q6256	instance-of
http://www.wikidata.org/entity/Q189022	P31	Q3918	instance-of
http://www.wikidata.org/entity/Q189059	P31	Q515	instance-of
http://www.wikidata.org/entity/Q1891	P31	Q515	instance-of
http://www.wikidata.org/entity/Q189128	P31	Q515	instance-of
http://www.wikidata.org/entity/Q189133	P31	Q515	instance-of
http://www.wikidata.org/entity/Q189134	P31	Q515	instance-of
http://www.wikidata.org/entity/Q189138	P31	Q515	instance-of
http://www.wikidata.org/entity/Q189157	P31	Q515	instance-of
http://www.wikidata.org/entity/Q189383	P31	Q515	instance-of
http://www.wikidata.org/entity/Q189441	P31	Q3918	instance-of
http://www.wikidata.org/entity/Q189546	P31	Q515	instance-of
http://www.wikidata.org/entity/Q1895587	P31	Q9143	instance-of
http://www.wikidata.org/entity/Q1896148	P31	Q3918	instance-of
http://www.wikidata.org/entity/Q189685	P31	Q515	instance-of
http://www.wikidata.org/entity/Q189697	P31	Q515	instance-of
http://www.wikidata.org/entity/Q189901	P31	Q515	instance-of
http://www.wikidata.org/entity/Q189969	P31	Q515	instance-of
http://www.wikidata.org/entity/Q190005	P31	Q515	instance-of
http://www.wikidata.org/entity/Q190021	P31	Q515	instance-of
http://www.wikidata.org/entity/Q190050	P31	Q11424	instance-of
http://www.wikidata.org/entity/Q190086	P31	Q11424	instance-of
http://www.wikidata.org/entity/Q190165	P31	Q515	instance-of
http://www.wikidata.org/entity/Q190184	P31	Q515	instance-of
http://www.wikidata.org/entity/Q190235	P31	Q515	instance-of
http://www.wikidata.org/entity/Q190583	P31	Q515	instance-of
http://www.wikidata.org/entity/Q1906	P31	Q515	instance-of
http://www.wikidata.org/entity/Q19060	P31	Q482994	instance-of
http://www.wikidata.org/entity/Q190640	P31	Q482994	instance-of
http://www.wikidata.org/entity/Q190828	P31	Q515	instance-of
http://www.wikidata.org/entity/Q190847	P31	Q515	instance-of
http://www.wikidata.org/entity/Q190897	P31	Q515	instance-of
http://www.wikidata.org/entity/Q190911	P31	Q482994	instance-of
http://www.wikidata.org/entity/Q190989	P31	Q482994	instance-of
http://www.wikidata.org/entity/Q191	P31	Q6256	instance-of
http://www.wikidata.org/entity/Q191015	P31	Q515	instance-of
http://www.wikidata.org/entity/Q191047	P31	Q515	instance-of
http://www.wikidata.org/entity/Q191170	P31	Q515	instance-of
http://www.wikidata.org/entity/Q191204	P31	Q515	instance-of
http://www.wikidata.org/entity/Q191718	P31	Q515	instance-of
http://www.wikidata.org/entity/Q191764	P31	Q43229	instance-of
http://www.wikidata.org/entity/Q191805	P31	Q515	instance-of
http://www.wikidata.org/entity/Q192155	P31	Q515	instance-of
http://www.wikidata.org/entity/Q192176	P31	Q515	instance-of
http://www.wikidata.org/entity/Q192213	P31	Q515	instance-of
http://www.wikidata.org/entity/Q192225	P31	Q515	instance-of
http://www.wikidata.org/entity/Q192235	P31	Q515	instance-of
http://www.wikidata.org/entity/Q192379	P31	Q515	instance-of
http://www.wikidata.org/entity/Q192508	P31	Q515	instance-of
http://www.wikidata.org/entity/Q192518	P31	Q515	instance-of
http://www.wikidata.org/entity/Q192724	P31	Q11424	instance-of
http://www.wikidata.org/entity/Q192755	P31	Q482994	instance-of
http://www.wikidata.org/entity/Q192807	P31	Q515	instance-of
http://www.wikidata.org/entity/Q1928222	P31	Q9143	instance-of
http://www.wikidata.org/entity/Q192896	P31	Q515	instance-of
http://www.wikidata.org/entity/Q192898	P31	Q515	instance-of
http://www.wikidata.org/entity/Q192918	P31	Q515	instance-of
http://www.wikidata.org/entity/Q192961	P31	Q515	instance-of
http://www.wikidata.org/entity/Q192980	P31	Q515	instance-of
http://www.wikidata.org/entity/Q19300	P31	Q515	instance-of
http://www.wikidata.org/entity/Q193103	P31	Q515	instance-of
http://www.wikidata.org/entity/Q193226	P31	Q515	instance-of
http://www.wikidata.org/entity/Q193229	P31	Q515	instance-of
http://www.wikidata.org/entity/Q193250	P31	Q515	instance-of
http://www.wikidata.org/entity/Q193289	P31	Q515	instance-of
http://www.wikidata.org/entity/Q193367	P31	Q515	instance-of
http://www.wikidata.org/entity/Q193409	P31	Q515	instance-of
http://www.wikidata.org/entity/Q19344	P31	Q515	instance-of
http://www.wikidata.org/entity/Q193445	P31	Q515	instance-of
http://www.wikidata.org/entity/Q19345	P31	Q482994	instance-of
http://www.wikidata.org/entity/Q193452	P31	Q515	instance-of
http://www.wikidata.org/entity/Q193477	P31	Q482994	instance-of
http://www.wikidata.org/entity/Q193478	P31	Q515	instance-of
http://www.wikidata.org/entity/Q193486	P31	Q515	instance-of
http://www.wikidata.org/entity/Q193490	P31	Q482994	instance-of
http://www.wikidata.org/entity/Q193510	P31	Q3918	instance-of
http://www.wikidata.org/entity/Q19355	P31	Q11424	instance-of
http://www.wikidata.org/entity/Q193563	P31	Q43229	instance-of
http://www.wikidata.org/entity/Q193787	P31	Q515	instance-of
http://www.wikidata.org/entity/Q193802	P31	Q515	instance-of
http://www.wikidata.org/entity/Q193821	P31	Q515	instance-of
http://www.wikidata.org/entity/Q193920	P31	Q515	instance-of
http://www.wikidata.org/entity/Q1940803	P31	Q3918	instance-of
http://www.wikidata.org/entity/Q194146	P31	Q515	instance-of
http://www.wikidata.org/entity/Q194164	P31	Q515	instance-of
http://www.wikidata.org/entity/Q194165	P31	Q515	instance-of
http://www.wikidata.org/entity/Q194445	P31	Q3918	instance-of
http://www.wikidata.org/entity/Q194452	P31	Q515	instance-of
http://www.wikidata.org/entity/Q1947	P31	Q515	instance-of
http://www.wikidata.org/entity/Q1957120	P31	Q34770	instance-of
http://www.wikidata.org/entity/Q19583	P31	Q515	instance-of
http://www.wikidata.org/entity/Q195929	P31	Q9143	instance-of
http://www.wikidata.org/entity/Q1960	P31	Q515	instance-of
http://www.wikidata.org/entity/Q1961570	P31	Q3918	instance-of
http://www.wikidata.org/entity/Q196163	P31	Q515	instance-of
http://www.wikidata.org/entity/Q1962613	P31	Q3918	instance-of
http://www.wikidata.org/entity/Q1963	P31	Q515	instance-of
http://www.wikidata.org/entity/Q19689	P31	Q515	instance-of
http://www.wikidata.org/entity/Q1972050	P31	Q3918	instance-of
http://www.wikidata.org/entity/Q1972721	P31	Q3918	instance-of
http://www.wikidata.org/entity/Q197543	P31	Q3918	instance-of
http://www.wikidata.org/entity/Q19755	P31	Q43229	instance-of
http://www.wikidata.org/entity/Q1979891	P31	Q3918	instance-of
http://www.wikidata.org/entity/Q1982248	P31	Q34770	instance-of
http://www.wikidata.org/entity/Q19855	P31	Q482994	instance-of
http://www.wikidata.org/entity/Q19858	P31	Q482994	instance-of
http://www.wikidata.org/entity/Q19862	P31	Q482994	instance-of
http://www.wikidata.org/entity/Q19864441	P31	Q34770	instance-of
http://www.wikidata.org/entity/Q198650	P31	Q515	instance-of
http://www.wikidata.org/entity/Q1989628	P31	Q3918	instance-of
http://www.wikidata.org/entity/Q198989	P31	Q515	instance-of
http://www.wikidata.org/entity/Q199500	P31	Q515	instance-of
http://www.wikidata.org/entity/Q199575	P31	Q515	instance-of
http://www.wikidata.org/entity/Q199585	P31	Q482994	instance-of
http://www.wikidata.org/entity/Q199712	P31	Q515	instance-of
http://www.wikidata.org/entity/Q199723	P31	Q515	instance-of
http://www.wikidata.org/entity/Q199762	P31	Q515	instance-of
http://www.wikidata.org/entity/Q1998811	P31	Q3918	instance-of
http://www.wikidata.org/entity/Q199909	P31	Q515	instance-of
http://www.wikidata.org/entity/Q20	P31	Q6256	instance-of
http://www.wikidata.org/entity/Q200019	P31	Q515	instance-of
http://www.wikidata.org/entity/Q200028	P31	Q515	instance-of
http://www.wikidata.org/entity/Q200030	P31	Q515	instance-of
http://www.wikidata.org/entity/Q200036	P31	Q515	instance-of
http://www.wikidata.org/entity/Q200049	P31	Q515	instance-of
http://www.wikidata.org/entity/Q200061	P31	Q515	instance-of
http://www.wikidata.org/entity/Q200078	P31	Q515	instance-of
http://www.wikidata.org/entity/Q200119	P31	Q515	instance-of
http://www.wikidata.org/entity/Q200123	P31	Q515	instance-of
http://www.wikidata.org/entity/Q200133	P31	Q515	instance-of
http://www.wikidata.org/entity/Q200166	P31	Q515	instance-of
http://www.wikidata.org/entity/Q200237	P31	Q515	instance-of
http://www.wikidata.org/entity/Q2002420	P31	Q3918	instance-of
http://www.wikidata.org/entity/Q2004114	P31	Q3918	instance-of
http://www.wikidata.org/entity/Q2005	P31	Q9143	instance-of
http://www.wikidata.org/entity/Q2005511	P31	Q3918	instance-of
http://www.wikidata.org/entity/Q200709	P31	Q515	instance-of
http://www.wikidata.org/entity/Q200713	P31	Q515	instance-of
http://www.wikidata.org/entity/Q200718	P31	Q515	instance-of
http://www.wikidata.org/entity/Q200733	P31	Q515	instance-of
http://www.wikidata.org/entity/Q20080327	P31	Q9143	instance-of
http://www.wikidata.org/entity/Q200805	P31	Q515	instance-of
http://www.wikidata.org/entity/Q200872	P31	Q482994	instance-of
http://www.wikidata.org/entity/Q200878	P31	Q515	instance-of
http://www.wikidata.org/entity/Q200908	P31	Q515	instance-of
http://www.wikidata.org/entity/Q200951	P31	Q515	instance-of
http://www.wikidata.org/entity/Q201051	P31	Q515	instance-of
http://www.wikidata.org/entity/Q201095	P31	Q515	instance-of
http://www.wikidata.org/entity/Q201101	P31	Q515	instance-of
http://www.wikidata.org/entity/Q201436	P31	Q9143	instance-of
http://www.wikidata.org/entity/Q20162127	P31	Q34770	instance-of
http://www.wikidata.org/entity/Q201816	P31	Q482994	instance-of
http://www.wikidata.org/entity/Q201832	P31	Q515	instance-of
http://www.wikidata.org/entity/Q201949	P31	Q482994	instance-of
http://www.wikidata.org/entity/Q202158	P31	Q515	instance-of
http://www.wikidata.org/entity/Q202162	P31	Q515	instance-of
http://www.wikidata.org/entity/Q202188	P31	Q515	instance-of
http://www.wikidata.org/entity/Q202195	P31	Q515	instance-of
http://www.wikidata.org/entity/Q202337	P31	Q515	instance-of
http://www.wikidata.org/entity/Q2028	P31	Q515	instance-of
http://www.wikidata.org/entity/Q202852	P31	Q515	instance-of
http://www.wikidata.org/entity/Q202973	P31	Q515	instance-of
http://www.wikidata.org/entity/Q2030	P31	Q515	instance-of
http://www.wikidata.org/entity/Q203000	P31	Q515	instance-of
http://www.wikidata.org/entity/Q203197	P31	Q515	instance-of
http://www.wikidata.org/entity/Q203299	P31	Q515	instance-of
http://www.wikidata.org/entity/Q203370	P31	Q515	instance-of
http://www.wikidata.org/entity/Q203380	P31	Q515	instance-of
http://www.wikidata.org/entity/Q203476	P31	Q515	instance-of
http://www.wikidata.org/entity/Q203675	P31	Q515	instance-of
http://www.wikidata.org/entity/Q203995	P31	Q515	instance-of
http://www.wikidata.org/entity/Q204181	P31	Q3918	instance-of
http://www.wikidata.org/entity/Q204234	P31	Q515	instance-of
http://www.wikidata.org/entity/Q204266	P31	Q515	instance-of
http://www.wikidata.org/entity/Q204271	P31	Q515	instance-of
http://www.wikidata.org/entity/Q204317	P31	Q515	instance-of
http://www.wikidata.org/entity/Q204365	P31	Q515	instance-of
http://www.wikidata.org/entity/Q204434	P31	Q515	instance-of
http://www.wikidata.org/entity/Q204439	P31	Q515	instance-of
http://www.wikidata.org/entity/Q204457	P31	Q3918	instance-of
http://www.wikidata.org/entity/Q204626	P31	Q3918	instance-of
http://www.wikidata.org/entity/Q204693	P31	Q9143	instance-of
http://www.wikidata.org/entity/Q204709	P31	Q515	instance-of
http://www.wikidata.org/entity/Q204720	P31	Q515	instance-of
http://www.wikidata.org/entity/Q204905	P31	Q515	instance-of
http://www.wikidata.org/entity/Q20491	P31	Q515	instance-of
http://www.wikidata.org/entity/Q205119	P31	Q515	instance-of
http://www.wikidata.org/entity/Q205458	P31	Q482994	instance-of
http://www.wikidata.org/entity/Q2055	P31	Q515	instance-of
http://www.wikidata.org/entity/Q20572404	P31	Q3918	instance-of
http://www.wikidata.org/entity/Q205792	P31	Q515	instance-of
http://www.wikidata.org/entity/Q205832	P31	Q515	instance-of
http://www.wikidata.org/entity/Q205905	P31	Q515	instance-of
http://www.wikidata.org/entity/Q205942	P31	Q515	instance-of
http://www.wikidata.org/entity/Q205979	P31	Q34770	instance-of
http://www.wikidata.org/entity/Q206040	P31	Q9143	instance-of
http://www.wikidata.org/entity/Q206097	P31	Q482994	instance-of
http://www.wikidata.org/entity/Q2061	P31	Q515	instance-of
http://www.wikidata.org/entity/Q20613396	P31	Q34770	instance-of
http://www.wikidata.org/entity/Q206216	P31	Q482994	instance-of
http://www.wikidata.org/entity/Q20639851	P31	Q34770	instance-of
http://www.wikidata.org/entity/Q206484	P31	Q515	instance-of
http://www.wikidata.org/entity/Q2065666	P31	Q3918	instance-of
http://www.wikidata.org/entity/Q206687	P31	Q515	instance-of
http://www.wikidata.org/entity/Q206702	P31	Q3918	instance-of
http://www.wikidata.org/entity/Q206760	P31	Q515	instance-of
http://www.wikidata.org/entity/Q206879	P31	Q515	instance-of
http://www.wikidata.org/entity/Q206881	P31	Q515	instance-of
http://www.wikidata.org/entity/Q206885	P31	Q515	instance-of
http://www.wikidata.org/entity/Q206891	P31	Q515	instance-of
http://www.wikidata.org/entity/Q206895	P31	Q515	instance-of
http://www.wikidata.org/entity/Q206900	P31	Q515	instance-of
http://www.wikidata.org/entity/Q206903	P31	Q515	instance-of
http://www.wikidata.org/entity/Q206904	P31	Q9143	instance-of
http://www.wikidata.org/entity/Q206954	P31	Q515	instance-of
http://www.wikidata.org/entity/Q206957	P31	Q515	instance-of
http://www.wikidata.org/entity/Q207098	P31	Q515	instance-of
http://www.wikidata.org/entity/Q207223	P31	Q515	instance-of
http://www.wikidata.org/entity/Q207316	P31	Q9143	instance-of
http://www.wikidata.org/entity/Q207322	P31	Q515	instance-of
http://www.wikidata.org/entity/Q207324	P31	Q515	instance-of
http://www.wikidata.org/entity/Q207336	P31	Q482994	instance-of
http://www.wikidata.org/entity/Q207350	P31	Q515	instance-of
http://www.wikidata.org/entity/Q207371	P31	Q515	instance-of
http://www.wikidata.org/entity/Q207438	P31	Q482994	instance-of
http://www.wikidata.org/entity/Q207467	P31	Q515	instance-of
http://www.wikidata.org/entity/Q207470	P31	Q515	instance-of
http://www.wikidata.org/entity/Q207540	P31	Q515	instance-of
http://www.wikidata.org/entity/Q207639	P31	Q515	instance-of
http://www.wikidata.org/entity/Q207749	P31	Q515	instance-of
http://www.wikidata.org/entity/Q207752	P31	Q515	instance-of
http://www.wikidata.org/entity/Q207754	P31	Q515	instance-of
http://www.wikidata.org/entity/Q207756	P31	Q515	instance-of
http://www.wikidata.org/entity/Q207801	P31	Q515	instance-of
http://www.wikidata.org/entity/Q2079	P31	Q515	instance-of
http://www.wikidata.org/entity/Q207935	P31	Q515	instance-of
http://www.wikidata.org/entity/Q207972	P31	Q515	instance-of
http://www.wikidata.org/entity/Q207998	P31	Q515	instance-of
http://www.wikidata.org/entity/Q208005	P31	Q515	instance-of
http://www.wikidata.org/entity/Q208006	P31	Q515	instance-of
http://www.wikidata.org/entity/Q208097	P31	Q515	instance-of
http://www.wikidata.org/entity/Q208098	P31	Q515	instance-of
http://www.wikidata.org/entity/Q208162	P31	Q515	instance-of
http://www.wikidata.org/entity/Q208200	P31	Q515	instance-of
http://www.wikidata.org/entity/Q208293	P31	Q515	instance-of
http://www.wikidata.org/entity/Q208318	P31	Q515	instance-of
http://www.wikidata.org/entity/Q208340	P31	Q482994	instance-of
http://www.wikidata.org/entity/Q208352	P31	Q515	instance-of
http://www.wikidata.org/entity/Q208403	P31	Q515	instance-of
http://www.wikidata.org/entity/Q208472	P31	Q515	instance-of
http://www.wikidata.org/entity/Q208473	P31	Q515	instance-of
http://www.wikidata.org/entity/Q208521	P31	Q482994	instance-of
http://www.wikidata.org/entity/Q208573	P31	Q515	instance-of
http://www.wikidata.org/entity/Q208676	P31	Q482994	instance-of
http://www.wikidata.org/entity/Q208715	P31	Q515	instance-of
http://www.wikidata.org/entity/Q208725	P31	Q515	instance-of
http://www.wikidata.org/entity/Q208948	P31	Q515	instance-of
http://www.wikidata.org/entity/Q209009	P31	Q515	instance-of
http://www.wikidata.org/entity/Q209034	P31	Q515	instance-of
http://www.wikidata.org/entity/Q209176	P31	Q515	instance-of
http://www.wikidata.org/entity/Q209217	P31	Q515	instance-of
http://www.wikidata.org/entity/Q2092358	P31	Q3918	instance-of
http://www.wikidata.org/entity/Q209423	P31	Q515	instance-of
http://www.wikidata.org/entity/Q2095090	P31	Q9143	instance-of
http://www.wikidata.org/entity/Q209537	P31	Q515	instance-of
http://www.wikidata.org/entity/Q209539	P31	Q482994	instance-of
http://www.wikidata.org/entity/Q2096	P31	Q515	instance-of
http://www.wikidata.org/entity/Q2096524	P31	Q3918	instance-of
http://www.wikidata.org/entity/Q20968488	P31	Q34770	instance-of
http://www.wikidata.org/entity/Q209698	P31	Q515	instance-of
http://www.wikidata.org/entity/Q209905	P31	Q515	instance-of
http://www.wikidata.org/entity/Q209925	P31	Q515	instance-of
http://www.wikidata.org/entity/Q209978	P31	Q515	instance-of
http://www.wikidata.org/entity/Q21	P31	Q6256	instance-of
http://www.wikidata.org/entity/Q210007	P31	Q515	instance-of
http://www.wikidata.org/entity/Q210048	P31	Q482994	instance-of
http://www.wikidata.org/entity/Q210161	P31	Q515	instance-of
http://www.wikidata.org/entity/Q210197	P31	Q515	instance-of
http://www.wikidata.org/entity/Q210292	P31	Q515	instance-of
http://www.wikidata.org/entity/Q210296	P31	Q515	instance-of
http://www.wikidata.org/entity/Q210470	P31	Q515	instance-of
http://www.wikidata.org/entity/Q210985	P31	Q515	instance-of
http://www.wikidata.org/entity/Q211	P31	Q6256	instance-of
http://www.wikidata.org/entity/Q211218	P31	Q515	instance-of
http://www.wikidata.org/entity/Q211318	P31	Q515	instance-of
http://www.wikidata.org/entity/Q211343	P31	Q515	instance-of
http://www.wikidata.org/entity/Q211563	P31	Q515	instance-of
http://www.wikidata.org/entity/Q211590	P31	Q515	instance-of
http://www.wikidata.org/entity/Q21168	P31	Q515	instance-of
http://www.wikidata.org/entity/Q21176	P31	Q515	instance-of
http://www.wikidata.org/entity/Q211760	P31	Q515	instance-of
http://www.wikidata.org/entity/Q21180	P31	Q515	instance-of
http://www.wikidata.org/entity/Q211805	P31	Q515	instance-of
http://www.wikidata.org/entity/Q21181	P31	Q515	instance-of
http://www.wikidata.org/entity/Q211811	P31	Q515	instance-of
http://www.wikidata.org/entity/Q211828	P31	Q515	instance-of
http://www.wikidata.org/entity/Q211867	P31	Q515	instance-of
http://www.wikidata.org/entity/Q211950	P31	Q515	instance-of
http://www.wikidata.org/entity/Q211952	P31	Q515	instance-of
http://www.wikidata.org/entity/Q21197	P31	Q515	instance-of
http://www.wikidata.org/entity/Q211970	P31	Q515	instance-of
http://www.wikidata.org/entity/Q2119752	P31	Q3918	instance-of
http://www.wikidata.org/entity/Q212	P31	Q6256	instance-of
http://www.wikidata.org/entity/Q21203	P31	Q6256	instance-of
http://www.wikidata.org/entity/Q212283	P31	Q515	instance-of
http://www.wikidata.org/entity/Q212289	P31	Q515	instance-of
http://www.wikidata.org/entity/Q2123	P31	Q515	instance-of
http://www.wikidata.org/entity/Q212332	P31	Q515	instance-of
http://www.wikidata.org/entity/Q212546	P31	Q515	instance-of
http://www.wikidata.org/entity/Q212569	P31	Q9143	instance-of
http://www.wikidata.org/entity/Q2126436	P31	Q515	instance-of
http://www.wikidata.org/entity/Q212680	P31	Q515	instance-of
http://www.wikidata.org/entity/Q2127	P31	Q515	instance-of
http://www.wikidata.org/entity/Q212757	P31	Q515	instance-of
http://www.wikidata.org/entity/Q212773	P31	Q515	instance-of
http://www.wikidata.org/entity/Q212841	P31	Q515	instance-of
http://www.wikidata.org/entity/Q212863	P31	Q482994	instance-of
http://www.wikidata.org/entity/Q212984	P31	Q515	instance-of
http://www.wikidata.org/entity/Q213	P31	Q6256	instance-of
http://www.wikidata.org/entity/Q213014	P31	Q515	instance-of
http://www.wikidata.org/entity/Q213026	P31	Q515	instance-of
http://www.wikidata.org/entity/Q213127	P31	Q515	instance-of
http://www.wikidata.org/entity/Q213248	P31	Q515	instance-of
http://www.wikidata.org/entity/Q213434	P31	Q34770	instance-of
http://www.wikidata.org/entity/Q213516	P31	Q482994	instance-of
http://www.wikidata.org/entity/Q2138	P31	Q515	instance-of
http://www.wikidata.org/entity/Q213898	P31	Q515	instance-of
http://www.wikidata.org/entity/Q214	P31	Q6256	instance-of
http://www.wikidata.org/entity/Q214178	P31	Q515	instance-of
http://www.wikidata.org/entity/Q214248	P31	Q515	instance-of
http://www.wikidata.org/entity/Q214303	P31	Q515	instance-of
http://www.wikidata.org/entity/Q214341	P31	Q3918	instance-of
http://www.wikidata.org/entity/Q214344	P31	Q515	instance-of
http://www.wikidata.org/entity/Q214485	P31	Q515	instance-of
http://www.wikidata.org/entity/Q214495	P31	Q515	instance-of
http://www.wikidata.org/entity/Q214651	P31	Q515	instance-of
http://www.wikidata.org/entity/Q214655	P31	Q515	instance-of
http://www.wikidata.org/entity/Q214681	P31	Q515	instance-of
http://www.wikidata.org/entity/Q215	P31	Q6256	instance-of
http://www.wikidata.org/entity/Q215080	P31	Q515	instance-of
http://www.wikidata.org/entity/Q215277	P31	Q515	instance-of
http://www.wikidata.org/entity/Q215633	P31	Q515	instance-of
http://www.wikidata.org/entity/Q216	P31	Q515	instance-of
http://www.wikidata.org/entity/Q216075	P31	Q515	instance-of
http://www.wikidata.org/entity/Q2160963	P31	Q9143	instance-of
http://www.wikidata.org/entity/Q216243	P31	Q3918	instance-of
http://www.wikidata.org/entity/Q216638	P31	Q515	instance-of
http://www.wikidata.org/entity/Q2166735	P31	Q9143	instance-of
http://www.wikidata.org/entity/Q2167	P31	Q515	instance-of
http://www.wikidata.org/entity/Q216835	P31	Q515	instance-of
http://www.wikidata.org/entity/Q216847	P31	Q515	instance-of
http://www.wikidata.org/entity/Q216853	P31	Q515	instance-of
http://www.wikidata.org/entity/Q216902	P31	Q515	instance-of
http://www.wikidata.org/entity/Q216912	P31	Q515	instance-of
http://www.wikidata.org/entity/Q216939	P31	Q515	instance-of
http://www.wikidata.org/entity/Q216990	P31	Q515	instance-of
http://www.wikidata.org/entity/Q217	P31	Q6256	instance-of
http://www.wikidata.org/entity/Q217040	P31	Q515	instance-of
http://www.wikidata.org/entity/Q217071	P31	Q515	instance-of
http://www.wikidata.org/entity/Q217125	P31	Q515	instance-of
http://www.wikidata.org/entity/Q217156	P31	Q515	instance-of
http://www.wikidata.org/entity/Q217426	P31	Q515	instance-of
http://www.wikidata.org/entity/Q217439	P31	Q3918	instance-of
http://www.wikidata.org/entity/Q217443	P31	Q515	instance-of
http://www.wikidata.org/entity/Q2177054	P31	Q3918	instance-of
http://www.wikidata.org/entity/Q217720	P31	Q515	instance-of
http://www.wikidata.org/entity/Q218	P31	Q6256	instance-of
http://www.wikidata.org/entity/Q218170	P31	Q9143	instance-of
http://www.wikidata.org/entity/Q21838040	P31	Q34770	instance-of
http://www.wikidata.org/entity/Q218513	P31	Q482994	instance-of
http://www.wikidata.org/entity/Q218861	P31	Q515	instance-of
http://www.wikidata.org/entity/Q218928	P31	Q515	instance-of
http://www.wikidata.org/entity/Q219	P31	Q6256	instance-of
http://www.wikidata.org/entity/Q219060	P31	Q6256	instance-of
http://www.wikidata.org/entity/Q219117	P31	Q515	instance-of
http://www.wikidata.org/entity/Q21921428	P31	Q9143	instance-of
http://www.wikidata.org/entity/Q219564	P31	Q3918	instance-of
http://www.wikidata.org/entity/Q219583	P31	Q515	instance-of
http://www.wikidata.org/entity/Q219671	P31	Q515	instance-of
http://www.wikidata.org/entity/Q2203	P31	Q515	instance-of
http://www.wikidata.org/entity/Q220843	P31	Q515	instance-of
http://www.wikidata.org/entity/Q221	P31	Q6256	instance-of
http://www.wikidata.org/entity/Q2211	P31	Q515	instance-of
http://www.wikidata.org/entity/Q221447	P31	Q515	instance-of
http://www.wikidata.org/entity/Q221734	P31	Q515	instance-of
http://www.wikidata.org/entity/Q221914	P31	Q515	instance-of
http://www.wikidata.org/entity/Q221921	P31	Q515	instance-of
http://www.wikidata.org/entity/Q222	P31	Q6256	instance-of
http://www.wikidata.org/entity/Q222001	P31	Q482994	instance-of
http://www.wikidata.org/entity/Q2222616	P31	Q515	instance-of
http://www.wikidata.org/entity/Q222267	P31	Q515	instance-of
http://www.wikidata.org/entity/Q2222874	P31	Q515	instance-of
http://www.wikidata.org/entity/Q222738	P31	Q3918	instance-of
http://www.wikidata.org/entity/Q222755	P31	Q515	instance-of
http://www.wikidata.org/entity/Q223	P31	Q6256	instance-of
http://www.wikidata.org/entity/Q223154	P31	Q515	instance-of
http://www.wikidata.org/entity/Q223314	P31	Q515	instance-of
http://www.wikidata.org/entity/Q223433	P31	Q9143	instance-of
http://www.wikidata.org/entity/Q223587	P31	Q515	instance-of
http://www.wikidata.org/entity/Q223679	P31	Q9143	instance-of
http://www.wikidata.org/entity/Q223761	P31	Q515	instance-of
http://www.wikidata.org/entity/Q223914	P31	Q515	instance-of
http://www.wikidata.org/entity/Q223920	P31	Q515	instance-of
http://www.wikidata.org/entity/Q223966	P31	Q515	instance-of
http://www.wikidata.org/entity/Q224	P31	Q6256	instance-of
http://www.wikidata.org/entity/Q225	P31	Q6256	instance-of
http://www.wikidata.org/entity/Q2256	P31	Q515	instance-of
http://www.wikidata.org/entity/Q225641	P31	Q515	instance-of
http://www.wikidata.org/entity/Q226	P31	Q515	instance-of
http://www.wikidata.org/entity/Q2261128	P31	Q3918	instance-of
http://www.wikidata.org/entity/Q2268	P31	Q34770	instance-of
http://www.wikidata.org/entity/Q227	P31	Q6256	instance-of
http://www.wikidata.org/entity/Q22711	P31	Q34770	instance-of
http://www.wikidata.org/entity/Q228	P31	Q6256	instance-of
http://www.wikidata.org/entity/Q22809485	P31	Q34770	instance-of
http://www.wikidata.org/entity/Q2281517	P31	Q3918	instance-of
http://www.wikidata.org/entity/Q2281564	P31	Q3918	instance-of
http://www.wikidata.org/entity/Q228405	P31	Q515	instance-of
http://www.wikidata.org/entity/Q22889	P31	Q515	instance-of
http://www.wikidata.org/entity/Q229	P31	Q6256	instance-of
http://www.wikidata.org/entity/Q22905	P31	Q515	instance-of
http://www.wikidata.org/entity/Q2292517	P31	Q515	instance-of
http://www.wikidata.org/entity/Q22948260	P31	Q34770	instance-of
http://www.wikidata.org/entity/Q22948538	P31	Q34770	instance-of
http://www.wikidata.org/entity/Q22949342	P31	Q34770	instance-of
http://www.wikidata.org/entity/Q2298909	P31	Q9143	instance-of
http://www.wikidata.org/entity/Q230	P31	Q6256	instance-of
http://www.wikidata.org/entity/Q230104	P31	Q515	instance-of
http://www.wikidata.org/entity/Q2302663	P31	Q3918	instance-of
http://www.wikidata.org/entity/Q2303102	P31	Q3918	instance-of
http://www.wikidata.org/entity/Q23051	P31	Q515	instance-of
http://www.wikidata.org/entity/Q230628	P31	Q515	instance-of
http://www.wikidata.org/entity/Q23070	P31	Q515	instance-of
http://www.wikidata.org/entity/Q230818	P31	Q515	instance-of
http://www.wikidata.org/entity/Q230899	P31	Q3918	instance-of
http://www.wikidata.org/entity/Q23154	P31	Q515	instance-of
http://www.wikidata.org/entity/Q231765	P31	Q515	instance-of
http://www.wikidata.org/entity/Q232	P31	Q6256	instance-of
http://www.wikidata.org/entity/Q232009	P31	Q11424	instance-of
http://www.wikidata.org/entity/Q232842	P31	Q515	instance-of
http://www.wikidata.org/entity/Q233	P31	Q6256	instance-of
http://www.wikidata.org/entity/Q23311	P31	Q515	instance-of
http://www.wikidata.org/entity/Q234056	P31	Q515	instance-of
http://www.wikidata.org/entity/Q234178	P31	Q515	instance-of
http://www.wikidata.org/entity/Q234184	P31	Q515	instance-of
http://www.wikidata.org/entity/Q23430	P31	Q515	instance-of
http://www.wikidata.org/entity/Q23436	P31	Q515	instance-of
http://www.wikidata.org/entity/Q23438	P31	Q515	instance-of
http://www.wikidata.org/entity/Q234600	P31	Q515	instance-of
http://www.wikidata.org/entity/Q234657	P31	Q9143	instance-of
http://www.wikidata.org/entity/Q2347334	P31	Q9143	instance-of
http://www.wikidata.org/entity/Q235	P31	Q6256	instance-of
http://www.wikidata.org/entity/Q235086	P31	Q9143	instance-of
http://www.wikidata.org/entity/Q23551	P31	Q515	instance-of
http://www.wikidata.org/entity/Q235571	P31	Q515	instance-of
http://www.wikidata.org/entity/Q23564	P31	Q515	instance-of
http://www.wikidata.org/entity/Q236	P31	Q6256	instance-of
http://www.wikidata.org/entity/Q236083	P31	Q515	instance-of
http://www.wikidata.org/entity/Q23681	P31	Q6256	instance-of
http://www.wikidata.org/entity/Q237	P31	Q6256	instance-of
http://www.wikidata.org/entity/Q2370	P31	Q9143	instance-of
http://www.wikidata.org/entity/Q237409	P31	Q34770	instance-of
http://www.wikidata.org/entity/Q2378	P31	Q9143	instance-of
http://www.wikidata.org/entity/Q23780914	P31	Q11424	instance-of
http://www.wikidata.org/entity/Q23781155	P31	Q11424	instance-of
http://www.wikidata.org/entity/Q237847	P31	Q515	instance-of
http://www.wikidata.org/entity/Q238	P31	Q6256	instance-of
http://www.wikidata.org/entity/Q23800	P31	Q515	instance-of
http://www.wikidata.org/entity/Q2380124	P31	Q34770	instance-of
http://www.wikidata.org/entity/Q238217	P31	Q515	instance-of
http://www.wikidata.org/entity/Q238452	P31	Q515	instance-of
http://www.wikidata.org/entity/Q238508	P31	Q515	instance-of
http://www.wikidata.org/entity/Q239097	P31	Q515	instance-of
http://www.wikidata.org/entity/Q239107	P31	Q515	instance-of
http://www.wikidata.org/entity/Q2392351	P31	Q3918	instance-of
http://www.wikidata.org/entity/Q239266	P31	Q515	instance-of
http://www.wikidata.org/entity/Q239421	P31	Q515	instance-of
http://www.wikidata.org/entity/Q239580	P31	Q515	instance-of
http://www.wikidata.org/entity/Q2407	P31	Q9143	instance-of
http://www.wikidata.org/entity/Q241	P31	Q6256	instance-of
http://www.wikidata.org/entity/Q241122	P31	Q515	instance-of
http://www.wikidata.org/entity/Q241298	P31	Q515	instance-of
http://www.wikidata.org/entity/Q241767	P31	Q515	instance-of
http://www.wikidata.org/entity/Q242	P31	Q6256	instance-of
http://www.wikidata.org/entity/Q242144	P31	Q515	instance-of
http://www.wikidata.org/entity/Q242497	P31	Q515	instance-of
http://www.wikidata.org/entity/Q242587	P31	Q515	instance-of
http://www.wikidata.org/entity/Q2428476	P31	Q9143	instance-of
http://www.wikidata.org/entity/Q242895	P31	Q515	instance-of
http://www.wikidata.org/entity/Q242898	P31	Q515	instance-of
http://www.wikidata.org/entity/Q242992	P31	Q515	instance-of
http://www.wikidata.org/entity/Q242995	P31	Q515	instance-of
http://www.wikidata.org/entity/Q243319	P31	Q515	instance-of
http://www.wikidata.org/entity/Q243322	P31	Q515	instance-of
http://www.wikidata.org/entity/Q243325	P31	Q515	instance-of
http://www.wikidata.org/entity/Q243699	P31	Q515	instance-of
http://www.wikidata.org/entity/Q2438046	P31	Q9143	instance-of
http://www.wikidata.org/entity/Q243846	P31	Q515	instance-of
http://www.wikidata.org/entity/Q243859	P31	Q515	instance-of
http://www.wikidata.org/entity/Q244	P31	Q6256	instance-of
http://www.wikidata.org/entity/Q244004	P31	Q515	instance-of
http://www.wikidata.org/entity/Q244139	P31	Q515	instance-of
http://www.wikidata.org/entity/Q244154	P31	Q515	instance-of
http://www.wikidata.org/entity/Q244159	P31	Q515	instance-of
http://www.wikidata.org/entity/Q244236	P31	Q515	instance-of
http://www.wikidata.org/entity/Q244509	P31	Q515	instance-of
http://www.wikidata.org/entity/Q2445129	P31	Q34770	instance-of
http://www.wikidata.org/entity/Q244627	P31	Q9143	instance-of
http://www.wikidata.org/entity/Q244747	P31	Q515	instance-of
http://www.wikidata.org/entity/Q244898	P31	Q515	instance-of
http://www.wikidata.org/entity/Q2449	P31	Q515	instance-of
http://www.wikidata.org/entity/Q245023	P31	Q515	instance-of
http://www.wikidata.org/entity/Q2453446	P31	Q3918	instance-of
http://www.wikidata.org/entity/Q2467	P31	Q515	instance-of
http://www.wikidata.org/entity/Q2471	P31	Q515	instance-of
http://www.wikidata.org/entity/Q24815	P31	Q11424	instance-of
http://www.wikidata.org/entity/Q24826	P31	Q515	instance-of
http://www.wikidata.org/entity/Q24871	P31	Q11424	instance-of
http://www.wikidata.org/entity/Q24909565	P31	Q9143	instance-of
http://www.wikidata.org/entity/Q24912301	P31	Q34770	instance-of
http://www.wikidata.org/entity/Q2495760	P31	Q3918	instance-of
http://www.wikidata.org/entity/Q2496046	P31	Q3918	instance-of
http://www.wikidata.org/entity/Q2496233	P31	Q3918	instance-of
http://www.wikidata.org/entity/Q249884	P31	Q515	instance-of
http://www.wikidata.org/entity/Q249994	P31	Q515	instance-of
http://www.wikidata.org/entity/Q249996	P31	Q515	instance-of
http://www.wikidata.org/entity/Q2501174	P31	Q34770	instance-of
http://www.wikidata.org/entity/Q25035641	P31	Q34770	instance-of
http://www.wikidata.org/entity/Q2503809	P31	Q3918	instance-of
http://www.wikidata.org/entity/Q25044405	P31	Q34770	instance-of
http://www.wikidata.org/entity/Q251	P31	Q9143	instance-of
http://www.wikidata.org/entity/Q25110469	P31	Q34770	instance-of
http://www.wikidata.org/entity/Q251329	P31	Q515	instance-of
http://www.wikidata.org/entity/Q25164	P31	Q34770	instance-of
http://www.wikidata.org/entity/Q25167	P31	Q34770	instance-of
http://www.wikidata.org/entity/Q251678	P31	Q515	instance-of
http://www.wikidata.org/entity/Q25188	P31	Q11424	instance-of
http://www.wikidata.org/entity/Q252	P31	Q6256	instance-of
http://www.wikidata.org/entity/Q252349	P31	Q34770	instance-of
http://www.wikidata.org/entity/Q25258	P31	Q34770	instance-of
http://www.wikidata.org/entity/Q25270	P31	Q515	instance-of
http://www.wikidata.org/entity/Q25279	P31	Q6256	instance-of
http://www.wikidata.org/entity/Q25282	P31	Q515	instance-of
http://www.wikidata.org/entity/Q25286	P31	Q515	instance-of
http://www.wikidata.org/entity/Q2529518	P31	Q3918	instance-of
http://www.wikidata.org/entity/Q2531629	P31	Q3918	instance-of
http://www.wikidata.org/entity/Q25390	P31	Q515	instance-of
http://www.wikidata.org/entity/Q25409	P31	Q515	instance-of
http://www.wikidata.org/entity/Q25442	P31	Q34770	instance-of
http://www.wikidata.org/entity/Q25475	P31	Q515	instance-of
http://www.wikidata.org/entity/Q255455	P31	Q515	instance-of
http://www.wikidata.org/entity/Q25559652	P31	Q34770	instance-of
http://www.wikidata.org/entity/Q25559662	P31	Q34770	instance-of
http://www.wikidata.org/entity/Q2567934	P31	Q34770	instance-of
http://www.wikidata.org/entity/Q25797	P31	Q515	instance-of
http://www.wikidata.org/entity/Q258	P31	Q6256	instance-of
http://www.wikidata.org/entity/Q25804	P31	Q515	instance-of
http://www.wikidata.org/entity/Q2586893	P31	Q34770	instance-of
http://www.wikidata.org/entity/Q25953	P31	Q34770	instance-of
http://www.wikidata.org/entity/Q26040	P31	Q515	instance-of
http://www.wikidata.org/entity/Q260911	P31	Q515	instance-of
http://www.wikidata.org/entity/Q261076	P31	Q515	instance-of
http://www.wikidata.org/entity/Q26119	P31	Q515	instance-of
http://www.wikidata.org/entity/Q261243	P31	Q515	instance-of
http://www.wikidata.org/entity/Q26155	P31	Q515	instance-of
http://www.wikidata.org/entity/Q26175	P31	Q515	instance-of
http://www.wikidata.org/entity/Q2618974	P31	Q34770	instance-of
http://www.wikidata.org/entity/Q262	P31	Q6256	instance-of
http://www.wikidata.org/entity/Q26234	P31	Q515	instance-of
http://www.wikidata.org/entity/Q262579	P31	Q515	instance-of
http://www.wikidata.org/entity/Q26268	P31	Q515	instance-of
http://www.wikidata.org/entity/Q26273	P31	Q6256	instance-of
http://www.wikidata.org/entity/Q262854	P31	Q3918	instance-of
http://www.wikidata.org/entity/Q2630324	P31	Q9143	instance-of
http://www.wikidata.org/entity/Q2634	P31	Q515	instance-of
http://www.wikidata.org/entity/Q263544	P31	Q9143	instance-of
http://www.wikidata.org/entity/Q26393	P31	Q515	instance-of
http://www.wikidata.org/entity/Q26397	P31	Q515	instance-of
http://www.wikidata.org/entity/Q26421	P31	Q515	instance-of
http://www.wikidata.org/entity/Q26432	P31	Q515	instance-of
http://www.wikidata.org/entity/Q265	P31	Q6256	instance-of
http://www.wikidata.org/entity/Q26521	P31	Q515	instance-of
http://www.wikidata.org/entity/Q2656	P31	Q515	instance-of
http://www.wikidata.org/entity/Q26563	P31	Q515	instance-of
http://www.wikidata.org/entity/Q26569	P31	Q515	instance-of
http://www.wikidata.org/entity/Q2658244	P31	Q9143	instance-of
http://www.wikidata.org/entity/Q266417	P31	Q34770	instance-of
http://www.wikidata.org/entity/Q266896	P31	Q515	instance-of
http://www.wikidata.org/entity/Q2669219	P31	Q34770	instance-of
http://www.wikidata.org/entity/Q2671999	P31	Q9143	instance-of
http://www.wikidata.org/entity/Q26793	P31	Q515	instance-of
http://www.wikidata.org/entity/Q2683	P31	Q515	instance-of
http://www.wikidata.org/entity/Q26881	P31	Q515	instance-of
http://www.wikidata.org/entity/Q26898358	P31	Q482994	instance-of
http://www.wikidata.org/entity/Q269	P31	Q515	instance-of
http://www.wikidata.org/entity/Q26906	P31	Q515	instance-of
http://www.wikidata.org/entity/Q26937	P31	Q515	instance-of
http://www.wikidata.org/entity/Q26988	P31	Q6256	instance-of
http://www.wikidata.org/entity/Q269899	P31	Q515	instance-of
http://www.wikidata.org/entity/Q269960	P31	Q515	instance-of
http://www.wikidata.org/entity/Q269980	P31	Q515	instance-of
http://www.wikidata.org/entity/Q27	P31	Q6256	instance-of
http://www.wikidata.org/entity/Q270	P31	Q515	instance-of
http://www.wikidata.org/entity/Q27001	P31	Q515	instance-of
http://www.wikidata.org/entity/Q270041	P31	Q515	instance-of
http://www.wikidata.org/entity/Q270176	P31	Q515	instance-of
http://www.wikidata.org/entity/Q270222	P31	Q3918	instance-of
http://www.wikidata.org/entity/Q2704	P31	Q515	instance-of
http://www.wikidata.org/entity/Q270535	P31	Q515	instance-of
http://www.wikidata.org/entity/Q270734	P31	Q515	instance-of
http://www.wikidata.org/entity/Q2707343	P31	Q34770	instance-of
http://www.wikidata.org/entity/Q270821	P31	Q515	instance-of
http://www.wikidata.org/entity/Q27116	P31	Q515	instance-of
http://www.wikidata.org/entity/Q27119	P31	Q515	instance-of
http://www.wikidata.org/entity/Q2712572	P31	Q34770	instance-of
http://www.wikidata.org/entity/Q27168	P31	Q515	instance-of
http://www.wikidata.org/entity/Q271771	P31	Q515	instance-of
http://www.wikidata.org/entity/Q271911	P31	Q515	instance-of
http://www.wikidata.org/entity/Q2719893	P31	Q34770	instance-of
http://www.wikidata.org/entity/Q2723670	P31	Q3918	instance-of
http://www.wikidata.org/entity/Q272471	P31	Q515	instance-of
http://www.wikidata.org/entity/Q27265	P31	Q3918	instance-of
http://www.wikidata.org/entity/Q272680	P31	Q515	instance-of
http://www.wikidata.org/entity/Q272795	P31	Q515	instance-of
http://www.wikidata.org/entity/Q273030	P31	Q515	instance-of
http://www.wikidata.org/entity/Q2734	P31	Q515	instance-of
http://www.wikidata.org/entity/Q273779	P31	Q515	instance-of
http://www.wikidata.org/entity/Q27393	P31	Q515	instance-of
http://www.wikidata.org/entity/Q274120	P31	Q515	instance-of
http://www.wikidata.org/entity/Q27425	P31	Q515	instance-of
http://www.wikidata.org/entity/Q2743297	P31	Q482994	instance-of
http://www.wikidata.org/entity/Q27447	P31	Q515	instance-of
http://www.wikidata.org/entity/Q27452	P31	Q515	instance-of
http://www.wikidata.org/entity/Q27480	P31	Q34770	instance-of
http://www.wikidata.org/entity/Q2751	P31	Q515	instance-of
http://www.wikidata.org/entity/Q275131	P31	Q9143	instance-of
http://www.wikidata.org/entity/Q275472	P31	Q9143	instance-of
http://www.wikidata.org/entity/Q275635	P31	Q515	instance-of
http://www.wikidata.org/entity/Q2759	P31	Q515	instance-of
http://www.wikidata.org/entity/Q2762100	P31	Q515	instance-of
http://www.wikidata.org/entity/Q276537	P31	Q515	instance-of
http://www.wikidata.org/entity/Q2766547	P31	Q515	instance-of
http://www.wikidata.org/entity/Q27683	P31	Q34770	instance-of
http://www.wikidata.org/entity/Q277664	P31	Q3918	instance-of
http://www.wikidata.org/entity/Q277681	P31	Q3918	instance-of
http://www.wikidata.org/entity/Q277710	P31	Q9143	instance-of
http://www.wikidata.org/entity/Q278204	P31	Q515	instance-of
http://www.wikidata.org/entity/Q279	P31	Q515	instance-of
http://www.wikidata.org/entity/Q2790	P31	Q515	instance-of
http://www.wikidata.org/entity/Q27926110	P31	Q34770	instance-of
http://www.wikidata.org/entity/Q279350	P31	Q34770	instance-of
http://www.wikidata.org/entity/Q2794758	P31	Q515	instance-of
http://www.wikidata.org/entity/Q2796873	P31	Q34770	instance-of
http://www.wikidata.org/entity/Q28	P31	Q6256	instance-of
http://www.wikidata.org/entity/Q280824	P31	Q3918	instance-of
http://www.wikidata.org/entity/Q28176	P31	Q34770	instance-of
http://www.wikidata.org/entity/Q28335	P31	Q34770	instance-of
http://www.wikidata.org/entity/Q283368	P31	Q515	instance-of
http://www.wikidata.org/entity/Q28400	P31	Q34770	instance-of
http://www.wikidata.org/entity/Q2844	P31	Q515	instance-of
http://www.wikidata.org/entity/Q284604	P31	Q515	instance-of
http://www.wikidata.org/entity/Q28516	P31	Q515	instance-of
http://www.wikidata.org/entity/Q28602	P31	Q34770	instance-of
http://www.wikidata.org/entity/Q286196	P31	Q9143	instance-of
http://www.wikidata.org/entity/Q2868	P31	Q515	instance-of
http://www.wikidata.org/entity/Q28695	P31	Q3918	instance-of
http://www.wikidata.org/entity/Q28729	P31	Q515	instance-of
http://www.wikidata.org/entity/Q2875	P31	Q11424	instance-of
http://www.wikidata.org/entity/Q2877155	P31	Q9143	instance-of
http://www.wikidata.org/entity/Q2891049	P31	Q34770	instance-of
http://www.wikidata.org/entity/Q28911	P31	Q515	instance-of
http://www.wikidata.org/entity/Q289693	P31	Q515	instance-of
http://www.wikidata.org/entity/Q29	P31	Q6256	instance-of
http://www.wikidata.org/entity/Q2900	P31	Q515	instance-of
http://www.wikidata.org/entity/Q29042	P31	Q515	instance-of
http://www.wikidata.org/entity/Q2907	P31	Q515	instance-of
http://www.wikidata.org/entity/Q2910067	P31	Q34770	instance-of
http://www.wikidata.org/entity/Q292068	P31	Q9143	instance-of
http://www.wikidata.org/entity/Q29292	P31	Q34770	instance-of
http://www.wikidata.org/entity/Q29303	P31	Q515	instance-of
http://www.wikidata.org/entity/Q29316	P31	Q34770	instance-of
http://www.wikidata.org/entity/Q2933	P31	Q515	instance-of
http://www.wikidata.org/entity/Q2936374	P31	Q34770	instance-of
http://www.wikidata.org/entity/Q29440	P31	Q34770	instance-of
http://www.wikidata.org/entity/Q29540	P31	Q34770	instance-of
http://www.wikidata.org/entity/Q29579	P31	Q34770	instance-of
http://www.wikidata.org/entity/Q298	P31	Q6256	instance-of
http://www.wikidata.org/entity/Q2988323	P31	Q34770	instance-of
http://www.wikidata.org/entity/Q29888	P31	Q515	instance-of
http://www.wikidata.org/entity/Q29962	P31	Q515	instance-of
http://www.wikidata.org/entity/Q2999	P31	Q515	instance-of
http://www.wikidata.org/entity/Q29999	P31	Q6256	instance-of
http://www.wikidata.org/entity/Q30	P31	Q6256	instance-of
http://www.wikidata.org/entity/Q30002	P31	Q515	instance-of
http://www.wikidata.org/entity/Q30004	P31	Q34770	instance-of
http://www.wikidata.org/entity/Q3001	P31	Q515	instance-of
http://www.wikidata.org/entity/Q300577	P31	Q515	instance-of
http://www.wikidata.org/entity/Q300867	P31	Q9143	instance-of
http://www.wikidata.org/entity/Q300897	P31	Q9143	instance-of
http://www.wikidata.org/entity/Q3012	P31	Q515	instance-of
http://www.wikidata.org/entity/Q30130163	P31	Q34770	instance-of
http://www.wikidata.org/entity/Q30319	P31	Q34770	instance-of
http://www.wikidata.org/entity/Q3033565	P31	Q34770	instance-of
http://www.wikidata.org/entity/Q3033726	P31	Q34770	instance-of
http://www.wikidata.org/entity/Q3037	P31	Q515	instance-of
http://www.wikidata.org/entity/Q3043	P31	Q515	instance-of
http://www.wikidata.org/entity/Q3056813	P31	Q3918	instance-of
http://www.wikidata.org/entity/Q30597440	P31	Q34770	instance-of
http://www.wikidata.org/entity/Q30620	P31	Q515	instance-of
http://www.wikidata.org/entity/Q306626	P31	Q34770	instance-of
http://www.wikidata.org/entity/Q3070	P31	Q515	instance-of
http://www.wikidata.org/entity/Q3083213	P31	Q34770	instance-of
http://www.wikidata.org/entity/Q30898	P31	Q34770	instance-of
http://www.wikidata.org/entity/Q309021	P31	Q482994	instance-of
http://www.wikidata.org/entity/Q309164	P31	Q515	instance-of
http://www.wikidata.org/entity/Q309348	P31	Q515	instance-of
http://www.wikidata.org/entity/Q309442	P31	Q515	instance-of
http://www.wikidata.org/entity/Q30963	P31	Q515	instance-of
http://www.wikidata.org/entity/Q30970	P31	Q515	instance-of
http://www.wikidata.org/entity/Q30985	P31	Q515	instance-of
http://www.wikidata.org/entity/Q30990	P31	Q515	instance-of
http://www.wikidata.org/entity/Q30994	P31	Q515	instance-of
http://www.wikidata.org/entity/Q30996	P31	Q515	instance-of
http://www.wikidata.org/entity/Q31	P31	Q6256	instance-of
http://www.wikidata.org/entity/Q3100814	P31	Q34770	instance-of
http://www.wikidata.org/entity/Q310117	P31	Q515	instance-of
http://www.wikidata.org/entity/Q3107095	P31	Q3918	instance-of
http://www.wikidata.org/entity/Q310842	P31	Q3918	instance-of
http://www.wikidata.org/entity/Q310893	P31	Q515	instance-of
http://www.wikidata.org/entity/Q311099	P31	Q515	instance-of
http://www.wikidata.org/entity/Q3111838	P31	Q34770	instance-of
http://www.wikidata.org/entity/Q311321	P31	Q515	instance-of
http://www.wikidata.org/entity/Q3114	P31	Q515	instance-of
http://www.wikidata.org/entity/Q31174256	P31	Q34770	instance-of
http://www.wikidata.org/entity/Q311946	P31	Q515	instance-of
http://www.wikidata.org/entity/Q3119695	P31	Q34770	instance-of
http://www.wikidata.org/entity/Q3120736	P31	Q34770	instance-of
http://www.wikidata.org/entity/Q3120966	P31	Q515	instance-of
http://www.wikidata.org/entity/Q3121045	P31	Q34770	instance-of
http://www.wikidata.org/entity/Q3126783	P31	Q34770	instance-of
http://www.wikidata.org/entity/Q312723	P31	Q515	instance-of
http://www.wikidata.org/entity/Q312759	P31	Q515	instance-of
http://www.wikidata.org/entity/Q31295480	P31	Q34770	instance-of
http://www.wikidata.org/entity/Q3130	P31	Q515	instance-of
http://www.wikidata.org/entity/Q3133606	P31	Q3918	instance-of
http://www.wikidata.org/entity/Q3135234	P31	Q34770	instance-of
http://www.wikidata.org/entity/Q3135421	P31	Q34770	instance-of
http://www.wikidata.org/entity/Q3138	P31	Q515	instance-of
http://www.wikidata.org/entity/Q3141	P31	Q515	instance-of
http://www.wikidata.org/entity/Q314536	P31	Q3918	instance-of
http://www.wikidata.org/entity/Q31493	P31	Q515	instance-of
http://www.wikidata.org/entity/Q31519	P31	Q3918	instance-of
http://www.wikidata.org/entity/Q31519	P31	Q43229	instance-of
http://www.wikidata.org/entity/Q31565	P31	Q515	instance-of
http://www.wikidata.org/entity/Q315658	P31	Q3918	instance-of
http://www.wikidata.org/entity/Q31572	P31	Q515	instance-of
http://www.wikidata.org/entity/Q31610	P31	Q515	instance-of
http://www.wikidata.org/entity/Q317145	P31	Q515	instance-of
http://www.wikidata.org/entity/Q31805	P31	Q515	instance-of
http://www.wikidata.org/entity/Q318156	P31	Q515	instance-of
http://www.wikidata.org/entity/Q318245	P31	Q515	instance-of
http://www.wikidata.org/entity/Q3182567	P31	Q34770	instance-of
http://www.wikidata.org/entity/Q3183	P31	Q515	instance-of
http://www.wikidata.org/entity/Q318418	P31	Q515	instance-of
http://www.wikidata.org/entity/Q319268	P31	Q9143	instance-of
http://www.wikidata.org/entity/Q319366	P31	Q515	instance-of
http://www.wikidata.org/entity/Q319476	P31	Q515	instance-of
http://www.wikidata.org/entity/Q3195346	P31	Q34770	instance-of
http://www.wikidata.org/entity/Q3195442	P31	Q34770	instance-of
http://www.wikidata.org/entity/Q319729	P31	Q515	instance-of
http://www.wikidata.org/entity/Q3197533	P31	Q34770	instance-of
http://www.wikidata.org/entity/Q319813	P31	Q515	instance-of
http://www.wikidata.org/entity/Q32	P31	Q6256	instance-of
http://www.wikidata.org/entity/Q320519	P31	Q515	instance-of
http://www.wikidata.org/entity/Q320704	P31	Q515	instance-of
http://www.wikidata.org/entity/Q320792	P31	Q515	instance-of
http://www.wikidata.org/entity/Q32110	P31	Q9143	instance-of
http://www.wikidata.org/entity/Q321279	P31	Q515	instance-of
http://www.wikidata.org/entity/Q3214	P31	Q515	instance-of
http://www.wikidata.org/entity/Q321475	P31	Q515	instance-of
http://www.wikidata.org/entity/Q3217470	P31	Q34770	instance-of
http://www.wikidata.org/entity/Q322149	P31	Q515	instance-of
http://www.wikidata.org/entity/Q322155	P31	Q515	instance-of
http://www.wikidata.org/entity/Q32238	P31	Q34770	instance-of
http://www.wikidata.org/entity/Q32260	P31	Q34770	instance-of
http://www.wikidata.org/entity/Q322828	P31	Q515	instance-of
http://www.wikidata.org/entity/Q322964	P31	Q3918	instance-of
http://www.wikidata.org/entity/Q322986	P31	Q515	instance-of
http://www.wikidata.org/entity/Q323801	P31	Q515	instance-of
http://www.wikidata.org/entity/Q323873	P31	Q515	instance-of
http://www.wikidata.org/entity/Q323986	P31	Q515	instance-of
http://www.wikidata.org/entity/Q3244176	P31	Q34770	instance-of
http://www.wikidata.org/entity/Q326339	P31	Q515	instance-of
http://www.wikidata.org/entity/Q32641	P31	Q34770	instance-of
http://www.wikidata.org/entity/Q32689	P31	Q34770	instance-of
http://www.wikidata.org/entity/Q32706	P31	Q34770	instance-of
http://www.wikidata.org/entity/Q327274	P31	Q34770	instance-of
http://www.wikidata.org/entity/Q32762	P31	Q34770	instance-of
http://www.wikidata.org/entity/Q328030	P31	Q515	instance-of
http://www.wikidata.org/entity/Q3280670	P31	Q34770	instance-of
http://www.wikidata.org/entity/Q328153	P31	Q515	instance-of
http://www.wikidata.org/entity/Q328482	P31	Q482994	instance-of
http://www.wikidata.org/entity/Q328510	P31	Q515	instance-of
http://www.wikidata.org/entity/Q32858	P31	Q34770	instance-of
http://www.wikidata.org/entity/Q3289596	P31	Q34770	instance-of
http://www.wikidata.org/entity/Q32915	P31	Q34770	instance-of
http://www.wikidata.org/entity/Q3295515	P31	Q482994	instance-of
http://www.wikidata.org/entity/Q33	P31	Q6256	instance-of
http://www.wikidata.org/entity/Q33025	P31	Q34770	instance-of
http://www.wikidata.org/entity/Q33052	P31	Q34770	instance-of
http://www.wikidata.org/entity/Q330531	P31	Q515	instance-of
http://www.wikidata.org/entity/Q3306	P31	Q515	instance-of
http://www.wikidata.org/entity/Q330643	P31	Q515	instance-of
http://www.wikidata.org/entity/Q33081	P31	Q34770	instance-of
http://www.wikidata.org/entity/Q331099	P31	Q515	instance-of
http://www.wikidata.org/entity/Q33125	P31	Q34770	instance-of
http://www.wikidata.org/entity/Q33138	P31	Q34770	instance-of
http://www.wikidata.org/entity/Q33151	P31	Q34770	instance-of
http://www.wikidata.org/entity/Q33161	P31	Q34770	instance-of
http://www.wikidata.org/entity/Q33173	P31	Q34770	instance-of
http://www.wikidata.org/entity/Q331764	P31	Q515	instance-of
http://www.wikidata.org/entity/Q33190	P31	Q34770	instance-of
http://www.wikidata.org/entity/Q33230	P31	Q34770	instance-of
http://www.wikidata.org/entity/Q332319	P31	Q515	instance-of
http://www.wikidata.org/entity/Q332342	P31	Q3918	instance-of
http://www.wikidata.org/entity/Q33236	P31	Q34770	instance-of
http://www.wikidata.org/entity/Q33239	P31	Q34770	instance-of
http://www.wikidata.org/entity/Q33265	P31	Q34770	instance-of
http://www.wikidata.org/entity/Q33270	P31	Q34770	instance-of
http://www.wikidata.org/entity/Q3327000	P31	Q34770	instance-of
http://www.wikidata.org/entity/Q33276	P31	Q34770	instance-of
http://www.wikidata.org/entity/Q33284	P31	Q34770	instance-of
http://www.wikidata.org/entity/Q33290	P31	Q34770	instance-of
http://www.wikidata.org/entity/Q33291	P31	Q34770	instance-of
http://www.wikidata.org/entity/Q33295	P31	Q34770	instance-of
http://www.wikidata.org/entity/Q33299	P31	Q34770	instance-of
http://www.wikidata.org/entity/Q33302	P31	Q34770	instance-of
http://www.wikidata.org/entity/Q333074	P31	Q515	instance-of
http://www.wikidata.org/entity/Q333476	P31	Q515	instance-of
http://www.wikidata.org/entity/Q3336118	P31	Q34770	instance-of
http://www.wikidata.org/entity/Q33364	P31	Q34770	instance-of
http://www.wikidata.org/entity/Q333705	P31	Q3918	instance-of
http://www.wikidata.org/entity/Q33377	P31	Q515	instance-of
http://www.wikidata.org/entity/Q33385	P31	Q34770	instance-of
http://www.wikidata.org/entity/Q333928	P31	Q515	instance-of
http://www.wikidata.org/entity/Q334	P31	Q515	instance-of
http://www.wikidata.org/entity/Q334	P31	Q6256	instance-of
http://www.wikidata.org/entity/Q33402	P31	Q34770	instance-of
http://www.wikidata.org/entity/Q33411	P31	Q34770	instance-of
http://www.wikidata.org/entity/Q33423	P31	Q34770	instance-of
http://www.wikidata.org/entity/Q33427	P31	Q34770	instance-of
http://www.wikidata.org/entity/Q33428	P31	Q515	instance-of
http://www.wikidata.org/entity/Q33436	P31	Q34770	instance-of
http://www.wikidata.org/entity/Q33445	P31	Q34770	instance-of
http://www.wikidata.org/entity/Q3344791	P31	Q34770	instance-of
http://www.wikidata.org/entity/Q334577	P31	Q515	instance-of
http://www.wikidata.org/entity/Q33463	P31	Q34770	instance-of
http://www.wikidata.org/entity/Q334879	P31	Q9143	instance-of
http://www.wikidata.org/entity/Q33491	P31	Q34770	instance-of
http://www.wikidata.org/entity/Q33500	P31	Q34770	instance-of
http://www.wikidata.org/entity/Q335322	P31	Q515	instance-of
http://www.wikidata.org/entity/Q33537	P31	Q34770	instance-of
http://www.wikidata.org/entity/Q33541	P31	Q34770	instance-of
http://www.wikidata.org/entity/Q335478	P31	Q515	instance-of
http://www.wikidata.org/entity/Q33549	P31	Q34770	instance-of
http://www.wikidata.org/entity/Q335548	P31	Q515	instance-of
http://www.wikidata.org/entity/Q33557	P31	Q34770	instance-of
http://www.wikidata.org/entity/Q33563	P31	Q34770	instance-of
http://www.wikidata.org/entity/Q33578	P31	Q34770	instance-of
http://www.wikidata.org/entity/Q33581	P31	Q515	instance-of
http://www.wikidata.org/entity/Q33591	P31	Q34770	instance-of
http://www.wikidata.org/entity/Q33613	P31	Q515	instance-of
http://www.wikidata.org/entity/Q33617	P31	Q34770	instance-of
http://www.wikidata.org/entity/Q3361895	P31	Q34770	instance-of
http://www.wikidata.org/entity/Q33624	P31	Q34770	instance-of
http://www.wikidata.org/entity/Q336250	P31	Q515	instance-of
http://www.wikidata.org/entity/Q33626	P31	Q34770	instance-of
http://www.wikidata.org/entity/Q336264	P31	Q3918	instance-of
http://www.wikidata.org/entity/Q33627	P31	Q34770	instance-of
http://www.wikidata.org/entity/Q33634	P31	Q34770	instance-of
http://www.wikidata.org/entity/Q33655	P31	Q34770	instance-of
http://www.wikidata.org/entity/Q33657	P31	Q34770	instance-of
http://www.wikidata.org/entity/Q33661	P31	Q34770	instance-of
http://www.wikidata.org/entity/Q336661	P31	Q515	instance-of
http://www.wikidata.org/entity/Q336966	P31	Q515	instance-of
http://www.wikidata.org/entity/Q3370	P31	Q515	instance-of
http://www.wikidata.org/entity/Q33714	P31	Q34770	instance-of
http://www.wikidata.org/entity/Q33743	P31	Q34770	instance-of
http://www.wikidata.org/entity/Q337530	P31	Q515	instance-of
http://www.wikidata.org/entity/Q33765	P31	Q34770	instance-of
http://www.wikidata.org/entity/Q33790	P31	Q34770	instance-of
http://www.wikidata.org/entity/Q33810	P31	Q34770	instance-of
http://www.wikidata.org/entity/Q33811	P31	Q34770	instance-of
http://www.wikidata.org/entity/Q33856	P31	Q34770	instance-of
http://www.wikidata.org/entity/Q33864	P31	Q34770	instance-of
http://www.wikidata.org/entity/Q33868	P31	Q34770	instance-of
http://www.wikidata.org/entity/Q33880	P31	Q34770	instance-of
http://www.wikidata.org/entity/Q338844	P31	Q515	instance-of
http://www.wikidata.org/entity/Q33890	P31	Q34770	instance-of
http://www.wikidata.org/entity/Q33914	P31	Q34770	instance-of
http://www.wikidata.org/entity/Q3393063	P31	Q34770	instance-of
http://www.wikidata.org/entity/Q33935	P31	Q515	instance-of
http://www.wikidata.org/entity/Q3394363	P31	Q34770	instance-of
http://www.wikidata.org/entity/Q33947	P31	Q34770	instance-of
http://www.wikidata.org/entity/Q339527	P31	Q515	instance-of
http://www.wikidata.org/entity/Q33954	P31	Q34770	instance-of
http://www.wikidata.org/entity/Q33962	P31	Q515	instance-of
http://www.wikidata.org/entity/Q33990	P31	Q34770	instance-of
http://www.wikidata.org/entity/Q3399507	P31	Q34770	instance-of
http://www.wikidata.org/entity/Q34	P31	Q6256	instance-of
http://www.wikidata.org/entity/Q34001	P31	Q515	instance-of
http://www.wikidata.org/entity/Q34002	P31	Q34770	instance-of
http://www.wikidata.org/entity/Q3400829	P31	Q34770	instance-of
http://www.wikidata.org/entity/Q34010	P31	Q9143	instance-of
http://www.wikidata.org/entity/Q34014	P31	Q34770	instance-of
http://www.wikidata.org/entity/Q34015	P31	Q34770	instance-of
http://www.wikidata.org/entity/Q34020	P31	Q6256	instance-of
http://www.wikidata.org/entity/Q34022	P31	Q34770	instance-of
http://www.wikidata.org/entity/Q34024	P31	Q34770	instance-of
http://www.wikidata.org/entity/Q34040	P31	Q34770	instance-of
http://www.wikidata.org/entity/Q34067	P31	Q34770	instance-of
http://www.wikidata.org/entity/Q34079	P31	Q34770	instance-of
http://www.wikidata.org/entity/Q34101	P31	Q34770	instance-of
http://www.wikidata.org/entity/Q34108	P31	Q34770	instance-of
http://www.wikidata.org/entity/Q34116	P31	Q515	instance-of
http://www.wikidata.org/entity/Q34124	P31	Q34770	instance-of
http://www.wikidata.org/entity/Q34126	P31	Q515	instance-of
http://www.wikidata.org/entity/Q34133	P31	Q34770	instance-of
http://www.wikidata.org/entity/Q34137	P31	Q34770	instance-of
http://www.wikidata.org/entity/Q34139	P31	Q34770	instance-of
http://www.wikidata.org/entity/Q3414490	P31	Q34770	instance-of
http://www.wikidata.org/entity/Q3414522	P31	Q34770	instance-of
http://www.wikidata.org/entity/Q3415	P31	Q515	instance-of
http://www.wikidata.org/entity/Q3417070	P31	Q34770	instance-of
http://www.wikidata.org/entity/Q34173	P31	Q34770	instance-of
http://www.wikidata.org/entity/Q34174	P31	Q34770	instance-of
http://www.wikidata.org/entity/Q34180	P31	Q515	instance-of
http://www.wikidata.org/entity/Q34183	P31	Q515	instance-of
http://www.wikidata.org/entity/Q34198	P31	Q34770	instance-of
http://www.wikidata.org/entity/Q34217	P31	Q515	instance-of
http://www.wikidata.org/entity/Q34219	P31	Q34770	instance-of
http://www.wikidata.org/entity/Q34226	P31	Q34770	instance-of
http://www.wikidata.org/entity/Q34279	P31	Q34770	instance-of
http://www.wikidata.org/entity/Q34280	P31	Q9143	instance-of
http://www.wikidata.org/entity/Q34327	P31	Q34770	instance-of
http://www.wikidata.org/entity/Q3436590	P31	Q34770	instance-of
http://www.wikidata.org/entity/Q3437	P31	Q515	instance-of
http://www.wikidata.org/entity/Q34370	P31	Q515	instance-of
http://www.wikidata.org/entity/Q3441303	P31	Q34770	instance-of
http://www.wikidata.org/entity/Q344266	P31	Q9143	instance-of
http://www.wikidata.org/entity/Q3444486	P31	Q34770	instance-of
http://www.wikidata.org/entity/Q3447286	P31	Q34770	instance-of
http://www.wikidata.org/entity/Q3449805	P31	Q34770	instance-of
http://www.wikidata.org/entity/Q3449885	P31	Q34770	instance-of
http://www.wikidata.org/entity/Q3449953	P31	Q34770	instance-of
http://www.wikidata.org/entity/Q3450749	P31	Q34770	instance-of
http://www.wikidata.org/entity/Q345204	P31	Q515	instance-of
http://www.wikidata.org/entity/Q3460478	P31	Q34770	instance-of
http://www.wikidata.org/entity/Q34647	P31	Q515	instance-of
http://www.wikidata.org/entity/Q34685	P31	Q34770	instance-of
http://www.wikidata.org/entity/Q34692	P31	Q515	instance-of
http://www.wikidata.org/entity/Q347	P31	Q6256	instance-of
http://www.wikidata.org/entity/Q34754	P31	Q6256	instance-of
http://www.wikidata.org/entity/Q3476	P31	Q515	instance-of
http://www.wikidata.org/entity/Q34769	P31	Q34770	instance-of
http://www.wikidata.org/entity/Q34778	P31	Q34770	instance-of
http://www.wikidata.org/entity/Q34820	P31	Q515	instance-of
http://www.wikidata.org/entity/Q34832	P31	Q34770	instance-of
http://www.wikidata.org/entity/Q348402	P31	Q3918	instance-of
http://www.wikidata.org/entity/Q34903	P31	Q34770	instance-of
http://www.wikidata.org/entity/Q3491964	P31	Q34770	instance-of
http://www.wikidata.org/entity/Q34932	P31	Q515	instance-of
http://www.wikidata.org/entity/Q34986	P31	Q515	instance-of
http://www.wikidata.org/entity/Q34988	P31	Q34770	instance-of
http://www.wikidata.org/entity/Q35	P31	Q6256	instance-of
http://www.wikidata.org/entity/Q350	P31	Q515	instance-of
http://www.wikidata.org/entity/Q35006	P31	Q34770	instance-of
http://www.wikidata.org/entity/Q35008	P31	Q34770	instance-of
http://www.wikidata.org/entity/Q35021	P31	Q34770	instance-of
http://www.wikidata.org/entity/Q3502224	P31	Q34770	instance-of
http://www.wikidata.org/entity/Q3504186	P31	Q34770	instance-of
http://www.wikidata.org/entity/Q35042	P31	Q34770	instance-of
http://www.wikidata.org/entity/Q3504208	P31	Q34770	instance-of
http://www.wikidata.org/entity/Q35045	P31	Q515	instance-of
http://www.wikidata.org/entity/Q35046	P31	Q34770	instance-of
http://www.wikidata.org/entity/Q3507211	P31	Q34770	instance-of
http://www.wikidata.org/entity/Q3508617	P31	Q34770	instance-of
http://www.wikidata.org/entity/Q35095	P31	Q34770	instance-of
http://www.wikidata.org/entity/Q35125	P31	Q34770	instance-of
http://www.wikidata.org/entity/Q3513637	P31	Q34770	instance-of
http://www.wikidata.org/entity/Q351427	P31	Q515	instance-of
http://www.wikidata.org/entity/Q3514343	P31	Q34770	instance-of
http://www.wikidata.org/entity/Q3514714	P31	Q34770	instance-of
http://www.wikidata.org/entity/Q3515185	P31	Q34770	instance-of
http://www.wikidata.org/entity/Q35152	P31	Q34770	instance-of
http://www.wikidata.org/entity/Q35162	P31	Q34770	instance-of
http://www.wikidata.org/entity/Q35163	P31	Q34770	instance-of
http://www.wikidata.org/entity/Q351633	P31	Q34770	instance-of
http://www.wikidata.org/entity/Q35173	P31	Q34770	instance-of
http://www.wikidata.org/entity/Q35178	P31	Q515	instance-of
http://www.wikidata.org/entity/Q3518492	P31	Q34770	instance-of
http://www.wikidata.org/entity/Q3519	P31	Q515	instance-of
http://www.wikidata.org/entity/Q35214	P31	Q34770	instance-of
http://www.wikidata.org/entity/Q35218	P31	Q34770	instance-of
http://www.wikidata.org/entity/Q35222	P31	Q34770	instance-of
http://www.wikidata.org/entity/Q35228	P31	Q34770	instance-of
http://www.wikidata.org/entity/Q35242	P31	Q34770	instance-of
http://www.wikidata.org/entity/Q35244	P31	Q34770	instance-of
http://www.wikidata.org/entity/Q35246	P31	Q515	instance-of
http://www.wikidata.org/entity/Q35315	P31	Q34770	instance-of
http://www.wikidata.org/entity/Q35345	P31	Q34770	instance-of
http://www.wikidata.org/entity/Q35381	P31	Q515	instance-of
http://www.wikidata.org/entity/Q35392	P31	Q34770	instance-of
http://www.wikidata.org/entity/Q35401	P31	Q34770	instance-of
http://www.wikidata.org/entity/Q3543	P31	Q515	instance-of
http://www.wikidata.org/entity/Q35441	P31	Q34770	instance-of
http://www.wikidata.org/entity/Q35455	P31	Q34770	instance-of
http://www.wikidata.org/entity/Q35463	P31	Q34770	instance-of
http://www.wikidata.org/entity/Q35481	P31	Q34770	instance-of
http://www.wikidata.org/entity/Q35493	P31	Q515	instance-of
http://www.wikidata.org/entity/Q35497	P31	Q34770	instance-of
http://www.wikidata.org/entity/Q3551	P31	Q515	instance-of
http://www.wikidata.org/entity/Q35521	P31	Q34770	instance-of
http://www.wikidata.org/entity/Q35529	P31	Q34770	instance-of
http://www.wikidata.org/entity/Q3561	P31	Q515	instance-of
http://www.wikidata.org/entity/Q35613	P31	Q34770	instance-of
http://www.wikidata.org/entity/Q3562943	P31	Q515	instance-of
http://www.wikidata.org/entity/Q35667	P31	Q34770	instance-of
http://www.wikidata.org/entity/Q35704	P31	Q34770	instance-of
http://www.wikidata.org/entity/Q35707	P31	Q34770	instance-of
http://www.wikidata.org/entity/Q35708	P31	Q34770	instance-of
http://www.wikidata.org/entity/Q35711	P31	Q34770	instance-of
http://www.wikidata.org/entity/Q35726	P31	Q34770	instance-of
http://www.wikidata.org/entity/Q35746	P31	Q34770	instance-of
http://www.wikidata.org/entity/Q35761	P31	Q34770	instance-of
http://www.wikidata.org/entity/Q35762	P31	Q34770	instance-of
http://www.wikidata.org/entity/Q35763	P31	Q34770	instance-of
http://www.wikidata.org/entity/Q35779	P31	Q34770	instance-of
http://www.wikidata.org/entity/Q35784	P31	Q515	instance-of
http://www.wikidata.org/entity/Q3579	P31	Q515	instance-of
http://www.wikidata.org/entity/Q35860	P31	Q34770	instance-of
http://www.wikidata.org/entity/Q35876	P31	Q34770	instance-of
http://www.wikidata.org/entity/Q35936	P31	Q34770	instance-of
http://www.wikidata.org/entity/Q35969	P31	Q34770	instance-of
http://www.wikidata.org/entity/Q35972	P31	Q34770	instance-of
http://www.wikidata.org/entity/Q35974	P31	Q34770	instance-of
http://www.wikidata.org/entity/Q35995	P31	Q34770	instance-of
http://www.wikidata.org/entity/Q36	P31	Q6256	instance-of
http://www.wikidata.org/entity/Q3604	P31	Q515	instance-of
http://www.wikidata.org/entity/Q36095	P31	Q34770	instance-of
http://www.wikidata.org/entity/Q36096	P31	Q34770	instance-of
http://www.wikidata.org/entity/Q3610939	P31	Q34770	instance-of
http://www.wikidata.org/entity/Q36121	P31	Q34770	instance-of
http://www.wikidata.org/entity/Q36147	P31	Q34770	instance-of
http://www.wikidata.org/entity/Q36149	P31	Q34770	instance-of
http://www.wikidata.org/entity/Q36151	P31	Q34770	instance-of
http://www.wikidata.org/entity/Q36168	P31	Q515	instance-of
http://www.wikidata.org/entity/Q36199	P31	Q34770	instance-of
http://www.wikidata.org/entity/Q36202	P31	Q34770	instance-of
http://www.wikidata.org/entity/Q36221	P31	Q34770	instance-of
http://www.wikidata.org/entity/Q3622471	P31	Q9143	instance-of
http://www.wikidata.org/entity/Q3624	P31	Q515	instance-of
http://www.wikidata.org/entity/Q36260	P31	Q515	instance-of
http://www.wikidata.org/entity/Q36262	P31	Q515	instance-of
http://www.wikidata.org/entity/Q36281	P31	Q515	instance-of
http://www.wikidata.org/entity/Q36312	P31	Q515	instance-of
http://www.wikidata.org/entity/Q36344	P31	Q34770	instance-of
http://www.wikidata.org/entity/Q3635276	P31	Q515	instance-of
http://www.wikidata.org/entity/Q36353	P31	Q34770	instance-of
http://www.wikidata.org/entity/Q3636023	P31	Q515	instance-of
http://www.wikidata.org/entity/Q36368	P31	Q34770	instance-of
http://www.wikidata.org/entity/Q36380	P31	Q43229	instance-of
http://www.wikidata.org/entity/Q36388	P31	Q34770	instance-of
http://www.wikidata.org/entity/Q3639	P31	Q515	instance-of
http://www.wikidata.org/entity/Q36399	P31	Q515	instance-of
http://www.wikidata.org/entity/Q3640	P31	Q515	instance-of
http://www.wikidata.org/entity/Q36405	P31	Q515	instance-of
http://www.wikidata.org/entity/Q3642	P31	Q515	instance-of
http://www.wikidata.org/entity/Q36503	P31	Q34770	instance-of
http://www.wikidata.org/entity/Q36510	P31	Q34770	instance-of
http://www.wikidata.org/entity/Q36566	P31	Q34770	instance-of
http://www.wikidata.org/entity/Q3659	P31	Q515	instance-of
http://www.wikidata.org/entity/Q36600	P31	Q515	instance-of
http://www.wikidata.org/entity/Q366010	P31	Q515	instance-of
http://www.wikidata.org/entity/Q36639	P31	Q34770	instance-of
http://www.wikidata.org/entity/Q36647	P31	Q515	instance-of
http://www.wikidata.org/entity/Q36684	P31	Q34770	instance-of
http://www.wikidata.org/entity/Q36705	P31	Q34770	instance-of
http://www.wikidata.org/entity/Q36734	P31	Q34770	instance-of
http://www.wikidata.org/entity/Q3674	P31	Q515	instance-of
http://www.wikidata.org/entity/Q36743	P31	Q34770	instance-of
http://www.wikidata.org/entity/Q36746	P31	Q34770	instance-of
http://www.wikidata.org/entity/Q36748	P31	Q34770	instance-of
http://www.wikidata.org/entity/Q36785	P31	Q34770	instance-of
http://www.wikidata.org/entity/Q36811	P31	Q34770	instance-of
http://www.wikidata.org/entity/Q36814	P31	Q34770	instance-of
http://www.wikidata.org/entity/Q3688	P31	Q515	instance-of
http://www.wikidata.org/entity/Q36944	P31	Q34770	instance-of
http://www.wikidata.org/entity/Q36971	P31	Q34770	instance-of
http://www.wikidata.org/entity/Q36989	P31	Q515	instance-of
http://www.wikidata.org/entity/Q37	P31	Q6256	instance-of
http://www.wikidata.org/entity/Q37005	P31	Q34770	instance-of
http://www.wikidata.org/entity/Q37007	P31	Q34770	instance-of
http://www.wikidata.org/entity/Q37015	P31	Q34770	instance-of
http://www.wikidata.org/entity/Q3703	P31	Q515	instance-of
http://www.wikidata.org/entity/Q37059	P31	Q34770	instance-of
http://www.wikidata.org/entity/Q37100	P31	Q515	instance-of
http://www.wikidata.org/entity/Q37104	P31	Q515	instance-of
http://www.wikidata.org/entity/Q3711	P31	Q515	instance-of
http://www.wikidata.org/entity/Q371522	P31	Q3918	instance-of
http://www.wikidata.org/entity/Q37156	P31	Q43229	instance-of
http://www.wikidata.org/entity/Q37227	P31	Q9143	instance-of
http://www.wikidata.org/entity/Q3726	P31	Q515	instance-of
http://www.wikidata.org/entity/Q372773	P31	Q515	instance-of
http://www.wikidata.org/entity/Q37300	P31	Q34770	instance-of
http://www.wikidata.org/entity/Q3733	P31	Q515	instance-of
http://www.wikidata.org/entity/Q37333	P31	Q515	instance-of
http://www.wikidata.org/entity/Q373808	P31	Q515	instance-of
http://www.wikidata.org/entity/Q3739	P31	Q515	instance-of
http://www.wikidata.org/entity/Q37400	P31	Q515	instance-of
http://www.wikidata.org/entity/Q374465	P31	Q515	instance-of
http://www.wikidata.org/entity/Q374748	P31	Q515	instance-of
http://www.wikidata.org/entity/Q3748	P31	Q515	instance-of
http://www.wikidata.org/entity/Q3751	P31	Q515	instance-of
http://www.wikidata.org/entity/Q3752	P31	Q515	instance-of
http://www.wikidata.org/entity/Q37548	P31	Q3918	instance-of
http://www.wikidata.org/entity/Q3761	P31	Q515	instance-of
http://www.wikidata.org/entity/Q3765	P31	Q515	instance-of
http://www.wikidata.org/entity/Q3766	P31	Q515	instance-of
http://www.wikidata.org/entity/Q376749	P31	Q515	instance-of
http://www.wikidata.org/entity/Q376903	P31	Q515	instance-of
http://www.wikidata.org/entity/Q37701	P31	Q515	instance-of
http://www.wikidata.org/entity/Q3771	P31	Q515	instance-of
http://www.wikidata.org/entity/Q37733	P31	Q34770	instance-of
http://www.wikidata.org/entity/Q3775265	P31	Q34770	instance-of
http://www.wikidata.org/entity/Q377757	P31	Q3918	instance-of
http://www.wikidata.org/entity/Q3780	P31	Q515	instance-of
http://www.wikidata.org/entity/Q378014	P31	Q3918	instance-of
http://www.wikidata.org/entity/Q37806	P31	Q515	instance-of
http://www.wikidata.org/entity/Q37814092	P31	Q482994	instance-of
http://www.wikidata.org/entity/Q378222	P31	Q9143	instance-of
http://www.wikidata.org/entity/Q3786	P31	Q515	instance-of
http://www.wikidata.org/entity/Q3787	P31	Q515	instance-of
http://www.wikidata.org/entity/Q3792	P31	Q515	instance-of
http://www.wikidata.org/entity/Q3799	P31	Q515	instance-of
http://www.wikidata.org/entity/Q37995	P31	Q515	instance-of
http://www.wikidata.org/entity/Q38	P31	Q6256	instance-of
http://www.wikidata.org/entity/Q3805	P31	Q515	instance-of
http://www.wikidata.org/entity/Q38076	P31	Q43229	instance-of
http://www.wikidata.org/entity/Q3808	P31	Q515	instance-of
http://www.wikidata.org/entity/Q381247	P31	Q9143	instance-of
http://www.wikidata.org/entity/Q3818	P31	Q515	instance-of
http://www.wikidata.org/entity/Q3825	P31	Q515	instance-of
http://www.wikidata.org/entity/Q3832	P31	Q515	instance-of
http://www.wikidata.org/entity/Q383434	P31	Q515	instance-of
http://www.wikidata.org/entity/Q38380	P31	Q515	instance-of
http://www.wikidata.org/entity/Q384101	P31	Q34770	instance-of
http://www.wikidata.org/entity/Q3844	P31	Q515	instance-of
http://www.wikidata.org/entity/Q384544	P31	Q515	instance-of
http://www.wikidata.org/entity/Q385	P31	Q515	instance-of
http://www.wikidata.org/entity/Q38511	P31	Q515	instance-of
http://www.wikidata.org/entity/Q385122	P31	Q482994	instance-of
http://www.wikidata.org/entity/Q385325	P31	Q9143	instance-of
http://www.wikidata.org/entity/Q3854	P31	Q515	instance-of
http://www.wikidata.org/entity/Q38545	P31	Q515	instance-of
http://www.wikidata.org/entity/Q386991	P31	Q515	instance-of
http://www.wikidata.org/entity/Q3873	P31	Q515	instance-of
http://www.wikidata.org/entity/Q387396	P31	Q515	instance-of
http://www.wikidata.org/entity/Q3876	P31	Q515	instance-of
http://www.wikidata.org/entity/Q38807	P31	Q515	instance-of
http://www.wikidata.org/entity/Q3881	P31	Q515	instance-of
http://www.wikidata.org/entity/Q388108	P31	Q515	instance-of
http://www.wikidata.org/entity/Q38811	P31	Q515	instance-of
http://www.wikidata.org/entity/Q3882	P31	Q515	instance-of
http://www.wikidata.org/entity/Q3883	P31	Q515	instance-of
http://www.wikidata.org/entity/Q38834	P31	Q515	instance-of
http://www.wikidata.org/entity/Q3889	P31	Q515	instance-of
http://www.wikidata.org/entity/Q3894	P31	Q515	instance-of
http://www.wikidata.org/entity/Q3897	P31	Q515	instance-of
http://www.wikidata.org/entity/Q39	P31	Q6256	instance-of
http://www.wikidata.org/entity/Q3901	P31	Q515	instance-of
http://www.wikidata.org/entity/Q3904	P31	Q515	instance-of
http://www.wikidata.org/entity/Q3909	P31	Q515	instance-of
http://www.wikidata.org/entity/Q391028	P31	Q3918	instance-of
http://www.wikidata.org/entity/Q39121	P31	Q515	instance-of
http://www.wikidata.org/entity/Q391221	P31	Q515	instance-of
http://www.wikidata.org/entity/Q3913992	P31	Q34770	instance-of
http://www.wikidata.org/entity/Q3914455	P31	Q34770	instance-of
http://www.wikidata.org/entity/Q3914953	P31	Q34770	instance-of
http://www.wikidata.org/entity/Q3915322	P31	Q34770	instance-of
http://www.wikidata.org/entity/Q3915511	P31	Q34770	instance-of
http://www.wikidata.org/entity/Q3915517	P31	Q34770	instance-of
http://www.wikidata.org/entity/Q3915595	P31	Q34770	instance-of
http://www.wikidata.org/entity/Q3915769	P31	Q34770	instance-of
http://www.wikidata.org/entity/Q3915999	P31	Q34770	instance-of
http://www.wikidata.org/entity/Q39178	P31	Q515	instance-of
http://www.wikidata.org/entity/Q3919	P31	Q515	instance-of
http://www.wikidata.org/entity/Q3921	P31	Q515	instance-of
http://www.wikidata.org/entity/Q3922	P31	Q515	instance-of
http://www.wikidata.org/entity/Q392667	P31	Q3918	instance-of
http://www.wikidata.org/entity/Q392774	P31	Q3918	instance-of
http://www.wikidata.org/entity/Q3928	P31	Q515	instance-of
http://www.wikidata.org/entity/Q3929	P31	Q515	instance-of
http://www.wikidata.org/entity/Q393	P31	Q515	instance-of
http://www.wikidata.org/entity/Q3932	P31	Q515	instance-of
http://www.wikidata.org/entity/Q3935	P31	Q515	instance-of
http://www.wikidata.org/entity/Q393829	P31	Q515	instance-of
http://www.wikidata.org/entity/Q3939	P31	Q515	instance-of
http://www.wikidata.org/entity/Q3940	P31	Q515	instance-of
http://www.wikidata.org/entity/Q394080	P31	Q515	instance-of
http://www.wikidata.org/entity/Q3958	P31	Q515	instance-of
http://www.wikidata.org/entity/Q39583	P31	Q515	instance-of
http://www.wikidata.org/entity/Q395863	P31	Q515	instance-of
http://www.wikidata.org/entity/Q397	P31	Q34770	instance-of
http://www.wikidata.org/entity/Q398	P31	Q6256	instance-of
http://www.wikidata.org/entity/Q399	P31	Q6256	instance-of
http://www.wikidata.org/entity/Q3992	P31	Q515	instance-of
http://www.wikidata.org/entity/Q39920	P31	Q3918	instance-of
http://www.wikidata.org/entity/Q39984	P31	Q515	instance-of
http://www.wikidata.org/entity/Q40	P31	Q6256	instance-of
http://www.wikidata.org/entity/Q40104	P31	Q515	instance-of
http://www.wikidata.org/entity/Q4011	P31	Q515	instance-of
http://www.wikidata.org/entity/Q40191	P31	Q515	instance-of
http://www.wikidata.org/entity/Q40194	P31	Q515	instance-of
http://www.wikidata.org/entity/Q4024	P31	Q515	instance-of
http://www.wikidata.org/entity/Q403	P31	Q6256	instance-of
http://www.wikidata.org/entity/Q4037189	P31	Q9143	instance-of
http://www.wikidata.org/entity/Q4044	P31	Q515	instance-of
http://www.wikidata.org/entity/Q406402	P31	Q3918	instance-of
http://www.wikidata.org/entity/Q40738	P31	Q515	instance-of
http://www.wikidata.org/entity/Q408	P31	Q6256	instance-of
http://www.wikidata.org/entity/Q40811	P31	Q515	instance-of
http://www.wikidata.org/entity/Q40816	P31	Q515	instance-of
http://www.wikidata.org/entity/Q40840	P31	Q515	instance-of
http://www.wikidata.org/entity/Q40844	P31	Q515	instance-of
http://www.wikidata.org/entity/Q40868	P31	Q515	instance-of
http://www.wikidata.org/entity/Q40921	P31	Q515	instance-of
http://www.wikidata.org/entity/Q4093	P31	Q515	instance-of
http://www.wikidata.org/entity/Q41	P31	Q6256	instance-of
http://www.wikidata.org/entity/Q4108	P31	Q515	instance-of
http://www.wikidata.org/entity/Q41128	P31	Q515	instance-of
http://www.wikidata.org/entity/Q4113	P31	Q515	instance-of
http://www.wikidata.org/entity/Q4115304	P31	Q3918	instance-of
http://www.wikidata.org/entity/Q4115712	P31	Q515	instance-of
http://www.wikidata.org/entity/Q41183	P31	Q515	instance-of
http://www.wikidata.org/entity/Q41252	P31	Q515	instance-of
http://www.wikidata.org/entity/Q41262	P31	Q515	instance-of
http://www.wikidata.org/entity/Q41278	P31	Q515	instance-of
http://www.wikidata.org/entity/Q41295	P31	Q515	instance-of
http://www.wikidata.org/entity/Q4133	P31	Q515	instance-of
http://www.wikidata.org/entity/Q414	P31	Q6256	instance-of
http://www.wikidata.org/entity/Q414219	P31	Q3918	instance-of
http://www.wikidata.org/entity/Q414464	P31	Q3918	instance-of
http://www.wikidata.org/entity/Q414481	P31	Q3918	instance-of
http://www.wikidata.org/entity/Q41474	P31	Q515	instance-of
http://www.wikidata.org/entity/Q41483	P31	Q11424	instance-of
http://www.wikidata.org/entity/Q41496	P31	Q515	instance-of
http://www.wikidata.org/entity/Q41547	P31	Q515	instance-of
http://www.wikidata.org/entity/Q41550	P31	Q43229	instance-of
http://www.wikidata.org/entity/Q41562	P31	Q515	instance-of
http://www.wikidata.org/entity/Q41574	P31	Q9143	instance-of
http://www.wikidata.org/entity/Q41621	P31	Q515	instance-of
http://www.wikidata.org/entity/Q41699	P31	Q515	instance-of
http://www.wikidata.org/entity/Q41843	P31	Q515	instance-of
http://www.wikidata.org/entity/Q419	P31	Q6256	instance-of
http://www.wikidata.org/entity/Q42051	P31	Q11424	instance-of
http://www.wikidata.org/entity/Q421739	P31	Q3918	instance-of
http://www.wikidata.org/entity/Q423	P31	Q6256	instance-of
http://www.wikidata.org/entity/Q42369	P31	Q43229	instance-of
http://www.wikidata.org/entity/Q424	P31	Q6256	instance-of
http://www.wikidata.org/entity/Q42448	P31	Q515	instance-of
http://www.wikidata.org/entity/Q42462	P31	Q515	instance-of
http://www.wikidata.org/entity/Q42478	P31	Q9143	instance-of
http://www.wikidata.org/entity/Q4251381	P31	Q34770	instance-of
http://www.wikidata.org/entity/Q4252500	P31	Q34770	instance-of
http://www.wikidata.org/entity/Q42603	P31	Q43229	instance-of
http://www.wikidata.org/entity/Q42751	P31	Q515	instance-of
http://www.wikidata.org/entity/Q42763	P31	Q515	instance-of
http://www.wikidata.org/entity/Q42780	P31	Q515	instance-of
http://www.wikidata.org/entity/Q42800	P31	Q515	instance-of
http://www.wikidata.org/entity/Q428136	P31	Q3918	instance-of
http://www.wikidata.org/entity/Q42908	P31	Q43229	instance-of
http://www.wikidata.org/entity/Q42941	P31	Q515	instance-of
http://www.wikidata.org/entity/Q42956	P31	Q515	instance-of
http://www.wikidata.org/entity/Q42979	P31	Q9143	instance-of
http://www.wikidata.org/entity/Q429801	P31	Q9143	instance-of
http://www.wikidata.org/entity/Q429863	P31	Q3918	instance-of
http://www.wikidata.org/entity/Q43	P31	Q6256	instance-of
http://www.wikidata.org/entity/Q430018	P31	Q34770	instance-of
http://www.wikidata.org/entity/Q4301	P31	Q515	instance-of
http://www.wikidata.org/entity/Q430776	P31	Q515	instance-of
http://www.wikidata.org/entity/Q432475	P31	Q3918	instance-of
http://www.wikidata.org/entity/Q43382	P31	Q515	instance-of
http://www.wikidata.org/entity/Q43387	P31	Q515	instance-of
http://www.wikidata.org/entity/Q43433	P31	Q515	instance-of
http://www.wikidata.org/entity/Q43453	P31	Q515	instance-of
http://www.wikidata.org/entity/Q43463	P31	Q515	instance-of
http://www.wikidata.org/entity/Q43475	P31	Q515	instance-of
http://www.wikidata.org/entity/Q43509	P31	Q515	instance-of
http://www.wikidata.org/entity/Q43595	P31	Q515	instance-of
http://www.wikidata.org/entity/Q43631	P31	Q515	instance-of
http://www.wikidata.org/entity/Q437	P31	Q515	instance-of
http://www.wikidata.org/entity/Q4380827	P31	Q34770	instance-of
http://www.wikidata.org/entity/Q44016	P31	Q515	instance-of
http://www.wikidata.org/entity/Q44104	P31	Q482994	instance-of
http://www.wikidata.org/entity/Q44142	P31	Q482994	instance-of
http://www.wikidata.org/entity/Q4418344	P31	Q34770	instance-of
http://www.wikidata.org/entity/Q44198	P31	Q515	instance-of
http://www.wikidata.org/entity/Q44213	P31	Q515	instance-of
http://www.wikidata.org/entity/Q44214	P31	Q515	instance-of
http://www.wikidata.org/entity/Q44217	P31	Q515	instance-of
http://www.wikidata.org/entity/Q44243	P31	Q515	instance-of
http://www.wikidata.org/entity/Q44254	P31	Q515	instance-of
http://www.wikidata.org/entity/Q44289	P31	Q482994	instance-of
http://www.wikidata.org/entity/Q44294	P31	Q43229	instance-of
http://www.wikidata.org/entity/Q443089	P31	Q34770	instance-of
http://www.wikidata.org/entity/Q44320	P31	Q482994	instance-of
http://www.wikidata.org/entity/Q44347	P31	Q482994	instance-of
http://www.wikidata.org/entity/Q44376	P31	Q482994	instance-of
http://www.wikidata.org/entity/Q44401	P31	Q515	instance-of
http://www.wikidata.org/entity/Q44578	P31	Q11424	instance-of
http://www.wikidata.org/entity/Q44676	P31	Q34770	instance-of
http://www.wikidata.org/entity/Q4494885	P31	Q34770	instance-of
http://www.wikidata.org/entity/Q45	P31	Q6256	instance-of
http://www.wikidata.org/entity/Q450625	P31	Q515	instance-of
http://www.wikidata.org/entity/Q45197	P31	Q515	instance-of
http://www.wikidata.org/entity/Q45301	P31	Q515	instance-of
http://www.wikidata.org/entity/Q45313	P31	Q515	instance-of
http://www.wikidata.org/entity/Q45604	P31	Q515	instance-of
http://www.wikidata.org/entity/Q456624	P31	Q515	instance-of
http://www.wikidata.org/entity/Q457334	P31	Q515	instance-of
http://www.wikidata.org/entity/Q459360	P31	Q515	instance-of
http://www.wikidata.org/entity/Q459369	P31	Q515	instance-of
http://www.wikidata.org/entity/Q45942	P31	Q515	instance-of
http://www.wikidata.org/entity/Q459495	P31	Q515	instance-of
http://www.wikidata.org/entity/Q459553	P31	Q515	instance-of
http://www.wikidata.org/entity/Q459600	P31	Q515	instance-of
http://www.wikidata.org/entity/Q460222	P31	Q515	instance-of
http://www.wikidata.org/entity/Q460584	P31	Q9143	instance-of
http://www.wikidata.org/entity/Q460925	P31	Q515	instance-of
http://www.wikidata.org/entity/Q461287	P31	Q515	instance-of
http://www.wikidata.org/entity/Q461307	P31	Q515	instance-of
http://www.wikidata.org/entity/Q46135	P31	Q515	instance-of
http://www.wikidata.org/entity/Q461922	P31	Q515	instance-of
http://www.wikidata.org/entity/Q4629	P31	Q515	instance-of
http://www.wikidata.org/entity/Q463165	P31	Q515	instance-of
http://www.wikidata.org/entity/Q463252	P31	Q515	instance-of
http://www.wikidata.org/entity/Q463384	P31	Q515	instance-of
http://www.wikidata.org/entity/Q46441	P31	Q9143	instance-of
http://www.wikidata.org/entity/Q464699	P31	Q515	instance-of
http://www.wikidata.org/entity/Q465698	P31	Q515	instance-of
http://www.wikidata.org/entity/Q466221	P31	Q515	instance-of
http://www.wikidata.org/entity/Q4670066	P31	Q34770	instance-of
http://www.wikidata.org/entity/Q46702	P31	Q515	instance-of
http://www.wikidata.org/entity/Q467164	P31	Q3918	instance-of
http://www.wikidata.org/entity/Q46717	P31	Q11424	instance-of
http://www.wikidata.org/entity/Q46728	P31	Q34770	instance-of
http://www.wikidata.org/entity/Q467501	P31	Q515	instance-of
http://www.wikidata.org/entity/Q468782	P31	Q515	instance-of
http://www.wikidata.org/entity/Q4699269	P31	Q34770	instance-of
http://www.wikidata.org/entity/Q47034	P31	Q515	instance-of
http://www.wikidata.org/entity/Q470445	P31	Q515	instance-of
http://www.wikidata.org/entity/Q47048	P31	Q515	instance-of
http://www.wikidata.org/entity/Q4709	P31	Q515	instance-of
http://www.wikidata.org/entity/Q47138	P31	Q515	instance-of
http://www.wikidata.org/entity/Q47166	P31	Q515	instance-of
http://www.wikidata.org/entity/Q471886	P31	Q515	instance-of
http://www.wikidata.org/entity/Q472621	P31	Q515	instance-of
http://www.wikidata.org/entity/Q47265	P31	Q515	instance-of
http://www.wikidata.org/entity/Q47282	P31	Q515	instance-of
http://www.wikidata.org/entity/Q472822	P31	Q515	instance-of
http://www.wikidata.org/entity/Q472925	P31	Q515	instance-of
http://www.wikidata.org/entity/Q473201	P31	Q9143	instance-of
http://www.wikidata.org/entity/Q473914	P31	Q515	instance-of
http://www.wikidata.org/entity/Q474651	P31	Q515	instance-of
http://www.wikidata.org/entity/Q4748035	P31	Q34770	instance-of
http://www.wikidata.org/entity/Q474868	P31	Q515	instance-of
http://www.wikidata.org/entity/Q47492	P31	Q515	instance-of
http://www.wikidata.org/entity/Q47554	P31	Q515	instance-of
http://www.wikidata.org/entity/Q47607	P31	Q9143	instance-of
http://www.wikidata.org/entity/Q4761919	P31	Q34770	instance-of
http://www.wikidata.org/entity/Q476800	P31	Q515	instance-of
http://www.wikidata.org/entity/Q47703	P31	Q11424	instance-of
http://www.wikidata.org/entity/Q477148	P31	Q515	instance-of
http://www.wikidata.org/entity/Q477232	P31	Q515	instance-of
http://www.wikidata.org/entity/Q477238	P31	Q515	instance-of
http://www.wikidata.org/entity/Q478207	P31	Q515	instance-of
http://www.wikidata.org/entity/Q478675	P31	Q515	instance-of
http://www.wikidata.org/entity/Q4789666	P31	Q515	instance-of
http://www.wikidata.org/entity/Q47952	P31	Q515	instance-of
http://www.wikidata.org/entity/Q481659	P31	Q3918	instance-of
http://www.wikidata.org/entity/Q4820191	P31	Q34770	instance-of
http://www.wikidata.org/entity/Q48278	P31	Q515	instance-of
http://www.wikidata.org/entity/Q483331	P31	Q515	instance-of
http://www.wikidata.org/entity/Q48338	P31	Q515	instance-of
http://www.wikidata.org/entity/Q48344	P31	Q515	instance-of
http://www.wikidata.org/entity/Q483522	P31	Q515	instance-of
http://www.wikidata.org/entity/Q483551	P31	Q43229	instance-of
http://www.wikidata.org/entity/Q483778	P31	Q482994	instance-of
http://www.wikidata.org/entity/Q483941	P31	Q11424	instance-of
http://www.wikidata.org/entity/Q48403	P31	Q515	instance-of
http://www.wikidata.org/entity/Q4842201	P31	Q34770	instance-of
http://www.wikidata.org/entity/Q484442	P31	Q11424	instance-of
http://www.wikidata.org/entity/Q484706	P31	Q515	instance-of
http://www.wikidata.org/entity/Q48472	P31	Q515	instance-of
http://www.wikidata.org/entity/Q485496	P31	Q515	instance-of
http://www.wikidata.org/entity/Q486113	P31	Q482994	instance-of
http://www.wikidata.org/entity/Q486195	P31	Q515	instance-of
http://www.wikidata.org/entity/Q486282	P31	Q515	instance-of
http://www.wikidata.org/entity/Q486329	P31	Q515	instance-of
http://www.wikidata.org/entity/Q486792	P31	Q515	instance-of
http://www.wikidata.org/entity/Q486913	P31	Q515	instance-of
http://www.wikidata.org/entity/Q48726851	P31	Q34770	instance-of
http://www.wikidata.org/entity/Q487439	P31	Q515	instance-of
http://www.wikidata.org/entity/Q487672	P31	Q515	instance-of
http://www.wikidata.org/entity/Q48767781	P31	Q34770	instance-of
http://www.wikidata.org/entity/Q487679	P31	Q515	instance-of
http://www.wikidata.org/entity/Q487684	P31	Q515	instance-of
http://www.wikidata.org/entity/Q487689	P31	Q515	instance-of
http://www.wikidata.org/entity/Q487801	P31	Q515	instance-of
http://www.wikidata.org/entity/Q487981	P31	Q515	instance-of
http://www.wikidata.org/entity/Q488004	P31	Q515	instance-of
http://www.wikidata.org/entity/Q48814	P31	Q515	instance-of
http://www.wikidata.org/entity/Q488987	P31	Q515	instance-of
http://www.wikidata.org/entity/Q489890	P31	Q515	instance-of
http://www.wikidata.org/entity/Q489898	P31	Q515	instance-of
http://www.wikidata.org/entity/Q490	P31	Q515	instance-of
http://www.wikidata.org/entity/Q490643	P31	Q515	instance-of
http://www.wikidata.org/entity/Q49108	P31	Q3918	instance-of
http://www.wikidata.org/entity/Q491102	P31	Q515	instance-of
http://www.wikidata.org/entity/Q49111	P31	Q515	instance-of
http://www.wikidata.org/entity/Q49118	P31	Q3918	instance-of
http://www.wikidata.org/entity/Q49119	P31	Q3918	instance-of
http://www.wikidata.org/entity/Q49120	P31	Q3918	instance-of
http://www.wikidata.org/entity/Q49167	P31	Q3918	instance-of
http://www.wikidata.org/entity/Q49169	P31	Q515	instance-of
http://www.wikidata.org/entity/Q491879	P31	Q515	instance-of
http://www.wikidata.org/entity/Q49192	P31	Q515	instance-of
http://www.wikidata.org/entity/Q49196	P31	Q515	instance-of
http://www.wikidata.org/entity/Q49204	P31	Q3918	instance-of
http://www.wikidata.org/entity/Q49205	P31	Q3918	instance-of
http://www.wikidata.org/entity/Q49218	P31	Q515	instance-of
http://www.wikidata.org/entity/Q492552	P31	Q515	instance-of
http://www.wikidata.org/entity/Q49340	P31	Q34770	instance-of
http://www.wikidata.org/entity/Q49341	P31	Q34770	instance-of
http://www.wikidata.org/entity/Q494693	P31	Q515	instance-of
http://www.wikidata.org/entity/Q4955993	P31	Q34770	instance-of
http://www.wikidata.org/entity/Q495730	P31	Q515	instance-of
http://www.wikidata.org/entity/Q496368	P31	Q515	instance-of
http://www.wikidata.org/entity/Q496442	P31	Q515	instance-of
http://www.wikidata.org/entity/Q496567	P31	Q515	instance-of
http://www.wikidata.org/entity/Q497130	P31	Q515	instance-of
http://www.wikidata.org/entity/Q497793	P31	Q515	instance-of
http://www.wikidata.org/entity/Q498401	P31	Q3918	instance-of
http://www.wikidata.org/entity/Q499911	P31	Q3918	instance-of
http://www.wikidata.org/entity/Q500131	P31	Q3918	instance-of
http://www.wikidata.org/entity/Q500189	P31	Q515	instance-of
http://www.wikidata.org/entity/Q500888	P31	Q515	instance-of
http://www.wikidata.org/entity/Q501090	P31	Q515	instance-of
http://www.wikidata.org/entity/Q501709	P31	Q515	instance-of
http://www.wikidata.org/entity/Q501715	P31	Q515	instance-of
http://www.wikidata.org/entity/Q50195	P31	Q515	instance-of
http://www.wikidata.org/entity/Q502141	P31	Q515	instance-of
http://www.wikidata.org/entity/Q503469	P31	Q515	instance-of
http://www.wikidata.org/entity/Q504114	P31	Q515	instance-of
http://www.wikidata.org/entity/Q504215	P31	Q515	instance-of
http://www.wikidata.org/entity/Q504657	P31	Q515	instance-of
http://www.wikidata.org/entity/Q506745	P31	Q515	instance-of
http://www.wikidata.org/entity/Q507080	P31	Q515	instance-of
http://www.wikidata.org/entity/Q50816	P31	Q515	instance-of
http://www.wikidata.org/entity/Q50948445	P31	Q34770	instance-of
http://www.wikidata.org/entity/Q510029	P31	Q3918	instance-of
http://www.wikidata.org/entity/Q51103	P31	Q515	instance-of
http://www.wikidata.org/entity/Q51111	P31	Q515	instance-of
http://www.wikidata.org/entity/Q5112	P31	Q515	instance-of
http://www.wikidata.org/entity/Q513727	P31	Q515	instance-of
http://www.wikidata.org/entity/Q51432	P31	Q515	instance-of
http://www.wikidata.org/entity/Q515117	P31	Q515	instance-of
http://www.wikidata.org/entity/Q515229	P31	Q515	instance-of
http://www.wikidata.org/entity/Q5168	P31	Q515	instance-of
http://www.wikidata.org/entity/Q51798	P31	Q9143	instance-of
http://www.wikidata.org/entity/Q51878	P31	Q515	instance-of
http://www.wikidata.org/entity/Q51885456	P31	Q9143	instance-of
http://www.wikidata.org/entity/Q52101	P31	Q515	instance-of
http://www.wikidata.org/entity/Q522041	P31	Q9143	instance-of
http://www.wikidata.org/entity/Q5228140	P31	Q34770	instance-of
http://www.wikidata.org/entity/Q52413	P31	Q3918	instance-of
http://www.wikidata.org/entity/Q525169	P31	Q3918	instance-of
http://www.wikidata.org/entity/Q5266	P31	Q515	instance-of
http://www.wikidata.org/entity/Q5276	P31	Q515	instance-of
http://www.wikidata.org/entity/Q527748	P31	Q515	instance-of
http://www.wikidata.org/entity/Q528231	P31	Q3918	instance-of
http://www.wikidata.org/entity/Q5284171	P31	Q34770	instance-of
http://www.wikidata.org/entity/Q52842	P31	Q515	instance-of
http://www.wikidata.org/entity/Q528432	P31	Q515	instance-of
http://www.wikidata.org/entity/Q52845	P31	Q515	instance-of
http://www.wikidata.org/entity/Q52847	P31	Q43229	instance-of
http://www.wikidata.org/entity/Q52892	P31	Q515	instance-of
http://www.wikidata.org/entity/Q52981	P31	Q515	instance-of
http://www.wikidata.org/entity/Q5301	P31	Q9143	instance-of
http://www.wikidata.org/entity/Q530171	P31	Q515	instance-of
http://www.wikidata.org/entity/Q53122	P31	Q3918	instance-of
http://www.wikidata.org/entity/Q53268	P31	Q43229	instance-of
http://www.wikidata.org/entity/Q532822	P31	Q3918	instance-of
http://www.wikidata.org/entity/Q534409	P31	Q515	instance-of
http://www.wikidata.org/entity/Q534515	P31	Q3918	instance-of
http://www.wikidata.org/entity/Q534643	P31	Q3918	instance-of
http://www.wikidata.org/entity/Q5351410	P31	Q34770	instance-of
http://www.wikidata.org/entity/Q5362035	P31	Q9143	instance-of
http://www.wikidata.org/entity/Q538452	P31	Q3918	instance-of
http://www.wikidata.org/entity/Q540672	P31	Q3918	instance-of
http://www.wikidata.org/entity/Q540844	P31	Q515	instance-of
http://www.wikidata.org/entity/Q5414796	P31	Q34770	instance-of
http://www.wikidata.org/entity/Q541548	P31	Q3918	instance-of
http://www.wikidata.org/entity/Q54274	P31	Q11424	instance-of
http://www.wikidata.org/entity/Q5443742	P31	Q34770	instance-of
http://www.wikidata.org/entity/Q544927	P31	Q9143	instance-of
http://www.wikidata.org/entity/Q546	P31	Q515	instance-of
http://www.wikidata.org/entity/Q5460	P31	Q515	instance-of
http://www.wikidata.org/entity/Q5465566	P31	Q34770	instance-of
http://www.wikidata.org/entity/Q5468	P31	Q515	instance-of
http://www.wikidata.org/entity/Q546976	P31	Q3918	instance-of
http://www.wikidata.org/entity/Q54743	P31	Q515	instance-of
http://www.wikidata.org/entity/Q5475	P31	Q515	instance-of
http://www.wikidata.org/entity/Q54766	P31	Q515	instance-of
http://www.wikidata.org/entity/Q547867	P31	Q3918	instance-of
http://www.wikidata.org/entity/Q548441	P31	Q515	instance-of
http://www.wikidata.org/entity/Q54880	P31	Q515	instance-of
http://www.wikidata.org/entity/Q54886	P31	Q515	instance-of
http://www.wikidata.org/entity/Q54898	P31	Q515	instance-of
http://www.wikidata.org/entity/Q55	P31	Q6256	instance-of
http://www.wikidata.org/entity/Q5521556	P31	Q34770	instance-of
http://www.wikidata.org/entity/Q55218915	P31	Q34770	instance-of
http://www.wikidata.org/entity/Q5529130	P31	Q34770	instance-of
http://www.wikidata.org/entity/Q5530317	P31	Q34770	instance-of
http://www.wikidata.org/entity/Q553514	P31	Q9143	instance-of
http://www.wikidata.org/entity/Q5555465	P31	Q34770	instance-of
http://www.wikidata.org/entity/Q556098	P31	Q3918	instance-of
http://www.wikidata.org/entity/Q55642237	P31	Q34770	instance-of
http://www.wikidata.org/entity/Q5582862	P31	Q515	instance-of
http://www.wikidata.org/entity/Q5583799	P31	Q9143	instance-of
http://www.wikidata.org/entity/Q5584396	P31	Q515	instance-of
http://www.wikidata.org/entity/Q558922	P31	Q3918	instance-of
http://www.wikidata.org/entity/Q56064	P31	Q515	instance-of
http://www.wikidata.org/entity/Q56069	P31	Q515	instance-of
http://www.wikidata.org/entity/Q56197074	P31	Q34770	instance-of
http://www.wikidata.org/entity/Q56231	P31	Q34770	instance-of
http://www.wikidata.org/entity/Q56283	P31	Q34770	instance-of
http://www.wikidata.org/entity/Q56287	P31	Q34770	instance-of
http://www.wikidata.org/entity/Q56358	P31	Q34770	instance-of
http://www.wikidata.org/entity/Q56359	P31	Q34770	instance-of
http://www.wikidata.org/entity/Q56382	P31	Q34770	instance-of
http://www.wikidata.org/entity/Q56388	P31	Q34770	instance-of
http://www.wikidata.org/entity/Q56392	P31	Q34770	instance-of
http://www.wikidata.org/entity/Q56398	P31	Q34770	instance-of
http://www.wikidata.org/entity/Q56417	P31	Q34770	instance-of
http://www.wikidata.org/entity/Q56421	P31	Q34770	instance-of
http://www.wikidata.org/entity/Q56466	P31	Q34770	instance-of
http://www.wikidata.org/entity/Q56473	P31	Q34770	instance-of
http://www.wikidata.org/entity/Q56479	P31	Q34770	instance-of
http://www.wikidata.org/entity/Q56483	P31	Q34770	instance-of
http://www.wikidata.org/entity/Q56489	P31	Q34770	instance-of
http://www.wikidata.org/entity/Q56514	P31	Q34770	instance-of
http://www.wikidata.org/entity/Q56519	P31	Q34770	instance-of
http://www.wikidata.org/entity/Q56537	P31	Q34770	instance-of
http://www.wikidata.org/entity/Q56539	P31	Q34770	instance-of
http://www.wikidata.org/entity/Q565568	P31	Q515	instance-of
http://www.wikidata.org/entity/Q56557	P31	Q34770	instance-of
http://www.wikidata.org/entity/Q56570	P31	Q34770	instance-of
http://www.wikidata.org/entity/Q56571	P31	Q34770	instance-of
http://www.wikidata.org/entity/Q56577	P31	Q34770	instance-of
http://www.wikidata.org/entity/Q56586	P31	Q34770	instance-of
http://www.wikidata.org/entity/Q56592	P31	Q34770	instance-of
http://www.wikidata.org/entity/Q56593	P31	Q34770	instance-of
http://www.wikidata.org/entity/Q56595	P31	Q34770	instance-of
http://www.wikidata.org/entity/Q56596	P31	Q34770	instance-of
http://www.wikidata.org/entity/Q56597	P31	Q34770	instance-of
http://www.wikidata.org/entity/Q56599	P31	Q34770	instance-of
http://www.wikidata.org/entity/Q56612	P31	Q34770	instance-of
http://www.wikidata.org/entity/Q56616	P31	Q34770	instance-of
http://www.wikidata.org/entity/Q56668	P31	Q34770	instance-of
http://www.wikidata.org/entity/Q56674	P31	Q34770	instance-of
http://www.wikidata.org/entity/Q56699	P31	Q34770	instance-of
http://www.wikidata.org/entity/Q56725	P31	Q34770	instance-of
http://www.wikidata.org/entity/Q56727	P31	Q34770	instance-of
http://www.wikidata.org/entity/Q56738	P31	Q34770	instance-of
http://www.wikidata.org/entity/Q56744	P31	Q34770	instance-of
http://www.wikidata.org/entity/Q56747	P31	Q34770	instance-of
http://www.wikidata.org/entity/Q56749	P31	Q34770	instance-of
http://www.wikidata.org/entity/Q56760	P31	Q34770	instance-of
http://www.wikidata.org/entity/Q56769	P31	Q34770	instance-of
http://www.wikidata.org/entity/Q56796	P31	Q34770	instance-of
http://www.wikidata.org/entity/Q56823	P31	Q34770	instance-of
http://www.wikidata.org/entity/Q5683513	P31	Q34770	instance-of
http://www.wikidata.org/entity/Q5687	P31	Q515	instance-of
http://www.wikidata.org/entity/Q56910	P31	Q34770	instance-of
http://www.wikidata.org/entity/Q56944	P31	Q34770	instance-of
http://www.wikidata.org/entity/Q569766	P31	Q515	instance-of
http://www.wikidata.org/entity/Q56984	P31	Q34770	instance-of
http://www.wikidata.org/entity/Q57001	P31	Q34770	instance-of
http://www.wikidata.org/entity/Q5713	P31	Q515	instance-of
http://www.wikidata.org/entity/Q572041	P31	Q515	instance-of
http://www.wikidata.org/entity/Q572380	P31	Q515	instance-of
http://www.wikidata.org/entity/Q5724	P31	Q515	instance-of
http://www.wikidata.org/entity/Q57278	P31	Q515	instance-of
http://www.wikidata.org/entity/Q573954	P31	Q3918	instance-of
http://www.wikidata.org/entity/Q574	P31	Q6256	instance-of
http://www.wikidata.org/entity/Q574606	P31	Q3918	instance-of
http://www.wikidata.org/entity/Q575650	P31	Q9143	instance-of
http://www.wikidata.org/entity/Q5760	P31	Q515	instance-of
http://www.wikidata.org/entity/Q576368	P31	Q515	instance-of
http://www.wikidata.org/entity/Q5764	P31	Q515	instance-of
http://www.wikidata.org/entity/Q5776	P31	Q515	instance-of
http://www.wikidata.org/entity/Q578326	P31	Q3918	instance-of
http://www.wikidata.org/entity/Q5788	P31	Q515	instance-of
http://www.wikidata.org/entity/Q580	P31	Q515	instance-of
http://www.wikidata.org/entity/Q58024	P31	Q43229	instance-of
http://www.wikidata.org/entity/Q580533	P31	Q515	instance-of
http://www.wikidata.org/entity/Q583184	P31	Q515	instance-of
http://www.wikidata.org/entity/Q5832	P31	Q515	instance-of
http://www.wikidata.org/entity/Q5838	P31	Q515	instance-of
http://www.wikidata.org/entity/Q584295	P31	Q515	instance-of
http://www.wikidata.org/entity/Q586	P31	Q515	instance-of
http://www.wikidata.org/entity/Q58635	P31	Q34770	instance-of
http://www.wikidata.org/entity/Q5867	P31	Q515	instance-of
http://www.wikidata.org/entity/Q5869	P31	Q515	instance-of
http://www.wikidata.org/entity/Q587085	P31	Q515	instance-of
http://www.wikidata.org/entity/Q58797	P31	Q515	instance-of
http://www.wikidata.org/entity/Q588	P31	Q515	instance-of
http://www.wikidata.org/entity/Q588239	P31	Q3918	instance-of
http://www.wikidata.org/entity/Q5890	P31	Q11424	instance-of
http://www.wikidata.org/entity/Q58900	P31	Q515	instance-of
http://www.wikidata.org/entity/Q59018	P31	Q515	instance-of
http://www.wikidata.org/entity/Q59101	P31	Q515	instance-of
http://www.wikidata.org/entity/Q593193	P31	Q515	instance-of
http://www.wikidata.org/entity/Q593321	P31	Q3918	instance-of
http://www.wikidata.org/entity/Q5968	P31	Q515	instance-of
http://www.wikidata.org/entity/Q59698	P31	Q515	instance-of
http://www.wikidata.org/entity/Q598	P31	Q515	instance-of
http://www.wikidata.org/entity/Q599416	P31	Q515	instance-of
http://www.wikidata.org/entity/Q59975	P31	Q515	instance-of
http://www.wikidata.org/entity/Q60	P31	Q515	instance-of
http://www.wikidata.org/entity/Q601956	P31	Q3918	instance-of
http://www.wikidata.org/entity/Q604444	P31	Q3918	instance-of
http://www.wikidata.org/entity/Q604487	P31	Q3918	instance-of
http://www.wikidata.org/entity/Q6046	P31	Q515	instance-of
http://www.wikidata.org/entity/Q605483	P31	Q515	instance-of
http://www.wikidata.org/entity/Q606550	P31	Q9143	instance-of
http://www.wikidata.org/entity/Q6066	P31	Q515	instance-of
http://www.wikidata.org/entity/Q608565	P31	Q9143	instance-of
http://www.wikidata.org/entity/Q6088	P31	Q515	instance-of
http://www.wikidata.org/entity/Q609024	P31	Q515	instance-of
http://www.wikidata.org/entity/Q609301	P31	Q3918	instance-of
http://www.wikidata.org/entity/Q60956	P31	Q515	instance-of
http://www.wikidata.org/entity/Q609649	P31	Q515	instance-of
http://www.wikidata.org/entity/Q609817	P31	Q34770	instance-of
http://www.wikidata.org/entity/Q61053330	P31	Q34770	instance-of
http://www.wikidata.org/entity/Q61089	P31	Q515	instance-of
http://www.wikidata.org/entity/Q61092	P31	Q515	instance-of
http://www.wikidata.org/entity/Q612	P31	Q515	instance-of
http://www.wikidata.org/entity/Q6122	P31	Q515	instance-of
http://www.wikidata.org/entity/Q612250	P31	Q515	instance-of
http://www.wikidata.org/entity/Q612665	P31	Q3918	instance-of
http://www.wikidata.org/entity/Q61301	P31	Q515	instance-of
http://www.wikidata.org/entity/Q61302	P31	Q515	instance-of
http://www.wikidata.org/entity/Q61306	P31	Q515	instance-of
http://www.wikidata.org/entity/Q61320	P31	Q515	instance-of
http://www.wikidata.org/entity/Q61434	P31	Q515	instance-of
http://www.wikidata.org/entity/Q61445	P31	Q515	instance-of
http://www.wikidata.org/entity/Q61448040	P31	Q11424	instance-of
http://www.wikidata.org/entity/Q6157	P31	Q515	instance-of
http://www.wikidata.org/entity/Q617291	P31	Q34770	instance-of
http://www.wikidata.org/entity/Q6190581	P31	Q43229	instance-of
http://www.wikidata.org/entity/Q61944	P31	Q515	instance-of
http://www.wikidata.org/entity/Q61965544	P31	Q34770	instance-of
http://www.wikidata.org/entity/Q620464	P31	Q9143	instance-of
http://www.wikidata.org/entity/Q621001	P31	Q515	instance-of
http://www.wikidata.org/entity/Q622	P31	Q515	instance-of
http://www.wikidata.org/entity/Q622030	P31	Q515	instance-of
http://www.wikidata.org/entity/Q6221	P31	Q515	instance-of
http://www.wikidata.org/entity/Q622137	P31	Q3918	instance-of
http://www.wikidata.org/entity/Q6225	P31	Q515	instance-of
http://www.wikidata.org/entity/Q6226	P31	Q515	instance-of
http://www.wikidata.org/entity/Q622683	P31	Q3918	instance-of
http://www.wikidata.org/entity/Q6231	P31	Q515	instance-of
http://www.wikidata.org/entity/Q625158	P31	Q3918	instance-of
http://www.wikidata.org/entity/Q6252	P31	Q515	instance-of
http://www.wikidata.org/entity/Q628	P31	Q515	instance-of
http://www.wikidata.org/entity/Q6285	P31	Q515	instance-of
http://www.wikidata.org/entity/Q62868	P31	Q515	instance-of
http://www.wikidata.org/entity/Q630805	P31	Q515	instance-of
http://www.wikidata.org/entity/Q632004	P31	Q3918	instance-of
http://www.wikidata.org/entity/Q632558	P31	Q3918	instance-of
http://www.wikidata.org/entity/Q633561	P31	Q3918	instance-of
http://www.wikidata.org/entity/Q633782	P31	Q3918	instance-of
http://www.wikidata.org/entity/Q633894	P31	Q9143	instance-of
http://www.wikidata.org/entity/Q6359692	P31	Q34770	instance-of
http://www.wikidata.org/entity/Q636479	P31	Q34770	instance-of
http://www.wikidata.org/entity/Q637228	P31	Q34770	instance-of
http://www.wikidata.org/entity/Q637555	P31	Q515	instance-of
http://www.wikidata.org/entity/Q638704	P31	Q515	instance-of
http://www.wikidata.org/entity/Q6393846	P31	Q34770	instance-of
http://www.wikidata.org/entity/Q639421	P31	Q515	instance-of
http://www.wikidata.org/entity/Q6397	P31	Q515	instance-of
http://www.wikidata.org/entity/Q640652	P31	Q3918	instance-of
http://www.wikidata.org/entity/Q641	P31	Q515	instance-of
http://www.wikidata.org/entity/Q641737	P31	Q34770	instance-of
http://www.wikidata.org/entity/Q6419912	P31	Q515	instance-of
http://www.wikidata.org/entity/Q642856	P31	Q515	instance-of
http://www.wikidata.org/entity/Q643883	P31	Q515	instance-of
http://www.wikidata.org/entity/Q644	P31	Q515	instance-of
http://www.wikidata.org/entity/Q64427350	P31	Q34770	instance-of
http://www.wikidata.org/entity/Q6454	P31	Q515	instance-of
http://www.wikidata.org/entity/Q646498	P31	Q515	instance-of
http://www.wikidata.org/entity/Q6470767	P31	Q9143	instance-of
http://www.wikidata.org/entity/Q6474528	P31	Q34770	instance-of
http://www.wikidata.org/entity/Q647543	P31	Q515	instance-of
http://www.wikidata.org/entity/Q647982	P31	Q515	instance-of
http://www.wikidata.org/entity/Q648124	P31	Q9143	instance-of
http://www.wikidata.org/entity/Q648567	P31	Q515	instance-of
http://www.wikidata.org/entity/Q648619	P31	Q9143	instance-of
http://www.wikidata.org/entity/Q6487	P31	Q515	instance-of
http://www.wikidata.org/entity/Q648732	P31	Q515	instance-of
http://www.wikidata.org/entity/Q648838	P31	Q3918	instance-of
http://www.wikidata.org/entity/Q651133	P31	Q3918	instance-of
http://www.wikidata.org/entity/Q651233	P31	Q3918	instance-of
http://www.wikidata.org/entity/Q6536321	P31	Q34770	instance-of
http://www.wikidata.org/entity/Q6537	P31	Q515	instance-of
http://www.wikidata.org/entity/Q65379	P31	Q3918	instance-of
http://www.wikidata.org/entity/Q656189	P31	Q515	instance-of
http://www.wikidata.org/entity/Q656871	P31	Q3918	instance-of
http://www.wikidata.org/entity/Q657	P31	Q6256	instance-of
http://www.wikidata.org/entity/Q6576	P31	Q515	instance-of
http://www.wikidata.org/entity/Q659706	P31	Q3918	instance-of
http://www.wikidata.org/entity/Q661529	P31	Q515	instance-of
http://www.wikidata.org/entity/Q6616	P31	Q515	instance-of
http://www.wikidata.org/entity/Q664	P31	Q6256	instance-of
http://www.wikidata.org/entity/Q664550	P31	Q515	instance-of
http://www.wikidata.org/entity/Q6647	P31	Q515	instance-of
http://www.wikidata.org/entity/Q664873	P31	Q482994	instance-of
http://www.wikidata.org/entity/Q665105	P31	Q3918	instance-of
http://www.wikidata.org/entity/Q66568	P31	Q515	instance-of
http://www.wikidata.org/entity/Q6662	P31	Q515	instance-of
http://www.wikidata.org/entity/Q667566	P31	Q9143	instance-of
http://www.wikidata.org/entity/Q668	P31	Q6256	instance-of
http://www.wikidata.org/entity/Q6681	P31	Q515	instance-of
http://www.wikidata.org/entity/Q6686	P31	Q43229	instance-of
http://www.wikidata.org/entity/Q669431	P31	Q34770	instance-of
http://www.wikidata.org/entity/Q6705910	P31	Q34770	instance-of
http://www.wikidata.org/entity/Q670897	P31	Q3918	instance-of
http://www.wikidata.org/entity/Q672	P31	Q6256	instance-of
http://www.wikidata.org/entity/Q672420	P31	Q3918	instance-of
http://www.wikidata.org/entity/Q6736761	P31	Q34770	instance-of
http://www.wikidata.org/entity/Q6737	P31	Q515	instance-of
http://www.wikidata.org/entity/Q6737786	P31	Q34770	instance-of
http://www.wikidata.org/entity/Q676778	P31	Q515	instance-of
http://www.wikidata.org/entity/Q677993	P31	Q3918	instance-of
http://www.wikidata.org/entity/Q678	P31	Q6256	instance-of
http://www.wikidata.org/entity/Q681360	P31	Q9143	instance-of
http://www.wikidata.org/entity/Q68144	P31	Q515	instance-of
http://www.wikidata.org/entity/Q681893	P31	Q515	instance-of
http://www.wikidata.org/entity/Q6821677	P31	Q34770	instance-of
http://www.wikidata.org/entity/Q683	P31	Q6256	instance-of
http://www.wikidata.org/entity/Q683512	P31	Q515	instance-of
http://www.wikidata.org/entity/Q685	P31	Q6256	instance-of
http://www.wikidata.org/entity/Q6855	P31	Q515	instance-of
http://www.wikidata.org/entity/Q685820	P31	Q9143	instance-of
http://www.wikidata.org/entity/Q685941	P31	Q515	instance-of
http://www.wikidata.org/entity/Q686	P31	Q6256	instance-of
http://www.wikidata.org/entity/Q689617	P31	Q3918	instance-of
http://www.wikidata.org/entity/Q690052	P31	Q515	instance-of
http://www.wikidata.org/entity/Q6903267	P31	Q515	instance-of
http://www.wikidata.org/entity/Q69060	P31	Q515	instance-of
http://www.wikidata.org/entity/Q690639	P31	Q3918	instance-of
http://www.wikidata.org/entity/Q691	P31	Q6256	instance-of
http://www.wikidata.org/entity/Q691686	P31	Q3918	instance-of
http://www.wikidata.org/entity/Q6940122	P31	Q34770	instance-of
http://www.wikidata.org/entity/Q695	P31	Q6256	instance-of
http://www.wikidata.org/entity/Q695623	P31	Q515	instance-of
http://www.wikidata.org/entity/Q695631	P31	Q515	instance-of
http://www.wikidata.org/entity/Q695740	P31	Q34770	instance-of
http://www.wikidata.org/entity/Q696605	P31	Q515	instance-of
http://www.wikidata.org/entity/Q697	P31	Q6256	instance-of
http://www.wikidata.org/entity/Q6983146	P31	Q34770	instance-of
http://www.wikidata.org/entity/Q6990895	P31	Q34770	instance-of
http://www.wikidata.org/entity/Q70	P31	Q515	instance-of
http://www.wikidata.org/entity/Q7019	P31	Q515	instance-of
http://www.wikidata.org/entity/Q702	P31	Q6256	instance-of
http://www.wikidata.org/entity/Q7022396	P31	Q34770	instance-of
http://www.wikidata.org/entity/Q7024	P31	Q515	instance-of
http://www.wikidata.org/entity/Q702524	P31	Q3918	instance-of
http://www.wikidata.org/entity/Q7026	P31	Q34770	instance-of
http://www.wikidata.org/entity/Q7030	P31	Q515	instance-of
http://www.wikidata.org/entity/Q7033959	P31	Q34770	instance-of
http://www.wikidata.org/entity/Q7036	P31	Q515	instance-of
http://www.wikidata.org/entity/Q7039	P31	Q515	instance-of
http://www.wikidata.org/entity/Q704371	P31	Q515	instance-of
http://www.wikidata.org/entity/Q706857	P31	Q515	instance-of
http://www.wikidata.org/entity/Q7083390	P31	Q34770	instance-of
http://www.wikidata.org/entity/Q709	P31	Q6256	instance-of
http://www.wikidata.org/entity/Q710	P31	Q6256	instance-of
http://www.wikidata.org/entity/Q711	P31	Q6256	instance-of
http://www.wikidata.org/entity/Q712	P31	Q6256	instance-of
http://www.wikidata.org/entity/Q7121294	P31	Q34770	instance-of
http://www.wikidata.org/entity/Q7123283	P31	Q34770	instance-of
http://www.wikidata.org/entity/Q714891	P31	Q3918	instance-of
http://www.wikidata.org/entity/Q717	P31	Q6256	instance-of
http://www.wikidata.org/entity/Q7208693	P31	Q34770	instance-of
http://www.wikidata.org/entity/Q721064	P31	Q3918	instance-of
http://www.wikidata.org/entity/Q72248	P31	Q515	instance-of
http://www.wikidata.org/entity/Q72259	P31	Q515	instance-of
http://www.wikidata.org/entity/Q724222	P31	Q3918	instance-of
http://www.wikidata.org/entity/Q725401	P31	Q9143	instance-of
http://www.wikidata.org/entity/Q726218	P31	Q9143	instance-of
http://www.wikidata.org/entity/Q7263152	P31	Q515	instance-of
http://www.wikidata.org/entity/Q727	P31	Q515	instance-of
http://www.wikidata.org/entity/Q727516	P31	Q3918	instance-of
http://www.wikidata.org/entity/Q727694	P31	Q34770	instance-of
http://www.wikidata.org/entity/Q72818	P31	Q515	instance-of
http://www.wikidata.org/entity/Q730	P31	Q6256	instance-of
http://www.wikidata.org/entity/Q732089	P31	Q9143	instance-of
http://www.wikidata.org/entity/Q732726	P31	Q34770	instance-of
http://www.wikidata.org/entity/Q733	P31	Q6256	instance-of
http://www.wikidata.org/entity/Q734	P31	Q6256	instance-of
http://www.wikidata.org/entity/Q735138	P31	Q515	instance-of
http://www.wikidata.org/entity/Q736	P31	Q6256	instance-of
http://www.wikidata.org/entity/Q73639	P31	Q515	instance-of
http://www.wikidata.org/entity/Q737784	P31	Q34770	instance-of
http://www.wikidata.org/entity/Q738258	P31	Q3918	instance-of
http://www.wikidata.org/entity/Q739	P31	Q6256	instance-of
http://www.wikidata.org/entity/Q740832	P31	Q515	instance-of
http://www.wikidata.org/entity/Q743218	P31	Q515	instance-of
http://www.wikidata.org/entity/Q7436	P31	Q515	instance-of
http://www.wikidata.org/entity/Q747840	P31	Q515	instance-of
http://www.wikidata.org/entity/Q748085	P31	Q3918	instance-of
http://www.wikidata.org/entity/Q748106	P31	Q3918	instance-of
http://www.wikidata.org/entity/Q748336	P31	Q515	instance-of
http://www.wikidata.org/entity/Q749	P31	Q515	instance-of
http://www.wikidata.org/entity/Q749170	P31	Q515	instance-of
http://www.wikidata.org/entity/Q7495993	P31	Q34770	instance-of
http://www.wikidata.org/entity/Q750	P31	Q6256	instance-of
http://www.wikidata.org/entity/Q752348	P31	Q515	instance-of
http://www.wikidata.org/entity/Q753868	P31	Q9143	instance-of
http://www.wikidata.org/entity/Q754	P31	Q6256	instance-of
http://www.wikidata.org/entity/Q755149	P31	Q515	instance-of
http://www.wikidata.org/entity/Q755763	P31	Q515	instance-of
http://www.wikidata.org/entity/Q755765	P31	Q515	instance-of
http://www.wikidata.org/entity/Q756126	P31	Q3918	instance-of
http://www.wikidata.org/entity/Q756651	P31	Q34770	instance-of
http://www.wikidata.org/entity/Q757	P31	Q6256	instance-of
http://www.wikidata.org/entity/Q75809	P31	Q43229	instance-of
http://www.wikidata.org/entity/Q758659	P31	Q3918	instance-of
http://www.wikidata.org/entity/Q759770	P31	Q34770	instance-of
http://www.wikidata.org/entity/Q760	P31	Q6256	instance-of
http://www.wikidata.org/entity/Q760144	P31	Q515	instance-of
http://www.wikidata.org/entity/Q760714	P31	Q515	instance-of
http://www.wikidata.org/entity/Q760732	P31	Q34770	instance-of
http://www.wikidata.org/entity/Q761	P31	Q515	instance-of
http://www.wikidata.org/entity/Q761534	P31	Q3918	instance-of
http://www.wikidata.org/entity/Q763	P31	Q6256	instance-of
http://www.wikidata.org/entity/Q763015	P31	Q515	instance-of
http://www.wikidata.org/entity/Q7633412	P31	Q34770	instance-of
http://www.wikidata.org/entity/Q765887	P31	Q515	instance-of
http://www.wikidata.org/entity/Q766	P31	Q6256	instance-of
http://www.wikidata.org/entity/Q767018	P31	Q9143	instance-of
http://www.wikidata.org/entity/Q769	P31	Q6256	instance-of
http://www.wikidata.org/entity/Q7692059	P31	Q34770	instance-of
http://www.wikidata.org/entity/Q77	P31	Q6256	instance-of
http://www.wikidata.org/entity/Q7706841	P31	Q34770	instance-of
http://www.wikidata.org/entity/Q7737	P31	Q34770	instance-of
http://www.wikidata.org/entity/Q774	P31	Q6256	instance-of
http://www.wikidata.org/entity/Q77433	P31	Q515	instance-of
http://www.wikidata.org/entity/Q774520	P31	Q3918	instance-of
http://www.wikidata.org/entity/Q775159	P31	Q9143	instance-of
http://www.wikidata.org/entity/Q776223	P31	Q3918	instance-of
http://www.wikidata.org/entity/Q776965	P31	Q515	instance-of
http://www.wikidata.org/entity/Q778	P31	Q6256	instance-of
http://www.wikidata.org/entity/Q779819	P31	Q9143	instance-of
http://www.wikidata.org/entity/Q781	P31	Q6256	instance-of
http://www.wikidata.org/entity/Q782278	P31	Q515	instance-of
http://www.wikidata.org/entity/Q782397	P31	Q9143	instance-of
http://www.wikidata.org/entity/Q782600	P31	Q3918	instance-of
http://www.wikidata.org/entity/Q783	P31	Q6256	instance-of
http://www.wikidata.org/entity/Q784	P31	Q6256	instance-of
http://www.wikidata.org/entity/Q7842493	P31	Q34770	instance-of
http://www.wikidata.org/entity/Q7853191	P31	Q34770	instance-of
http://www.wikidata.org/entity/Q7857160	P31	Q34770	instance-of
http://www.wikidata.org/entity/Q786	P31	Q6256	instance-of
http://www.wikidata.org/entity/Q787388	P31	Q3918	instance-of
http://www.wikidata.org/entity/Q79	P31	Q6256	instance-of
http://www.wikidata.org/entity/Q790	P31	Q6256	instance-of
http://www.wikidata.org/entity/Q7903	P31	Q515	instance-of
http://www.wikidata.org/entity/Q7918	P31	Q34770	instance-of
http://www.wikidata.org/entity/Q792	P31	Q6256	instance-of
http://www.wikidata.org/entity/Q793809	P31	Q515	instance-of
http://www.wikidata.org/entity/Q794	P31	Q6256	instance-of
http://www.wikidata.org/entity/Q79598	P31	Q9143	instance-of
http://www.wikidata.org/entity/Q796	P31	Q6256	instance-of
http://www.wikidata.org/entity/Q797302	P31	Q9143	instance-of
http://www.wikidata.org/entity/Q798	P31	Q515	instance-of
http://www.wikidata.org/entity/Q79808	P31	Q515	instance-of
http://www.wikidata.org/entity/Q79848	P31	Q515	instance-of
http://www.wikidata.org/entity/Q79857	P31	Q515	instance-of
http://www.wikidata.org/entity/Q79863	P31	Q515	instance-of
http://www.wikidata.org/entity/Q79980	P31	Q515	instance-of
http://www.wikidata.org/entity/Q79990	P31	Q515	instance-of
http://www.wikidata.org/entity/Q800	P31	Q6256	instance-of
http://www.wikidata.org/entity/Q801	P31	Q6256	instance-of
http://www.wikidata.org/entity/Q8011202	P31	Q515	instance-of
http://www.wikidata.org/entity/Q802	P31	Q515	instance-of
http://www.wikidata.org/entity/Q804	P31	Q6256	instance-of
http://www.wikidata.org/entity/Q80484	P31	Q515	instance-of
http://www.wikidata.org/entity/Q805	P31	Q6256	instance-of
http://www.wikidata.org/entity/Q805122	P31	Q3918	instance-of
http://www.wikidata.org/entity/Q8053020	P31	Q34770	instance-of
http://www.wikidata.org/entity/Q805515	P31	Q515	instance-of
http://www.wikidata.org/entity/Q8072097	P31	Q34770	instance-of
http://www.wikidata.org/entity/Q8078975	P31	Q34770	instance-of
http://www.wikidata.org/entity/Q80985	P31	Q515	instance-of
http://www.wikidata.org/entity/Q80989	P31	Q515	instance-of
http://www.wikidata.org/entity/Q810	P31	Q6256	instance-of
http://www.wikidata.org/entity/Q810009	P31	Q9143	instance-of
http://www.wikidata.org/entity/Q81033	P31	Q515	instance-of
http://www.wikidata.org/entity/Q81046	P31	Q515	instance-of
http://www.wikidata.org/entity/Q811	P31	Q6256	instance-of
http://www.wikidata.org/entity/Q81137	P31	Q515	instance-of
http://www.wikidata.org/entity/Q81294	P31	Q9143	instance-of
http://www.wikidata.org/entity/Q813	P31	Q6256	instance-of
http://www.wikidata.org/entity/Q81348	P31	Q9143	instance-of
http://www.wikidata.org/entity/Q81398	P31	Q515	instance-of
http://www.wikidata.org/entity/Q8141	P31	Q34770	instance-of
http://www.wikidata.org/entity/Q814269	P31	Q9143	instance-of
http://www.wikidata.org/entity/Q815352	P31	Q3918	instance-of
http://www.wikidata.org/entity/Q815721	P31	Q515	instance-of
http://www.wikidata.org/entity/Q81581	P31	Q515	instance-of
http://www.wikidata.org/entity/Q816145	P31	Q3918	instance-of
http://www.wikidata.org/entity/Q81621	P31	Q515	instance-of
http://www.wikidata.org/entity/Q816699	P31	Q515	instance-of
http://www.wikidata.org/entity/Q817	P31	Q6256	instance-of
http://www.wikidata.org/entity/Q817578	P31	Q515	instance-of
http://www.wikidata.org/entity/Q81788	P31	Q515	instance-of
http://www.wikidata.org/entity/Q819	P31	Q6256	instance-of
http://www.wikidata.org/entity/Q820235	P31	Q515	instance-of
http://www.wikidata.org/entity/Q82059	P31	Q43229	instance-of
http://www.wikidata.org/entity/Q82070	P31	Q515	instance-of
http://www.wikidata.org/entity/Q820887	P31	Q3918	instance-of
http://www.wikidata.org/entity/Q82185	P31	Q515	instance-of
http://www.wikidata.org/entity/Q822	P31	Q6256	instance-of
http://www.wikidata.org/entity/Q822679	P31	Q515	instance-of
http://www.wikidata.org/entity/Q824594	P31	Q515	instance-of
http://www.wikidata.org/entity/Q82500	P31	Q515	instance-of
http://www.wikidata.org/entity/Q826	P31	Q6256	instance-of
http://www.wikidata.org/entity/Q826068	P31	Q515	instance-of
http://www.wikidata.org/entity/Q82765	P31	Q515	instance-of
http://www.wikidata.org/entity/Q828742	P31	Q9143	instance-of
http://www.wikidata.org/entity/Q82960	P31	Q515	instance-of
http://www.wikidata.org/entity/Q83061	P31	Q515	instance-of
http://www.wikidata.org/entity/Q83065	P31	Q515	instance-of
http://www.wikidata.org/entity/Q830842	P31	Q9143	instance-of
http://www.wikidata.org/entity/Q83178	P31	Q515	instance-of
http://www.wikidata.org/entity/Q83189	P31	Q515	instance-of
http://www.wikidata.org/entity/Q83285	P31	Q515	instance-of
http://www.wikidata.org/entity/Q833	P31	Q6256	instance-of
http://www.wikidata.org/entity/Q833016	P31	Q515	instance-of
http://www.wikidata.org/entity/Q83303	P31	Q9143	instance-of
http://www.wikidata.org/entity/Q83317	P31	Q515	instance-of
http://www.wikidata.org/entity/Q83387	P31	Q515	instance-of
http://www.wikidata.org/entity/Q83495	P31	Q11424	instance-of
http://www.wikidata.org/entity/Q83531	P31	Q515	instance-of
http://www.wikidata.org/entity/Q835960	P31	Q3918	instance-of
http://www.wikidata.org/entity/Q836	P31	Q6256	instance-of
http://www.wikidata.org/entity/Q836805	P31	Q3918	instance-of
http://www.wikidata.org/entity/Q837	P31	Q6256	instance-of
http://www.wikidata.org/entity/Q837164	P31	Q3918	instance-of
http://www.wikidata.org/entity/Q83786	P31	Q515	instance-of
http://www.wikidata.org/entity/Q838062	P31	Q9143	instance-of
http://www.wikidata.org/entity/Q838954	P31	Q515	instance-of
http://www.wikidata.org/entity/Q839669	P31	Q3918	instance-of
http://www.wikidata.org/entity/Q84	P31	Q515	instance-of
http://www.wikidata.org/entity/Q840543	P31	Q9143	instance-of
http://www.wikidata.org/entity/Q840712	P31	Q515	instance-of
http://www.wikidata.org/entity/Q842	P31	Q6256	instance-of
http://www.wikidata.org/entity/Q842214	P31	Q482994	instance-of
http://www.wikidata.org/entity/Q842779	P31	Q515	instance-of
http://www.wikidata.org/entity/Q842869	P31	Q515	instance-of
http://www.wikidata.org/entity/Q843	P31	Q6256	instance-of
http://www.wikidata.org/entity/Q843138	P31	Q515	instance-of
http://www.wikidata.org/entity/Q844417	P31	Q515	instance-of
http://www.wikidata.org/entity/Q844430	P31	Q515	instance-of
http://www.wikidata.org/entity/Q845662	P31	Q515	instance-of
http://www.wikidata.org/entity/Q845720	P31	Q515	instance-of
http://www.wikidata.org/entity/Q845783	P31	Q482994	instance-of
http://www.wikidata.org/entity/Q846	P31	Q6256	instance-of
http://www.wikidata.org/entity/Q846502	P31	Q515	instance-of
http://www.wikidata.org/entity/Q8475	P31	Q43229	instance-of
http://www.wikidata.org/entity/Q848638	P31	Q515	instance-of
http://www.wikidata.org/entity/Q849146	P31	Q9143	instance-of
http://www.wikidata.org/entity/Q849524	P31	Q515	instance-of
http://www.wikidata.org/entity/Q849561	P31	Q515	instance-of
http://www.wikidata.org/entity/Q849751	P31	Q3918	instance-of
http://www.wikidata.org/entity/Q850247	P31	Q3918	instance-of
http://www.wikidata.org/entity/Q851	P31	Q6256	instance-of
http://www.wikidata.org/entity/Q852276	P31	Q515	instance-of
http://www.wikidata.org/entity/Q85300	P31	Q3918	instance-of
http://www.wikidata.org/entity/Q853258	P31	Q515	instance-of
http://www.wikidata.org/entity/Q853414	P31	Q34770	instance-of
http://www.wikidata.org/entity/Q854	P31	Q6256	instance-of
http://www.wikidata.org/entity/Q854280	P31	Q3918	instance-of
http://www.wikidata.org/entity/Q854333	P31	Q515	instance-of
http://www.wikidata.org/entity/Q85449	P31	Q3918	instance-of
http://www.wikidata.org/entity/Q855215	P31	Q34770	instance-of
http://www.wikidata.org/entity/Q85760309	P31	Q34770	instance-of
http://www.wikidata.org/entity/Q857858	P31	Q34770	instance-of
http://www.wikidata.org/entity/Q858	P31	Q6256	instance-of
http://www.wikidata.org/entity/Q858750	P31	Q482994	instance-of
http://www.wikidata.org/entity/Q860654	P31	Q9143	instance-of
http://www.wikidata.org/entity/Q862041	P31	Q515	instance-of
http://www.wikidata.org/entity/Q8621	P31	Q515	instance-of
http://www.wikidata.org/entity/Q863	P31	Q6256	instance-of
http://www.wikidata.org/entity/Q863813	P31	Q3918	instance-of
http://www.wikidata.org/entity/Q8646	P31	Q515	instance-of
http://www.wikidata.org/entity/Q865	P31	Q6256	instance-of
http://www.wikidata.org/entity/Q8673	P31	Q515	instance-of
http://www.wikidata.org/entity/Q867586	P31	Q515	instance-of
http://www.wikidata.org/entity/Q868203	P31	Q515	instance-of
http://www.wikidata.org/entity/Q8684	P31	Q515	instance-of
http://www.wikidata.org/entity/Q868631	P31	Q515	instance-of
http://www.wikidata.org/entity/Q869	P31	Q6256	instance-of
http://www.wikidata.org/entity/Q86919359	P31	Q482994	instance-of
http://www.wikidata.org/entity/Q87	P31	Q515	instance-of
http://www.wikidata.org/entity/Q871369	P31	Q3918	instance-of
http://www.wikidata.org/entity/Q874	P31	Q6256	instance-of
http://www.wikidata.org/entity/Q875	P31	Q515	instance-of
http://www.wikidata.org/entity/Q876191	P31	Q515	instance-of
http://www.wikidata.org/entity/Q877925	P31	Q3918	instance-of
http://www.wikidata.org/entity/Q878	P31	Q6256	instance-of
http://www.wikidata.org/entity/Q8786	P31	Q34770	instance-of
http://www.wikidata.org/entity/Q88	P31	Q515	instance-of
http://www.wikidata.org/entity/Q881	P31	Q6256	instance-of
http://www.wikidata.org/entity/Q8821	P31	Q34770	instance-of
http://www.wikidata.org/entity/Q8826	P31	Q515	instance-of
http://www.wikidata.org/entity/Q884	P31	Q6256	instance-of
http://www.wikidata.org/entity/Q889	P31	Q6256	instance-of
http://www.wikidata.org/entity/Q892948	P31	Q9143	instance-of
http://www.wikidata.org/entity/Q8969	P31	Q515	instance-of
http://www.wikidata.org/entity/Q902	P31	Q6256	instance-of
http://www.wikidata.org/entity/Q9027	P31	Q34770	instance-of
http://www.wikidata.org/entity/Q903092	P31	Q3918	instance-of
http://www.wikidata.org/entity/Q9043	P31	Q34770	instance-of
http://www.wikidata.org/entity/Q9051	P31	Q34770	instance-of
http://www.wikidata.org/entity/Q9058	P31	Q34770	instance-of
http://www.wikidata.org/entity/Q906	P31	Q515	instance-of
http://www.wikidata.org/entity/Q9067	P31	Q34770	instance-of
http://www.wikidata.org/entity/Q9078	P31	Q34770	instance-of
http://www.wikidata.org/entity/Q9083	P31	Q34770	instance-of
http://www.wikidata.org/entity/Q9091	P31	Q34770	instance-of
http://www.wikidata.org/entity/Q912	P31	Q6256	instance-of
http://www.wikidata.org/entity/Q91540	P31	Q11424	instance-of
http://www.wikidata.org/entity/Q916	P31	Q6256	instance-of
http://www.wikidata.org/entity/Q9168	P31	Q34770	instance-of
http://www.wikidata.org/entity/Q917	P31	Q6256	instance-of
http://www.wikidata.org/entity/Q9192	P31	Q34770	instance-of
http://www.wikidata.org/entity/Q9205	P31	Q34770	instance-of
http://www.wikidata.org/entity/Q921	P31	Q6256	instance-of
http://www.wikidata.org/entity/Q9211	P31	Q34770	instance-of
http://www.wikidata.org/entity/Q92161	P31	Q515	instance-of
http://www.wikidata.org/entity/Q9217	P31	Q34770	instance-of
http://www.wikidata.org/entity/Q92212	P31	Q515	instance-of
http://www.wikidata.org/entity/Q923610	P31	Q3918	instance-of
http://www.wikidata.org/entity/Q9237	P31	Q34770	instance-of
http://www.wikidata.org/entity/Q924	P31	Q6256	instance-of
http://www.wikidata.org/entity/Q9240	P31	Q34770	instance-of
http://www.wikidata.org/entity/Q924405	P31	Q34770	instance-of
http://www.wikidata.org/entity/Q92561	P31	Q515	instance-of
http://www.wikidata.org/entity/Q92689	P31	Q515	instance-of
http://www.wikidata.org/entity/Q9270	P31	Q515	instance-of
http://www.wikidata.org/entity/Q9279	P31	Q515	instance-of
http://www.wikidata.org/entity/Q928	P31	Q6256	instance-of
http://www.wikidata.org/entity/Q9288	P31	Q34770	instance-of
http://www.wikidata.org/entity/Q929	P31	Q6256	instance-of
http://www.wikidata.org/entity/Q9296	P31	Q34770	instance-of
http://www.wikidata.org/entity/Q9299	P31	Q34770	instance-of
http://www.wikidata.org/entity/Q930528	P31	Q3918	instance-of
http://www.wikidata.org/entity/Q9307	P31	Q34770	instance-of
http://www.wikidata.org/entity/Q93230	P31	Q515	instance-of
http://www.wikidata.org/entity/Q932886	P31	Q515	instance-of
http://www.wikidata.org/entity/Q932901	P31	Q515	instance-of
http://www.wikidata.org/entity/Q93323	P31	Q515	instance-of
http://www.wikidata.org/entity/Q93338	P31	Q515	instance-of
http://www.wikidata.org/entity/Q9347	P31	Q515	instance-of
http://www.wikidata.org/entity/Q93482	P31	Q9143	instance-of
http://www.wikidata.org/entity/Q935886	P31	Q515	instance-of
http://www.wikidata.org/entity/Q9365	P31	Q515	instance-of
http://www.wikidata.org/entity/Q940919	P31	Q3918	instance-of
http://www.wikidata.org/entity/Q9427	P31	Q515	instance-of
http://www.wikidata.org/entity/Q94473	P31	Q3918	instance-of
http://www.wikidata.org/entity/Q945	P31	Q6256	instance-of
http://www.wikidata.org/entity/Q948	P31	Q6256	instance-of
http://www.wikidata.org/entity/Q949746	P31	Q515	instance-of
http://www.wikidata.org/entity/Q951305	P31	Q3918	instance-of
http://www.wikidata.org/entity/Q953	P31	Q6256	instance-of
http://www.wikidata.org/entity/Q953421	P31	Q3918	instance-of
http://www.wikidata.org/entity/Q954	P31	Q6256	instance-of
http://www.wikidata.org/entity/Q954035	P31	Q3918	instance-of
http://www.wikidata.org/entity/Q955609	P31	Q3918	instance-of
http://www.wikidata.org/entity/Q956	P31	Q515	instance-of
http://www.wikidata.org/entity/Q956117	P31	Q515	instance-of
http://www.wikidata.org/entity/Q958	P31	Q6256	instance-of
http://www.wikidata.org/entity/Q959	P31	Q515	instance-of
http://www.wikidata.org/entity/Q96	P31	Q6256	instance-of
http://www.wikidata.org/entity/Q961543	P31	Q9143	instance-of
http://www.wikidata.org/entity/Q961982	P31	Q3918	instance-of
http://www.wikidata.org/entity/Q962	P31	Q6256	instance-of
http://www.wikidata.org/entity/Q963	P31	Q6256	instance-of
http://www.wikidata.org/entity/Q963636	P31	Q34770	instance-of
http://www.wikidata.org/entity/Q96376315	P31	Q34770	instance-of
http://www.wikidata.org/entity/Q965	P31	Q6256	instance-of
http://www.wikidata.org/entity/Q967	P31	Q6256	instance-of
http://www.wikidata.org/entity/Q970	P31	Q6256	instance-of
http://www.wikidata.org/entity/Q971	P31	Q6256	instance-of
http://www.wikidata.org/entity/Q973685	P31	Q34770	instance-of
http://www.wikidata.org/entity/Q974	P31	Q6256	instance-of
http://www.wikidata.org/entity/Q975594	P31	Q9143	instance-of
http://www.wikidata.org/entity/Q97620733	P31	Q482994	instance-of
http://www.wikidata.org/entity/Q977	P31	Q6256	instance-of
http://www.wikidata.org/entity/Q977781	P31	Q3918	instance-of
http://www.wikidata.org/entity/Q978185	P31	Q9143	instance-of
http://www.wikidata.org/entity/Q9783	P31	Q515	instance-of
http://www.wikidata.org/entity/Q9824	P31	Q515	instance-of
http://www.wikidata.org/entity/Q983	P31	Q6256	instance-of
http://www.wikidata.org/entity/Q983540	P31	Q515	instance-of
http://www.wikidata.org/entity/Q9844	P31	Q515	instance-of
http://www.wikidata.org/entity/Q986	P31	Q6256	instance-of
http://www.wikidata.org/entity/Q9863	P31	Q515	instance-of
http://www.wikidata.org/entity/Q986984	P31	Q515	instance-of
http://www.wikidata.org/entity/Q9885	P31	Q515	instance-of
http://www.wikidata.org/entity/Q9918	P31	Q515	instance-of
http://www.wikidata.org/entity/Q9920	P31	Q515	instance-of
http://www.wikidata.org/entity/Q992830	P31	Q3918	instance-of
http://www.wikidata.org/entity/Q994	P31	Q515	instance-of
http://www.wikidata.org/entity/Q994514	P31	Q515	instance-of
http://www.wikidata.org/entity/Q995265	P31	Q3918	instance-of
http://www.wikidata.org/entity/Q9954	P31	Q515	instance-of
http://www.wikidata.org/entity/Q9974	P31	Q515	instance-of
