entityId	languageTag	alias
Q1000	en	ga
Q1000	en	GAB
Q1000	en	Gabonese Republic
Q1000	en	Republique Gabonaise
Q1000	en	République Gabonaise
Q100188	en	Claudiopolis
Q100188	en	Cluj
Q100188	en	Klausenburg
Q100188	en	Kluyzenburg
Q100188	en	Kluž
Q100188	en	Kluzh
Q100188	en	Kolozhvar
Q100188	en	Kolozsvar
Q100188	en	Kolozsvár
Q100188	en	Kolozvar
Q100188	en	Muang Kone
Q100188	en	Muang Kuan
Q100188	en	Napoca
Q100271134	en	Mon Pali
Q100271134	en	Mon-Pali language
Q1002956	en	Buhid language
Q1002996	en	BYOB
Q1002996	en	Construye tus propios bloques
Q1005	en	GAM
Q1005	en	Gambia
Q1005	en	GM
Q1005	en	Islamic Republic of the Gambia
Q1005	en	Republic of the Gambia
Q1006	en	gn
Q1006	en	GUI
Q1006	en	Guinea-Conakry
Q1006	en	Republic of Guinea
Q1007	en	GBS
Q1007	en	gw
Q1007	en	Republic of Guinea-Bissau
Q1008	en	ci
Q1008	en	CIV
Q1008	en	Cote d'Ivoire
Q1008	en	Côte d'Ivoire
Q1008	en	Côte d’Ivoire
Q1008	en	Cote d'lvoire
Q1008	en	Cote Ivoire
Q1008	en	Cote-d'Ivoire
Q1008	en	Côte-d'Ivoire
Q1008	en	Republic of Cote d'Ivoire
Q1008	en	Republic of Côte d'Ivoire
Q1008	en	Republic of Ivory Coast
Q1008	en	Republic of the Ivory Coast
Q1008	en	The Ivory Coast
Q10086	en	Mysuru
Q1009	en	Republic of Cameroon
Q1011	en	Cabo Verde
Q1011	en	Cape Verde Islands
Q1011	en	Republic of Cabo Verde
Q1011	en	Republic of Cape Verde
Q101254	en	Casnewydd
Q101254	en	Newport-on-Usk
Q101254	en	Newport, Gwent
Q101254	en	Newport, Monmouthshire
Q101254	en	Newport, South Wales
Q1013	en	Kingdom of Lesotho
Q1013	en	LES
Q1013	en	ls
Q1013	en	The Mountain Kingdom
Q1014	en	Liber
Q1014	en	lr
Q1014	en	Republic of Liberia
Q1015	en	Capo d'Istria
Q1015	en	Capodistria
Q101530	en	Wielun
Q101541409	en	Piripkúra
Q1016	en	LBA
Q1016	en	ly
Q1016	en	State of Libya
Q1017152	en	Buru (Nigeria)
Q1017152	en	Buru language
Q10179	en	isiZulu
Q10179	en	Zulu language
Q1019	en	MAD
Q1019	en	Malagascar
Q1019	en	Malagaskar
Q1019	en	MDG
Q1019	en	mg
Q1019	en	Republic of Madagascar
Q10195	en	Lak'i
Q10195	en	Laqi
Q10195	en	Zay language
Q10195	en	Zway
Q10199	en	Dimili
Q10199	en	Dimli
Q10199	en	Dimli (macrolanguage)
Q10199	en	Kirdki
Q10199	en	Kirmanjki
Q10199	en	Kirmanjki (macrolanguage)
Q10199	en	Zaza
Q10199	en	Zaza language
Q10199	en	Zazaki language
Q1020	en	MAW
Q1020	en	mw
Q1020	en	Republic of Malawi
Q10206	en	Zaparo Asụsụ
Q10206	en	Záparo Asụsụ
Q102119757	en	Arokho
Q102119757	en	Ikhin language
Q102119757	en	Ikhin-Arokho
Q1022268	en	C plus plus/CLI
Q1022268	en	C++/Common Language Infrastructure
Q1022488	en	City of Brighton and Hove
Q1022488	en	The City of Brighton and Hove
Q102317	en	Kel'tse
Q102317	en	Kel'tsy
Q102317	en	Kelts
Q102317	en	Keltz
Q102317	en	Kilts
Q102317	en	Kiltz
Q102350	en	Beuthen
Q102350	en	Beuthen in Oberschlesien
Q102397	en	Miskovec
Q102438	en	Harry Potter and the Sorcerer's Stone
Q1025	en	Agawej
Q1025	en	Gannaar
Q1025	en	Gànnaar
Q1025	en	Islamic Republic of Mauritania
Q1025	en	Mauretania
Q1025	en	Moritani
Q1025	en	mr
Q1025	en	Muritanya
Q1025	en	Murutaane
Q10266010	en	Tenharim language
Q10266012	en	Uru-eu-au-au
Q10266012	en	Uru-eu-wau-wau language
Q1027	en	Maurice
Q1027	en	Moris
Q1027	en	MRI
Q1027	en	MU
Q1027	en	Republic of Mauritius
Q1028	en	al-Maġrib
Q1028	en	Kingdom of Morocco
Q1028	en	Lmaġrib
Q1028	en	Maroc
Q1028	en	Marocco
Q1029	en	Moçambique
Q1029	en	MOZ
Q1029	en	mz
Q1029	en	MZ
Q1029	en	Republic of Mozambique
Q1029	en	República de Moçambique
Q1030	en	na
Q1030	en	Republic of Namibia
Q103011	en	Gördüs
Q103011	en	Korinthos
Q1031803	en	UNIROMA2
Q1031803	en	Universita Degli Studi di Roma II
Q1031803	en	Universita degli Studi di Roma Tor Vergata
Q1031803	en	Università degli Studi di Roma Tor Vergata
Q1031803	en	University of Rome II
Q1031803	en	University of Rome Tor Vergata
Q1032	en	ne
Q1032	en	Republic Niger
Q1032	en	Republic of Niger
Q1032	en	Republic of the Niger
Q1032	en	The Niger
Q10322118	en	Yawanawa language
Q10322157	en	Tembé language
Q1032453	en	Hadhramautic
Q1032453	en	Hadhramautic language
Q1032453	en	Ḥaḍramautic
Q1032453	en	Hadramautic language
Q1032453	en	Ḥaḍramautic language
Q1032453	en	Hadrami
Q1032453	en	Hadrami language
Q1032453	en	Ḥaḍramitic
Q1032453	en	Ḥaḍramitic language
Q1033	en	Federal Republic of Nigeria
Q1033	en	Naija
Q103474	en	2001 A Space Odyssey
Q103474	en	2001 Space Odyssey
Q103474	en	2001: Space Odyssey
Q1036	en	+256
Q1036	en	Ouganda
Q1036	en	Pearl of Africa
Q1036	en	Republic of Uganda
Q1036	en	The Republic of Uganda
Q1036	en	ug
Q1036	en	Ugandah
Q1037	en	Republic of Rwanda
Q1037	en	The Land of a Thousand Hills
Q103717	en	Roavenjarga
Q103717	en	Roavenjárga
Q103717	en	Roavvenjarga
Q103717	en	Roavvenjárga
Q103717	en	Ruäʹvnjargg
Q103717	en	Ruavinjarga
Q103717	en	Ruávinjargâ
Q103892	en	Hindenburg
Q103892	en	Hindenburg/Oberschlesien
Q103892	en	Zobrze
Q1039	en	Democratic Republic of São Tomé and Príncipe
Q1039	en	Sao Tome & Principe
Q1039	en	Sao Tome and Principe
Q1039	en	São Tomé og Príncipe
Q1039	en	st
Q1039346	en	Shom Peng
Q1039346	en	Shompen language
Q10408315	en	Ame
Q10408315	en	Ami language
Q10408315	en	Amijangal
Q1041	en	Republic of Senegal
Q1041765	en	Guaranish
Q1041765	en	Guarañol
Q1041765	en	Jopará
Q1041765	en	Yopara
Q1041765	en	Yopará
Q1042	en	Republic of Seychelles
Q1042	en	sc
Q1042	en	SEY
Q104224080	en	Mbessa language
Q10425920	en	Bandjigali dialect
Q10425920	en	Pantyikali
Q10425920	en	Pantyikali dialect
Q10427485	en	Payungu
Q104302	en	Chorzow
Q104302	en	Königshütte
Q1044	en	Republic of Sierra Leone
Q1044	en	sl
Q1044	en	SLE
Q1045	en	Federal Republic of Somalia
Q10465931	en	Dagoman language
Q10467281	en	Dayi dialect
Q10467281	en	Dhay'yi
Q10470289	en	Tharrkari language
Q104712	en	Elbing
Q104720	en	Grünberg
Q104720	en	Grünberg in Schlesien
Q104720	en	Grünberg in Silesia
Q104720	en	Zielona Gora
Q104725	en	Plock
Q1047293	en	U.C. Santa Cruz
Q1047293	en	UC Santa Cruz
Q1047293	en	UC, Santa Cruz
Q1047293	en	UCSC
Q1047293	en	University of California Santa Cruz
Q104731	en	Gorzów
Q104731	en	Lãdzberch
Q104731	en	Landsberg
Q104731	en	Landsberg an der Warthe
Q10474818	en	Djangun language
Q104834820	en	Dana language
Q104841730	en	Zala language
Q104842001	en	Garandi language
Q1048461	en	Floating University
Q10488401	en	Erre language
Q1049	en	al-Sudan
Q1049	en	as-Sudan
Q1049	en	as-Sūdān
Q1049	en	North Sudan
Q1049	en	Republic of Sudan
Q1049	en	Republic of the Sudan
Q1049	en	sd
Q1049	en	Soudan
Q1049	en	SUD
Q1049	en	the Sudan
Q1050	en	eSwatini
Q1050	en	Kingdom of Eswatini
Q1050	en	Kingdom of Swaziland
Q1050	en	Swaziland
Q1050	en	sz
Q1050	en	Umbuso weSwatini
Q10502327	en	Gamberre
Q105031	en	Home Alone 1
Q105037	en	Callao city
Q105037	en	El Callao
Q105048	en	Slupsk
Q105048	en	Stolp
Q105048	en	Stôłpsk
Q105060	en	Sosnovets
Q105060	en	Sosnovice
Q105060	en	Sosnovits
Q105060	en	Sosnovitz
Q105060	en	Sosnovitze
Q105060	en	Sosnovyets
Q105060	en	Sosnowez
Q105061442	en	Pro-Tactile
Q105061442	en	Protactile American Sign Language
Q105061442	en	Protactile ASL
Q105084	en	Gleiwitz
Q105092416	en	Yãnoma language
Q10511016	en	Gurindji language
Q10511230	en	Kuyani
Q105150962	en	Bauni language
Q105161535	en	Ruwila language
Q105196677	en	Zula language
Q105198599	en	Mozambique Ngoni
Q105198599	en	Ngoni (Mozambique)
Q105198599	en	Xingoni
Q105198600	en	Ngoni (Tanzania)
Q105198636	en	Koro Nulu language
Q105198637	en	Koro Zuba language
Q105198744	en	Kobo language
Q1052614	en	USU
Q1052614	en	usu.edu
Q1052614	en	Utah Agricultural College
Q1052614	en	Utah State Agricultural College
Q105320180	en	Warekena Velha language
Q1053535	en	p5
Q1053535	en	Proce55ing
Q10535532	en	Ingrian Finnish
Q105360304	en	Suansu language
Q105394037	en	Namut-Nginamanu language
Q10543322	en	Kanju language
Q105453097	en	Missong language
Q10547021	en	Gugada
Q10547021	en	Kokata language
Q10547021	en	Kokatha dialect
Q10547021	en	Kokatha language
Q10547021	en	Kukatha
Q10549849	en	Kugu-Muminh
Q1055287	en	Sani language
Q105582944	en	Ghorbat
Q105582944	en	Ghorbati language
Q105582944	en	Kurbat
Q105582944	en	Qorbati
Q1056057	en	Microsoft BASIC Professional Development System
Q1056057	en	Microsoft QuickBASIC
Q1056057	en	QB
Q1056373	en	GU
Q10566515	en	Ipiko language
Q105677219	en	Lung language
Q1057199	en	Hokkaidō daigaku
Q1057199	en	Hokkaidō University
Q1057199	en	Hokudai
Q10575155	en	Madngele
Q10575155	en	Matngele language
Q10575729	en	Malapandaram language
Q10575729	en	mjp
Q10576387	en	Mangerr language
Q10576453	en	Manna-Dora language
Q10577274	en	Maridjabin language
Q10577823	en	Magadige
Q10577823	en	Magati Gair
Q10577823	en	Magati-Ge
Q10577823	en	Mati Ke
Q1057802	en	ABC programming language
Q1057802	en	JSON
Q1057898	en	Emigliàn
Q1057898	en	Emigliân
Q1057898	en	Emilian dialects
Q1057898	en	Emilian language
Q1057898	en	Emiliano
Q10586712	en	Miwa language
Q105953310	en	Ancient Manipuri
Q105953310	en	Ancient Meetei
Q105953310	en	Ancient Meitei
Q105953310	en	Antique Manipuri
Q105953310	en	Antique Meetei
Q105953310	en	Antique Meitei
Q105953310	en	Archaic Manipuri
Q105953310	en	Archaic Meetei
Q105953310	en	Archaic Meitei
Q105953310	en	Old Manipuri
Q105953310	en	Old Meetei
Q105953310	en	omp
Q105953310	en	omp language
Q10600380	en	Agarinman
Q10600380	en	ainman
Q10600380	en	Airiman
Q10600380	en	Hainman
Q10600380	en	Hairiman
Q10600380	en	Heineman
Q10600380	en	Hyneman
Q10600380	en	Nariman
Q10600380	en	Narinman
Q10600380	en	Ngaiman
Q10600380	en	Ngaimmun
Q10600380	en	Ngainman
Q10600380	en	Ngainmun
Q10600380	en	Ngaringman
Q10600380	en	Ngarinyman
Q10600380	en	Ngarnman
Q10600380	en	Ngraimun
Q10600380	en	Ngrainmun
Q10604066	en	Nugunu (Australia)
Q10604066	en	Nukunu language
Q10604222	en	Now-Swedish
Q10604222	en	nusvenska
Q10604331	en	Yanggal
Q10604331	en	Yangkaal
Q10604331	en	Yangkaal language
Q106103295	en	Bura language
Q1062121	en	The University of South Pacific
Q1062121	en	The University of the South Pacific
Q1062121	en	USP
Q10632026	en	Pindiini
Q10632026	en	Wangkatha
Q1063665	en	Prague School of Economics
Q1063665	en	University of Economics
Q1063665	en	VŠE
Q1063665	en	Vysoká škola ekonomická v Praze
Q106398670	en	Kshatriya Pawar
Q106398670	en	Pawari
Q106398670	en	पवारी
Q106398670	en	भोयरी
Q1064482	en	Khitan language
Q1064482	en	Kitan
Q1064516	en	csh
Q1064516	en	Csh
Q1064516	en	csh.1
Q1064516	en	csh(1)
Q1064516	en	tcsh
Q1065414	en	Free University of Amsterdam
Q1065414	en	V. U.
Q1065414	en	V. U. Amsterdam
Q1065414	en	V.U.
Q1065414	en	V.U. Amsterdam
Q1065414	en	Vrije University Amsterdam
Q1065414	en	VU Amsterdam
Q1065414	en	vu.nl
Q106554801	en	Yulparirra language
Q106554892	en	Kartutjarra language
Q106583	en	Bielsko-Biala
Q106608619	en	Blimaw language
Q106638475	en	Marawá language
Q1067986	en	Khazaric
Q1067986	en	Khazaris
Q1067986	en	zkz
Q1068097	en	Oksapmin language
Q1068112	en	Manado Malay
Q10686	en	Beal Feirste
Q10686	en	Béal Feirste
Q10686	en	Belfast, Northern Ireland
Q10690	en	Caerdydd
Q10690	en	Cardiff, South Glamorgan
Q10690	en	Cardiff, UK
Q10690	en	Cardiff, United Kingdom
Q10690	en	Cardiff, Wales
Q106919818	en	Loro language
Q106920085	en	Boze language
Q106934583	en	Gusu language
Q1069994	en	Science University of Tokyo
Q1069994	en	Tōkyō Rika Daigaku
Q1070391	en	Sabaean language
Q10706951	en	Kuwema
Q10706951	en	Kuwema language
Q10706951	en	Tyaraity language
Q10706951	en	Tyeraity
Q10706951	en	Tyeraity language
Q107086896	en	Bunu language
Q107086981	en	Moro language
Q107087480	en	Shammo languages
Q107094	en	Rybnik, Silesian Voivodeship
Q10710522	en	Urningangg language
Q10713	en	Luish
Q10713	en	Luvian
Q10713	en	Luwian language
Q10717	en	Garden City of the Caribbean
Q10717	en	Georgetown, British Guiana
Q107175785	en	Chakpa language
Q10720039	en	Wik-Me'anha language
Q10720039	en	Wik-Me'nh language
Q10720045	en	Kugu Nganhcara language
Q1072029	en	Prifysgol Cymru
Q1072029	en	University of Wales, Swansea
Q107222330	en	Husband
Q10723405	en	Nhangu language
Q10723405	en	Yan-nhangu
Q10723454	en	Yawarrawarrka
Q10723541	en	Bularnu
Q10723541	en	Dhidhanu
Q10723541	en	Inchalachee
Q10723541	en	Inchalanchee
Q10723541	en	Indjilandji
Q10723541	en	Indjilindji
Q10723541	en	Indjurandji
Q10723541	en	Indkilindji
Q10723541	en	Injilinji
Q10723541	en	Intjilatja
Q10723597	en	yngre nysvenska
Q107258515	en	Imperial Iran
Q107258515	en	Imperial state of Iran
Q107258515	en	Pahlavi regime
Q107283523	en	Kotoxó language
Q10729616	en	aoc
Q10729616	en	Pemon language
Q107313245	en	Tai Meuay language
Q107388730	en	Old Maxakalí
Q107388730	en	Ritual Maxakalí language
Q107388867	en	Kapoxó language
Q107401	en	Samassia
Q107401	en	Sebasteia
Q107401	en	Sebastia
Q107401	en	Sivas City
Q1074103	en	University of Science & Technology of China
Q1074103	en	USTC
Q107410460	en	Kukkusi
Q107410460	en	Kukkusi dialect
Q107410460	en	Kukkuzi dialect
Q10751739	en	Atzingo Matlatzinca
Q10751739	en	Ocuiltec
Q10751739	en	Ocuiltec language
Q107548681	en	Noakhailla
Q107548681	en	Noakhali Bengali
Q107548681	en	Noakhalia
Q107548681	en	Noakhalian
Q107548681	en	Noakhalian language
Q107548681	en	Noakhaliyo
Q107548681	en	oak
Q107582	en	Wenden
Q1076606	en	Université de Ouagadougou
Q1076606	en	Université Joseph Ki-Zerbo
Q1076606	en	Université Ouaga I
Q1076606	en	Université Ouaga I JKZ
Q1076606	en	Université Ouaga I Joseph Ki-Zerbo
Q1076606	en	University of Ouaga I
Q1076606	en	University of Ouagadougou
Q1076606	en	UO
Q107694220	en	Yuanmen language
Q10771067	en	Siroi language
Q107718199	en	Lampung Cikoneng language
Q107722582	en	Bouhin language
Q107722584	en	Ha Em language
Q107722584	en	Ha-Em language
Q107722588	en	Lauhut language
Q107722590	en	Nadou language
Q107722594	en	Zandui language
Q107722596	en	Baisha language
Q107722597	en	Tongzha language
Q107722599	en	Baoting language
Q107722601	en	Changjiang language
Q107722602	en	Moyfaw language
Q1077450	en	Onondaga language
Q107752469	en	Korlaka
Q108099871	en	Alorese Malay
Q108223	en	Balize
Q108672	en	Dombrowa
Q108679	en	Ruda
Q108679	en	Ruda in Oberschlesien
Q108679	en	Ruda Ślionska
Q10884275	en	Chintao
Q10884275	en	Chintau
Q10884275	en	Chintaw
Q10884275	en	Xiandao dialect
Q10884275	en	Xiandao language
Q108887937	en	West Gyalrongic languages
Q1089069	en	Kazukuru language
Q1089116	en	Beary language
Q1089116	en	Byari
Q1089151	en	Bahasa Melayu
Q1089151	en	Sri Lanka Malay
Q1089151	en	Sri Lankan Creole Malay
Q1089151	en	Sri Lankan Malay
Q109092	en	Cill Chainnigh
Q1091095	en	Baniva de Guainía
Q1091095	en	Baniva de Maroa
Q1091095	en	Guarequena
Q1091095	en	Warekena language
Q109165661	en	Maipure–Avane language
Q109252766	en	Ndzerem language
Q109256570	en	Kordali language
Q109256570	en	Kurdalî
Q1093206	en	Kromanti
Q109386	en	Namp'o
Q109386	en	Nampho
Q109386	en	Nampho City
Q109386	en	Nampho-si
Q109386	en	Nampo-si
Q1094046	en	City University London
Q109431506	en	Surabaya dialect
Q109431506	en	Surabaya Javanese language
Q109431506	en	Surabayan Javanese
Q109431506	en	Suroboyoan
Q10949828	en	Ache Yi language
Q10950308	en	Semimi language
Q10950354	en	Angal Heneng
Q10950354	en	West Angal language
Q10950421	en	Maya Samo
Q10951226	en	Kaike language
Q10951553	en	East Angal language
Q10951638	en	South Angal language
Q109537502	en	Khargi language
Q109545809	en	Lampung-Komering languages
Q109545809	en	Lampungic languages
Q10957277	en	Kamula language
Q10958896	en	Polynesian language
Q10961975	en	Yombe
Q10962309	en	Mbowe language
Q10962316	en	Totela language
Q10962737	en	Mashi (Zambia)
Q10962737	en	Mashi language
Q10963134	en	Luimbi language
Q10964025	en	Mbə’ language
Q10974017	en	Guaraijio
Q10974017	en	Huarijio language
Q10974017	en	Varijio
Q10974017	en	Warihio
Q10974879	en	Samo-Matya
Q10975121	en	Cebaara language
Q10975121	en	Cebaara Senoufo
Q10975121	en	Senadi
Q10975121	en	Tyebala
Q10975286	en	Malawi Lomwe language
Q10975396	en	Hungana language
Q10977626	en	Ikizu language
Q10977716	en	Gilima language
Q10990152	en	Ketengban language
Q10990152	en	Kupel
Q10990152	en	Oktengban
Q10994953	en	Kehu language
Q10997740	en	Kimbu language
Q110011	en	Colberg
Q110011	en	Kolberg
Q110011	en	Kolobrzeg
Q11001650	en	Bada’
Q11001650	en	Badanchi
Q11001650	en	Badawa
Q11001650	en	Bat
Q11001650	en	Garaka
Q11001650	en	Jar
Q11001650	en	Jarawan Kogi
Q11001650	en	Kanna
Q11001650	en	Mbada
Q11001650	en	Mbadawa
Q11001650	en	Mbat language
Q11001650	en	Plains Jarawa
Q11001650	en	River Jarawa
Q11001730	en	Lakota Dida language
Q11001779	en	Dombe language
Q11001788	en	Dhaiso language
Q11002210	en	Sunam language
Q11002851	en	EtAZE N 16700794ebi language
Q11003401	en	Doondo language
Q11003439	en	Dendi language
Q11003832	en	Luna language
Q11004218	en	Northern Dagara language
Q11004988	en	Mbwela language
Q11005360	en	Shubi language
Q11006056	en	Ilolo
Q11007144	en	Phimbi language
Q11008162	en	Tchumbuli language
Q11009194	en	Notre language
Q11010149	en	Aka language
Q11010149	en	Yaka (Central African Republic)
Q11011389	en	Ija-Zuba language
Q11011870	en	Fum language
Q11011905	en	Moingi language
Q11013108	en	Motembo-Kunda-Buja
Q11013108	en	Tembo language
Q11015105	en	Gbagyi language
Q11015189	en	Dugun language
Q11016905	en	Gimnime language
Q11017275	en	Láá Láá Bwamu language
Q11017275	en	Laalaa Bwamu language
Q11017443	en	Mbangi language
Q11018863	en	Tengou-Togo Dogon language
Q11019169	en	Nkumbi language
Q11019185	en	Bete Guiberoua language
Q110218	en	Mwanza City
Q11022615	en	Amblong language
Q11024697	en	Baki language
Q11024697	en	Burumba
Q110276967	en	Ciamis Sundanese language
Q110276967	en	East Parahyangan dialect
Q110276967	en	galuh dialect
Q11028619	en	Mashi language
Q11028905	en	Hamba language
Q11028974	en	Southern Kisi
Q11031936	en	Jeli language
Q11031964	en	Mono language
Q11033939	en	Lese language
Q11042324	en	Kamba
Q11042324	en	Kamba language
Q11044246	en	Aribwaung language
Q11044384	en	Yapunda language
Q11044384	en	Yeri
Q11051591	en	Banda-Bambari language
Q11055484	en	Toma language
Q11056292	en	Malawian Sena
Q11057478	en	Ngong
Q110732	en	Waldenburg
Q110736458	en	Wyandotte
Q110812703	en	Ajami Turkic
Q110812703	en	Ajami Turkish
Q1108934	en	A-hmaos
Q1108934	en	Da-Hua Miao
Q1108934	en	Large Flowery Miao
Q110903647	en	Liha language
Q11092831	en	Mulao language
Q1109927	en	Buyang language
Q1110149	en	Proto-Sardinian
Q11110766	en	Ciin-kanyok
Q11120157	en	Ntsambaan
Q11126081	en	Ngbundu language
Q11128329	en	Kokola language
Q11128374	en	Nyiha (Tanzania)
Q11128374	en	Nyiha language
Q11128658	en	Iyive language
Q11128658	en	Uive language
Q11128810	en	Ito language
Q11129537	en	Mendankwe-Nkwen language
Q11129694	en	Bafuchu language
Q11129694	en	Banja language
Q11129694	en	Mbu language
Q11129694	en	Mungyen language
Q11129694	en	Nga language
Q11129694	en	Ngembo language
Q11129733	en	Kire language
Q11130804	en	Dirim language
Q11132859	en	Ngbinda language
Q11132859	en	Ngminda
Q1113311	en	Pechaver
Q1113311	en	Pekhawar
Q1113311	en	Pesháwar
Q1113311	en	Peshawer
Q1113311	en	Peshawur
Q11134434	en	Enwan (Akwa Ibom State)
Q11134434	en	Enwan Oron language
Q11134434	en	Enwang
Q11134434	en	Oron
Q111364697	en	Old Mon language
Q11137618	en	Gbayi language
Q11137851	en	Gundi language
Q11137942	en	Ganzi language
Q11149315	en	Lhao Vo language
Q11149315	en	Lhaovo
Q11149315	en	Maru
Q11150710	en	Malba Birifor language
Q11150710	en	Northern Birifor language
Q11150714	en	Cwi Bwamu language
Q11152236	en	Gimme language
Q1115317	en	Kim Mun language
Q11153465	en	Dagaari Dioula language
Q11155819	en	Bete Daloa language
Q11157042	en	Northern Grebo language
Q1115878	en	Richmond College
Q1115878	en	Richmond University
Q1115878	en	University Richmond
Q11159067	en	Wè Western
Q11159067	en	Western Wee dialect
Q11159524	en	Kagoro language
Q11159532	en	Tseku language
Q11159532	en	tsk
Q11159536	en	Hainyaxo Bozo language
Q11160588	en	Koro Jula
Q11160588	en	Koro language
Q11160588	en	Koro Maninka
Q11163308	en	Awu
Q11163308	en	Awu Yi language
Q11163308	en	Lope language
Q11164947	en	Ndaka language
Q11165235	en	Bantu language
Q11165235	en	Gungu language
Q11167192	en	Lombo language
Q11173166	en	Baudo language
Q11173166	en	Emberá-Baudó
Q11173588	en	Benyadu'
Q11173588	en	Nyadu’ language
Q11182000	en	Kulon language
Q111938833	en	Ngwa language
Q11194	en	Bosna-Serai
Q11194	en	City of Sarajevo
Q11200640	en	Baikeno language
Q11200640	en	Baikenu
Q11200640	en	Baikenu language
Q11207813	en	Anasi language
Q112131902	en	Begusarai Maithili
Q11214797	en	Adasen language
Q112169115	en	Rijal Alma language
Q112169115	en	Rijāl Almaʿ
Q1121983	en	Ilisimatusarfik
Q11220654	en	Chocó
Q11220654	en	Embera language
Q1122171	en	BUT
Q1122171	en	BUT Brno
Q1122171	en	vut.cz
Q1122171	en	Vysoké učení technické v Brně
Q1122188	en	Erromintxela language
Q11222271	en	Wab language
Q11250166	en	Honam dialect
Q11250166	en	Jeolla dialect
Q11250166	en	Jeolla Korean
Q11250166	en	Seonam dialect
Q11251864	en	Ge
Q11252539	en	Abipon
Q11252539	en	Abipón language
Q11252539	en	Callaga
Q11252539	en	Kalyaga
Q11260674	en	Mongol language (New Guinea)
Q112609315	en	Orang Pulo language
Q112622510	en	Lycaonian language
Q112657	en	Peć
Q112657	en	Pejë
Q112744654	en	Indramayu Sundanese language
Q112744654	en	Lelea dialect
Q112744654	en	Lelea Sundanese
Q112744654	en	Parean dialect
Q112744654	en	Parean Sundanese
Q112744654	en	Parean–Lelea dialect
Q11275553	en	Keliko language
Q112760813	en	Judeo-Urdu
Q112787165	en	Madurese, Sapudi language
Q112787165	en	Madurese, Sapudi Language
Q112787165	en	Sapudi Madurrse language
Q11280479	en	Ibani language
Q11288953	en	Meningo language
Q11288953	en	Moskona language
Q11288953	en	Sabena language
Q112893	en	Lomongo
Q112893	en	Mongo language
Q112893	en	Mongo-Nkundu
Q112957914	en	Houma language
Q11297920	en	Ncane language
Q1129925	en	Catholic University of Chile
Q1129925	en	Pontificia Universidad Catolica de Chile
Q1129925	en	Pontificia Universidad Católica de Chile
Q1129925	en	UC
Q1131055	en	CEFET-Paraná
Q1131055	en	Federal Technological University of Parana
Q1131055	en	Federal Technological University of Paraná
Q1131055	en	Universidade Tecnologica Federal do Parana
Q1131055	en	UTFPR
Q113157814	en	Carbon language
Q113157814	en	Carbon programming language
Q113157814	en	Carbon-Lang
Q113157814	en	Carbonlang
Q113245255	en	Mugom-Karmarong language
Q1133089	en	Tayo language
Q113410861	en	Tokita
Q113410861	en	Tokitin
Q113410861	en	Tukita
Q113411077	en	North Dargin
Q113411077	en	North Dargwa
Q113411077	en	Northern Dargin
Q1134292	en	Iceland Academy of the Arts
Q1134292	en	Listaháskóli Íslands
Q113430720	en	Old North African languages
Q113442170	en	Manus language
Q1134454	en	Santa Ana de Coro
Q1134606	en	Massey Agricultural College
Q113471585	en	Tiana language
Q113471585	en	Tobelo Tiana
Q1136926	en	Alice ML
Q1137652	en	maastrichtuniversity.nl
Q1137652	en	Rijksuniversiteit Limburg
Q1137652	en	UM
Q1137652	en	Universiteit Maastricht
Q1137652	en	University of Maastricht
Q1138351	en	Colonia Tovar dialect
Q1138351	en	Colonia Tovar German
Q1138374	en	Saint John's University
Q114	en	ke
Q114	en	Republic of Kenya
Q1140136	en	Oyala
Q1141484	en	Web
Q1142333	en	tlb
Q1142333	en	Tobelo language
Q114257	en	City of Education
Q114257	en	City of Flowers
Q114257	en	Skampis
Q1142924	en	UM
Q114451679	en	Paser language
Q1144565	en	Umeå universitet
Q1144565	en	umu.se
Q1144682	en	Beijing waiguoyu daxue
Q1144682	en	BFS
Q1144682	en	BFSU
Q1145306	en	Calcutta University
Q1145306	en	CU
Q1145414	en	Giudeo-Italiano
Q1145414	en	Italkian
Q1145414	en	Judaeo-Italian
Q1145414	en	Judæo-Italian languages
Q1145414	en	Judeo-Italian
Q1145414	en	Judeo-Italian language varieties
Q1145992	en	Gadjah Mada University
Q1145992	en	UGM
Q1146247	en	Customer Information Control System
Q114680388	en	Nueva Tlaxcala Nahuatl
Q1148613	en	Academy of Arts in Tirana
Q1148613	en	University of Arts in Tirana
Q114862486	en	Natuna dialect
Q114862486	en	Natuna Malay dialect
Q114862486	en	Natuna Malay language
Q115	en	et
Q115	en	Federal Democratic Republic of Ethiopia
Q1150105	en	the University of Tennessee in Knoxville
Q1150105	en	University of Tennessee, Knoxville
Q1150105	en	UT
Q1150105	en	UT Knoxville
Q1150105	en	UT-Knoxville
Q1150105	en	UTK
Q1150105	en	utk.edu
Q1152190	en	Ritsudai
Q1152190	en	Ritsumeidai
Q1152190	en	Ritsumeikan Daigaku
Q115220	en	Hiroshima Daigaku
Q115256	en	Taoyuan City
Q115256	en	Taoyuan County, Taiwan
Q115256	en	Thô-hn̂g
Q115256	en	Thò-yèn
Q115256	en	Thohng
Q115256	en	Thoyen
Q115256	en	to rhan
Q115256	en	toˇ ienˇ
Q115256	en	Tōen
Q115256	en	Toien
Q115256	en	Torhan
Q115256	en	Tōshien
Q115276	en	Antibari
Q115276	en	Stari Bar
Q115276	en	Tivar
Q115276	en	Tivari
Q1153276	en	Malo
Q115487586	en	Wangai
Q115487586	en	Wangkayi
Q115487586	en	Wankatja
Q115487586	en	Wongatha
Q115487586	en	Wongi
Q115487586	en	Wongutha
Q115517517	en	Pamir Kyrgyz dialect
Q115531919	en	Samate language
Q1156	en	Bombay
Q11568	en	Darwin, Australia
Q11568	en	Darwin, Northern Territory
Q11568	en	Darwin, Northern Territory, Australia
Q11568	en	Garramilla
Q11568	en	Van Diemen's Land
Q115704900	en	Baloi language
Q115704900	en	Loi language
Q1157729	en	Baiap
Q1157729	en	Dakaka
Q1157729	en	South Ambrym
Q115801363	en	Miler language
Q1158134	en	Damakawa language
Q1158971	en	Da
Q1158971	en	Dan language
Q1158971	en	Gio
Q1158971	en	Gio-Dan
Q1158971	en	Gyo
Q1158971	en	Yacouba
Q1158971	en	Yakubasa
Q1158971	en	Yaoba
Q1160312	en	Visual J#
Q116044950	en	Sahil Maryut Bedouin Arabic
Q1163234	en	Low Latin
Q116341	en	Corcia
Q116341	en	Coriza
Q116341	en	Korça
Q116341	en	Korcia
Q116450302	en	Pesse language
Q116450348	en	Buli language
Q116482753	en	Mijiic languages
Q1165219	en	EBNF
Q1165865	en	Imam Hossein Comprehensive University
Q116737622	en	Qi language
Q116849	en	Nyah Kur language
Q116849	en	Nyahkur
Q116893937	en	Sart Kalmyk language
Q116893937	en	Sart Qalmaq
Q116921952	en	Gozitan dialect
Q116921952	en	Gozitan dialects
Q117	en	gh
Q117	en	Republic of Ghana
Q117018117	en	Himalayan Prakrit
Q117018117	en	Khas Prakrit
Q117018117	en	Khasa Prakrit language
Q117018117	en	Northern Prakrit
Q117018117	en	Sanskrit Khasa
Q117040	en	Santiago
Q117040	en	Santiago, Cuba
Q117210028	en	Bunu language
Q117236796	en	mDungnag language
Q117273410	en	Old Kerinci language
Q11732021	en	Alfendio language
Q11732046	en	Casuarina Coast Asmat language
Q11732048	en	Central Asmat language
Q11732049	en	North Asmat language
Q11732121	en	Borai
Q11732121	en	Mansim language
Q11732195	en	Gaina language
Q11732205	en	Nobonob language
Q11732209	en	Gimi (Eastern Highlands)
Q11732209	en	Gimi language
Q11732210	en	Ginuman language
Q11732219	en	Guhu-Samane language
Q11732220	en	Archaic Greek language
Q11732221	en	Guya language
Q11732224	en	Gusan language
Q11732235	en	Ibo
Q11732235	en	Ibo language
Q11732235	en	Ibu language
Q11732241	en	Ikobi language
Q11732247	en	Isabi language
Q11732258	en	Kabola language
Q11732264	en	Kagulu language
Q11732281	en	Karami language
Q11732286	en	Kare (Papua New Guinea)
Q11732286	en	Kare language
Q11732300	en	Kauwol language
Q11732302	en	Kawacha language
Q11732302	en	Kawucha
Q11732313	en	Keoru language
Q11732313	en	Keoru-Ahia
Q11732321	en	Kimaama language
Q11732321	en	Kimaghima language
Q11732322	en	South Kiwai
Q11732325	en	Kobol language
Q11732326	en	Kobon language
Q11732339	en	Konai language
Q11732340	en	Konda language
Q11732340	en	Ogit
Q11732340	en	Yabin
Q11732340	en	Yabin-Konda
Q11732341	en	Koneraw language
Q11732341	en	Konoraw
Q11732345	en	Konongo language
Q11732346	en	Kopar language
Q11732347	en	Korafe language
Q11732359	en	Kube
Q11732359	en	Kulungtfu-Yuanggeng-Tobo
Q11732359	en	Tobo-Kube language
Q11732362	en	Kumukio language
Q11732373	en	Waube language
Q11732376	en	Kwoma language
Q11732388	en	Loloda language
Q11732402	en	Malas language
Q11732415	en	Mapena language
Q11732426	en	Matepi language
Q11732427	en	Mawak language
Q11732429	en	Mawan language
Q11732444	en	Menya language
Q11732445	en	Merwari language
Q11732448	en	Migabac language
Q11732453	en	Kyenele language
Q11732458	en	Moere language
Q11732459	en	Moi language
Q11732468	en	Mor language (Papuan)
Q11732474	en	Anta-Komnzo-Wára-Wérè-Kémä
Q11732474	en	Wara language
Q11732474	en	Wára language
Q11732475	en	Moresada language
Q11732477	en	Morwap language
Q11732477	en	Sawa language
Q11732477	en	Tabu language
Q11732478	en	Mosimo language
Q11732482	en	Munit language
Q11732485	en	Mungkip language
Q11732485	en	Munkip
Q11732491	en	Nabak language
Q11732495	en	Nakama language
Q11732495	en	Nakame
Q11732496	en	Nake language
Q11732502	en	Nankina language
Q11732509	en	Nekgini language
Q11732510	en	Mailang
Q11732510	en	Ngaing language
Q11732514	en	Paiyage language
Q11732514	en	Silimo language
Q11732514	en	Wulik language
Q11732516	en	Ngalum language
Q11732516	en	Sibil language
Q11732523	en	Nimi language
Q11732524	en	Ningera language
Q11732527	en	Ningil language
Q11732531	en	Nomane language
Q11732534	en	Nuk language
Q11732537	en	Chewa
Q11732537	en	Chichewa
Q11732537	en	Chinyanja
Q11732537	en	Nyanja language
Q11732548	en	Ono language
Q11732562	en	Panim language
Q11732569	en	Mala language
Q11732596	en	Rao language
Q11732598	en	Rawa language
Q11732610	en	Sagala
Q11732610	en	Sagara language
Q11732626	en	Segeju language
Q11732656	en	Kanasi language
Q11732666	en	Suku language
Q11732670	en	Tabaru language
Q11732691	en	Tifal language
Q11732736	en	Wanggom language
Q11732752	en	Weri language
Q11732766	en	Muratayak language
Q11732781	en	Yekora language
Q11736	en	Municipality of Tianjin
Q11736	en	Tianjin Municipality
Q11736	en	Tien-tsin
Q11736	en	Tientsin
Q11739	en	LHR
Q117706534	en	Njangbal
Q117707514	en	Siular d'Aas
Q117707514	en	Whistle of Aas
Q118147576	en	Dongjia language
Q1185114	en	Wolio language
Q1185119	en	Wyandot language
Q1185127	en	fransé
Q1185127	en	fransé kasé
Q1185127	en	gomo
Q1185127	en	kouri-vini
Q1185127	en	kréyòl la Lwizyàn
Q1185127	en	kréyòl Lwizyàn
Q1185127	en	Louisianian Creole
Q11854	en	Rajcote
Q11854	en	Rajcote, India
Q11854	en	Rajkot, India
Q11855245	en	Chinali language
Q11864	en	Djunagarh
Q11864	en	Junagarh
Q1187271	en	HK Poly U
Q1187271	en	HKPU
Q1187271	en	PolyU
Q1187444	en	JPTE
Q1187444	en	Pécsi Tudományegyetem
Q1187444	en	PTE
Q1187444	en	University of Pecs
Q11884845	en	Nukumanu language
Q118875708	en	Chinese Kyakala language
Q1188786	en	KU
Q1188786	en	Kyūshū Daigaku
Q118897441	en	Dimasa Kachari language
Q118995	en	Muş City
Q119044956	en	Dusun Balangan language
Q1190852	en	Benyoucef Benkhedda Algiers 1 University
Q1190852	en	univ-alger.dz
Q1190852	en	University of Algiers
Q11909	en	Badouda
Q11909	en	Banyan City
Q11909	en	Capital Of Gujarat
Q11909	en	Chandan Vati
Q11909	en	Sayaji Nagari
Q11909	en	Vadpadrak
Q11909	en	Vatpatrak
Q1191344	en	De Kalb State Teachers College
Q1191344	en	NIU
Q1191344	en	niu.edu
Q1191442	en	UScript
Q11921436	en	Ezaa language
Q11926474	en	Ikwo language
Q1193547	en	Medical College of Louisiana
Q1193547	en	Tulane University
Q1193547	en	University of Louisiana
Q119417361	en	Tobati–Enggros languages
Q1194352	en	Borland Turbo C++
Q1194352	en	tcc
Q11959	en	Alacant
Q11977	en	Tichau
Q11994	en	Miranda, Burgos
Q1199751	en	Kelantan Malay
Q1199751	en	Kelantan-Pattani-Terengganu Malay
Q1199751	en	Kelantanese Malay
Q1199751	en	Pattani
Q1199751	en	Pattani Malay
Q1199751	en	Yawi
Q1202039	en	RHBNC
Q1202039	en	RHUL
Q1202039	en	Royal Holloway and Bedford New College
Q1202039	en	Royal Holloway College
Q1202039	en	Royal Holloway University of London
Q120287718	en	Cholanaikkan language
Q120561700	en	Ku'alh
Q1206658	en	CU
Q1206658	en	U of Colorado
Q1207611	en	Apsaalooke
Q1207611	en	Apsáalooke aliláau
Q1207611	en	Crow language
Q1208217	en	Oz (programming language)
Q120847304	en	Judeo-Malay Language
Q1209759	en	ALGOrithmic Language 1960
Q121008459	en	Achuar
Q12179308	en	Jicaquean languages
Q12179308	en	Tolan languages
Q1218	en	Aelia Capitolina
Q1218	en	Al-Quds
Q1218	en	J'lem
Q1218	en	Mint of Aelia Capitolina
Q1218	en	Yerushalayim
Q122463830	en	Northern Bai dialect
Q122463830	en	Northern Bai dialects
Q122463830	en	Northern Bai language
Q122463830	en	Northern Bai languages
Q122463830	en	Northern Baic
Q122463830	en	Northern Baic dialect
Q122463830	en	Northern Baic dialects
Q122463830	en	Northern Baic language
Q122917102	en	Yangchun Pai Yao language
Q12292	en	Vila Real
Q12292	en	Villareal
Q12294279	en	Ho Kod Ke
Q12294279	en	Tramalhy
Q12294279	en	Trumai language
Q1231063	en	Juba University
Q123124370	en	Wui language
Q123124873	en	Bubeng language
Q1232428	en	EHU University of the Basque Country
Q123253529	en	Imgarr Maltese
Q123253529	en	Mġarr dialect
Q123253529	en	Mġarr Maltese
Q123347094	en	Cyrenaican Arabic
Q123475280	en	Delisle French
Q1234776	en	Dogon languages
Q1234776	en	Kaado
Q1234776	en	Kado
Q123511	en	Graudenz
Q1236136	en	UNIBA
Q1236136	en	uniba.it
Q1236136	en	Universita degli Studi di Bari - Aldo Moro
Q1236136	en	Università degli Studi di Bari - Aldo Moro
Q1236136	en	Universita' degli Studi di Bari Aldo Moro
Q1236136	en	University of Bari Aldo Moro
Q123653482	en	Huva
Q123709	en	City of Dundee
Q123709	en	Dùn Dè
Q123709	en	Dùn Dèagh
Q1238770	en	AAU
Q1238770	en	aau.edu.et
Q1238770	en	Haile Selassie I University
Q1238770	en	IAU-000106
Q1238770	en	University College of Addis Ababa
Q1238770	en	አዲስ አበባ ዩኒቨርሲቲ
Q123885	en	Royal Society of London
Q123885	en	royalsociety.org
Q123885	en	The President, Council, and Fellows of the Royal Society of London for Improving Natural Knowledge
Q123885	en	The Royal Society of London for Improving Natural Knowledge
Q123885	en	The Royal Society, UK
Q123964178	en	Moslim Tat
Q123964178	en	Moslim Tati
Q123964178	en	Moslim Tatic
Q123964178	en	Moslim-Tat
Q123964178	en	Muslim Tati
Q123964178	en	Muslim Tatic
Q123964178	en	Muslim-Tat
Q123964178	en	Mussulman Tat
Q123964178	en	Mussulman Tati
Q124021083	en	Yu
Q124060703	en	Ngaimbom language
Q124260015	en	Forok language
Q12432	en	Mich Tech
Q12432	en	Michigan Tech
Q12432	en	Michigan Tech Univ
Q12432	en	Michigan Tech University
Q12432	en	Michigan Technological Univ
Q12432	en	MTU
Q12432	en	mtu.edu
Q124367130	en	Judeo-Isfahani
Q124367132	en	Common Neo-Hakka
Q1243705	en	UNIMORE
Q1243705	en	unimore.it
Q1243705	en	Universita degli Studi di Modena e Reggio Emilia
Q1243705	en	Università degli studi di Modena e Reggio Emilia
Q1243705	en	Università degli Studi di Modena e Reggio Emilia
Q124391460	en	Wawula dialect
Q124424186	en	Chieh
Q124424186	en	Chieh language
Q124424186	en	Jie language
Q1245318	en	UNIME
Q1245318	en	unime.it
Q1245318	en	Universita degli Studi di Messina
Q1245318	en	Università degli Studi di Messina
Q1245999	en	UNISI
Q1245999	en	Universita degli studi di Siena
Q1245999	en	Università degli studi di Siena
Q1246	en	KOS
Q1246	en	Kosova
Q1246	en	KV
Q1246	en	Republic of Kosovo
Q1246	en	RKS
Q1246	en	XK
Q1246	en	XKX
Q124633375	en	The Austronesian language from the Lampung language branch is spoken by the Kayuagung people in the city of Kayuagung which is also closely related to the Komering and Lampung Nyo languages.
Q1246397	en	Living Latin
Q1247135	en	UC3M
Q12473343	en	Aputai language
Q12473346	en	Argoeni
Q12473347	en	Asilulu language
Q12473357	en	Berangas language
Q12473376	en	Haloban language
Q12473377	en	Hamap language
Q12473380	en	Ile Ape language
Q12473380	en	Nusa Tadon
Q12473395	en	River Kayan language
Q12473397	en	Kayan Wahau
Q12473397	en	Wahau Kayan language
Q12473424	en	Abung language
Q12473424	en	Lampung Nyo
Q12473424	en	Lampung Nyo language
Q12473442	en	Banda Malay language
Q12473447	en	Central Malay language
Q12473447	en	Pasemah language
Q12473447	en	Serawai language
Q12473448	en	Aneuk Jamee language
Q12473454	en	Eastern Ngad'a language
Q12473454	en	Ngad'a Tenggara
Q12473454	en	Ngad'a Timur
Q12473454	en	Southeastern Ngad'a
Q12473456	en	Ogan language
Q12473464	en	Rongga language
Q12473466	en	Sanggau language
Q12473470	en	Seberuang language
Q12473471	en	Julu language
Q12473471	en	Kade-kade language
Q12473471	en	Kampong language
Q12473471	en	Pakpak Boang language
Q12473471	en	Singkil Batak language
Q12473471	en	Singkil language
Q12473479	en	Tengger Javanese
Q12473479	en	Tengger language
Q12473479	en	Tenggerese
Q12473489	en	Gado-Gado language
Q124739	en	Tijuana, Baja California
Q124739	en	Tijuana, Mexico
Q1247544	en	London Polytechnic
Q1247544	en	Polytechnic of Central London
Q1247544	en	Royal Polytechnic Institution
Q1247544	en	Westminster University
Q1248737	en	Territorial College of Guam
Q1248737	en	U.O.G.
Q1248737	en	Unibetsedåt Guåhan
Q1248737	en	University of Guam，缩写UOG
Q1248737	en	uog.edu
Q1248821	en	UNICT
Q1248821	en	Universita degli Studi di Catania
Q1248821	en	Università degli studi di Catania
Q1248821	en	Università degli Studi di Catania
Q1249005	en	Dundee University
Q1249005	en	Universitas Dundensis
Q12497929	en	Baso Palembang
Q12497929	en	Palembang dialect
Q12497929	en	Palembang Musi
Q12497929	en	Palembangese
Q12497929	en	Palembangese language
Q125080	en	Mussor
Q125080	en	Mustasaari
Q125080	en	Nikolainkaupunki
Q125080	en	Nikolaistad
Q125080	en	Vasa
Q125080	en	Wasa
Q1251039	en	Universidad Católica de la Santísima Concepción
Q1254148	en	DrRacket
Q1254148	en	DrScheme
Q1254148	en	PLT Scheme
Q125421255	en	Atauran language
Q125434	en	iBhayi
Q125434	en	PE
Q125434	en	Port Elizabeth
Q1256646	en	Gotlandic
Q1256646	en	Gotländska
Q1256646	en	Gutamål
Q1256646	en	Gutiske
Q1256646	en	Gutnic
Q1256646	en	Gutniska
Q1256646	en	Modern Gutnish
Q1256981	en	California State University, San Francisco
Q1256981	en	S.F.S.U.
Q1256981	en	San Francisco State
Q1256981	en	San Francisco State College
Q1256981	en	San Francisco State Normal School
Q1256981	en	San Francisco State Teachers College
Q1256981	en	SF State
Q1256981	en	SFSU
Q1256981	en	sfsu.edu
Q1256981	en	State Teachers College of San Francisco
Q125824888	en	Bekasi dialect
Q125824888	en	Bekasi Sundanese dialect
Q125824888	en	Bekasi Sundanese language
Q125977465	en	Old Leonese language
Q126084	en	‘Akká
Q126084	en	Akka
Q126084	en	Akko
Q126084	en	St. Jean d'Acre
Q126148	en	Tanger
Q126148	en	Tánger
Q126148	en	Tangeri
Q126148	en	Tangiers
Q126148	en	Ṭanja
Q126148	en	Ṭanjah
Q126148	en	Tingi
Q126148	en	Tingis
Q126148	en	Tinigi
Q1262143	en	Arabi Juba
Q1262143	en	Pidgin Arabic
Q1262143	en	Southern Sudan Arabic
Q1262143	en	Sudanese Creole Arabic
Q126269	en	Wolverhampton, England
Q126269	en	Wolverhampton, Staffordshire
Q126269	en	Wolverhampton, United Kingdom
Q126269	en	Wolverhampton, West Midlands
Q12627129	en	Aore language
Q12627135	en	Ambul
Q12627135	en	Apalik language
Q12627158	en	Arakajú language
Q12627242	en	Arop language
Q12627242	en	Arop-Sissano
Q12627315	en	Ata Manobo language
Q12627412	en	Avau language
Q12627559	en	Banao Itneg language
Q12628007	en	Blafe language
Q12628007	en	Tonda
Q12628801	en	Central Awyu language
Q12628803	en	Central Bai dialect
Q12628803	en	Central Bai dialect group
Q12628803	en	Central Bai dialects
Q12628803	en	Central Bai language
Q12628803	en	Central Baic
Q12628803	en	Central Baic dialect
Q12628803	en	Central Baic dialect group
Q12628803	en	Central Baic dialects
Q12628803	en	Central Baic language
Q12628927	en	Chaungtha language
Q12629011	en	Chonyi language
Q12629011	en	Dzihana
Q12629011	en	Kauma
Q12629033	en	Chukwa language
Q12629491	en	Dambi language
Q12629678	en	Deer ˤAlla
Q12629755	en	Desia Odia
Q12629755	en	Desiya
Q12629755	en	Desiya language
Q12629969	en	Dolpo language
Q12630425	en	Edera Awyu language
Q12630884	en	Faire Atta language
Q12631978	en	/Gwi
Q12631978	en	Cgui
Q12631978	en	Dcui
Q12631978	en	Gcwi
Q12631978	en	Gǀwi
Q12632146	en	Haruai language
Q12632397	en	Horuru language
Q12632404	en	Hote language
Q12632753	en	Hung language
Q12632888	en	Illiun
Q12632895	en	Imbongu language
Q12633026	en	bto
Q12633026	en	Rinconada
Q12633026	en	Rinconada Bikol language
Q12633440	en	Jad language
Q12633505	en	Jangshung language
Q12633986	en	South Awyu language
Q12633994	en	Mengzi language
Q12633994	en	Southern Tujia language
Q12634070	en	Gats'amé
Q12634070	en	Kachama-Ganjule language
Q12634070	en	Kachama-Ganjule-Haro
Q12634399	en	Kemberano language
Q12634577	en	Kizzuwatna Luwian
Q12635082	en	Kur language
Q12635137	en	Kwer language
Q12635302	en	Lapuyan Subanen
Q12635445	en	Amio-Gelimi language
Q12635445	en	Lesing-Atui language
Q12635445	en	Lesing-Gelimi language
Q12635807	en	Lower Grand Valley Dani language
Q12635889	en	Lule language
Q12635902	en	Lyngngam language
Q12636052	en	Makolkol language
Q12636088	en	Nyiha (Malawi)
Q12636092	en	Chitties Creole Malay
Q12636092	en	Malay Chetty creole language
Q12636809	en	Michigamea
Q12636991	en	Mina (India)
Q12636991	en	Mina language
Q12637224	en	Molmo One language
Q12638166	en	Nawaru language
Q12639245	en	Pamplona Atta language
Q12640277	en	Powari language
Q12640726	en	Pudtol Atta language
Q12640779	en	Danish Rodi
Q12640779	en	Danish Romani
Q12640779	en	Rotwelsch
Q12640969	en	Rajbanshi language
Q126415	en	Kobane
Q126415	en	Kobani
Q126415	en	Kobanî
Q126415	en	عين العرب
Q12642164	en	North Awyu language
Q12642165	en	Panyi Bai language
Q12642195	en	crl
Q12643484	en	Tetum Dili
Q12643582	en	Tiemacewe Bozo language
Q12644329	en	Lower Central Chinantec
Q12644869	en	Vo language
Q12644869	en	Wa
Q12644869	en	Wa language
Q12645081	en	Kiksht
Q12645568	en	Acoma Keresan
Q12645568	en	Acoma-Laguna
Q12645568	en	Laguna Keresen
Q12645568	en	Western Keresen
Q12645578	en	Western Cham language
Q126478135	en	Gyaazi
Q1265294	en	Sankoré Madrasah
Q1265294	en	Sankore Masjid
Q1265294	en	Sankoré Masjid
Q1265294	en	University of Sankore
Q1265294	en	University of Sankoré
Q126805	en	Saint Catharines
Q126805	en	St Catharines
Q126805	en	St Kitts
Q126805	en	St. Kitts
Q1268244	en	Romano-Serbian language
Q12683226	en	Tanggarong
Q12683226	en	Tenggarong Kutai
Q12683226	en	Tenggarong language
Q126915359	en	Turku
Q126928420	en	Bongor
Q127063	en	Kars City
Q127157869	en	Sula—Taliabu Malay
Q127164458	en	Standard Latvian language
Q127367	en	Lord of the Rings: The Fellowship of the Ring
Q127367	en	The Fellowship of the Ring
Q127417309	en	North Labuhanbatu Malay
Q127437572	en	Aranjiyah
Q12755683	en	Mo'da language
Q127623	en	City of Vantaa
Q127623	en	Helsinge
Q127623	en	Helsinge kommun
Q127623	en	Helsingin maalaiskunta
Q127623	en	Helsingin pitäjä
Q127623	en	Helsinki Rural Municipality
Q127623	en	Vanda
Q127745	en	Eurasian National University
Q127745	en	L.N. Gumilyov Eurasian National University
Q12778220	en	Moravian Wallachian dialect
Q12778220	en	Moravian Wallachian language
Q12808828	en	Besleney Kabardian dialect
Q12811566	en	Dobruja Tatar
Q12811566	en	Romanian Tatar
Q12811566	en	Tatar language spoken in Romania
Q12811566	en	Tatarşa
Q1281291	en	Asụsụ Yurumanguí
Q128147	en	Hull
Q128147	en	Hull, England
Q128147	en	Hull, Yorkshire
Q128147	en	Kingston-upon-Hull
Q12825018	en	Aspinwall
Q12825018	en	Ciudad de Colón
Q12825018	en	Colon
Q12825018	en	Colón
Q12825018	en	Colón, Panama
Q128261	en	Carrollton, Texas
Q128261	en	Carrollton, TX
Q12836150	en	middle Median
Q128395219	en	Pogorzan dialect
Q1284877	en	Kija language
Q1284877	en	Kitja
Q1284885	en	Eastern Worrorran
Q1284885	en	Ngarinyin language
Q1284885	en	Ungarinjin
Q1285318	en	Dhurga language
Q128792716	en	Bata language
Q128792716	en	Batta language
Q128807788	en	Nungon language
Q128807788	en	Nuon
Q128807788	en	Nuon language
Q128810233	en	Alazapa language
Q128810345	en	Bwala language
Q128810397	en	Dumaitic language
Q1288385	en	Obispeño language
Q1289760	en	Šokac language
Q12908815	en	Namonuito language
Q12911106	en	Tulishi language
Q12919	en	Mājro
Q12919	en	Majuro, Marshall Islands
Q129352	en	Khankandi
Q129352	en	Khankendy
Q129352	en	Stepanakert
Q129352	en	Vararakn
Q129352	en	Xankendi
Q129421	en	Davis
Q129421	en	Davis University of California
Q129421	en	U.C.D.
Q129421	en	UC Davis
Q129421	en	UCD
Q129421	en	ucdavis.edu
Q129421	en	Univ. of California, Davis
Q129421	en	University of California at Davis
Q1294227	en	Chitimacha language
Q1294227	en	Čitimaaša
Q1294227	en	Sitimaxa
Q1294243	en	Esselen language
Q1294243	en	Huelel
Q1294251	en	C'imariko
Q1294251	en	Chimariko language
Q1294439	en	Ṣalālah
Q12952247	en	Southeast Babar language
Q12952250	en	Southern Bai dialect
Q12952250	en	Southern Bai dialect group
Q12952250	en	Southern Bai dialects
Q12952250	en	Southern Bai language
Q12952250	en	Southern Baic
Q12952250	en	Southern Baic dialect
Q12952250	en	Southern Baic dialect group
Q12952250	en	Southern Baic dialects
Q12952250	en	Southern Baic language
Q12952294	en	Mangga Buang language
Q12952327	en	Chinbon Chin language
Q12952337	en	Paite Chin
Q12952337	en	Paite language
Q12952344	en	Chuka language
Q12952344	en	Gichuka
Q12952357	en	Dagba language
Q12952359	en	Mid Grand Valley Dani language
Q12952360	en	Dair language
Q12952361	en	Upper Grand Valley Dani language
Q12952388	en	Djongkang
Q12952388	en	Jangkang language
Q12952392	en	Doghoro language
Q12952405	en	Ede Ica language
Q12952406	en	Ede Ije language
Q12952408	en	Ede Nago language
Q12952408	en	Southern Nago
Q12952409	en	Kura Nago language
Q12952409	en	Nago Kura
Q12952416	en	Erave language
Q12952417	en	Ersu language
Q12952418	en	Eshtehardi language
Q12952419	en	North Fali language
Q12952442	en	Gangte language
Q12952445	en	Ci-Gbe language
Q12952447	en	Kotafon language
Q12952448	en	Gbesi language
Q12952453	en	Southern Ghale language
Q12952457	en	Gimi language
Q12952457	en	Loko
Q12952462	en	Southern Gondi language
Q12952463	en	Gorakor language
Q12952473	en	Western Gurung language
Q12952512	en	Idakho-Isukha-Tiriki
Q12952528	en	Buyuan Jinuo language
Q12952530	en	Youle Jinuo language
Q12952535	en	Kado language
Q12952538	en	Kagate language
Q12952538	en	Syuba
Q12952538	en	Syuba language
Q12952567	en	Kanite language
Q12952568	en	Nggarna
Q12952568	en	Nggarna language
Q12952568	en	Sota
Q12952569	en	Smerki language
Q12952581	en	Geba Karen language
Q12952582	en	Kayan Lahta
Q12952582	en	Khahta
Q12952582	en	Lahta Karen
Q12952582	en	Peu
Q12952582	en	Taru
Q12952582	en	Tarulakhi
Q12952582	en	Yan Wohta
Q12952596	en	Karenni
Q12952596	en	Karennyi
Q12952596	en	Karieng Daeng
Q12952596	en	Kayah Li
Q12952596	en	Red Karen
Q12952596	en	Yang Daeng
Q12952597	en	Kayan Mendalam
Q12952597	en	Mendalam Kayan language
Q12952599	en	Kayan
Q12952599	en	Kayan Dayak
Q12952599	en	Kayan languages
Q12952599	en	Kayanic Dayak
Q12952599	en	Kayanic languages
Q12952603	en	Keapara language
Q12952616	en	Ketum language
Q12952616	en	Kitum
Q12952619	en	West Kewa language
Q12952626	en	Khamba language
Q12952642	en	Grass Koiari language
Q12952647	en	Kom (India)
Q12952647	en	Kom language
Q12952663	en	Kosena language
Q12952667	en	Kudiya language
Q12952670	en	Kubo language
Q12952676	en	Kurichiya language
Q12952678	en	Kurudu language
Q12952690	en	Kyaka language
Q12952691	en	Kyerung
Q12952691	en	Kyerung language
Q12952691	en	Kyirong language
Q12952694	en	Laba language
Q12952700	en	Lakalei language
Q12952703	en	Lamkang language
Q12952711	en	Laopan language
Q12952713	en	Legenyem language
Q12952719	en	Lega de Shabunda
Q12952722	en	Lematang language
Q12952740	en	Lopi language
Q12952742	en	Southern Yamphu
Q12952744	en	Lhopa
Q12952744	en	Lhowa language
Q12952744	en	Loke
Q12952744	en	Loke Tibetan
Q12952744	en	Lowa language
Q12952744	en	Mustang Tibetan
Q12952748	en	Dumeni Lurish
Q12952748	en	luz
Q12952748	en	Southern Luri language
Q12952756	en	Maden
Q12952756	en	Saparan
Q12952756	en	Sapran
Q12952764	en	Maiwala language
Q12952768	en	skg
Q12952773	en	Malaryan language
Q12952775	en	Malavedan language
Q12952778	en	Kota Bangun Kutai Malay language
Q12952800	en	Mansaka language
Q12952840	en	Eastern Meohang language
Q12952840	en	Eastern Mewahang
Q12952843	en	Merei language
Q12952844	en	Miani language
Q12952846	en	Mian language
Q12952852	en	Mochi language
Q12952876	en	Mukomuko language
Q12952883	en	Eastern Muria language
Q12952883	en	emu
Q12952895	en	Na language
Q12952895	en	Nah language
Q12952906	en	Kharam
Q12952906	en	Kharam language
Q12952910	en	Poula language
Q12952910	en	Poumai
Q12952912	en	Rongmei language
Q12952915	en	Ngong language
Q12952922	en	Namiae language
Q12952923	en	Dorro
Q12952923	en	Namo language
Q12952941	en	Neme language
Q12952956	en	Nggem language
Q12952967	en	Nora language
Q12952967	en	Norra
Q12952968	en	Northern Nuaulu language
Q12952969	en	Larkye
Q12952969	en	Nubri language
Q12952969	en	Nupri
Q12952987	en	Odoodee language
Q12953011	en	Pamosu language
Q12953030	en	Meranjat
Q12953030	en	Penesak Malay
Q12953035	en	Parai
Q12953035	en	Parai language
Q12953035	en	Perai language
Q12953035	en	Tutunohan
Q12953036	en	Phangduwali dialect
Q12953052	en	Ranau language
Q12953056	en	Rawas language
Q12953063	en	Riang language
Q12953069	en	Southern Roglai language
Q12953072	en	Rudbari language
Q12953126	en	Shahmirzadi language
Q12953148	en	Songo language
Q12953148	en	Tsong
Q12953177	en	Eastern Tamang language
Q12953178	en	Gyot Tamang
Q12953178	en	Western Tamang language
Q12953183	en	Upper Taromi language
Q12953185	en	Sufrai language
Q12953185	en	Tarfia language
Q12953185	en	Tarpia language
Q12953194	en	Teluti language
Q12953198	en	Teor language
Q12953200	en	Tereweng language
Q12953223	en	Tsum language
Q12953225	en	Tugun language
Q12953228	en	Inner Tobelo
Q12953228	en	Togutil language
Q12953228	en	Tugutil language
Q12953229	en	Northern Tujia language
Q12953230	en	Tukpa language
Q12953245	en	Umbu-Ungu language
Q12953261	en	Vunjo language
Q12953264	en	Wa'ema language
Q12953273	en	North Wahgi language
Q12953293	en	South Watut language
Q12953294	en	Wedau language
Q12953295	en	Wauyai language
Q12953302	en	Gambian Wolof language
Q12953309	en	Abenaho
Q12953309	en	Pass Valley Yali language
Q12953310	en	Ninia Yali language
Q12953319	en	Yau (Morobe Province)
Q12953319	en	Yau language
Q12953326	en	Nisi language
Q12953326	en	Southeastern Lolo Yi
Q12953327	en	Limi language
Q12953329	en	Mili language
Q12953334	en	Guizhou Yi
Q12953334	en	Wusa Nasu language
Q12953334	en	Yi Wusa
Q12953336	en	Central Lalo
Q12953338	en	Yopno language
Q12953345	en	Zenag language
Q12953386	en	Navarro-Labourdin Basque
Q12953386	en	Navarro-Lapurdian dialect
Q12953397	en	Bilaspuri language
Q12953426	en	caf
Q12953426	en	Southern Carrier language
Q12953437	en	Lower Southeastern Chinantec
Q12953453	en	Teutila Cuicatec language
Q12953454	en	Cora
Q12953454	en	El Nayar
Q12953510	en	Sugut Dusun language
Q12953513	en	Dungra Bhil language
Q12953516	en	Edopi language
Q12953520	en	Enrekang language
Q12953525	en	Green Gelao language
Q12953532	en	Bhalay-Gowlan language
Q12953543	en	Southern Haida dialect
Q12953566	en	Santa María del Mar Huave
Q12953578	en	Batad Ifugao
Q12953578	en	Batad language
Q12953578	en	Ifugao Batad
Q12953579	en	Ifugao Mayoyao
Q12953579	en	Mayoyao language
Q12953581	en	Iranun language
Q12953583	en	Moyadan Itneg language
Q12953584	en	Binongan Itneg language
Q12953585	en	Inlaod Itneg language
Q12953602	en	Lubuagan Kalinga language
Q12953609	en	Aplai
Q12953609	en	Kankanaey Aplay
Q12953609	en	Northern Kankana-ey
Q12953609	en	Northern Kankanaey
Q12953609	en	Northern Kankanaëy
Q12953609	en	Northern Kankanay
Q12953609	en	Northern Kankanay dialect
Q12953620	en	Kiriri
Q12953620	en	Xocó
Q12953620	en	Xocó language
Q12953626	en	Kaxuiâna language
Q12953626	en	Sikiana
Q12953626	en	Sikiana language
Q12953627	en	Kembra language
Q12953639	en	Kituba
Q12953639	en	Kituba (Congo) language
Q12953639	en	Kituba language
Q12953645	en	Wadiyara Koli
Q12953645	en	Wadiyara language
Q12953646	en	Kachi Koli language
Q12953649	en	Kavet language
Q12953649	en	Kravet
Q12953671	en	Gade Lohar language
Q12953674	en	Tampias Lobu language
Q12953676	en	Lanas Lobu language
Q12953679	en	Lolak language
Q12953680	en	Maa language
Q12953681	en	Machinere language
Q12953684	en	Jojod
Q12953684	en	Maco language
Q12953684	en	Wirö
Q12953684	en	Wirö language
Q12953697	en	Kamigin language
Q12953697	en	Kinamigin language
Q12953698	en	Cotabato Manobo language
Q12953699	en	Obo language
Q12953699	en	Obo Manobo
Q12953747	en	Eastern Mnong language
Q12953754	en	Highland Puebla Nahuatl language
Q12953757	en	Isthmus-Cosoleacaque Nahuatl language
Q12953768	en	Napu language
Q12953774	en	Noiri language
Q12953782	en	Inebu One language
Q12953783	en	Kabore One language
Q12953785	en	Southern One language
Q12953787	en	Ong language
Q12953787	en	Ong-Ir language
Q12953788	en	Pidgin Onin
Q12953791	en	Kotia-Adivasi Odia-desiya
Q12953795	en	Central Palawano language
Q12953797	en	Rumai Palaung language
Q12953798	en	Pale Palaung language
Q12953798	en	Ruching Palaung
Q12953808	en	Western Penan language
Q12953832	en	Putoh language
Q12953847	en	Salasaca Highland Quichua language
Q12953848	en	Northern Pastaza Quichua language
Q12953854	en	Rathawi language
Q12953857	en	Rer Bare language
Q12953860	en	Oraon Sadri language
Q12953881	en	Sharanahua language
Q12953884	en	Shinabo language
Q12953887	en	Sok language
Q12953890	en	Sonha language
Q12953891	en	Budeh Stieng language
Q12953892	en	Northern Subanen language
Q12953902	en	Taje language
Q12953912	en	Western Tawbuid language
Q12953913	en	Tebilung
Q12953913	en	Tobilung language
Q12953920	en	Rana Tharu language
Q12953921	en	Thu Lao language
Q12953934	en	San Martín Itunyoso language
Q12953935	en	Copala Triqui language
Q12953954	en	Umpila language
Q12953960	en	Northeast Sahaptin
Q12953960	en	waa
Q12953960	en	Walla Walla language
Q12953981	en	Riang Lai
Q12954015	en	Rayón Zoque language
Q12954017	en	Central Zoque
Q12954017	en	Copainalá Zoque dialect
Q12954031	en	San Mateo Del Mar Huave language
Q129610	en	Cathair na Gaillimhe
Q129610	en	Gaillimh
Q129610	en	Gallway
Q129610	en	Gallway T.
Q129610	en	Gallway Town
Q129610	en	Galway City
Q129649	en	Ismid
Q129649	en	Ismit
Q129649	en	Izmit
Q129649	en	Nicomedia
Q12994	en	Brugge
Q13018490	en	Eastern Katu language
Q13018510	en	Khua language
Q13018531	en	Western Bru language
Q13018538	en	Bulo Stieng language
Q13018541	en	East Penan language
Q13018541	en	Eastern Penan language
Q13018555	en	Hmong Don language
Q13018556	en	Black Lahu language
Q13018556	en	Lahu Na
Q13018557	en	Hmong Dô language
Q13018559	en	Mok language
Q13018575	en	Lahu Xi
Q13018575	en	Yellow Lahu
Q13018576	en	Samtao language
Q13018596	en	Khuen language
Q13018598	en	Kriang language
Q13018598	en	Ngkriang
Q13018603	en	Trieng language
Q13018608	en	Sou
Q13018608	en	Su' language
Q13018626	en	Oi language
Q130191	en	Norwich, England
Q130191	en	Norwich, Norfolk
Q130212	en	HU-SF
Q130224860	en	Khotan Saka
Q130224860	en	Khotanese language
Q130224860	en	Khotanese Saka
Q130300614	en	Colloquial Arabic–Javanese
Q130383768	en	Useri
Q130469	en	Mazar e Sharif
Q130469	en	Mazar i Sharif
Q130469	en	Mazar-e-Sharif
Q130469	en	Mazari-Sharif
Q1305486	en	UCR
Q1305486	en	ucr.ac.cr
Q1305486	en	Universidad de Costa Rica
Q130641498	en	Gaudiya Prakrit
Q1306585	en	PowerBASIC
Q13091954	en	Dawan language
Q13092737	en	Malang-Pasuruan dialect
Q1310	en	Arnheim
Q1310	en	Èrnem
Q131074	en	Lord of the Rings: The Return of the King
Q131127	en	Banjaluka
Q13117696	en	Tanjore Marathi
Q13117696	en	Thanjavur Marathi dialect
Q13123376	en	Ede Idaca language
Q13123488	en	Bemba (Democratic Republic of Congo)
Q13123488	en	IchiBemba
Q13123491	en	Nyika (Malawi and Zambia)
Q13123571	en	Salka-Tsishingini
Q13123599	en	Yango language
Q131243	en	Oranjestad, Aruba
Q1312762	en	SLU
Q1312762	en	Sveriges Lantbruksuniversitet
Q131285970	en	Gbari language
Q131285970	en	West Gbagyi
Q131285970	en	West Gwari
Q131287560	en	Classical Farsi
Q131313305	en	Ikema dialect of Miyako Ryukyuan
Q131313305	en	Ikema-Jima
Q131323	en	Misratah
Q131323	en	Misurata
Q131323	en	Misuratah
Q131323	en	Mısrate
Q131339	en	Alemannic German
Q131390	en	300 Spartans
Q131392	en	Led Zeppelin I
Q131396354	en	Chawan Min
Q131396354	en	Zhao'an dialect
Q131396354	en	Zhao'an Min
Q131495	en	Şırnak City
Q13155057	en	Ndebele language
Q131552156	en	Cambodian Malay
Q131552156	en	Cham Malay
Q131552156	en	Chvea Malay
Q131552156	en	Mainland Southeast Asia Malay
Q131605	en	Meran
Q131638	en	Scutari
Q131638	en	Shkodrë
Q131818	en	Wahran
Q131818	en	Wahrān
Q13197	en	Datagnon
Q13197	en	Latagnon
Q13197	en	Ratagnon language
Q13198	en	Creole Reunionnais
Q13198	en	Créole Réunionnais
Q13198	en	Kreol Reyone
Q13198	en	Kréol Réyoné
Q13198	en	rcf
Q13198	en	Reunion Creole
Q13198	en	Reunion Creole French
Q13198	en	Réunion Creole French
Q131995150	en	North Baisari languages
Q131995150	en	North Baisaric languages
Q131995150	en	North Baysari languages
Q131995150	en	North Baysaric languages
Q13202	en	Basi
Q13202	en	Bisaya
Q13202	en	Ini
Q13202	en	Niromblon
Q13202	en	Romblomanon language
Q13202	en	Sibuyanon
Q13202	en	Tiyad Ini
Q132043	en	Kolab
Q132043	en	Kolob
Q132043	en	Kulab
Q1321	en	Castilian
Q1321	en	Castilian language
Q1321	en	Spanish language
Q13210	en	RSL
Q13210	en	Russkii Zhestovyi Yazyk
Q13210	en	Russkij Žestovyj Âzyk
Q13214	en	Zapotec language
Q13226	en	Shipaja
Q13226	en	Xip
Q13226	en	Xipaia
Q13226	en	Xipaya language
Q13229	en	!Xoo
Q13229	en	!Xóõ
Q13229	en	!Xoon
Q13229	en	Taa language
Q13229	en	Tsasi
Q13229	en	ǃXóõ
Q13239	en	Olcha
Q13239	en	Ulch language
Q13239	en	Ulcha language
Q132478	en	Oxford City Technical School
Q132478	en	Oxford College of Technology
Q132478	en	Oxford Polytechnic
Q132478	en	Oxford School of Art
Q13249	en	Uripiv
Q13249	en	Uripiv language
Q13249	en	Uripiv-Wala-Rano-Atchin
Q13257	en	Greek Tatar
Q13257	en	Urum language
Q132671	en	Paue
Q132679	en	Willemtown
Q132679	en	Williamtown
Q13268	en	Sioux language
Q13269	en	Sivandi language
Q13272	en	Slave (Athapascan)
Q13272	en	Slave language
Q13272	en	Slavé language
Q13272	en	Slavey language
Q13273	en	Aymälläl language
Q13273	en	Kistane
Q13273	en	Soddo Gurage
Q13273	en	Soddo language
Q132754	en	Arbela
Q132754	en	Arbil
Q132754	en	Hawler
Q132754	en	Hewler
Q132754	en	Irbil
Q13278	en	Sonjo language
Q13278	en	Temi
Q13281	en	Sonsorol
Q13281	en	Sonsorolese language
Q13283	en	socotri
Q13283	en	Socotri langugage
Q13283	en	Soqotri language
Q13295	en	Võro-Seto
Q13297	en	Nafaara
Q13297	en	Nafaara language
Q13297	en	Nafana
Q13297	en	Nafanan
Q13299	en	Nagar
Q13299	en	Nagarchal language
Q13299	en	Nagarchi
Q13299	en	nbg
Q13299	en	Purani Bhasha
Q13301	en	Damara
Q13301	en	Hottentot
Q13301	en	Khoekhoe language
Q13301	en	Khoekhoegowab language
Q13301	en	Nama
Q13301	en	Nama language
Q13301	en	Nàmá language
Q13303	en	gld
Q13303	en	Gold language
Q13303	en	Hezhen language
Q13303	en	Nanai language
Q13307	en	na
Q13307	en	Naouru language
Q13307	en	Nauru
Q13307	en	Nauruan language
Q133073	en	Dunedin, New Zealand
Q133073	en	Dunedin, NZ
Q13310	en	Diné bizaad
Q13310	en	Naabeehó bizaad
Q13310	en	Navah language
Q13310	en	Navaho
Q13310	en	Navajo language
Q13310	en	nv
Q13311	en	Chidanda language
Q13311	en	chiNdau language
Q13311	en	Chindau language
Q13311	en	Ndau language
Q13311	en	Ndzawu language
Q13311	en	Njao language
Q13311	en	Sofala language
Q13311	en	Southeast Shona language
Q133116	en	City of Hamilton
Q133116	en	Hamilton, ON
Q133116	en	Hamilton, Ontario
Q133118	en	Edessa
Q133118	en	Orrhoe
Q133118	en	Sanliurfa
Q133118	en	Urfa
Q133123	en	Mint of Patrae
Q133123	en	Patra
Q133123	en	Patrae
Q133123	en	Patrai
Q13313	en	Kimeru
Q13313	en	Meru language
Q133132	en	Commune
Q13315	en	French Cree language
Q13315	en	Mechif language
Q13315	en	Metchif language
Q13315	en	Métchif language
Q13315	en	Metif language
Q13315	en	Métif language
Q13315	en	Michif language
Q13315	en	Michif-Cree language
Q13315	en	Mitchif language
Q13316	en	Hitchiti-Mikasuki language
Q13316	en	Miccosukee language
Q13316	en	Mikasuki language
Q13324	en	Bahaso Minang
Q13324	en	Baso Minang
Q13324	en	Baso Minangkabau
Q13324	en	Minangkabau language
Q133281301	en	Kamas Turkic
Q133315	en	Limerick City
Q133315	en	Limmerick
Q133315	en	Limrick
Q133315	en	Luimneach
Q13333	en	Chickasaw–Choctaw trade language
Q13333	en	Mobilian
Q13333	en	Mobilian Trade Jargon
Q13333	en	Mobilian trade language
Q13333	en	Yama language
Q13333	en	Yamá language
Q1333399	en	Leicester University
Q13336	en	Moghol language
Q13336	en	Mogholi
Q13336	en	Mogol
Q13336	en	Mogul
Q13336	en	Mongolen
Q13336	en	Mongul
Q1333607	en	Khajeh Nasir al-Din Toosi University of Technology
Q1333607	en	Khajeh Nasir Toosi University of Technology
Q1333607	en	KN Toosi University of Technology
Q1333607	en	KNTU
Q13339	en	Kanien’kéha
Q13339	en	Kanyen'kéha
Q13339	en	Mohawk language
Q133445037	en	Xocó language
Q13345	en	Balengue language
Q13345	en	Lengue language
Q13345	en	Molendji language
Q13345	en	Molengue
Q13345	en	Molengue language
Q133456378	en	ennimi z'omu Greater Luyia
Q1334586	en	.el
Q1334586	en	Elisp
Q13349	en	Mon language
Q13349	en	Peguan language
Q13351	en	Innu
Q13351	en	Innu language
Q13351	en	Innu-aimun language
Q13351	en	Moe
Q13351	en	Montagnais
Q13351	en	Montagnais language
Q13356	en	Mazanderani language
Q13356	en	Tabari
Q13356	en	Tabari language
Q13357	en	fit
Q13357	en	Tornedalen Finnish
Q13360	en	Lepidum Regium
Q13360	en	Reggio nell'Emilia
Q13360	en	Regium Lepidi
Q13360	en	Regium Lepidum
Q13361	en	Mahri languages
Q13361	en	Mehri language
Q13363	en	Menominee language
Q13363	en	Menomini language
Q13363	en	mez
Q13365	en	Mentawai language
Q13365	en	mwv
Q133654	en	Silence of the Lambs
Q13367	en	Forli
Q133678	en	Odala language
Q133678	en	Ottawa dialect
Q133678	en	Ottawa language
Q133678	en	Ottawan
Q133678	en	Ottawan dialect
Q13368	en	Chiricahua language
Q13368	en	Mescalero language
Q13368	en	Mescalero-Chiricahua Apache
Q13368	en	Mescalero-Chiricahua Apache language
Q13368	en	Mescalero-Chiricahua language
Q13373	en	Luca
Q13386	en	Lecce, Italy
Q133871215	en	Kurima dialect
Q133871215	en	Kurima language
Q13389	en	Bashkir language
Q13389	en	bashkort
Q1341	en	Stavropol
Q1341	en	Stavropol-on-Volga
Q1341	en	Togliatti
Q1341	en	Tol'yatti
Q13410	en	Latina, Lazio
Q13411396	en	Chiriqui Sign Language
Q134287	en	Mint of Tarsus
Q134374036	en	Malibú language
Q134509	en	al-Madīna al-Bāsila
Q134509	en	Bur Said
Q134509	en	Būr Saʿīd
Q1345684	en	Leti language
Q13459953	en	Guevea De Humboldt Zapotec
Q134620	en	Jyvaskyla
Q13464	en	Foggia (Italy)
Q134672	en	Exeter, Devon
Q134672	en	Exeter, England
Q134703	en	Germanicia Caesarea
Q134703	en	Germanikeia
Q134703	en	Kahramanmaras
Q134703	en	Kahramanmarash
Q134703	en	Mar'ash
Q134703	en	Maras
Q134703	en	Maraş
Q134703	en	Marash
Q134703	en	Markash
Q134703	en	Markasi
Q134703	en	Marqasi
Q134712	en	Šauļi
Q134712	en	Schaulen
Q134712	en	Schavli
Q134712	en	Shaulyai
Q134712	en	Shavel
Q134712	en	Shavl
Q134712	en	Shavli
Q134712	en	Shawli
Q134712	en	Shiaulai
Q134712	en	Šiaulē
Q134712	en	Siauliai
Q134712	en	Šiaulių
Q134712	en	Silaliai
Q134712	en	Szawle
Q13479839	en	Adang (Murut)
Q13479839	en	Lun Bawang language
Q13479839	en	Lundayeh
Q13479839	en	Putoh
Q13479983	en	Mande
Q13479983	en	Mandi language
Q13479983	en	Nomaande
Q13479983	en	Numaand
Q13479983	en	Numand
Q13479983	en	Pimenc
Q134902	en	Stoke
Q134902	en	The Potteries
Q1349150	en	Mongol Ulsyn Ikh Surguuli
Q1349150	en	Mongolian National University, Ulan Bator
Q1349150	en	MUIS
Q1349150	en	NUM
Q1349150	en	Монгол Улсын Их Сургууль
Q1349150	en	МУИС
Q13496636	en	Asm.js
Q13498	en	Taras
Q13498	en	Tarentum
Q135037948	en	Kehek language
Q13510225	en	Zapotec of San Felipe Tejalapan
Q1351046	en	Marijampole
Q135153564	en	Old Scythian
Q135243489	en	language endangerment & extinction in Africa
Q1354	en	Dacca
Q1354	en	Dhaka City
Q1354097	en	University of Kabul
Q13541830	en	miahuateco
Q135439178	en	Pasuruan dialect
Q135472456	en	Banyuwangi dialect
Q1355	en	Bangalore
Q1355	en	Banglore
Q1355	en	Bendakaaluru
Q1355	en	Silicon Valley of India
Q135520206	en	Bangkalan dialect
Q13553748	en	Jawoyn
Q13581718	en	Eastern Highland Otomi
Q135843305	en	Lumajang dialect
Q135843305	en	Lumajang Madurese dialect
Q135843305	en	Lumajang Madurese language
Q13591670	en	Wulna language
Q13591670	en	Wuna
Q13591670	en	Wuna language
Q13591670	en	Wunna
Q13591670	en	Wunna language
Q1359171	en	rebol
Q1359171	en	Relative Expression-Based Object Language
Q13601748	en	Penan-Nibong language
Q136196924	en	Asahan Batak dialect
Q136196924	en	Batak Pardembanan dialect
Q136196924	en	Batak Pardembanan language
Q136196924	en	Pardembanan Batak dialect
Q136196924	en	Pardembanan dialect
Q136196924	en	Pardembanan language
Q136217	en	Erzincan City
Q136217	en	Erzingan
Q13625	en	Monteleone di Calabria
Q13629	en	Sàsser
Q13629	en	Tàtari
Q1363072	en	French Guianan Creole
Q1363072	en	French Guianese Creole
Q1363072	en	gcr
Q1363072	en	Guianese Creole
Q136359830	en	Teposcolula Mixtec language
Q1364815	en	Karen languages
Q1364815	en	Karenic languages
Q136512337	en	Sanzhi Dargwa
Q136512337	en	Sanzhi language
Q1365132	en	Mofu-Gudur language
Q136527538	en	Amuzgu-Shari
Q136533016	en	Pauxi
Q1365342	en	yec
Q1365342	en	Yeniche
Q1365342	en	Yeniche language
Q1365342	en	Yenish language
Q136563052	en	Oli-Bodiman language
Q13666	en	Messana
Q13666	en	Missina
Q1366643	en	Hochdeutsch
Q1366643	en	Schweizer Hochdeutsch
Q1366643	en	Swiss Standard German
Q13670	en	Siracusa
Q13670	en	Syracus
Q13670	en	Syracusa
Q13670	en	Syracusae
Q13670	en	Syracuse, Sicily
Q13678	en	Agrigentum
Q1370342	en	Eesti Muusika- ja Teatriakadeemia
Q1370342	en	Tallinn State Conservatory
Q137103930	en	Ampenan Malay dialect
Q137103930	en	Ampenan Malay language
Q137103930	en	Lombok Malay
Q137103930	en	Lombok Malay dialect
Q137103930	en	Lombok Malay language
Q137104115	en	Talk
Q1372362	en	Gakushūin Daigaku
Q137271	en	Jesselton
Q137271	en	Nature Resort City
Q13728042	en	Diitiidʔaatx̣ (Nitinat)
Q13728042	en	Ditidaht language
Q137302405	en	Kilenge
Q137302405	en	Lengue
Q137302405	en	Xilenge
Q137383068	en	Luoxiang language
Q1374139	en	Robert Craig
Q137503	en	Lodz University
Q137503	en	Łódź University
Q137503	en	uni.lodz.pl
Q137503	en	University of Lodz
Q137503	en	University of Łodż
Q137503	en	University of Łódz
Q137503	en	Uniwersity of Lodz
Q137503	en	Uniwersytet Łódzki
Q137525	en	Chimbu language
Q137525	en	Kuman language
Q137525	en	Kuman New Guinea language
Q137525	en	Simbu language
Q137690985	en	Kunshanese
Q137767039	en	Bafaw language
Q138010504	en	Rangkasbitung dialect
Q1382	en	Pirano
Q138464039	en	Banjara language
Q13848149	en	Tho
Q13848149	en	Zuojiang Zhuang dialect
Q13848149	en	Zuojiang Zhuang language
Q13848149	en	Zuojiang Zhuang languages
Q13848149	en	Zuǒjiāng Zhuàngyǔ
Q138605686	en	Brusselian dialects
Q138605686	en	Brussels dialect
Q138605686	en	Brussels dialects
Q138713601	en	Dialect
Q138713601	en	Malay dialect
Q138713601	en	Malayic language
Q138713601	en	Non a standard language
Q1389173	en	B-0
Q1389173	en	Business Language version 0
Q13893353	en	Kaapor
Q138986	en	Zabeed
Q138986	en	Zabīd
Q138986	en	Zebid
Q13939	en	Tarrasa
Q13955	en	Arabian
Q13955	en	Arabian language
Q13955	en	Arabic language
Q139822680	en	Rg Veda Sanskrit
Q139822680	en	Ṛg Veda Sanskrit
Q139822680	en	R̥g Veda Sanskrit
Q139822680	en	Rgveda Sanskrit
Q139822680	en	Ṛgveda Sanskrit
Q139822680	en	R̥gveda Sanskrit
Q139822680	en	Rgvedic
Q139822680	en	Ṛgvedic
Q139822680	en	R̥gvedic
Q139822680	en	Rgvedic language
Q139822680	en	Ṛgvedic language
Q139822680	en	R̥gvedic language
Q139822680	en	Rgvedic Sanskrit
Q139822680	en	Ṛgvedic Sanskrit
Q139822680	en	R̥gvedic Sanskrit
Q139822680	en	Rig Veda Sanskrit
Q139822680	en	Rigveda Sanskrit
Q139822680	en	Rigvedic
Q139822680	en	Rigvedic language
Q139822891	en	Brahmana Sanskrit
Q139822891	en	Brahmanical Sanskrit
Q140075	en	Gold Coast, QLD
Q140075	en	Gold Coast, Queensland
Q140304	en	Banha
Q140631	en	Fucheng
Q140631	en	Hú-siânn
Q140631	en	Nanying
Q140631	en	Tâi-lâm
Q140631	en	Tai-wan
Q140631	en	Tainan City
Q140631	en	Tainan, Taiwan
Q140631	en	Thaiwan
Q140631	en	Thòi-nàm
Q1406574	en	Bininj Gunwok
Q1406574	en	Bininj Kun-Wok language
Q1406574	en	Gunwinggu language
Q1406574	en	Gunwinjgu
Q1406574	en	Kunwinjku
Q1406574	en	Mayali
Q1410	en	gi
Q1410	en	Gib
Q1410	en	The Rock of Gibraltar
Q1411222	en	G.M.U.
Q1411222	en	George Mason
Q1411222	en	George Mason College
Q1411222	en	GMU
Q1411222	en	gmu.edu
Q1411222	en	Mason
Q1411222	en	Mason University
Q1411245	en	T-SQL
Q14171368	en	Age of Ultron
Q14171368	en	The Avengers 2
Q14171368	en	The Avengers: Age of Ultron
Q14171368	en	The Avengers2
Q14183	en	ISL
Q1419737	en	Guildhall School of Music
Q1419737	en	Guildhall School of Music & Drama
Q1419737	en	The Guildhall School of Music and Drama
Q142	en	French Republic
Q1420205	en	Pulaar language
Q1420239	en	temple.edu
Q1420239	en	TU
Q1422458	en	Bath University
Q14240916	en	Lhomi language
Q1425428	en	Newcastle upon Tyne (parish)
Q1430113	en	INALCO
Q1430113	en	Langues O
Q1430113	en	Langues'O
Q1430113	en	LanguesO
Q1430113	en	National Institute for Oriental Languages and Civilizations
Q143130	en	Cupeño language
Q1432030	en	Jílín Dàxué
Q1432632	en	University College, Reading
Q143419	en	Blitz Basic
Q143419	en	Blitz2D
Q143419	en	BlitzBasic
Q143419	en	BlitzMax
Q143419	en	BlitzPlus
Q143419	en	Monkey
Q14352960	en	Gaungtou
Q14352960	en	Khaungtou
Q14352960	en	Zayein, Kayan Lahta, is one of Kayan sect, Myanmar
Q14426329	en	Taliak
Q14426329	en	Yangatalet
Q14426329	en	Yangtadai
Q14426329	en	Yintale Karen
Q14426329	en	Yintalet
Q144488	en	Uniwersytet Warszawski
Q144488	en	Warsaw University
Q1446181	en	CUNY Hunter
Q1446181	en	Hunter
Q1446181	en	Hunter College of the City of New York
Q1446181	en	New York Normal College
Q1446181	en	Normal College of the City of New York
Q1446181	en	Normal College of the City of New York)
Q14466283	en	Demta language
Q14466283	en	Sowari
Q14468943	en	Luobohe Miao
Q14468943	en	Luopohe Hmong
Q144983	en	Banska Bystrica
Q144983	en	Besztercebánya
Q144983	en	Neusohl
Q145	en	G B
Q145	en	Great Britain
Q145	en	Great Britain and Northern Ireland
Q145	en	the UK
Q145	en	the United Kingdom
Q145	en	the United Kingdom of Great Britain and Northern Ireland
Q145	en	U K
Q145	en	United Kingdom of Great Britain and Northern Ireland
Q14531212	en	Semnani language
Q14531212	en	Semnani-Biyabuneki
Q1458695	en	Karazin Kharkiv National University
Q1458695	en	Kharkiv National University
Q1458695	en	Kharkiv State University
Q1458695	en	V. N. Karazin Kharkiv National University
Q1458695	en	Vasily Karazin Kharkov National University
Q1458695	en	Vasyl Karazin Kharkiv National University
Q145972	en	Zamosc
Q145972	en	Zamoscia
Q145972	en	Zamose
Q145972	en	Zamoshch
Q145972	en	Zamoshtch
Q145972	en	Zamoshtsh
Q145972	en	Zamost'
Q145972	en	Zamost'ye
Q145972	en	Zamosti
Q145972	en	Zámostí
Q145972	en	Zamostia
Q145972	en	Zamostie
Q14623791	en	Kannur creole
Q1463356	en	Háskólinn á Akureyri
Q1465448	en	National University of Science and Technology "Politehnica" Bucharest
Q1465448	en	Universitatea Politehnica din București
Q1465448	en	University Politehnica of Bucharest
Q1465448	en	upb.ro
Q1470769	en	uia.no
Q1470769	en	Universitetet i Agder
Q1471879	en	Akademia Ekonomiczna w Krakowie
Q1471879	en	Uniwersytet Ekonomiczny w Krakowie
Q1472199	en	Early Modern High German
Q1472213	en	Ancient North Arabian languages
Q1472421	en	Flaaitaal language
Q1472421	en	Tsotsitaal language
Q1473289	en	frm
Q1473289	en	Middle French language
Q1474656	en	Oikonomiko Panepistimio Athinon
Q14759	en	Ameslan
Q14759	en	ASL
Q14759	en	ASLic
Q14759	en	Visual American Sign Language
Q1477607	en	Jāmi'at Al Basrah
Q147934	en	Cervimontium
Q147934	en	Herschbrig
Q147934	en	Hirschberg
Q147934	en	Hirschberg im Riesengebirge
Q148	en	China
Q148	en	China PR
Q148	en	cn
Q148	en	Communist China
Q148	en	P.R.C.
Q148	en	PR China
Q148	en	Red China
Q148	en	RPC
Q148	en	the People's Republic of China
Q148	en	The PRC
Q1486208	en	GEL
Q1486208	en	GNU Extension Language
Q1486208	en	GNU Ubiquitous Intelligent Language for Extensions
Q1486208	en	Guile
Q1489	en	City of Mexico
Q1489	en	Mexico
Q1489	en	Mexico City, Mexico
Q1489	en	Mexico D.F.
Q14916876	en	Kajali language
Q14916877	en	Kamar language
Q14916885	en	Lewotobi language
Q14916885	en	Southwest Lamaholot
Q14916889	en	Malasanga language
Q14916889	en	Pano language
Q14916894	en	Muyu language
Q14916896	en	Mwatebu language
Q14916897	en	Na'ai language
Q14916897	en	Na'i language
Q14916897	en	Nagai language
Q14916897	en	Nakai language
Q14916900	en	Neku language
Q14916905	en	Serua language
Q14916906	en	Ujir language
Q14916907	en	Vamale language
Q14916908	en	Vishavan language
Q14916911	en	Ilianen language
Q1492	en	B'na
Q1492	en	Barcelona City
Q1492	en	Barcelona, Catalonia
Q1492	en	Barcelona, Spain
Q1492	en	BCN
Q1492	en	City of Barcelona
Q149208	en	Eastern Frisian
Q1494353	en	UA
Q1494353	en	UNAIR
Q149588	en	Pomeranian language
Q1496662	en	Gazi Üniversitesi
Q149990	en	Rochester University
Q149990	en	U of R
Q149990	en	U Rochester
Q149990	en	UofR
Q149990	en	UR
Q149990	en	URochester
Q150	en	French language
Q1505372	en	JCL
Q15069308	en	plt
Q15080869	en	Eḷu
Q15080869	en	Elu Prakrit
Q15080869	en	Hela
Q15080869	en	Helu
Q15085	en	Piedmontese language
Q15085	en	Piemontese
Q15085	en	pms
Q150901	en	Dark Side of the Moon
Q150901	en	DSotM
Q150901	en	DSOTM
Q150901	en	Eclipse
Q15092	en	Castello de la Plana
Q15092	en	Castelló de la Plana
Q15092	en	Castellon de la Plana
Q1513	en	Nagpoor
Q1513	en	Nagpore
Q15142	en	Massachusetts Agricultural College
Q15142	en	Massachusetts State College
Q15142	en	UMass Amherst
Q15142	en	umass.edu
Q15142	en	University of Massachusetts, Amherst
Q1516651	en	Badjava language
Q1516651	en	Bajawa language
Q1516651	en	Nad'a language
Q1516651	en	Nga'da language
Q1516651	en	Ngad'a
Q1516651	en	Ngada
Q1516651	en	Ngadha language
Q1516651	en	Rokka language
Q1516803	en	Mískito
Q1516803	en	Miskito language
Q1517021	en	The University of Western Australia
Q1517021	en	Uni of WA
Q1517021	en	Univ of WA
Q1517021	en	University of WA
Q1517021	en	UWA
Q1517021	en	W.Aust.
Q15174	en	Sham Chun
Q151880	en	The Best Madonna Album
Q1519	en	Abū Dhabi
Q1519	en	Abudhabi
Q151920	en	Mint of Tiberias
Q151920	en	Tiberius
Q151920	en	Tiveria
Q151920	en	Tverya
Q1519764	en	Medefidrin
Q1519764	en	Obɛri Ɔkaimɛ
Q15220528	en	Itneg language
Q152368	en	Beth-shean
Q1523902	en	"Alexandru Ioan Cuza" University of Iași
Q1523902	en	uaic.ro
Q1523902	en	Universitatea "Alexandru Ioan Cuza"
Q1523902	en	Universitatea Iași
Q1523902	en	University of Iasi
Q1523902	en	University of Iaşi
Q15241057	en	.m
Q15241057	en	.nb
Q15241057	en	.wl
Q15241057	en	Mathematica
Q15241057	en	Mathematica language
Q15241057	en	Wolfram
Q152436	en	Kefar Sava
Q152436	en	Kfar Sava
Q152449	en	Bet Shemesh
Q152467	en	Bene Berak
Q152467	en	Bene Beraq
Q152467	en	Bnei Beraq
Q152491	en	Hertselia
Q152491	en	Hertzeliya
Q152491	en	Hertzeliyah
Q152491	en	Herzelia
Q152491	en	Herzeliah
Q152491	en	Herzeliya
Q152491	en	Herzeliyya
Q1524992	en	IIUM
Q1526037	en	Huambisa language
Q1526037	en	Wampis language
Q152605	en	'' Stadium Arcadium ''
Q1526525	en	Balsapuertino
Q1526525	en	Cahuapa
Q1526525	en	Chawi
Q1526525	en	Chayabita
Q1526525	en	Chayahuita language
Q1526525	en	Chayawita
Q1526525	en	Chayhuita
Q1526525	en	Kanpunan
Q1526525	en	Paranapura
Q1526525	en	Shawi
Q1526525	en	Shayabit
Q1526525	en	Tshaahui
Q152831	en	Dihok
Q152831	en	Dohuk
Q152831	en	Nohadra
Q15293344	en	Kanamarí language (Arawakan)
Q15302988	en	Kabishiana
Q15302988	en	Kabixiana language
Q1530394	en	Lika language
Q1533	en	Carracas
Q1533	en	CCS
Q1533	en	Santiago de León de Caracas
Q15338035	en	Iñapari language
Q15342275	en	Cogapacori
Q15342275	en	Kogapakori
Q15342275	en	Kugapakori
Q15342275	en	Pucapucari
Q153627	en	Achterhoeks
Q1537759	en	Loyola
Q1537759	en	Loyola (IL)
Q1537759	en	Loyola (Ill)
Q1537759	en	Loyola (Illinois)
Q1537759	en	Loyola Chicago
Q1537759	en	Loyola IL
Q1537759	en	Loyola Illinois
Q1537759	en	Loyola of Chicago
Q1537759	en	Loyola of Illinois
Q1537759	en	Loyola University of Chicago
Q1537759	en	Loyola-Chicago
Q1537759	en	LUC
Q1538	en	Oxford of the East
Q1538	en	Poona
Q1538	en	Poonah
Q1538	en	Pune, India
Q1538	en	Queen of the Deccan
Q15407179	en	Tharaka language
Q15407187	en	Lungu
Q15407187	en	Rungu
Q1542386	en	Roskilde Universitet
Q1542418	en	Háskólinn í Reykjavík
Q1542418	en	Reykjavik University
Q1543126	en	UNIS
Q15462609	en	Enxet language
Q15462609	en	Southern Lengua
Q15462671	en	Enlhet language
Q15462671	en	Northern Lengua
Q1546494	en	Xinca
Q1546494	en	Xincan languages
Q1546906	en	Ca’ Foscari, University of Venice
Q1546906	en	Ca'Foscari University of Venice
Q1546906	en	UNIVE
Q1546906	en	unive.it
Q1546906	en	Università Ca' Foscari
Q1546906	en	Università Ca' Foscari, Venice
Q1546906	en	Università degli Studi di Venezia "Cà Foscari"
Q1546906	en	University “Ca’Foscari” of Venice
Q1546906	en	University Ca’Foscari of Venice
Q1547084	en	Technische Hogeschool Twente
Q1547084	en	Twente University
Q1547084	en	Universiteit Twente
Q1547084	en	University Twente
Q1547084	en	utwente.nl
Q1547448	en	Tape Editor and COrrector
Q1547448	en	Text Editor and COrrector
Q154797	en	Bundestag of Germany
Q154797	en	German parliament
Q154897	en	Åbenrå
Q155	en	Federative Republic of Brazil
Q15549890	en	Ahirani language
Q1555	en	City of Guatemala
Q1555	en	Ciudad de Guatemala
Q1555	en	Guate
Q1555	en	Guatemala
Q1555	en	Guatemala (Guatemala)
Q1555	en	New Guatemala of Assumption
Q1555	en	Nueva Guatemala de la Asunción
Q155645	en	Varhadi dialect
Q155645	en	Varhadi-Nagpuri
Q15570	en	Chinese University
Q15570	en	Chinese University of Hong Kong
Q15570	en	CU
Q15570	en	CUHK
Q155915	en	Kastamonu City
Q155915	en	Tumana
Q15613270	en	Seko Tengah language
Q15613282	en	Seko Padang
Q15613282	en	Seko Padang language
Q15613282	en	Seko Pandang language
Q15614922	en	Southwest Palawano language
Q15615594	en	Tichurong language
Q15616384	en	Lowland Tarahumara dialect
Q15616384	en	Western Tarahumara
Q15616518	en	Taman language (Sino-Tibetan)
Q15622700	en	Lahul Bhoti
Q15622700	en	Lahuli
Q15622700	en	Lahuli language
Q15622700	en	Stod Bhoti language
Q1563	en	Habana
Q1563	en	Havana, Cuba
Q1563	en	La Habana
Q1563050	en	UM
Q1563050	en	UMAC
Q1563050	en	University of East Asia
Q15632357	en	Mwimbi-Muthambi language
Q15632387	en	Taveta language
Q15633149	en	Hoia Hoia language
Q15633149	en	Hoyahoya
Q15633149	en	Hoyahoya language
Q15634505	en	Namat language
Q15637215	en	Central Kanuri language
Q15637273	en	Southern Ma'di language
Q15637351	en	South Fali language
Q15640	en	Sant Joan Despi
Q15649021	en	Eastern Keresan
Q15649021	en	Rio Grande Keresan
Q156558	en	Faizabad
Q156558	en	Faizābād
Q156558	en	Fayzābād
Q156558	en	Fayzabad, Afghanistan
Q156558	en	Fayzabad, Badakhshan
Q156558	en	Feyzabad
Q156558	en	Fyzabad
Q156598	en	Leiden Univ.
Q156598	en	Leiden Univ.
Q156598	en	Leyden University
Q156598	en	Leyden University
Q156598	en	Rijksuniversiteit Leiden
Q156598	en	Rijksuniversiteit Leiden
Q156598	en	Rijksuniversiteit te Leiden
Q156598	en	Rijksuniversiteit te Leiden
Q156598	en	ULeiden
Q156598	en	ULeiden
Q156598	en	Universiteit Leiden
Q156598	en	Universiteit Leiden
Q156598	en	universiteitleiden.nl
Q156598	en	universiteitleiden.nl
Q156598	en	University of Leiden
Q156598	en	University of Leiden
Q156598	en	University of Leyden
Q156598	en	University of Leyden
Q15661430	en	Ramaytush language
Q15662050	en	Tamyen language
Q15662248	en	Chalon language
Q1567033	en	Habu
Q1567033	en	Habun language
Q15679	en	Badajoz, Spain
Q15688	en	Avila
Q1568938	en	Salinan language
Q1568989	en	Southern Kalapuya
Q1568989	en	Yoncalla language
Q156974	en	Aussig
Q156974	en	Aussig an der Elbe
Q15699255	en	Tenino language
Q15699255	en	tqn
Q1570483	en	IAU-020527
Q1570483	en	UNESWA
Q1570483	en	UNISWA
Q1570483	en	uniswa.sz
Q1570483	en	University of Swaziland
Q157050	en	Köprülü
Q157050	en	Titov Veles
Q157050	en	Veles, Macedonia
Q1571077	en	NASM
Q157246	en	Manastir
Q157246	en	Monastir
Q1572865	en	.sass
Q1572865	en	syntactically awesome style sheets
Q15736037	en	Angaité language
Q1575044	en	Visva Bharati, Shantiniketan
Q15762	en	Abinsk, Russia
Q157734	en	Oman
Q157734	en	Sultanate of Oman and Muscat
Q1579397	en	Institut Teknologi Bandung, School of Business and Management
Q1579397	en	Institute of Technology Bandung
Q1579397	en	ITB
Q1579560	en	Itucale
Q1579560	en	Kachá
Q1579560	en	Urarina language
Q158004	en	Petrikau
Q158004	en	Petrikev
Q158004	en	Petrikov
Q158004	en	Petrokov
Q158004	en	Petrokow
Q158004	en	Piotrków
Q158004	en	Piotrkow Trybunalski
Q158004	en	Piotrkuv
Q158004	en	Pyetrkuv
Q158004	en	Trybunalski
Q158006	en	Jaworzno, Silesian Voivodeship
Q15831607	en	Bo-Ung language
Q15831607	en	Tembagla language
Q158485	en	Laurahütte
Q158485	en	Siemianowitz
Q158488	en	Deutsch Piekar
Q158488	en	Scharley
Q15877	en	Isola
Q15887898	en	North Watut language
Q15887910	en	Middle Watut language
Q158903	en	Panahabad
Q15895870	en	Wewaw language
Q15899	en	Muraszombat
Q15899	en	SI-080
Q15899	en	Sobota
Q15899	en	Szombat
Q159	en	Federation of Russia
Q159	en	Russian Federation
Q15901	en	Adelberg
Q15902450	en	Handan New Film
Q15902450	en	Handan Xinpian
Q15913367	en	Guangdong and Taiwan Hakka dialect
Q15918	en	Windischgrätz
Q15918	en	Windischgraz
Q15927842	en	Taiwan Mandarin (academic concept)
Q159325	en	Angra Pequena
Q159610	en	Avlona
Q159610	en	Vlora
Q159610	en	Vlore
Q15974357	en	Molo language
Q15977293	en	Ná-Meo language
Q159835	en	Batman City
Q15984	en	Leer/Ostfriesland
Q16	en	Can
Q16010	en	Esch-Uelzecht
Q16010	en	Esch/Alzette
Q160112	en	Prado Museum
Q160112	en	Prado National Museum
Q160493	en	Innerness
Q160544	en	Candia
Q160544	en	Heraclion
Q160544	en	Irakleion
Q160544	en	Iraklion
Q160642	en	New Sarum
Q160642	en	Salisbury, England
Q160642	en	Salisbury, Wiltshire
Q160746	en	Nestlé S.A.
Q160927	en	Blesum
Q160927	en	Ville de Blois
Q1609529	en	Mizar system
Q1610024	en	Heriot Watt University
Q161087	en	Dead Man's Chest
Q161087	en	PotC 2
Q161087	en	POTC2
Q16109975	en	Upper Kinabatangan language
Q16110177	en	Jair Awyu language
Q16110177	en	Kia Awyu
Q16112427	en	Wagawaga
Q16112760	en	bzc
Q16113158	en	Yaosakor Asmat language
Q16113356	en	Masbate Sorsoganon
Q16113356	en	North Sorsoganon
Q16113356	en	North Sorsoganon language
Q16113356	en	Northern Sorsoganon
Q16113356	en	Northern Sorsogon language
Q16113894	en	Western Subanon language
Q16115430	en	Koronadal Blaan language
Q16115463	en	Eastern Bru language
Q16115511	en	Tlacoapa Tlapanec
Q16116629	en	Western Buryat
Q16117272	en	Sarangani Blaan language
Q161562	en	Cal Tech
Q161562	en	Caltech
Q161562	en	CIT
Q161678	en	Harry Potter 7
Q161678	en	Harry Potter and the Deathly Hallows: Part 1
Q16208632	en	Bapen language
Q16208632	en	Bapeng language
Q16211905	en	Wik Ompom language
Q16211970	en	Hands in action
Q16211970	en	Murngin Sign Language
Q16211970	en	Penguin Sign Language
Q16211970	en	Yolngu Sign Language
Q16211970	en	YSL
Q162255	en	Terminator
Q162442	en	Alaabade
Q162442	en	Alahabad
Q162442	en	Alāhābāda
Q162442	en	Allahabad
Q162442	en	Allahābād
Q162442	en	Hellobass
Q162442	en	Helobas
Q162442	en	Ilahabad
Q162442	en	Ilāhābād
Q162442	en	Ilahabas
Q162442	en	Illahabad
Q162442	en	Prayag
Q162442	en	Prayaga
Q162442	en	Prayāga
Q162548	en	Ust-Kamenogorsk
Q1627967	en	Liverpool Mechanics' School of Arts
Q1627967	en	Liverpool Polytechnic
Q1627967	en	LJMU
Q1629255	en	University of Veliko Tarnovo
Q1629255	en	VTU
Q16306549	en	Kantu language
Q16306695	en	Southern Mnong language
Q16306754	en	Hmong Shua language
Q16306754	en	Sinicized Miao
Q1631474	en	San Sebastian University
Q1631474	en	Universidad San Sebastian
Q1631474	en	Universidad San Sebastián
Q1633799	en	BSU
Q1633799	en	State University of Baku
Q16340	en	XML Path Language
Q1634624	en	chaoxing si/chaoyan si
Q1634624	en	Vikramshila University
Q163468	en	Programming in Logic
Q163490	en	Mint of Sidon
Q163490	en	Zidon
Q163584	en	Derry City
Q163584	en	Derry, Northern Ireland
Q163584	en	Doire
Q163584	en	Londonderry
Q163798	en	Thrichur
Q163798	en	Thrissivaperur
Q163798	en	Thrissur, Kerala
Q163872	en	Batman: The Dark Knight
Q1640	en	Esseg
Q1640079	en	Hyderabad, Pakistan
Q1640079	en	Hyderabad, Sindh
Q1640079	en	Neroon Kot
Q1640079	en	Nerun Kot
Q1640079	en	Nerunkot
Q1640648	en	Canberra College of Advanced Education
Q1640648	en	UC
Q1640726	en	Athens Polytechnic
Q1640726	en	Ethniko Metsovio Polytechneio
Q1640726	en	National Metsovian Polytechnic
Q1640726	en	NTUA
Q1640731	en	BarcelonaTECH
Q1640731	en	Technical University of Catalonia
Q1640731	en	Universitat Politècnica de Catalunya – BarcelonaTech
Q1640731	en	Universitat Politècnica de Catalunya · BarcelonaTech
Q1640731	en	UPC
Q1640731	en	UPC - BarcelonaTECH
Q1640731	en	upc.edu
Q1640731	en	upc.es
Q164103	en	Beautiful Mind
Q1641493	en	Lele (Chad)
Q1641493	en	Lele language
Q1641504	en	UNIPA
Q1641504	en	unipa.it
Q1641504	en	Universita degli Studi di Palermo
Q1641504	en	Università degli Studi di Palermo
Q1641543	en	Romagnol language
Q1641543	en	Romagnolo
Q1641543	en	Rumagnòl
Q1646874	en	Aalto University School of Science and Technology
Q1646874	en	Polyteknillinen opisto
Q1646874	en	Teknillinen korkeakoulu
Q1646874	en	TKK
Q1648571	en	Turob Basic
Q1649537	en	New English
Q164963	en	Lord of the Rings: The Two Towers
Q164963	en	The Lord of the Rings The Two Towers
Q16520	en	Busan Metropolitan City
Q16520	en	Fuzan
Q16520	en	Pusan
Q16520	en	Pusan Metropolitan City
Q16520	en	Pusang
Q165204	en	Merida
Q165204	en	Mérida, Yucatán
Q165372	en	C Language Integrated Production System
Q165380	en	Hannoversch Münden
Q165380	en	Münden
Q165422	en	Ftown
Q1654327	en	literary Arabic
Q165436	en	asm
Q165436	en	assembler language
Q165436	en	assembly
Q165436	en	assembly code
Q1656014	en	Tiwi language
Q1656595	en	Bamekon language
Q1656595	en	Bikom language
Q1656595	en	bkm
Q1656595	en	Ekom language
Q1656595	en	Etang language
Q1656595	en	Kom (Cameroon)
Q1656595	en	Kom language
Q1656595	en	Nkom language
Q165713	en	Star Wars Episode I
Q165713	en	Star Wars Episode I - The Phantom Menace
Q165713	en	Star Wars: Episode I - The Phantom Menace
Q165713	en	Star Wars: Episode I -- The Phantom Menace
Q165713	en	The Phantom Menace
Q165763	en	County of Waldeck
Q165763	en	Free State of Waldeck
Q165763	en	Waldeck
Q165795	en	fkv
Q165795	en	Kven Finnish
Q165795	en	Kven language
Q1659701	en	Movima language
Q1659701	en	Mowi:maj
Q165980	en	Universität Wien
Q16646278	en	Yenisei Kyrgyz language
Q1665857	en	IDL
Q16666	en	Jiangning
Q16666	en	Kiang-ning
Q16666	en	Kiangning
Q16666	en	Nan Jing
Q16666	en	Nan-king
Q16666	en	Nankin
Q16666	en	Nanking
Q166824	en	Afyon
Q166824	en	Afyon City
Q166824	en	Afyonkarahisar City
Q166824	en	Karahisar-ı Sahib
Q166824	en	Karahisar-ı Sahip
Q1668296	en	Ptolemaic egyptian
Q1668296	en	Ptolemaic language
Q167551	en	Kitega
Q167715	en	Thiruvanathapuram
Q167715	en	Trivandrum
Q167744	en	Greifenberg in Pommern
Q1678185	en	Ecole Centre De Kelo
Q1678185	en	NU
Q1678185	en	UNDJ
Q1678185	en	UNDT
Q1678185	en	Université de N'Djaména
Q1678185	en	universite-ndjamena.td
Q1678733	en	Grey University College
Q1678733	en	UFS
Q1678733	en	University College of the Orange Free State
Q1678733	en	University of the Orange Free State
Q168193	en	Al-Najaf Al-Ashraf
Q168193	en	An Najaf
Q168193	en	An Najaf Al Ashraf
Q168197	en	Adıyaman City
Q168197	en	Hısnımansur
Q168225	en	Al Khalil
Q16825981	en	Aghu Tharrnggala language
Q16827670	en	Alungul language
Q16828359	en	Andoquero language
Q16828520	en	Angkula language
Q16829627	en	Apiaka-Tocantins
Q16829627	en	Apingi language
Q16835180	en	Attapady Kurumba language
Q16837736	en	Bangni-Tagin language
Q16839143	en	Batui language
Q16839275	en	Baybay language
Q16839275	en	Baybayanon language
Q16841033	en	Betta Kurumba language
Q1684174	en	JADE
Q16841801	en	Bigambal language
Q16843668	en	Boanarí language
Q16844787	en	Boro language
Q16846294	en	Ibhili language
Q16848784	en	Bugurnidja language
Q16849906	en	Bwenyi language
Q16850160	en	Cávere
Q16856460	en	nydansk
Q16863097	en	SVELTE
Q16863097	en	sveltejs
Q16869	en	Constantinopolis
Q16869	en	Czargrad
Q16869	en	Mint of Constantinople
Q16869	en	The City of the World's Desire
Q16869	en	Tsargorod
Q16869	en	Tsarigrad
Q16869	en	Tzargrad
Q16878146	en	Kumbaran language
Q16879234	en	Otomaco language
Q16879440	en	Kabixi
Q16879440	en	Kabixí
Q16879440	en	Kabixi language
Q16879440	en	Kabixí language
Q16879440	en	Wanham language
Q16879490	en	Juma language
Q16880516	en	Wagu language
Q16882415	en	Nigilu language
Q16885737	en	Ghulfan language
Q16885737	en	Uncunwee
Q168866	en	Eski-Shehr
Q168866	en	Eskisehir
Q16886762	en	Muduga language
Q16886849	en	Jofotek-Bromnya language
Q16886936	en	Muellama language
Q16886936	en	Muellamués language
Q16887296	en	Tese language
Q16887371	en	Tapei language
Q16889183	en	Demushbo language
Q16889525	en	Malasar language
Q16889677	en	Yumu language
Q16889772	en	Praenestine language
Q16889772	en	Praenestinian
Q16889772	en	Praenestinian language
Q16889876	en	Maza language
Q16889925	en	Mango language
Q16889997	en	Jan Awei language
Q16890038	en	Paratio language
Q16890110	en	Menien language
Q16890729	en	Muangphe language
Q16890829	en	Lanuvian language
Q16890829	en	Lanuvine
Q16890829	en	Lanuvine language
Q16891606	en	Nimanbur language
Q16891606	en	Nimanburru language
Q16892094	en	Jandiatuba Mayoruna language
Q16892360	en	Jaquirana Remo language
Q16893055	en	Blanco River Remo language
Q16893603	en	Sepik Iwam language
Q16894595	en	Natingero language
Q168954	en	Tripoli Lebanon
Q16897028	en	Ngadjuri language
Q16901637	en	Mabenaro language
Q16905490	en	Tagalaka language
Q16906282	en	Nakrehé language
Q16909063	en	Olivença Kulina language
Q16909608	en	Tabatinga Mayoruna language
Q16909698	en	Ngubi language
Q16909966	en	Coixoma language
Q16909966	en	Koihoma language
Q16910017	en	Uainuma-Mariate laguage
Q16910249	en	Koki Naga language
Q16910269	en	Mure language
Q16910923	en	Kaera language
Q16911222	en	Jabal Razih language
Q16911222	en	Razihi language
Q16911222	en	Rāziḥī language
Q16911261	en	Guanaca language
Q16911396	en	Gujambal language
Q16911396	en	Guyambal language
Q16911431	en	Amazon Mayoruna language
Q16912048	en	Thaiphum Chin language
Q16912048	en	Thaiphum language
Q16915811	en	Auteco language
Q169160	en	Lesh (archaic)
Q169160	en	Lezha
Q16916143	en	Manga language
Q16916645	en	Aguachile language
Q16916645	en	Apolista
Q16916645	en	Apolista language
Q16917079	en	Poki language
Q16917497	en	Nyika language
Q16918160	en	Cashinawa of the Tarauacá river
Q16918160	en	Tarauacá Kashinawa language
Q16918315	en	Mpama language
Q16919227	en	Môa Nawa language
Q16919393	en	Asụsụ Jesuit-Maynas
Q16919393	en	Asụsụ Maynas
Q16919393	en	Asụsụ Rimachu
Q16919393	en	Jesuit-Maynas language
Q16919393	en	Maina
Q16919393	en	Mayna
Q16919393	en	Maynas language
Q16919393	en	Rimachu
Q16919393	en	Rimachu language
Q16919427	en	Nijadali
Q16919427	en	Nyiyaparli language
Q16919429	en	Pali language
Q16919822	en	Mondzi language
Q16919847	en	Drugchu language
Q16919847	en	Hbrugchu language
Q16919847	en	Zhugchu language
Q16919861	en	Fuping Zhuang
Q16919861	en	Fuping Zhuang language
Q16919861	en	Pyang Zhuang language
Q16920253	en	Cariay language
Q16920253	en	Kariaí language
Q16920653	en	Ngayawung language
Q16920700	en	Northern Transvaal Ndebele
Q16920700	en	Sumayela Ndebele language
Q169226	en	Sgt. Pepper's
Q169247	en	City of Doboj
Q169247	en	Municipality of Doboj
Q16926155	en	Magɨyi language
Q16927208	en	Goo language
Q16927555	en	Esuma language
Q16928162	en	Kali language
Q16928284	en	Gserpa language
Q16930605	en	Chiriba language
Q16930605	en	Chiriva language
Q16931662	en	Sinixt dialect
Q16934650	en	Samadu
Q16934650	en	Samatu language
Q16934711	en	Marrett River language
Q16934711	en	Tartalli language
Q16934711	en	Urratjingu
Q16934745	en	Gbin language
Q16935551	en	Sörsörian language
Q16937048	en	Doni language
Q16937048	en	Keiga Jirru language
Q16937754	en	Ayoman language
Q16938029	en	Abodja
Q16938029	en	Wik Paach language
Q16938541	en	Dappil language
Q16938789	en	Navwien language
Q16939267	en	Manda-Matumba language
Q16939373	en	Mur Pano language
Q16939552	en	Magoma language
Q16941271	en	Naati language
Q16941271	en	Nāti language
Q16943542	en	Nhlangwini language
Q16945580	en	Gwara language
Q16945613	en	West Nyala language
Q16946370	en	Lu language
Q16946370	en	Luren language
Q16947	en	Tongji
Q16947	en	Tóngjì Dàxué
Q169478	en	Matlab
Q169478	en	Matrix Laboratory
Q16948429	en	Yiman language
Q16954400	en	Darumbal language
Q16954400	en	Dharumbal language
Q16954400	en	Guwinmal language
Q16955	en	Qinghua
Q16955	en	Qinghua University
Q16955	en	THU
Q16955	en	Tsinghua
Q16955	en	Tsinghua College
Q16955	en	Tsinghua School
Q16957192	en	Zhongu Tibetan language
Q16960599	en	Dhungaloo language
Q16963389	en	Aveteian language
Q16964423	en	Ndwa'ngith language
Q16978087	en	Pirriya language
Q16979655	en	Yao language
Q16979655	en	Yebarana language
Q16999095	en	Lavu language
Q16999095	en	Lavu-Yongsheng-Talu language
Q16999095	en	Talu
Q16999095	en	Talu 他鲁
Q17	en	Iapan
Q17	en	Iapon
Q17	en	Land of Rising Sun
Q17	en	Land of the Rising Sun
Q17	en	Nihon-koku
Q17	en	Nippon-koku
Q17	en	State of Japan
Q17002115	en	Damu language
Q17002646	en	Bainounk Gubeeher
Q170027	en	Lond.
Q170027	en	London University
Q17007626	en	Laze language
Q17011270	en	Mơ Piu
Q17011619	en	Luthigh language
Q17012020	en	Marbal dialect
Q17012020	en	Marbul
Q170263	en	Chester, Cheshire
Q170263	en	Chester, England
Q170313	en	Nelspruit (formerly)
Q170457	en	Aydin
Q17046415	en	Faihriem language
Q17046415	en	Saihriem language
Q17046415	en	Syriem language
Q17051429	en	Colac
Q17051429	en	Gulidjan language
Q17051429	en	Kolakngat language
Q17052493	en	Nam language
Q170532	en	Amas(e)ia
Q170532	en	Amaseia
Q170532	en	Amasya City
Q170532	en	Mint of Amas(e)ia
Q17053237	en	Lungalunga language
Q170564	en	Terminator 2
Q170564	en	Terminator 2 – Judgement Day
Q17059380	en	Yirandali language
Q17059380	en	Yirandhali language
Q17064263	en	Katchal language
Q170688	en	Santa Cruz
Q170688	en	SCS
Q170693	en	Keflavik
Q1707319	en	Tusya language
Q1707319	en	Win
Q1707319	en	Wín
Q1708709	en	Josip Juraj Strossmayer University of Osijek
Q1708709	en	Osijek University
Q1708709	en	Sveučilište J.J. Strossmayera
Q170919	en	Phatthaya
Q17093766	en	Ngangela language
Q1709572	en	RUPP
Q17096251	en	Longjia language
Q171031	en	Isparta City
Q171080	en	Kotor, Montenegro
Q17111558	en	Seroa
Q17111558	en	Vaal–Orange language
Q1711558	en	Plymouth University
Q171223	en	Nyiregyhaza
Q17142957	en	Sutaio language
Q17145521	en	Santee language
Q17152586	en	Nzadi language
Q171632	en	Maracaibo, Venezuela
Q171632	en	Maracaibo, Zulia
Q171632	en	Maracaybo
Q171764	en	Ahmadiyya Muslim Association
Q171764	en	Ahmadiyya Muslim Community
Q171764	en	Ahmadiyya Muslim Jama'at
Q171764	en	Ahmadiyya Muslim Jamaat
Q171764	en	Ahmadiyyat
Q171764	en	AMA
Q171764	en	AMC
Q171764	en	AMJ
Q171764	en	Islam Ahmadiyya
Q171764	en	Islam Ahmadiyyat
Q171771	en	BBSR
Q171771	en	Bhubaneshwar
Q171810	en	Alaya
Q171810	en	Coracesium
Q1718656	en	Politechnika Warszawska
Q1718656	en	Warsaw Polytechnic
Q1718656	en	WUT
Q1719466	en	Panevezys
Q172	en	City of Toronto
Q172	en	Hogtown
Q172	en	T-O
Q172	en	The 416
Q172	en	The Six
Q172	en	Toronto, Canada
Q172	en	Toronto, ON
Q172	en	Toronto, Ontario
Q172157	en	unparished part of Winchester
Q172157	en	Winchester (unparished area)
Q172157	en	Winchester, Hampshire
Q172157	en	Wintanceaster
Q172241	en	Shawshank
Q172241	en	Shawshank Redemption
Q172343	en	Rafa
Q172343	en	Rafaḥ
Q172343	en	Rafah City
Q172343	en	Raphia
Q172343	en	Raphiah
Q1725075	en	NMBU
Q17284874	en	Central Gelao-Qau
Q17284874	en	Gao Gelao
Q17284874	en	Qau language
Q1728622	en	UC Merced
Q1728622	en	UCM
Q1728622	en	ucmerced.edu
Q1728622	en	University of California
Q1728622	en	University of California Merced
Q172975	en	Departed
Q172996	en	George Town, Cayman Islands
Q172996	en	Georgetown
Q173037	en	Miaojie
Q173037	en	Nikolaevsk-on-Amur
Q173121	en	Queretaro
Q173121	en	Querétaro
Q173121	en	Queretaro City
Q173121	en	Querétaro City
Q173121	en	Santiago de Queretaro
Q17319726	en	Mandijildjara
Q17319726	en	Manjiljarra
Q17319726	en	Mantjiltjara
Q17319726	en	Manyjilyjarra dialect
Q17319822	en	Budidjara
Q17319822	en	Budijarra
Q17319822	en	Bududjara
Q17319822	en	Paodudjara
Q17319822	en	Patudja
Q17319822	en	Pawutudjara
Q17319822	en	Potidjara
Q17319822	en	Puditara
Q17319822	en	Purdi-tara
Q17319822	en	Putijarra dialect
Q17319822	en	Putujara
Q173270	en	Vera Cruz
Q173270	en	Veracruz, Mexico
Q173270	en	Veracruz, Veracruz, Mexico
Q1733	en	MD
Q173310	en	Karkuk
Q173310	en	Kerkûk
Q1735	en	Innsbruck Stadt
Q1735	en	Landeshauptstadt Innsbruck
Q173532	en	Byblus
Q173532	en	Geval
Q173532	en	Gubla
Q173532	en	Gval
Q173532	en	Jubayl
Q173532	en	Mint of Byblus
Q173545	en	Epiphanea
Q173545	en	Epiphaneia, Syria
Q173545	en	Epiphania
Q173545	en	Hamah
Q173545	en	Hamath
Q173545	en	Mint of Epiphaneia, Syria
Q173690	en	Gjirokaster
Q173731	en	Gajani
Q173731	en	Ghuzni
Q1737734	en	Keele University
Q17379638	en	Amarar
Q173985	en	Lyallpur
Q174	en	Sao Paulo
Q174	en	São Paulo city
Q174060	en	Elaziz
Q174060	en	Elazığ City
Q174060	en	Harput
Q174060	en	Mamuretülaziz
Q1740805	en	Colombia-Ecuador Quechua IIB
Q1740805	en	Kichwa
Q1740805	en	quechua
Q1740805	en	Quichua
Q174158	en	Al-Jami'ah al-Ibriyyah fi al-Quds
Q174158	en	Ha-Universita ha-Ivrit bi-Yerushalayim
Q174158	en	ha-Universiṭah ha-ʻIvrit bi-Yerushalayim
Q174158	en	Hebrew University
Q174158	en	HUJI
Q174158	en	The Hebrew University of Jerusalem
Q1742604	en	Lapin korkeakoulu
Q1742604	en	Lapin yliopisto
Q1742604	en	Lapland University
Q1742604	en	ulapland.fi
Q1742604	en	University of Rovaniemi
Q174262	en	Parish of St Peter Port
Q174262	en	St Peter Port
Q174262	en	St. Peter Port
Q174341	en	Alexandretta
Q174341	en	Iskenderun
Q174341	en	Scanderoon
Q17438312	en	Besawunena language
Q17442461	en	Western Meohang language
Q17442461	en	Western Mewahang
Q17478065	en	Missionary Guarani
Q17478065	en	Old Guarani
Q17478066	en	gug
Q1747811	en	Nunggubuyu language
Q1748	en	Copenhagen, Denmark
Q1748	en	CPH
Q1748	en	Hafn
Q1748	en	KBH
Q1748	en	Kbh.
Q1748	en	Kobenhavn
Q1748	en	Köbenhavn
Q1748	en	København
Q1748	en	Kopenhagen
Q174841	en	BASICA
Q1752043	en	Riyadh University
Q17522631	en	Baza
Q17522631	en	Mongwandi
Q17522631	en	Ngwandi
Q17522631	en	Northern Ngbandi language
Q17522635	en	Southern Ngbandi language
Q17523694	en	Gwak language
Q17523694	en	Jar
Q17523694	en	Jaracin Kasa
Q17523694	en	Jaranchi
Q17523694	en	Jaranci
Q17523694	en	Jarancin Kasa
Q17523694	en	Jarawa
Q17523694	en	Jarawan Jarawan Bangim  Bununu
Q17523694	en	Jarawan Kasa
Q17523697	en	Bankal language
Q17523697	en	Bankala
Q17523697	en	Bankalanci
Q17523697	en	Baranci
Q17523697	en	Jaranchi
Q17523697	en	Jaranci
Q17523697	en	Jarancin Kasa
Q17523697	en	Jarawa
Q17523697	en	Jarawan Kasa
Q17523697	en	Zhar
Q175241	en	UAntwerp
Q175241	en	uantwerpen.be
Q175241	en	Universiteit Antwerpen
Q1752712	en	NCU
Q1752712	en	Nicolaus Copernicus University
Q1752712	en	UMK
Q1752712	en	umk.pl
Q1752712	en	Uniwersytet Mikołaja Kopernika w Toruniu
Q1753738	en	ST
Q1753738	en	STX
Q1754	en	Sthlm
Q1754	en	STHLM
Q1756018	en	MASM
Q1757	en	Helsingfors
Q1757	en	Helsingia
Q1757	en	Helsingin kaupunki
Q1757	en	Hesa
Q1757	en	Stadi
Q1758009	en	Gdańsk University
Q1758009	en	ug.edu.pl
Q1758009	en	University of Gdansk
Q1758009	en	Uniwersytet Gdański
Q17584381	en	Kumalu language
Q17588918	en	Humla Bhotiya
Q17588918	en	Humla language
Q17588918	en	Humla Tibetan
Q17588918	en	Humla Tibetan language
Q17588918	en	Humli Tamang
Q1764	en	Reykjavik
Q1764	en	Reykjavikurborg
Q1764	en	Reykjavíkurborg
Q1768321	en	Lucumi
Q1768321	en	Lucumi language
Q1771717	en	pdx.edu
Q1771717	en	Portland State College
Q17738	en	1977 Star Wars
Q17738	en	A New Hope
Q17738	en	Star Wars
Q17738	en	Star Wars IV
Q17738	en	Star Wars: A New Hope
Q17738	en	Star Wars: Episode IV
Q17738	en	Star Wars: Episode IV A New Hope
Q17738	en	Star Wars: Episode IV: A New Hope
Q1775596	en	Ibanag language
Q1775596	en	Ibanak
Q1775596	en	Ybanag
Q1776032	en	Hill Mari language
Q1776032	en	Western Mari
Q1778689	en	UDD
Q177943	en	Madonna: The First Album
Q1779923	en	Borland Paradox
Q1779923	en	Corel Paradox
Q1779923	en	Corel Paradox 8
Q1779923	en	Paradox 8
Q1779923	en	Paradox Database 8
Q1780	en	Presburg
Q1780	en	Pressburg
Q178067	en	Tamatave
Q1782980	en	Unilag
Q1782980	en	UNILAG
Q1782980	en	unilag.edu
Q178405	en	Larisa
Q178405	en	Lárisa
Q178405	en	Larissa, Thessaly
Q178405	en	Mint of Larissa, Thessaly
Q178405	en	Yenişehir
Q17856	en	Ballaarat
Q17856	en	Ballarat, Victoria
Q17856	en	Ballarat, Victoria, Australia
Q17856	en	Greater Ballarat
Q1788342	en	RGU
Q1788342	en	Robert Gordon University
Q1788342	en	Robert Gordon's College
Q1788342	en	Robert Gordon's Hospital
Q1788342	en	Robert Gordon's Institute of Technology
Q1788342	en	Robert Gordon's Technical College
Q178835	en	Baalbec
Q178835	en	Baalbeck
Q178835	en	Balbec
Q178835	en	Heliopolis
Q178835	en	Mint of Heliopolis
Q179046	en	Fatehpur Sikri Old
Q179046	en	Fatepur Sikri
Q179046	en	Fathpur Sikri
Q179046	en	Futtehpore Sikri
Q179046	en	Futtipoor Seehnee
Q179046	en	Futtipoor Sicri
Q179046	en	Futty Poor Sicri
Q179046	en	Futtypore Sicri
Q179046	en	Old Fatehpur Sikri
Q179351	en	City of Westminster, London, England
Q179351	en	Westminster
Q1795928	en	KAU
Q1795928	en	King Abdul Aziz University
Q179815	en	Durham City
Q179815	en	Durham, England
Q1800	en	Cochin
Q1800	en	Kochi, India
Q180233	en	Björneborg
Q180233	en	Porin kaupunki
Q180294	en	Japho
Q180294	en	Joppa
Q180294	en	Yafa
Q180294	en	Yafo
Q180522	en	Akaba
Q180522	en	Al Aqaba
Q180522	en	al-ʻAqabah
Q180522	en	ʻAqabah
Q180775	en	10/80
Q180775	en	1080
Q180775	en	Little Manchester
Q180775	en	Meuilebeik
Q180775	en	Meuilebeik-Saint-Jean
Q180775	en	Meulebeik
Q180775	en	Meulebeik-Saint-Jean
Q180775	en	Molem
Q180775	en	Molen
Q180775	en	Molenbeek
Q180775	en	Molenbek
Q180775	en	Sint-Jans-Molenbeek
Q180803	en	Truro civil parish
Q180803	en	Truro CP
Q180803	en	Truro, Cornwall
Q180803	en	Truru
Q180810	en	Mcxeta
Q180810	en	Mtshoeta
Q180810	en	Mzcheta
Q180810	en	Mzheta
Q1808326	en	SQU
Q180945	en	Arevmdahayeren
Q180945	en	Arevmdahayerēn
Q180945	en	Arewmtahayerên
Q180945	en	Western Armenian language
Q181037	en	Geg
Q181037	en	Gegnisht
Q181037	en	Gheg Albanian
Q181069	en	Attack of the Clones
Q181069	en	Star Wars: Episode II -- Attack of the Clones
Q1811224	en	Ari language
Q181177	en	Cranfield Institute of Technology
Q181177	en	University of Cranfield
Q18125	en	Capital of the North
Q18125	en	Cottonopolis
Q18125	en	Madchester
Q18125	en	Manchester, England
Q18125	en	Manchester, Lancashire
Q18125	en	Manchester, UK
Q18125	en	Warehouse City
Q181379	en	Osmaniye City
Q1815205	en	Ticuna language
Q1815205	en	Tikuna
Q181557	en	City of Kaohsiung
Q181557	en	Gaosyong
Q181557	en	Gaoxiong
Q181557	en	Kaohsiung City
Q181557	en	Ta-kaô
Q181557	en	Tá-káu
Q181557	en	Takao
Q181557	en	Takaô
Q181557	en	Takow
Q181557	en	TW-KHH
Q1815830	en	Negro-Dutch
Q18168288	en	Kadiwéu
Q18168288	en	Kadiweu language
Q1817355	en	Lviv Polytechnic National University
Q1817355	en	National University “Lviv Polytechnic”
Q181795	en	Star Wars 5
Q181795	en	Star Wars Episode V: The Empire Strikes Back
Q181795	en	Star Wars V
Q181795	en	Star Wars: Episode V The Empire Strikes Back
Q181795	en	The Empire Strikes Back
Q181803	en	Return of the Jedi
Q181803	en	Star Wars: Episode VI Return of the Jedi
Q181854	en	Lappstrand
Q181854	en	Villmanstrand
Q181966	en	Napa
Q182009	en	Rodosto
Q182009	en	Tekfur Dagh
Q182009	en	Tekirdag
Q182025	en	Aksaray City
Q18202981	en	Google Blockly
Q182059	en	Comassie
Q182059	en	Coomassie
Q182059	en	Kumase
Q182218	en	Avengers
Q182218	en	Avengers Assemble
Q182218	en	Marvel Avengers Assemble
Q182218	en	Marvel's The Avengers
Q182299	en	Canea
Q182299	en	Chaniá
Q182299	en	Haniá
Q182299	en	Hanya
Q182481	en	Terkoeje
Q182481	en	Toerkonje
Q182481	en	Tourco
Q182518	en	'''A Hard Day's Night'''
Q182692	en	Apocalypse Now Final Cut
Q1828035	en	Lisburn, Northern Ireland
Q182973	en	Iowa University
Q182973	en	State University of Iowa
Q182973	en	The University of Iowa
Q182973	en	U of I
Q182973	en	UI
Q182973	en	UIowa
Q182973	en	uiowa.edu
Q182973	en	Univ. of Iowa
Q183	en	Federal Republic of Germany
Q183124	en	Cbba
Q183124	en	Cocha
Q183124	en	La Llajta
Q183199	en	Yannena
Q183405	en	Asfi
Q183405	en	Saffi
Q18343036	en	Kioko language
Q18343041	en	Kompane language
Q18344310	en	Kómnzo language
Q183551	en	Waterford City
Q183551	en	Waterford, Ireland
Q183584	en	Lan-chou
Q183584	en	Lan-chou-fu
Q183584	en	Lan-chow
Q183584	en	Lan-chow-fu
Q183584	en	Lanchow
Q183584	en	Lantcheou
Q183651	en	Dazimon
Q183651	en	Tokat City
Q18379975	en	East Xwla
Q18379975	en	East Xwla language
Q18379975	en	Eastern Xwla Gbe
Q18385114	en	Central Grebo language
Q18390055	en	Lindu language
Q184	en	Belorussia
Q184	en	Bielaruś
Q184	en	Bielorussia
Q184	en	by
Q184	en	Byeloruss
Q184	en	Byelorussia
Q184	en	Republic of Belarus
Q184	en	Respublika Belarus'
Q184	en	Respublika Bielaruś
Q184	en	White Russia
Q184	en	White Ruthenia
Q184163	en	Colchester (parish)
Q1842	en	City of Luxembourg
Q1842	en	Luxembourg City
Q1842	en	Luxemburg
Q1844620	en	Santa María La Alta Nahuatl language
Q1844993	en	Besïro
Q1844993	en	Bésɨro
Q1844993	en	Chiquitano language
Q1844993	en	Tarapecosi
Q1845148	en	Zemba language
Q184539	en	Cotyora
Q184539	en	Kotyora
Q18457536	en	Northern Gondi language
Q18468761	en	CiUtee
Q184768	en	Godfather Part II
Q184768	en	The Godfather, Part II
Q1848	en	City of San Marino
Q18487451	en	East Masela language
Q1850416	en	MNRJ
Q1850416	en	Museu Nacional / UFRJ
Q1850416	en	Museu Nacional/Universidade Federal do Rio de Janeiro
Q1850416	en	National Museum of Brazil
Q1850416	en	National Museum of the UFRJ, in Brazil
Q1850416	en	National Museum of the UFRJ, in Rio de Janeiro, Brazil
Q185084	en	Siirt City
Q185134	en	Tilimsen
Q185156	en	Guantanamo
Q185157	en	Commune of Tetouan
Q185157	en	Commune of Tétouan
Q185157	en	Tetouan
Q185157	en	Tetouan Commune
Q185157	en	Tétouan Commune
Q185157	en	Tettawen
Q185157	en	Tettawin
Q185157	en	Titwan
Q185246	en	University of Uppsala
Q185246	en	Uppsala universitet
Q185246	en	uu.se
Q185280	en	Baia-Mare
Q185280	en	Baja Mare
Q185280	en	Frauenbach
Q185280	en	Nagybana
Q185280	en	Nagybanya
Q185280	en	Nagybánya
Q185336	en	Sugdidi
Q1854	en	Gia Định
Q1854	en	HCM City
Q1854	en	HCMC
Q1854	en	Ho Chi Minh
Q1854	en	Hôchiminh Ville
Q1854	en	Prey Nokor
Q1854	en	Sai Gon
Q1854	en	Sài Gòn
Q1854	en	Saigon
Q1854	en	Saïgon
Q1854	en	Thành Phố Hồ Chí Minh
Q1854	en	Thành-Phô Hồ Chí Minh
Q18544857	en	Southern Nuaulu language
Q185453	en	Mooltan
Q185453	en	Moultan
Q185518	en	Ratanapura
Q185518	en	Yadanabon
Q18569	en	Doolish
Q18569	en	Douglas, Isle of Man
Q1857773	en	UCLan
Q1857773	en	University of Central Lancashire
Q1860	en	English (language)
Q1860	en	English language
Q18603687	en	Sepa language
Q18609750	en	East Tarangan language
Q1861	en	Bangkok, Thailand
Q1861	en	Krung Thep
Q1861	en	Krung Thep Maha Nakhon
Q1861	en	Krungthepmahanakhon Amonrattanakosin Mahintharayutthaya Mahadilokphop Noppharatratchathaniburirom Udomratchaniwetmahasathan Amonphimanawatansathit Sakkathattiyawitsanukamprasit
Q1861	en	Sia-Yut'hia
Q186182	en	Bhagsu
Q186182	en	Dharamsala
Q186182	en	Dharamshala, Himachal Pradesh
Q186234	en	al-Kūfa
Q18638319	en	Central Melanau language
Q18642280	en	Kota Marudu Tinagas language
Q18642293	en	Minokok language
Q18642842	en	Sibu language
Q18642842	en	Sibu Melanau
Q18644464	en	Eastern Lawa language
Q18644465	en	Western Lawa language
Q1865	en	Federal Territory of Kuala Lumpur
Q1865	en	K.L.
Q1865	en	KL
Q18664462	en	Libon Bikol language
Q18664494	en	Buhi Bikol language
Q18664494	en	Buhi'non
Q18664494	en	Buhi'non Bikol
Q18664557	en	Miraya Bikol language
Q1867	en	City of Taipei
Q1867	en	Tai Pei
Q1867	en	Tâi-pak
Q1867	en	Taibei
Q1867	en	Taihoku
Q1867	en	Taipak
Q1867	en	Taipei City
Q1867	en	Tanshoui
Q1867	en	The City of Azaleas
Q1867	en	Thòi-pet
Q1867	en	Thoipet
Q18748212	en	Ibatan language
Q18748222	en	Amganad language
Q18748222	en	Ifugao Amganad
Q18748761	en	Maeng Itneg language
Q18748769	en	Masadiit Itneg language
Q18748906	en	Kalagan language
Q18748913	en	Kagan Kalagan language
Q18753300	en	Butbut Kalinga language
Q18753300	en	Kalinga Butbut language
Q18753301	en	Southern Kalinga language
Q18753303	en	Limos Kalinga language
Q18753304	en	Mabaka Valley Kalinga language
Q18753305	en	Madukayang
Q18753305	en	Majukayang Kalinga language
Q18753307	en	Tanudan Kalinga language
Q18753329	en	Kan2aey
Q18753329	en	Kankana-ey
Q18753329	en	Kankana-ey language
Q18753329	en	Kankanaëy
Q18753329	en	Kankanaey language
Q18753329	en	Kankanay language
Q18753329	en	kne
Q18755523	en	Dibabawon Manobo language
Q18755610	en	South Sorsoganon language
Q18755610	en	Southern Sorsogon
Q18755610	en	Southern Sorsogon language
Q18755610	en	Waray Sorsoganon
Q18755617	en	Kolibugan Subanen language
Q18756514	en	Tagakaulo language
Q18756514	en	Tagakaulu Kalagan
Q18757427	en	Eastern Tawbuid language
Q1875885	en	Ambai language
Q187861	en	Wollongong, New South Wales
Q187861	en	Wollongong, New South Wales, Australia
Q187895	en	Sandraka
Q187895	en	Sandrake
Q187895	en	Zonguldak City
Q188022	en	Maride
Q188022	en	Moha
Q18808	en	Capital of Revolution
Q18808	en	P’yŏng-yang
Q18808	en	Pyeongyang
Q18808	en	Ryugyong
Q1882071	en	M
Q1882071	en	Massachusetts General Hospital Utility Multi-Programming System
Q1882071	en	Multi-User Multi-Programming System
Q188336	en	Tzefat
Q188336	en	Tzfat
Q188336	en	Zefat
Q188336	en	Zfat
Q188370	en	Marquette College
Q188370	en	MarquetteU
Q188436	en	ALGO rithmic L anguage
Q188531	en	Obj-C programming language
Q188531	en	Objc
Q188531	en	Objective C programming language
Q188531	en	Objective-C (programming language)
Q188531	en	Objective-C programming language
Q188693	en	Kubula
Q1887879	en	St. Ignatius Academy (1855–1859)
Q1887879	en	St. Ignatius College (1859–1930)
Q1887879	en	USF
Q1887879	en	USFCA
Q1888771	en	Manchester Polytechnic
Q1888771	en	Manchester Polytechnic School of Theatre
Q1888771	en	MMU
Q1888771	en	The Manchester Metropolitan University
Q188894	en	Kütahya City
Q189	en	Icelandic republic
Q189	en	Isl.
Q189	en	Republic of Iceland
Q189	en	Ysland
Q189022	en	Central Technical College (London)
Q189022	en	ICL
Q189022	en	Imperial
Q189022	en	Imperial College
Q189022	en	Imperial College of Science and Technology
Q189022	en	Imperial College of Science, Technology and Medicine
Q189059	en	Mytilini
Q1891	en	Bologna, Italy
Q189128	en	Leon
Q189128	en	León
Q189128	en	Leon de Los Aldama
Q189128	en	León, Guanajuato
Q189133	en	Cairns, Australia
Q189133	en	Cairns, Queensland
Q189134	en	Uşak City
Q189138	en	Pitic
Q189157	en	Uciana
Q189157	en	Utenen
Q18935525	en	Nisvai language
Q189383	en	Dalmietta
Q189383	en	Damieta
Q189383	en	Damiette
Q189383	en	Dimyat
Q189383	en	Dimyāṭ
Q189383	en	Dumyat
Q189383	en	Dumyâṭ
Q189383	en	Tamiathis
Q189441	en	Academia Cracoviensis
Q189441	en	Academy of Krakow
Q189441	en	Academy of Kraków
Q189441	en	Akademia Krakowska
Q189441	en	Jagiellonian University in Kraków
Q189441	en	JU
Q189441	en	UJ
Q189441	en	UKrakow
Q189441	en	University of Cracow
Q189441	en	University of Kraków
Q189441	en	Uniwersytet Jagielloński
Q189546	en	Bizerta
Q189546	en	Hippo Diarrhytus
Q189546	en	Hippo Zarytus
Q189546	en	Mint of Hippo Diarrhytus
Q189697	en	Karabük City
Q189969	en	Dulcigno
Q189969	en	Ulqin
Q189969	en	Ulqini
Q190021	en	Gurambilbarra
Q190021	en	Townsville, Australia
Q190021	en	Townsville, Queensland
Q190050	en	FightClub
Q190165	en	Luang Phabang
Q190165	en	Լուանգպրաբանգ
Q190184	en	Gey
Q190184	en	Harär
Q190184	en	Harar Jugol
Q190184	en	Harar-Gey
Q190184	en	Harärgeyi
Q190184	en	Hararghe
Q190184	en	Harrar
Q190583	en	S:t Michel
Q190583	en	Sankt Michel
Q19059301	en	Chashan language
Q19059576	en	Thmon language
Q19059577	en	Mel-Khaonh language
Q19059578	en	Ra’ong language
Q190828	en	Petach Tikva
Q190828	en	Petach Tikvah
Q190828	en	Petah Tiqwa
Q190828	en	Petaḥ Tiqwa
Q190828	en	Petah-Tikva
Q190847	en	Alexandroupoli
Q190847	en	Dedeagach
Q191	en	ee
Q191	en	Eesti
Q191	en	Eesti Vabariik
Q191	en	Estland
Q191	en	Republic of Estonia
Q191047	en	Ilulisat
Q191047	en	Jacobshavn
Q191047	en	Jakobshavn
Q191170	en	Falluja
Q191204	en	Silemani
Q191204	en	Slemani
Q191204	en	Sulaimani
Q1915350	en	Matawai language
Q191718	en	Berberah
Q191764	en	Red Khmers
Q192176	en	Tighina
Q192213	en	Children's City
Q192225	en	Natāniyā
Q192225	en	Natanya
Q192225	en	Nathania
Q192225	en	Netanja
Q192235	en	City of the East
Q192235	en	Puerto Flor de Lis
Q192235	en	Puerto Presidente Stroessner
Q192379	en	Aijal
Q192508	en	Bergen-op-Zoom
Q192518	en	Old Walled City of Shibam
Q192518	en	the Chicago of the desert
Q192518	en	the Manhattan of the Middle East
Q192518	en	the oldest skyscraper city in the world
Q1928222	en	Modula3
Q192896	en	Carlisle (parish)
Q1929075	en	.pwn as another C++
Q192918	en	Sabrata
Q192918	en	Şabrātah
Q192980	en	Lamia (Greece)
Q192980	en	Mint of Lamia
Q193103	en	Herceg-Novi
Q1931221	en	Mag-Indi Ayta
Q1931221	en	Mag-indi language
Q193226	en	Porto Edda
Q193226	en	Santi Quaranta
Q193226	en	Saranda City
Q193229	en	Visoko, Federation of Bosnia and Herzegovina
Q193229	en	Visoko, Zenica-Doboj
Q193289	en	Capital of the peruvian amazon
Q193289	en	The branch of heaven
Q193289	en	The paradise of the amazon jungle
Q193289	en	The peruvian venice of the amazon
Q193367	en	Borgå
Q19344	en	Comuna de San Pedro de la Paz
Q193445	en	Artvin City
Q193452	en	Ard Mhacha
Q193452	en	Armagh (Northern Ireland)
Q193478	en	Ofen
Q193510	en	UNIPD
Q193510	en	Universita degli Studi di Padova
Q193510	en	Università degli Studi di Padova
Q193510	en	Universita di Padova
Q193510	en	Università di Padova
Q193510	en	University of Padova
Q193510	en	UPadua
Q19355	en	La vita e bella
Q19355	en	La vita è bella
Q193563	en	Bibliotheque nationale de France
Q193563	en	BnF
Q193563	en	BNF
Q193563	en	National library of France
Q193563	en	National Library of France
Q193787	en	Tan Ragh
Q193787	en	Tarogen
Q193787	en	Taurage
Q193787	en	Tauraģe
Q193787	en	Tauragie
Q193787	en	Taurik
Q193787	en	Taurogen
Q193787	en	Tauroggen
Q193787	en	Taurogi
Q193787	en	Tavrig
Q193787	en	Tavrik
Q193787	en	Tevrig
Q193787	en	Tovrig
Q193787	en	Таураге
Q193787	en	Таурогген
Q193787	en	Тауроги
Q1940803	en	Mitthogskolan
Q194146	en	Niğde City
Q194165	en	Arabella
Q194165	en	Arbela
Q1941682	en	Mocho
Q1941682	en	Mocho’ language
Q1941682	en	Mochoʼ
Q194445	en	CU
Q194445	en	cu.edu.eg
Q194445	en	Egyptian University
Q194445	en	Fuad I University
Q194445	en	King Fuad I University
Q194445	en	University of Cairo
Q1945756	en	SZU
Q19570729	en	Abai language
Q1957120	en	Mandan language
Q19571396	en	Dangana language
Q19571396	en	Kurmin Dangana language
Q19572028	en	Guazacapán language
Q19572028	en	Guazacapán Xinka
Q19572028	en	Xinca-Guazacapan language
Q19572059	en	Haraza language
Q19572305	en	Jogi language
Q19572452	en	Khir language
Q19572455	en	Khongsat language
Q19572979	en	Mel language
Q19573012	en	Millcayac language
Q19573111	en	Mullu Kurumba language
Q19573137	en	Muteun language
Q19573234	en	Nasvang language
Q19573402	en	Nuobi language
Q19573682	en	Phongku language
Q19573683	en	Phongset language
Q19573685	en	Phunyot language
Q1957508	en	Pinche
Q1957508	en	Pinchi
Q1957508	en	Taushiro language
Q1957612	en	Humurana
Q1957612	en	Maina
Q1957612	en	Mayna
Q1957612	en	Numurana
Q1957612	en	Omurano language
Q1957612	en	Roamaina
Q1957612	en	Umurano
Q195929	en	fbc
Q19597674	en	Laomian language
Q19597674	en	Lawmeh
Q19597676	en	Laopin language
Q19597677	en	Laoseng language
Q1961488	en	Biak language
Q1961488	en	Biak-Numfor
Q1961570	en	UET Lahore
Q1961570	en	University of Engineering & Technology
Q1961570	en	West Pakistan University of Engineering and Technology
Q196163	en	Labes
Q196163	en	Lobez
Q1962613	en	1st MSMU
Q1962613	en	First Moscow State Medical University
Q1962613	en	First MSMU
Q1962613	en	I.M. Sechenov First Moscow Institute of Medicine
Q1962613	en	Moscow State Medical University
Q1962613	en	Sechenov Moscow Medical Academy
Q1962613	en	Sechenov University
Q1963	en	Khartum
Q1964642	en	Kyrgyz National University named after Jusup Balasagyn
Q1965222	en	Moloko language
Q19689	en	Tiranë
Q19694214	en	mqm
Q19694214	en	South Marquesan language
Q1971400	en	Jopadhola
Q1971400	en	Ludama
Q1972050	en	UJ
Q1972050	en	uj.ac.za
Q1972721	en	Luleå University College
Q1972721	en	Lulea University of Technology
Q1975199	en	Dxana
Q1975199	en	Gana
Q1975199	en	Gana language
Q1975199	en	Gxana
Q1975199	en	Gǁana language
Q1975199	en	Xgana
Q1975199	en	ǁGana
Q197543	en	Chekiang University
Q197543	en	Zheda
Q197543	en	ZU
Q19755	en	IATA
Q19757551	en	Yambe language
Q19757590	en	Nterato language
Q19757590	en	Ntrapo language
Q19757823	en	Basum language
Q1976816	en	msh
Q1977419	en	Copper Island Aleut
Q1977419	en	Copper Island Creole
Q1977419	en	Medny Aleut language
Q1977419	en	Mednyj Aleut
Q1977429	en	Iwaidja language
Q197936	en	abe
Q197936	en	Abenaki language
Q197936	en	Abnaki
Q197936	en	Wôbanakiôdwawôgan
Q1979891	en	New University of Lisbon
Q1979891	en	Universidade Nova de Lisboa
Q1979891	en	UNL
Q1982248	en	Ancient Hebrew
Q1982248	en	Classical Hebrew
Q1982248	en	Ivrit Miqra'it
Q1982248	en	l
Q1982248	en	Leshon ha-Miqra
Q1982696	en	Bangime language
Q19830648	en	Northern One language
Q19830649	en	Kwamtim One language
Q19839846	en	Alingpo language
Q19840020	en	Cosao language
Q19840830	en	Situ language
Q19840950	en	Tshobdun language
Q19841092	en	Helambu Sherpa
Q19841092	en	Helambu Sherpa language
Q19841092	en	Hyolmo language
Q19841092	en	Lamjung-Melamchi Yolmo language
Q19841092	en	Yolmo language
Q19841106	en	Zbu language
Q19855028	en	Western Guangdong Hakka
Q19864441	en	BASL
Q19864441	en	Black ASL
Q19864441	en	Black Sign Variation
Q198650	en	Lodeva
Q198650	en	Luteva
Q19874842	en	Kandjerramalh language
Q19874842	en	Pungupungu language
Q19877481	en	Cahita
Q19877481	en	Cahita language
Q19877481	en	Cahitan languages
Q19877481	en	Kaíta
Q1988433	en	Leizhou Min Chinese
Q19893092	en	Seb Seliyer language
Q19894302	en	Quang Lam language
Q1989628	en	DNU
Q1989628	en	Oles Honchar Dnipropetrovsk National University
Q198989	en	Aqtau
Q1990210	en	Labir language
Q1990659	en	Kaitag language
Q1990659	en	Kajtak language
Q1990659	en	Kaytag
Q1990659	en	Kaytak
Q1990659	en	Kaytak language
Q19921576	en	Northern Kissi dialect
Q19921582	en	Southern Wee dialect
Q19921582	en	Wè Southern
Q199500	en	Alexandropol
Q199500	en	Gümrü
Q199575	en	Ağrı City
Q199575	en	Karaköse
Q199712	en	Çanakkale City
Q199723	en	Balikesir
Q1998811	en	North West University
Q1998811	en	NWU
Q1998811	en	nwu.ac.za
Q1998811	en	University of Bophuthatswana
Q199909	en	Kerbela
Q20	en	Kingdom of Norway
Q200019	en	Blue City
Q200019	en	Jodhana
Q200019	en	Sun City
Q200028	en	H-Town
Q200028	en	Hamilton City
Q200028	en	Hamilton, New Zealand
Q200028	en	Hamiltron
Q200028	en	Kirikiriroa
Q200028	en	The Fountain City
Q200028	en	The Tron
Q200030	en	Latakiyah
Q200030	en	Lattaki
Q200036	en	Vólos
Q200049	en	Ajaymeru
Q200049	en	Ajmer City
Q200049	en	Ajmer sarif
Q200119	en	Oojein, Malwa
Q200119	en	Ujjayini
Q200119	en	Ujjayinī
Q200133	en	Chalcis
Q200133	en	Chalkis (Řecko)
Q200166	en	Kitchener, ON
Q200166	en	Kitchener, Ontario
Q2002420	en	Örebro Universitet
Q2002619	en	Nottingham Polytechnic
Q2002619	en	NTU
Q2002619	en	The Nottingham Trent University
Q2002619	en	Trent Polytechnic
Q2004114	en	Plekhanov Russian University of Economics
Q20050949	en	East Kewa language
Q20054210	en	Lamé
Q20054210	en	Ngeté-Herdé language
Q20054484	en	Northern Haida dialect
Q2005511	en	Fort Hare University
Q2005511	en	UFH
Q2005511	en	ufh.ac.za
Q20059806	en	Grenadian Creole
Q200713	en	Aurangābād
Q200713	en	Chhatrapati Sambhajinagar
Q200718	en	Bekaner
Q20080327	en	Nim programming language
Q20080327	en	Nimrod
Q200805	en	Aguascalientes
Q2008062	en	Coahuilteco language
Q200872	en	'' Wish You Were Here ''
Q200878	en	Jubbulpore
Q200908	en	Resmo
Q200908	en	Rethymnon
Q200951	en	Bolu City
Q201051	en	Rishon LeTziyon
Q201051	en	Rishon LeZiyyon
Q201051	en	Riˀšon l Çiyon
Q201095	en	Cerasonte
Q201095	en	Giresun City
Q201101	en	Rhizaeum
Q201101	en	Rhizaion
Q201101	en	Rhizus
Q201101	en	Risinium
Q201101	en	Rize City
Q201101	en	Rizeon
Q201214	en	Cieszyn Silesian
Q201214	en	Cieszyn Silesian dialect
Q20162127	en	Kickapoo language
Q201832	en	Aligarh, Uttar Pradesh
Q201832	en	Allygurh
Q201832	en	Coel
Q201832	en	Col
Q201832	en	Kol
Q201832	en	Ramgarh
Q201832	en	Ramghur
Q201940	en	Four Symbols
Q201940	en	Led Zeppelin 4
Q201940	en	Led Zeppelin Four
Q201940	en	Runes
Q201940	en	The Fourth Album
Q201940	en	Untitled
Q201940	en	ZoSo
Q20210398	en	North Tairora language
Q20210553	en	South Tairora language
Q202158	en	Hameenlinna
Q202158	en	Tavastehus
Q202162	en	Aba City
Q202162	en	Aba, Nigeria
Q202188	en	Ardahan City
Q202195	en	Dersim
Q202195	en	Tunceli City
Q2027503	en	Armenian-Kipchak
Q2027503	en	Armenian-Qypchak language
Q2027503	en	Armeno-Kipchak
Q2027503	en	Armeno-kiptchak
Q2028448	en	Lemerig language
Q2028772	en	Shiriana language
Q2028772	en	Xiriana
Q2028772	en	Xiriâna
Q202973	en	Kingston, ON
Q202973	en	Kingston, Ontario
Q2030	en	Frobisher Bay
Q2030	en	Iqaluit, NU
Q2030	en	Iqaluit, Nunavut
Q203000	en	Fair City
Q203000	en	Pairth
Q203000	en	Peairt
Q203000	en	Perth, Perth and Kinross
Q2030998	en	Cuitlatec language
Q2030998	en	Cuitlateco
Q2031144	en	Urak Lawoi'
Q2031144	en	Urak Lawoi’ language
Q20312391	en	Bantang language
Q203197	en	Mahanuwara
Q2032882	en	Jukude
Q2032882	en	Mako
Q2032882	en	Maku language of Auari
Q2032882	en	Maku-Auari
Q203299	en	al-Faiyūm
Q203299	en	Crocodilopolis
Q203299	en	el-Faiyum
Q203299	en	el-Fayoum
Q203299	en	Faiyūm
Q203299	en	Fajjum
Q203299	en	Fajum
Q203299	en	Fayoum
Q203299	en	Fayum
Q203299	en	Fayyoum
Q203299	en	Fayyum
Q203299	en	Krokodilopolis
Q203299	en	Krokodiloupolis
Q203299	en	Madīnat al-Faiyūm
Q203299	en	Madinat al-Fayyum
Q203299	en	Medinet-el-Fayoum
Q203370	en	Ayutthaya
Q203370	en	Phra Nakhon Si Ayutthaya City Municipality
Q203380	en	Napier, New Zealand
Q203476	en	Port Blair
Q203476	en	Sri Vijay Puram
Q203476	en	Sri Vijaya Puram
Q203675	en	Mazeikiai
Q203995	en	Southend
Q203995	en	Southend on Sea
Q204181	en	Dorpat University
Q204181	en	Tartu University
Q204181	en	UT
Q204181	en	Yurev University
Q204181	en	Yuryev University
Q204234	en	Milton Keynes, Buckinghamshire
Q204266	en	Toyama-shi
Q204271	en	San Luis Potosi
Q20430250	en	Bucovinean Romanian dialect
Q204434	en	Bihac
Q204439	en	Alamein
Q204457	en	Bergen University
Q204457	en	UiB
Q204457	en	Universitas Bergensis
Q204457	en	Universitetet i Bergen
Q204626	en	Hitotsubashi daigaku
Q204693	en	Karel the Robot
Q20471677	en	Old Turkmen language
Q204720	en	City of Hereford
Q204720	en	Hereford, Herefordshire
Q204905	en	Eleusina
Q204905	en	Eleusis
Q205119	en	Caxamarca
Q20526532	en	Kaure language
Q20526532	en	Kaureh
Q2052676	en	Perl 6
Q2052676	en	Perl6
Q20527242	en	Tepeuxila Cuicatec language
Q2053828	en	Dhao language
Q2053828	en	Ndaonese
Q2053828	en	Ndau
Q2053828	en	Ndaundau
Q2053913	en	=/Hua
Q2053913	en	ǂHȍã
Q2053913	en	ǂHoan
Q2053913	en	ǂHû
Q2053913	en	ǂHua
Q2053913	en	ǂHûân
Q2055	en	Whitehorse, YT
Q2055	en	Whitehorse, Yukon
Q20572404	en	UFAZ
Q205792	en	Tamanghasset
Q205792	en	Tamenghest
Q205792	en	Tamenɣest
Q20580460	en	Kyirong language
Q205832	en	Kerkyra
Q205905	en	Lancaster, England
Q205905	en	Lancaster, Lancashire
Q205942	en	Yalova City
Q205979	en	Sogdian language
Q2060023	en	Jabuti
Q206040	en	Mercury programming language
Q20607	en	Umpqua language
Q20607	en	Upper Umpqua language
Q20609	en	Nicola language
Q2061	en	Yellowknife, Northwest Territories
Q2061	en	Yellowknife, NWT
Q20613396	en	Sādhu Bhāṣā
Q20613396	en	Sanskritised Bengali
Q20613396	en	Sanskritized Bengali
Q20614	en	Carrier language
Q20614	en	Dakelh
Q20614	en	Dakelh language
Q20627	en	Coquille
Q20627	en	Dotodəni
Q20627	en	Lower Rogue River
Q20627	en	Rogue River
Q20627	en	Tutudin
Q20628	en	North Slavey language
Q20628	en	Sahtuca
Q20628	en	scs
Q20639851	en	Kenzi language
Q20639851	en	Mattokki
Q2064378	en	Pauna
Q2064378	en	Pauna language
Q2064378	en	Paunaca
Q2064378	en	Paunaca language
Q2064378	en	Paunaka language
Q206484	en	Egba
Q2065666	en	London Institute
Q2065666	en	UAL
Q2065666	en	University of Arts London
Q20658262	en	Asuo language
Q206687	en	Nelson City
Q206687	en	Nelson, New Zealand
Q206702	en	Uni Zurich
Q206702	en	Uni Zürich
Q206702	en	Universitat Zurich
Q206702	en	Universität Zürich
Q206702	en	University of Zürich
Q206702	en	UZH
Q206702	en	uzh.ch
Q206760	en	Girne
Q206760	en	Kato Kyrenia
Q206760	en	Kato Kyrenia Northern Cyprus
Q206760	en	Kato Kyrenia, Northern Cyprus
Q206760	en	Keryneia
Q206760	en	Kyrèneia
Q206760	en	Kyrenia Northern Cyprus
Q206760	en	Kyrenia, Northern Cyprus
Q206760	en	Pano Kyrenia
Q206760	en	Pano Kyrenia Northern Cyprus
Q206760	en	Pano Kyrenia, Northern Cyprus
Q2067656	en	Ende language
Q2067656	en	Endeh
Q2068190	en	Nambikwara language
Q2068190	en	Southern Nambikuara
Q2068190	en	Southern Nambikuára
Q206879	en	Muşkara
Q206879	en	Neapolis
Q206879	en	Nevşehir City
Q206881	en	Kilis City
Q206885	en	Düzce City
Q20688708	en	Shatian dialect
Q206891	en	Kırıkkale City
Q206895	en	Çölemerik
Q206895	en	Hakkâri City
Q206900	en	Çorum City
Q206903	en	Kırklareli City
Q206904	en	GNU R
Q206904	en	GNU S
Q206904	en	R language
Q206904	en	R programming language
Q2069475	en	Pentlatch language
Q206954	en	Celetrum
Q20707040	en	Ngala language
Q20707795	en	Nabt or Nabdem
Q20709516	en	Old Montagnais language
Q20711	en	Applegate language
Q20711	en	Applegate tribe
Q20711	en	Galice language
Q20711	en	Galice-Applegate
Q20711	en	Galice-Applegate language
Q20711	en	Galice–Applegate
Q20712242	en	Old Greenlandic language
Q20712452	en	Middle Greenlandic language
Q2071325	en	Kangean
Q2071325	en	Kangean language
Q2071325	en	Kangeanese
Q2071325	en	Kangeanese language
Q20716055	en	Napeca language
Q207223	en	Drogheada
Q207223	en	Droichead Átha
Q207316	en	Lua language
Q207322	en	Nova Lisboa
Q207350	en	Rechovot
Q207350	en	Rehoboth
Q207350	en	Rehovoth
Q207350	en	Rekhovot
Q207350	en	Rḥovot
Q207371	en	Leitocaiton
Q207371	en	Lichfield, Staffordshire
Q20747371	en	Sakhalin Ainu language
Q207540	en	al-Ludd
Q207540	en	Diospolis-Lydda
Q207540	en	Lod, Israel
Q207540	en	Lydda
Q207540	en	Mint of Diospolis-Lydda
Q207639	en	Chichester, West Sussex
Q20771657	en	Tandɨ language
Q20771657	en	Yagomi
Q20771657	en	Yagomi language
Q207749	en	Kukin Tan
Q207749	en	Kukin Tana
Q207749	en	Tana Mayambu
Q207749	en	Thana
Q207749	en	Thānā
Q207749	en	Thané
Q207754	en	Tiruchi
Q207754	en	Trichinopoli
Q207754	en	Trichinopoly
Q207754	en	Trichy
Q207756	en	Tauranga City
Q207756	en	Tauranga-moana
Q207935	en	Chilpancingo
Q207935	en	Chilpancingo de Bravo
Q207972	en	Tepic de Nervo
Q208005	en	Kırşehir City
Q208006	en	Bilecik City
Q208022	en	Police, West Pomeranian Voivodeship
Q208022	en	Pölitz
Q208098	en	Holsteinsborg
Q208098	en	Holstensborg
Q20812287	en	Nama language
Q208200	en	Ivangrad
Q20822	en	North Tuco language
Q208227	en	A Requiem For The Post-War Dream
Q20823	en	Danezāgé' (Kaska)
Q20823	en	Kaska language
Q20824	en	Bear River language
Q20824	en	Mattole language
Q20824	en	Mattole-Bear River
Q20824	en	Mattole-Bear River language
Q20824	en	Mattole–Bear River
Q20824	en	Mattole–Bear River language
Q20825	en	Blitze
Q20825	en	Sarcee
Q20825	en	Sarcee language
Q20825	en	Sarsi
Q20825	en	Sarsi language
Q20825	en	srs
Q20825	en	Tsuu T'ina language
Q20825	en	Tsuut'ina language
Q20825	en	Tsuut’ina language
Q20826	en	Beaver
Q20826	en	Beaver language
Q20826	en	Dane-Zaa (Beaver)
Q20826	en	Danezaa language
Q20827	en	Chetco language
Q20827	en	tol
Q20827	en	Tolowa language
Q20829	en	Tsetsaut language
Q208293	en	Jarvenpaa
Q208293	en	Träskända
Q20831	en	Cahto language
Q20831	en	Kato
Q20831	en	Kato language
Q208318	en	crocodile city
Q2083185	en	Iteri language
Q2083197	en	Wambaya language
Q2083197	en	Wambayan language
Q20832	en	Eel River
Q20832	en	Eel River language
Q20832	en	Wailaki language
Q208352	en	Borzhomi
Q208403	en	Giumurdzina
Q208403	en	Gümülcine
Q208472	en	Bingöl City
Q208473	en	Peremyschl
Q208473	en	Peremyshl
Q208473	en	Peremyshl'
Q208473	en	Peremyšl
Q208473	en	Praemislia
Q208473	en	Premishla
Q208473	en	Premisle
Q208473	en	Premissel
Q208473	en	Premslau
Q208473	en	Prezhemisel
Q208473	en	Przemysl
Q208473	en	Pshemishel
Q208473	en	Pshemishl
Q208473	en	Pshemysl
Q2085051	en	Tswa language
Q2085051	en	Xitswa
Q208573	en	Narda
Q20857698	en	Northern Muyu
Q20857698	en	Northern Muyu language
Q20859658	en	Pongo language
Q2086145	en	ǀxam Kaǃkʼe
Q2086145	en	ǀXam language
Q208715	en	Mīstīr
Q208736	en	HUFS
Q2088743	en	Kgalagadi language
Q208948	en	Rotorua, Bay of Plenty
Q208948	en	Rotorua, New Zealand
Q2089984	en	Suki language
Q209034	en	Toluca
Q209176	en	Ely, Cambridgeshire
Q209217	en	Zimbabye
Q2092286	en	Wirangu language
Q2092358	en	Osmania University, Hyderabad
Q2093214	en	Finnish Kalo language
Q2093214	en	Finnish Romani
Q2093214	en	Finnish Romani language
Q2093214	en	Kalo
Q2093214	en	Kàlo
Q2093214	en	Kalo Finnish Romani
Q2093214	en	Kalo language
Q2093214	en	Kàlo language
Q2093214	en	rmf
Q209423	en	Girkonjarga
Q209423	en	Girkonjárga
Q209423	en	Kirkkoniemi
Q2094884	en	Papora
Q2094884	en	Papora-Hoanya language
Q2094884	en	ppu
Q2095090	en	UPC
Q209537	en	KuGompo City
Q2096	en	City of Edmonton
Q2096	en	Edmonton, AB
Q2096	en	Edmonton, Alberta
Q2096524	en	u.u
Q2096524	en	University of Ulster
Q2096524	en	UU
Q20967012	en	Kuril Ainu language
Q20968488	en	Hokkaidō Ainu
Q20968488	en	Hokkaido dialect of Ainu language
Q20979	en	Dogrib language
Q20979	en	Tlicho language
Q20979	en	Tlicho Yatii
Q20979	en	Tlicho Yatii language
Q20979	en	Tłı̨chǫ language
Q20983638	en	Buksa language
Q20984087	en	Amu language
Q20984088	en	Angluo language
Q20984092	en	Baihong language
Q20984095	en	Budu language
Q20984096	en	Bukong language
Q20984131	en	Duoni language
Q20984132	en	Duota language
Q20984142	en	Habei language
Q20984163	en	Kabie language
Q20984165	en	Lami language
Q20984184	en	Nuomei language
Q20984188	en	Qidi language
Q20984188	en	Qiedi
Q20984207	en	Tsukong language
Q20984209	en	Eastern Angkuic
Q20984209	en	Va language
Q20984222	en	Woni language
Q20984234	en	Yiche language
Q20987434	en	Middle Tamil language
Q20992073	en	Savaiq language
Q209925	en	Çankırı City
Q209925	en	Gangra
Q209925	en	Kengiri
Q209925	en	Mint of Gangra
Q209978	en	Edessa (Greece)
Q209978	en	Edessa, Greece
Q209978	en	Vodena
Q209978	en	Vodina
Q21	en	ENG
Q21	en	England, UK
Q21	en	England, United Kingdom
Q210007	en	Flardingue
Q210161	en	Juan Bautista de Ambato
Q210161	en	San Juan Bautista de Ambato
Q210161	en	San Juan de Ambato
Q210197	en	Kukes
Q210197	en	Kukësi
Q210292	en	Yozgat City
Q21039439	en	Miisiirii language
Q21039454	en	Mbere language
Q21039455	en	Sakpu language
Q21057	en	Gwich'in language
Q21057	en	Gwich’in language
Q21057	en	Gwich´in language
Q21057	en	Gwichin language
Q21057	en	Gwichʼin
Q21057	en	Gwichʼin language
Q21057	en	Gwitch'in
Q21057	en	Gwitch'in language
Q21057	en	Gwitchin language
Q21057	en	Kuchin language
Q21057	en	Kutchin language
Q21057	en	Loucheux language
Q21057	en	Takudh language
Q21057	en	Tukudh language
Q21058	en	Ahtena
Q21058	en	Ahtena language
Q21058	en	Ahtna language
Q21058	en	Copper River language
Q21058	en	Mednovskiy language
Q2106984	en	Tanema language
Q21070792	en	Guanahatabey language
Q21070851	en	Macorís
Q21070851	en	Maçorís
Q21070851	en	Macorís language
Q21070851	en	Maçorís language
Q21070851	en	Macorix language
Q21070851	en	Mazorij
Q21070851	en	Mazorij language
Q21072753	en	Ngatik
Q21072753	en	Ngatikese language
Q21072753	en	Sapwuahfik
Q21084409	en	Western Xwla Gbe
Q2109432	en	Tillamook language
Q211	en	Latveja
Q211	en	Latvejas Republika
Q211	en	Latvian Republic
Q211	en	Latvija
Q211	en	Latvijas Republika
Q211	en	Leţmо̄
Q211	en	Leţmо̄ Vabāmо̄
Q211	en	lv
Q211	en	Republic of Latvia
Q211218	en	Ausiait
Q211218	en	Egedesminde
Q211318	en	Bichvinta
Q211343	en	Plevlje
Q2114962	en	Bara Malagasy
Q2114962	en	bhr
Q211590	en	Santa Clara, Cuba
Q211760	en	Culiacan
Q211760	en	Culiacan de Rosales
Q211760	en	Culiacán de Rosales
Q211760	en	Culiacan Rosales
Q211760	en	Culiacán Rosales
Q21178	en	Naestved
Q21179986	en	Kodaku
Q21179986	en	Koraku language
Q211805	en	Bartın City
Q21181	en	Frederiksodde
Q21181	en	Fredriksodde
Q211811	en	Burdur City
Q211828	en	Bayburt City
Q211867	en	Oshawa, ON
Q211867	en	Oshawa, Ontario
Q211950	en	Dùn Phàrlain
Q21197	en	Chisinau
Q21197	en	Chişinău
Q21197	en	Chisnau
Q21197	en	Keshenev
Q21197	en	Keshinov
Q21197	en	Khisinau
Q21197	en	Kischinew
Q21197	en	Kischiniov
Q21197	en	Kiscinev
Q21197	en	Kishinef
Q21197	en	Kishinev
Q21197	en	Kishinëv
Q21197	en	Kişinev
Q21197	en	Kišinìv
Q21197	en	Kiszyniów
Q21197	en	Kyshyniv
Q211970	en	Kibuga mu Uganda
Q211970	en	Mu kyondo
Q211970	en	Ntebe
Q2119752	en	UNIURB
Q2119752	en	uniurb.it
Q2119752	en	Universita degli Studi di Urbino
Q2119752	en	Università degli Studi di Urbino
Q2119752	en	Università degli Studi di Urbino Carlo Bo
Q2119752	en	Università di Urbino
Q2119752	en	University of Urbino Carlo Bo
Q2119752	en	Urbino University
Q212	en	Ukr.
Q212	en	Ukraina
Q212	en	Ukraïna
Q212	en	Ukrainia
Q21203	en	aw
Q21203	en	Country of Aruba
Q21203	en	Island of Aruba
Q2122792	en	Mor (Mor Islands)
Q2122792	en	Mor language
Q212283	en	Wells, Somerset
Q212289	en	Knowledge City
Q212289	en	Palmy
Q212289	en	Palmy North
Q212289	en	Rose City
Q212289	en	Student City
Q212289	en	Te Papaioea
Q2123	en	Regina, Saskatchewan
Q2123	en	Regina, SK
Q212332	en	Condjeveram
Q212332	en	Conjeevaram
Q212332	en	Conjeveram
Q212332	en	Kancheepuram
Q212546	en	Axalcʻixe
Q212546	en	Lomsia
Q2126436	en	Ras Al Khaimah (RAK)
Q2126436	en	Ras ul Khuma
Q2126436	en	Shah, Ras al-Khaimah
Q2127	en	Charlottetown, PEI
Q2127	en	Charlottetown, Prince Edward Island
Q212757	en	Al Qamishli
Q212757	en	Kamishli
Q212757	en	Qamishlo
Q212757	en	Qamişlo
Q21282543	en	Jennu Kurumba language
Q212984	en	New Plymouth, New Zealand
Q213	en	Czechia
Q213026	en	Bareily
Q213026	en	Bareli
Q213026	en	Bareli Sharif
Q213127	en	Ukmerge
Q213127	en	Ukmergė (Lithuania)
Q213127	en	Vilkmerge
Q213127	en	Vilkmergė
Q213127	en	Wiłkomierz
Q213127	en	Wilkomir
Q213127	en	Вількамір
Q213127	en	Укмерге
Q213248	en	Nellai
Q213248	en	Tinnevelli
Q213248	en	Tinnevelly
Q213434	en	bat-smg
Q213434	en	Samogitian dialect
Q213434	en	sgs
Q213516	en	Black Album
Q213516	en	The Black Album
Q2138	en	Fredericton, NB
Q2138	en	Fredericton, New Brunswick
Q214	en	SK
Q214	en	Slovak Republic
Q214	en	SVK
Q21403256	en	Marma language
Q21403317	en	Mawchi language
Q214178	en	Mint of Neapolis
Q214178	en	Nabulus
Q214178	en	Neapolis
Q214178	en	Shechem
Q214303	en	Argyroupoli
Q214303	en	Gümüşhane City
Q214341	en	Athenaeum Amstelaedamse
Q214341	en	G.U.A.
Q214341	en	GUA
Q214341	en	Univ. of Amsterdam
Q214341	en	uva.nl
Q214485	en	City of Kisii
Q214485	en	Kisii
Q214485	en	Kisumu City
Q214485	en	Port Florence
Q214495	en	Bamiyan
Q214495	en	varmayana
Q214651	en	Bandirma
Q214651	en	Panormos
Q214681	en	Nova Goa
Q214681	en	Pangim
Q214681	en	Panjim
Q214681	en	Ponnje
Q2147917	en	Alawa language
Q21481817	en	Inpui language
Q21481876	en	Uipo
Q214973	en	And Justice for All
Q215	en	Republic of Slovenia
Q215	en	Republika Slovenija
Q215	en	si
Q215	en	slo
Q215	en	Slovenija
Q215	en	svn
Q215080	en	San Antonio de Machala
Q215277	en	Jaffna, Sri Lanka
Q215277	en	Yalpanam
Q215277	en	Yalpanapattinam
Q2155119	en	Chamicuro language
Q215633	en	Lomzha
Q215633	en	Lomzhe
Q2157412	en	Nese language
Q2157421	en	Malfaxal language
Q2157421	en	Naha'ai
Q2157431	en	Neve'ei
Q2157431	en	Vinmavis language
Q2157439	en	Bajaw language
Q2157452	en	Labo
Q2157452	en	Ninde language
Q2157461	en	Avava
Q2157461	en	Katbol language
Q216	en	Vilna
Q216	en	Viļņa
Q216	en	Vilnė
Q216	en	Vilnia
Q216	en	Viĺnia
Q216	en	Vilno
Q216	en	Vilnyus
Q216	en	Wilna
Q216	en	Wilno
Q2160405	en	Vao language
Q2160435	en	Nahavaq language
Q2160435	en	South West Bay
Q216075	en	Thành phố Cần Thơ
Q2160963	en	PL/M-86
Q216243	en	Mahavihara of Nalanda
Q216243	en	Nālandā Mahāvihāra
Q2164778	en	Naro language
Q21655542	en	Southern Paiute language
Q21658869	en	Mosuo
Q21658869	en	Na
Q21658869	en	Na language
Q21658869	en	Yongning Na
Q2166735	en	ALGOrithmic Language 1968
Q2167	en	Lund, Scania
Q2167573	en	Antakarana dialect
Q2167573	en	Tankarana Malagasy
Q216835	en	Cap Haïtien
Q216847	en	Cucuta
Q216902	en	Broken Hill
Q216912	en	Mugla
Q216939	en	al-Sawira
Q216939	en	aṣ-Ṣawīra
Q216939	en	Magador
Q216939	en	Mogador
Q216939	en	Saouira
Q217	en	Moldavia
Q217	en	Republic of Moldova
Q217	en	Republica Moldova
Q217125	en	Iznik
Q217156	en	Ismaïlia
Q217426	en	Johannesburg/Soweto
Q217426	en	Soweto, Gauteng
Q217426	en	Soweto, Johannesburg
Q217426	en	Soweto, South Africa
Q217439	en	University of Hawai'i
Q217439	en	University of Hawaii
Q217439	en	University of Hawaii System
Q2177054	en	GITIS
Q2177054	en	Lunacharsky State Institute for Theatre Arts
Q2177054	en	Moscow School of Philharmonic Society
Q2177054	en	Musico-Dramatic School of the Moscow Philharmonic Society
Q2177054	en	Russian Academy of Theatre Arts
Q217720	en	Çeşme Municipality
Q218	en	ro
Q218	en	România
Q218	en	Roumania
Q218	en	Rumania
Q218861	en	Gonder
Q218928	en	Antseranana
Q218928	en	Diego Suarez
Q218928	en	Diego-Suarez
Q218928	en	Diégo-Suarez
Q218928	en	Diogo Soares
Q219	en	Bulgarian Republic
Q219	en	Republic of Bulgaria
Q219060	en	Palestinian Authority
Q219060	en	Palestinian National Authority
Q219060	en	PSE
Q219060	en	State of Palestine
Q21921428	en	Crystal Lang
Q21921428	en	Crystal Language
Q219417	en	Husavik
Q219564	en	Karolinska Institute
Q219564	en	Royal Caroline Institute
Q219583	en	Al-Breyja
Q219583	en	Al-Jadida
Q219583	en	al-Mahdouma
Q219583	en	El-Jadida
Q219583	en	Mazagan
Q219583	en	Mazagão
Q219583	en	Mazighan
Q219583	en	Mazighen
Q219583	en	Maziɣen
Q219671	en	NoliNoli
Q2196866	en	Lu'a
Q2196866	en	Lu'a language
Q2196866	en	Palu'e language
Q2196866	en	Palue
Q2196866	en	Paluqe
Q219747	en	EMC 3061
Q2203	en	Arica (1540–1929)
Q2203	en	Arica (Peru)
Q2203	en	Arica, Peru
Q2203	en	Peruvian Arica
Q22077739	en	Shumcho language
Q22080879	en	Spiti Bhoti language
Q22080879	en	Spitian
Q22083804	en	Chitwania Tharu language
Q22083804	en	Tharu, Chitwania
Q22083815	en	Dangaura Tharu language
Q22083815	en	Tharu, Dangaura
Q22083822	en	Kathariya Tharu language
Q22083822	en	Kathoriya Tharu
Q22083826	en	Kochila Tharu is a language spoken by a subgroup of indigeneous tharu commonly called Kochila Tharu or Saptariya Tharu or Morangia Tharu in Eastern Terai region of Nepal. Tharu community living east of chitwan valley are Kochila Tharu.
Q22083826	en	Madhya Purbaiya
Q22083826	en	Morangiya Tharu
Q22083826	en	Saptariya Tharu
Q220843	en	Walfish Bay
Q221	en	Former Yugoslav Republic of Macedonia
Q221	en	FYR Macedonia
Q221	en	FYROM
Q221	en	Macedonia
Q221	en	Republic of Macedonia
Q221	en	Republic of North Macedonia
Q2211	en	Malmo
Q221447	en	Ramlah
Q221447	en	Ramle
Q221447	en	Remle
Q221734	en	Najin Sŏnbong-si
Q221734	en	Rajin-Sŏnbong
Q221914	en	Namibe
Q221921	en	Commodore Rivadavia
Q221921	en	Comodoro Rivadavia, Argentina
Q221921	en	Comodoro Rivadavia, Chubut
Q222	en	People's Republic of Albania
Q222	en	People's Socialist Republic of Albania
Q222	en	Republic of Albania
Q222	en	Republika Popullore e Shqiperise
Q222	en	Republika Popullore Socialiste e Shqiperise
Q222	en	Shqipërisë
Q2222616	en	Telsiai
Q222267	en	Cape Cormorin
Q222267	en	Kanniyākumāri
Q222267	en	Kanyākumārī
Q2222874	en	Zanzibar
Q2222874	en	Zanzibar Town
Q222738	en	unam.mx
Q222755	en	Musical capital of Colombia
Q223	en	GL
Q223	en	Greenlandia
Q223	en	GRL
Q223	en	Groenland
Q223	en	Kalaallit Nunaat
Q22303263	en	Western Magar language
Q223154	en	Peshkopia
Q2232696	en	Walmajarri language
Q223306	en	Lango (Sudan)
Q223306	en	Lango language
Q223314	en	Thule
Q2233794	en	Tay Boi
Q2233794	en	Tây Bồi
Q223587	en	السنبلاوين
Q223679	en	OCTAVE
Q223761	en	Bobo Dioulasso
Q223761	en	Commune de Bobo Dioulasso
Q223920	en	CapitaThe Economic
Q223920	en	Pointe-Noire, Congo-Brazzaville
Q224	en	CRO
Q224	en	HR
Q224	en	HRV
Q224	en	Republic of Croatia
Q224	en	RH
Q225	en	ba
Q225	en	BiH
Q225	en	Bosnia
Q225	en	Bosnia & Herzegovina
Q225	en	Bosnia and Hercegovina
Q225	en	Bosnia-Herzegovina
Q2252191	en	Waxianghua
Q2256	en	Birmingham, England
Q2256	en	Birmingham, UK
Q2256	en	Birmingham, West Midlands
Q226	en	Godthåb
Q226	en	Nuk
Q226	en	Nûk
Q2261128	en	Ud'A
Q2261128	en	UNICH
Q2261128	en	University of Chieti
Q2261128	en	University of Chieti–Pescara
Q2261128	en	University of G. d'Annunzio Chieti and Pescara
Q2262353	en	Meax language
Q2262353	en	Meninggo language
Q22662104	en	Northern Ghale language
Q22674828	en	Thudam language
Q22674847	en	Walungge language
Q2268	en	Old Nubian alphabet
Q2268	en	Old Nubian language
Q22694600	en	Romam language
Q22694631	en	Tho language
Q227	en	az
Q227	en	Azərbaycan
Q227	en	Azərbaycan Respublikası
Q227	en	Republic of Azerbaijan
Q22711	en	Amish High German
Q22711	en	Amish language
Q22711	en	Pennsylvania Dutch
Q22711	en	Pennsylvania Dutch language
Q22711	en	Pennsylvania German language
Q22711	en	Pennsylvania German-language
Q22711	en	Pennsylvanian language
Q22711	en	Pennsylvanisch
Q22711	en	Pennsylvanisch Deitsch
Q2278732	en	Sichuanese (language)
Q2278732	en	Sichuanese language
Q2278732	en	Sichuanese Mandarin
Q2278732	en	Szechwanese
Q228	en	Principality of Andorra
Q228	en	Principality of the Valleys of Andorra
Q22808992	en	Bara
Q22808992	en	Ghera language
Q22809485	en	Shami
Q22889	en	Bath, Somerset
Q22889	en	City of Bath
Q22893424	en	Minang
Q229	en	Greek Administration of Southern Cyprus
Q229	en	Greek Cypriot State
Q229	en	Republic of Cyprus
Q2291492	en	Ma'ya language
Q2291492	en	Sailolif
Q2291492	en	Salawati
Q2291492	en	Samate
Q22918391	en	Bibbulmun
Q2292517	en	Philippeville
Q22948538	en	Beni Iznasen
Q22948538	en	Eastern Riffian
Q22948538	en	Iznasen
Q22948538	en	Taznast
Q22949342	en	Zurg language
Q2295569	en	Nagé
Q2295569	en	Nage language
Q2295569	en	Nage-Keo
Q2299797	en	Beijing University of Aeronautics and Astronautics
Q230	en	Georgia (country)
Q230	en	Georgia (Sakartvelo)
Q230	en	Republic of Georgia
Q230	en	Sakartvelo
Q23009966	en	Lui language
Q230104	en	Nakhichevan
Q23014	en	Pakatinate German dialect group
Q23014	en	Palatinate German dialect
Q23014	en	Palatinate German language
Q23014	en	Palatine Dutch
Q23014	en	Palatine German
Q23014	en	Palatine German language
Q23014	en	Pälzisch
Q23014	en	Pälzisch language
Q23014	en	Pfaelzisch
Q23014	en	Pfälzisch
Q23014	en	Pfälzisch language
Q2302663	en	Aleppo University
Q2303102	en	Sveučilište u Mostaru
Q2304583	en	Dohema
Q2304583	en	Heve
Q2304583	en	Ópata
Q2304583	en	Opata language
Q2304583	en	Tegüima
Q23051	en	Swansea, Wales
Q23070	en	Snits
Q230899	en	Manchester University
Q230899	en	The University of Manchester
Q230899	en	Univ. of Manchester
Q230899	en	UoM
Q2311602	en	Tutelo language
Q2311602	en	Tutelo-Saponi
Q23154	en	Bristol, England
Q23154	en	Bristol, Gloucestershire
Q23154	en	Bristol, UK
Q2315424	en	Lower Umpqua
Q2315424	en	Qúuiič
Q2315424	en	Šáayušƛa
Q2315424	en	Siuslaw language
Q231765	en	Geelong, Australia
Q231765	en	Geelong, Victoria
Q2319877	en	Havunese
Q2319877	en	Hawu language
Q2319877	en	Sabu
Q2319877	en	Savu
Q2319877	en	Savunese
Q2319877	en	Sawu
Q2319877	en	Sawunese
Q232	en	kz
Q232	en	Qazaqstan
Q232	en	Republic of Kazakhstan
Q232	en	Republic of Qazaqstan
Q232009	en	Harry Potter and the Deathly Hallows: Part 2
Q232842	en	Capital Folklore of Peru
Q232842	en	City Puno
Q232842	en	Folklore Peruvian
Q232842	en	San Carlos de Puno
Q2328761	en	Ma'anyan language
Q2328761	en	Maanjan
Q2328761	en	Maanyak Dayak
Q2328761	en	Maanyan
Q2328761	en	Maʼanyan
Q2328761	en	Maʼanyan language
Q2328761	en	mhy
Q233	en	Republic of Malta
Q23311	en	City and County of the City of London
Q23311	en	City of London (unparished area)
Q23311	en	Square Mile
Q23311	en	the City
Q2335528	en	Mokilese language
Q2335528	en	Mwoakilloan
Q234178	en	Bangor, Gwynedd
Q23430	en	East Hüree
Q23430	en	Hüree
Q23430	en	Ih Huree
Q23430	en	Ikh Khüree
Q23430	en	Khan of Urga
Q23430	en	Khüree
Q23430	en	Kulun
Q23430	en	Niislel Hüree
Q23430	en	Örgöö
Q23430	en	Ulan Bator
Q23430	en	Ulan-Bator
Q23430	en	Urga
Q23430	en	Wulan Batuo
Q23436	en	Athens of the North
Q23436	en	Auld Reekie
Q23436	en	City of Edinburgh
Q23436	en	Dùn Èideann
Q23436	en	Edina
Q23436	en	Edinburg
Q23436	en	Edinburgh, Scotland
Q23436	en	Modern Athens
Q23438	en	'Ishqabad
Q23438	en	`Ishqabad
Q23438	en	`Ishqábád
Q23438	en	Ak-Gaudan
Q23438	en	Aschchabad
Q23438	en	Asgabat
Q23438	en	Ašgabat
Q23438	en	Aşgabat
Q23438	en	Ashabad
Q23438	en	Ashgabad
Q23438	en	Ashkabad
Q23438	en	Ashkabat
Q23438	en	Ashkhabad
Q23438	en	Ashqabad
Q23438	en	Askabad
Q23438	en	Askhabad
Q23438	en	Ishqabad
Q23438	en	Ishqabat
Q23438	en	Konjikala
Q23438	en	Poltoratsk
Q234600	en	Garden City
Q234600	en	The Spring
Q2347334	en	Cambridge Programming Language
Q2347334	en	Combined Programming Language
Q235	en	Fort-Hercule
Q235	en	mc
Q235	en	Mùnegu
Q235	en	Principality and Diocese of Monaco
Q235	en	Principality of Monaco
Q235	en	Principato di Monaco
Q235	en	Principatu de Mu̍negu
Q235	en	Prinçipatu de Mùnegu
Q235	en	Principauté de Monaco
Q23551	en	Merida
Q23551	en	Mèrida
Q23551	en	Mérida, Venezuela
Q23551	en	Santiago de los Caballeros de Merida
Q23551	en	Santiago de los Caballeros de Mérida
Q235571	en	Darhan
Q235571	en	Darkhan City
Q23564	en	Burguriçe
Q23564	en	Capital of Montenegro
Q23564	en	Podgoritsa
Q23564	en	Podgoritza
Q23564	en	Titograd
Q2356431	en	Chibcha language
Q2356431	en	Mosca language
Q2356431	en	Muysc cubun
Q2356431	en	Muysca language
Q2356440	en	Doa
Q2356440	en	Tause language
Q2361829	en	Konjo language
Q2361829	en	Konzo
Q2361829	en	Lhukonzo
Q2361829	en	Lukonjo
Q2361829	en	Olhukonzo
Q2365210	en	Komi-Yazva language
Q2365210	en	Komi-Yodz
Q2365210	en	Komi-Yodz language
Q2365210	en	Komi-Yodzyak
Q2365210	en	Komi-Yodzyak language
Q2365210	en	Yazva
Q23681	en	NCY
Q23681	en	North Cyprus
Q23681	en	North Cyprus Turkish Republic
Q23681	en	Republic of Northern Cyprus
Q23681	en	The Turkish Republic of Northern Cyprus
Q23681	en	TRNC
Q23681	en	Turkish Cypriot constituent state
Q23681	en	Turkish Cypriot state
Q23681	en	Turkish Cyprus
Q23681	en	Turkish Federative State of North Cyprus
Q23681	en	Turkish occupied Cyprus
Q23681	en	Turkish Republic of Cyprus
Q23681	en	Turkish Republic of North Cyprus
Q237	en	Città del Vaticano
Q237	en	Holy See
Q237	en	Papal State
Q237	en	State of Vatican City
Q237	en	Stato della Città del Vaticano
Q237	en	Status Civitatis Vaticanae
Q237	en	The Vatican
Q237	en	Vatican
Q237	en	Vatican City State
Q2370136	en	Wanukaka language
Q2371358	en	Tsamai language
Q2372207	en	Gamba
Q2372207	en	Gambaye
Q2372207	en	Gamblai
Q2372207	en	Mbai
Q2372207	en	Mbay
Q2372207	en	Mbaye
Q2372207	en	Ngambai
Q2372207	en	Ngambay language
Q2372207	en	Sara
Q2372207	en	Sara Ngambai
Q237409	en	zea
Q237409	en	Zeelandic language
Q2375468	en	Bora language
Q2378	en	Classic Visual Basic
Q2378	en	VB
Q23780914	en	Avengers 3
Q23780914	en	Avengers Infinity War
Q23780914	en	Avengers: Infinity War - Part I
Q23780914	en	Avengers: Infinity War in Disney Digital 3D
Q23780914	en	Infinity War
Q23781155	en	Avengers 4
Q23781155	en	Endgame
Q237847	en	Solāpur
Q2379113	en	Aneityum language
Q2379113	en	Anejom̃ language
Q238	en	Most Serene Republic of San Marino
Q238	en	sm
Q23800	en	Capital of Malta
Q23800	en	Citta Umilissima
Q23800	en	Città Umilissima
Q23800	en	Il-Belt Valletta
Q23800	en	La Valleta
Q23800	en	La Valletta
Q23800	en	Valetta
Q23800	en	Valleta
Q2380124	en	Hand Talk
Q2380124	en	PISL
Q2380124	en	Plains Sign Language
Q2380124	en	Plains Sign Talk
Q23807993	en	Muak Sa-aak language
Q23808030	en	Naxi Yao language
Q2381310	en	Dusun Witu language
Q2381310	en	duw
Q2381310	en	Witu
Q238217	en	Dar‘ā
Q238452	en	al-ʿArīš
Q238452	en	el-ʻArīsh
Q238452	en	ʻArish
Q238508	en	Gurugram
Q23855	en	Anus language
Q23855	en	Koru
Q23855	en	Korurnus
Q2386361	en	Durango Nahuatl
Q2386361	en	Mexicanero language
Q2387274	en	Taita language
Q2387391	en	Altinin
Q2387391	en	Palewyami Yokuts
Q2387391	en	Poso Creek Yokuts
Q239097	en	Dayr al-Zūr
Q239097	en	Der Ezzor
Q239097	en	Der-ez-Zor
Q239107	en	Behdet
Q239107	en	Idfu
Q239107	en	Idfū
Q2391273	en	Isthmus-Pajapan Nahuatl language
Q2391297	en	Northern Emberá
Q2391297	en	Northern Embera language
Q2392351	en	Leeds Metropolitan University
Q2392351	en	Leeds Polytechnic
Q2393095	en	Akimel O'odham
Q2393095	en	O'odham language
Q2393095	en	ood
Q2393095	en	Oʼodham language
Q2393095	en	Papago
Q2393095	en	Papago-Pima
Q2393095	en	Pima
Q2393095	en	Tohono O'odham
Q2394710	en	Tartu language
Q2395641	en	Alsea language
Q2395641	en	Alsea-Yaquina
Q2395641	en	Alsean
Q2395641	en	Alsean language
Q2395641	en	Alséya
Q2395641	en	Yakonan
Q2395641	en	Yakonan language
Q2395641	en	Yaquina
Q2395641	en	Yaquina language
Q239580	en	Kitwe-Nkana
Q2396970	en	B'ega
Q2396970	en	Gumuz language
Q2400870	en	Inonhan
Q2400870	en	Onhan language
Q2404190	en	Ririo language
Q2405552	en	Ulwa language
Q2405981	en	Lavatbura-Lamusong language
Q241	en	cu
Q241	en	CUB
Q241	en	Republic of Cuba
Q2410276	en	Tangoa language
Q2410352	en	Kai language
Q2410352	en	Kei language
Q2410352	en	Keiese
Q2410352	en	Saumlaki
Q2410352	en	Veveu Evav
Q2411063	en	Pero language
Q241146	en	Cham language
Q24190184	en	Urupa language
Q24190219	en	Pisamira language
Q24190249	en	Sinacantán language
Q24190396	en	Yaroamë language
Q24191321	en	Coroado Purí
Q24191321	en	Coroado Puri language
Q242	en	bz
Q24204852	en	current Danish
Q24204852	en	Danish
Q24204852	en	Modern Danish
Q24204852	en	yngre nydansk
Q24204852	en	Younger Modern Danish
Q242144	en	Bhilai Nagar
Q2422065	en	Chokwe language
Q2422759	en	Muya language
Q242497	en	Tremblay
Q242497	en	Tremblay-les-Gonesse
Q242497	en	Tremblay-lès-Gonesse
Q242497	en	Tremblay-sans-Culottes
Q242587	en	Abeche
Q24265507	en	Marsela Barat language
Q24265507	en	Masela language
Q24265536	en	Yatoke language
Q24265559	en	Samasuru language
Q24265568	en	Oroyliye language
Q24265571	en	Makian Luar language
Q24265574	en	Marsela Timur language
Q24265579	en	Loon language
Q24265587	en	Leinam language
Q24265594	en	Kaham language
Q24265597	en	Elnama language
Q24265601	en	Dawelor language
Q24265606	en	Balkewan language
Q2427341	en	Pochutec language
Q24275211	en	Telaah Babar Barat language
Q2429648	en	Pogolo language
Q2429648	en	Pogoro language
Q242992	en	Bhāvnagar
Q242992	en	Bhavnagar is peace of City
Q243699	en	Bolbitine
Q243699	en	Bolbythia
Q243699	en	Rashid
Q243699	en	Rosetta, Egypt
Q243846	en	Al Hillah
Q243846	en	Hilla
Q244	en	BAR
Q244	en	Barbadoes
Q244	en	bb
Q244004	en	Setif
Q244139	en	Pinar del Rio
Q244154	en	Holguín
Q244159	en	Coal capital
Q244159	en	Dhanbād
Q244236	en	Kutkashen
Q2445129	en	Kubachi language
Q244627	en	b****fuck
Q244627	en	BF
Q244627	en	Brainf***
Q244627	en	BrainF***
Q244627	en	brainf**k
Q244627	en	Brainf*ck
Q244627	en	brainfsck
Q244627	en	branflakes
Q244747	en	Tutera
Q244898	en	New Taipei City
Q244898	en	NTPC
Q244898	en	Taipei County
Q244898	en	Xinbei City
Q2449	en	Hamar
Q2449	en	Maqadīshū
Q2449	en	Mogadishu, Somalia
Q2449	en	The Seat of the Shah
Q2449	en	Xamar
Q2449994	en	Northern Tsou languages
Q245023	en	Tâi-tiong
Q245023	en	Taichū
Q245023	en	Taichung City
Q245023	en	Taizhong
Q245023	en	Thòi-chûng
Q2452885	en	Sauraseni Prākrit
Q2452885	en	Shauraseni language
Q2452885	en	Shauraseni Prakrit
Q2453446	en	National Institute "Ostroh Academy"
Q2453446	en	National University Ostroh Academy
Q2453446	en	Ostroh Academy
Q2454881	en	Tonkawa language
Q246122	en	Katso language
Q24661078	en	Kuantan language
Q24661089	en	Sakai language
Q24661091	en	Kecamatan Siaksriindrapura
Q24661091	en	Siak Sri Indrapura language
Q24661091	en	Siaksriindrapura
Q24661094	en	Talang Mamak language
Q24661116	en	Banyu Asin language
Q24661281	en	Belida language
Q24661281	en	Belido language
Q24661769	en	Enim language
Q24661795	en	Kikim language
Q2467	en	City of Nassau
Q24702005	en	Rambang language
Q24702030	en	Saling language
Q24702038	en	Krui language
Q24702054	en	Lambak language
Q24702054	en	Lembak language
Q24702056	en	Muko-Muko language
Q24702058	en	Rejang Lebong language
Q24702084	en	Belitong language
Q24702084	en	Belitung language
Q24702086	en	Lom language
Q24702086	en	Mapur language
Q24702087	en	Mentok language
Q24702095	en	Natipi language
Q24702102	en	Nobuk language
Q24702102	en	Nopuk language
Q24702103	en	Nusari language
Q24702118	en	Palamul language
Q24702178	en	Sumuri language
Q24702343	en	Yoki language
Q24705177	en	Mo language
Q24705179	en	Moar language
Q24705196	en	Moraeri language
Q24705196	en	Moraori language
Q24705203	en	Mosana language
Q24705210	en	Mbaruan language
Q24705226	en	Manggarikuna language
Q24705257	en	Lower Pyramid
Q24705257	en	Wodo language
Q24705285	en	Langgayam language
Q24705287	en	Langda language
Q24705298	en	Kwem language
Q24705298	en	Mandobbo
Q24705298	en	Mandobbo Atas
Q24705298	en	Nub
Q24705303	en	Kwasten language
Q24705303	en	Marengi
Q24705303	en	Tor
Q24705489	en	Sehudate language
Q24705494	en	Sawu language
Q24705501	en	Sangke language
Q24705534	en	Batak Pak-Pak language
Q24705536	en	Patimuning language
Q24705558	en	Paseman language
Q24705565	en	Papua language
Q24705790	en	Kerema
Q24705790	en	Nisa language
Q24705801	en	Malay Ende
Q24705801	en	Malay Larantuka
Q24705801	en	Nagi language
Q24705873	en	Kawe language
Q24705879	en	Kati language
Q2471	en	San'a'
Q2471	en	Sana
Q2471	en	Sana'a
Q2471	en	Ṣanʻāʼ
Q2471	en	Ṣanʿāʾ
Q2472016	en	Cayuse language
Q2474492	en	Solano language
Q24750566	en	Basa Kupang
Q24750566	en	Kupang language
Q24750566	en	Kupang Malay
Q24750566	en	Malay Kupang
Q24750680	en	Damar language
Q24751235	en	Khelong
Q24751235	en	Semau language
Q24751336	en	Kolana-Wersin
Q24751853	en	Letri Lagona language
Q24751899	en	Lombelu language
Q2475442	en	Culina language
Q2475442	en	Kulina
Q2475478	en	Cun language
Q2475478	en	Gelong Language
Q2475526	en	Jarawa (India)
Q2475526	en	Jarawa language
Q2475538	en	Motlav
Q2475538	en	Mwotlap language
Q2475551	en	Önge language
Q24765803	en	Rote language
Q24765843	en	Samawa language
Q24766151	en	Mbojo language
Q24766218	en	Meiwewa language
Q24766592	en	Yatun language
Q24766827	en	Air Durian language
Q2478711	en	Naxi language
Q2478745	en	'ein
Q2478745	en	=/Kx'au//'ein
Q2478745	en	ǂKx'au
Q2479725	en	Lamboya language
Q24826	en	City of Liverpool
Q24826	en	Liverpool, England
Q24826	en	Liverpool, Merseyside
Q24826	en	Liverpool, UK
Q24837167	en	Beginci language
Q24841591	en	Cháoshànhuà
Q24841591	en	diê5 suan1 uê7
Q24841591	en	dio5 suan1 uê7
Q24841591	en	tiê suaⁿ uē
Q24841591	en	tiô suaⁿ uē
Q24841855	en	Gerai language
Q2484337	en	Oorlams Creole
Q2484579	en	Squamish language
Q24871	en	Avatar 1
Q24871	en	James Cameron's Avatar
Q248758	en	Buddhist Sanskrit
Q248758	en	Mixed Sanskrit
Q24907429	en	Middle Gujarati language
Q24929451	en	Tobak
Q24952038	en	Surgujia dialect
Q2495760	en	Minas Gerais State University
Q2495760	en	UEMG
Q2495760	en	Universidade do Estado de Minas Gerais
Q2496046	en	University Durbrovnik
Q2496233	en	Sveučilište u Zadru
Q2496233	en	Universitas Studiorum Iadertina
Q2496233	en	University Zadar
Q24971967	en	Motolian dialect
Q2498808	en	Iu Mien language
Q249884	en	Saint Pierre de La Réunion
Q249884	en	Saint Pierre, Réunion
Q249884	en	Saint-Pierre de La Réunion
Q249884	en	Saint-Pierre, Réunion
Q249994	en	Chuchien
Q249994	en	Jhucian
Q249994	en	Shinchiku
Q249994	en	Sîn-chuk City
Q249994	en	Sin-tek City
Q249994	en	Sîn-tsuk City
Q249994	en	Sin-zhug City
Q249994	en	Tik-tshàm
Q249994	en	Xin-zug City
Q249994	en	Zhuqian
Q249994	en	Zug-qiam
Q249996	en	Chi-lung
Q249996	en	Chilung
Q249996	en	City of Keelung
Q249996	en	Jilong
Q249996	en	Ke-lâng
Q249996	en	Keelung City
Q249996	en	Kelang
Q249996	en	Kelangh
Q249996	en	Kelong
Q249996	en	Keloung
Q249996	en	Kelung
Q249996	en	Kiirun
Q249996	en	Kirun
Q249996	en	Kīrun
Q249996	en	Kiryū
Q249996	en	Koe-lâng
Q249996	en	Kue-lâng
Q249996	en	Rainy Port
Q2501174	en	gor
Q2501174	en	Gorongtalo
Q2501174	en	Gorontalo language
Q2501174	en	Guarantala
Q2501174	en	Gunongtello
Q2501174	en	Holontalo
Q2501174	en	Hulontalo
Q2502949	en	Bena (Tanzania)
Q2502949	en	Bena language
Q25035641	en	Mendawai language
Q25035821	en	Ba'amang
Q25035821	en	Ba'amang language
Q25035821	en	Baamang
Q25035821	en	Baamang language
Q25035821	en	Sampit language
Q25044405	en	Melanesian Sign Language
Q25044405	en	Papua New Guinea Sign Language
Q25044405	en	PNGSL
Q25045593	en	Ngoya language
Q25047888	en	Talni language
Q25047893	en	Siti language
Q25048763	en	Yoti language
Q25052427	en	Cantan language
Q25052429	en	Cauho language
Q25052457	en	Sinsali language
Q25060438	en	Nitita language
Q25060451	en	Vivti language
Q25098807	en	Suobi language
Q25098810	en	Theen language
Q251	en	java programming language
Q25100077	en	Tai Muong Vat language
Q25100625	en	Kasong language
Q25100625	en	Song language
Q2512084	en	Tujia language
Q251329	en	Gyah
Q25164	en	Neo Norwegian
Q25164	en	New Norwegian
Q25164	en	Norwegian Nynorsk
Q25164	en	Norwegian Nynorsk language
Q25167	en	bokmaal
Q25167	en	bokmal
Q25167	en	Norwegian Bokmål
Q251728	en	Sanuma
Q251728	en	Sanuma language
Q251728	en	Sanumá language
Q252	en	id
Q252	en	ID
Q252	en	IDN
Q252	en	INA
Q252	en	Republic of Indonesia
Q2520538	en	Doxká-Poárá
Q2520538	en	Tuyuca language
Q2520657	en	Fwe language
Q2520717	en	Ronga language
Q2522153	en	Skepi
Q25230440	en	Lao Nyo language
Q2523999	en	Caripuna
Q2523999	en	Karipuna
Q2523999	en	Karipuna Creole French
Q2523999	en	Karipúna Creole French language
Q2523999	en	Karipúna French Creole
Q2523999	en	Lanc-Patua creole
Q2523999	en	Lanc-Patuá creole
Q2524007	en	Tatuyo language
Q2524022	en	Garawa language
Q2524022	en	Garrwa
Q252411	en	Southeast Ambrym language
Q25258	en	Faeroese
Q25258	en	Faeroese language
Q25258	en	Færoese language
Q25258	en	Faroese language
Q25258	en	Føroyskt
Q25258	en	Føroyskt mál
Q25258	en	Modern Faroese
Q25261947	en	Takestani language
Q25270	en	Prishtina
Q25270	en	Prishtinë
Q25270	en	Priština
Q25270	en	Priştina
Q25279	en	Country of Curaçao
Q25279	en	Curacao
Q25279	en	Curacau
Q25279	en	Curaçoa
Q25279	en	Curazao
Q25279	en	Curaςao
Q25279	en	Curocao
Q25279	en	CUW
Q25279	en	CW
Q25279	en	Island Territory of Curaçao
Q25279	en	ISO 3166-1:CW
Q25279	en	Kòrsou
Q25282	en	Da Nang City
Q25282	en	Tourane
Q25282	en	Turon
Q25286	en	Upsala
Q2529518	en	Tripoli University
Q2529518	en	UoT
Q2529518	en	UOT
Q2529518	en	uot.edu.ly
Q2531629	en	Università degli studi di Verona
Q2531629	en	Università di Verona
Q2531629	en	UNIVR
Q2531629	en	univr.it
Q25338040	en	Sembakung Murut language
Q25339626	en	Jumaytepeque language
Q25339627	en	Chiquimulilla language
Q25339627	en	Chiquimulilla Xinka
Q25339628	en	Yupiltepeque language
Q25339642	en	Hezhou language
Q25339835	en	Meung Yum language
Q25407081	en	Ch'olan
Q25407081	en	Ch'olan languages
Q25407698	en	Laraos
Q25409	en	Kascha
Q25409	en	Kaschau
Q25409	en	Kassa
Q25409	en	Kosice
Q25442	en	Lusatian
Q25442	en	Lusatian Sorbian
Q25442	en	Sorbian language
Q25442	en	Sorbian languages
Q25442	en	Wendic
Q25442	en	Wendic language
Q25442	en	Wendish
Q25473909	en	Iraqi dialects
Q25473909	en	Iraqi Turkmen dialect
Q25473909	en	Iraqi Turkmen language
Q25473909	en	Iraqi Turkmen Turkish
Q25475	en	Batoum
Q2548276	en	bmm
Q255455	en	Jammu City
Q25559289	en	Sindhi Bhili
Q25559289	en	Sindhi Bhilki
Q25559314	en	Mandaic
Q25559417	en	Karenni
Q25559417	en	Karennyi
Q25559417	en	Kayah Li
Q25559417	en	Kayay
Q25559417	en	Kayeh
Q25559417	en	Red Karen
Q25559440	en	Shangzhai
Q25559440	en	sTodse
Q25559440	en	Western Jiarong
Q25559442	en	Wumeng Nasu language
Q25559442	en	Wumeng Yi
Q25559454	en	Eshan-Xinping Yi
Q25559468	en	Katingan language
Q25559519	en	Salako Dayak
Q25559519	en	Salako Kanayatn
Q25559519	en	Salako Kendayan
Q25559519	en	Salako language
Q25559519	en	Selako Dayak
Q25559519	en	Selako Kendayan
Q25559519	en	Selako language
Q25559563	en	Dieri language
Q25559563	en	Diyari language
Q25559700	en	Quichua (Loja)
Q25559706	en	Lowland Ecuadorian Quichua
Q25559730	en	Azoyú Tlapanec
Q25559732	en	Eastern Tlapanec
Q25559732	en	Malinaltepec Tlapanec
Q25562959	en	boteg
Q25580791	en	Bilah Malay
Q25580791	en	Labuhanbatu Malay
Q25580791	en	Panai Malay
Q25668566	en	Dhokpya
Q25668566	en	khrog pa'i sgo la'i skad
Q25668566	en	Thokpya
Q25668566	en	Tokpegola
Q2567055	en	Colorado
Q2567055	en	Tsachila language
Q2567055	en	Tsafiki
Q2567916	en	Barrow Point language
Q2567925	en	Pyu language
Q2567934	en	Vedda language
Q2567934	en	Veddah
Q2567942	en	Bonda language
Q2567942	en	Bondo
Q2567942	en	Remo
Q2567942	en	Remosam
Q25714758	en	Sangi
Q25714758	en	Sangih
Q25714758	en	Sangihe
Q25714758	en	Sangihé
Q25714758	en	Sangir
Q25714758	en	Sangir language
Q25714802	en	Ampibabo Lauje
Q2574767	en	Kamba (Kenya)
Q2574767	en	Kamba language
Q2574767	en	Kekamba language
Q2574767	en	Kikamba language
Q2575010	en	SQLPlus, SQL Plus
Q2576407	en	Vestinian language
Q2577228	en	Mysian language
Q2579500	en	Ometepec Nahuatl
Q2579500	en	Ometepec Nahuatl language
Q2579500	en	Ometepec Náhuatl language
Q25797	en	Silein
Q25797	en	Sillein
Q25797	en	Solna
Q25797	en	Zilina
Q25797	en	Zsolna
Q25797	en	Żylina
Q2579702	en	Jadabpur University
Q2579702	en	Jadavpur University, Kolkata
Q2579702	en	JU
Q2579702	en	University of Jadabpur
Q2579702	en	University of Jadavpur
Q258	en	R.S.A.
Q258	en	Republic of South Africa
Q258	en	RSA
Q258	en	SA
Q258	en	zaf
Q25803943	en	Tomini
Q25804	en	Drontheim
Q25804	en	Kaupangen
Q25804	en	Nidaros
Q25804	en	Trondhem
Q25804	en	Trondhjem
Q25818908	en	Kambowa language
Q2585357	en	Rikbaktsa language
Q2585632	en	Giimbiyu language
Q2586893	en	Baṭḥari
Q2586893	en	Bathari language
Q258778	en	XAML
Q2591165	en	Pacahuara language
Q2591175	en	Pintupi language
Q2591175	en	Pintupi-Luritja
Q2591184	en	Kwama language
Q2591193	en	Laragia
Q2591193	en	Laragiya language
Q2591193	en	Larrakiya
Q2591202	en	Chacobo
Q2591202	en	Chácobo
Q2591202	en	Chacobo language
Q2591202	en	Chácobo language
Q2591221	en	Arabela language
Q2591230	en	Kashinawa
Q2591230	en	Kaxinawa
Q2591230	en	Kaxinawá
Q2591243	en	Cholón lenguague
Q2591243	en	Seeptsá
Q2591243	en	Tinganeses
Q2591251	en	Ngurmbur language
Q2591288	en	Assiniboin
Q2591288	en	Assiniboine language
Q2591320	en	Djabugay language
Q2591320	en	Dyaabugay
Q2591329	en	Cayapa
Q2591329	en	Cayapa language
Q2591329	en	Chachi
Q2592378	en	Sambal language
Q2592378	en	Sambali
Q2592378	en	Zambal language
Q25953	en	Parthian language
Q2598797	en	Galambu language
Q2598963	en	Fu-yü Gïrgïs
Q2598963	en	Fuyu Kyrgyz language
Q2598963	en	Jilijisi
Q2598963	en	Manchurian Kirghiz
Q2598963	en	Oyrot
Q2600085	en	osa
Q2600085	en	Osage language
Q2603103	en	Awa Pit language
Q2603103	en	Awa-Cuaiquer
Q2603103	en	Quaiquer
Q2603808	en	mrq
Q2603808	en	North Marquesan language
Q2605680	en	Chaura language
Q2605680	en	Chowra
Q2605680	en	Sanenyo
Q2605689	en	She language
Q2605703	en	Musan
Q2605703	en	Siawi language
Q2605943	en	Mewati language
Q261076	en	Margelan
Q261076	en	Marghilon
Q261076	en	Marguelane
Q2613477	en	Logo
Q26155	en	Jounie
Q2618974	en	N/u
Q2618974	en	Nǀuu
Q2618974	en	Nǁng language
Q262	en	Djazaïr
Q262	en	Dzayer
Q262	en	People's Democratic Republic of Algeria
Q26233906	en	Dutch Ambonese
Q26233906	en	Dutch Ambonese dialect
Q26233906	en	Dutch Ambonese language
Q26233906	en	Dutch Ambonese Malay dialect
Q26233906	en	Dutch Ambonese Malay language
Q26233906	en	Melayu Sini
Q26233906	en	Melayu sini dialect
Q26236162	en	Okun dialect
Q2625398	en	Burua
Q2625398	en	Leco language
Q2625398	en	Leko
Q2625398	en	Rik'a
Q2625410	en	Baheng
Q2625410	en	Pa-Hng language
Q262579	en	Karaman City
Q262579	en	Laranda
Q26268	en	Lule
Q26268	en	Luulaja
Q26273	en	NL-SX
Q26273	en	Saint Martin
Q26273	en	Saint Martin (Dutch part)
Q26273	en	Sint Maarten (Dutch part)
Q26273	en	Sint Martin
Q26273	en	St Martin
Q26273	en	St. Maarten
Q26273	en	SX
Q26273	en	sxm
Q262854	en	Lancaster University
Q262854	en	The University of Lancaster
Q2630324	en	High Level Assembler
Q2630324	en	HLA
Q2634	en	Napoli
Q2634	en	Neapolis
Q263544	en	CIL
Q263544	en	MSIL
Q2635961	en	Nukuoro language
Q2638144	en	Sukuma language
Q2640621	en	Arhuaco language
Q2640621	en	Ikʉ
Q2640628	en	Kwak'wala
Q2640628	en	Kwakiutl
Q2640628	en	Kwakwala
Q2640628	en	Kwak̓wala
Q2640646	en	Yuracar
Q2640646	en	Yuracare
Q2640646	en	Yuracare language
Q2640646	en	Yuracaré language
Q2640646	en	Yurakar
Q2640646	en	Yurakare
Q2640646	en	Yurakaré
Q2640646	en	Yurucare
Q2640646	en	Yurújare
Q2640646	en	Yurujuré
Q2640686	en	Anakola
Q2640686	en	Anakola Batak
Q2640686	en	Anakola language
Q2640686	en	Angkola Batak
Q2640686	en	Angkola language
Q2640863	en	Northern Altai language
Q2640863	en	Northern Altai languages
Q2640863	en	Northern Altay
Q2640935	en	Murui Huitoto language
Q26421	en	Dordt
Q26421	en	Dort
Q26425602	en	Nyaw language
Q26432	en	Sweet Lake City
Q265	en	Republic of Uzbekistan
Q2656	en	Palermo, Italy
Q26563	en	Roeskilde
Q26569	en	Zahle
Q2658760	en	Hai
Q2658760	en	Hai//om
Q2658760	en	Haiǀǀom
Q2658760	en	um
Q2658760	en	ǂAakhoe
Q2658760	en	ǂAakhoe dialect
Q2659044	en	Eastern Maroon Creole
Q2659044	en	Nenge
Q2659044	en	Nengee
Q266417	en	Callahuaya
Q266417	en	Callawalla
Q266417	en	Kallawaya language
Q2665734	en	Kaingang language
Q2666835	en	Fortsenal
Q2666835	en	Kiai language
Q266896	en	Astara (Azerbaijan)
Q2669150	en	Amahuaca language
Q2669157	en	Yuri language
Q2669164	en	Enggan language
Q2669164	en	Enggano language
Q2669169	en	Cristan
Q2669169	en	Cristão
Q2669169	en	Kristang language
Q2669169	en	Linggu Mai
Q2669169	en	Malaccan Creole Portuguese
Q2669169	en	mcm
Q2669169	en	Papia
Q2669169	en	Papia Kristang
Q2669169	en	Portugis
Q2669169	en	Portugues di Melaka
Q2669181	en	Atacameño
Q2669181	en	Ckunsa
Q2669181	en	Cunza
Q2669181	en	Kunza language
Q2669181	en	Likanantai
Q2669181	en	Likanantaí
Q2669181	en	Lipe
Q2669181	en	Ulipe
Q2669184	en	Amacacore
Q2669184	en	Hamacore
Q2669184	en	Ikito
Q2669184	en	Iquita
Q2669184	en	Iquito language
Q2669184	en	Puca-Uma
Q2669184	en	Quiturran
Q2669188	en	Apma language
Q2669193	en	Guahibo language
Q2669202	en	Barbacoas
Q2669202	en	Pasto language
Q2669214	en	Ambelau language
Q2669214	en	Amblau
Q2669219	en	Gooniyandi
Q2669219	en	Guniyandi language
Q2669221	en	Gongduk language
Q2669225	en	Andoque language
Q2669235	en	Bolinao language
Q2669248	en	kla
Q2669248	en	Klamath
Q2669248	en	Klamath language
Q2669248	en	Klamath Modoc
Q2669248	en	Klamath-Modoc language
Q2669248	en	Lutuamian
Q2669248	en	Modoc language
Q2669248	en	Modoc-Klamath
Q2669569	en	Djiwarli
Q2669569	en	Jiwarli dialect
Q2669569	en	Tjiwarli
Q2671988	en	Shipibo-Konibo
Q2671999	en	Drakon
Q26793	en	Bjørgvin
Q268130	en	Mocheno
Q268130	en	Mócheno
Q268130	en	Mocheno language
Q268130	en	Mòcheno language
Q26881	en	Elsinore
Q26881	en	Helsingor
Q26881	en	Helsingör
Q268924	en	Okpe (Southwestern Edo)
Q268924	en	Okpe language
Q269	en	Binkath
Q269	en	Chach
Q269	en	Choch
Q269	en	Shash
Q269	en	Shosh
Q269	en	Tashkand
Q269	en	Toshkent
Q26906	en	Angostura
Q2691548	en	Thimbukushu language
Q2697010	en	Li'o language
Q26988	en	ck
Q26988	en	COK
Q26988	en	Cook Group
Q26988	en	Hervey Islands
Q2699882	en	Araki language
Q27	en	Hibernia
Q27	en	Irish Republic
Q27	en	Southern Ireland
Q270041	en	Hodeda
Q270041	en	Hodeida
Q270041	en	Hodeidah
Q270041	en	Hudaida
Q2701322	en	Osing language
Q2701322	en	Using
Q2701322	en	Using Javanese
Q2701322	en	Using language
Q270176	en	Belagavi
Q270176	en	Belgaon
Q270222	en	Agricultural College of the State of Michigan
Q270222	en	MI State U
Q270222	en	MI State University
Q270222	en	Michigan Agricultural College
Q270222	en	Michigan State
Q270222	en	Michigan State College of Agriculture and Applied Science
Q270222	en	Michigan State University of Agriculture and Applied Science
Q270222	en	MSU
Q270222	en	msu.edu
Q270222	en	Spartans
Q270222	en	State Agricultural College
Q270734	en	Broken Hill, New South Wales
Q270734	en	Broken Hill, New South Wales, Australia
Q2707343	en	Sebat Bet Gurage language
Q270821	en	Baqouba
Q270821	en	Baquba
Q2712572	en	Ivrit Rabanit
Q2712572	en	Ivrit Rabbanit
Q2712572	en	Ivrit Shel Yamei HaBenaiim
Q2712572	en	Ivrit Shel Yameyi HaBenayim
Q2712572	en	Ivrit shel Yammei HaBennayim
Q2712572	en	Ivrit shel Yemmey HaBennayim
Q2712572	en	Rabbinic Hebrew
Q2712572	en	Rabbinical Hebrew
Q27144776	en	Kemiehua language
Q2714654	en	Anindilyakwa language
Q2714654	en	Enindhilyagwa language
Q2714690	en	Alak language
Q271911	en	Guwahati Tea Auction Centre
Q2719893	en	Javindo language
Q2719893	en	Krontjong
Q2721227	en	ona
Q2721227	en	Ona language
Q2721227	en	Selk'nam
Q2721227	en	Shelknam
Q2723670	en	ASU
Q2723670	en	asu.edu.eg
Q2723670	en	Ayn Shams University
Q272471	en	Matanza
Q27265	en	Paris Lodron University
Q27265	en	Paris Lodron University Salzburg
Q27265	en	PLUS
Q272680	en	Bostra
Q273030	en	Hardwár
Q2731717	en	Gamit language
Q2735715	en	Ping Chinese
Q2735715	en	Pinghua Chinese
Q2736980	en	Apalai
Q2736980	en	Apalai language
Q2736980	en	Apalaí language
Q273779	en	Ndar
Q273779	en	Saint Louis
Q273779	en	Saint-Louis, Senegal
Q273779	en	St. Louis
Q274120	en	Niagara Falls, ON
Q274120	en	Niagara Falls, Ontario
Q2741615	en	Riang Lang language
Q2741615	en	Riang language
Q2742262	en	Besisi
Q2742262	en	Mah Meri language
Q2742268	en	Mendriq
Q2742268	en	Menriq
Q2742268	en	Minriq language
Q2742661	en	Jah Hut language
Q2744745	en	Guambiano language
Q2744745	en	Namoi Wam
Q2744745	en	Namtrik
Q2746221	en	Arawa
Q2746221	en	Arawa language
Q2746221	en	Arawá language
Q2746221	en	Aruá (Amazonas State)
Q27480	en	eya
Q27480	en	Eyak language
Q2748232	en	Anong
Q2748232	en	Nung language
Q2748259	en	Pilaga
Q2748259	en	Pilaga language
Q2748259	en	Pilagá language
Q2751	en	Sienna
Q275131	en	scratch.mit.edu
Q275472	en	FORTH
Q275635	en	Massauah
Q275635	en	Massowa
Q275635	en	Massowah
Q275635	en	Masuah
Q275635	en	Miṣṣiwa
Q275635	en	Mitsiwa
Q275635	en	Mossowah
Q2759	en	Urbinus
Q27602	en	Abujmaria
Q27602	en	Abujmaria language
Q27602	en	Madiya
Q27602	en	Madiya language
Q27602	en	Maria language
Q2760613	en	Bidayuh languages
Q2760613	en	Land Dayak languages
Q2760613	en	Southern Land Dayak languages
Q2762100	en	N. Nicosia
Q2762100	en	Northern Nicosia
Q27683	en	ace
Q27683	en	Aceh language
Q27683	en	Acehnese language
Q27683	en	Achinese
Q27683	en	ISO ace
Q27692	en	Chipewyan language
Q27692	en	Dene Suline
Q27709	en	AdaSL
Q27709	en	Mumu kasa
Q27740	en	Adele language
Q277664	en	Tampereen teknillinen yliopisto
Q277681	en	Semmelweis Egyetem
Q277681	en	Universitas Budapestiensis de Semmelweis Nominata
Q277710	en	A (programming language)
Q277710	en	A plus programming language
Q277710	en	A+ (programming language)
Q27782	en	Deg Xinag language
Q27782	en	Degexit'an
Q27785	en	Dena'ina language
Q27785	en	Tanaina
Q27785	en	Tanaina language
Q2779411	en	kae
Q2779411	en	Ketagalan language
Q2779411	en	Ketangalan
Q2779411	en	Luilang language
Q277963	en	Gula (Central African Republic)
Q277963	en	Kara language (Sudan)
Q277963	en	Tar Gula language
Q278041	en	Mpra language
Q27808515	en	Shipibo language
Q278365	en	Lamogai language
Q2784033	en	Deyah language
Q2784033	en	dun
Q2784033	en	Dusun Deyah
Q27864	en	Babeen
Q27864	en	Babeen language
Q27864	en	Babine
Q27864	en	Babine Carrier
Q27864	en	Babine Carrier language
Q27864	en	Babine language
Q27864	en	Babine-Hagwilgate
Q27864	en	Babine-Hagwilgate language
Q27864	en	Babine-Wet'suwet'en
Q27864	en	Babine-Wet'suwet'en language
Q27864	en	Babine-Witsuwit'en language
Q27864	en	Bulkley Valley Lakes District language
Q27864	en	Nadot'en
Q27864	en	Nadot'en language
Q27864	en	Nadot'en-Wet'suwet'en
Q27864	en	Nadot'en-Wet'suwet'en language
Q27864	en	Nat'ooten
Q27864	en	Nat'ooten language
Q27864	en	Nâte-ote-tain
Q27864	en	Nâte-ote-tain language
Q27864	en	Nedut'en
Q27864	en	Nedut'en language
Q27864	en	North Carrier
Q27864	en	North Carrier language
Q27864	en	Northern Carrier
Q27864	en	Northern Carrier language
Q27864	en	Northwestern Carrier
Q27864	en	Northwestern Carrier language
Q27864	en	Western Carrier
Q27864	en	Western Carrier language
Q27864	en	Witsuwit'en-Babine
Q27864	en	Witsuwit'en-Babine language
Q2786408	en	Bumthang language
Q2786408	en	Bumthangkha
Q27878	en	Cabecar
Q27878	en	Cabécar language
Q2790	en	Videm
Q27921409	en	Lor
Q27926110	en	Gourara
Q27926110	en	Gurara language
Q279350	en	High German
Q279350	en	SHG
Q279350	en	Standard German
Q279350	en	Written German
Q27963	en	Naukan Yupik language
Q2796873	en	Bima language
Q27993	en	Akuzipigestun
Q27993	en	Bering Strait Yupik
Q27993	en	Central Siberian Yupik language
Q27993	en	Siberian Yupik language
Q27993	en	Yoit language
Q27993	en	Yuit language
Q2802914	en	East Teke language
Q2802914	en	Ibali Teke
Q28058	en	Hoopa-Chilula
Q28058	en	Hupa language
Q28059	en	Akawaio language
Q28060	en	Western Apache language
Q2806128	en	Wamesa
Q2806128	en	Wandamen language
Q2806128	en	Wondama
Q28062	en	Upper Kuskokwim language
Q28064	en	Tā̀gish
Q28064	en	Tagish language
Q28064	en	Tāgizi Dene
Q280824	en	Technische Hogeschool Eindhoven
Q280824	en	Technische Universiteit Eindhoven
Q280824	en	TU/e
Q280824	en	tue.nl
Q28092	en	Algonkin
Q28092	en	Algonkin language
Q28092	en	Algonquin language
Q28092	en	alq
Q28092	en	Anicinabemowin
Q28092	en	Anicinàbemowin
Q28092	en	Anicinabemowin language
Q28092	en	Anicinàbemowin language
Q28092	en	Article name
Q28176	en	Altay
Q28176	en	Gorno-Altai
Q28176	en	Gorno-Altay
Q28176	en	Oirot
Q282011	en	crj
Q282011	en	crl
Q2820163	en	Abaknon language
Q2820163	en	Inabaknon
Q2822110	en	Abui language
Q2822982	en	Achagua
Q2822982	en	Achawa language
Q2823170	en	Jivaro
Q2823170	en	Maina
Q2823170	en	Shiwiar
Q2823170	en	Shiwiar language
Q28268	en	Tanacross language
Q28269	en	Lipan Apache
Q28269	en	Lipan language
Q2827041	en	Agnean
Q2827041	en	East Tocharian
Q2827041	en	Tokharian A
Q2827041	en	Turfanian
Q28272	en	Han
Q28272	en	Han language
Q28272	en	Hän language
Q28277	en	Jicarilla Apache
Q28277	en	Jicarilla language
Q2827749	en	Ai-Cham language
Q28281	en	Upper Tanana language
Q2828867	en	Ajie
Q2828867	en	Ajië language
Q282888	en	Iaai language
Q2828964	en	Akei language
Q2829146	en	Acroa
Q2829146	en	Acroa language
Q2829146	en	Acroá language
Q28302	en	ch
Q28302	en	Cugtun
Q28302	en	Nunivak Cup'ig language
Q28304	en	koy
Q28304	en	Koyukon language
Q28305	en	Khoe
Q28305	en	Khoe language
Q28305	en	Khwe language
Q28305	en	Khwedam language
Q28305	en	Kxoe
Q28305	en	Kxoe language
Q28305	en	xuu
Q28335	en	Amdang language
Q28335	en	Biltine language
Q283368	en	ar-Rakka
Q283368	en	ar-Raqa
Q283368	en	ar-Raqqa
Q283368	en	ar-Raqqah
Q283368	en	Leontopolis
Q283368	en	Rakka
Q283368	en	Raqa
Q283368	en	Raqqah
Q28395	en	Agni language
Q28395	en	Agny language
Q28395	en	Anyi language
Q28395	en	Anyin language
Q2839722	en	Baure language
Q28400	en	Bri Bri
Q28400	en	Bri-bri
Q28400	en	Bribri language
Q28400	en	Bribri-wak
Q28400	en	Bribriwak
Q28410857	en	Chu language
Q2841180	en	Amara language
Q2841465	en	Amba language
Q2841471	en	East Ambae language
Q2841479	en	West Ambae language
Q28422	en	Pohnpeian language
Q28422	en	Ponapean
Q2842468	en	North Ambrym language
Q2842667	en	Camsa
Q2842667	en	Camsa language
Q2842667	en	Camsá language
Q2842667	en	Kamëntšá
Q2842667	en	Kamëntšá language
Q2842667	en	Kamsá
Q2842667	en	Kamsá language
Q28427	en	cal
Q28427	en	Carolinian language
Q28427	en	Saipan
Q28427	en	Saipan Carolinian
Q28427	en	Saipan Carolinian language
Q28427	en	Saipan lauguage
Q28427	en	Southern Carolinian
Q28433	en	Ao language
Q28449794	en	Myang Zhuang language
Q28449798	en	Longsang Zhuang language
Q28449855	en	Gomotage language
Q2845320	en	Anaang language
Q284604	en	Glatz
Q284604	en	Kladsko
Q2846078	en	Andaqui language
Q2846171	en	Andoa (Ecuador)
Q2846171	en	Andoa (Peru)
Q2846171	en	Andoa language
Q2846195	en	Andra-Hus language
Q28477	en	Satawalese language
Q28497058	en	Orleanais language
Q2850262	en	Ndzwani Comorian language
Q28508	en	Holikachuk language
Q2852547	en	Antaisaka
Q2852547	en	Antesaka
Q2852547	en	Antesaka dialect
Q2852547	en	tkg
Q2852592	en	Antandroy
Q2852592	en	Tandroy-Mahafaly Malagasy
Q2852592	en	tdx
Q2852610	en	Antanosy
Q2852610	en	Tanosy Malagasy
Q2852610	en	txy
Q28535	en	Chilcotin language
Q28535	en	clc
Q28535	en	Tsilhqot’in
Q28535	en	Tsilhqut’in
Q28535	en	Tzilkotin
Q28552	en	Dene K'e (Slavey)
Q28552	en	South Slavey
Q28552	en	South Slaveycesi
Q28552	en	xsl
Q28562	en	Sekani language
Q28565	en	Lower Tanana language
Q28568	en	Tutchone language
Q28570	en	Chevak Cup’ik language
Q2857892	en	Galo
Q2858311	en	Apinaye
Q2858311	en	Apinaye language
Q2858311	en	Apinayé language
Q2859081	en	Apurinã language
Q2859505	en	Aranama language
Q2859505	en	Aranama-Tamique
Q2859505	en	Araname
Q28602	en	Aramaic languages
Q2863482	en	Arop-Lokep language
Q2863483	en	Arosi language
Q2863511	en	Sihanaka dialect
Q2866218	en	As language
Q28671271	en	Barma
Q28671271	en	Mbarmi
Q28671271	en	Zul language
Q28671322	en	Dir language
Q2868	en	City of the Kings
Q28695	en	Helsingfors universitet
Q28695	en	Helsingin yliopisto
Q28695	en	Helsinki University
Q28695	en	helsinki.fi
Q28695	en	Imperial Alexander University in Finland
Q28695	en	Keisarillinen Aleksanterin-Yliopisto
Q28695	en	Kejserliga Alexander-universitetet
Q28695	en	UH
Q28695	en	UHEL
Q28695	en	UHelsinki
Q28695	en	UnivHel
Q28695	en	UoH
Q2871740	en	Abishira
Q2871740	en	Aewa
Q2871740	en	Aiwa
Q2871740	en	Avishiri
Q2871740	en	Aʔɨwa
Q2871740	en	Ixignor
Q2871740	en	Tekiraka
Q2871740	en	Tekiráka
Q2871740	en	Tequiraca language
Q2871740	en	Vacacocha
Q2872082	en	Aushi language
Q28729	en	Calicut
Q2873211	en	Awiyaana language
Q2873230	en	Ava Guaraní
Q2873230	en	Ava Guarani language
Q2873230	en	Chiripa
Q2873230	en	Chiripá
Q2873230	en	Nhandéva
Q2874642	en	Awa (China)
Q2874642	en	Awa language
Q2874650	en	Awa (New Guinea)
Q2874650	en	Awa (Papua New Guinea)
Q2874650	en	Awa language
Q2874658	en	Awad Bing language
Q2874670	en	Awara language
Q2874710	en	Akhamb
Q2874710	en	Axamb language
Q2875	en	GWTW
Q2875044	en	Ajuru
Q2875044	en	Wayoro
Q2875044	en	Wayoro language
Q2875044	en	Wayoró language
Q2877785	en	Babatana language
Q2878833	en	Baelelea language
Q2878850	en	Baeggu language
Q2878874	en	Baetora language
Q2879238	en	Baha Buyang
Q2879238	en	Paha language
Q2879298	en	Bahonsuai language
Q2880165	en	Baka (Sudan)
Q2880165	en	Baka language
Q2880535	en	Balangingi
Q2880535	en	Balangingih Sama language
Q2881675	en	Baluan-Pam language
Q2882543	en	Baniwa of Içana
Q2882543	en	Curripaco language
Q2882543	en	Ipeka-Tapuia-Curripako
Q2882543	en	Kurripako
Q2882857	en	Bannoni language
Q2882857	en	Tsunari
Q2883521	en	Bantik language
Q2883738	en	Bará language
Q2883738	en	Waimahã language
Q2883738	en	Waimajã language
Q2883794	en	Baram Kayan language
Q2883843	en	Barasana-Eduria language
Q2883843	en	Barasano
Q2884502	en	Bariai language
Q2884743	en	Barok language
Q2886189	en	Baruga language
Q2886281	en	Bari
Q2886281	en	Bari language
Q2886281	en	Barí language
Q28868951	en	Antoniaño
Q28868951	en	Sextapay
Q2888158	en	Sape
Q2888158	en	Sape language
Q2888158	en	Sapé language
Q2891042	en	Alas Batak
Q2891042	en	Alas language
Q2891042	en	Batak Alas
Q2891045	en	btd
Q2891045	en	Dairi language
Q2891049	en	btm
Q2891049	en	Mandailiang
Q2891049	en	Mandailiang language
Q2891049	en	Mandailing language
Q2891049	en	Saro Mandailing
Q2891054	en	Batak Simalungun language
Q2891054	en	bts
Q2891054	en	Simalungun
Q2891054	en	Simalungun language
Q2891054	en	Simelungan
Q2891054	en	Simelungan language
Q28911	en	Lahtis
Q2891902	en	Batu belah
Q2891902	en	Central Berawan language
Q2891938	en	Bau Bidayuh
Q2891938	en	Jagoi language
Q2892068	en	Bauro language
Q2892068	en	Tairaha
Q2892477	en	Banyum language
Q2892477	en	Banyun language
Q2894198	en	Belait language
Q2895638	en	Benabena language
Q2896217	en	Michoacan Nahuatl
Q2896850	en	Bera
Q2896850	en	Bira language
Q289816	en	Bon Gula language
Q289832	en	Besme language
Q2899128	en	Berrichon dialect
Q2899128	en	berrichonne
Q29	en	Kingdom of Spain
Q2900	en	Kitu
Q2900	en	Quito, Ecuador
Q2900	en	San Francisco de Quito
Q2900	en	UIO
Q2900881	en	Biatah Bidayuh
Q2900881	en	Biatah language
Q2902029	en	Bierebo language
Q2902304	en	Big Nambas language
Q2902304	en	V'ënen Taut
Q2902375	en	Biga language
Q2902626	en	Bila language
Q2903780	en	Biloxi language
Q2903788	en	Bilur language
Q2903788	en	Minigir
Q29042	en	Akreyri
Q29042	en	Akureyrarkaupstaður
Q2904312	en	Bipi language
Q2904383	en	Birao language
Q2904868	en	Bit language
Q2904868	en	Buxinhua
Q2905245	en	Blablanga language
Q2906632	en	L'shon Hakodesh
Q2906632	en	Lashon Hakodesh
Q2907	en	Charcas
Q2907	en	Chuquisaca
Q2907	en	La Plata
Q2907	en	The Illustrious and Heroic Sucre
Q2907551	en	Boazi language
Q2907551	en	Kuni-Boazi
Q2907551	en	Kunzi
Q2907551	en	Kunzi language
Q2908807	en	Tulu-Bohuai language
Q2909984	en	Dengese language
Q2910053	en	Bonggi language
Q2910067	en	Bongo language
Q2910610	en	Borana language
Q2910610	en	Borana-Arsi-Guji Oromo
Q2912846	en	Pauserna language
Q2912846	en	Warázu language
Q2919128	en	Orma language
Q292068	en	UNIX m4
Q2927370	en	Mapos Buang language
Q29277	en	Are language
Q2927723	en	Bughotu language
Q2927799	en	Bidayuh Bukar-Sadong
Q2927799	en	Bukar Sadong language
Q2927799	en	Bukar-Sadong Bidayuh
Q2927799	en	Bukar-Sadung Bidayuh
Q2927952	en	Buli language
Q2928207	en	Bungku language
Q2928261	en	Baonao
Q2928261	en	Nao Klao language
Q2928278	en	Buol language
Q2928522	en	Banam Bay
Q2928522	en	Burmbar language
Q2928650	en	Buru (Indonesia)
Q2928650	en	Buru language
Q2928942	en	Butmas language
Q2928942	en	Butmas-Tur
Q2928942	en	Farafi language
Q2929111	en	Bwaidoka language
Q29292	en	Argobba language
Q29303	en	Canterbury, United Kingdom
Q29316	en	Aromanian language
Q29316	en	Arumanian
Q29316	en	Arumanian language
Q29316	en	Macedo-Aromanian language
Q29316	en	Macedo-Romanian
Q29316	en	Macedo-Romanian language
Q29316	en	Macedo-Vlach
Q29316	en	Macedo-Vlach language
Q29316	en	roa-rup
Q29316	en	Vlach
Q29316	en	Vlach language
Q2932212	en	Caac language
Q2932485	en	Cacgia Roglai language
Q2932604	en	Bakau
Q2932604	en	Paku language
Q2932604	en	pku
Q2933	en	Assumption
Q2933	en	Asu
Q2933	en	Asuncion
Q2933175	en	Cahuarano language
Q29347	en	Arvanitic language
Q29347	en	Arvanitika
Q29347	en	Arvanitika Albanian
Q29347	en	Arvanitika language
Q2936334	en	Canela language
Q2936334	en	Canela-Krahô
Q2936374	en	Canesi
Q2936374	en	Canichana language
Q2936374	en	Joaquiniano
Q2936935	en	Cao Miao language
Q2937196	en	Capanahua language
Q2937753	en	Caranqui language
Q29440	en	aii
Q29440	en	Assyrian
Q29440	en	Assyrian language
Q29440	en	Chaldean
Q29440	en	Eastern Syriac
Q29440	en	Neo-Syriac
Q29440	en	Suret language
Q2945610	en	Sangkong language
Q29474	en	Ateso
Q29474	en	Teso language
Q2948019	en	Eastern Cham language
Q2948019	en	Panduranga Cham language
Q2948019	en	Phan Rang Cham language
Q29490	en	Asi language
Q29490	en	Bantoanon language
Q29490	en	Calatravanhon language
Q29490	en	Odionganon language
Q29490	en	Sibalenhon language
Q29490	en	Simaranhon language
Q295232	en	AMOS BASIC
Q295232	en	AMOS BASIC programming language
Q295232	en	AMOS Pro
Q295232	en	AMOS Professional
Q295232	en	Easy AMOS
Q29540	en	Austro-Bavarian
Q29540	en	Austro-Bavarian language
Q29540	en	Bavarian language
Q29540	en	Boarisch
Q29540	en	Boirisch
Q29579	en	Awadhi language
Q2962074	en	Upper Chehalis language
Q2962165	en	Hograno
Q2962165	en	Marine
Q2962165	en	Maringe
Q2963909	en	Makhuwa-Shirima language
Q2963912	en	Eastern Bolivian Guarani
Q2963912	en	Tapiete
Q2964008	en	Mabarwe
Q2964008	en	Manyika Chibarwe language
Q2964262	en	Chocho language
Q2964262	en	Chocholtec
Q2964262	en	Chocholteco Chochotec
Q2964262	en	Chochon
Q2964262	en	Chochotec
Q2964262	en	Ngigua
Q2964447	en	Choni language
Q2964450	en	Huamelula language
Q2964450	en	Huamelultec
Q2964450	en	Lowland Oaxaca Chontal
Q2964454	en	Tequistlatec language
Q2964521	en	Chorote language
Q2964521	en	Iyojwa'ja
Q2964623	en	Choinumne
Q2964623	en	Choynimni dialect
Q2967321	en	Chru language
Q2967621	en	Chukchansi language
Q2967636	en	Cruzeño language
Q2967636	en	Island Chumash
Q2967636	en	Isleño
Q2967638	en	Purisimeño language
Q2967709	en	Chut language
Q2967709	en	Sach
Q2976736	en	Pileni
Q2976736	en	Vaeakau-Taumako language
Q298	en	CHI
Q298	en	Republic of Chile
Q298	en	República de Chile
Q2980375	en	Guayabero language
Q2980375	en	Jiw
Q2980381	en	Ese Ejja language
Q2980381	en	Ese'jja language
Q2980386	en	Bandjalang language
Q2980386	en	Bundjalung
Q2980386	en	Bundjalung language
Q2980392	en	Mbukarla language
Q2980392	en	Umbugarla language
Q2980398	en	Murrinh-Patha
Q2980398	en	Murrinh-patha language
Q2980404	en	Xetá
Q2980404	en	Xeta language
Q2980421	en	Cuiba language
Q2981109	en	Coast Miwok language
Q2981620	en	Matses
Q2981620	en	Matses language
Q2981620	en	Matsés language
Q2981620	en	Mayoruna
Q2981948	en	Col language
Q2981948	en	Cul language
Q2981948	en	Linggau language
Q2982063	en	Pitjantjatjara dialect
Q2982063	en	Pitjantjatjara language
Q2982063	en	pjt
Q2982964	en	Barranquenho dialect
Q2982964	en	Barranquenho language
Q2982964	en	Barranquian
Q2982964	en	Barranquian dialect
Q2982964	en	Barranquian language
Q2984540	en	Laora
Q2984540	en	Laura language
Q2984602	en	Colville-Okanagan language
Q2984602	en	Okanagan language
Q2984602	en	Okanagen language
Q2984602	en	Okanagon language
Q2984602	en	Okanakan language
Q2984602	en	Okanogan language
Q2984602	en	Okinagan language
Q2984602	en	Okinakan language
Q2984602	en	Okinaken language
Q2984602	en	Syilx
Q2984602	en	Wakyanakane language
Q2988323	en	Amazigh Sokna language
Q2988323	en	Sawknah
Q2988323	en	Sokna language
Q29888	en	Assouan
Q29888	en	Syene
Q29888	en	ʾAswān
Q29902	en	East Yugur
Q29902	en	Eastern Yugur language
Q29902	en	Shira Yughur
Q2991985	en	Pumpokol language
Q2992833	en	Simalur language
Q2992833	en	Simeulue language
Q2992833	en	Simolol language
Q2992841	en	Hmar language
Q2992872	en	Dayak Ngaju
Q2992876	en	Nuu-chah-nulth language
Q2992876	en	Nuuchahnulth
Q2992892	en	Uru language
Q2992906	en	Karkar language
Q2992906	en	Karkar-Yuri
Q2992915	en	Yale
Q2992915	en	Yalë language
Q29930	en	Ekoti language
Q29930	en	Koti
Q29930	en	Koti language
Q29942	en	Enets language
Q29942	en	Yenisey
Q29962	en	Asioot
Q29962	en	Siout
Q2996970	en	Cora language
Q2999	en	Kreisfreie Stadt Würzburg
Q2999	en	Wörtzburch
Q2999	en	Wuerzburg
Q29999	en	Kingdom of Netherlands
Q29999	en	Nederlanden
Q29999	en	Netherlands
Q29999	en	the Netherlands
Q30	en	Merica
Q30	en	Murica
Q30	en	the States
Q30	en	the U.S.
Q30	en	the U.S. of A
Q30	en	the U.S. of America
Q30	en	the U.S.A.
Q30	en	the United States
Q30	en	the United States of America
Q30	en	the US
Q30	en	the US of A
Q30	en	the US of America
Q30	en	the USA
Q30	en	U. S.
Q30	en	U. S. A.
Q30	en	U.S. of America
Q30	en	US of A
Q30	en	US of America
Q30002	en	Baghshūr
Q30002	en	Cheng-tu
Q30002	en	Cheng-tu Shih
Q30002	en	Chengdou
Q30002	en	Chengdu Shi
Q30002	en	Chengtu
Q30002	en	Chingtu-fu
Q30002	en	Sin-din-fu
Q30002	en	Sindafu
Q30002	en	Tchengtou
Q30002	en	Tchingtou
Q30004	en	Evenki language
Q30004	en	Solon
Q30004	en	Solon language
Q30004	en	Tungus
Q30004	en	Tungus language
Q3001	en	Parbo
Q3001877	en	Cowlitz language
Q300577	en	Velu
Q3006280	en	Guadeloupe Creole
Q3006280	en	Guadeloupean Creole French
Q3006280	en	Guadeloupean French Creole
Q3006280	en	Kreyol
Q3006280	en	Kréyol
Q3006280	en	Patwa
Q3006281	en	Martinican Creole French
Q3006281	en	Martinique Creole
Q3006705	en	Cubeo language
Q300897	en	Basic Calculator
Q300897	en	UNIX bc
Q3009690	en	Camuhi
Q3009690	en	Camuki
Q3009690	en	Cemuhi
Q3009690	en	Cemuhî
Q3009690	en	Cemuhi language
Q3009690	en	Cèmuhî language
Q301116	en	Namblong language
Q301116	en	Nambrong language
Q301116	en	Namlong language
Q301116	en	Nimboran language
Q3012	en	Ulm alb-Donau
Q30125	en	Tahltan language
Q30125	en	Tāłtān
Q3012604	en	Dʉmʉna
Q3012604	en	Guamaca language
Q3012604	en	Malayo
Q3012604	en	Wiwa language
Q3015523	en	Kita Maninka language
Q30226846	en	Tangbe
Q30226846	en	Tangbe language
Q30249597	en	Bay
Q30249597	en	enf
Q3025610	en	Temuan language
Q3026110	en	Yaminawa language
Q302745	en	Hal
Q3027471	en	Huerteño
Q3027471	en	Ku'ahl
Q3027471	en	Mexico Tipai
Q3027471	en	Mexico Tipai language
Q3027471	en	Southern Diegueño
Q3027471	en	Tiipai
Q3027471	en	Tiipai language
Q3027471	en	Tiipay
Q3027471	en	Tipai (Mexico)
Q3027471	en	Tipai (United States of America)
Q3027471	en	Tipai (USA)
Q3027471	en	Tipay
Q3027471	en	United States of America Tipai
Q3027471	en	United States of America Tipai language
Q3027471	en	USA Tipai
Q3027471	en	USA Tipai language
Q3027474	en	Iipay
Q3027474	en	Ipai language
Q3027474	en	Northern Diegueño
Q3027879	en	Lakkia
Q3027879	en	Lakkja language
Q3027894	en	Muinane language
Q3027909	en	Pakaasnovos
Q3027909	en	Pakaásnovos
Q3027909	en	Wari’ language
Q3027918	en	Guaipunabi
Q3027918	en	Puinavé
Q3027918	en	Puinave language
Q3027918	en	Waipunavi
Q3027918	en	Wanse
Q3027918	en	Wãnsöhöt
Q3027918	en	Wã́nsöjöt
Q3027923	en	Playero language
Q3027928	en	Irarutu language
Q3027928	en	Kasira
Q3027930	en	Aweikoma
Q3027930	en	Laklãnõ
Q3027930	en	Shokleng
Q3027930	en	Shokléng
Q3027930	en	Xakleng
Q3027930	en	Xakléng
Q3027930	en	Xogleng
Q3027930	en	Xogléng
Q3027930	en	Xokleng language
Q3027930	en	Xokre
Q3027930	en	Xokré
Q3027930	en	Xokreng
Q3027930	en	Xokréng
Q3027940	en	Guato
Q3027940	en	Guato language
Q3027940	en	Guató language
Q3027953	en	Siriono
Q3027953	en	Siriono language
Q3027953	en	Sirionó language
Q3027953	en	srq
Q3028668	en	Diodio language
Q3028668	en	West Goodenough
Q3029682	en	Maxakali
Q3029682	en	Maxakali language
Q3029682	en	Maxakalí language
Q3029805	en	Tinigua language
Q3030315	en	Sankethi dialect
Q3030315	en	Sanketi
Q30304266	en	Ngaliwurru dialect
Q30304280	en	Yiidji
Q30304423	en	Tolchha
Q30304527	en	kca-nor
Q30304527	en	Northern Khanti
Q30304618	en	kca-sou
Q30304618	en	Southern Khanti
Q30304618	en	Southern Khanty language
Q303154	en	Nyalayu
Q303154	en	Nyalayu language
Q303154	en	Nyâlayu language
Q303154	en	Nyelayu
Q303154	en	Nyelâyu
Q30319	en	Silesian dialect
Q30319	en	Silesian language
Q30319	en	Upper Silesian
Q3032135	en	Ale language
Q3032135	en	Gawwada language
Q30323994	en	Niwer Mil language
Q30326599	en	Wayampipukú language
Q30334614	en	Toum
Q30334841	en	Chesu language
Q3033534	en	Guana (Paraguay)
Q3033534	en	Kaskiha language
Q3033534	en	Kaskihá language
Q3033544	en	Maskoy language
Q3033544	en	Toba-Maskoy
Q3033547	en	Kakuwa
Q3033547	en	Kakwa language
Q3033554	en	Bogan
Q3033554	en	Bugan language
Q3033554	en	Bugeng
Q3033554	en	Pakan
Q3033560	en	Lemolang language
Q3033565	en	Mbay language
Q3033570	en	Alberta Assiniboine
Q3033570	en	Nakoda
Q3033570	en	Nakota
Q3033570	en	Stoney language
Q3033570	en	Stony
Q3033575	en	West Makian language
Q3033578	en	Nyeu language
Q3033578	en	Yeu
Q3033588	en	Toposa language
Q3033594	en	Mamvu language
Q3033597	en	Tolaki language
Q3033726	en	Doga language
Q3033781	en	Dohoi
Q3033781	en	Ot Danum language
Q3037	en	Cadmendu
Q3037	en	Catmandir
Q3037	en	Catmeduour
Q3037	en	City of Temples
Q3037	en	Kadmendu
Q3037	en	Kantipur
Q3037	en	Kasthamandap
Q3037	en	Káthmándú
Q3037	en	Kathmandu Metropolitan City
Q3037	en	Kathmandu Valley
Q3037	en	Katmandir
Q3037	en	Katmandou
Q3037	en	Katmandu
Q3037	en	Khatmandu
Q3037	en	Yambu
Q3037	en	Yen
Q3037047	en	Dorig language
Q3037047	en	Wetamut
Q3037084	en	Dori'o language
Q3038636	en	Zia language
Q3038640	en	Itene language
Q3038640	en	Moré
Q3038645	en	Mairasi language
Q3038653	en	Kiput language
Q3039319	en	Dehu
Q3039319	en	Drehu language
Q3041061	en	Duit language
Q3041075	en	Duke language
Q3041711	en	duq
Q3041711	en	Dusun Malang language
Q3042189	en	Ba Pai
Q3042189	en	Dzao Min language
Q3042189	en	Zao Min
Q3042189	en	Zaomin
Q3042206	en	KiMwani
Q3042206	en	Mwani language
Q3042278	en	Daw
Q3042278	en	Daw language
Q3042278	en	Dâw language
Q3042978	en	Palta language
Q3043	en	City of Promise
Q3043	en	The Garden City
Q3043	en	The Planned City
Q3046889	en	Budza language
Q3051961	en	Emae language
Q3052039	en	Catio language
Q3052039	en	Embera-Catio
Q3052039	en	Emberá-Catío
Q3052041	en	Embera-Tado
Q3052042	en	Chamí Emberá
Q3052042	en	Chami language
Q3052971	en	Isconahua language
Q3053275	en	Canamanti
Q3053275	en	Jamamadi
Q3053275	en	Kanamanti
Q3053275	en	Kapana
Q3053275	en	Kapaná
Q3053275	en	Madi
Q3053275	en	Madí
Q3053275	en	Yamadi
Q3053275	en	Yamamadi
Q3053275	en	Yamamadí
Q3053275	en	Yamamandi
Q3053279	en	Kambera language
Q3053279	en	Sumba
Q3053283	en	Yidiny language
Q3053283	en	Yidiny language, Queensland
Q30540931	en	Arbanasi dialect
Q3055682	en	Epena
Q3055682	en	Eperara language
Q30557634	en	May language
Q3056045	en	Ere language
Q3056339	en	Rejang language
Q3056813	en	Brighton University
Q3058083	en	Esmeralda language
Q3058192	en	Lonchong language
Q3058192	en	Loncong language
Q3058192	en	Orang Laut language
Q3058192	en	Seka language
Q3058192	en	Sekah language
Q3058192	en	Sekak language
Q3059362	en	Eton language
Q30597440	en	Walari
Q30597440	en	Walari language
Q30597440	en	Walarishe
Q30597440	en	Walarishe language
Q30597440	en	Wali
Q30597440	en	Wele
Q30597440	en	Wele language
Q30620	en	Puerto Limón
Q3062746	en	Wuvulu-Aua language
Q3062751	en	Western Fijian language
Q3063193	en	Hano
Q3063193	en	Raga language
Q3063517	en	Paafang
Q3063517	en	Paafang language
Q3063517	en	Pááfang language
Q3063517	en	Pááféng
Q3063524	en	Engdewu
Q3063524	en	Nanggu language
Q3063531	en	Gela language
Q3063759	en	Fagani language
Q3063761	en	Whitesands language
Q3063974	en	taznatit
Q30642960	en	Barpetia dialect
Q3064408	en	Faetar-Cigliàje
Q3064408	en	Faetar–Cigliàje
Q3064408	en	Faeto and Celle San Vito Francoprovencal
Q3064409	en	Futuna-Aniwa language
Q3064409	en	West Futunan
Q306626	en	Austria/Language
Q306626	en	AustriaLanguage
Q306626	en	Austrian accent
Q306626	en	Austrian Dialect
Q306626	en	Austrian German language
Q306626	en	Austrian language
Q306626	en	Austrian Standard German
Q306626	en	Austrian-German
Q306626	en	österreichisches Deutsch
Q3067168	en	Fataleka language
Q3068282	en	MetaCard
Q3068282	en	Revolution
Q30688576	en	Mmuock language
Q3070	en	San Jose
Q3070	en	San José, Costa Rica
Q3070307	en	North and Central Vanuatu languages
Q3070307	en	North-Central Vanuatu
Q3070307	en	North-Central Vanuatu languages
Q307065	en	Sukhumi State University
Q3070731	en	Nateni language
Q3073436	en	Akwẽ-Xerénte
Q3073436	en	Xerente
Q3073436	en	Xerente language
Q3073436	en	Xerénte language
Q3073441	en	Xakriaba
Q3073441	en	Xakriaba language
Q3073441	en	Xakriabá language
Q3073448	en	Palikur
Q3073448	en	Palikur language
Q3073448	en	Palikúr language
Q3073453	en	Maniq language
Q3073453	en	Mos language
Q3073453	en	tnz
Q3073453	en	Tonga (Thailand)
Q3073458	en	Mualang language
Q3073465	en	Mlabri language
Q3073472	en	Fuyug language
Q3073532	en	Mafea
Q3073532	en	Mavea
Q3073532	en	Mavea language
Q3073532	en	Mav̋ea language
Q3073568	en	Abau language
Q3075137	en	Gokana language
Q3075144	en	Tai
Q3075144	en	Tee language
Q3077126	en	Fore language
Q30771931	en	Arman dialect
Q30771931	en	Arman language
Q30779849	en	Padam dialect
Q307953	en	Pure Turkish
Q3081996	en	Cinsenga
Q3081996	en	Nsenga language
Q3082027	en	Maquiritari
Q3082027	en	Ye'kuana language
Q3082027	en	Yekuana
Q3082037	en	So
Q3082037	en	So language
Q3082037	en	Sô language
Q3083213	en	frc
Q3088540	en	Amoesha
Q3088540	en	Amuesha
Q3088540	en	Amuesha language
Q3089032	en	Lyela
Q3089032	en	Lyelae
Q3089032	en	Lyele
Q3089032	en	Lyele language
Q3089032	en	Lyélé language
Q30894134	en	Giverom
Q30894134	en	Goram
Q30898	en	gil
Q30898	en	Gilbertese language
Q30898	en	I-Kiribati
Q30898	en	Kiribatese
Q30898	en	Kiribati
Q30898	en	Taetae ni Kiribati
Q3091331	en	Fwai
Q3091331	en	Fwai language
Q3091331	en	Fwâi language
Q309164	en	Raanana
Q3092284	en	Mulam language
Q3092293	en	Maonan language
Q309348	en	Chan Junis
Q309348	en	Khan Younes
Q309348	en	Khan Younis
Q3094570	en	Galela language
Q3095108	en	Gane language
Q3095108	en	Gani
Q3095108	en	Gani language
Q3095108	en	Giman
Q3095108	en	Giman language
Q3095228	en	Gao language
Q3095245	en	Gapapaiwa language
Q30963	en	Kingston, Norfolk Island
Q30970	en	Jamestown, Saint Helena
Q30985	en	Hamilton, Bermuda
Q3098656	en	Garza language
Q30990	en	Plymouth, Montserrat
Q3099986	en	Baja languages
Q3099986	en	Gbaya language family
Q3099986	en	Gbaya languages
Q3099986	en	Gbaya macrolanguage
Q3099986	en	Gbea languages
Q3099986	en	Gbeya languages
Q31	en	Kingdom of Belgium
Q3100032	en	Gebe language
Q3100264	en	Red Gelao language
Q3100425	en	Gende language
Q3100814	en	LSE
Q3100814	en	SSL
Q310117	en	Menat Khufu
Q3101212	en	Kayapó
Q3101212	en	Mẽbêngôkre language
Q3101212	en	Xikrin
Q31031407	en	Lakuramau
Q31031407	en	Lakurumau
Q31031407	en	Laxudumau language
Q3104772	en	Ghanongga language
Q3104782	en	Ghari language
Q3105505	en	Ha language
Q3105505	en	Kiha
Q3105505	en	Kiha language
Q3107399	en	Haisla language
Q3107606	en	Giryama dialect
Q3107606	en	Giryama language
Q3107862	en	Gitsenimx̱
Q3107862	en	Gitxsan language
Q3107865	en	Gitua language
Q310842	en	Mustansiriya University
Q310893	en	Al-Wakrah
Q31091048	en	Southern Tutchone language
Q3110291	en	Golin language
Q3110470	en	Gone Dau language
Q3110470	en	Gonedau
Q31107	en	Hattian
Q31107	en	Hattic language
Q31107	en	Proto-Hittite
Q3110816	en	Bobaneigo
Q3110816	en	Bobaneigo language
Q3110816	en	Gaurap
Q3110816	en	Gaurap language
Q3110816	en	Gawrap
Q3110816	en	Gawrap language
Q3110816	en	Gohrap
Q3110816	en	Gohrap language
Q3110816	en	Gorap language
Q3110816	en	Guhrap
Q3110816	en	Guhrap language
Q311099	en	Al-Suwayda
Q311099	en	Al-Suwaydā’
Q311099	en	As-Suwayda
Q311099	en	Suweida
Q311099	en	Swaida
Q311099	en	Sweida
Q3111396	en	Gorum language
Q3111396	en	Parenga
Q3111396	en	Parenga language
Q3111838	en	Na·šceh
Q3111838	en	Natchez language
Q3111847	en	Miriuwung
Q3111847	en	Miriwoong language
Q3111847	en	Miriwung
Q3111847	en	Mirriuwong
Q3111857	en	Reyesano language
Q3111869	en	Mutsun language
Q3111873	en	Woun Meu
Q3111873	en	Wounaan language
Q3111883	en	Kaiwa
Q3111883	en	Kaiwa language
Q3111883	en	Kaiwá language
Q3111983	en	Kalispel
Q3111983	en	Montana Salish language
Q3111983	en	Salish
Q3111983	en	Salish-Spokane-Kalispel
Q3111983	en	Salish-Spokane-Kalispel language
Q3112184	en	Caritiana
Q3112184	en	Caritiana language
Q3112184	en	Karitiana
Q3112184	en	Karitiana language
Q3112184	en	Karitiâna language
Q3112363	en	Laha (Viet Nam)
Q3112363	en	Laha language
Q3112388	en	Suī
Q3112388	en	Sui language
Q311321	en	al-Hasaka
Q311321	en	al-Ḥasaka
Q311321	en	al-Hasakah
Q311321	en	Hasaka
Q311321	en	Ḥasake
Q311321	en	Hasakeh
Q311321	en	Hassaké
Q311321	en	Hassakeh
Q3113756	en	Qom language
Q3113756	en	Toba
Q3113756	en	Toba Qom language
Q3114	en	Canberra, Australia
Q3114	en	Canberra, Australian Capital Territory
Q3114402	en	Suruaha
Q3114402	en	Suruahá
Q3114402	en	Zuruaha
Q3114402	en	Zuruaha language
Q3114402	en	Zuruahá language
Q31147471	en	Manenguba language
Q31147471	en	Mbo cluster
Q31147471	en	Ngoe
Q31157882	en	Acatepec Tlapanec
Q31172660	en	Baga Binari
Q31172660	en	Baga Pokur
Q31172660	en	Pukur language
Q31174256	en	Bantenese language
Q31174256	en	Bantenese Sundanese
Q31174256	en	Bantenese Sundanese language
Q31174256	en	Language in Banten
Q31174256	en	Language of Banten
Q31174256	en	Western Sundanese Language
Q3118702	en	Guaicurian
Q3118702	en	Guaycura
Q3118702	en	Waicura
Q3118702	en	Waikuri language
Q3118757	en	Guanyinqiao
Q3118757	en	Khroskyabs
Q3118757	en	Lavrung language
Q3118779	en	Guarayo language
Q3118779	en	Guarayu language
Q3118779	en	Gwarayu language
Q311946	en	Fort Narin
Q311946	en	Fort Naryn
Q311946	en	Ft. Narin
Q311946	en	Ft. Naryn
Q311946	en	Narin
Q311946	en	Narin (city)
Q311946	en	Narin (town)
Q311946	en	Naryn (city)
Q311946	en	Naryn (town)
Q3119695	en	Rakahanga-Manihiki language
Q3119695	en	rkh
Q3120345	en	Lawangan language
Q31203884	en	Otomí de Michoacán
Q31203931	en	Lowland Mazatec
Q3120647	en	Guiqiong language
Q3120733	en	Gula'alaa language
Q3120733	en	Kwai
Q3120736	en	Anej
Q3120736	en	Fecakomodiyo
Q3120736	en	Gule language
Q3120736	en	Hamej
Q3120761	en	Guliguli language
Q3120791	en	Dhuwal language
Q3120935	en	Guramalum language
Q3120966	en	Garthapuri
Q3121032	en	Yameo language
Q3121035	en	Sobei language
Q3121040	en	Vittu
Q3121040	en	Vitu language
Q3121045	en	Sara Toumak
Q3121045	en	Toumak
Q3121045	en	Tumak language
Q3121049	en	Ura (Papua New Guinea)
Q3121049	en	Ura language
Q3121063	en	Tapiete
Q3121063	en	Tapiete dialect
Q3121063	en	Tapieté dialect
Q3121068	en	Lengua language
Q3121073	en	Yindjibarndi
Q3121073	en	Yinjibarndi language
Q3121081	en	Sigulai language
Q3121081	en	Sikhule language
Q3121081	en	Sikule language
Q3121835	en	Pume
Q3121835	en	Pumé
Q3121835	en	Yaruro language
Q3123275	en	Panzaleo language
Q3123524	en	Ngombe (Democratic Republic of Congo)
Q3123524	en	Ngombe language
Q3123545	en	Musgu language
Q3123566	en	Somrai language
Q3124354	en	abs
Q3124354	en	Ambonese creole
Q3124354	en	Ambonese creole language
Q3124354	en	Ambonese language
Q3125121	en	Huli language
Q3125730	en	Hahon language
Q3125871	en	Hakö language
Q3125959	en	Halia language
Q3126783	en	Coos
Q3126783	en	Hanis language
Q312723	en	Mahalletülkübrâ
Q3127568	en	Haroi language
Q3128376	en	Haush language
Q31295480	en	Gokturk
Q31295480	en	Old Turkic proper
Q31295480	en	Orkhon Turkic language
Q3130	en	Emerald City
Q3130	en	Eora
Q3130	en	Gadi
Q3130	en	Gadigal
Q3130	en	Greater Sydney
Q3130	en	Harbour City
Q3130	en	Port Jackson
Q3130	en	Sydney, Australia
Q3130	en	Sydney, N. S. W.
Q3130	en	Sydney, N.S.W.
Q3130	en	Sydney, New South Wales
Q3130	en	Sydney, New South Wales, Australia
Q3130	en	Sydney, NSW
Q3130	en	Sydney, NSW, Australia
Q3130	en	Warrane
Q3130221	en	Lomaiviti language
Q3130286	en	Paama
Q3130286	en	Paamese language
Q3130290	en	Namosi-Naitasiri-Serua language
Q3130296	en	Savosavo language
Q3130301	en	Mangarongaro
Q3130301	en	Penrhyn language
Q3130301	en	Penrhynese
Q3130301	en	pnh
Q3130301	en	Tongareva
Q3130301	en	Tongareva language
Q3130374	en	Kumarbhag Paharia language
Q3130514	en	Tolomako language
Q3130911	en	Songe language
Q3133606	en	Jāmiʿat ʾUmmi l-Qurā
Q3133606	en	Umm Alqura University
Q3133606	en	UQU
Q3134240	en	Hermit language
Q3135164	en	Hibito language
Q3135234	en	Hidatsa language
Q3135426	en	sea
Q3135426	en	Semai language
Q3135432	en	Piro language
Q3138	en	Augusta Treverorum
Q3138	en	Triers
Q3138713	en	Hiw language
Q3138831	en	Green Hmong
Q3138831	en	Hmong Njua language
Q3138887	en	Hoava language
Q3139484	en	Holoholo language
Q3140491	en	Nancere language
Q3141	en	Greater Melbourne
Q3141	en	Melbourne, AUS
Q3141	en	Melbourne, Australia
Q3141	en	Melbourne, VIC
Q3141	en	Melbourne, VIC, Australia
Q3141	en	Melbourne, Victoria
Q3141	en	Melbourne, Victoria, Australia
Q3141	en	Melbs
Q3141	en	Naarm
Q3141	en	Narrm
Q3141869	en	Huariapano
Q3141869	en	Panavarro
Q3141869	en	Pano
Q3141869	en	Panobo
Q3141869	en	Pánobo
Q3142164	en	Huchití language
Q3142988	en	Bambaa
Q3142988	en	Hukumina language
Q3143384	en	Hup language
Q314536	en	Norwegian University of Science & Technology
Q314536	en	Norwegian University of Science and Technology (NTNU)
Q314536	en	NTNU
Q314536	en	ntnu.edu
Q3147383	en	Ibaloi language
Q3148787	en	Bugkalot language
Q3148787	en	Ilongot language
Q31493	en	Abovian
Q3150912	en	Ingain language
Q31519	en	Charles-Ferdinand University
Q31519	en	Charles-Ferdinand University
Q31519	en	cuni.cz
Q31519	en	cuni.cz
Q31519	en	Karls-Universität Prag
Q31519	en	Karls-Universität Prag
Q31519	en	Prague University
Q31519	en	Prague University
Q31519	en	Universitas Carolina
Q31519	en	Universitas Carolina
Q31519	en	University of Prague
Q31519	en	University of Prague
Q31519	en	Univerzita Karlova
Q31519	en	Univerzita Karlova
Q31519	en	Univerzita Karlova v Praze
Q31519	en	Univerzita Karlova v Praze
Q3153972	en	Inxokvari language
Q3156306	en	Ivernic language
Q3156391	en	Iwal language
Q315658	en	University of Breslau
Q315658	en	Uniwersytet Wrocławski
Q315658	en	UWr
Q31572	en	Charakmoba
Q31572	en	Kerak
Q3162245	en	Japhug language
Q3162806	en	Djaru language
Q3162806	en	Jaru
Q3163200	en	Jawe language
Q317145	en	Macharadze
Q317145	en	Makharadze
Q317636	en	Goundo language
Q317642	en	Fania language
Q3178570	en	Jiamao language
Q3178609	en	Eastern Jicaque
Q3178609	en	Tol language
Q3178610	en	Western Jicaque language
Q31805	en	Waihōpai
Q3181238	en	Tunebo
Q3181238	en	Tunebo language
Q3181238	en	U'wa language
Q3181238	en	Uwa
Q318156	en	Bahawal Pur
Q318245	en	Bayan Tümen
Q318245	en	Choybalsan
Q3182551	en	Tacana language
Q3182557	en	Nivacle
Q3182557	en	Nivacle language
Q3182557	en	Nivaclé language
Q3182562	en	Mahican language
Q3182567	en	Yagua language
Q3182570	en	Kangjia language
Q3182573	en	Uduk language
Q3182577	en	oca
Q3182577	en	Ocaina language
Q3182581	en	Seimat language
Q3182585	en	Samawa
Q3182585	en	Sumbawa language
Q3182593	en	Kiliwa language
Q3183	en	Boorloo
Q3183	en	Boorloo, Western Australia
Q3183	en	Perth, AUS
Q3183	en	Perth, Australia
Q3183	en	Perth, W.A.
Q3183	en	Perth, Western Australia
Q3183349	en	Nao
Q3183349	en	Nao language
Q3183349	en	Nayi language
Q3183355	en	Sheko language
Q3183382	en	Cayubaba
Q3183382	en	Cayuvava language
Q3183382	en	Cayuwaba
Q3183382	en	Kayuvava
Q318418	en	Filford
Q318418	en	Vilvorde
Q318418	en	Vilvorde-lez-Bruxelles
Q31887629	en	╪Ākhoe
Q31887629	en	Akhoe
Q3191906	en	Kahua language
Q3192052	en	Cacua
Q3192052	en	Kakua
Q3192052	en	Kakwa language
Q3192120	en	Central Kalapuya language
Q3192120	en	Kalapuya
Q3192120	en	kyl
Q3192121	en	Northern Kalapuya language
Q3192121	en	nrt
Q3192121	en	Tualatin-Yamhill
Q3192220	en	Ahin-Kayapa Kalanguya
Q3192220	en	Kalanguya
Q3192316	en	Kamakan language
Q3192336	en	Kamayura
Q3192336	en	Kamayura language
Q3192336	en	Kamayurá language
Q3192339	en	Kamayo language
Q3192339	en	Kinadi language
Q3192339	en	Mandaya language
Q3192590	en	Kandas language
Q319268	en	D language
Q319268	en	D programming language
Q319268	en	Dlang
Q3192697	en	Atanque language
Q3192697	en	Cancuamo language
Q3192697	en	Kankuamo language
Q3192697	en	Kankuí language
Q3192697	en	Kankwe language
Q3192799	en	Kao language
Q3192889	en	Kara (Papua New Guinea)
Q3192889	en	Kara language
Q3192947	en	Karankawa language
Q3192950	en	Karao language
Q3192950	en	Karaw language
Q3193345	en	Carquin
Q3193345	en	Carquin language
Q3193345	en	Karkin language
Q319366	en	Point de Galle
Q3193689	en	Kashaya language
Q3193895	en	Katabaga
Q3193895	en	Katabaga language
Q3194265	en	Panoan Katukina
Q3194265	en	Panoan Katukína
Q3194265	en	Waninnawa language
Q3194294	en	Kaulong language
Q319476	en	Santa Inés de Cumaná
Q3194847	en	Kele (Papua New Guinea)
Q3194847	en	Kele language
Q3194984	en	Kemiehua
Q3194984	en	Man Met language
Q3195346	en	Ke'o language
Q3195366	en	Kepkiriwat
Q3195366	en	Kepkiriwat language
Q3195366	en	Kepkiriwát language
Q3195442	en	Incoung
Q3195442	en	Incoung language
Q3195442	en	Incung
Q3195442	en	Incung language
Q3195442	en	Kerinci language
Q3195442	en	Krinci
Q3195442	en	Krinci language
Q3195442	en	Rencong
Q3195442	en	Rencong language
Q3195442	en	Rinci
Q3195442	en	Rinci language
Q3195442	en	Rincing
Q3195442	en	Rincing language
Q3195598	en	Kete language
Q3196052	en	Khamnigan
Q3196052	en	Khamnigan Mongolian
Q3196077	en	Khao language
Q3196124	en	Khehek language
Q3196221	en	eesti viipekeel
Q3196221	en	ESL
Q3196221	en	EVK
Q3196320	en	Beembe language
Q3196320	en	Kibeembe
Q3196320	en	Kibembe
Q3196527	en	Kikai language
Q3196589	en	lega language
Q3196601	en	Kilivila language
Q3196845	en	Kimaragang language
Q3196953	en	Nande language
Q3197558	en	Kitanemuk language
Q319813	en	Sedl'tse
Q319813	en	Sedlce
Q319813	en	Sedlets
Q319813	en	Shedlets
Q319813	en	Shedlits
Q319813	en	Shedlitz
Q3198209	en	Kodeoha language
Q3198286	en	kauguiañ
Q3198286	en	kogui
Q3198286	en	Kogui language
Q3198399	en	Kokota (language)
Q3198565	en	Komodo language
Q3198688	en	Highland Konjo language
Q3198688	en	Mountain Konjo
Q3198689	en	Coastal Konjo language
Q3198700	en	Konkow language
Q3198700	en	Northwest Maidu
Q3198703	en	Kono (Guinea)
Q3198732	en	Konomala language
Q3198734	en	Konomihu language
Q3198896	en	Kuranko language
Q3198924	en	Coreguaje
Q3198924	en	Correguaje
Q3198924	en	Ko'reuaju
Q3198924	en	Koreguaie
Q3198924	en	Koreguaje people
Q3198924	en	Korewaje
Q3198994	en	Koro (Papua New Guinea)
Q3198994	en	Koro language
Q3198994	en	Lopohan
Q3198994	en	Manus Koro language
Q3198995	en	Koro (Vanuatu)
Q3198995	en	Koro language
Q3199000	en	Koroni language
Q3199022	en	Korubo language
Q3199353	en	Kouchean
Q3199353	en	Kuchean
Q3199353	en	Kuchean language
Q3199353	en	kuśi language
Q3199353	en	language of kuśi
Q3199353	en	Tocharian B language
Q3199353	en	Tokharian B
Q3199353	en	West Tocharian
Q3199402	en	Kove language
Q3199549	en	Kraho
Q3199593	en	Kraol language
Q3199686	en	Kreye language
Q3199686	en	Northeastern Timbira language
Q32	en	Grand Duchy of Luxembourg
Q3200300	en	Bari
Q3200300	en	Kuku dialect
Q3200326	en	Kulisusu language
Q32004246	en	Siona-Secoya (Colombia)
Q32004246	en	Siona-Secoya (Ecuador)
Q32004246	en	Siona-Secoya (Peru)
Q3200540	en	Kuri language
Q3200540	en	Modan language
Q3200540	en	Nabi language
Q3200615	en	Kurti language
Q3200633	en	Kuruaya
Q3200633	en	Kuruaya language
Q3200633	en	Kuruáya language
Q3200638	en	Kusaghe language
Q3200796	en	Kwaio language
Q3200806	en	Kwamera language
Q3200829	en	Kwara'ae language
Q3200829	en	kwf
Q3200839	en	Koaiá
Q3200839	en	Kwazá
Q3200839	en	Kwaza language
Q3200839	en	Quasa
Q3200839	en	Tsẽtsitswa
Q3200846	en	Kwese language
Q3201059	en	Kate
Q3201059	en	Kate language
Q3201059	en	Kâte language
Q32041490	en	Asuriní do Tocantins
Q32041490	en	Tocantins Asurini language
Q320519	en	Tskhakaya
Q3206623	en	Mamanwa language
Q320792	en	Santiago Apostol
Q32110	en	Extensible Stylesheet Language Transformations
Q32110	en	XSL Transformations
Q3211090	en	Lovono language
Q3211090	en	Vano
Q321279	en	Illoqqortoormiut
Q321279	en	Scoresbysund
Q3214	en	Chóśebuz
Q321475	en	Coylan
Q321475	en	Coylang
Q321475	en	Desinganadu
Q321475	en	Kollam, India
Q321475	en	Kollam, Kerala
Q321475	en	Land of Cashewnuts
Q321475	en	Quilon
Q321475	en	Tarshish
Q3216169	en	Laghu language
Q3216471	en	Lake Miwok language
Q3216494	en	Lakon language
Q3216494	en	Vure
Q3216723	en	Lamet language
Q3217458	en	Ati (Philippines)
Q3217458	en	Ati language
Q3217470	en	Lampung
Q3217470	en	Lampung language
Q3217470	en	Lampungese language
Q3217488	en	Moken language
Q3217892	en	Larëvat
Q3217892	en	Larevat language
Q3217917	en	Laari language
Q3217929	en	Larike-Wakasihu
Q3217929	en	Wakasihu language
Q3218296	en	Lasgerdi language
Q3218574	en	Lau language
Q3219799	en	Laven language
Q3219937	en	Lawunuia language
Q322149	en	Home of Champions
Q322155	en	Rājśāhī
Q32238	en	dagb
Q32238	en	Dagbani
Q32238	en	Dagbanli language
Q32260	en	Dahaalik
Q32260	en	Dahalik language
Q32260	en	Dahlak
Q32260	en	dlk
Q3229119	en	Lehali language
Q3229216	en	Leipon language
Q3229263	en	Lelak language
Q3229269	en	Lele (Papua New Guinea)
Q3229269	en	Lele language
Q3229273	en	Lelepa language
Q3229429	en	Lenakel language
Q3229429	en	West Tanna
Q3229454	en	Lengo language
Q3229472	en	Lenkau language
Q322964	en	MGIMO University
Q323325	en	Ayapaneco
Q323325	en	Tabasco Zoque
Q3236789	en	Muong language
Q3236886	en	Letemboi
Q3236886	en	Letemboi language
Q3236912	en	Leti (Indonesia)
Q3236912	en	Leti language
Q3237321	en	Lewo language
Q3237491	en	Aja (Sudan)
Q3237491	en	Aja language
Q32389	en	Behdināni
Q32389	en	Dari language
Q32389	en	Dari language (Zoroastrian)
Q32389	en	Gabri
Q32389	en	Gabri language
Q32389	en	Gabrōni
Q32389	en	Gavrŭni
Q32389	en	Zoroastrian Dari language
Q323986	en	Prijedor (Bosnia and Herzegovina)
Q3240737	en	Likum language
Q3241515	en	Lingarak language
Q3241515	en	Neverver
Q3241781	en	Pekal language
Q32430	en	Dagur language
Q32430	en	Daur language
Q3244176	en	Parkari Koli language
Q3244176	en	Parkari language
Q32480	en	Dhati language
Q32480	en	Dhatki language
Q32480	en	Dhatti language
Q32480	en	Thari language
Q3250286	en	Haka Chin
Q3250286	en	Hakha Chin language
Q3250286	en	Hakha-Chin
Q3250286	en	Hakha-Chin language
Q325124	en	Aleksandrow Kujawski
Q3257566	en	Lo-Toga language
Q3258739	en	Lukpa language
Q3258818	en	Bangka language
Q3258818	en	Bangka Malay
Q3258818	en	Bangkanese
Q3259058	en	East Berawan language
Q3259058	en	Long Jegan
Q3259061	en	Long Terawan
Q3259061	en	West Berawan language
Q3259105	en	Longgu language
Q3259202	en	Loniu language
Q3259216	en	Lonwolwol language
Q3259216	en	West Ambrym
Q3259972	en	Lote language
Q3260104	en	Lou language
Q32611	en	Vafsi language
Q326339	en	Scutari
Q32641	en	Valencian dialect
Q32641	en	Valencian language
Q3264685	en	Lubu language
Q3265143	en	Lucazi language
Q3265143	en	Luchazi
Q3265143	en	Luchazi language
Q3267590	en	Lungga language
Q3267788	en	Lusi language
Q3268098	en	Luyana language
Q32685	en	Dida language
Q32689	en	Prasun language
Q32689	en	Prasuni
Q32689	en	Vasi-vari
Q32689	en	Wasi-wari language
Q32689	en	Wasi-weri
Q32706	en	Dioula language
Q32706	en	Dioula, Dyula
Q32706	en	dyu
Q32706	en	Dyula
Q32706	en	Dyula language
Q32706	en	Jula language
Q3270727	en	Chiga
Q3270727	en	Kiga language
Q3272124	en	Lehalurup
Q3272124	en	Löyöp language
Q3272620	en	IkyaNgonde
Q3272620	en	Kyangonde
Q3272620	en	Nyakyusa language
Q3272620	en	Nyakyusa-Ngonde
Q3272630	en	Gogo language
Q327274	en	Swabian German
Q3273750	en	Maba (Indonesia)
Q3273750	en	Maba language
Q3273980	en	Macaguan
Q3273980	en	Macaguan language
Q3273980	en	Macaguán language
Q3275059	en	Macuna language
Q3275205	en	Madak language
Q32762	en	fiu-vro
Q32762	en	Voro
Q32762	en	Võro dialect
Q32762	en	Voro language
Q3276286	en	Mae
Q3276435	en	Central Maewo
Q3276435	en	Peterara language
Q3276435	en	Sungwadaga
Q3276435	en	Sungwadaga language
Q3277370	en	Magori language
Q3278074	en	Maidu language
Q3278074	en	Northeast Maidu
Q3278246	en	Mailu language
Q3279409	en	Alngith dialect
Q328030	en	Al Kut
Q328030	en	Kut El Amara
Q3280623	en	Mak (China)
Q3280623	en	Mak language
Q3280640	en	Makah language
Q3281037	en	Makuráp
Q3281037	en	Makurap language
Q3281043	en	Maca
Q3281043	en	Maka language
Q3281043	en	Maká language
Q3281057	en	Thin
Q3281496	en	Malalamai language
Q3281522	en	Malango language
Q328153	en	Damanhour
Q3281884	en	Idne language
Q3281884	en	Maleu-Kilenge
Q3284890	en	Mamainde language
Q3284890	en	Mamaindê language
Q3285082	en	Mamulique language
Q3285424	en	Mandara language
Q3285424	en	Tabar
Q3285426	en	Mandari dialect
Q3285426	en	Mondari
Q3285426	en	Mundari
Q32858	en	Vod
Q32858	en	Vod language
Q32858	en	Vodian
Q32858	en	Vodian language
Q32858	en	vot
Q32858	en	Vot
Q32858	en	Vot language
Q32858	en	Vote
Q32858	en	Vote language
Q32858	en	Votian
Q32858	en	Votian language
Q32858	en	Votic language
Q32859745	en	Southern Birifor language
Q3286037	en	Mannan language
Q3287127	en	Manusela language
Q3287224	en	Mapia language
Q3287224	en	Mapian
Q32878	en	Dolgan language
Q3289596	en	Shabak
Q3291159	en	Abadi language
Q32915	en	Cœur d'Alene
Q32915	en	Cœur d'Alène
Q32915	en	Coeur d'Alene language
Q32915	en	Snchitsu’umshtsn
Q32924	en	Bahnar language
Q32928	en	Bua language
Q32930	en	Bukusu dialect
Q32930	en	Lubukusu
Q32932	en	Bete language
Q3293280	en	Maring language
Q3293299	en	Marino
Q3293299	en	Sungwadia language
Q32934	en	Bisa
Q32934	en	Bissa language
Q32934	en	Bissagiella
Q3294683	en	Marovo language
Q32947	en	Dongxiang language
Q32947	en	Santa language
Q3295515	en	The White Album
Q3295515	en	White Album
Q3296011	en	Marubo
Q3296011	en	Marubo language
Q3296011	en	Marúbo language
Q32961	en	Belhare language
Q32961	en	Belhariya
Q32964	en	Caluyanon language
Q32964	en	Caluyanun
Q32964	en	Caluyanun language
Q32967	en	Cayuga language
Q32972	en	Comanche language
Q3297282	en	Kuliviu
Q3297282	en	Maskelynes language
Q32981	en	Chenchu language
Q3298421	en	Sakao language
Q32986	en	Borôro
Q32986	en	Bororo language
Q3299145	en	Matis language
Q3299190	en	Mato language
Q33	en	fi
Q33	en	Finnia
Q33	en	Land of Thousand Lakes
Q33	en	Republic of Finland
Q33	en	Republiken Finland
Q33	en	Suomen tasavalta
Q33	en	Suomi
Q33025	en	Badāwīyä
Q33025	en	Bedauye
Q33025	en	Bedawi
Q33025	en	Bedawiye
Q33025	en	Bedawiyet
Q33025	en	Bedja
Q33025	en	Bedwi
Q33025	en	Bedya
Q33025	en	bej
Q33025	en	Beja language
Q33025	en	Bidhaawyeet
Q33025	en	Ti-Bedaauye
Q33025	en	Ti-Bedauye
Q33025	en	To-Bedawye
Q33025	en	Tu-Bdhaawi
Q33025	en	Tu-Bedawie
Q33028	en	Badeshi language
Q3303572	en	Mbula language
Q33044	en	coc
Q33044	en	Cocopa
Q33044	en	Cocopa (Arizona)
Q33044	en	Cocopa (Mexico)
Q33044	en	Cocopah language
Q33046	en	Dalecarlian dialects
Q33046	en	Dalecarlian language
Q3304803	en	Mekeo language
Q3304806	en	Sakirabia
Q3304806	en	Sakirabia language
Q3304806	en	Sakirabiá language
Q3305008	en	Mele-Fila language
Q33052	en	Bemba (Zambia)
Q33052	en	Bemba language
Q33052	en	Chibemba
Q33052	en	Cibemba
Q33052	en	IchiBemba
Q330531	en	Kotah
Q33054	en	Bechitin
Q33054	en	Bechitin language
Q33054	en	Bejila
Q33054	en	Bejila language
Q33054	en	Bexita
Q33054	en	Bexita language
Q33054	en	Bezheta
Q33054	en	Bezheta language
Q33054	en	Bezhita
Q33054	en	Bezhita language
Q33054	en	Bezhta language
Q33054	en	Bezhti
Q33054	en	Bezhti language
Q33054	en	Kapuch
Q33054	en	Kapuch language
Q33054	en	Kapucha
Q33054	en	Kapucha language
Q33054	en	Kapuchin
Q33054	en	Kapuchin language
Q33054	en	Kupuca
Q33054	en	Kupuca language
Q3305477	en	Creolese
Q3305477	en	Guyanese Creole English
Q3305831	en	Mengen language
Q3306	en	Ciudad de Panama
Q3306	en	Ciudad de Panamá
Q3306	en	Panama
Q3306	en	Panamá
Q330643	en	Muradabad
Q3306595	en	Tukang Besi language
Q3307184	en	Enawene Nawe language
Q3307184	en	Enawene-Nawe
Q3307184	en	Enawené-Nawé
Q3307195	en	Coastal Kadazan dialect
Q3307195	en	Coastal Kadazan language
Q3307204	en	Chicomuceltec language
Q33081	en	Dzongkha language
Q33081	en	Ngalopkha language
Q33087049	en	Minangu
Q33087049	en	Nan Karti
Q33087049	en	Nhanhagardi
Q33087049	en	Nhanhagardi language
Q33087049	en	Wilunya
Q33093	en	Basa (Cameroon)
Q33093	en	Basaa language
Q331099	en	Ilha de Moçambique
Q33110152	en	Thiinma
Q33110188	en	Whadjuk language
Q33123613	en	Teke-Tsaayi language
Q33125	en	Chulim
Q33125	en	Chulim language
Q33125	en	Chulym language
Q33125	en	Chulym-Turkic
Q33125	en	Ös
Q33127766	en	Seroa language
Q331340	en	Mün Chin
Q331340	en	Mün language
Q33138	en	Chorasmian
Q33138	en	Chvarezmian
Q3314550	en	Miluk language
Q3314742	en	Terêna language
Q33151	en	Banjar language
Q33151	en	Banjarese
Q33151	en	Banjarese language
Q33151	en	bjn
Q33153	en	Cuyonon language
Q33161	en	Chuukese language
Q33161	en	Trukese
Q33161	en	Trukese language
Q3316328	en	Mishing language
Q3316328	en	Mising-Padam-Miri-Minyong language
Q3317286	en	Tezoatlan Mixtec
Q33173	en	Chittagonian language
Q33173	en	ctg
Q331764	en	Albury, New South Wales
Q331764	en	Albury, New South Wales, Australia
Q33178	en	Berta language
Q33178	en	Wetawit language
Q33190	en	Buginese
Q33190	en	Buginese language
Q33190	en	Bugis language
Q33190	en	Bugisnese language
Q3319130	en	Mohegan-Pequot language
Q33192	en	Chickasaw language
Q3319380	en	Moklen language
Q3319387	en	Mokerang language
Q3319495	en	Molima language
Q3320030	en	Archaic Irish
Q3320111	en	Mwan language
Q33205	en	Badaga language
Q33205	en	bfq
Q3320594	en	Mondropolon language
Q3320659	en	Inner Mongolian
Q3320659	en	mvf
Q3320659	en	Ovor Mongolian
Q3320659	en	Övör Mongolian
Q3320659	en	Ovur Mongolian
Q3320659	en	Peripheral Mongolian
Q3320659	en	Southern-Eastern Mongolian
Q3320659	en	Uver Mongolian
Q3321131	en	Adora
Q3321131	en	Aeroran
Q3321131	en	Airoran language
Q3321131	en	Iriemkena
Q33219	en	Banyumas
Q33219	en	Banyumas Javanese
Q33219	en	Banyumasan dialect
Q33219	en	jv-x-bms
Q33219	en	map-bms
Q33219	en	Ngapak
Q3322093	en	SASL
Q33225	en	Suomalainen Viittomakieli
Q332319	en	Makale
Q332319	en	Mek'elē
Q332319	en	Mek’ele
Q332319	en	Mekelle
Q332319	en	Meqele
Q33234	en	Central Jewish Neo-Aramaic
Q332342	en	College of the Holy and Undivided Trinity
Q332342	en	Trinity College, Cambridge
Q332342	en	University of Cambridge Trinity College
Q33236	en	Chaldo-Assyrian Neo-Aramaic
Q33239	en	Cebuan language
Q33239	en	Cebuano language
Q3324069	en	Mori Bawah language
Q3324070	en	Mori Atas language
Q3324598	en	Mortlockese language
Q3324744	en	Columbia-Moses language
Q3324744	en	Columbia-Wenatchi
Q3325498	en	Mouk-Aria language
Q33257	en	Bikya language
Q33259	en	Bats language
Q33259	en	Batsaw
Q33259	en	Batsb
Q33259	en	Batsbi
Q33259	en	Batsi
Q33259	en	Tsova-Tush
Q33265	en	Cheyenne language
Q33269	en	Goaria language
Q33270	en	Ho jagar
Q33270	en	Ho jagara
Q33270	en	Ho language
Q33270	en	Ho Munda
Q33270	en	Kol language
Q33270	en	Kolha language
Q33270	en	Larka Kol
Q3327139	en	Amberbaken
Q3327139	en	Amberbaken language
Q3327139	en	Dekwambre
Q3327139	en	Ekware
Q3327139	en	Kebar
Q3327139	en	Mpur language
Q3327339	en	Adabe language
Q3327339	en	Raklu-Un
Q3327339	en	Raklungu
Q3327357	en	Alviri-Vidari language
Q3327367	en	Alune language
Q3327384	en	Amahai language
Q3327399	en	Amanab language
Q3327405	en	Ajyininka Apurucayali
Q3327405	en	Ajyíninka Apurucayali
Q3327405	en	Axininca language
Q3327415	en	Vanimo language
Q3327418	en	Aimele language
Q3327420	en	Muthuvan language
Q3327423	en	Alangan language
Q3327427	en	Amaimon language
Q3327445	en	adz
Q3327445	en	Adzera language
Q3327445	en	azr
Q3327462	en	Akoye language
Q3327462	en	Lohiki
Q33276	en	Chenoua
Q33276	en	Shenwa language
Q33276	en	Western Algerian Berber language
Q332792	en	Kerek language
Q3328150	en	Murik (Malaysia)
Q3328150	en	Murik Kayan language
Q33284	en	Bikol Central
Q33284	en	Central Bicol language
Q33284	en	Central Bikol language
Q33286	en	gay
Q33286	en	Gayo language
Q33290	en	Hertevin
Q33290	en	Hertevin language
Q33290	en	Hértevin language
Q33291	en	fon
Q33291	en	Fon language
Q3329139	en	Yangum language
Q33295	en	Fijian language
Q33295	en	Na Vosa Vakaviti
Q33299	en	Habyot
Q33299	en	Hewbyót
Q33299	en	Hobi
Q33299	en	Hobyot
Q33299	en	Hobyot language
Q33299	en	Hobyót language
Q33299	en	Weyheybyot
Q3330162	en	Akolet language
Q33302	en	FSL
Q33302	en	LSF
Q33305	en	Kham language
Q33305	en	Kham-Magar
Q3331003	en	Mutu language
Q3331003	en	Tuam
Q3331111	en	Mosin
Q3331111	en	Mosina
Q3331111	en	Mwesen language
Q3331115	en	Merlav
Q3331115	en	Mwerlap language
Q3331203	en	Aguano language
Q3331203	en	Aguano lenguaje
Q3331491	en	Agi language
Q3331506	en	Cafundo
Q3331506	en	Cafundo Creole
Q3331506	en	Cafundó Creole
Q3331506	en	Cafundo Creole language
Q3331506	en	Cafundó Creole language
Q3331506	en	Cafundo language
Q3331506	en	Cafundó language
Q33317	en	Cocama language
Q33317	en	Cocama-Cocamilla
Q3332062	en	Alor
Q3332062	en	Alorese language
Q3332143	en	Agob language
Q3332149	en	Ainbai language
Q33330	en	Rombo language
Q33332	en	Chingp'o
Q33332	en	Jinghpaw
Q33332	en	Jingpho
Q33332	en	Jingpho language
Q33332	en	Jingpo language
Q33332	en	Kachin
Q33335	en	Khmu language
Q33339	en	Crioulo
Q33339	en	Guinea-Bissau Creole Portuguese
Q33339	en	Guinea-Bissau Kriyol
Q33339	en	Guinensi
Q33339	en	Kiriol
Q33339	en	Kriol
Q33339	en	Upper Guinea Creole
Q33339	en	Upper Guinea Crioulo
Q333476	en	Sego
Q333476	en	Segou
Q333476	en	Segu
Q3335011	en	Nadëb language
Q3335011	en	Nadöb
Q3335385	en	Nali language
Q3335387	en	Nalik language
Q3335410	en	Namakura
Q3335553	en	Central Nicobarese language
Q33360	en	Gula Iro language
Q33361	en	Kalto language
Q33361	en	Nahal
Q33361	en	Nahali
Q33361	en	NIhal
Q3336118	en	Narragansett language
Q3336135	en	Narom language
Q33362	en	Juang language
Q33362	en	Juanga
Q33363	en	Irula language
Q33363	en	Iruliga
Q33364	en	Fur language
Q33367	en	Dzhidi
Q33367	en	Judæo-Persian
Q33370	en	Jarai language
Q333705	en	Technion
Q333705	en	Technion Israel Institute of Technology
Q3337158	en	Nauna language
Q3337327	en	Bura language
Q3337327	en	Navut language
Q33377	en	Jullundur
Q3337774	en	Nehan language
Q3338008	en	Nemi language
Q3338052	en	nen
Q3338052	en	Nengone language
Q33385	en	Hutterisch
Q33385	en	Tirolean
Q3339226	en	Nez Percé
Q3339226	en	Nez Perce language
Q3339226	en	Niimi'ipuutímt
Q3339226	en	Niimiipuutímt
Q3339226	en	Nimiipuutímt
Q3339226	en	Nimipuutímt
Q33393	en	Jakaltek language
Q33393	en	Jakalteko
Q33393	en	Popti'
Q3339380	en	Nhanda language
Q33394	en	Koraga language
Q334	en	Garden City
Q334	en	Garden City
Q334	en	Lion City
Q334	en	Lion City
Q334	en	Republic of Singapore
Q334	en	Republic of Singapore
Q334	en	S'pore
Q334	en	S'pore
Q334	en	sg
Q334	en	sg
Q334	en	SG
Q334	en	SG
Q334	en	SGP
Q334	en	SGP
Q334	en	SIN
Q334	en	SIN
Q334	en	Singapore City
Q334	en	Singapore City
Q33402	en	Luwati language
Q33404	en	Clallam
Q33404	en	Klallam language
Q33411	en	Hadza language
Q33411	en	Hatsa
Q33411	en	Hazane
Q3342138	en	Nisga'a
Q3342138	en	Nisga’a language
Q33423	en	Harsusi language
Q33426	en	Hulaula
Q33426	en	Hulaula language
Q33426	en	Hulaulá language
Q33427	en	Korandje language
Q33427	en	Kwaranje
Q33428	en	Vin
Q3342992	en	Nomatsiguenga language
Q33431	en	Central Chaga
Q33431	en	Central Kilimanjaro language
Q3343229	en	Nomlaki language
Q3343229	en	Wintun-Nomlaki
Q3343396	en	Nooksack language
Q33434	en	Kootenai
Q33434	en	Kootenay
Q33434	en	Ksanka
Q33434	en	Ktunaxa
Q33434	en	Kutenai language
Q33436	en	Laal language
Q33443	en	Jaqaru language
Q33445	en	Ehkili
Q33445	en	Jibbāli
Q33445	en	Jibbali language
Q33445	en	Shehri language
Q3344784	en	Notsi language
Q3344791	en	Nottoway language
Q33448	en	Kujarge
Q33448	en	Kujarge language
Q33448	en	Kujargé language
Q33450	en	Gen language
Q334577	en	Xela
Q334577	en	Xelaju
Q334577	en	Xelajú
Q3346228	en	Guaviare
Q3346228	en	Nukak language
Q3346228	en	Nukak Maku
Q3346228	en	Nukak Makú
Q3346231	en	Nukuini language
Q3346277	en	Numbami language
Q3346277	en	Siboma
Q3346277	en	Sipoma
Q3346290	en	Nume language
Q33463	en	Koy Sanjaq Surat
Q33463	en	Koy Sanjaq Syriac language
Q33464	en	Kosraean language
Q33464	en	Kusaiean
Q33464	en	Kusaiean language
Q3346655	en	Nyemba language
Q3346666	en	Nyindrou language
Q33467	en	Mam language
Q33467	en	Tacaneco
Q3346774	en	Kwény
Q3346774	en	Kwenyi
Q3346774	en	Kwényi
Q3346774	en	Numee
Q3346774	en	Numee language
Q3346774	en	Numèè language
Q3347070	en	Bodo Gadaba
Q3347070	en	Gutob language
Q33471	en	Koya language
Q3347266	en	Kumak language
Q3347266	en	Nelemwa-Nixumwak
Q3347266	en	Nêlêmwa-Nixumwak
Q3347428	en	O'du
Q3347428	en	O’du language
Q33479	en	Kolami
Q33479	en	Kolami language
Q33479	en	Northwestern Kolami
Q33491	en	Haitian Creole language
Q33491	en	Haitian language
Q33492	en	Kurukh bhasha
Q33492	en	Kurukh language
Q33492	en	Kurukhi
Q33492	en	Kurux
Q33492	en	Oraon
Q33492	en	Oraon language
Q33492	en	Oraoni
Q33492	en	Urang
Q33492	en	Uranw
Q33492	en	उरांव
Q33492	en	कुरुख
Q33492	en	कुरूख
Q3349758	en	Ofo language
Q33500	en	Mandaic language
Q33500	en	Mandāyì
Q33500	en	Raṭnā
Q33501	en	Mono (Democratic Republic of Congo)
Q33501	en	Mono language
Q3350126	en	Okwanuchu language
Q33503	en	Mono (Solomon Islands)
Q33503	en	Mono language
Q33503	en	Mono-Alu
Q3351562	en	Olrat language
Q33516	en	Motu language
Q3352827	en	Ontenu language
Q335322	en	La Pointe
Q335322	en	Lapwent
Q335322	en	Pointe à Pitre
Q335322	en	Pwentapit
Q33537	en	Lakhota
Q33537	en	Lakota language
Q33537	en	lkt
Q33537	en	Teton
Q33537	en	Teton Sioux
Q33541	en	Karakalpak language
Q33541	en	Qaraqalpaq
Q3354339	en	Opuo language
Q3354339	en	Opuuo
Q335478	en	Madīnat Ma’rib
Q33549	en	Javanese language
Q33557	en	Karelian language
Q33557	en	krl
Q3355834	en	Orejon
Q3355834	en	Orejon language
Q3355834	en	Orejón language
Q33563	en	kca
Q33563	en	Khanty language
Q33563	en	Khanty languages
Q33563	en	Ostyak
Q33563	en	Xanty language
Q33578	en	Igbo language
Q3357881	en	Chavante
Q3357881	en	Euchavante
Q3357881	en	Otí
Q3357881	en	Oti language
Q3357881	en	Xavante
Q3358211	en	Gweno language
Q33590	en	Lotha language
Q33590	en	Lotha Naga
Q33591	en	Mono (USA)
Q33591	en	Mono language
Q33594	en	Ligbi language
Q33594	en	Ligby
Q33594	en	Ligby language
Q33595	en	Iraqw language
Q33597	en	Luvale language
Q33599	en	Manyika dialect
Q33599	en	Tewe
Q3359940	en	Pa Di language
Q33600	en	Koyra Chiini language
Q33600	en	Koyra Chiini Songhay
Q33600	en	Western Songhay
Q3360016	en	Amarag
Q3360016	en	Amurag
Q3360016	en	Amurdag language
Q3360016	en	Amurdak
Q3360016	en	Amurduk
Q3360016	en	Wureidbug
Q33601	en	Kaonde language
Q33603	en	Ekegusii
Q33603	en	Gusii language
Q33603	en	Kisii
Q3360370	en	Padoe language
Q33604	en	Makhuwa-Meetto language
Q33606	en	Ede Ife
Q33606	en	Èdè Ifɛ̀
Q33606	en	Ife
Q33606	en	Ife language
Q33606	en	Ifè language
Q33606	en	Ifɛ
Q33606	en	Ifɛ̀
Q3360656	en	Northern Paiute language
Q33607	en	Lunda language
Q3360711	en	Pak-Tong language
Q33608	en	Cen Tuum
Q33608	en	Centuum
Q33608	en	Centúúm
Q33608	en	Jalaa language
Q33617	en	Hiri
Q33617	en	ho
Q33617	en	Pidgin Motu
Q33617	en	Police Motu
Q3361723	en	Bolyu language
Q3361723	en	Lai
Q3361723	en	Paliu
Q3361723	en	Palyu
Q3361895	en	Panará
Q3361895	en	Panara language
Q33622	en	Istro Romanian
Q33622	en	Istro-Romanian language
Q33622	en	Rumârește
Q33622	en	Vlășește
Q33624	en	Itelmen language
Q33624	en	Kamchadal
Q33626	en	Harari language
Q336264	en	Kyōdai
Q336264	en	Kyōto daigaku
Q336264	en	Kyōto University
Q33627	en	Ili Turki language
Q3362757	en	Papapana language
Q33628	en	loz
Q33628	en	Lozi language
Q33630	en	Kusanda
Q33630	en	Kusunda language
Q33630	en	Mihaq
Q33630	en	Mihaq language
Q33634	en	European Kalmyk
Q33634	en	Kalmik
Q33634	en	Kalmik Elut
Q33634	en	Kalmuk
Q33634	en	Kalmyk language
Q33634	en	Kalmyk of the Volga
Q33634	en	Kalmyk Oirat
Q33634	en	Kalmyk Oirat language
Q33634	en	Modern Kalmyk
Q33634	en	Western Mongolian
Q33634	en	xal
Q3363719	en	Parauk language
Q3363719	en	Wa, Parauk
Q33643	en	Makasar
Q33643	en	Makasar language
Q33643	en	Makassar language
Q33643	en	Makassarese
Q33643	en	Makassarese language
Q33643	en	Standard Makassar
Q3364475	en	Chiapanec language
Q3364501	en	Classical K'iche' language
Q3364594	en	Elu language
Q33653	en	Nyangumarta language
Q3365443	en	Gavião de Parã
Q3365443	en	Pará Gavião language
Q33655	en	Naija
Q33655	en	pcm
Q3365567	en	Manceau
Q33657	en	Gilaki language
Q33657	en	glk
Q33658	en	Lushootseed language
Q33658	en	Puget Salish
Q33658	en	Puget Sound Salish
Q33658	en	Skagit-Nisqually
Q33660	en	Puelche language
Q33661	en	Mauritian
Q33661	en	mfe
Q33662	en	Niellim language
Q33663	en	Omagua language
Q33664	en	Nyabwa language
Q33665	en	Nisenan language
Q33672	en	Ikalanga
Q33672	en	Kalanga language
Q33672	en	TjiKalanga
Q33675	en	Nuer language
Q33676	en	Negidal language
Q33677	en	Nasa Yuwe
Q33677	en	Paes
Q33677	en	Paez
Q33677	en	Paez language
Q33677	en	Páez language
Q3367751	en	Middle Malay
Q3367751	en	South Barisan Malay
Q3368506	en	Buglere language
Q3368679	en	Patep language
Q3368846	en	Patpatar language
Q3370	en	City of Zadar
Q3370	en	Zara
Q3370188	en	Patwin language
Q33714	en	Karachay-Balkar language
Q33714	en	krc
Q33717	en	Maguindanao language
Q33717	en	Maguindanaoan
Q33717	en	Maguindanaon
Q33720	en	Harayan language
Q33720	en	Hiraya
Q33720	en	Karay-a language
Q33720	en	Kinaray-a
Q33720	en	Kinaray·a
Q33720	en	krj
Q33723	en	Chagatai
Q33723	en	Dzhagatay
Q33723	en	Judeo-Crimean Tatar
Q33723	en	Krimchak
Q33723	en	Krymchak language
Q337272	en	CBM-BASIC
Q337272	en	PET Basic
Q33736	en	Puma language
Q3373890	en	Peba language
Q33743	en	Muher language
Q3374631	en	Penchal language
Q337530	en	Sahr
Q3376353	en	Petats language
Q33765	en	Idioma de Señas de Nicaragua
Q33765	en	ISN
Q3376818	en	Vwanji language
Q33784	en	JE.16
Q33784	en	Lusoga language
Q33784	en	Soga language
Q33784	en	soga1422
Q33784	en	xog
Q33790	en	Niuean language
Q33794	en	Nyoro language
Q33800	en	Lanaoan language
Q33800	en	Maranao language
Q33810	en	Odia language
Q33810	en	Oriya
Q33810	en	Oriya language
Q33811	en	Shoshoni language
Q33813	en	Miao language
Q3382207	en	Piaroa language
Q3382208	en	Piapoco language
Q33825	en	Pirahã language
Q33856	en	Papiamentu
Q33864	en	Afaan Oromo
Q33864	en	Afaan Oromoo
Q33864	en	Galla
Q33864	en	om
Q33864	en	Oromiffa
Q33864	en	Oromo language
Q33864	en	Oromoo
Q33868	en	Kanglei-lon
Q33868	en	Manipuri
Q33868	en	Meetei
Q33868	en	Meetei Manipuri
Q33868	en	Meetei-lon
Q33868	en	Meitei language
Q33868	en	Meitei-lon
Q33868	en	Meiteilon
Q33868	en	Meithei
Q33880	en	Selti language
Q33880	en	Silt'e
Q33880	en	Silt'e language
Q33880	en	Siltʼe
Q33880	en	Siltʼe language
Q3388339	en	Pije language
Q338844	en	Batina
Q338844	en	Batinah
Q338844	en	Batnah
Q338844	en	Bātnah
Q338844	en	Bethna
Q3388544	en	Pima Bajo language
Q33890	en	Northern Sotho language
Q33890	en	nso
Q33890	en	pedi
Q33890	en	sepedi
Q33890	en	Sepulana
Q33890	en	Transvaal-Sotho
Q3391031	en	Plains Miwok language
Q33914	en	Senaya language
Q33916	en	Suba language
Q33918	en	Ludian
Q33918	en	Ludian language
Q33918	en	Ludic language
Q33924	en	Tupinikin
Q33924	en	Tupiniquim language
Q33926	en	Panamint
Q33926	en	Timbisha language
Q33928	en	Orok language
Q33930	en	Tehuelche language
Q3393063	en	Mlahsö
Q3393063	en	Mlahso language
Q3393063	en	Mlahsô language
Q33935	en	Tel aviv
Q33935	en	Tel Aviv City
Q33935	en	Tel Aviv Jaffa
Q33935	en	Tel Aviv-Jaffa
Q33935	en	Tel Aviv-Jafo
Q33935	en	Tel Aviv-Yaffo
Q33935	en	Tel Aviv-Yafo
Q33935	en	Tel Aviv, Israel
Q33935	en	Tel-aviv
Q33935	en	Tel-Aviv
Q33935	en	Tel-Aviv Jaffa
Q33935	en	Tel-Aviv Yafo
Q33935	en	TLV
Q3393634	en	Allar language
Q3393634	en	Chatan
Q33940	en	O'otham
Q33940	en	Tepehuan language
Q33940	en	Tepehuán language
Q3394363	en	Sangisari
Q3394363	en	Sangsari language
Q33947	en	Davvisaami
Q33947	en	Davvisamegiella
Q33947	en	Davvisámegiella
Q33947	en	Davvisami
Q33947	en	Davvisámi
Q33947	en	North Sami
Q33947	en	Northern Saami
Q33948	en	Masbateño language
Q33948	en	Masbatenyo
Q339527	en	Launceston, Tas.
Q339527	en	Launceston, Tasmania
Q339527	en	Lonnie
Q33954	en	sag
Q33954	en	Sangho
Q33954	en	Sango language
Q33954	en	sg
Q33957	en	Sara Bakati' language
Q33957	en	Sara language
Q33960	en	Krowe
Q33960	en	Maumere
Q33960	en	Sara Sikka
Q33960	en	Sika language
Q3396018	en	Northeastern Pomo language
Q3396020	en	Central Pomo language
Q3396021	en	Northern Pomo language
Q3396023	en	Southern Pomo language
Q3396025	en	Elem Pomo
Q3396025	en	Southeastern Pomo language
Q3396032	en	Eastern Pomo language
Q3396122	en	Ponam language
Q33962	en	San Remo
Q3397346	en	Rennell-Bellona
Q3397346	en	Rennellese language
Q3398276	en	Adang language
Q3398276	en	Kabola
Q3398323	en	Port Vato language
Q3398324	en	Port Sandwich language
Q3398785	en	Kairiru language
Q33990	en	Susu language
Q3399050	en	Kaniet language
Q3399095	en	Niuatoputapu language
Q3399507	en	Kashkadarya Arabic
Q3399507	en	Qashqadarya Arabic
Q3399507	en	Uzbeki Spoken Arabic
Q3399642	en	Agarabi language
Q3399652	en	Aiklep language
Q3399682	en	Camarines Norte Agta
Q3399682	en	Manide language
Q3399682	en	North Camarines Agta
Q3399691	en	Aekyom
Q3399691	en	Awin language
Q3399709	en	Alabat Island Agta language
Q3399709	en	Inagta Alabat language
Q3399717	en	Agutaynen language
Q3399725	en	Aiton language
Q3399725	en	Tai Aiton language
Q34	en	Kingdom of Sweden
Q34	en	se
Q34	en	Swedish Kingdom
Q3400073	en	Tiagba language
Q3400073	en	Tiagbamrin Aizi
Q34001	en	Robaais
Q34001	en	Robeke
Q34002	en	Sunda
Q34002	en	Sundanese language
Q3400829	en	Afitti language
Q3401023	en	Poyanawa
Q3401023	en	Poyanawa language
Q3401023	en	Poyanáwa language
Q34014	en	siSwati
Q34014	en	Swati
Q34014	en	Swazi language
Q3401474	en	Phray language
Q3401474	en	Pray 3
Q34015	en	Kreol
Q34015	en	Seselwa
Q34015	en	Seselwa Creole French
Q34015	en	Seychelles Creole
Q34016	en	Sandawe language
Q34017	en	Seto dialect
Q3401998	en	Baenan language
Q34020	en	Niuē
Q34020	en	nu
Q3402048	en	Malibu languages
Q34022	en	Tobian language
Q34024	en	Picard language
Q34029	en	yap
Q34029	en	Yapese language
Q34035	en	Tharu languages
Q34035	en	Tharuic languages
Q34037	en	Woleaian language
Q34040	en	Surayt
Q34040	en	Suryoyo
Q34040	en	Syriac
Q34040	en	Turabdinian
Q34040	en	West Syriac
Q34067	en	Svan language
Q34067	en	Svane
Q34067	en	Svanuri
Q34067	en	Svanuri + Lashkhuri
Q3407029	en	Tumtum language
Q3407136	en	Kadugli language
Q3407136	en	Katcha-Kadugli-Miri
Q34079	en	Tabasaran language
Q34079	en	Tabassaran
Q3408516	en	Me'en language
Q3408516	en	Mekan
Q3408516	en	Mekan language
Q34088	en	Arin language
Q34089	en	Assan language
Q3409297	en	Vilela language
Q3409301	en	Iranshe
Q3409301	en	Irántxe
Q3409301	en	Irantxe language
Q3409301	en	Irántxe-Mỹky
Q3409301	en	Iranxe
Q3409301	en	Manoki
Q3409301	en	Münkü
Q3409301	en	Mỹky
Q3409307	en	Aikanã language
Q3409307	en	Corumbiara
Q3409307	en	Huari
Q3409307	en	Kolumbiara
Q3409307	en	Tubarão
Q3409307	en	Uari
Q3409307	en	Wari
Q3409311	en	Keiga language
Q3409318	en	Aushiri language
Q3409318	en	Auxira
Q3409818	en	Takuu language
Q34101	en	Chitonga
Q34101	en	Tonga language
Q34101	en	Zambezi
Q34108	en	Leonese language
Q3411152	en	Pwaamei language
Q3411153	en	Pwapwa
Q3411153	en	Pwapwa language
Q3411153	en	Pwapwâ language
Q34116	en	Port Arthur
Q34116	en	Thunder Bay, ON
Q34116	en	Thunder Bay, Ontario
Q34124	en	Tigrigna
Q34124	en	Tigrinja
Q34124	en	Tigrinya alphabet
Q34124	en	Tigrinya language
Q34126	en	Funafuti Island
Q3412974	en	Quapaw language
Q34133	en	Tsat language
Q34137	en	Bechuana
Q34137	en	Sechuana
Q34137	en	Setswana
Q34137	en	tn
Q34137	en	Tswana language
Q34139	en	Kuznets Tatar
Q34139	en	Shor language
Q34140	en	Surigaonon language
Q3414203	en	Querandi
Q3414203	en	Querandi language
Q3414203	en	Querandic language
Q3414352	en	Queyu
Q3414490	en	Quileute language
Q3414522	en	Quinault language
Q3414714	en	Quiripi language
Q34154	en	Lillooet language
Q34163	en	Kott language
Q34170	en	Mbunda language
Q34173	en	Bena-Luba
Q34173	en	Ciluba
Q34173	en	Luba-Kasai language
Q34173	en	Luba-Lulua
Q34173	en	Luva
Q34173	en	Shiluba
Q34173	en	Tshiluba
Q34173	en	Western Luba
Q34174	en	rif
Q34174	en	Rif
Q34174	en	Rif Berber
Q34174	en	Riffian
Q34174	en	Riffian Berber
Q34174	en	Riffian language
Q34174	en	Rifian Berber
Q34174	en	Rifian language
Q34174	en	Tarifect
Q34174	en	Tarifiyt
Q34174	en	Tharifith
Q34174	en	Tmaziɣt
Q3417555	en	Rahambuu language
Q34180	en	Brantford, ON
Q34180	en	Brantford, Ontario
Q34180	en	City of Brantford
Q34180	en	The Corporation of the City of Brantford
Q34183	en	Barrie, ON
Q34183	en	Barrie, Ontario
Q3418509	en	Ramoaaina language
Q34191	en	Hiaki
Q34191	en	yaq
Q34191	en	Yaqui language
Q34191	en	Yoem Noki
Q34191	en	Yoeme
Q34196	en	Nuristani Kalasha language
Q34196	en	Waigali language
Q34197	en	Waima language
Q3419746	en	Laraʼ language
Q3419746	en	Rara Bakati'
Q34198	en	Wá꞉šiw ʔítlu
Q34198	en	Washo language
Q34198	en	Washoe
Q3420026	en	Ratahan language
Q34202	en	Yavapai language
Q34204	en	Euchee
Q34204	en	Tsoyaha
Q34204	en	Yuchi language
Q34207	en	Yankuntjatjara language
Q34207	en	Yankunytjatjara language
Q34213	en	Yeni language
Q34214	en	Monguor language
Q34214	en	Tu
Q34214	en	Tu language
Q34217	en	Oxford, England
Q34219	en	Walloon language
Q34222	en	Yaaku language
Q34224	en	Neo-Uygur
Q34224	en	Saryg Yughur language
Q34224	en	West Yugur
Q34224	en	Western Yughur
Q34224	en	Western Yugur language
Q34224	en	Yellow Uyghur
Q34224	en	Yellow Uygur
Q34226	en	Siryon
Q34226	en	Square Aramaic Alphabet
Q34235	en	ii
Q34235	en	Liangshan Yi
Q34235	en	Northern Yi
Q34235	en	Nosu
Q34235	en	Nuosu language
Q34235	en	Sichuan Yi
Q34235	en	Yi
Q3423957	en	Rajakng Kayan language
Q34241	en	Yanuwa
Q34241	en	Yanyuwa language
Q34249	en	Mariposa
Q34249	en	Yokuts language
Q34249	en	Yokutsan
Q3426367	en	Mbugwe language
Q3426367	en	Mbuwe
Q34279	en	Lineyte-Samarnon
Q34279	en	war
Q34279	en	Waray (Philippines)
Q34279	en	Waray language
Q34279	en	Waray-Waray
Q34279	en	Waray-Waray language
Q34279	en	Winaray
Q3429088	en	Rade language
Q34295800	en	Arakwal language
Q3431451	en	Shao-Jiang Min
Q3431451	en	Shaojiang Chinese
Q3431451	en	Shaojiang Min
Q3431451	en	Shaojiang Min Chinese
Q34327	en	Changana
Q34327	en	Shangana
Q34327	en	Shangani
Q34327	en	Tsonga language
Q34327	en	xiChangana
Q34327	en	xiShangana
Q34327	en	Xitsonga
Q34333	en	Nheengatu language
Q34333	en	Nhengatu
Q34333	en	yrl
Q3435078	en	Pigeon English
Q3435078	en	Yang-King-Pang English
Q3436586	en	Ninam language
Q3436590	en	Ashtiani language
Q3436597	en	Teshenawa language
Q3436603	en	Lhokpu language
Q3436612	en	Bung language
Q3436621	en	Abellen Ayta
Q3436621	en	Abellen language
Q3436621	en	Ayta Abenlen
Q3436626	en	Bakumpai language
Q3436637	en	Chamacoco language
Q3436645	en	Central Awyu
Q3436664	en	Camling language
Q3436668	en	Sallands
Q3436680	en	Bole language
Q3436689	en	Brazilian Cities Sign Language
Q3436689	en	LGB
Q3436689	en	Libras
Q3436689	en	LSB
Q3436689	en	LSCB
Q3436700	en	Laqua
Q3436700	en	Pubiao-Qabiao
Q3436700	en	Qabiao language
Q3436736	en	Mayaguduna
Q3436736	en	Mayi-Kutuna language
Q34370	en	R'dam
Q34370	en	Roffa
Q34370	en	Rotjeknor
Q3437230	en	Ashaninka
Q3437230	en	Ashaninka language
Q3437230	en	Asháninka language
Q3437292	en	Zhang Zhung
Q3437292	en	Zhang-Zhung language
Q3437292	en	Zhangzhung
Q3437607	en	So
Q3437607	en	Soo
Q3437616	en	Chopi language
Q3437626	en	Gorowa language
Q3437645	en	Fongoro language
Q3437656	en	Kutto language
Q3437661	en	Luguru language
Q3438316	en	Kisanga
Q3438316	en	Sanga (Democratic Republic of Congo)
Q3438316	en	Sanga language
Q3438330	en	Bangubangu language
Q3438334	en	Enwan (Edu State)
Q3438334	en	Enwan language
Q3438338	en	Cacaopera language
Q3438345	en	Gengle language
Q3438350	en	Dijim-Bwilim language
Q3438356	en	Matapi
Q3438356	en	Yucuna language
Q3438356	en	Yucuna-Matapi
Q3438356	en	Yukunais
Q3438361	en	Gaa language
Q3438361	en	Tiba
Q3438367	en	Toro language
Q3438373	en	Kanamari
Q3438373	en	Kanamari language
Q3438373	en	Kanamarí language
Q3438383	en	Kwanga language
Q3438402	en	Banka language
Q3438402	en	Bankagooma
Q3438405	en	Dong
Q3438405	en	Dong language
Q3438405	en	Donga language
Q3438444	en	Boguru
Q3438444	en	Guru language
Q3438705	en	Ngamo language
Q3438708	en	Kariya language
Q3438718	en	Kubi language
Q3438725	en	Gera language
Q3438729	en	Siri language
Q3438738	en	Nyam language
Q3438747	en	Goji
Q3438747	en	Kushi language
Q3438755	en	Koenoem language
Q3438764	en	Maaka language
Q3438770	en	Karaikarai
Q3438770	en	Karekare
Q3438770	en	Karekare language
Q3438770	en	Kerekere
Q3438770	en	Kerrikerri
Q3438780	en	Ma’as
Q3438780	en	Mangas language
Q3438780	en	Mantsi
Q3438780	en	Mantsi language (Nigeria)
Q3438789	en	Geruma language
Q3438799	en	Ciwogai language
Q3438807	en	Pyapun language
Q3438816	en	Sha language
Q3438830	en	Gaddang language
Q3439012	en	Pemono
Q3439071	en	Banggarla
Q3439071	en	Parnkalla
Q3439680	en	Northern Roglai language
Q34398731	en	Athina
Q3440381	en	Warji language
Q3440387	en	Tal language
Q3440392	en	Tambas language
Q3440398	en	Buso
Q3440398	en	Kwang language
Q3440403	en	Gergiko
Q3440403	en	Mokilko language
Q3440403	en	Mukulu
Q3440412	en	Boghom language
Q3440422	en	Kajakse language
Q3440427	en	Kabalai language
Q3440432	en	Ron language
Q3440437	en	Mabire language
Q3440448	en	Masmaje language
Q3440457	en	Montol language
Q3440457	en	Tɛɛl
Q3440464	en	Kholok language
Q3440473	en	Mogum language
Q3440480	en	Ngwaba language
Q3440486	en	Mwaghavul language
Q3440492	en	Piya language
Q3440492	en	Piya-Kwonci
Q3440501	en	Tobanga language
Q3440506	en	Akande
Q3440506	en	Korom Boye
Q3440506	en	Kulere language
Q3440512	en	Katawixi language
Q3440518	en	Mubi language
Q3440525	en	Kwaami language
Q3440527	en	Kir-Balar language
Q3440883	en	Con
Q3440883	en	Con language
Q3440883	en	Kha Kior
Q3441097	en	sali1298
Q3441097	en	Sáliba
Q3441097	en	Saliba language
Q3441097	en	slc
Q3441115	en	Cua language
Q3441122	en	Tai Ya language
Q3441160	en	Furu language
Q3441166	en	Oloma language
Q3441172	en	Gudu language
Q3441180	en	Gavar
Q3441180	en	Gawar language
Q3441188	en	Gvoko language
Q3441193	en	Ihievbe language
Q3441199	en	Cakfem-Mushere language
Q3441206	en	Mada (Cameroon)
Q3441206	en	Maɗa language
Q3441210	en	Kimre
Q3441210	en	Kimre language
Q3441210	en	Kimré language
Q3441216	en	Uokha language
Q3441225	en	Toram language
Q3441230	en	Gude language
Q3441237	en	Gabri language
Q3441244	en	Eruwa language
Q3441249	en	Wandala language
Q3441256	en	Abureni language
Q3441264	en	Miship language
Q3441272	en	Guruntum language
Q3441272	en	Guruntum-Mbaaru
Q3441277	en	Youm language
Q3441285	en	Glavda language
Q3441293	en	Dass language
Q3441299	en	Nzanyi language
Q3441303	en	Sokoro language
Q3441310	en	Miltu language
Q3441315	en	Pa'a language
Q3441324	en	Mburku language
Q3441333	en	Mawa (Chad)
Q3441333	en	Mawa language
Q3441344	en	Uvbie language
Q3441344	en	Uvwie
Q3441350	en	Guduf-Gava language
Q3441359	en	Mire language
Q3441359	en	Mulgi
Q3441365	en	Zerenkel
Q3441365	en	Zirenkel language
Q3441370	en	Buso language
Q3441375	en	Beeke language
Q3441382	en	Kofyar language
Q3441387	en	Zangwal language
Q3441392	en	Ehueun language
Q3441409	en	Japrería
Q3441409	en	Japreria language
Q3441418	en	Atikum language
Q3441418	en	Huamoe language
Q3441418	en	Huamoé language
Q3441418	en	Uamue
Q3441418	en	Uamué
Q3441427	en	Yavitero language
Q3441435	en	Tamanaku language
Q3441447	en	Yuco
Q3441447	en	Yukpa language
Q3441595	en	Alekano language
Q3441672	en	Sentani language
Q3441683	en	Bakati’ language
Q3441683	en	Bekati'
Q3441683	en	Riuk Bekati'
Q3441762	en	Carabayo language
Q3441763	en	Ronji language
Q3441962	en	Dawan
Q3441962	en	Dawan language
Q3441962	en	Uab Meto language
Q3442330	en	T'en
Q3442330	en	Then language
Q3442402	en	Gail
Q3442402	en	Gayle language
Q3442442	en	Kachari language
Q344266	en	ASP
Q344266	en	ASP.Net
Q344266	en	Classic ASP
Q3442732	en	Nyulnyul language
Q3442745	en	Badimaya language
Q3444486	en	Rama language, Rma
Q3445546	en	Roviana language
Q3445811	en	Titan language
Q3446241	en	Tswapong language
Q3446591	en	Alu
Q3446591	en	Alu language
Q3446591	en	Alu-Sinagen language
Q3446591	en	Dia language
Q3446591	en	Galu
Q3446591	en	Galu language
Q3446591	en	Metru
Q3446591	en	Metru language
Q3446596	en	Cujareño
Q3446596	en	Mashco Piro language
Q3446608	en	Au language
Q3446613	en	Anserma language
Q3446613	en	Umbra
Q3446613	en	Umbra language
Q3446613	en	uŋã
Q3446617	en	Huachipaeri language
Q3446622	en	Jola-Kasa
Q3446622	en	Kasa language
Q3446631	en	Bangwinji language
Q3446632	en	Baissa Fali language
Q3446640	en	Arikapu
Q3446640	en	Arikapu language
Q3446640	en	Arikapú language
Q3446643	en	Awak language
Q3446647	en	Abom language
Q3446651	en	Atampaya dialect
Q3446655	en	Carijona language
Q3446660	en	Arara do Beiradão
Q3446660	en	Arara do Rio Branco
Q3446660	en	Mato Grosso Arara
Q3446660	en	Mato Grosso Arara language
Q3446660	en	Mato Grosso Arára language
Q3446663	en	Yugambal language
Q3446668	en	Sapa language
Q3446668	en	Tay Sa Pa
Q3446668	en	Tày Sa Pa
Q3446675	en	Ts'ün-Lao language
Q3446679	en	Arikem language
Q3446682	en	Cao Lan
Q3446682	en	Caolan language
Q3446684	en	Awbono language
Q3446687	en	Fasu language
Q3446690	en	Ankave language
Q3446691	en	Ofaye
Q3446691	en	Ofaye language
Q3446691	en	Ofayé language
Q3446774	en	Bukitan language
Q3446788	en	Bobot language
Q3447116	en	Karo (Ethiopia)
Q3447116	en	Karo language
Q3447258	en	Sawai language
Q3447279	en	Kau language
Q3447286	en	Dabarre language
Q3447297	en	Rendille language
Q3447440	en	Bwile language
Q3448149	en	Maisin language
Q3448673	en	Maria (Papua New Guinea)
Q3448673	en	Maria language
Q3448896	en	Ambala Ayta
Q3448896	en	Ambala language
Q3448919	en	Gong language
Q3448919	en	Ugong language
Q3449070	en	South Efate language
Q3449082	en	Tamki language
Q3449115	en	Sampang language
Q3449126	en	Athpare language
Q3449126	en	Athpariya
Q3449510	en	Orang Kanaq language
Q3449805	en	azb
Q3449805	en	South Azerbaijani language
Q3449842	en	Dura language
Q3449885	en	Badui
Q3449885	en	Badui language
Q3449885	en	Baduy language
Q3449925	en	Huitoto
Q3449925	en	Witoto languages
Q3449953	en	Homa language
Q3449964	en	Bushong language
Q3449964	en	Bushoong
Q3450131	en	Zeem language
Q3450142	en	Ambo language
Q3450154	en	Bre
Q3450154	en	Mbre language
Q3450179	en	Akuku language
Q3450194	en	Vale language
Q3450207	en	Budu language
Q3450423	en	Oro Win language
Q3450433	en	Baga Sobane
Q3450459	en	Damar Barat
Q3450459	en	Damar-Batumerah
Q3450459	en	West Damar language
Q3450469	en	Birhor language
Q3450481	en	Ashéninca
Q3450481	en	Ashéninga
Q3450481	en	Asheninka Pajonal
Q3450481	en	Ashéninka Pajonal
Q3450481	en	Pajonal Asheninka
Q3450481	en	Pajonal Ashéninka
Q3450493	en	Wapishana language
Q3450504	en	Resigaro
Q3450504	en	Resigaro language
Q3450504	en	Resígaro language
Q3450516	en	Buna language
Q3450522	en	Wauja
Q3450522	en	Waura
Q3450522	en	Waura language
Q3450522	en	Waurá language
Q3450534	en	Yabaana
Q3450534	en	Yabaana language
Q3450534	en	Yabaâna language
Q3450546	en	Baimak language
Q3450556	en	Asụsụ Arawakaan laarala azụ nke Bollivia
Q3450556	en	Saraveca language
Q3450566	en	Aruop language
Q3450578	en	Bolango language
Q3450601	en	Asheninka Perene
Q3450601	en	Ashéninka Perené
Q3450601	en	Perene Asheninka
Q3450611	en	Brunei Bisaya language
Q3450623	en	Bungain language
Q3450636	en	Katukina
Q3450636	en	Katukina language
Q3450636	en	Katukína language
Q3450648	en	Baangi language
Q3450660	en	Cabiyarí
Q3450686	en	Bijori
Q3450686	en	Binjhia
Q3450686	en	Birjia language
Q3450697	en	Bagupi language
Q3450709	en	Jaulapiti
Q3450709	en	Yawalapiti language
Q3450709	en	Yawalapití language
Q3450724	en	Banda-Mbres
Q3450735	en	crb
Q3450735	en	Island Carib
Q3450735	en	Island Carib language
Q3450749	en	Arakanese
Q3450749	en	Arakanese language
Q3450749	en	Rakhine language
Q3450749	en	rki
Q3450761	en	Finongan language
Q3450775	en	Bintulu language
Q3450788	en	Aro language
Q3450788	en	Torricelli language
Q3450802	en	Barikanchi
Q3450812	en	Baruya
Q3450812	en	Yipma language
Q3450824	en	Paynamar language
Q3450949	en	Aka
Q3450949	en	Sillok language
Q34511664	en	Baazem language
Q34512239	en	Bacama-Yimburu language
Q3453188	en	Rumsen language
Q3460352	en	Sa
Q3460352	en	Saa language
Q3460478	en	Sabane
Q3460478	en	Sabanê
Q3460478	en	Sabanes language
Q3460478	en	Sabanês language
Q3460957	en	Bay Miwok language
Q34647	en	eGoli
Q34647	en	Jo'burg
Q34647	en	joburg
Q34647	en	Johannesburg, Gauteng
Q34647	en	Johannesburg, Gauteng, South Africa
Q34647	en	Johannesburg, South Africa
Q34647	en	Jozi
Q34647	en	ZAJNB
Q346744	en	Adai language
Q34685	en	Yurok language
Q34692	en	Kingston, Jamaica
Q34692	en	Kingston, Surrey
Q347	en	FL
Q347	en	li
Q347	en	Principality of Liechtenstein
Q3470593	en	Central Sama language
Q3470594	en	Southern Sama language
Q3472206	en	Sangil language
Q34723	en	Àhàn
Q34723	en	Ahan language
Q34725	en	Abar
Q34725	en	Mungbam language
Q34727	en	Agoi language
Q34729	en	Ahanta language
Q34729	en	Fanti
Q34730	en	Adangbe
Q34730	en	Agotime language
Q3473187	en	Saposa language
Q34732	en	Agatu language
Q34733	en	Awuna
Q34734	en	Aduge language
Q34736	en	Agwagwune
Q34736	en	Gwune language
Q34737	en	Aghem language
Q34737	en	Wum
Q34737	en	Yum
Q34738	en	Adioukrou
Q34738	en	Adiukru
Q34738	en	Adjukru language
Q34738	en	Adyukru
Q3474222	en	Western Ojibwa language
Q3474649	en	Saweru language
Q3474891	en	Sa'ban language
Q34754	en	Republic of Somaliland
Q3476	en	Aquila
Q3476	en	Aquila degli Abruzzi
Q34767	en	Abure language
Q34769	en	Acheron language
Q3477218	en	Secoya language
Q34774	en	Achi’
Q34776	en	adamaua fulani
Q34776	en	Adamawa Fulfulde
Q34778	en	Ahom language
Q34780	en	Aheu
Q34781	en	Abidji language
Q34783	en	Animere language
Q34783	en	Anymere language
Q34786	en	Ayu language
Q34788	en	Ayere language
Q34790	en	Babanki language
Q34794	en	Atsam language
Q34794	en	Cawai
Q34794	en	Tsam
Q34798	en	Asu (Nigeria)
Q34798	en	Asu language
Q34799	en	Akum language
Q3479942	en	Serrano language
Q34801	en	Akpa language
Q34802	en	Akwa language
Q34808	en	Ake language
Q34810	en	Apro language
Q34810	en	Aproumu Aizi
Q34813	en	Alago language
Q34813	en	Idoma Nokwu
Q34813	en	Idoma Nokwu language
Q34814	en	Ali language
Q34815	en	Alege language
Q34818	en	Ambele language
Q34819	en	Babango
Q34819	en	Bango language
Q3481999	en	Shi language
Q34820	en	San Domingo
Q34820	en	Santo Domingo de Guzman
Q34820	en	Santo Domingo de Guzmán
Q34820	en	Santo Domingo, Dominican Republic
Q34822	en	Baba
Q34822	en	Papia language
Q34823	en	Koro Wachi language
Q34824	en	Atong (Cameroon)
Q34824	en	Atoŋ
Q34826	en	Amo language
Q3482685	en	Shuswap language
Q34829	en	Akoko language
Q34829	en	Arigidi
Q3482903	en	Siang language
Q3482907	en	Siar-Lak language
Q34831	en	abr
Q34831	en	Abron
Q34831	en	Bono dialect
Q34831	en	Bono Twi
Q34831	en	Brong
Q34832	en	Afshar language
Q34832	en	Afshari
Q34833	en	Abbay (Ivory Coast)
Q34833	en	Abbey (Ivory Coast)
Q34833	en	Abè (Ivory Coast)
Q34835	en	Abua language
Q34837	en	Aladian language
Q34837	en	Alladian language
Q34838	en	Anii language
Q34838	en	Basila
Q34840	en	Avikam language
Q348402	en	Adam Mickiewicz University, Poznan
Q348402	en	UAM
Q348402	en	Universitas Studiorum Mickiewicziana Posnaniensis
Q348402	en	Uniwersytet im. Adama Mickiewicza w Poznaniu
Q34841	en	Ayizo language
Q3484101	en	Simbo language
Q34842	en	Baa language
Q34842	en	Kwa
Q34844	en	Attie
Q34844	en	Attie language
Q34844	en	Attié language
Q34846	en	Ama (Sudan)
Q34846	en	Nyimang language
Q34849	en	Andi language
Q3485100	en	Sio language
Q3485116	en	Siona language
Q3485264	en	Siriano language
Q34853	en	Bafaw-Balong language
Q34855	en	Bakaka language
Q34855	en	Central Mbo
Q34855	en	Ehob Mkaa
Q34855	en	Mka'a
Q34855	en	Mkaa'
Q34856	en	Awing language
Q34860	en	Bankon language
Q34865	en	Balo language
Q34866	en	Bakoko
Q34866	en	Kogo language
Q34867	en	Bamwe language
Q34868	en	Bambalang language
Q3487165	en	Kwambi dialect
Q34872	en	Bandial language
Q34875	en	Baga Mboteni language
Q34875	en	Mboteni language
Q34878	en	Bago-Kusuntu language
Q34880	en	Bambili-Bambui
Q34880	en	Mbili-Mbui language
Q34882	en	Bamunka language
Q34882	en	Munka language
Q34884	en	Barama language
Q34885	en	Ngo
Q34885	en	Vengo language
Q34888	en	Bafut
Q34888	en	Bafut language
Q34888	en	Fut language
Q34889	en	Baatonum
Q34889	en	Bariba language
Q34890	en	Bafanji language
Q34892	en	Bali (Nigeria)
Q34892	en	Bali language
Q34893	en	Barambu language
Q34894	en	Bai language
Q34895	en	Abangba
Q34895	en	Bangba language
Q3489591	en	Solos language
Q34898	en	Abacha
Q34898	en	Abatsa
Q34898	en	Basa
Q34898	en	Basa (Nigeria)
Q34898	en	Basa-Benue language
Q34898	en	Bassa-Komo
Q34898	en	Bassa-Kwomu
Q34898	en	Rubasa
Q34898	en	Rubassa
Q34899	en	Bakwe
Q34899	en	Bakwe language
Q34899	en	Bakwé language
Q34901	en	Bamali language
Q34901	en	Chopechop
Q34903	en	Bagirmi language
Q3490756	en	Matagalpa language
Q34910	en	Ntomba-Bolia language
Q34911	en	Birifor language
Q34912	en	Bandi language
Q34914	en	Bofi language
Q3491964	en	Sorkhei-Aftari
Q34923	en	Akateko language
Q34923	en	Western Kanjobal
Q3492334	en	Southern Sierra Miwok language
Q34928	en	Anfillo language
Q34930	en	Bafia language
Q34931	en	Aghwan
Q34931	en	Caucasian Albanian language
Q34932	en	Brisbane, QLD
Q34932	en	Brisbane, Queensland
Q34932	en	Magandjin
Q34932	en	Maganjin
Q34932	en	Meaanjin
Q34932	en	Meanjin
Q34934	en	Awngi language
Q34936	en	Bangi language
Q34936	en	Bobangi
Q3493704	en	Spokane language
Q34938	en	Bangandu language
Q34940	en	Bassossi
Q34941	en	Bebil language
Q34941	en	Gbïgbïl
Q34942	en	Bonjo language
Q34942	en	Impfondo
Q34946	en	Bitare language
Q34949	en	Bassa language
Q34950	en	Bekwel
Q34950	en	Bekwil language
Q34952	en	Benga language
Q34953	en	Bobe
Q34953	en	Bohobe
Q34953	en	Bohobé
Q34953	en	Bube
Q34953	en	Bube–Benga
Q34953	en	Bubi
Q34953	en	Bubia
Q34953	en	Wovea language
Q34954	en	Bekwarra language
Q34958	en	Bonkeng language
Q34960	en	Befang
Q34960	en	Menchum language
Q34961	en	Berba language
Q34961	en	Biali
Q34964	en	Batu language
Q34967	en	Barkul language
Q34967	en	Bo-Rukul
Q34968	en	Bamenyam language
Q34968	en	Menyam
Q34973	en	Bishuo language
Q34974	en	Bauchi language
Q34974	en	Bauci
Q34974	en	Baushi
Q34976	en	Bamvele
Q34976	en	Bëbëlë
Q34976	en	Bebele language
Q34977	en	Bebe language
Q34977	en	Naami
Q34979	en	Batanga
Q34979	en	Noho language
Q34979	en	Old Malimba
Q34979	en	Tanga
Q34979	en	Tanga language
Q34983	en	Boko (Benin)
Q34983	en	Boko language
Q34983	en	Boo
Q34984	en	Bomwali language
Q34985	en	Barombi
Q34985	en	Rombi language
Q34986	en	La Santisima Trinidad
Q34986	en	La Santísima Trinidad
Q34987	en	Bile language
Q34988	en	Old Turkic language
Q34988	en	Old Turkish
Q34988	en	otk
Q34989	en	Bangala language
Q34992	en	Annobonese
Q34992	en	Annobonese language
Q34992	en	Fa d'Ambu
Q34994	en	Angolar language
Q34999	en	Bhumji
Q34999	en	Burji language
Q3499934	en	Purari language
Q35	en	Danemark
Q35	en	Dania
Q35	en	Danmark
Q35	en	Denmark proper
Q35	en	dk
Q35	en	metropolitan Denmark
Q35	en	TAN
Q35003	en	Bilua language
Q35003	en	Mbilua
Q35005	en	Baga language
Q35006	en	Balanta language
Q35008	en	Berti language
Q35010	en	Biseni language
Q3501019	en	Birwa language
Q3501019	en	Sebirwa
Q3501092	en	Shua language
Q35013	en	Berom language
Q3501553	en	Waata language
Q35017	en	Bubi
Q35017	en	Vove language
Q3501735	en	Baniwa language
Q3501747	en	Añú
Q3501747	en	Anun
Q3501747	en	Parahujano
Q3501747	en	Paraujano language
Q3501751	en	Matal language
Q3501773	en	Faiwol language
Q3501785	en	Vincentian Creole English
Q3501797	en	Yil language
Q3501809	en	Aruamu language
Q3501825	en	Remo language
Q3501838	en	Mehináku
Q3501838	en	Mehinaku language
Q3501838	en	Meinaku
Q3501850	en	Jaintia language
Q3501850	en	Jaintia Puri Nor Language
Q3501850	en	Jaintian language
Q3501850	en	Jaintian Nor language
Q3501850	en	Khasic
Q3501850	en	Khasic languages
Q3501850	en	languages of Sylhet
Q3501850	en	Nor
Q3501850	en	Pnar language
Q3501850	en	Sylheti aboriginal language
Q3501850	en	Sylheti languages
Q3501850	en	Sylheti Nor Language
Q3501858	en	Ucayali-Yurua Asheninka
Q3501858	en	Ucayali-Yurúa Ashéninka
Q3501868	en	South Ucayali Asheninka
Q3501871	en	Mefele language
Q3501881	en	Anamgura language
Q3501892	en	Ulumanda'
Q3501892	en	Ulumanda’ language
Q35019	en	Bayot language
Q3501903	en	Ethiopian sign languages
Q3501903	en	EthSL
Q3501920	en	Didayi
Q3501920	en	Gata'
Q3501920	en	Gataq language
Q3501920	en	Gta'
Q3501930	en	Anam language
Q3501942	en	Guerrero Amuzgo language
Q3502030	en	Barakai language
Q3502030	en	Workai
Q3502039	en	Bahau language
Q3502039	en	Bahau Mahakam
Q3502072	en	Auwe language
Q3502072	en	Simog languag
Q3502084	en	Urat language
Q3502094	en	Arammba language
Q35021	en	Bozo language
Q3502104	en	Aribwatsa language
Q3502104	en	Lae
Q3502213	en	Mbuko language
Q3502224	en	Malgbe language
Q3502232	en	South Giziga language
Q3502234	en	Northern Khmer dialect
Q3502244	en	Uzekwe
Q3502244	en	Zekwe language
Q3502255	en	Assangori
Q3502255	en	Sungor language
Q3502273	en	Maslam language
Q3502294	en	Nimadi language
Q3502301	en	Muyang language
Q3502308	en	Jimi (Nigeria)
Q3502308	en	Jimi language
Q3502314	en	Merey language
Q3502326	en	Tsuvan language
Q3502338	en	Morofo
Q3502338	en	Morofo language
Q3502347	en	Mser language
Q3502575	en	Kapauri
Q3502575	en	Kapori language
Q35026	en	Akebu
Q35026	en	Kebu language
Q3502610	en	Fermanggem
Q3502610	en	Walsa
Q3502610	en	Waris language
Q35028	en	Bulu language
Q3502878	en	Muyuw language
Q3502895	en	Massep language
Q35029	en	Ikposo
Q35029	en	Kposo language
Q3503002	en	Kairak language
Q3503009	en	Qaqet language
Q35034	en	Alumu language
Q35034	en	Alumu-Tesu
Q3503403	en	Sanana
Q3503403	en	Sanana language
Q3503403	en	Sula language
Q3503454	en	Naga Pidgin
Q3503454	en	Naga Pidgin language
Q3503454	en	Nagamese
Q3503684	en	Asaro'o language
Q3503717	en	Yoy language
Q3503788	en	Bamu language
Q3503800	en	Biao Min language
Q3503800	en	Biao-Jiao Mien
Q3503802	en	Binandere language
Q3503856	en	Bayono language
Q35040	en	Burun proper
Q35040	en	Mabaan
Q35040	en	Maiak
Q3504079	en	Beami language
Q3504087	en	Bare
Q3504087	en	Bare language
Q3504087	en	Baré language
Q3504097	en	Miskito Coast Creole
Q3504097	en	Miskito Coast Creole English
Q3504097	en	Moskitian Creole English
Q3504097	en	Moskitian Creole English Language
Q3504097	en	Moskitian Creole language
Q3504097	en	Mosquitia Creole
Q3504097	en	Nicaragua Creole English
Q3504106	en	Worora language
Q3504106	en	Worrorra
Q3504106	en	Worrorra language
Q3504110	en	En language
Q3504110	en	Nung Ven
Q3504118	en	Iyojwa'ja Chorote language
Q3504126	en	Nimo language
Q3504136	en	Anjam language
Q3504147	en	Banda (Indonesia)
Q3504147	en	Banda language
Q3504170	en	Beli (Papua New Guinea)
Q3504170	en	Beli language
Q3504178	en	Nakwi language
Q3504186	en	Babalia Arabic
Q3504195	en	Caramanta language
Q35042	en	Bari language
Q35042	en	Barian
Q35042	en	Barian language
Q35042	en	Beri language
Q35042	en	Karo
Q35042	en	Karo language
Q35042	en	Kutuk
Q35042	en	Kutuk language
Q3504201	en	Apali language
Q3504208	en	Basap language
Q3504217	en	Awtuw language
Q3504260	en	Alatil
Q3504260	en	Amol
Q3504260	en	Amol language
Q3504260	en	Aru
Q3504260	en	Mol language
Q3504269	en	Rawo language
Q3504279	en	Aruek language
Q3504287	en	Aighon
Q3504287	en	Aigon language
Q3504295	en	Heyo language
Q35043	en	Bugawac
Q35043	en	Bukawa language
Q3504312	en	Pareci
Q3504312	en	Parecis
Q3504312	en	Parecís
Q3504312	en	Paresi language
Q3504321	en	Asur language
Q3504321	en	Asuri
Q3504331	en	Laeko language
Q3504331	en	Laeko-Libuat
Q3504358	en	Nararapi language
Q3504358	en	Sempan language
Q3504488	en	Nauvhal
Q3504488	en	Southwest Tanna language
Q35045	en	Potosi
Q35045	en	Villa Imperial de Potosi
Q35045	en	Villa Imperial de Potosí
Q35046	en	Busuu language
Q3504757	en	Pa language
Q3504757	en	Pare
Q35048	en	Cara language
Q35050	en	Beba language
Q35052	en	Byep language
Q35052	en	Byep-Besep
Q35052	en	North Makaa
Q35055	en	Bomboli language
Q3505736	en	Susquehannock language
Q35058	en	Bum language
Q3505859	en	Suya
Q3505859	en	Suya language
Q3505859	en	Suyá language
Q35061	en	Bullom So language
Q35061	en	Mandingi
Q35061	en	Mmani
Q35063	en	Bomitaba language
Q35067	en	Bwisi language
Q35071	en	Bolondo
Q35071	en	Bolondo language
Q3507211	en	Amazigh Tugurt language
Q3507211	en	Oued Righ
Q3507211	en	Oued-Righ Berber
Q3507211	en	Temacine Tamazight
Q3507211	en	Tugurt language
Q35074	en	Cerma language
Q3507479	en	Empire Luwian
Q3507479	en	Iron Age Luwian
Q3507488	en	Akwawa language
Q3507488	en	Akwáwa language
Q3507488	en	Tupi-Guarani Subgroup IV.A
Q35078	en	Bamukumbit language
Q3507832	en	Jola
Q3507832	en	Jola-Fonyi language
Q3507873	en	Anambe
Q3507873	en	Anambe language
Q3507873	en	Anambé language
Q3507873	en	Anambé of Cairarí
Q3507881	en	Mufian language
Q3507888	en	Andarum language
Q3507895	en	Bukiyip language
Q3507907	en	Aruá (Rondônia State)
Q3507907	en	Aruáshi
Q3507907	en	Aruashi language
Q3507907	en	Aruáshi language
Q3507920	en	Arem language
Q3507932	en	Atorada language
Q3507941	en	Apiaka
Q3507941	en	Apiaka language
Q3507941	en	Apiaká language
Q3507959	en	Arabana language
Q3507964	en	Manikion
Q3507964	en	Mantion language
Q3507964	en	Sogh
Q3507964	en	Sougb
Q3507971	en	Arma language
Q3507977	en	Bragat language
Q3507983	en	Puare
Q3507983	en	Puari language
Q3507990	en	Tutong language
Q3507995	en	Aura
Q3507995	en	Aura language
Q3507995	en	Aurá language
Q3507995	en	Auré
Q35080	en	Boma language
Q35080	en	Buma language
Q35080	en	Kiboma language
Q3508001	en	Angaataha language
Q3508007	en	Agavotaguerra language
Q3508015	en	Abelam language
Q3508015	en	Ambulas
Q3508025	en	Amele language
Q3508036	en	Southern Aymara language
Q3508044	en	Bumbita Arapesh
Q3508044	en	Bumbita language
Q3508053	en	Amanaye
Q3508053	en	Amanaye language
Q3508053	en	Amanayé language
Q3508067	en	Arta language
Q3508067	en	atz
Q3508074	en	Nai language
Q3508085	en	Remontado Agta
Q3508085	en	Remontado Dumagat
Q3508085	en	Sinauna language
Q3508092	en	Amri Karbi
Q3508092	en	Amri language
Q3508100	en	Angor language
Q3508107	en	Abia
Q3508107	en	Aneme Wake language
Q3508116	en	Kwomtari language
Q3508132	en	Anuki language
Q35084	en	Bongili language
Q35085	en	Bələ
Q35085	en	Bili
Q35085	en	Bɨlɨ
Q35085	en	Buli language
Q3508617	en	Mesmes language
Q35087	en	Boki language
Q35087	en	Bokyi
Q3508760	en	Namla language
Q3508760	en	Tukuih language
Q35088	en	Bom language
Q35088	en	Bom-Kim
Q35088	en	Bome
Q35088	en	Bomo
Q35091	en	Aguacateco
Q35091	en	Awakatek language
Q3509129	en	Ariba
Q3509164	en	Ayabadhu language
Q3509164	en	Ayapathu
Q3509164	en	Yintyinka-Ayabadhu
Q35092	en	Amuzgo language
Q35092	en	Amuzgoan
Q35095	en	Badyara language
Q35096	en	Bedik language
Q35096	en	Menik
Q35096	en	Ménik
Q3509628	en	Iquo Ekid
Q3509732	en	//Xegwi
Q3509732	en	ǁXegwi language
Q35098	en	Bassari language
Q35098	en	Bassari-Tanda
Q35098	en	Oniyan
Q35099	en	Biafada language
Q35100	en	Bouyei language
Q35101	en	Bunak language
Q35103	en	Bai language
Q35103	en	Bai languages
Q35103	en	Baic
Q35103	en	Baic language
Q35103	en	Baic languages
Q35104	en	Huaylay
Q35106	en	B'ru
Q35106	en	Baru
Q35106	en	Brou
Q35106	en	Bru language
Q35106	en	Bruu
Q35108	en	Bench language
Q35110	en	Bube language
Q35110	en	Bubi
Q35110	en	Bubi language
Q35112	en	Caxamarca Quechua
Q35112	en	Kashamarkapa runashimi
Q35115	en	cak
Q35115	en	Cakchiquel
Q35115	en	Kaqchikel (Guatemala)
Q35115	en	Kaqchikel (Mexico)
Q35115	en	Kaqchikel language
Q3511919	en	Koho language
Q35121	en	Abon language
Q3512141	en	Waikeri
Q3512161	en	Gogodala language
Q35123	en	Bussa language
Q3512402	en	Adap language
Q35125	en	Dagik
Q35125	en	Dengebu language
Q3512660	en	Upper Ta'oih language
Q3512690	en	East Makian
Q3512690	en	Makian Dalam
Q3512690	en	Makian Dalam language
Q3512690	en	Taba language
Q35128	en	Amarakaeri language
Q3513300	en	Ansus language
Q3513309	en	Baham language
Q3513320	en	Pamona language
Q3513320	en	Poso language
Q3513326	en	Awyi language
Q3513542	en	Tawoyan language
Q3513637	en	Fârsi-ye Irâni
Q3513637	en	Western Farsi
Q3513637	en	Western Persian
Q35137	en	Archaic Chinese
Q35138	en	Amazonas Quechua
Q35141	en	Adangme
Q35141	en	Adangme language
Q35141	en	Dangme language
Q3514220	en	Bugun
Q3514220	en	Khowa language
Q351427	en	Adama Special Zone
Q351427	en	Nazreth
Q3514336	en	Takia language
Q3514343	en	Tunni language
Q3514481	en	Angguruk Yali language
Q3514498	en	Taliabo
Q3514498	en	Taliabo language
Q3514498	en	Taliabu language
Q35145	en	Chanca
Q35145	en	Chanka
Q3514510	en	Talise language
Q3514563	en	Taloki language
Q3514714	en	Tamazight de l’Atlas blidéen
Q3514812	en	Tami language
Q3514882	en	Tampuan language
Q3514892	en	Bamayo language
Q3514892	en	Bumayoh
Q3514927	en	Sumeri language
Q3514927	en	Sumerine language
Q3514927	en	Tanahmerah language
Q3515056	en	Cuvok language
Q3515058	en	Boa
Q3515058	en	Boua
Q3515058	en	Bua
Q3515058	en	Bwa language
Q3515058	en	Kibua
Q3515058	en	Kibwa
Q3515058	en	Libua
Q3515058	en	Libwali
Q3515061	en	Bakpinka language
Q3515065	en	Buwal language
Q3515067	en	Baan language
Q3515074	en	Baali language
Q3515074	en	Bali (Democratic Republic of Congo)
Q3515078	en	Uldeme language
Q3515078	en	Wuzlam language
Q3515084	en	North Giziga language
Q3515088	en	Pelasla
Q3515088	en	Vame language
Q3515096	en	Paduko
Q3515096	en	Parkwa language
Q3515096	en	Podoko
Q3515111	en	Tangga language
Q3515188	en	Tanimbili language
Q3515198	en	Abane language
Q3515198	en	Avane
Q3515198	en	Baniva
Q35152	en	Dilling language
Q35154	en	Agar
Q35154	en	Central Dinka
Q3515594	en	Tarangan Barat
Q3515594	en	West Tarangan language
Q3515594	en	West Trangan
Q35156	en	Car language
Q35156	en	Car Nicobarese
Q3515603	en	Tarao language
Q3515603	en	Tarao Naga
Q35157	en	Buamu language
Q35157	en	Bwamu language
Q35162	en	Coushatta
Q35162	en	Koasati language
Q35163	en	Day language
Q35164	en	Dendi (Benin)
Q35164	en	Dendi language
Q3516641	en	Chuvan language
Q3516641	en	Chuvantsy
Q3516731	en	Teanu language
Q35168	en	Santiago del Estero Quichua
Q35173	en	Chinook jargon
Q35173	en	chinook lelang
Q35173	en	chinook wawa
Q35173	en	chinuk wawa
Q35173	en	chn
Q35173	en	lelang
Q35173	en	wawa
Q35174	en	Defaka language
Q35175	en	Acalan
Q35175	en	Chontal Maya language
Q35175	en	Tabasco Chontal
Q35175	en	Yoko ochoco
Q35177	en	Ch'orti'
Q35177	en	Ch’orti’ language
Q35177	en	Chorti
Q35177	en	Chortí
Q35178	en	Al Kuwait
Q35178	en	al-Kuwait
Q35178	en	Kuwait
Q35179	en	Ch'ol
Q35179	en	Ch’ol language
Q35179	en	Chol
Q35180	en	Babole
Q35180	en	Bole
Q35181	en	Cherepon language
Q35181	en	Chiripon
Q35181	en	Chiripong
Q35181	en	Kyerepong
Q35181	en	Okere
Q35182	en	Dẹgẹma
Q35182	en	Degema language
Q3518239	en	Teop language
Q35183	en	Deg language
Q35183	en	Degha
Q3518362	en	Teressa language
Q3518379	en	Terik language
Q3518492	en	Ternate language
Q35185	en	Bisã
Q35185	en	Busa language
Q35185	en	Zugweya
Q35186	en	Ditammari
Q35186	en	Tammari language
Q35187	en	Denya language
Q35189	en	Busam language
Q3519	en	Bare
Q35190	en	Cala
Q35190	en	Cala language
Q35190	en	Chala language
Q3519243	en	Teushen language
Q35193	en	Cipu language
Q35193	en	Western Acipa
Q3519302	en	Tewa (Indonesia)
Q3519302	en	Tewa language
Q35194	en	Chung language
Q35194	en	Cung
Q35194	en	Cung language
Q35196	en	Dimbong
Q35196	en	Kaalong language
Q35196	en	Mbong
Q35199	en	Ashaganna
Q35199	en	Chishingini
Q35199	en	Cishingini
Q35199	en	Shingini language
Q35199	en	Tsishingini
Q35202	en	Di
Q35202	en	Dzing
Q35204	en	Chori
Q35204	en	Chori language
Q35204	en	Cori
Q35204	en	Cori language
Q35204	en	Kyoli language
Q35208	en	Dii language
Q35208	en	Dii languages
Q35210	en	Niangolo
Q35210	en	Senara language
Q35210	en	Senara Senoufo
Q35210	en	Senara Sénoufo
Q35214	en	Anglo-Norman French
Q35214	en	Anglo-Norman language
Q35214	en	Normand
Q35215	en	Berbice Dutch Creole
Q35217	en	Jain Prakrit
Q35218	en	goh
Q35218	en	OHG
Q35218	en	Old High German language
Q35219	en	Old Low German
Q35222	en	fro
Q35222	en	Old French language
Q3522797	en	Danwar
Q3522797	en	Danwar language
Q3522797	en	Dhanwar
Q3522797	en	Dhanwar (Nepal)
Q3522797	en	Dhanwar Rai language
Q35228	en	Common Eastern Slavic
Q35228	en	Common Russian
Q35228	en	OES
Q35228	en	Old East Slavic language
Q35228	en	Old Russian
Q35228	en	Old Russian language
Q35229	en	Dhimal language
Q35233	en	Chuj language
Q35235	en	Chipaya language
Q35237	en	Ek Nii
Q35237	en	Nii language
Q35242	en	Deylami language
Q35244	en	Daza-kara
Q35244	en	Dazaga language
Q35247	en	Belanda
Q35247	en	Belanda Viri language
Q35247	en	BGamba
Q35247	en	Biri
Q35247	en	Bviri
Q35247	en	Gumba
Q35247	en	Mbegumba
Q35247	en	Mvegumba
Q35250	en	Akajo
Q35250	en	Akajuk
Q35250	en	Ekajuk language
Q35250	en	Kajuk
Q35250	en	Kajuk language
Q35251	en	Gouro
Q35251	en	Guro language
Q35251	en	Kwendre
Q35251	en	Kwéndré
Q35251	en	Kweni
Q35251	en	Lo
Q35254	en	Ekpeye language
Q35256	en	Chode
Q35256	en	Gikyode
Q35256	en	Kyode language
Q35257	en	Grebo language
Q35258	en	Dwang language
Q35259	en	Evant language
Q35260	en	Aage
Q35260	en	Age
Q35260	en	Bogue
Q35260	en	Esimbi language
Q35260	en	Isimbi
Q35260	en	Mburugam
Q35260	en	Simpi
Q35262	en	Etulo language
Q35262	en	Turumawa
Q35262	en	Utur
Q35265	en	Gidar language
Q35267	en	Gonja language
Q35268	en	Esan language
Q35270	en	Dompo language
Q35271	en	Bamileke-Bandjoun
Q35271	en	Bamiléké-Bandjoun
Q35271	en	Bamileke-Banjun
Q35271	en	bbj
Q35271	en	Ghomálá'
Q35271	en	Ghomala' language
Q35271	en	Ghɔmálá’
Q35272	en	Goemai language
Q35274	en	Hijuk language
Q35278	en	Khinalig
Q35278	en	Khinalug language
Q35278	en	Khinalugh
Q35278	en	Xinalug
Q35278	en	Xinalugh
Q3528020	en	Tiang language
Q3528199	en	Tidore language
Q3528276	en	Tigak language
Q35284	en	Cia-Cia language
Q35287	en	Feroge
Q35287	en	Kaligi language
Q35290	en	Fam language
Q35291	en	Epie language
Q35291	en	Epie-Atissa
Q3529155	en	Tempasuk Dusun language
Q3529155	en	Tindal Dusun
Q35292	en	Gedaged language
Q3529205	en	Tinputz language
Q35296	en	Ejagham
Q35296	en	Ejagham language
Q35296	en	Ekoi language
Q35296	en	Jagham language
Q35297	en	Efutop language
Q35299	en	Dowayo language
Q35299	en	Doyayo
Q35300	en	Eggon language
Q35300	en	Ero
Q35303	en	Dongo language
Q3530330	en	Tofin Gbe
Q3530330	en	Tofin language
Q35304	en	Como Karim language
Q35306	en	Gbanzili language
Q35306	en	Gbanziri-Boraka
Q35309	en	Eteocypriot language
Q35311	en	Dimé
Q35311	en	Dime language
Q3531199	en	Tombulu language
Q35313	en	Dizin language
Q3531388	en	Tomoip language
Q35315	en	Ghomara language
Q3531514	en	bahasa tondano
Q3531514	en	Tondano language
Q3531514	en	Toudano
Q3531514	en	Toundano
Q35316	en	Watiwa language
Q3531659	en	Tonsea language
Q3531660	en	Tonsawang language
Q3531666	en	Tontemboan language
Q35317	en	Eton (Cameroon)
Q35317	en	Eton language
Q35317	en	Ìtón
Q35318	en	Embu language
Q35318	en	Kiembu
Q35319	en	Aduma language
Q35319	en	Duma language
Q35322	en	Galolen
Q35322	en	Galoli language
Q35322	en	Galoli-Talur
Q3532208	en	Torau language
Q3532287	en	Torgut Elut
Q35326	en	Anuta language
Q35327	en	Datooga language
Q3532756	en	Totoro language
Q35329	en	Elymian language
Q35331	en	Frafra
Q35331	en	Frafra language
Q35331	en	Gurene
Q35336	en	Djimini language
Q35336	en	Djimini Senoufo
Q35338	en	Gaam
Q35338	en	Ingessana language
Q35340	en	Dyan language
Q35343	en	Dogoso language
Q35345	en	Eblaite language
Q35345	en	Eblan
Q35345	en	Paleo Syrian
Q3535117	en	Erukla
Q3535117	en	Kulavatha
Q3535117	en	Kurru basha
Q3535117	en	Kurutha
Q3535117	en	Yerkula
Q3535117	en	Yerukala language
Q3535117	en	Yerukula
Q3535117	en	Yerulula
Q35353	en	Fataluku language
Q35361	en	Aka-Bo language
Q35363	en	Ebira language
Q35365	en	Bidyogo
Q35365	en	Bijago language
Q35371	en	Konabéré
Q3537135	en	Dharawal
Q3537135	en	Tharawal language
Q3537135	en	Thurawal
Q3537135	en	Wodiwodi
Q35375	en	Bini
Q35375	en	Bini language
Q35375	en	Edo language
Q35377	en	Efik language
Q35379	en	Kam language
Q35386	en	E language
Q35386	en	Wuse
Q35388	en	Halkomelem language
Q35388	en	Halq̓eméylem
Q35388	en	hən̓q̓əmin̓əm̓
Q35388	en	Hul̓q̓umín̓um̓
Q35392	en	Demotic Greek language
Q35392	en	Dimotiki
Q35397	en	Budukh language
Q35399	en	Ikwere
Q35399	en	Ikwerre language
Q35401	en	Jju language
Q35401	en	Kaje language
Q35403	en	Hyam language
Q35403	en	jab
Q35403	en	Jaba
Q35406	en	Ika language
Q35408	en	Ipulo language
Q3540922	en	Godwari dialect
Q3540927	en	Iyo'wujwa Chorote language
Q3540927	en	Manjui
Q3540927	en	Manjuy
Q35412	en	Ahlon language
Q35412	en	Igo
Q35414	en	Isoko language
Q3541581	en	Coast Tsimshian language
Q3541695	en	Jek language
Q3541834	en	Tucano language
Q3541834	en	Tukano language
Q3541935	en	Tugen language
Q35420	en	Igede language
Q3542085	en	lcm
Q3542085	en	Tungag language
Q3542085	en	Tungak language
Q3542117	en	Tunjung language
Q3542217	en	Tupari
Q3542217	en	Tupari language
Q3542217	en	Tuparí language
Q35423	en	Jar language
Q35423	en	Jara language
Q35423	en	Jaranchi language
Q35423	en	Jarawa language
Q3542307	en	Turiwara
Q3542307	en	Turiwara language
Q3542307	en	Turiwára language
Q35426	en	Hanga language
Q35428	en	Emai-Iuleha-Ora
Q35428	en	Ivbiosakon language
Q3543	en	Potenza (Italy)
Q35431	en	Isu (Fako Division)
Q35431	en	Suwu language
Q35432	en	Helon
Q35432	en	Helon language
Q35432	en	Helong language
Q35432	en	Kupang
Q35432	en	Kupang language
Q35432	en	Semau
Q35432	en	Semau language
Q35435	en	Hanunoo
Q35435	en	Hanunóo
Q35435	en	Hanunoo language
Q35435	en	Hanunuo
Q35439	en	Gusilay language
Q35441	en	Kadaru language
Q35443	en	Inezeño
Q35443	en	Samala
Q35446	en	Ginyanga language
Q35446	en	Nyanga
Q35447	en	Jukun Takum language
Q35449	en	Ceve language
Q35449	en	Iceve-Maci
Q3545044	en	Khün language
Q35455	en	Bicol
Q35455	en	Bicol languages
Q35455	en	Bicolano
Q35455	en	Bikol languages
Q35455	en	Bikolano
Q35457	en	Akpes language
Q35463	en	Ghotuo language
Q35463	en	Otuo
Q35463	en	Otwa
Q35467	en	Jwira-Pepesa language
Q3547080	en	Ivatan language
Q35472	en	Icetot
Q35472	en	Icietot
Q35472	en	Ngulak
Q35472	en	Teuso
Q35472	en	Teuth
Q35474	en	Gourmanchema
Q35474	en	Gourmanchema language
Q35474	en	Gourmanchéma language
Q35475	en	Cabrai
Q35475	en	Cabrais
Q35475	en	Kabiyé
Q35475	en	Kabiyè
Q35475	en	Kabiye language
Q35475	en	Kabɩyɛ
Q35475	en	Kabye
Q35475	en	Kabyé
Q35475	en	Kabyè
Q35475	en	Kabye language
Q35478	en	Idoma language
Q35481	en	Kafa language
Q35481	en	Kaffa language
Q35481	en	Kefa language
Q35483	en	Izon language
Q35486	en	Humburi Senni language
Q35486	en	Humburi Senni Songhay
Q35490	en	Garífuna
Q35490	en	Garifuna language
Q35491	en	Inga Kichwa
Q35491	en	Inga Language
Q35492	en	Huallaga Huanuco Quechua
Q35492	en	Huallaga Huánuco Quechua
Q35493	en	Alma Ata
Q35493	en	Alma-Ata
Q35493	en	Almata
Q35493	en	Almati
Q35493	en	Almáti
Q35493	en	City of Almaty
Q35493	en	Fort Vernoe
Q35493	en	Fort Verny
Q35493	en	Fort Vernyi
Q35493	en	Fort Zailiyskoe
Q35493	en	Gurban Almatu
Q35493	en	Gurban-almatu
Q35493	en	V́ernîy
Q35493	en	Vernoe
Q35493	en	Vernoye
Q35493	en	Verny
Q35493	en	Vernyy
Q35493	en	Vyernoe
Q35493	en	Vyernoye
Q35493	en	Vyernyi
Q35493	en	Zailiyskoe
Q35497	en	Ancient Greek language
Q35497	en	Old Greek
Q35497	en	Old Greek language
Q35508	en	Baïnounk Gujaher
Q35508	en	Bainounk-Gujaher language
Q3551	en	Rabbat
Q35514	en	Huetar language
Q35519	en	Cañaris Quechua
Q35519	en	Incahuasi Quechua
Q35519	en	Incahuasi-Cañaris Quechua
Q35519	en	Inkawasi Quechua
Q35519	en	Inkawasi-Kanaris Quechua
Q3552042	en	Onua
Q3552042	en	Unua language
Q35521	en	Kanembu language
Q35523	en	Heiban language
Q35524	en	Yalunka language
Q35528	en	Ixil language
Q35529	en	Karko language
Q35531	en	Huilliche language
Q3553423	en	Dema language
Q3553459	en	Tawara language
Q35536	en	K'ekchi'
Q35536	en	Kekchi
Q35536	en	kekchí
Q35536	en	Q'eqchí'
Q35536	en	Q’eqchi’ language
Q35537	en	Itza
Q35537	en	Itzá
Q35537	en	Itza'
Q35537	en	Itza’ language
Q35537	en	Itzaj
Q35539	en	Karo
Q35539	en	Karo (Brazil)
Q35539	en	Ramarama language
Q3553981	en	Nambya language
Q35541	en	Cameroon Pidgin English
Q35541	en	Cameroonian Creole
Q35541	en	Cameroonian Pidgin English
Q35541	en	Kamtok
Q35542	en	Kasanga language
Q35543	en	Chaha language
Q35543	en	Cheha
Q3554582	en	Vangunu language
Q35549	en	Ema
Q35549	en	Kemak language
Q35551	en	Kanjobal
Q35551	en	Q'anjob'al
Q35551	en	Q’anjob’al language
Q35552	en	Kasem language
Q35552	en	Kasena
Q35552	en	Kasena language
Q35552	en	Kassem
Q35552	en	Kassem language
Q35552	en	Kassena
Q35552	en	Kassena language
Q35552	en	xsm
Q35554	en	Kare (Central African Republic)
Q35554	en	Kare language
Q35556	en	Kande language
Q3555689	en	Vatrata
Q3555689	en	Vera'a language
Q35558	en	Dza
Q35558	en	Jen language
Q35559	en	Kele language
Q35561	en	Kamara language
Q35562	en	Kemedzung
Q35562	en	Kemezung language
Q35564	en	Laalaa language
Q35564	en	Lehar
Q35566	en	Koonzime
Q35566	en	Nzime language
Q35567	en	Kwa'
Q35567	en	Kwa’ language
Q35568	en	Landoma language
Q35573	en	Huastec language
Q35573	en	Téenek
Q35573	en	tének
Q35575	en	Huichol language
Q35577	en	Huave language
Q35577	en	Ombeayiiüts
Q35577	en	Umbeyajts
Q35577	en	Wabe
Q35579	en	Kuwaa language
Q35580	en	Kulung (Nigeria)
Q35580	en	Kulung language
Q35582	en	Kol (Cameroon)
Q35582	en	Kol language
Q35584	en	Gbo language
Q35584	en	Legbo
Q3558409	en	Vili language
Q35585	en	Lefana
Q35585	en	Lelemi language
Q35586	en	Krobu language
Q35588	en	Yaka language
Q35588	en	Yaka-Pelende-Lonzo
Q35590	en	Bahumono
Q35590	en	Humono language
Q35590	en	Kohumono
Q35590	en	Ohumono
Q35593	en	Kurama
Q35593	en	Kurama language
Q35593	en	Tikurmi language
Q35595	en	Kouya
Q35595	en	Kuya language
Q35596	en	Cinda-Regi-Tiyal
Q35596	en	Kamuku language
Q35597	en	Kwala language
Q35597	en	Likwala
Q35598	en	Kwanka language
Q35598	en	Vaghat-Ya-Bijim-Legeri
Q35602	en	Hawai‘i Creole
Q35602	en	Hawai'i Creole English
Q35602	en	Hawai'i Pidgin
Q35602	en	Hawaian Creole English
Q35602	en	Hawaiian creole English
Q35602	en	Hawaiian Pidgin English
Q35602	en	HCE
Q35602	en	ōlelo paʻi ʻai
Q35602	en	Pidgin
Q35607	en	Kota (Gabon)
Q35607	en	Kota language
Q35609	en	Kobiana language
Q35613	en	isiNdebele
Q35613	en	isiNdebele saseNyakatho
Q35613	en	Matabele
Q35613	en	nd
Q35613	en	nde
Q35613	en	Ndebele
Q35613	en	North Ndebele
Q35613	en	Sindebele
Q35613	en	Zimbabwean Ndebele
Q35614	en	Duruma
Q35624	en	Kwakum language
Q35626	en	Dorop
Q35626	en	Dorop language
Q35626	en	Durop
Q35628	en	Guang
Q35628	en	Guang language
Q35628	en	kph
Q35628	en	Kplang language
Q35628	en	Prang
Q35628	en	Prang language
Q35632	en	Koshin language
Q35634	en	Koma language
Q3563857	en	Vuras
Q3563857	en	Vureas
Q3563857	en	Vures
Q3563857	en	Vurës language
Q35641	en	Kwanja language
Q35643	en	Fa’ language
Q35643	en	Lefa
Q35645	en	Kuteb language
Q35645	en	Kutep
Q35646	en	Kuba language
Q35646	en	Likuba
Q35649	en	Koyo language
Q35650	en	Nyang language
Q3565058	en	Waffa language
Q35651	en	Kantosi language
Q35651	en	Yare
Q35651	en	Yarsi
Q3565122	en	Wahgi language
Q35652	en	Lama (Togo)
Q35652	en	Lama language
Q3565284	en	Langalanga
Q3565284	en	Wala language
Q3565286	en	Havasupai-Walapai-Yavapai
Q3565286	en	Havasupai–Hualapai language
Q35653	en	Bambuka language
Q35653	en	Kyak
Q35655	en	Koyraboro Senni Songhai
Q35655	en	ses
Q35660	en	Pannonian Rusyn language
Q35660	en	rsk
Q35660	en	Rusyn
Q35660	en	Ruthenian
Q3566001	en	Kotiria
Q3566001	en	Wanano language
Q3566166	en	Waano
Q3566166	en	Waano language
Q3566166	en	Wano language
Q35662	en	Indri language
Q35663	en	Qimant language
Q35664	en	Kambaata language
Q3566463	en	Waru language
Q3566597	en	Marangis language
Q3566597	en	Watam
Q35667	en	Ge'ez language
Q35667	en	Geez
Q35667	en	Geʽez
Q35667	en	gez
Q35667	en	Giʻiz
Q3566780	en	Wawonii language
Q35670	en	Lango (Uganda)
Q35670	en	Lango dialect
Q35670	en	Leb-Lango
Q35670	en	Lwo
Q35670	en	Lwoo
Q35671	en	Australian Kriol
Q35671	en	Australian Kriol language
Q3567223	en	Huron
Q3567223	en	Huron–Wendat
Q35673	en	Kpelle language
Q35674	en	Konkomba language
Q35674	en	Likpakpaaln
Q35674	en	Likpakpaanl
Q35675	en	Kono (Sierra Leone)
Q35675	en	Kono language
Q35677	en	Gaagudju language
Q35677	en	Gagadu
Q35677	en	Gagudju
Q35677	en	Kakadu
Q35679	en	Konda language
Q35679	en	Konda-Dora
Q35680	en	Koma
Q35680	en	Komung
Q35681	en	Karang language
Q35681	en	Mbum East
Q35682	en	Lauan language
Q35683	en	Kaning'i language
Q35683	en	Kaningi
Q35685	en	Kim language
Q35687	en	Aaleira language
Q35687	en	Laro language
Q35687	en	yilLaro language
Q35688	en	Katla language
Q35691	en	Libido language
Q35691	en	Mareqo
Q35693	en	Fungor language
Q35693	en	Ko language
Q3569569	en	Woccon language
Q35696	en	Kissi language
Q35697	en	Kalabari language
Q35699	en	Kuwaataay
Q35699	en	Kwatay language
Q35700	en	Laamang language
Q35700	en	Lamang language
Q35701	en	Koromfé
Q35701	en	Koromfe language
Q35701	en	Kurumfe
Q35704	en	Karon language
Q35704	en	krx
Q35707	en	Kenga language
Q35708	en	Kusaal language
Q3571097	en	Xaracuu
Q3571097	en	Xaracuu language
Q35711	en	Lafofa languages
Q35711	en	Tegem–Amira
Q3571231	en	Yaweyuha language
Q3571232	en	Yabem language
Q35713	en	Krim language
Q3571351	en	Yakan language
Q3571364	en	Yakoma language
Q35716	en	Eastern Karaboro
Q35716	en	Kar language
Q3571876	en	Yareba language
Q3572020	en	Mantembu
Q3572020	en	Yapanani
Q3572020	en	Yava
Q3572020	en	Yawa language
Q3572191	en	Yalang
Q3572572	en	Yora language
Q35726	en	Etruscan language
Q35726	en	Etruscian
Q35726	en	ett
Q35729	en	Makalero dialect
Q35729	en	Maklere
Q3573088	en	Yuanga language
Q35731	en	Kulango language
Q3573199	en	Quecha
Q3573199	en	Quechan language
Q3573266	en	Wajiara language
Q3573266	en	Yuruti
Q3573266	en	Yurutí language
Q35737	en	Gruzinic
Q35737	en	Judeo-Georgian
Q35741	en	Ifugao language
Q35746	en	Kituba language
Q3574818	en	Quioquitani-Quieri Zapotec
Q3574818	en	Quioquitani-Quierí Zapotec
Q3574969	en	Zazao language
Q35751	en	Bokwa-Kendem
Q35751	en	Kendem language
Q35755	en	Kako language
Q35755	en	kkj
Q3575552	en	Southern Masa languages
Q3575552	en	zime
Q3575552	en	zimé
Q35761	en	Numidian language
Q35761	en	nxm
Q35761	en	Old Libyan
Q35762	en	gnc
Q35762	en	Guanche language
Q35763	en	Ennemor
Q35763	en	Inor language
Q35764	en	Hamer language
Q35764	en	Hamer-Banna
Q35766	en	Lacandon language
Q35768	en	Catalonian Sign Language
Q35768	en	LSC
Q35770	en	Gbe-Maxi
Q35770	en	Mahi language
Q35771	en	Kapingamarangi language
Q35774	en	Mambae
Q35774	en	Mambai language (Timor)
Q35774	en	Manbae
Q35777	en	Lumun language
Q35779	en	Logol language
Q35780	en	Lahu language
Q35782	en	Makasae language
Q35782	en	Makasai
Q35784	en	Bayda
Q35785	en	Dóci Língu di Macau
Q35785	en	Macaense
Q35785	en	Macanese language
Q35785	en	Macanese Patois
Q35785	en	Macao Creole Portuguese
Q35785	en	Macau Creole Portuguese
Q35785	en	Makista
Q35785	en	Patuá
Q35787	en	Maa
Q35787	en	Maa language
Q35787	en	Maasai language
Q35787	en	Maasai, Masai
Q35787	en	mas
Q35787	en	Masai
Q35787963	en	Sakalava language
Q35789	en	Mankanya language
Q3579	en	Tarabulus
Q35790	en	Maku'a
Q35790	en	Makuv'a language
Q35790	en	Pataluku
Q35795	en	Longto
Q35795	en	Voko language
Q35795	en	Woko
Q35796	en	Lufu language
Q35797	en	Languda
Q35797	en	Longuda language
Q35797	en	Longura
Q35797	en	Nunguda
Q35797	en	Nungura
Q35797	en	Nunguraba
Q35799	en	Manta language
Q35800	en	Mambila language
Q35801	en	Limbum language
Q35803	en	Maka
Q35803	en	Makaa language
Q35803	en	Mekaa
Q35803	en	South Makaa
Q35803	en	South Mekaa
Q35804	en	Mampelle
Q35804	en	Mamprusi
Q35806	en	Limba language
Q35806	en	Malimba
Q35806	en	Mulimba
Q35807	en	Lobi language
Q35809	en	Krahn language
Q35813	en	Logba language
Q35814	en	Kunante
Q35814	en	Mansoanka
Q35814	en	Sua language
Q35819	en	Mafa language
Q35822	en	Mandjak language
Q35824	en	ELomwe
Q35824	en	Lomwe language
Q35825	en	Limba language
Q35828	en	Chinantec
Q35828	en	Chinantecan languages
Q35832	en	Myene language
Q35837	en	Ndoola
Q35837	en	Ndoro language
Q35839	en	Mundani language
Q35842	en	Gong
Q35842	en	Nagumi language
Q35842	en	Ngong
Q35844	en	Njerep language
Q35845	en	Bumbaro
Q35845	en	Eîstriota
Q35845	en	Eîstrioto
Q35845	en	Faʃanìʃ
Q35845	en	Galiʃaneʃ
Q35845	en	Istriot language
Q35845	en	Ruvignìʃ
Q35845	en	Siʃanìʃ
Q35845	en	Valìʃe
Q35860	en	Bura Mabang
Q35860	en	Maba (Chad)
Q35860	en	Maba language
Q35860	en	Maban
Q35860	en	Mabang
Q35861	en	Kryts language
Q35862	en	Mom Jango
Q35862	en	Vere language
Q35863	en	Nkongho language
Q35868	en	Ajumbu
Q35868	en	Mbu’ language
Q35876	en	Guarani dialects
Q35876	en	Guarani language
Q35877	en	Ledo Kaili language
Q35880	en	San Martin Quechua
Q35880	en	San Martín Quechua
Q35885	en	Loma (Liberia)
Q35885	en	Loma language
Q35888	en	Ngangam language
Q3588942	en	Emerillon language
Q35893	en	Luhia
Q35893	en	Luhya language
Q35893	en	Luyia
Q35893	en	Oluluyia
Q35894	en	ngoli
Q35894	en	Ngul
Q35898	en	Njem language
Q35898	en	Njyem
Q35901	en	Ndumu language
Q35904	en	Ndasa language
Q35906	en	Nawuri language
Q35908	en	Mpiemo language
Q35910	en	Ngando (Central African Republic)
Q35910	en	Ngando language
Q35913	en	Miyobe
Q35913	en	Yobe language
Q35915	en	Mfinu language
Q35916	en	Ngondi language
Q35916	en	Ngundi
Q35917	en	Mengisa language
Q35923	en	Njebi language
Q35924	en	Mpumpong language
Q35928	en	Mbangwe language
Q35929	en	Carian language
Q35936	en	Ilocano language
Q35936	en	Ilokano language
Q35936	en	Iloko
Q35950	en	Chimane language
Q35950	en	Mosetén
Q35950	en	Tsimane
Q35950	en	Tsimané
Q35950	en	Tsimane'
Q35950	en	Tsinsimik
Q35950	en	Tsunsi'ĉan
Q35959	en	Hunnic language
Q35965	en	Cumbric language
Q35965	en	xcb
Q35967	en	Mobu language
Q35967	en	Mobumrin
Q35967	en	Mobumrin Aizi
Q35969	en	Lycian A
Q35969	en	Lycian language
Q35972	en	Langobard
Q35972	en	Langobardic
Q35972	en	Lombard
Q35972	en	Lombardic language
Q35974	en	Ancient Macedonian language
Q35974	en	Greek Macedonian
Q35974	en	Greek-Macedonian
Q35974	en	xmk
Q35976053	en	Northwest Sahaptin language
Q35976053	en	yak
Q35976053	en	Yakama language
Q35976053	en	Yakima
Q35981	en	Mündü language
Q35983	en	Ndogo language
Q35988	en	Mangaya language
Q35988	en	Mangayat
Q35991	en	Kamas language
Q35991	en	Kamas-Koibal
Q35991	en	Kamassian
Q35991	en	Kamassic
Q35995	en	Mandar language
Q35995	en	Mandarese
Q35995	en	Mandarese language
Q35999	en	Angas language
Q35999	en	Ngas language
Q36	en	Republic of Poland
Q36000	en	Nkoroo language
Q36002	en	Nanerige language
Q36002	en	Nanerigé language
Q36002	en	Nanerige Senoufo
Q36002	en	Nanerigé Sénoufo
Q36003	en	Mbulungish language
Q36007	en	Midob language
Q36009	en	Mlomp language
Q36010	en	Moba language
Q36010	en	Moba-Bimoba
Q36011	en	Mbo language
Q36011	en	Mboo
Q36011	en	Sambo
Q36013	en	Mursi language
Q36016	en	Bamileke-Nda’nda’
Q36016	en	Nda'nda'
Q36016	en	Nda’nda’ language
Q36017	en	Mengaka
Q36017	en	Məgaka language
Q36019	en	Médúmba
Q36019	en	Medumba language
Q36022	en	Ngbaka
Q36022	en	Ngbaka Gbaya language
Q36026	en	Nalu language
Q36028	en	Ndut language
Q36030	en	Marka language
Q36038	en	Manza language
Q3603807	en	Trojan language
Q3604	en	Djibouti (city)
Q3604	en	Djibouti City
Q36041	en	Kunama language
Q36042	en	Manigri-Kambole
Q36042	en	Manigri-Kambolé
Q36045	en	Isekiri
Q36045	en	Itsekiri language
Q36047	en	Mokole language
Q36051	en	Ngwo language
Q36054	en	Meta' language
Q36056	en	Mpuono
Q36056	en	Mpuono language
Q36058	en	Mboko language
Q36062	en	Mbere language
Q36064	en	Mboa language
Q36064	en	Mbonga
Q36068	en	Mungaka language
Q36068	en	Nga'ka language
Q36069	en	Nimbari language
Q36072	en	Noni language
Q36072	en	Noòni language
Q36075	en	Mbe language
Q36078	en	Menka language
Q36080	en	Mesaka language
Q36083	en	Munkaf
Q36083	en	Naki language
Q36085	en	Losso
Q36085	en	Losso language
Q36085	en	Nawdum
Q36087	en	Ngom language
Q36089	en	Ndemli language
Q36095	en	Lydian language
Q36096	en	Moore
Q36096	en	Mòoré
Q36096	en	Moore language
Q36096	en	More
Q36096	en	Moré
Q36096	en	mos
Q36096	en	Moshi
Q36096	en	Mossi
Q36096	en	Mossi language
Q36098	en	Lamba language
Q3610939	en	en-SG
Q3610939	en	Singaporean English
Q36112	en	Njen language
Q36121	en	amánung sísuan
Q36121	en	Kapampangan language
Q36121	en	Pampangan
Q36121	en	Pampangan language
Q36121	en	Pampango
Q36127	en	Mundabli language
Q36131	en	Nde language
Q36131	en	Nde-Nsele-Nta
Q36132	en	Mmem
Q36132	en	Mmen language
Q36134	en	Ndoe language
Q36138	en	Nnam language
Q36140	en	Natioro language
Q36141	en	Bungnu
Q36141	en	Bungun
Q36141	en	Bunu
Q36141	en	Gbunhu
Q36141	en	Kakaba
Q36141	en	Kamkam language
Q36141	en	Mbogno
Q36141	en	Mbongno
Q36143	en	Nchummuru
Q36147	en	lus
Q36147	en	Lushai
Q36147	en	Mizo language
Q36149	en	Tumzabt
Q36152	en	Mbugu language
Q36157	en	Kiluba
Q36157	en	Luba-Katanga language
Q36157	en	Luba-Shaba
Q3615900	en	Maang language
Q3615900	en	Mo'ang (China)
Q3615900	en	Mo'ang (Viet Nam)
Q3615900	en	Mo'ang language
Q36162	en	Koro (India)
Q36162	en	Koro language
Q3616358	en	Zaozou
Q3616358	en	Zauzou language
Q36165	en	Mbati language
Q36166	en	Meldpa
Q36166	en	Meldpa language
Q36166	en	Melpa language
Q36170	en	West Mbum
Q36172	en	Moro language
Q36173	en	Niuafo'ou language
Q36176	en	Nding language
Q36179	en	Nara language
Q36181	en	Ngwe language
Q36183	en	Mopán Maya
Q36183	en	Mopan Maya language
Q36187	en	Mamara Senoufo
Q36187	en	Minyanka language
Q36189	en	Lenca
Q36189	en	Lencan languages
Q36199	en	Koryak language
Q36199	en	Nymylan
Q36202	en	Ladin language
Q36202	en	lld
Q36202	en	lln
Q36218	en	Irabu language
Q36218	en	Iravcï language
Q36218	en	Miyako language
Q36218	en	Miyakoan
Q36221	en	Mai-Mai language
Q36223	en	Curonian
Q36223	en	Curonian language of Curonian isthmus
Q36223	en	Kursenieki dialect
Q36223	en	Kursenieki language
Q36228	en	Mazahua language
Q36230	en	Mazatec
Q36230	en	Mazatec Huautla
Q36230	en	Mazatecan languages
Q36237	en	Mangareva language
Q36237	en	Mangarevan language
Q3624	en	Addis Abäba
Q3624	en	Addis Abeba
Q3624	en	Finfinne
Q36241	en	Pana (Central African Republic)
Q36241	en	Pana language
Q36243	en	Osatu language
Q36250	en	Pinyin language
Q36252	en	Seme language
Q36252	en	Siamou language
Q36257	en	Sekpele
Q36258	en	Reshe language
Q36259	en	Pyu (Myanmar)
Q36259	en	Pyu language
Q36261	en	Nkem-Nkum language
Q36262	en	Saint John's
Q36262	en	St John's
Q36262	en	St. John's City
Q36263	en	Pande language
Q36263	en	Pande-Gongo
Q36265	en	Sambe language
Q3626597	en	Phu Thai language
Q36266	en	Basari
Q36266	en	Ntcham language
Q36267	en	Pambia language
Q36269	en	Daka language
Q36270	en	Baca language
Q36270	en	Nubaca
Q36272	en	Santrokofi language
Q36272	en	Selee
Q36274	en	Seeku
Q36274	en	Sembla language
Q36278	en	Bakundu-Balue
Q36278	en	Oroko language
Q36282	en	Pangu
Q36282	en	Pangu language
Q36282	en	Pongu language
Q36287	en	Ngomba language
Q36289	en	Oku language
Q36292	en	Bamileke-Ngombale
Q36292	en	Ngombala
Q36292	en	Ngombale language
Q36294	en	Sa'a language
Q36296	en	Pinji language
Q36298	en	Oroha language
Q36299	en	Oruma language
Q36300	en	Okodia language
Q36302	en	Oko language
Q36302	en	Oko-Eni-Osayen
Q36304	en	Noon language
Q36306	en	Nyarafolo language
Q36306	en	Nyarafolo Senoufo
Q36308	en	Saafi-Saafi
Q36308	en	Safen language
Q36309	en	Oblo language
Q36312	en	Calgary, AB
Q36312	en	Calgary, Alberta
Q36312	en	Calgary, Canada
Q36312	en	City of Calgary
Q36314	en	Papel language
Q36316	en	Syenara language
Q36316	en	Syenara Senoufo
Q36318	en	Palor language
Q36321	en	Noy language
Q36323	en	Päkot
Q36323	en	pko
Q36323	en	Pökoot language
Q36323	en	Pokot
Q36323	en	Pökot
Q36323	en	Suk
Q36325	en	Shempire language
Q36325	en	Shempire Senoufo
Q36327	en	Samo language
Q36328	en	Otoro language
Q36329	en	Daloka
Q36329	en	Darra
Q36329	en	Masakin
Q36329	en	Mesakin
Q36329	en	Ngile language
Q36329	en	Taloka
Q36334	en	Kwangali language
Q36334	en	Kwangari language
Q36337	en	Appolo
Q36337	en	Appolo language
Q36337	en	Nsima language
Q36337	en	Nzema language
Q36337	en	Nzima
Q36337	en	Nzima language
Q36337	en	Tana language
Q36339	en	Sherbro language
Q36342	en	Chabu
Q36342	en	Mikeyir
Q36342	en	Shabo language
Q36344	en	Birale
Q36344	en	Birayle
Q36344	en	Ongota language
Q36346	en	Palaka language
Q36346	en	Palaka Senoufo
Q36353	en	Saho language
Q3636023	en	Bijapur
Q36361	en	Ngie language
Q36364	en	Rusenu language
Q36368	en	Kurdi
Q36368	en	Kurdish dialects
Q36368	en	Kurdish language
Q36368	en	Kurdish languages
Q36373	en	Nyong language
Q36374	en	Nzakambay language
Q36375	en	Phuie
Q36375	en	Puguli language
Q36377	en	Kutin language
Q36377	en	Peere
Q36380	en	Jesuit Order
Q36380	en	Jesuits
Q36380	en	M.P.H
Q36380	en	S.I.
Q36380	en	S.J.
Q36380	en	SI
Q36380	en	SJ
Q36380	en	Societas Iesu
Q36380	en	Societas Jesu
Q36381	en	Samba Leko
Q36383	en	Iapygian
Q36383	en	Iapygian language
Q36383	en	Messapian language
Q36383	en	Messapic
Q36383	en	Messapic language
Q36388	en	Ki-Nubi
Q36388	en	Nubi Arabic
Q36397	en	Puluwat
Q36399	en	Thua Thien - Hue Province
Q36399	en	Thừa Thiên - Huế Province
Q36399	en	Thua Thien Hue Province
Q36399	en	Thừa Thiên Huế Province
Q3640	en	Ancyra
Q3640	en	Angora
Q36400	en	Ngatik Men's Creole
Q36400	en	Ngatikese
Q36401	en	Punu language
Q36403	en	Asu (Tanzania)
Q36403	en	Asu language
Q36405	en	Aberdeen, Scotland
Q36405	en	Aiberdeen
Q36405	en	Aiberdein
Q36405	en	Granite City
Q36405	en	Obar Dheathain
Q36405	en	The Silver City
Q36407	en	Lembaamba
Q36407	en	Mbaama
Q36407	en	Mbaama language
Q36407	en	Mbama language
Q36407	en	Obamba language
Q36407	en	Ombamba
Q36408	en	Pol language
Q36408	en	Pomo
Q36410	en	Neyo language
Q36412	en	Sacapulteco
Q36412	en	Sakapultek language
Q36414	en	Pokomchi language
Q36414	en	Pokomchí language
Q36414	en	Poqomchi' language
Q36416	en	Poqomam language
Q36417	en	Rapa language
Q36417	en	ray
Q36418	en	Saari language
Q36418	en	Sari
Q3642	en	Asmera
Q36421	en	Pingelapese language
Q36425	en	Sake language
Q36425	en	Shake language
Q36426	en	Paasaal language
Q36428	en	Kpwe language
Q36428	en	Mokpwe
Q36430	en	Himba language
Q36430	en	Simba language
Q36431	en	Lisighu language
Q36431	en	Sighu language
Q36431	en	Sigu language
Q36432	en	Safaliba language
Q36437	en	Saek language
Q36439	en	Ngbandi language
Q36443	en	Eastern Low German
Q36444	en	North Straits Salish language
Q36444	en	Straits Salish
Q36447	en	Pukapuka
Q36447	en	Pukapukan language
Q36457	en	Maing-ba
Q36457	en	Maing-ba language
Q36457	en	Mâing-bă̤-ngṳ̌
Q36457	en	Min Bei
Q36457	en	Min Bei Chinese
Q36457	en	Min Pei
Q36457	en	Northern Min language
Q36459	en	Kombe language
Q36459	en	Ngumbi
Q36459	en	nui
Q36464	en	Amuric
Q36464	en	Gilyak
Q36467	en	Lorhon language
Q36467	en	Teen
Q36467	en	Téén
Q36469	en	Tiene language
Q36470	en	Siwu language
Q36473	en	Central Teke language
Q36475	en	Galim
Q36475	en	Jemjem
Q36475	en	Nizaa language
Q36475	en	Njemnjem
Q36475	en	Nyamnyam
Q36475	en	Nyemnyem
Q36475	en	Ssuga
Q36475	en	Suga
Q36478	en	North Teke language
Q36478	en	Teke-Tege
Q36481	en	Ngbugu-Langbasi language
Q36481	en	South Banda language
Q36483	en	Tikar language
Q36486	en	Shilluk language
Q36487	en	Luo language
Q36487	en	Päri language
Q36503	en	Nobiin language
Q36510	en	el
Q36510	en	Modern Greek language
Q36511	en	Sursurunga language
Q36514	en	Tagwana language
Q36514	en	Tagwana Senoufo
Q36515	en	Sori-Harengan language
Q36518	en	Tigon language
Q36518	en	Tigon Mbembe
Q36520	en	Principense language
Q36522	en	Tegali language
Q36525	en	Talodi language
Q36525	en	Tasomi-Tata language
Q36527	en	Shwai language
Q36531	en	Cotocoli
Q36531	en	Kotokoli
Q36531	en	Tém
Q36531	en	Tem language
Q36532	en	Sisaala language
Q36533	en	Teribe language
Q36535	en	Tanimuca-Retuarã language
Q36536	en	Crioulo santomense
Q36536	en	Forro
Q36536	en	Forro language
Q36536	en	Santome
Q36536	en	Sãotomense
Q36547	en	Baseke
Q36547	en	Seki language
Q36547	en	Sekiana
Q36547	en	Sheke
Q36548	en	Shoo-Minda-Nye language
Q36555	en	Cuzco-Collao Quechua
Q36556	en	Chinese Shan language
Q36556	en	Dehong Dai language
Q36556	en	Tai Kong language
Q36556	en	Tai Le language
Q36556	en	Tai Mau language
Q36556	en	Tai Na language
Q36556	en	Tai Nüa language
Q36558	en	SSL
Q36558	en	STS
Q36558	en	Svenskt Teckenspråk
Q36560	en	Kukuya language
Q36560	en	Teke-Kukuya
Q36564	en	Tasawaq language
Q36568	en	Daoussahak
Q36568	en	Dausahaq
Q36568	en	Dawsahak
Q36568	en	Tadaksahak language
Q36570	en	Gadal language
Q36570	en	Tagdal
Q36582	en	Palaic language
Q36583	en	Cmiique iitom
Q36583	en	Seri language
Q36584	en	Livvi
Q36584	en	Livvi Karelian
Q36584	en	Livvi Karelian language
Q36584	en	Livvi language
Q36584	en	Livvi-Karelian language
Q36584	en	Livvikovian
Q36584	en	Livvikovian language
Q36584	en	Olonecian
Q36584	en	Olonecian language
Q36584	en	Olonets
Q36584	en	Olonets Karelian
Q36584	en	Olonets Karelian language
Q36584	en	Olonets language
Q36584	en	Southern Karelian
Q36584	en	Southern Karelian language
Q36584	en	Southern Olonetsian
Q36584	en	Southern Olonetsian language
Q36589	en	Sipacapense
Q36589	en	Sipakapa language
Q3659	en	N'Djaména
Q3659	en	NDjamena
Q36593	en	Esahie
Q36593	en	Esahie language
Q36593	en	Sefwi language
Q36593	en	Sehwi language
Q36598	en	Tibea language
Q36600	en	's-Gravenhage
Q36600	en	Den Haag
Q36600	en	Haag
Q36600	en	Hague
Q36601	en	Syer-Tenyer language
Q36601	en	Western Karaboro
Q366010	en	Al-Amarah
Q36603	en	Fuumu language
Q36603	en	Teke-Fuumu
Q36604	en	Swo language
Q36609	en	Sangu (Gabon)
Q36609	en	Sangu language
Q36612	en	Sherpa language
Q36613	en	Temne language
Q36613	en	Timne
Q36618	en	Akpet language
Q36618	en	Ukpet-Ehom
Q36625	en	Ubaghara language
Q36627	en	ut-Ma'in language
Q36629	en	Vumbu language
Q36636	en	Ukwuani-Ndoni language
Q36637	en	Vagla language
Q36639	en	Teda language
Q36639	en	Tedaga
Q36643	en	Turka language
Q36644	en	Ebrie
Q36644	en	Ebrie language
Q36644	en	Ebrié language
Q36645	en	To'abaita
Q36646	en	Tupuri language
Q36647	en	Corcaigh
Q36647	en	Cork City
Q36647	en	Cork Liberties
Q36647	en	Corke
Q36647	en	Corke Lib.
Q36647	en	Corke Liberties
Q36647	en	Corke Libts.
Q36651	en	Ukaan language
Q36656	en	sjt
Q36656	en	Ter Saami
Q36656	en	Ter Sami language
Q36659	en	Sidetic language
Q36663	en	Urhobo language
Q36673	en	Toraja-Sa'dan
Q36673	en	Toraja-Sa’dan language
Q36674	en	Tsogo language
Q36677	en	Tira
Q36677	en	Tiro language
Q36679	en	Torona language
Q36680	en	Tocho language
Q36682	en	Tikopia language
Q36684	en	Domorik
Q36684	en	Lomorik
Q36684	en	Tima language
Q36686	en	Tektitek language
Q36686	en	Tektiteko, Tectiteco, Teco
Q36691	en	Sakata language
Q36699	en	Pijin language
Q36699	en	pis
Q36699	en	Solomon Islands Pidgin
Q36699	en	Solomon Islands Pidgin English
Q36699	en	Solomon Islands Pijin
Q36699	en	Solomon Pijin
Q36705	en	Cant
Q36705	en	Gamin
Q36705	en	Gammon
Q36705	en	Seiltis
Q36705	en	Sheldrü
Q36705	en	Shelorü
Q36705	en	Tarri
Q36711	en	Tambora language
Q36722	en	Olukumi
Q36722	en	Ulukwumi language
Q36728	en	Uspanteco
Q36728	en	Uspanteko
Q36734	en	phn
Q36734	en	Phoenician language
Q36743	en	Aram
Q36743	en	Nganasan language
Q36743	en	Tavgi
Q36746	en	Pascuan
Q36746	en	Pascuense
Q36746	en	rap
Q36746	en	Rapa Nui language
Q36746	en	Rapanui
Q36746	en	Rapanui language
Q36748	en	pnt
Q36748	en	Pontiaka
Q36748	en	Pontian Greek
Q36748	en	Pontic
Q36753	en	Kam
Q36753	en	Nyiwom
Q36753	en	Yimwom
Q36762	en	Tojolab'al language
Q36762	en	Tojolabal
Q36785	en	nr
Q36785	en	South Ndebele
Q36785	en	Southern Ndebele language
Q36785	en	Transvaal Ndebele
Q36803	en	P'urhépecha
Q36803	en	Phorhe
Q36803	en	Phorhé
Q36803	en	Phorhepecha
Q36803	en	Phorhépecha
Q36803	en	Purepecha
Q36803	en	Purepecha language
Q36803	en	Purépecha language
Q36803	en	Tarascan
Q36803	en	Tarasco
Q36807	en	Ralámuli
Q36807	en	Rarámuri
Q36807	en	Tarahumara language
Q36809	en	Tzotzil language
Q36811	en	Central Kurdish
Q36811	en	Kurdish (Sorani)
Q36811	en	Soranî
Q36811	en	Sorani dialect
Q36811	en	Sorani Kurdish
Q36814	en	Siwa language
Q36814	en	Siwi
Q36825	en	Togoyo language
Q36837	en	Fagauvea
Q36837	en	West Uvean language
Q36842	en	Ulithian language
Q36858	en	pre-Classical Sanskrit
Q36858	en	sa-vaidika
Q36858	en	Vedic
Q36858	en	Vedic language
Q36863	en	Tocod
Q36863	en	Tocodede language
Q36863	en	Tukudede
Q36867	en	Udi language
Q36867	en	udin muz
Q36868	en	Tlapanec language
Q36871	en	Venetic language
Q36872	en	Wetarese language
Q36873	en	Yem language
Q36873	en	Yemsa
Q36873	en	Yemsa language
Q36875	en	Uruava language
Q36876	en	Xiri language
Q3688	en	Capital of Mauritania
Q3688	en	Nawakshut
Q3688	en	Nawākshūṭ
Q3688	en	Nouakchot
Q3688	en	Nouakchott, Mauritania
Q3688	en	Noukchott
Q3688	en	Nuwākshūṭ
Q36887	en	Phera language
Q36887	en	Pherá language
Q36887	en	Xwela Gbe
Q36889	en	Wawa language
Q36891	en	Wumbvu language
Q36891	en	Wumvu
Q36893	en	Yom language
Q36899	en	Yasa language
Q36901	en	Yace language
Q36902	en	Yao language
Q36904	en	Yamba language
Q36906	en	Yangho language
Q36912	en	Viemo
Q36912	en	Vyemo language
Q36914	en	Wasa dialect
Q36914	en	Wasa language.
Q36914	en	Wasaw
Q36914	en	Wassa
Q36917	en	ybb
Q36917	en	Yemba language
Q36919	en	Guere
Q36919	en	Guere language
Q36922	en	Yangkam
Q36922	en	Yankam language
Q36924	en	Phla language
Q36924	en	West Xwla
Q36935	en	Wamey language
Q36937	en	Wishosk
Q36937	en	Wiyot language
Q36941	en	Tz'utujil
Q36941	en	Tz’utujil language
Q36941	en	Tzutujil language,
Q36942	en	Yele language
Q36942	en	Yélî Dnye
Q36943	en	Wolaita language
Q36943	en	Wolaitta language
Q36943	en	Wolaytta language
Q36944	en	Ska꞉rù꞉ręʼ
Q36944	en	Skarò˙rə̨ˀ
Q36944	en	Tuscarora language
Q36946	en	Guarao
Q36946	en	Guarauno
Q36946	en	Warabí
Q36946	en	Warrau
Q36948	en	Dai Lue
Q36948	en	Lü
Q36948	en	Tai Lü language
Q36948	en	Tai Lue
Q36948	en	Xishuangbanna Dai
Q3695185	en	Nyen language
Q3695185	en	Nyenkha
Q3695189	en	Dakpa language
Q3695189	en	Dakpakha language
Q3695189	en	Takpa language
Q3695197	en	Chali language
Q3695197	en	Chalikha
Q3695201	en	Nupbi language
Q3695201	en	Nupbikha
Q3695204	en	'Ole language
Q3695204	en	Black Mountain Monpa language
Q3695204	en	Olekha
Q3695207	en	Kheng language
Q3695207	en	Khengkha
Q36953	en	Yansi language
Q36953	en	Yanzi language
Q36954	en	Yimas language
Q36958	en	Turkana language
Q36962	en	Xavante language
Q36962	en	Xavánte language
Q36964	en	Yauyos Quechua
Q36971	en	Warnang
Q36971	en	Werni language
Q36973	en	Wushi language
Q36974	en	Bowili language
Q36974	en	Tuwuli
Q36976	en	Wandji
Q36976	en	Wanzi language
Q36987	en	Waci Gbe
Q36991	en	Zialo language
Q36993	en	Northern Yukian
Q36993	en	Northern Yukian language
Q36993	en	Yuki language
Q36993	en	Yukian
Q36993	en	Yukian language
Q36994	en	Judeo-French
Q36994	en	Tsarfatit
Q36994	en	Zarphatic language
Q37	en	Republic of Lithuania
Q37005	en	Amazigh Zenaga language
Q37005	en	Zenaga language
Q37007	en	Bera
Q37007	en	Beria
Q37007	en	Zaghawa language
Q37010	en	Mushunguli
Q37011	en	Jou
Q37011	en	Yo
Q37011	en	Yos
Q37011	en	Zohâm
Q37011	en	Zome
Q37011	en	Zomi
Q37011	en	Zou
Q37011	en	Zou Chin
Q37011	en	Zou language
Q37015	en	no
Q37015	en	nor
Q37015	en	Norwegian Riksmål
Q37015	en	Riksmaal
Q37015	en	Riksmal
Q37019	en	Carpathian Rusyn language
Q37019	en	Carpatho-Rusyn language
Q37053	en	Cimbrian language
Q37054	en	Khelma language
Q37054	en	Sakachep
Q37059	en	Bishnupriya
Q37059	en	Bishnupriya Manipuri language
Q37059	en	bpy
Q3706596	en	Gallo-Italic of the Marches
Q3706596	en	Gallo-Piceno
Q37100	en	Ākarana
Q37100	en	Auckland, New Zealand
Q37100	en	Tāmaki Makaurau
Q37104	en	Alajuela District
Q3711	en	Belgrade, Serbia
Q3711	en	Beograd
Q3711	en	City of Belgrade
Q371522	en	Goteborg University
Q371522	en	Göteborg University
Q371522	en	Gothenburg University
Q37156	en	18M
Q37156	en	IBM Corp.
Q37156	en	ibm.com
Q37156	en	International Business Machines Corporation (Armonk, NY)
Q37227	en	Go programming language
Q3726	en	Bathurst
Q3726	en	City of Banjul
Q372773	en	Raipoor
Q372773	en	Ryepoor
Q372927	en	Fembe language
Q37300	en	Gallo language
Q37300	en	Galo
Q37333	en	Lublino
Q37333	en	Lyublin
Q373683	en	Seze language
Q373808	en	Chujand
Q373808	en	Judzhand
Q373808	en	Juyand
Q373808	en	Khodjent
Q373808	en	Khojent
Q373808	en	Khudzhand
Q373808	en	Leninabad
Q3739441	en	Lusaamia
Q3739441	en	Olusaamia
Q3739441	en	Saamia
Q3739441	en	Samia language
Q3739448	en	Nyole language
Q37400	en	Nay Pyi Taw
Q37400	en	Naypyitaw
Q3740241	en	Masaaba
Q3740241	en	Masaba language
Q374465	en	Medgyes
Q374465	en	Medias
Q374465	en	Mediaş
Q374465	en	Mediasch
Q374748	en	Gema
Q374748	en	Ginai
Q374748	en	Ginaia
Q374748	en	Janin
Q374748	en	Janine
Q374748	en	Jenine
Q37548	en	NEU
Q37548	en	Northeastern
Q37548	en	NU
Q375619	en	ISL
Q375619	en	LIS
Q375913	en	Web Graphics Library
Q3766	en	Jasmine city
Q3766	en	Mint of Damascus
Q3766	en	Sham city
Q376749	en	Chatga
Q376749	en	Chattala
Q376749	en	Chattogram
Q37733	en	Judaeo-Arabic
Q37733	en	Judeo Arabic
Q37733	en	Judeo-Arabic dialects
Q37733	en	Judeo-Arabic languages
Q3775037	en	Simba
Q3775037	en	Western Bolivian Guarani
Q3775265	en	Koroshi dialect
Q377757	en	Rhodes University College
Q377757	en	RU
Q377757	en	ru.ac.za
Q378014	en	Jāmiʿat al-Qarawiyyīn
Q378014	en	UAQ
Q378014	en	uaq.ma
Q37806	en	Vila
Q3780954	en	Diriku
Q3780954	en	Gciriku language
Q3786	en	Esslingen
Q3786	en	Esslingen/Neckar
Q3787	en	ABJ
Q3787	en	ABV
Q3787	en	FCT
Q3787	en	Federal Capital Territory
Q378743	en	Berik language
Q378821	en	Hohensalza
Q378821	en	Jungbreslau
Q3788739	en	Shambala language
Q379130	en	Zabana language
Q3792	en	Lome
Q3792	en	Lome, Togo
Q3792	en	Lomé, Togo
Q3799	en	Ajashe
Q3799	en	Hogbonu
Q37995	en	Rangoon
Q37995	en	Rangoon City
Q37995	en	Yangon City
Q37995	en	Yangon Region
Q38	en	Italian Republic
Q38	en	Republic of Italy
Q3805	en	Aman
Q3805	en	Amman, Jordan
Q3805	en	Ammon
Q3805	en	Mint of Philadelphia
Q3805	en	Philadelphia
Q3805	en	ʿAmmān
Q38076	en	Macca's
Q38076	en	Maccas
Q38076	en	McDo
Q38076	en	McDonald's Restaurant
Q38076	en	Mickey D's
Q3807652	en	Kw'adza language
Q3807652	en	Ngomvia
Q3807652	en	Qwadza
Q3808	en	Ongola
Q3808	en	Yaounde
Q3808	en	Yaounde, Cameroon
Q3808	en	Yaoundé, Cameroon
Q3813281	en	Ibino language
Q3813281	en	Ibino-Obolo language
Q3813288	en	Idere language
Q3813297	en	Efai language
Q3813301	en	Ilue language
Q3813306	en	Ibuoro language
Q3813392	en	Odual language
Q3813394	en	Kugbo language
Q3813396	en	Oro language
Q3813398	en	Okobo language
Q3813400	en	Ogbia language
Q3813403	en	Obulom language
Q3813405	en	Ogbogolo language
Q3813833	en	O'chi'chi'
Q3813833	en	O’chi’chi’ language
Q3818	en	Port Clarence
Q3818	en	Santa Isabel
Q3826985	en	Papiamento
Q3826985	en	Papiaments (Aruba)
Q3832933	en	Kua language
Q3832945	en	Matlatzinca language
Q3832946	en	Lycian B
Q3832946	en	Milyan language
Q3832969	en	Tama (Colombia)
Q3832969	en	Tama language
Q3832970	en	Tewe language
Q3832977	en	Pauwi
Q3832977	en	Pauwi language
Q3832977	en	Yoke language
Q3832982	en	Ani
Q3832982	en	ǁAni language
Q3833015	en	Ichishkin
Q3833015	en	Sahaptin language
Q3833015	en	Shahaptin
Q383434	en	city of Sudbury
Q383434	en	Sudbury
Q383434	en	Sudbury, ON
Q383434	en	Sudbury, Ontario
Q383701	en	Ache
Q383701	en	Ache language
Q383701	en	Aché language
Q38380	en	Fruits-Sucrés
Q38380	en	Gaie-Vallée
Q38380	en	Peu-de-Fonds
Q384101	en	Qatabānian
Q384101	en	Qatabanian language
Q384101	en	Qatabānian language
Q384101	en	Qatabanic
Q384101	en	Qatabānic
Q384101	en	Qatabānic language
Q384544	en	Carlsbad
Q384544	en	Karlsbad
Q3847550	en	Pangwa language
Q3847648	en	Chitonga
Q3847648	en	Malawi Tonga
Q3847648	en	Malawian Tonga
Q3847648	en	Tonga (Nyasa)
Q3847648	en	Tonga language
Q3847648	en	Tonga language (Malawi)
Q385	en	Gdingen
Q385	en	Gdiniô
Q38511	en	Abo
Q38511	en	Åbo
Q38511	en	Aboa
Q3854	en	Buja
Q3854	en	Usumbura
Q38545	en	Adana City
Q38545	en	Mint of Adana
Q386991	en	Torreon
Q387396	en	Schweidnitz
Q388108	en	Sawhaj
Q388108	en	Suhag
Q388108	en	Suhaj
Q38811	en	An-Nasiriyah
Q38811	en	Naserya
Q3882	en	al-Manāmah
Q3883	en	Catanzaro (Italy)
Q38834	en	Nuku'alofa
Q3889	en	Cam Phumo
Q3889	en	Lourenço Marques
Q3892562	en	Kahe language
Q3897	en	Loanda
Q3897	en	Loanda, Angola
Q3897	en	Luanda, Angola
Q3897	en	Saint Paul of Loanda
Q3897	en	Saint Paul of Luanda
Q3897	en	São Paulo da Assunção de Loanda
Q3897	en	Sao Paulo de Loanda
Q3897	en	São Paulo de Loanda
Q3897	en	Sao Paulo, Angola
Q3897	en	São Paulo, Angola
Q3897	en	St Paul of Loanda
Q3897	en	St Paul of Luanda
Q3897	en	St. Paul of Loanda
Q3897	en	St. Paul of Luanda
Q389827	en	Paumari
Q389827	en	Paumari language
Q389827	en	Paumarí language
Q389827	en	Purupuru language
Q39	en	Confoederatio Helvetica
Q39	en	Swiss
Q39	en	Swiss Confederation
Q3901	en	Moroni, Comoros
Q3904	en	Mbabané
Q39046036	en	Munyo language
Q39055709	en	Kaloeng language
Q391028	en	McGill University College of British Columbia
Q391028	en	The University of British Columbia
Q391028	en	UBC
Q391028	en	UBC Vancouver
Q391028	en	ubc.ca
Q3912756	en	Irigwe
Q3912756	en	Rigwe language
Q3912758	en	Bondum Dom Dogon
Q3912758	en	Najamba-Kindige
Q3912761	en	Lemoro language
Q3912770	en	Mbara (Chad)
Q3912770	en	Mbara language
Q3912772	en	Kisi language
Q3912772	en	Kisiei
Q3912777	en	Ikpeshi language
Q3912876	en	Jemez language
Q3912876	en	tow
Q3912876	en	Towa
Q3912876	en	Towa language
Q3912880	en	Dogul Dom Dogon
Q3913272	en	Wan language
Q3913277	en	Ngando (Democratic Republic of Congo)
Q3913277	en	Ngando language
Q3913279	en	Kpati language
Q3913281	en	Mvanip language
Q3913283	en	Bena (Nigeria)
Q3913283	en	Bena language
Q3913283	en	Bena language (Adamawa)
Q3913286	en	Mano language
Q3913290	en	Jamsay Dogon
Q3913293	en	Doka language
Q3913297	en	Kanufi language
Q3913301	en	Bolon language
Q3913304	en	Kyanga
Q3913304	en	Kyenga language
Q3913307	en	Kugama language
Q3913311	en	Beng language
Q3913314	en	Doghose language
Q3913314	en	Dogose
Q3913314	en	Dogosé
Q3913317	en	Gagu language
Q3913317	en	Gban
Q3913321	en	Bu language
Q3913324	en	Mbula-Bwazza language
Q3913326	en	Ruma language
Q3913328	en	Uhami language
Q3913331	en	Okpamheri language
Q3913334	en	Muskum language
Q3913336	en	Surubu
Q3913336	en	TiVori
Q3913342	en	Daba language
Q3913345	en	Rang language
Q3913345	en	Rang language is a language spoken mostly around Lamma ward Zing local government area of Taraba state
Q3913350	en	Guid
Q3913350	en	Lindili
Q3913350	en	Nungu language
Q3913350	en	Rinde
Q3913350	en	Rindre
Q3913354	en	Somyev language
Q3913357	en	Ileme
Q3913357	en	Uneme language
Q3913360	en	Winyé
Q3913360	en	Winye language
Q3913363	en	Gurmana language
Q3913366	en	Ajiya
Q3913366	en	Idon language
Q3913366	en	Idong
Q3913372	en	Tonjon language
Q3913375	en	Piti language
Q3913378	en	Perema language
Q3913378	en	Wom (Nigeria)
Q3913378	en	Wom language
Q3913381	en	Rumaya
Q3913384	en	Sasaru language
Q3913387	en	Ukue language
Q3913390	en	Iyayu language
Q3913394	en	Waka language
Q3913398	en	Ososo language
Q3913761	en	Warluwara language
Q3913765	en	Gangalidda
Q3913765	en	Ganggalida
Q3913765	en	Jakula
Q3913765	en	Jugula
Q3913765	en	Kangkalita
Q3913765	en	Yokula
Q3913765	en	Yugulda
Q3913765	en	Yukala
Q3913765	en	Yukulta language
Q3913767	en	Wandarang
Q3913767	en	Warndarang language
Q3913770	en	Kaiadilt
Q3913770	en	Kayardild language
Q3913777	en	Inggarda
Q3913777	en	Yinggarda language
Q3913777	en	Yingkarta
Q3913780	en	Nyigina language
Q3913780	en	Nyikina language
Q3913785	en	Djugun language
Q3913785	en	Dyugun
Q3913790	en	Dalabon language
Q3913790	en	Ngalkbun language
Q3913796	en	Ngalakan
Q3913796	en	Ngalakgan language
Q3913800	en	Anaiwan
Q3913800	en	Anewan language
Q3913800	en	Enneewin
Q3913800	en	Nganyaywana
Q3913800	en	Nganyaywana language
Q3913805	en	Wunambal language
Q3913817	en	Gadjerawang
Q3913817	en	Gadjerong
Q3913817	en	Gadyerong
Q3913817	en	Gajirrawoong
Q3913817	en	Gajirrawoong dialect
Q3913817	en	Kajirrawung
Q3913820	en	Dhanggati
Q3913820	en	Dyangadi language
Q3913825	en	Ngiyambaa language
Q3913825	en	Wangaaybuwan-Ngiyambaa
Q3913830	en	Bandjima
Q3913830	en	Banjima
Q3913830	en	Banyjima
Q3913830	en	Paanjima
Q3913830	en	Pandjima
Q3913830	en	Panjima
Q3913830	en	Panjtjima
Q3913830	en	Panyjima language
Q3913830	en	Panytyima
Q3913834	en	Choororoo
Q3913834	en	Jurruru language
Q3913834	en	Thuraru
Q3913834	en	Tjurruru
Q3913837	en	Garadjari language
Q3913837	en	Karadjeri
Q3913837	en	Karajarri
Q3913840	en	Wiradhuri
Q3913840	en	Wiradjuri language
Q3913840	en	Wiradyuri
Q3913842	en	Wardaman language
Q3913844	en	Bardi Jawi
Q3913844	en	Djaui
Q3913844	en	Djawi dialect
Q3913852	en	Baard
Q3913852	en	Bardi language
Q3913856	en	Wajarri language
Q3913920	en	Kivɔnɔ
Q3913920	en	Vono language
Q3913924	en	Toro Tegu Dogon
Q3913925	en	Shau language
Q3913929	en	Shuwa-Zamani language
Q3913931	en	Shanga language
Q3913934	en	Tumi language
Q3913936	en	Gbiri-Niragu language
Q3913940	en	Iku language
Q3913940	en	Iku-Gora-Ankwa
Q3913943	en	Sheni
Q3913943	en	Ziriya language
Q3913946	en	Shiki language
Q3913949	en	Ngombe (Central African Republic)
Q3913949	en	Ngombe language
Q3913951	en	Yaoure
Q3913951	en	Yaouré
Q3913951	en	Yaure language
Q3913953	en	Tso language
Q3913955	en	Khisa language
Q3913957	en	Ahwai language
Q3913961	en	Loma (Côte d'Ivoire)
Q3913961	en	Lomakka language
Q3913963	en	Katana
Q3913966	en	Kakabe language
Q3913968	en	Ndunda language
Q3913972	en	Kumba language
Q3913977	en	Duka
Q3913977	en	Hun-Saare language
Q3913979	en	Idesa language
Q3913982	en	Kpatili language
Q3913985	en	Igwe language
Q3913987	en	Laru language
Q3913990	en	Otank language
Q3913992	en	Jahanka language
Q3913994	en	Teme language
Q3914000	en	Kalamse
Q3914000	en	Kalamse language
Q3914000	en	Kalamsé language
Q3914004	en	C'lela
Q3914004	en	Dakarkari
Q3914004	en	Lela language
Q3914008	en	Horom language
Q3914011	en	Ada
Q3914011	en	Adara language
Q3914011	en	Ajiya
Q3914011	en	Eda
Q3914011	en	Ekhwa
Q3914011	en	Eneje
Q3914011	en	Enezhe
Q3914011	en	Iku
Q3914015	en	Khe language
Q3914019	en	Kamantan
Q3914019	en	Nghan language
Q3914021	en	Ninzo language
Q3914025	en	Fyam
Q3914025	en	Fyem
Q3914025	en	Pyam
Q3914025	en	Pyem language
Q3914027	en	Pangseng language
Q3914048	en	Usaghade language
Q3914052	en	Samwe language
Q3914052	en	Wara
Q3914057	en	Galgaduun
Q3914057	en	Kalkatungu language
Q3914057	en	Kalkutung
Q3914062	en	Gadang
Q3914062	en	Gadhang
Q3914062	en	Gadjang
Q3914062	en	Gathang
Q3914062	en	Kutthung
Q3914062	en	Warrimay
Q3914062	en	Worimi language
Q3914066	en	Eloyi language
Q3914381	en	Lubila language
Q3914387	en	Izi language
Q3914387	en	Izii
Q3914387	en	Izzi
Q3914390	en	Gbii language
Q3914392	en	Shama language
Q3914392	en	Shama-Sambuga
Q3914395	en	Hungworo language
Q3914398	en	Zariwa
Q3914402	en	Ikom language
Q3914402	en	Olulumo-Ikom
Q3914404	en	Kimba language
Q3914404	en	Tsikimba
Q3914407	en	Voro language
Q3914409	en	Khana language
Q3914412	en	Godie
Q3914412	en	Godie language
Q3914412	en	Godié language
Q3914415	en	Waja language
Q3914417	en	Mboi language
Q3914420	en	Gyong language
Q3914420	en	Kagoma
Q3914420	en	Kagoma language
Q3914423	en	Lenyima
Q3914423	en	Nyima language
Q3914427	en	Eleme language
Q3914436	en	Dadiya language
Q3914439	en	Lokaa
Q3914439	en	Loko language
Q3914441	en	Dũya
Q3914441	en	Idun language
Q3914444	en	Southern Grebo language
Q3914448	en	Jibu language
Q3914453	en	kuSur–Myet language
Q3914453	en	Sur language
Q3914455	en	Disa language
Q3914459	en	Gade language
Q3914459	en	Gede language
Q3914462	en	Etekwe
Q3914462	en	Etkywan language
Q3914462	en	Icen
Q3914462	en	Ichen
Q3914462	en	Kentu
Q3914462	en	Nyidu
Q3914465	en	Leelau language
Q3914467	en	Ubang language
Q3914470	en	Ukpe-Bayobiri language
Q3914475	en	Mághdì
Q3914475	en	Maghdi language
Q3914478	en	Mixifore language
Q3914478	en	Mogofin
Q3914482	en	Nkukoli language
Q3914485	en	Ogbronuagum language
Q3914487	en	Jowulu language
Q3914490	en	Ada
Q3914490	en	Ikryo
Q3914490	en	Kuturmi
Q3914490	en	Kuturmi language
Q3914490	en	Obiro
Q3914492	en	Leyigha
Q3914492	en	Yigha language
Q3914494	en	Tala language
Q3914497	en	Jili language
Q3914497	en	Lijili
Q3914501	en	Kaan language
Q3914627	en	Phong language
Q3914627	en	Phong-Kniang
Q3914627	en	Phong-Kniang people
Q3914630	en	Chong language
Q3914630	en	Chong of Chanthaburi
Q3914630	en	Samre of Pursat
Q3914632	en	Duan language
Q3914632	en	Halang Doan
Q3914636	en	Die
Q3914636	en	Gie
Q3914636	en	Jeh language
Q3914636	en	Yaeh
Q3914693	en	Temiar language
Q3914866	en	Klao language
Q3914867	en	Kodia
Q3914867	en	Kwadia language
Q3914871	en	Pe language
Q3914874	en	Tiefo
Q3914874	en	Tiéfo
Q3914874	en	Tyefo language
Q3914875	en	Lopa language
Q3914876	en	Shamang language
Q3914878	en	Lala-Roba language
Q3914879	en	Kamo language
Q3914879	en	kcq
Q3914880	en	Duungooma language
Q3914880	en	West Duun
Q3914882	en	Yendang language
Q3914885	en	Saba language
Q3914887	en	Wane
Q3914887	en	Wane language
Q3914887	en	Wané language
Q3914890	en	Geji language
Q3914891	en	Dibo language
Q3914892	en	Dewoin language
Q3914894	en	Rogo language
Q3914896	en	Sininkere language
Q3914897	en	Ju language
Q3914899	en	Tita language
Q3914902	en	Kpasam language
Q3914905	en	Wannu language
Q3914907	en	Tula language
Q3914910	en	Zhire language
Q3914912	en	Loko language
Q3914914	en	anene Pajukun
Q3914914	en	anene Wapã
Q3914914	en	anene Wapan
Q3914914	en	Apa
Q3914914	en	Apang
Q3914914	en	Ekpan
Q3914914	en	Jukun Wapan
Q3914914	en	Kororofa
Q3914914	en	Kpazo
Q3914914	en	Kpazun
Q3914914	en	Kpe
Q3914914	en	Kwe
Q3914914	en	nene Pajukun
Q3914914	en	nutsu bu Pajukun
Q3914914	en	Wapã
Q3914914	en	Wapan Jukun
Q3914914	en	Wapan language
Q3914920	en	Nkum
Q3914922	en	Daza
Q3914922	en	Dazawa language
Q3914924	en	Ngizim language
Q3914927	en	Ega language
Q3914934	en	Wãpha language
Q3914936	en	Tsuvadi
Q3914936	en	Tsuvaɗi
Q3914936	en	Vadi language
Q3914939	en	Jijili language
Q3914939	en	Tanjijili
Q3914939	en	Ujijili
Q3914941	en	Mbato language
Q3914945	en	Gbanu language
Q3914953	en	Tarok language
Q3914956	en	Kaningkon-Nindem
Q3914956	en	Ninkyob-Nindem
Q3914956	en	Ninkyop-Nindem language
Q3914962	en	Nyankpa language
Q3914977	en	Glio-Oubi
Q3914977	en	Glio-Ubi language
Q3915200	en	Sekol language
Q3915200	en	Sekou language
Q3915200	en	Sko language
Q3915200	en	Skou language
Q3915200	en	Skouw language
Q3915200	en	Skow language
Q3915200	en	Sukou language
Q3915200	en	Sukow language
Q3915200	en	Te Mawo language
Q3915200	en	Tumawo
Q3915200	en	Tumawo language
Q3915207	en	Tai Daeng language
Q3915212	en	Kami (Tanzania)
Q3915212	en	Kami language
Q3915215	en	Iwam language
Q3915308	en	Oring language
Q3915310	en	Mbandja language
Q3915313	en	Glaro-Twabo language
Q3915316	en	Kaba
Q3915316	en	Kabba language
Q3915319	en	Lere language
Q3915326	en	Tajuasohn language
Q3915326	en	Tajuosohn
Q3915330	en	Janji language
Q3915331	en	Mbaka language
Q3915334	en	Kisanga
Q3915334	en	Sanga (Nigeria)
Q3915334	en	Sanga language
Q3915336	en	Kupa-Nupe
Q3915338	en	Hasha language
Q3915342	en	Kakanda language
Q3915345	en	Ningye language
Q3915347	en	Beti (Côte d'Ivoire)
Q3915347	en	Eotile language
Q3915349	en	Mak (Nigeria)
Q3915349	en	Mak language
Q3915352	en	Gupa-Abawa language
Q3915355	en	Shall-Zwall language
Q3915361	en	Kaba language
Q3915363	en	We Northern
Q3915363	en	Wè Northern
Q3915363	en	Wobe language
Q3915363	en	Wobé language
Q3915365	en	Engenni language
Q3915365	en	Ogua, ejiro and Enuedua
Q3915369	en	Daho-Doo language
Q3915372	en	Kami (Nigeria)
Q3915372	en	Kami language
Q3915374	en	Eastern Krahn
Q3915374	en	Konobo language
Q3915378	en	Loo language
Q3915380	en	Kpan language
Q3915382	en	Mingang Doso language
Q3915384	en	Dem
Q3915384	en	Kaba Deme language
Q3915384	en	Sara Kaba Deme
Q3915386	en	Sapo language
Q3915388	en	Odut language
Q3915391	en	Kele language
Q3915391	en	Kukele
Q3915392	en	Eten language
Q3915392	en	Iten
Q3915395	en	Cross River Mbembe
Q3915395	en	Mbembe language
Q3915405	en	Subtiaba language
Q3915409	en	Ngaanjatjarra
Q3915409	en	Ngaanyatjarra language
Q3915412	en	Gumbaynggir
Q3915412	en	Kumbainggar language
Q3915414	en	Duri language
Q3915418	en	Saponi language
Q3915427	en	Chichimeca Jonaz language
Q3915427	en	Chichimeca-Jonaz
Q3915435	en	Hellenoromani
Q3915435	en	Romano-Greek language
Q3915441	en	Machiguenga language
Q3915442	en	Muruwari language
Q3915445	en	Ce language
Q3915445	en	Che
Q3915445	en	Kuce
Q3915445	en	Kuche
Q3915445	en	Rukuba
Q3915446	en	Ngam language
Q3915448	en	Umon language
Q3915449	en	Jere language
Q3915451	en	Gbagyi-Gbari language
Q3915451	en	Gwari language
Q3915454	en	Izora
Q3915454	en	Zora language
Q3915472	en	LGP
Q3915475	en	Aborlan Tagbanwa language
Q3915475	en	Tagbanwa
Q3915477	en	Bahasa Isyarat Indonesia
Q3915477	en	BISINDO
Q3915487	en	Calamian Tagbanwa language
Q3915502	en	Hkamti
Q3915502	en	Khamti language
Q3915502	en	Khamti Shan
Q3915502	en	Khandi Shan
Q3915502	en	Lik-Tai script
Q3915502	en	Tai Khamti
Q3915506	en	Guaja
Q3915506	en	Guaja language
Q3915506	en	Guajá language
Q3915511	en	LSM
Q3915515	en	Central Tagbanwa language
Q3915517	en	Nanticoke language
Q3915520	en	Korlai
Q3915520	en	Korlai Creole
Q3915520	en	Korlai Creole Portuguese
Q3915520	en	Korlai Portuguese
Q3915520	en	Kristi
Q3915520	en	Kristi language
Q3915522	en	Amonap language
Q3915522	en	Kuikuro-Kalapalo
Q3915522	en	Kuikúro-Kalapálo
Q3915522	en	Matipu
Q3915522	en	Matipuy
Q3915525	en	Tepecano language
Q3915527	en	Itawis language
Q3915527	en	Itawit
Q3915551	en	Cadegomeno
Q3915551	en	Cadegomeño
Q3915551	en	Cochetimi
Q3915551	en	Cochima
Q3915551	en	Cochimi
Q3915551	en	Cochimi language
Q3915551	en	Cochimí language
Q3915551	en	Cochimtee
Q3915551	en	Didiu
Q3915551	en	Laimón
Q3915551	en	Laymon
Q3915551	en	Laymon-Cochimi
Q3915551	en	Laymonem
Q3915551	en	Peninsula Yuman
Q3915551	en	San Francesco Saverio Mission
Q3915551	en	San Francisco Xavier de Viggé-Biaundo Mission
Q3915551	en	San Javier
Q3915551	en	San Joaquín
Q3915551	en	San Xavier
Q3915557	en	Caquinta Campa
Q3915557	en	Caquinte language
Q3915557	en	Poyenisati
Q3915581	en	Guaymi language
Q3915581	en	Guaymí language
Q3915581	en	Ngäbere
Q3915584	en	Mbya Guarani
Q3915584	en	Mbya Guarani language
Q3915584	en	Mbyá Guaraní language
Q3915595	en	Yulu language
Q3915654	en	Muniche
Q3915654	en	Munichi language
Q3915665	en	Phuan language
Q3915667	en	Elseng language
Q3915671	en	Scotch-Romani
Q3915671	en	Scots-Romani
Q3915671	en	Traveller Scottish
Q3915672	en	Mbariman-Gudhinma language
Q3915672	en	Rimanggudhinma
Q3915677	en	Umbuygamu language
Q3915680	en	Uradhi language
Q3915684	en	Kurrama language
Q3915686	en	Yalarnnga language
Q3915687	en	Kuku-Uwanh language
Q3915688	en	Lardil language
Q3915692	en	Gudanji
Q3915692	en	Ngarnka language
Q3915693	en	Gugu Thaypan language
Q3915693	en	Thaypan
Q3915694	en	Leningitij
Q3915694	en	Linngithigh dialect
Q3915695	en	Wik-Ngathan language
Q3915695	en	Wik-Ngathana
Q3915696	en	Maykulan language
Q3915702	en	Flinders Island language
Q3915702	en	Yalgawarra
Q3915711	en	Ngawun language
Q3915716	en	Tai Hongjin language
Q3915769	en	Djambi language
Q3915769	en	Jambi Malay language
Q3915769	en	jax
Q3915770	en	Berau Coastal Dayak
Q3915770	en	Berau language
Q3915782	en	Guatuso
Q3915782	en	Guetar
Q3915782	en	Maleku
Q3915782	en	Maleku Jaika
Q3915782	en	Maléku Jaíka
Q3915782	en	Maleku language
Q3915782	en	Maléku language
Q3915782	en	Watuso-Weta
Q3915782	en	Watuso-Wéta
Q3915783	en	Nyawaygi language
Q3915785	en	Nguon
Q3915785	en	Nguôn
Q3915785	en	Nguồn language
Q3915794	en	Hre
Q3915794	en	Hre language
Q3915794	en	Hrê language
Q3915810	en	Gnau language
Q3915843	en	Mada (Nigeria)
Q3915843	en	Mada language
Q3915845	en	Duguza language
Q3915845	en	Tunzu language
Q3915846	en	Yukuben language
Q3915847	en	Firan language
Q3915848	en	Afenmai
Q3915848	en	Etsako
Q3915848	en	Yekhee language
Q3915849	en	Tha language
Q3915850	en	Kudu-Camo language
Q3915851	en	Geme language
Q3915854	en	Nembe language
Q3915854	en	Southeast Ijo
Q3915860	en	Ngarla language
Q3915918	en	Weyto language
Q3915921	en	Patamona language
Q3915999	en	Jalapa De Diaz Mazatec
Q3915999	en	Jalapa De Díaz Mazatec
Q3915999	en	Jalapa Mazatec language
Q3915999	en	Lowland Mazatec
Q39178	en	Cumucurapo
Q39178	en	Port-of-Spain
Q39178	en	Puerto España
Q3919	en	Gaberones
Q3919	en	Gabs
Q3919	en	Motse-Mshate
Q3921	en	Fort Salisbury
Q3921	en	Salisbury, Rhodesia
Q3921	en	Salisbury, Zimbabwe
Q392667	en	Wake Forest College
Q392667	en	WFU
Q392774	en	UPEACE
Q3929	en	Polwi
Q3929	en	Porlwi
Q3929	en	Port-Louis
Q393	en	Stettin
Q393171	en	Sohrau
Q3935	en	Otjomuise
Q3935	en	Windhök
Q3935	en	Windhuk
Q3935	en	ǀAi-ǁGams
Q393829	en	Marsa Matrouh
Q3940	en	Port Victoria
Q3940	en	Victoria, Seychelles
Q394080	en	Beni-souef
Q39583	en	B'Kara
Q39583	en	BKara
Q395863	en	Disūq
Q397	en	Latin language
Q397	en	Latina
Q397	en	Latinum
Q398	en	BAH
Q398	en	Bahrein Islands
Q398	en	bh
Q398	en	Dawlat al-Bahrain
Q398	en	ISO 3166-1:BH
Q398	en	Kingdom of Bahrain
Q398	en	Mamlakat al-Baḥrayn
Q399	en	Hayastan
Q399	en	Hayastani Hanrapetut’yun
Q399	en	Republic of Armenia
Q399	en	Հայաստան
Q3992	en	Lîdje
Q3992	en	Luik
Q3992	en	Lüttich
Q3992	en	Luuk
Q39984	en	Canas
Q40	en	Republic of Austria
Q40104	en	Aghjacciu
Q40104	en	Aiaccio
Q40191	en	Greater Hobart
Q40191	en	Hobart Town
Q40191	en	Hobart, Tas.
Q40191	en	Hobart, Tasmania
Q40191	en	Hobarton
Q40194	en	Mazatlan
Q4023175	en	Juruna
Q4023175	en	Juruna language
Q4023175	en	Jurúna language
Q4024	en	Franckf. an der Oder
Q4024	en	Franckforth
Q4024	en	Frankfurt
Q4024	en	Frankfurt a. d. Oder
Q4024	en	Frankfurt on the Oder
Q4024	en	Frankfurt, Brandenburg
Q4024	en	Frankfurt/Oder
Q403	en	Republic of Serbia
Q4044	en	Imperial City of Offenburg
Q406402	en	Bombay University
Q406402	en	MU
Q406402	en	Mumbai University
Q406402	en	University of Bombay
Q4073552	en	Ashti language
Q4073552	en	Ashty
Q40738	en	Broussa
Q408	en	'Straya
Q408	en	Aussieland
Q408	en	Commonwealth of Australia
Q408	en	Down Under
Q408	en	New Holland
Q408	en	New Hollandia
Q408	en	Nova Hollandia
Q408	en	Oz
Q408	en	Stralia
Q408	en	Straya
Q408	en	Stria
Q408	en	The Commonwealth of Australia
Q40811	en	Dioscurias
Q40811	en	Dioskourias
Q40811	en	Sebastopolis
Q40811	en	Sohumkale
Q40811	en	Souchoum Kale
Q40811	en	Suhum-Kale
Q40811	en	Sukhumi
Q40816	en	Banġāzī
Q40816	en	Bengazi
Q40840	en	Tammerfors
Q40840	en	Tampere (municipality)
Q4093	en	Glasgow, Scotland
Q4093	en	Glasgow, UK
Q4095195	en	Botolan language
Q4095195	en	Botolan Sambal
Q41	en	el
Q41	en	Ellada
Q41	en	gr
Q41	en	Greek Republic
Q41	en	Hellas
Q41	en	Hellas, Greece
Q41	en	Hellenic Republic
Q4103917	en	Warmia dialect
Q4103917	en	Warmian subdialect
Q41128	en	the land of dawn-lit mountains
Q4115304	en	Sana'a University
Q4115304	en	University of Sanaa
Q4115712	en	Kauen
Q4115712	en	Kovna
Q4115712	en	Kovne
Q4115712	en	Kovno
Q4115712	en	Kowno
Q41183	en	Alebbo
Q41183	en	Alep
Q41183	en	Aleppo City
Q41183	en	Aleppo, Aleppo
Q41183	en	Aleppo, Mount Simeon
Q41183	en	Aleppo, Syria
Q41183	en	Halab
Q4121130	en	Kunda language
Q4121131	en	Nyamwezi language
Q4121133	en	Holu language
Q4121160	en	Safwa language
Q4121200	en	Iramba language
Q4121200	en	Nilamba
Q41252	en	Bromberg
Q41252	en	Bydgostia
Q41262	en	Nottingham, East Midlands
Q41262	en	Nottingham, England
Q41262	en	Nottingham, Nottinghamshire
Q41354532	en	South Central Banda language
Q414	en	Argentine Republic
Q414	en	Republic of Argentina
Q414	en	Republica Argentina
Q414219	en	Academy of Fine Arts, Vienna
Q414219	en	Academy of Vienna
Q414219	en	Akademie der bildende Künste
Q414219	en	Akademie der bildenden Künste Wien
Q414219	en	Gemäldegalerie der Akademie der bildenden Künste Wien
Q414219	en	Vienna Academy
Q414219	en	Vienna Academy of Fine Arts
Q41432343	en	Rwa language
Q41432343	en	Rwo
Q4144560	en	Boloki
Q4144560	en	Loki dialect
Q414464	en	Gondishapur University
Q414464	en	Jondi Shapur University
Q414464	en	Jondishapur University
Q414481	en	Royal Academy of Åbo
Q41483	en	Good, the Bad and the Ugly
Q41483	en	Il buono, il brutto, il cattivo
Q41483	en	Magnificent Rogues
Q41483	en	The Good, the Ugly, the Bad
Q41483	en	The Magnificent Rogues
Q41496	en	Tanjore
Q41496	en	Tanjore, Thanjai
Q41506724	en	Harami language
Q41547	en	Saint George's
Q41547	en	Saint George's, Grenada
Q41547	en	Saint Georges
Q41547	en	Saint Georges, Granada
Q41547	en	St Georges, Granada
Q41547	en	St. George's, Grenada
Q41550	en	OECD
Q41550	en	Organisation for Economic Co-operation and Development
Q41562	en	Tuticorin
Q41574	en	PL SQL
Q41574	en	PL-SQL
Q41574	en	Procedural Language/Structured Query Language
Q4159744	en	Inku language
Q41621	en	Hayfa
Q41621	en	Hefa
Q4167202	en	Doso language
Q4170719	en	Sinaugoro language
Q41715039	en	Awu language
Q4175893	en	Lakher
Q4175893	en	Mara language
Q4175893	en	Mara reih
Q4175893	en	Tlosai language
Q4180871	en	Memoni language
Q41843	en	Be'er Sheva
Q41843	en	Beer Sheba
Q41843	en	Beer Sheva
Q41843	en	Bir al-Sabi
Q419	en	pe
Q419	en	per
Q419	en	Republic of Peru
Q419	en	Republica del Peru
Q4203802	en	Isirawa language
Q4203802	en	Llaga
Q4203802	en	Saberi
Q42051	en	Star Wars Episode III
Q42051	en	Star Wars: Episode III -- Revenge of the Sith
Q42051	en	Star Wars: Revenge of the Sith
Q4207412	en	Terengganu
Q4207444	en	Kayeli language
Q4208197	en	Orang Seletar language
Q4209031	en	Cirebon
Q4209031	en	Cirebon language
Q4209031	en	Cirebonese language
Q4216968	en	Jakun language
Q42173731	en	Nambo language
Q42173731	en	Nambo-Namna
Q42173731	en	Nambo-Namna language
Q421739	en	National Distance Education University
Q421739	en	National University for Distance Education
Q421739	en	UNED
Q421739	en	uned.es
Q421739	en	Universidad Nacional de Educación a Distancia
Q421739	en	Universidad Nacional de Educación a Distancia (UNED)
Q4219330	en	Kenati language
Q4220660	en	Quimbaya language
Q4220685	en	Cimmerian language
Q4227542	en	Kol (Papua New Guinea)
Q4227542	en	Kol language
Q423	en	Democratic People's Republic of Korea
Q423	en	DPR Korea
Q423	en	DPRK
Q423	en	kp
Q423	en	N. Korea
Q42308820	en	South Muyu language
Q42310421	en	Northwestern Nisu language
Q42369	en	Cannes International Film Festival
Q42369	en	Festival de Cannes
Q424	en	Camboya
Q424	en	Campuchia
Q424	en	Kambodzha
Q424	en	Kamboja
Q424	en	Kampuchea
Q424	en	kh
Q424	en	Kingdom of Cambodia
Q4243514	en	KubSU
Q42448	en	Sheffield, England
Q42448	en	Sheffield, South Yorkshire
Q42462	en	Eburācum
Q42462	en	Jorvik
Q42462	en	Jórvík
Q4251381	en	Kök Monchak
Q4251381	en	Kokmonchak language
Q4251381	en	Qoqmončaq language
Q42589412	en	Far Western Muria language
Q4259152	en	Lepki language
Q425973	en	Ikulu
Q425973	en	Ikulu language
Q425973	en	Kulu language
Q42603	en	priestess
Q42603	en	reverend
Q4261493	en	Liki language
Q4261493	en	Moar
Q426254	en	Erromanga language
Q426254	en	Erromangan
Q426254	en	Erromangan language
Q426254	en	Sie
Q426254	en	Sie language
Q4264884	en	Kutai Coastal Dayak
Q4264884	en	Kutai Dayak
Q4264884	en	Kutai language
Q4264884	en	Kutainese
Q4264884	en	Kutainese Coastal Dayak
Q4264884	en	Kutainese Dayak
Q4264884	en	Kutainese language
Q427300	en	Aulua language
Q42780	en	Ming-chou
Q42780	en	Mingchow
Q42780	en	Mingzhou
Q42780	en	Nhingpo
Q42780	en	Nimpo
Q42780	en	Ning-po
Q42780	en	Ningpo
Q42780	en	Yin Hsien
Q42780	en	Yin-hsien
Q42780	en	Yinxian
Q42800	en	White Horizon
Q428136	en	az-Zaytūnah University
Q428136	en	University of az-Zaytūnah
Q428136	en	University of Ez-Zitouna
Q428136	en	UZ
Q4286464	en	Mba language
Q4286473	en	Mbelime language
Q4294063	en	Mingo language
Q4294063	en	West Virginia Mingo
Q42941	en	Agra, India
Q42941	en	Agrah
Q42956	en	Haerbin
Q42956	en	Har-bin
Q42967903	en	Totonac (Xicotepec de Juárez)
Q42967999	en	Chasta Costa language
Q42968898	en	Nahuatl (Pochutla)
Q42968898	en	Pochutla Nahuatl language
Q429863	en	FAU
Q429863	en	fau.edu
Q429863	en	Florida Atlantic
Q43	en	Republic of Turkey
Q43	en	Republic of Türkiye
Q430018	en	Champenois dialect
Q4300950	en	Molof language
Q4300950	en	Poule
Q4301	en	Arusha, Tanzania
Q430138	en	North Picene language
Q4306719	en	Muirin language
Q430776	en	an-Nāṣira
Q430776	en	Naṣrath
Q430776	en	Natzrat
Q4308074	en	Murkim language
Q4314526	en	Sumba Barat
Q4314526	en	Wejewa language
Q4314526	en	Western Sumba
Q4314526	en	Western Sumba language
Q4314526	en	Wewewa language
Q4314526	en	Weyewa
Q43191372	en	Bolivian Guaraní language
Q43191372	en	Guaraní (Bolivia)
Q43195708	en	Europe Yiddish
Q43195708	en	Europe Yiddish language
Q43195708	en	Yiddish (Europe)
Q43195791	en	Israel Yiddish language
Q43195791	en	Yiddish (Israel)
Q432475	en	Cant
Q432475	en	Canterbury College
Q432475	en	Canterbury University
Q432475	en	Canterbury University College
Q432475	en	Te Whare Wānanga o Waitaha
Q432475	en	UC
Q43328	en	Miya language
Q4334657	en	Omok language
Q4337031	en	Oropom language
Q43382	en	Plymouth (parish)
Q43382	en	Plymouth Devon, England
Q43382	en	Plymouth, England
Q43387	en	Adrianopolis
Q43387	en	Edirne City
Q43387	en	Hadrianopolis
Q43400970	en	Julud language
Q4342401	en	Palawano language
Q43433	en	The city beautiful
Q4345653	en	Parni language
Q43463	en	Ceara
Q43475	en	Derby, Derbyshire
Q43475	en	Derby, East Midlands
Q43475	en	Derby, England
Q43475	en	Derby, United Kingdom
Q43509	en	GYE
Q43509	en	Santiago de Guayaquil
Q4356223	en	Canoé
Q4356223	en	Kanoe
Q4356223	en	Kanoé
Q4356223	en	Kanoe language
Q4356223	en	Kanoê language
Q4356223	en	Kapishana
Q4356223	en	Kapixana
Q4356223	en	Kapixaná
Q4356223	en	Kapixanã
Q4356243	en	Mag-antsi Ayta
Q4356243	en	Mag-antsi language
Q43595	en	Kútɔ̀nú
Q43631	en	Leyden
Q437	en	Aemona
Q437	en	Labacum
Q437	en	Laibach
Q437	en	Ljubljana, Slovenia
Q437	en	Lublana
Q4380827	en	Chinese (Taiwan)
Q4380827	en	Mandarin with a heavy Taiwanese Hokkien accent
Q4380827	en	Mandarin with Taiwan Hokkien accent
Q4380827	en	Taiwan Guoyu
Q4380827	en	Taiwanese Guoyu
Q4380827	en	Taiwanese Mandarin (academic concept)
Q4380827	en	zh-tw
Q44016	en	City of Markham
Q44016	en	Markham, ON
Q44016	en	Markham, Ontario
Q4407582	en	Icari
Q4407582	en	Itsari language
Q4409155	en	Sause language
Q4409155	en	Seuce
Q4414831	en	Roma
Q4414831	en	Romang language
Q4418344	en	Eastern Tatar
Q4418344	en	Eastern Tatar dialect
Q4418344	en	Siberian
Q4418344	en	Siberian language
Q4418344	en	Siberian Tatar language
Q4418344	en	Sibir
Q4418344	en	Sibir language
Q4418344	en	Sybyr
Q4418344	en	Sybyr language
Q44198	en	Brampton, ON
Q44198	en	Brampton, Ontario
Q44198	en	City of Brampton
Q44213	en	Paraná, Argentina
Q44213	en	Paraná, Entre Ríos
Q44217	en	Jujuy
Q44243	en	San Luis, Argentina
Q4428829	en	Sonqori dialect
Q4428829	en	Sonqori language
Q44294	en	FoMoCo
Q44294	en	Ford
Q44294	en	Ford Motor Corporation
Q44294	en	Ford Motors
Q44320	en	The lady in my life michael jackson
Q4453270	en	Tver Karelian dialect
Q44535135	en	Eyeish language
Q4454131	en	Teleut language
Q4461493	en	Tofamna language
Q4461493	en	Tofanma language
Q44676	en	English (Canada)
Q4477735	en	Afra language
Q4477735	en	Usku
Q4482931	en	Bargana-Kipchak language
Q4482931	en	Fergana Kipchak language
Q4482931	en	Kipchak Uzbek
Q4494885	en	Khaqan (Qaghan) language
Q4494885	en	Khaqani Turkic
Q4494885	en	Qara-Qan Uyghur
Q4494885	en	Qara-Qan Uyghur language
Q45	en	POR
Q45	en	Portuguese Republic
Q45	en	PRT
Q4506108	en	Cudaxar
Q4506108	en	Tsudakhar
Q4506108	en	Tsudaqar language
Q450625	en	Alitus
Q4506461	en	Tsengel language
Q45197	en	Schwientochlowitz
Q45197	en	Swietochlowice
Q45197	en	Śwjyntochlowice
Q45242758	en	Jizhao language
Q45301	en	Tarabossan
Q45301	en	Terabesoun
Q45301	en	Trabizond
Q45301	en	Trabuzan
Q45301	en	Trapesunta
Q45301	en	Trapezounta
Q45301	en	Trapezous
Q45301	en	Trapezunt
Q45301	en	Trapezus
Q45301	en	Trapisonda
Q45301	en	Trapizon
Q45301	en	Trebesun
Q45301	en	Trebisonda
Q45301	en	Trebizond
Q45301	en	Trebizonde
Q45301	en	Tribisonde
Q45313	en	Alexandria
Q45313	en	Alexandria Ariana
Q45313	en	Heraut
Q4536460	en	Western Desert language
Q4536509	en	Old Yue language
Q4536509	en	Yue languages
Q4540302	en	"Norman" Tasmanian language
Q4544752	en	Mekwei language
Q45604	en	Candahar
Q45604	en	Qandahar
Q456624	en	Umballa
Q457334	en	Moncton, NB
Q457334	en	Moncton, New Brunswick
Q45775666	en	Quinipissa language
Q4577633	en	/ɗ/ represented here as <dh>
Q4577633	en	Kodhi is based on Kodhi alphabet
Q4577633	en	Kodhi language
Q4577633	en	Kodi
Q4577633	en	Kodi language
Q4577633	en	Kudhi
Q4577633	en	Kudi
Q4577633	en	native sound: Kodhi [ko.ɗi ]
Q459369	en	Masuku
Q45942	en	Bon
Q45942	en	Bona
Q45942	en	Bone
Q45942	en	Bône
Q459495	en	Besiktas
Q459553	en	Payo Obispo
Q459600	en	Wagga
Q459600	en	Wagga Wagga, New South Wales
Q459600	en	Wagga Wagga, NSW
Q460584	en	Scala programming language
Q461307	en	Muzafarabad
Q461307	en	Muzaffar Abad
Q461307	en	MZD
Q46135	en	Creteil
Q461922	en	City of Whispering Monuments
Q46264708	en	Yardliyawarra language
Q4629	en	Navi surat
Q4629	en	Sūrat
Q4629	en	Western Presidency
Q463165	en	Sault Sainte Marie, Ontario
Q463165	en	Sault Ste Marie
Q463165	en	Sault Ste. Marie, ON
Q463384	en	Bulqiza
Q465698	en	Segewold
Q46603077	en	Chepya language
Q46603077	en	Chipia
Q466221	en	Srihatta nagara
Q466221	en	Sylhet Mahanagar
Q466221	en	Sylhet town
Q466221	en	The city of Srihatta
Q4662604	en	Nyangatom language
Q4663287	en	Abai Sungai language
Q46698638	en	Tagin language
Q4670066	en	Tafaghist
Q4670066	en	Tamachen
Q4670066	en	Tamashek
Q4670066	en	Tamashek language
Q4670066	en	Tamashekin
Q4670066	en	Tamasheq language
Q4670066	en	taq
Q4670066	en	Tomachek
Q4670066	en	tsk
Q4670715	en	Abu' Arapesh
Q4670715	en	Abu’ Arapesh language
Q467164	en	American University
Q467164	en	AUA
Q46717	en	Curse of the Black Pearl
Q46717	en	PotC 1
Q46717	en	POTC1
Q46728	en	hif
Q4683034	en	Adithinngithigh language
Q4684353	en	Sajau Basap language
Q4684505	en	Adonara language
Q4690919	en	Aga Bereho language
Q4690919	en	Bariji
Q4694612	en	Agusan language
Q4694612	en	East Manobo languages
Q4696964	en	Aiki language
Q4696964	en	Runga
Q4696964	en	Runga-Kibet language
Q4697175	en	Aimol language
Q47004719	en	Mayi-Kulan language
Q47004730	en	Mayi-Thakurti language
Q47004732	en	Wunumara language
Q4700657	en	Akeu language
Q47010865	en	Lekwungen
Q47010865	en	lək̓ʷəŋəŋ
Q47010865	en	lək̓ʷəŋiʔnəŋ
Q47010865	en	Songeesh
Q47010865	en	Songish
Q47012480	en	Sisiqa language
Q47012776	en	Seminole language
Q47012789	en	T'Sou-ke dialect
Q47012824	en	Samish dialect
Q47012824	en	Samish language
Q47012824	en	Xws7ámeshqen
Q47012824	en	Xws7ámeshqen language
Q47012866	en	Amazigh dialect of Air
Q47012992	en	Tommo So
Q47012992	en	Tɔmmɔ sɔ
Q47015522	en	Nyoro-Tooro language
Q47015522	en	Runyoro-Rutooro
Q4701931	en	Akukem language
Q4701960	en	Akuntsu language
Q4701960	en	Akuntsú language
Q4702035	en	Akyaung Ari language
Q4702035	en	Akyaung Ari Naga
Q47034	en	Esbo
Q47034	en	Espoon kaupunki
Q47048	en	Uleaborg
Q47048	en	Uleåborg
Q4709	en	Barquisimeto, Venezuela
Q4709	en	Bqto
Q47092330	en	Umaua language
Q47092974	en	Northern Talyshi
Q47093071	en	Yaudanchi
Q47093071	en	Yawdanchi
Q47093071	en	Yawdanchi dialect
Q4709425	en	Santo Domingo Albarradas Zapotec
Q4709467	en	Albay Bicolano
Q4709467	en	Albay Bikolano
Q4709467	en	Inland-Buhi-Daraga Bikol
Q47138	en	Encarnacion
Q47138	en	Encarnación de Itapua
Q471886	en	Chedera
Q471886	en	Haderah
Q471886	en	Hdera
Q471886	en	Hedera
Q47265	en	Palo Alto, CA
Q47265	en	Palo Alto, California
Q47282	en	Oš
Q47282	en	Uš
Q47282	en	Ush
Q472822	en	Grindavik
Q472925	en	Urganch
Q4734726	en	Aloapam Zapotec
Q4737539	en	Aluo language
Q47385077	en	Panawa language
Q473914	en	City of Eivissa
Q473914	en	City of Ibiza
Q473914	en	Eivissa
Q473914	en	Ibiza City
Q473914	en	Ybshm / Iboshim
Q4740192	en	Amarasi language
Q4740400	en	Amasi language
Q4740613	en	Amatlan Zapotec
Q4741706	en	Ambrak language
Q474651	en	Đakovica
Q4748035	en	Ampanang language
Q47482662	en	Sheikhgal language
Q47482662	en	Watali language
Q47489306	en	Minyue language
Q4748974	en	Amung language
Q4748974	en	Damal
Q4748974	en	Uhunduni
Q47492	en	Azza
Q47492	en	Gaza
Q47492	en	Ġazzah
Q47492	en	Ghazzah
Q47492	en	ʻazza
Q47492	en	ʕazza
Q47495733	en	Kwandu language
Q4750346	en	Ana Tinga Dogon
Q4750964	en	Anakalangu language
Q4753480	en	Andai language
Q4754314	en	Andh language
Q4754314	en	Andhi
Q4754509	en	Andjingith language
Q47554	en	Thorn
Q47554	en	Torun
Q475700	en	Bush
Q475700	en	uDubs
Q475700	en	Universiteit van Wes-Kaapland
Q475700	en	University of Western Cape
Q475700	en	UWC
Q475700	en	uwc.ac.za
Q475700	en	UWK
Q4761919	en	Angal language
Q4761919	en	Angal Mendi language
Q4761919	en	Mendi language
Q47631	en	Semigallian language
Q47631	en	xzm
Q47631	en	Zemgalian
Q47631	en	Zemgalian language
Q4764288	en	Angadimi
Q4764288	en	Anggadimi
Q4764288	en	Angudimi
Q4764288	en	Anguthimri language
Q4764288	en	Angutimi
Q4764288	en	Awngthim
Q4764288	en	Ba:tyana
Q4764288	en	Baatjana
Q4764288	en	Bakwithi
Q4764288	en	Batjana
Q4764288	en	Bwinitanikwithi
Q4764288	en	Gautundi
Q4764288	en	Jupangati
Q4764288	en	Lwipanadjini
Q4764288	en	Mbadjana
Q4764288	en	Mbahjana
Q4764288	en	Mbakudi
Q4764288	en	Mbatyana
Q4764288	en	Mbugudi
Q4764288	en	Mpakwithi
Q4764288	en	Ngerikudi
Q4764288	en	Nggerikudi
Q4764288	en	Nggirikudi
Q4764288	en	Nigger ikudi
Q4764288	en	Ra:kudi
Q4764288	en	Rakudi
Q4764288	en	Wimaranga
Q4764288	en	Wimarangga
Q4764288	en	Wimarango
Q4764288	en	Wimmarango
Q4764288	en	Yopngadi
Q4764288	en	Yupangati
Q4764288	en	Yupngayth
Q4764288	en	Yupnget
Q4764288	en	Yupun gatti
Q4764288	en	Yupungati
Q4764288	en	Yuupngati
Q476800	en	Bost
Q476800	en	Lashkargah
Q47683644	en	Chug language
Q47683644	en	Chugpa language
Q47683644	en	Duhumbi language
Q47703	en	Godfather
Q47703	en	Godfather Part 1
Q47703	en	Godfather Part I
Q47703	en	The Godfather Part I
Q477148	en	Pol-e Khomri
Q477148	en	Puli Khumri
Q477232	en	Aktjubinsk
Q477232	en	Aktubinsk
Q477232	en	Aktyubinsk
Q477232	en	Aqtobe
Q477238	en	Ṫālaqān
Q477238	en	Taleqan
Q477238	en	Ṫāleqān
Q477238	en	Taluqan
Q477238	en	Ṫāluqān
Q4777679	en	Anu-Hkongso Chin
Q4777679	en	Anu-Hkongso Chin language
Q4778608	en	Aoheng language
Q4780046	en	Apo Duat languages
Q4780046	en	Dayic languages
Q478207	en	Port Lyautey
Q4782333	en	Aput language
Q4782333	en	Punan Aput
Q4782887	en	Kahabu
Q4782887	en	Kaxabu a ahan
Q4782887	en	Kaxabu language
Q4783889	en	Aralle-Tabulahan language
Q4784070	en	Arandai language
Q4784301	en	Arasa language
Q4784301	en	Arazaire language
Q4784535	en	Arawete
Q4784535	en	Arawete language
Q4784535	en	Araweté language
Q4784537	en	Arawum language
Q478675	en	San Pedro de Riobamba
Q4788356	en	Are Bhashe
Q4788356	en	arebase
Q4788356	en	arebashe
Q4788356	en	arebhase
Q4788356	en	Arebhashe dialect
Q4789666	en	Cannanore
Q4790085	en	Arha
Q4790085	en	Arha language
Q4790085	en	Arhâ language
Q4790086	en	Arhö language
Q4790560	en	Arifama-Miniafia language
Q4790560	en	Miniafia Oyan
Q4790560	en	Miniafia-Arifama
Q47952	en	Salford, Greater Manchester
Q4796002	en	Arritinngithigh language
Q4803639	en	Asas language
Q48037487	en	Biage language
Q4811870	en	Asumboa language
Q4811888	en	Asuncion Mixtepec Zapotec
Q4812603	en	Ata language
Q4813055	en	ate
Q4813055	en	Atemble language
Q4813055	en	Mand
Q4813055	en	Mand language
Q4817730	en	Atsahuaca language
Q4827334	en	Auye language
Q48278	en	City of Eternal Spring
Q48278	en	Medellin
Q48278	en	Medellín, Special District of Science, Technology and Innovation
Q48278	en	Municipality of Medellín
Q48278	en	Special District of Science, Technology and Innovation of Medellín
Q48278	en	Town of Our Lady of Candelaria of Medellín
Q4829584	en	Avá
Q4829584	en	Ava-Canoeiro
Q4829584	en	Ava-Canoeiro language
Q4829584	en	Avá-Canoeiro language
Q4829584	en	Ãwa
Q4829584	en	Canoe
Q4830038	en	Aweti
Q4830038	en	Awetí
Q4830038	en	Awetï language
Q4830109	en	Awngthim language
Q4830439	en	Axi language
Q4830439	en	Axi Yi
Q4830892	en	Mai Brat
Q4830892	en	Maybrat language
Q4832486	en	Azha language
Q483331	en	Iğdır City
Q48338	en	Caesarea
Q48338	en	Caesarea in Cappadocia
Q48338	en	Caesarea Mazaca
Q48338	en	Eusebia
Q48338	en	Eusebia at the Argaeus
Q48338	en	Kaisariyah
Q48338	en	Mazaca
Q48338	en	Mazaka
Q48403	en	Ambarsar
Q48403	en	Amritsar (India)
Q48403	en	Rāmdāspur
Q4840520	en	Bada language
Q4840986	en	Badjiri language
Q4841264	en	Baekje language
Q4842057	en	Bagobo language
Q4842057	en	Giangan
Q4842178	en	Bagusa language
Q4842201	en	Bah-Biau Punan language
Q4842201	en	Punan Bah-Biau
Q484706	en	Karagandy
Q484706	en	Qaraghandy
Q48472	en	Konya-Urgench
Q48472	en	Konye Urgench
Q48472	en	Old Urgench
Q48472	en	ounya-Ourguentch
Q48472	en	Urganj
Q48472935	en	Mahafaly dialect
Q4848866	en	Bajelani language
Q4849710	en	Bala language
Q4849710	en	Lobala
Q4849710	en	Na-eme nri
Q4849796	en	Balaesan
Q4849796	en	Balaisang
Q4849796	en	Pajo
Q4850033	en	Balangao language
Q4850053	en	Balantak language
Q4850134	en	Balau Dayak
Q4850134	en	Balau language
Q4850912	en	Baliledo language
Q4853321	en	Bambam language
Q485496	en	Chimkent
Q4856243	en	Bankan Tey
Q48565339	en	Phuza language
Q48565467	en	Phupa language
Q4858065	en	Barababaraba language
Q4858206	en	Barai language
Q4858315	en	Baramu language
Q4860543	en	Bargam language
Q486195	en	Chiva
Q486195	en	Xiva
Q486282	en	Imakia
Q486282	en	Imakiya
Q486282	en	Imekia
Q486282	en	Jamisch
Q486282	en	Khakan Kimak
Q486282	en	Khakan-Kimak
Q486282	en	Pavldar
Q486282	en	Yamakkiyya
Q486282	en	Yimakiya
Q486282	en	Yimäkiya
Q4863220	en	Barrabinya
Q4863220	en	Barranbinja language
Q486329	en	Farghana
Q486329	en	Farghona
Q486329	en	Ferghana
Q486329	en	New Margelan
Q486329	en	Novi Margelan
Q4866150	en	Basa-Gumna language
Q4866152	en	Basa-Kontagora language
Q4866152	en	Bassa-Kontagora
Q486913	en	Guryev
Q4869253	en	Bati (Indonesia)
Q4869253	en	Bati language
Q48731935	en	Badong Yao language
Q48731939	en	Yeheni language
Q4873415	en	Bau language
Q4873607	en	Bauwaki language
Q4874263	en	Bayali language
Q487439	en	Uralsk
Q487626	en	The Monsterican Drea
Q48767245	en	AAE
Q48767245	en	African-American English
Q48767245	en	Black English
Q48767781	en	ISO ohi
Q48767781	en	Old Hindi
Q48767781	en	Old Urdu
Q487684	en	Amul
Q487684	en	Āmul
Q487684	en	Çärjew
Q487684	en	Chardzhou
Q487689	en	Jalal-Abad
Q48769474	en	Nyisu language
Q48769526	en	Tagu language
Q48769531	en	Talu language
Q4878430	en	Bebeli language
Q4879330	en	Bedoanas language
Q48799325	en	Alu language
Q488004	en	Palm City
Q488004	en	Palm Springs, CA
Q488004	en	Palm Springs, California
Q48803532	en	Awiakay
Q48803532	en	Kansomai
Q48803532	en	Karamba language
Q48803960	en	Ku language
Q48803964	en	Luoji language
Q48804020	en	Popei language
Q48807961	en	Motang language
Q48807969	en	Mauphu language
Q48807973	en	Mongphu language
Q48808179	en	Lewu language
Q48809800	en	Ati language
Q48809804	en	Long language
Q48809807	en	Xiqi language
Q48809811	en	Adu language
Q48810023	en	Gehuo language
Q48810027	en	Guohe language
Q48810031	en	Guozuo language
Q48810034	en	Luomian language
Q48813271	en	Jibyal language
Q48813273	en	Nteng language
Q48813291	en	Belneng
Q48813291	en	Belneng language
Q48813291	en	Belning
Q48816318	en	Omaio language
Q48816625	en	Tuyuhun language
Q48816629	en	Tabghach
Q48816629	en	Tabγač
Q48816629	en	Tuoba language
Q48816629	en	Xianbei yu
Q48844662	en	Meuma language
Q48844744	en	Wanyä language
Q48847674	en	Hezhang Buyi language
Q4885023	en	Bembe language
Q4885023	en	Ibembe
Q4887064	en	asụsụ Bendi
Q4887064	en	Bendi
Q4887064	en	Bendi language
Q4887742	en	Benggoi language
Q48896030	en	Dongyi language
Q488987	en	Krasnovodsk
Q488987	en	Kyzyl-Su
Q488987	en	Şagadam
Q488987	en	Turkmenbashy
Q489011	en	Camunic language
Q4890644	en	Bentong language
Q4890914	en	Bepour language
Q4891018	en	Berawan language
Q4897329	en	Betaf language
Q4897329	en	Tena
Q48987680	en	Gidhabal
Q48987680	en	Githabul language
Q4898889	en	Paya language
Q4898889	en	Pech
Q489890	en	Cocand
Q489890	en	Khokand
Q489890	en	Kokan
Q489890	en	Kokaun
Q489890	en	Qo'qon
Q489890	en	Qo‘qon
Q489890	en	Qoqon
Q489898	en	Nókis
Q489898	en	Нөкис
Q490	en	Mailand
Q490	en	Milan, Italy
Q490	en	Milan, Lombardy
Q490	en	Milano, Italy
Q4900493	en	Bhaca language
Q4901671	en	Bhele language
Q4901729	en	Bhilali language
Q4901734	en	Bhilori language
Q4902547	en	Biao language
Q4904029	en	Timor Pidgin
Q4904523	en	Biem language
Q4904607	en	Bieria language
Q4904687	en	Biete language
Q490643	en	Kökshetaū
Q4906894	en	Hallaj
Q4906894	en	Iranian Khalaj language
Q4906894	en	Khalaj
Q4907456	en	Biksi languages
Q4907473	en	Bil Bil language
Q4907473	en	Bilbil
Q4907504	en	Bilakura
Q4907504	en	Bilakura language
Q4910139	en	Campo
Q4910139	en	Central Diegueño
Q4910139	en	Kamia
Q4910139	en	Kumeyaay language
Q4910139	en	Kumiai
Q4910139	en	Kumiai language
Q49108	en	M.I.T.
Q49108	en	Mass Tech
Q49108	en	MIT
Q491102	en	Taldykorgan
Q491102	en	Taldyqorghan
Q49111	en	Cambridge, MA
Q49111	en	Cambridge, Mass.
Q49118	en	BC
Q49119	en	Brandeis
Q49120	en	Tufts College
Q49120	en	Universitatis Tuftensis
Q4913743	en	Bimin language
Q4913807	en	Bina
Q4913807	en	Bina (Nigeria)
Q4913807	en	Bina language
Q4913840	en	Binahari language
Q4913975	en	Bindal language
Q4914077	en	Bine language
Q4914403	en	Binji language
Q4914533	en	Bintauna language
Q4914553	en	Binukid language
Q4914553	en	Talaandig
Q4914576	en	Binza language
Q4914576	en	Libinza
Q4915439	en	Bipim language
Q4915439	en	Warkay-Bipim
Q4916329	en	Gangulu language
Q49167	en	Wesleyan
Q49169	en	Stamford, Connecticut
Q49169	en	Stamford, CT
Q491879	en	Termiz
Q4919173	en	Bitur language
Q49192	en	Middletown, Connecticut
Q49192	en	Middletown, CT
Q4919322	en	Biyanda-Buli language
Q4919322	en	Southwest Gbaya
Q4919327	en	Biyom language
Q49196	en	Newton (MA)
Q49196	en	Newton ma
Q49196	en	Newton, MA
Q49196	en	Newton, Mass
Q49196	en	Newton, Mass.
Q49196	en	Newton, Massachusetts
Q49196	en	Newtown, Massachusetts
Q49196	en	UN/LOCODE:USNTN
Q4920003	en	Blaan language
Q4920003	en	Tagalagad
Q4920003	en	Tumanao
Q49204	en	Smith College, Massachusetts
Q49205	en	Wellesley Centers for Women
Q4920575	en	Karenni
Q4920575	en	Kayah
Q4920575	en	Kayah languages
Q4920575	en	Red Karen language
Q49215	en	Api language
Q49215	en	Lampong language
Q49215	en	Lampung Api language
Q49215	en	Lampung language
Q49215	en	Lampung Pesisir language
Q4921648	en	Bataan Ayta
Q4921648	en	Magbukun Ayta
Q4921648	en	Mariveleño language
Q49218	en	City of Rochester
Q49218	en	Flour City
Q49218	en	Flower City
Q49218	en	ROC
Q49218	en	Roc City
Q49218	en	Rochester, New York
Q49218	en	Rochester, NY
Q49218	en	Rochester, USA
Q49218	en	The World's Image Centre
Q49218	en	Young Lion of the West
Q4923414	en	Wa language
Q4923846	en	Belagar
Q4923846	en	Blagar language
Q4923846	en	Tarang
Q4925096	en	Blang language
Q4925378	en	Bahasa Nedebang
Q4925378	en	Balungada
Q4925378	en	Nedebang language
Q4925684	en	Kedah Malay
Q4926344	en	Chantyal language
Q4926353	en	Nar Phu language
Q4931255	en	Boano (Maluku)
Q4931255	en	Boano language
Q4931258	en	Boano (Sulawesi)
Q4931258	en	Boano language
Q493141	en	Basco
Q493141	en	Mmadikolo
Q493141	en	UB
Q493141	en	ub.bw
Q49340	en	Old Javanese language
Q49341	en	Kawi language
Q49341	en	Kevinese language
Q49341	en	Old Javanese
Q49341	en	Old Javanese language
Q4935896	en	Bobongko language
Q4936715	en	Bodo (Central African Republic)
Q4936715	en	Bodo language
Q4938727	en	Bokar language
Q4938812	en	Bokoto language
Q4938876	en	Bola language
Q4939959	en	Bolo language
Q4939959	en	Kibala
Q4941378	en	Bondei language
Q4941729	en	Bonerate language
Q4941733	en	Bonerif language
Q4941860	en	Bonggo language
Q4941930	en	Bongu language
Q4941936	en	Bongwe language
Q4942134	en	Bonkiman language
Q4942634	en	Bontok
Q4945106	en	Bori language
Q4945106	en	Bori-Karko
Q4946263	en	Borong language
Q4946773	en	Boruca language
Q4946773	en	Bronka
Q4947229	en	Boselewa language
Q4947249	en	Bosha language
Q4952785	en	Bozaba language
Q4952879	en	Bozom language
Q4952879	en	Gbaya-Bozoum
Q4955993	en	Brajavali dialect
Q4957737	en	Lave
Q4957737	en	Lave language
Q4957737	en	Laveh
Q4960502	en	Brem language
Q4961835	en	Breri language
Q496368	en	Wrecsam
Q496368	en	Wrexham, Wales
Q4967930	en	Nyambo language
Q4967930	en	Nyambu
Q4967930	en	Zongora
Q497130	en	Maaslandsluis
Q497130	en	Maeslandsluys
Q497345	en	Main-Franconian dialects
Q497345	en	vmf
Q4973472	en	Broken Slave
Q4973472	en	Broken Slavé
Q4973472	en	Broken Slavee
Q4973472	en	Jargon esclave
Q4973472	en	Slavey Jargon
Q4975277	en	Broome Pidgin English
Q4975277	en	Rubibi Pidgin English
Q497793	en	Bendigo, Victoria
Q497793	en	Bendigo, Victoria, Australia
Q497793	en	Sandhurst
Q4979601	en	Bruny Island language
Q498401	en	uis.no
Q498401	en	Universitetet i Stavanger
Q4985086	en	Budibud language
Q4985158	en	Budong-Budong language
Q4985158	en	Tangkou
Q4985178	en	Bunoge
Q4985178	en	Bunoge Dogon
Q4985281	en	Budya language
Q4986329	en	Buhutu language
Q4986814	en	Bukat language
Q49929396	en	Malyangapa language
Q49929872	en	Wadikali language
Q4996380	en	Bulgebi language
Q4997162	en	Bulu (Papua New Guinea)
Q4997162	en	Bulu language
Q4997234	en	Bumaji language
Q4997235	en	Bumang language
Q4997416	en	Bunama language
Q4997615	en	Bungandidj language
Q4997615	en	Bunganditj
Q4997615	en	Buwandik
Q4997686	en	Bungu language
Q4998097	en	Burak language
Q4998124	en	Burarra language
Q4998313	en	Burduna language
Q499911	en	Torino University
Q499911	en	Turin University
Q499911	en	UNITO
Q499911	en	unito.it
Q499911	en	Universita degli Studi di Torino
Q499911	en	Università degli Studi di Torino
Q499911	en	University of Torino
Q5000976	en	Burui language
Q5000983	en	Burum language
Q5000983	en	Somba-Siawari
Q5000984	en	Burumakok language
Q5001028	en	Burusu language
Q5001031	en	Buruwai language
Q5001255	en	Busami language
Q500131	en	A-State
Q500131	en	Arkansas State University-Jonesboro
Q500131	en	astate.edu
Q500131	en	ASU
Q500189	en	M'banza Congo
Q500189	en	M'Banza Congo
Q500189	en	M'banza Kongo
Q500189	en	M'Banza Kongo
Q500189	en	M'banza-Congo
Q500189	en	M'Banza-Congo
Q500189	en	M'Banza-Kongo
Q500189	en	Mabanza Congo
Q500189	en	Mabanza Kongo
Q500189	en	Mabanza-Congo
Q500189	en	Mabanza-Kongo
Q500189	en	Mbanza Congo
Q500189	en	Mbanza Kongo
Q500189	en	Mbanza-Congo
Q500189	en	Mbanza-Kongo
Q500189	en	S. Salvador
Q500189	en	S. Salvador de Congo
Q500189	en	S. Salvador del Congo
Q500189	en	S. Salvador do Congo
Q500189	en	S. Salvador, Angola
Q500189	en	San Salvador
Q500189	en	San Salvador de Congo
Q500189	en	San Salvador del Congo
Q500189	en	San Salvador, Angola
Q500189	en	Sao Salvador
Q500189	en	São Salvador
Q500189	en	Sao Salvador do Congo
Q500189	en	São Salvador do Congo
Q500189	en	Sao Salvador, Angola
Q500189	en	São Salvador, Angola
Q5002001	en	Busoa language
Q5002345	en	Butam language
Q5003156	en	Butuanon language
Q5003359	en	Buyeo language
Q5003359	en	Buyeoan
Q5003359	en	Puyo
Q5003401	en	Buyu language
Q5003667	en	Bwanabwana language
Q5003678	en	Bwela language
Q5005069	en	Bete Gagnoa
Q5005069	en	Bete Gagnoa language
Q5005069	en	Bete language
Q5005069	en	Bété of Gagnoa
Q5005069	en	Gagnoa Bété dialect
Q5005069	en	Gagnoa Bété language
Q5013745	en	Danau language
Q501709	en	Idindha
Q5017296	en	Cagayan Agta language
Q5017296	en	Central Cagayan Agta
Q5017381	en	Cagua language
Q5017528	en	Caijia language
Q5018037	en	Caka language
Q50207890	en	Dadi Dadi language
Q502141	en	Hrishikesh
Q502141	en	Yoga Capital of the World
Q5026908	en	Camorta language
Q5027893	en	Campalagian language
Q5031131	en	Kukna
Q5031131	en	Kukna language
Q504114	en	Guelph, ON
Q504114	en	Guelph, Ontario
Q504215	en	Huamanga
Q5044773	en	Carolina Algonquian language
Q504657	en	Edlib, Syria
Q504657	en	Idleb
Q504657	en	Idleb, Syria
Q504657	en	Idlib, Idlib
Q504657	en	Idlib, Syria
Q5054242	en	Cauca language
Q5054550	en	Cakchiquel-Quiche Mixed Language
Q5054550	en	Cakchiquel-Quiché Mixed Language
Q5054550	en	Cauque Mayan language
Q505655	en	wep
Q505655	en	Westfälisch
Q505655	en	Westfalish
Q505655	en	Westphalian dialects
Q505655	en	Westphalian language
Q506010	en	Stellingwerfs
Q5061548	en	Central Ojibwa language
Q5061548	en	Central Ojibwe
Q5061915	en	Central Tibetan language
Q5061915	en	Dbus
Q5061915	en	Ü
Q5061915	en	Ü-Tsang
Q5062046	en	Central Yambasa dialects
Q5062046	en	Central Yambasa language
Q5062046	en	Central Yambassa
Q5062046	en	Central Yambassa dialects
Q5062046	en	Central Yambassa language
Q506745	en	Ryswick
Q5068066	en	Chairel language
Q5069473	en	Chamari language
Q5069707	en	Chambri language
Q507080	en	Guayana City
Q5071694	en	Chang language
Q5071694	en	Chang Naga
Q5072105	en	Changriwa language
Q5072884	en	Chapacura language
Q5072884	en	Chapakura language
Q5072884	en	Guapore language
Q5073694	en	Chara language
Q50816	en	Mississauga, ON
Q50816	en	Mississauga, Ontario
Q508332	en	Bourguignon-morvandiau
Q508332	en	Burgundian language
Q508332	en	Morvan dialect
Q5086680	en	Charrua language
Q5086680	en	Charrúa language
Q5088056	en	Chaudangsi language
Q5091044	en	Chenapian language
Q5091274	en	Cheng language
Q5091274	en	Jeng
Q5091274	en	Oi
Q5091274	en	The
Q5091700	en	Chepang language
Q50927151	en	Atin language
Q50927152	en	Ati (Vanuatu)
Q50927170	en	Ashing language
Q50934868	en	Daruru language
Q50948445	en	Afghanistan-Uzbekistan Arabic
Q50948445	en	Uzbeki Arabic
Q5096458	en	Chico language
Q5096458	en	Valley Maidu
Q5100110	en	Chinantec of Ojitlan
Q5100110	en	Ojitlan Chinantec
Q5100110	en	Ojitlán Chinantec
Q5100111	en	Chinantec of Ozumacin
Q5100111	en	Ozumacin Chinantec
Q5100111	en	Ozumacín Chinantec
Q5100113	en	Tepetotutla Chinantec
Q510029	en	Bir Zeit University
Q5101597	en	Chipiajes language
Q5101757	en	Chiquihuitlan Mazatec
Q5101803	en	Chirag language
Q5102016	en	Chhori
Q5102016	en	Chiru language
Q5103425	en	Choapan
Q5103508	en	Chocheño
Q5103508	en	Chochenyo language
Q5103508	en	East Bay Costanoan
Q5103788	en	Chodri language
Q5104247	en	Chokri language
Q5104247	en	Chokri Naga
Q5104704	en	Chono language
Q5105385	en	Chawte
Q5105385	en	Chothe language
Q5105385	en	Chothe Naga
Q510544	en	Toromono language
Q510561	en	Frainc-Comtou
Q5105629	en	Chrau language
Q51103	en	Cali, Columbia
Q51103	en	Kali
Q51103	en	Santiago de Cali
Q5112	en	Adelaide, Australia
Q5112	en	Adelaide, S. Aust.
Q5112	en	Adelaide, SA
Q5112	en	Adelaide, South Australia
Q5115226	en	Chuave language
Q5116126	en	Chhulung
Q5116126	en	Chulung language
Q5118412	en	Chuabo
Q5118412	en	Chuwabo
Q5118412	en	Chuwabu language
Q5118412	en	Cuwabo
Q5118412	en	Etxuwabo
Q5121095	en	Cinta Larga language
Q5128278	en	Hiberno-Scottish Gaelic
Q51432	en	Gnesna
Q515117	en	Madgaon
Q515117	en	Margão
Q5166	en	'Auhelawa language
Q5168	en	Makhachkala, Dagestan
Q5168	en	Makhachkala, Russia
Q5172075	en	Corobici language
Q5172075	en	Corobicí language
Q5179958	en	Coxima language
Q5180100	en	Coyotepec Popoloca language
Q51885456	en	Zig language
Q51885456	en	Zig programming language
Q51885456	en	Ziglang
Q5193781	en	Cumana language
Q5193781	en	Kuyubi language
Q5193784	en	Cumanagota language
Q5193784	en	Cumanagoto
Q52008172	en	Garingbal language
Q5201809	en	ČZJ
Q5202780	en	Coong
Q5202780	en	Coong language
Q5202780	en	Côông language
Q5207384	en	Daantanai'
Q5207384	en	Daantanai’ language
Q5207451	en	Dabe language
Q5208077	en	Dadibi language
Q5208442	en	Daga language
Q5209052	en	Dai Zhuang language
Q5209052	en	Thu Lao
Q5209056	en	Dai language
Q5209890	en	Daju Mongo language
Q5209890	en	Dar Daju Daju
Q5209890	en	Wadai Daju
Q5209962	en	Dakka language
Q5211865	en	Dama language (Cameroon)
Q5211943	en	Casa
Q5211943	en	Daman and Diu Indo-Portuguese
Q5211943	en	Daman and Diu Portuguese
Q5211943	en	Daman Creole
Q5211943	en	Daman Creole Portuguese
Q5211943	en	Daman Indo-Portuguese
Q5211943	en	Daman Indo-Portuguese creole
Q5211943	en	Daman Portuguese Creole
Q5211943	en	Língua da Casa
Q5211943	en	Velhos
Q5212928	en	Dampelas language
Q5214932	en	Danaru language
Q5220979	en	Dano language
Q5221251	en	Danu language
Q5221513	en	Dao
Q5221513	en	Dao language
Q5221528	en	Daonda language
Q5222637	en	Dargic
Q5222637	en	Dargic languages
Q5222637	en	Dargin languages
Q5222637	en	Dargwa
Q5222637	en	Dargwa languages
Q5222637	en	Dargwic
Q5222637	en	Dargwic languages
Q5223660	en	Darkinjung language
Q5223660	en	Darkinyung
Q5223941	en	Darling language
Q5223941	en	Paakantyi
Q5223941	en	Thangkaali
Q5224029	en	Darlong language
Q5224058	en	Darma
Q5224058	en	Darmiya language
Q5224156	en	Daro-Matu language
Q5224156	en	Daro-Matu Melanau
Q5228140	en	Davani
Q5228140	en	Kuhmareyi language
Q5228140	en	Southwestern Fars
Q5228174	en	Davawenyo language
Q523823	en	Baledha
Q523823	en	Kilendu
Q524102	en	Cavineña language
Q52413	en	Kansas University
Q52413	en	KU
Q5242286	en	Dawawa language
Q5242304	en	Dawera-Daweloor language
Q5246937	en	Tremembe
Q5246937	en	Tremembe language
Q5246937	en	Tremembé language
Q5249850	en	Dedua language
Q525169	en	Chiao Tung University
Q525169	en	Shanghai Communications University
Q525169	en	Shanghai Jiao Tong University (Shanghai)
Q525169	en	Shanghai Jiaotong University
Q525169	en	SJTU
Q5251770	en	Degenan language
Q5252754	en	Dek language
Q5253046	en	Dela-Oenale language
Q5253046	en	Delha
Q5253046	en	Oe Nale
Q5254989	en	Dem language
Q5256954	en	Dengka language
Q5261289	en	Dera (Indonesia)
Q5261289	en	Dera language
Q5266	en	Neustadtl
Q5266	en	Rudolfovo
Q5266	en	Rudolfswerth
Q5268787	en	Dhalandji language
Q5268960	en	Dhangu-Djangu
Q5268960	en	Djangu
Q5268992	en	Dhanki language
Q5269658	en	Dhodia language
Q5269842	en	Dhudhuroa language
Q5272268	en	Dibiyaso language
Q5272321	en	Dicamay Agta language
Q5272321	en	duy
Q5276	en	Altena/Westfalen
Q5277140	en	Dima language
Q5277406	en	Dimir language
Q5277406	en	Gavak
Q5278044	en	Dineor language
Q5278044	en	Maremgi
Q5278044	en	Maremgi language
Q528231	en	Goldsmiths College
Q528231	en	Goldsmiths College, University of London
Q528231	en	Goldsmiths University of London
Q5283765	en	Diuwe language
Q52842	en	Kalisch
Q52847	en	ECM
Q52847	en	EEC
Q52847	en	European Common Market
Q5284967	en	Dixon Reef language
Q5285033	en	Dhirari language
Q5285033	en	Dirari language
Q5285033	en	Diyari
Q5285185	en	Djabirr-Djabirr language
Q5285185	en	Dyaberdyaber
Q5285187	en	Djabwurrung language
Q5285190	en	Djadjawurrung language
Q5285274	en	Djeebbana language
Q5285274	en	Ndjébbana
Q5285350	en	Djinang language
Q5285351	en	Djinba language
Q5286517	en	Ale-Gawwada
Q5286517	en	Dobase language
Q5288055	en	Doe language
Q5288055	en	Dowe language
Q5288764	en	Doko language
Q5288841	en	Dolakha Newa
Q5288841	en	Dolakhae dialect
Q5288841	en	Dolkhali
Q5288841	en	Eastern Newa
Q52892	en	Lissa
Q52892	en	Lissen
Q52892	en	Polnisch Lissa
Q5289770	en	Dom language
Q5291375	en	Domu language
Q5291378	en	Domung language
Q5295571	en	Dondo language
Q5295991	en	Kenuzi-Dongola language
Q5296051	en	Dongwang Tibetan language
Q5297022	en	Doolboong language
Q5297532	en	Dorasque language
Q5298175	en	Doromu language
Q5298175	en	Doromu-Koki
Q529921	en	Tangale language
Q5301	en	TEX
Q5302331	en	Doutai language
Q5310448	en	Duau language
Q5310792	en	Dubli language
Q53122	en	Busan National University
Q53122	en	Busan University
Q53122	en	PNU
Q53122	en	Pusan University
Q5313310	en	Dulbu language
Q5313387	en	Tiranige Diga Dogon
Q5313405	en	Duli language
Q5313599	en	Casiguran Dumagat Agta
Q5313599	en	Dumagat Agta language
Q5314004	en	Dumun language
Q5314039	en	Duna language
Q5314039	en	Yuna
Q5315230	en	Dungu language
Q5315912	en	Dupaninan Agta
Q5316627	en	Duriankari
Q5316627	en	Duriankari language
Q5316627	en	Duriankere language
Q5316627	en	Efpan
Q5316627	en	Efpan language
Q5316948	en	Dusner language
Q5317647	en	Duwet language
Q5317647	en	Guwot
Q5317647	en	Waing
Q5318651	en	Djiringanj language
Q5318651	en	Dyirringany language
Q5319619	en	Dzamba language
Q5319622	en	Dzando language
Q5320028	en	Dzubukua
Q5320028	en	Dzubukua language
Q5320028	en	Dzubukuá language
Q53268	en	TOYOTA JIDOSHA KABUSHIKI KAISHA
Q53268	en	TOYOTA JIDOSHA KABUSHIKI KAISHA (Toyota)
Q53268	en	Toyota Motor
Q5328200	en	Damar Timur
Q5328200	en	East Damar language
Q532822	en	UNISS
Q5330240	en	Eastern Kadazan language
Q5330240	en	Kinabatangan Kadazan
Q5330240	en	Labuk-Kinabatangan Kadazan
Q5330342	en	Eastern Ojibwa language
Q5330355	en	Eastern Oromo language
Q5330379	en	Eastern Nahuatl
Q5330390	en	Eastern Pwo Karen
Q5330390	en	Eastern Pwo language
Q5330390	en	kjp
Q5330390	en	Pwo Eastern Karen
Q53386731	en	Guana (Brazil)
Q5340184	en	Edolo language
Q534409	en	Keren, Eritrea
Q534515	en	UI
Q534515	en	Universitas Indonesia
Q534643	en	University of the Witwatersrand, Johannesburg
Q534643	en	University of Witwatersrand
Q534643	en	Wits
Q534643	en	Wits University
Q534643	en	wits.ac.za
Q534643	en	Witwatersrand University
Q53482453	en	Metlatónoc Mixtec language
Q5349839	en	Eipo language
Q5349839	en	Eipomek
Q5350030	en	Eitiep language
Q5350265	en	Eka language
Q5350305	en	Ekagi language
Q5350305	en	Ekari language
Q5350305	en	Mee language
Q5350418	en	Eki language
Q5351410	en	El Hugeirat language
Q5359444	en	Elepi language
Q5359560	en	Cashibo
Q5359560	en	Cashibo-Cacataibo
Q536280	en	Lao National University
Q536280	en	NUOL
Q5364172	en	Suri language
Q5364172	en	Tirma-Chai language
Q5364172	en	Tirmaga-Chai Suri
Q5364210	en	Elkei language
Q5364419	en	Classical Spanish
Q5364419	en	Golden Age Spanish
Q5364419	en	Middle Spanish
Q5364424	en	Baale
Q5364424	en	Baale language
Q5364424	en	Baleesi language
Q5364424	en	Kacipo-Bale Suri
Q5364424	en	Kacipo-Balesi
Q5368975	en	Eman language
Q5369424	en	Embaloh language
Q5369424	en	Maloh
Q5370369	en	Emem language
Q5370369	en	Emumu
Q5372139	en	Nonuya language
Q5374265	en	Emplawas language
Q53765528	en	Huzhu
Q53765528	en	Huzhu Monguor
Q5380858	en	Enu language
Q5380858	en	Ximoluo
Q5381447	en	Enwang-Uda language
Q5381452	en	Enya language
Q538364	en	Binumarien language
Q538452	en	Babes Bolyai University
Q538452	en	Babeș-Bolyai Tudományegyetem
Q538452	en	Babes-Bolyai University
Q538452	en	Babes-Bolyai University, Cluj-Napoca
Q538452	en	UBB
Q538452	en	ubbcluj.ro
Q538452	en	Universitatea Babes-Bolyai
Q538452	en	Universitatea Babeș-Bolyai
Q538452	en	University Babes-Bolyai
Q5385061	en	Eravallan language
Q5388365	en	Erie language
Q5393974	en	Jora
Q5393974	en	Jora language
Q5393974	en	Jorá language
Q5395296	en	Erokwanas language
Q5395662	en	Lingua Geral
Q5397551	en	Ese language
Q540672	en	Alabama Polytechnic Institute
Q540672	en	AU
Q540672	en	Auburn College
Q540672	en	auburn.edu
Q540672	en	AUM
Q540844	en	Agdam
Q5414796	en	Luo
Q5414796	en	Luo (Kenya and Tanzania)
Q541548	en	Académie de Neuchâtel
Q541548	en	unine
Q541548	en	Universite de Neuchatel
Q541548	en	Université de Neuchâtel
Q541548	en	University of Neuchatel
Q5418860	en	Ewage language
Q5418860	en	Ewage-Notu
Q542564	en	Rawang language
Q54274	en	At World's End
Q54274	en	Pirates of the Caribbean 3: At World's End
Q54274	en	PotC 3
Q54274	en	POTC3
Q5433811	en	Fang (Cameroon)
Q5433811	en	Fang language
Q5439113	en	Fayu language
Q5439113	en	Sehudate
Q5443742	en	Fer language
Q5443742	en	Kara (Central African Republic)
Q5443742	en	Kara of Birao
Q5449202	en	Filomena Mata-Coahuitlan Totonac
Q5449202	en	Filomena Mata-Coahuitlán Totonac
Q54548740	en	Ganaan
Q54548740	en	Ganan
Q54548740	en	Ganan language
Q5456292	en	Fiwaga language
Q546	en	Trst
Q5460	en	City of Oaks
Q5463819	en	Foau language
Q5464146	en	Foi language
Q5464843	en	Folopa language
Q5464911	en	Foma language
Q5465566	en	Foodo language
Q5467173	en	Forak language
Q5468	en	Durban, eThekwini
Q5468	en	Durban, KwaZulu-Natal
Q5468	en	Durban, South Africa
Q5468035	en	Fordata language
Q5468035	en	Tnebar
Q5473983	en	Foto language
Q547867	en	Athens University
Q547867	en	National Kapodistrian University of Athens
Q547867	en	NKUA
Q547867	en	University of Athens
Q547867	en	UoA
Q547867	en	uoa.gr
Q5480718	en	Maya language
Q54841654	en	Kapong language
Q54879035	en	Franco-Lombard
Q54879035	en	Franco-Venetian
Q54880	en	Nueva Valencia del Rey
Q54886	en	CUE
Q54886	en	Cuenca (Ecuador)
Q54886	en	Cuenca, Ecuador
Q54886	en	Santa Ana de los cuatro Ríos de Cuenca
Q54886	en	Santa Ana de los Rios de Cuenca
Q54898	en	La Laguna
Q54898	en	La Laguna, Spain
Q55	en	Holland
Q55	en	Nederland
Q55	en	the Netherlands
Q55087169	en	!Hu language
Q55087169	en	!Khung language
Q55087169	en	!Ku language
Q55087169	en	!Qung language
Q55087169	en	!Xu language
Q55087169	en	Zhu-/hoa language
Q55087169	en	Zu/'Hoasi language
Q5509187	en	Fungwa language
Q5515189	en	Ga'dang language
Q5516467	en	Gadsup language
Q5516952	en	Bunan language
Q5516952	en	Gahri language
Q5517032	en	Gaikundi language
Q5517742	en	Gal language
Q5517764	en	Galaagu language
Q5517764	en	Kalaako
Q5517764	en	Kalarko
Q5517764	en	Kallaargu
Q5518509	en	Galeya language
Q55185556	en	Chi-Chifundi dialect
Q55185556	en	Cifundi
Q5520226	en	Gamkonora language
Q5520366	en	Gamo-Ningi language
Q5521140	en	Ganglau language
Q5521529	en	Gaj
Q5521529	en	Gaj language
Q5521529	en	Gants language
Q5521529	en	gao
Q5521556	en	Ganza language
Q55218915	en	Andaandi language
Q55218915	en	Dongolawi language
Q5523396	en	Garlali language
Q5523396	en	Kalali language
Q5523396	en	Kullilli language
Q5524492	en	Ate
Q5524492	en	Garus language
Q55254102	en	Kok-Paponk
Q5528335	en	Gavião
Q5528335	en	Gavião Do Jiparaná
Q5528771	en	Gayi
Q5528771	en	Gayil language
Q5529130	en	Gazi language
Q5529310	en	Gbantu language
Q5529310	en	Numana-Nunku-Gbantu-Numbu
Q5529341	en	Gbetsu language
Q5529342	en	Gbeya language
Q5531038	en	Gendza language
Q5531038	en	Ligenza
Q5548692	en	Gepo language
Q5553579	en	Geser language
Q5553579	en	Geser-Gorom
Q5555259	en	Ghale language
Q5555465	en	Broken English
Q5555465	en	Gh Pidgin
Q5555465	en	Ghanaian Pidgin
Q5555465	en	GhaPE
Q5555465	en	Kroo brofo
Q5555465	en	Kru English
Q5555465	en	Pidgin
Q5555976	en	Boianaki
Q5555976	en	Ghayavi language
Q5559094	en	Taruma language
Q55603076	en	Abercrave English
Q55607615	en	Chungli Ao language
Q55609513	en	Dhuleli language
Q556098	en	Pace College
Q556098	en	Pace Institute
Q55614048	en	Huishu language
Q55615560	en	Kachai language
Q55621742	en	Magi
Q55621742	en	Magi language
Q55621742	en	Magɨ language
Q55621803	en	Majena language
Q55632853	en	Sengmai language
Q55634678	en	Tandrange language
Q55636327	en	Tusom language
Q55637477	en	Wawu language
Q5564185	en	Girawa language
Q5565941	en	Gizrra language
Q5575414	en	Gobasi language
Q5578069	en	Gokhy language
Q5580728	en	Goliath language
Q5580728	en	Una
Q5580728	en	Una language
Q5582862	en	Capital of the Inca empire
Q5582862	en	City of Cusco
Q5582862	en	City of Cuzco
Q5582862	en	Cultural heritage city of Peru
Q5582862	en	Cusco World Heritage Site
Q5582862	en	Cuzco
Q5582862	en	Cuzco World Heritage Site
Q5582862	en	Empire city of Cusco
Q5582862	en	Empire city of Cuzco
Q5582862	en	Imperial city of Cusco
Q5582862	en	Imperial city of Cuzco
Q5582862	en	Imperial City of the Cusco
Q5582862	en	Imperial City of the Cuzco
Q5582862	en	Qosqo
Q5582862	en	Qusqu
Q5582862	en	Rome of America
Q5582862	en	Rome of the Americas
Q5582862	en	World heritage city
Q5583799	en	GAS
Q55859637	en	Alta language
Q558922	en	Illinois State Normal University
Q558922	en	Illinois State University at Normal
Q558922	en	illinoisstate.edu
Q558922	en	ISU
Q5590235	en	Gozarkhani language
Q5595219	en	Grand Valley Dani language
Q56071779	en	Bangru
Q56071779	en	Bangru language
Q56071779	en	Tadə Baŋru
Q5607612	en	Gresi language
Q5613495	en	Guamo language
Q5613495	en	Guamontey
Q5613495	en	Guamotey
Q5613495	en	Wamo
Q5614528	en	Gudang dialect
Q5614751	en	Ditsa
Q5614751	en	Dizhsa
Q5614751	en	Guelavia Zapotec
Q5614751	en	San Juan Guelavia Zapotec
Q5614751	en	San Juan Guelavía Zapotec
Q5614751	en	Valley Zapotec
Q5614751	en	Western Tlacolula Valley Zapotec
Q5614858	en	Gueren language
Q5615186	en	Gugadj language
Q5615186	en	Kukatj language
Q5615279	en	Gugu Dhaw language
Q5615279	en	Kok Thaw
Q5615279	en	Kok Thawa
Q5615279	en	Koko Dhawa
Q5615279	en	Koko Petitj
Q5615279	en	Ogh Injigharr
Q5615279	en	Uw Inhal
Q5615286	en	Gugu Warra language
Q5617176	en	Gula (Chad)
Q5617176	en	Gula language
Q5618027	en	Gumalu language
Q5618041	en	Gumawana language
Q5618523	en	Kunbarlang
Q56197071	en	Parung Betawi language
Q56197072	en	Majalengka Sundanese language
Q56197074	en	Old Sundanese language
Q5619801	en	Gorogone
Q5619801	en	Gun-Guragone
Q5619801	en	Gunagoragone
Q5619801	en	Gungorogone
Q5619801	en	Guragone language
Q5619801	en	Gurrogone
Q5619801	en	Gutjertabia
Q5619931	en	Gurdjar language
Q5619931	en	Kurtjar language
Q5619998	en	Gureng Gureng language
Q5620091	en	Gurindji Kriol language
Q5621686	en	Guta language
Q5621686	en	Iguta
Q5621973	en	Guugu Yalandji language
Q5621973	en	Kuku Yalanji
Q5621973	en	Kuku-Yalanji
Q5621992	en	Guwa language
Q56231	en	Hassani
Q56231	en	Hassaniya
Q56231	en	Hassaniyya
Q56231	en	Hassaniyya Arabic
Q56231	en	Klam El Bithan
Q56231	en	Maure
Q5623219	en	Gwa language
Q5623246	en	Gwahatike language
Q5623387	en	Gweda language
Q56235	en	Anal
Q56235	en	Anāl
Q56235	en	Anāl language
Q56235	en	Namfau language
Q5623559	en	Gwere language
Q56236	en	Luiseno
Q56236	en	Luiseño language
Q56237	en	Gapun
Q56237	en	Taiap
Q56237	en	Taiap language
Q56237	en	Tayap language
Q56237	en	Tayap mer
Q56238	en	Abeele
Q56238	en	Àbéélé
Q56238	en	Beele
Q56238	en	Bele
Q56238	en	Bellawa
Q56238	en	Ɓeele language
Q56239	en	Bade language
Q5624046	en	Gyem language
Q56241	en	Marghi Central
Q56241	en	Margi language
Q56242	en	Giiwo language
Q56243	en	Cineni language
Q56244	en	Fali language
Q56245	en	Ga'anda language
Q56245	en	Ga'andu
Q56245	en	Ganda
Q56245	en	Makwar
Q56245	en	Mokar
Q56246	en	Hdi language
Q56246	en	Hedi language
Q56246	en	Hide language
Q56246	en	Xide language
Q56247	en	Auyokawa language
Q56249	en	Lame
Q56249	en	Lamé
Q56249	en	Pévé
Q56249	en	Peve language
Q56250	en	Boor language
Q56252	en	Zumbun language
Q56254	en	Bata language
Q56254	en	Batta
Q56254	en	Kofa
Q56256	en	Gadang language
Q56257	en	Chakato language
Q56257	en	Jakato
Q56257	en	Jakattoe
Q56257	en	Jorto
Q56258	en	Bidiyo language
Q56259	en	Dionkor
Q56259	en	Djonkor
Q56259	en	Djonkor About Telfane
Q56259	en	Dyongor
Q56259	en	Jongor
Q56259	en	Migaama language
Q56259	en	Migama
Q56260	en	Borna (Ethiopia)
Q56260	en	Boro (Ethiopia)
Q56260	en	Shinasha language
Q56261	en	Sarua language
Q56261010	en	Bwenelang language
Q56261010	en	Mbwenelang language
Q56262	en	Boga language
Q56263	en	Mundat language
Q56264	en	Ubi language
Q56265	en	Nggwahyi language
Q56265	en	Ngwaxi
Q56265	en	Ngwohi
Q56267	en	Tera language
Q5626799	en	Güenoa language
Q56268	en	Vemgo-Mabas language
Q56269	en	Jonkor Bourmataguil language
Q56271	en	Kamwe language
Q56272	en	Bana language
Q56273	en	Fyer language
Q56274	en	Bacama language
Q56274333	en	Mbo language
Q56275	en	Be
Q56275	en	Denawa
Q56275	en	Deno language
Q56275	en	Denwa
Q56278	en	Kofa language
Q56279	en	Cibak language
Q56280	en	Baldemu language
Q56280	en	Mbazlam language
Q56281	en	Jilbe language
Q56282	en	Mesme language
Q56283	en	Ndam language
Q56284	en	Supyire language
Q56284	en	Supyire Senoufo
Q56285	en	Barein language
Q56285392	en	Minhe
Q56285392	en	Minhe Monguor
Q56286	en	Diri language
Q56287	en	Buduma
Q56287	en	Yedina language
Q56288	en	Jimi (Cameroon)
Q56288	en	Jimi language
Q56289	en	Jara language
Q56290	en	Huba language
Q56291	en	Marghi West
Q56291	en	Putai language
Q56292	en	Adikimmu Sukur
Q56292	en	Gemasakun
Q56292	en	Sakul
Q56292	en	Sugur
Q56292	en	Sukur language
Q56293	en	Dghwede language
Q56294	en	Bubbure
Q56294	en	Bure language
Q56295	en	Duhwa language
Q56296	en	Asoa language
Q56297	en	Jina language
Q56298	en	Ap Ma
Q56298	en	Kambot language
Q56299	en	Younuo Bunu
Q56299	en	Younuo language
Q56300	en	Amziriv
Q56300	en	Àmzírív
Q56300	en	Fali of Jilbu
Q56300	en	Ulan Mazhilvən
Q56300	en	Ziliva
Q56300	en	Zizilivakan language
Q56300	en	Ziziliveken
Q56302	en	Birgit language
Q56303	en	North Mofu language
Q56304	en	Kapsiki
Q56304	en	Psikye
Q56304	en	Psikyɛ dialect
Q56306	en	Apatani language
Q56307	en	Halang language
Q56308	en	Khumi Chin
Q56308	en	Khumi language
Q56310	en	Kuay
Q56310	en	Kuy language
Q56311	en	Yug
Q56311	en	Yugh language
Q56313	en	Dugwor
Q56313	en	Ɗugwor language
Q56316	en	Yamphu language
Q56317	en	Bhujel language
Q56319	en	Northern Yukaghir
Q56319	en	Tundra Yukaghir language
Q56319	en	ykg
Q56320	en	Fas language
Q56320	en	Momu
Q56323	en	Gamo-Gofa-Dawro language
Q56324	en	Askopan language
Q56325	en	Jiongnai
Q56325	en	Jiongnai Bunu
Q56325	en	Kiong Nai language
Q56325199	en	Midhaga
Q56326	en	Karamojong language
Q56327	en	Nemangbetu
Q56328	en	Musey language
Q56329630	en	Great Andamanese creole
Q56331	en	Holma language
Q56332	en	Geman Deng
Q56332	en	Miju language
Q56332	en	Miju-Mishmi
Q56333	en	Nüpode Huitoto language
Q56334	en	Zhaba language
Q56336	en	Dorze language
Q56338	en	Kawaiisu language
Q56339	en	Kipsigis language
Q56341	en	Dongo language
Q56342	en	Bikaru language
Q56344	en	Shatt language
Q56345	en	Ngasa language
Q56346	en	Tennet language
Q56348	en	Yachumi
Q56348	en	Yatsumi
Q56348	en	Yimchungrü
Q56348	en	Yimchungrü language
Q56348	en	Yimchungru Naga
Q56348	en	Yimkhiungrü language
Q56350	en	Tangsa language
Q56350	en	Tase
Q56350	en	Tase Naga
Q56351	en	Bun language
Q56352	en	Biwat language
Q56352	en	Mundugumor
Q56353	en	Narim
Q56353	en	Narim language
Q56354	en	Efe language
Q56354	en	Lese
Q56354	en	Lese language
Q56355	en	Gorovu language
Q56356	en	Bisis language
Q56357	en	Sukte language
Q56357	en	Tedim Chin
Q56358	en	Doba language
Q56359	en	Mararit language
Q56360	en	Bauzi language
Q56361	en	Bahinemo language
Q56362	en	Luwo language
Q56363	en	Namia language
Q56364	en	Duvle language
Q56365	en	Didinga language
Q56366	en	Angoram language
Q56367	en	Akiek
Q56367	en	Ogiek language
Q56367	en	Okiek
Q56368	en	Vaiphei language
Q56369	en	Auwon language
Q56369	en	Awun language
Q56370	en	Dar Fur Daju
Q56370	en	Nyala language
Q56372	en	Jerung language
Q56373	en	Zeme language
Q56373	en	Zeme Naga
Q56375	en	Niksek language
Q56376	en	Eritai language
Q56378	en	Maram language
Q56378	en	Maram Naga
Q56379	en	Awera language
Q56380	en	Demisa language
Q56381	en	Khaling language
Q5638166	en	Haeke language
Q56382	en	Biritai language
Q56384	en	Canaanic
Q56384	en	czk
Q56384	en	Judaeo-Czech
Q56384	en	Judeo-Slavic
Q56384	en	Knaan
Q56384	en	Knaanic language
Q56384	en	Leshon Knaan
Q5638511	en	Hagahai language
Q5638511	en	Pinai-Hagahai
Q56386	en	Maricopa language
Q56387	en	Gabrielino
Q56387	en	Gabrieliño
Q56387	en	Gabrielino-Fernandeño
Q56387	en	Tongva language
Q56388	en	Air Tamajeq language
Q56388	en	Tayart Tamajeq
Q56391	en	Barbareño language
Q5639108	en	Haigwai language
Q56392	en	Tidikelt language
Q56392	en	Tidikelt Tamazight
Q56396	en	Shasta language
Q56397	en	Chemakum language
Q56397	en	Chimakum
Q56398	en	Awjila language
Q56398	en	Awjilah
Q56398	en	Awjilah-Foqaha
Q56399	en	Bundeli language
Q5639933	en	Aji
Q5639933	en	Haji language
Q56400	en	Darang Deng
Q56400	en	Digaro Mishmi language
Q56400	en	Digaro-Mishmi
Q56400	en	Taruang
Q56403	en	Black Yi
Q56403	en	Eastern Yi
Q56403	en	Nasu language
Q5640338	en	Hakaona language
Q56404	en	Nisu language
Q56404	en	Southern Yi
Q56406	en	Derung language
Q56406	en	Drung
Q56406	en	Dulong
Q56406	en	Rawang
Q56406	en	Trung
Q56407	en	Black Tai
Q56407	en	Tai Dam language
Q56410	en	Karen
Q56411	en	Bu-Nao Bunu
Q56411	en	Bu-Nao language
Q56411	en	Bunu
Q56411	en	Bunu languages
Q5641132	en	Marsian language
Q56412	en	Idu Mishmi language
Q56412	en	Idu-Mishmi
Q56413	en	Nusu language
Q56417	en	Arapaho language
Q56417	en	Arapahoe
Q56417	en	arp
Q56419	en	Yana language
Q56419	en	Yanan
Q56419	en	Yanan language
Q56421	en	Hopi language
Q56423	en	Akhvakh dialects
Q56423	en	Akhvakh language
Q56423	en	Akhvakh languages
Q56423	en	Akhvakhic
Q56423	en	Akhvakhic dialects
Q56423	en	Akhvakhic language
Q56423	en	Akhvakhic languages
Q56425	en	Inkhokvari
Q56425	en	Inkhokvari language
Q56425	en	Khvarsh
Q56425	en	Khvarsh language
Q56425	en	Khvarshi
Q56425	en	Khvarshi language
Q56425	en	Khvarshi-Inkhoqwari
Q56425	en	Khvarshi-Inkhoqwari language
Q56425	en	Khvarshin
Q56425	en	Khvarshin language
Q56425	en	Khwarshi language
Q56425	en	Khwarshi-Inkhoqwari
Q56425	en	Khwarshi-Inkhoqwari language
Q56425	en	Xvarshi
Q56425	en	Xvarshi language
Q56425	en	Xvarshik
Q56425	en	Xvarshik language
Q56431	en	Koch language
Q56434	en	Afade language
Q56434	en	Afaɗə
Q56435	en	Central Min
Q56435	en	Min Zhong Chinese
Q56435	en	Min Zhong kineski
Q56438	en	Cahuilla language
Q56441	en	Central Yi
Q56443	en	Rasawa language
Q56445	en	Kalenjin languages
Q56445	en	Kupsabiny
Q56445	en	Sabaot
Q56445	en	Sabiny language
Q56445	en	Sebei
Q56446	en	Lunana dialect
Q56446	en	Lunanakha
Q56447	en	Berinomo language
Q56447	en	Bitara
Q56448	en	Sedang language
Q56449	en	Ayi (Papua New Guinea)
Q56450	en	Coyaima language
Q56451	en	Highland Totonac
Q56451	en	Sierra Totonac language
Q56452	en	Hm Nai language
Q56452	en	Ng-nai
Q56452	en	Wunai Bunu
Q56454	en	Owiniga language
Q56458	en	Anor language
Q56459	en	Warembori language
Q5646	en	A'tong
Q5646	en	A'Tong language
Q5646	en	Atong (India)
Q56460	en	isantla Totonac
Q56460	en	Southeastern Totonac
Q56460	en	Yecuatla Totonac
Q56464	en	Harzandi dialect
Q56464	en	Harzani
Q5646436	en	Hamtai language
Q56466	en	Dinka language
Q56469	en	Bukharic
Q56469	en	Bukhori
Q56469	en	Bukhori dialect
Q56473	en	Lishan Didan
Q56478	en	Deori language
Q56479	en	Jin language
Q56479	en	Jinnish
Q56479	en	Jinyu
Q56479	en	Jinyu Chinese
Q56479	en	Jinyu language
Q5647930	en	Hangaza language
Q56483	en	Laki language
Q56483	en	Lekî
Q56485	en	Vilamovian
Q56485	en	Vilamovian language
Q56485	en	Wilamowicean
Q56485	en	Wilamowicean language
Q56485	en	wym
Q56485	en	Wymysorys language
Q56489	en	Caucasian Persian
Q56489	en	Caucasian Tat
Q56489	en	Crimean Tat
Q56489	en	Muslim Tat
Q56489	en	Tat language
Q56489	en	Tati
Q56489	en	Tati Persian
Q56489	en	Zuhun Tati
Q56491	en	Bilen
Q56491	en	Bilin
Q56491	en	Blin language
Q56491	en	byn
Q56492	en	Rio Grande Tewa
Q56492	en	tew
Q56492	en	Tewa (USA)
Q56492	en	Tewa language
Q56494	en	Northern Ojibwa
Q56494	en	Oji-Cree language
Q56494	en	Severn Ojibwa
Q56495	en	Bik
Q56495	en	Cuhuri
Q56495	en	Çuhuri
Q56495	en	Dzhuhuric
Q56495	en	Hebrew Tat
Q56495	en	Jewish Tat
Q56495	en	Judaeo-Tat
Q56495	en	Judaeo-Tatic
Q56495	en	Judeo-Tatic
Q56495	en	Juhuri
Q56495	en	Juwri
Q56495	en	жугьури
Q56498	en	Hwana language
Q56500	en	An Yüng
Q56500	en	Bantaba
Q56500	en	Bantawa Dum
Q56500	en	Bantawa language
Q56500	en	Bantawa Yong
Q56500	en	Bantawa Yüng
Q56500	en	Bontawa
Q56500	en	Kirawa Yüng
Q56507	en	Alur dialect
Q56508	en	sou
Q56508	en	Southern Thai language
Q56510	en	Mohave
Q56510	en	Mojave language
Q56512	en	Anem
Q56512	en	Anem language
Q56512	en	Anêm language
Q56513	en	Wichita language
Q56514	en	Birri language
Q56515	en	Ghodoberi
Q56515	en	Godoberi language
Q56516	en	Hani language
Q56517	en	Amto language
Q56519	en	Massachusett language
Q56519	en	Wampanoag
Q56519	en	Wôpanâak
Q56522	en	Hixkaryána
Q56522	en	Hixkaryana language
Q56525223	en	Nari Nari language
Q56527	en	Agawinya language
Q56527	en	Khamtanga language
Q56527	en	Xamtanga language
Q56528	en	!O!ung language
Q56528	en	Northern Ju
Q56528	en	Northwestern !Kung
Q56528	en	Sekele language
Q56528	en	Vasekela Bushman language
Q56528	en	Vasekele
Q56528	en	ǃʼOǃKung
Q56530	en	Wappo language
Q56531	en	Basketo language
Q56532	en	Hina language
Q56532	en	Mina (Cameroon)
Q56536	en	Samburu language
Q56537	en	Kuot language
Q56537	en	Panaras
Q56537	en	Panaris
Q56539	en	Arikara language
Q56540	en	Bambassi language
Q56541	en	Aramanik language
Q56542	en	Chorotega language
Q56542	en	Mangue
Q56545	en	Forest Yukagir language
Q56545	en	Southern Yukaghir language
Q56546	en	Hui
Q56546	en	Hui dialect
Q56546	en	Hui language
Q56546	en	Huizhou
Q56546	en	Huizhou dialect
Q56546	en	Huizhou language
Q56548	en	Lalo language
Q56548	en	Western Yi
Q56549	en	jenticha
Q56549	en	Kiranti-Kõits
Q56549	en	Koinch
Q56549	en	Koincha
Q56549	en	Kõits Lo
Q56549	en	Mukhiya
Q56549	en	Sunuvār
Q56549	en	sunuwar
Q56549	en	Sunwar language
Q56549	en	tikamuli
Q56550	en	Magar language
Q56551	en	Groma language
Q56552	en	Bura language
Q56552	en	Bura-Pabir
Q56555	en	Darkhad dialect
Q56555	en	Darkhat
Q56556	en	Aringa language
Q56557	en	Kanaa Massara
Q56557	en	Masalit language
Q56558	en	Kunigami dialect
Q56558	en	Kunigami language
Q56558	en	Northern Okinawan language
Q56558	en	Yanbaru Kutuuba
Q56559	en	Northern Qiang language
Q56560	en	Botlikh language
Q56562	en	Dani
Q56562	en	Dení
Q56562	en	Deni language
Q56563	en	Southern Qiang language
Q56564	en	Hunzib language
Q56567	en	Chamalal language
Q56570	en	Sened language
Q56571	en	Shehhi Arabic
Q5657463	en	Harijan Kinnauri language
Q56577	en	Maslawi
Q56577	en	Maslawi Arabic
Q56577	en	Maslawi dialect
Q56577	en	Moslawi
Q56577	en	Moslawi Arabic
Q56577	en	Moslawi dialect
Q56577	en	Mosul Arabic
Q56583	en	Beông-dā̤-uā
Q56583	en	Henghua
Q56583	en	Hing-hua̍ language
Q56583	en	Hing-hua̍-gṳ̂
Q56583	en	Hinghua
Q56583	en	Hinghwa
Q56583	en	Pô-sing language
Q56583	en	Pô-sing-gṳ̂
Q56583	en	Pu-Xian Chinese
Q56583	en	Pu-Xian language
Q56583	en	Putian-Xianyou Min
Q56583	en	Puxian Min
Q56583	en	Xinghua
Q56586	en	Tagargrent
Q56586	en	Wargli language
Q56589	en	Jennu Kurumba
Q56589	en	Kurumba language
Q56591	en	Karbi language
Q56592	en	Saidi Arabic
Q56592	en	Upper Egyptian Arabic
Q56593	en	apc
Q56593	en	Eastern Arabic
Q56593	en	Greater Syrian
Q56593	en	Levantine
Q56593	en	šāmi
Q56593	en	Shami
Q56593	en	Syro-Lebanese
Q56593	en	Syro-Lebanese Arabic
Q56593	en	Syro-Palestinian
Q56593	en	Syro-Palestinian Arabic
Q56594	en	Aci
Q56594	en	Aji
Q56594	en	Atshi
Q56594	en	Atsi
Q56594	en	Atsi-Maru
Q56594	en	Atzi
Q56594	en	Azi
Q56594	en	Szi
Q56594	en	Tsaiva
Q56594	en	Tsaiwa
Q56594	en	Xiaoshanhua
Q56595	en	Judeo-Moroccan Arabic
Q56601	en	Khams Tibetan language
Q56601	en	khg
Q56602	en	Laya dialect
Q56602	en	Layakha
Q56603	en	Brokpa language
Q56603	en	Brokpake
Q56604	en	Chocangaca language
Q56604	en	Chocangacakha
Q56605	en	Brokkat language
Q56607	en	Dzala language
Q56607	en	Dzalakha
Q56609	en	Arutani language
Q56610	en	E'ñapa Woromaipu
Q56610	en	Panare language
Q56612	en	Arāmît
Q56612	en	Samaritan
Q56612	en	Samaritan Aramaic language
Q56613	en	Hadiyya language
Q56614	en	Azumeina
Q56614	en	Azumeina language
Q56614	en	Marba language
Q56615	en	Baiso language
Q56615	en	Bayso language
Q56616	en	Boon language
Q56617	en	Burunge language
Q56618	en	Garre language
Q56619	en	Luhchi Yoroni
Q56619	en	Tonica
Q56619	en	Tunica language
Q56619	en	Yuron
Q56620	en	Aasax
Q56620	en	Aasáx
Q56620	en	Asa language
Q56621	en	Alagwa language
Q56622	en	Gedeo language
Q56625	en	Ngete language
Q56626	en	Zumaya language
Q56627	en	Kitsai language
Q56628	en	A'ani
Q56628	en	A'aninin
Q56628	en	ats
Q56628	en	Atsina
Q56628	en	Gros Ventre language
Q56631	en	Kiowa language
Q56632	en	Waiwai language
Q56633	en	Macushi language
Q56634	en	Ayoreo language
Q56636	en	Karata
Q56636	en	Karata language
Q56636	en	Karata-Tukita language
Q56637	en	Daasanach language
Q56638	en	Bagvalal language
Q56642	en	Ambakich language
Q56643	en	Akha language
Q56645	en	Ajawa language
Q56650	en	Akurio language
Q56650	en	Akuriyo
Q56650	en	Akuriyó
Q56652	en	Alaaba language
Q56652	en	Alaba-K’abeena language
Q56652	en	Allaaba language
Q56652	en	Halaba language
Q56652	en	Wanbasana
Q56654	en	Ak language
Q56657	en	A Nden
Q56657	en	Abun language
Q56657	en	Anden
Q56657	en	Karon Pantai
Q56657	en	Manif
Q56657	en	Yimbun
Q56659	en	Abu
Q56659	en	Adjora language
Q56661	en	Achumawi language
Q56664	en	Dimasa language
Q56666	en	Yakha
Q56666	en	Yakkha language
Q56668	en	Masana
Q56668	en	Massa language
Q56672	en	Lotuko language
Q56674	en	Gbaya
Q56674	en	Gbaya (Sudan)
Q56674	en	Gbaya-Ndogo
Q56674	en	Kresh language
Q56674	en	Kresh-Ndogo
Q56676	en	Dongotono language
Q56677	en	Anuak language
Q56678	en	Belanda Bor language
Q56678	en	Belanda Viri,
Q56678	en	Bor
Q56678	en	Luo language
Q56679	en	Njalgulgule
Q56679	en	Nyolge language
Q56681	en	Komo (Sudan)
Q56681	en	Komo language
Q56682	en	Jur
Q56682	en	Jur Modo language
Q56682	en	Modo
Q56685	en	Abukeia language
Q56685	en	Avokaya language
Q56685	en	Avukaya language
Q56687	en	Ellyria
Q56687	en	Koyo
Q56687	en	Loirya
Q56687	en	Lokoiya
Q56687	en	Lokoja
Q56687	en	Lokoya language
Q56687	en	Loquia
Q56687	en	Lowoi
Q56687	en	Ohoromok
Q56687	en	Oirya
Q56687	en	Owoi
Q56687	en	Oxoriok
Q56688	en	Alamblak language
Q56690	en	Busa language
Q56690	en	Odiai
Q56692	en	Simbali language
Q56706	en	Ixcatec language
Q56706	en	Xjuani
Q56706	en	Xwja
Q56708	en	Amal language
Q56710	en	Ta:kɛlmàʔn
Q56710	en	Takelma language
Q56712	en	Ventureño language
Q56718	en	Atsugewi language
Q56719	en	Dehes language
Q56719	en	El Molo language
Q56719	en	Elmolo language
Q56719	en	Fura-Pawa language
Q56719	en	Ldes language
Q56722	en	Potiguara
Q56722	en	Potiguara language
Q56722	en	Potiguára language
Q56723	en	Koegu language
Q56723	en	Kwegu language
Q56724	en	Majang language
Q56725	en	Saharan Arabic
Q56726	en	Paipai language
Q56727	en	Murle language
Q56728	en	Diidxazá
Q56728	en	Isthmus Zapotec language
Q56728	en	Juchitán Zapotec
Q56728	en	zai
Q56729	en	chumpo
Q56729	en	Mayo language
Q56729	en	mfy
Q56729	en	Yoremnok'ki
Q56730	en	Tubar language
Q56730	en	Tubare
Q56730	en	Tubare language
Q56731	en	Jurchen language
Q56733	en	Bashilele
Q56733	en	Lele (Democratic Republic of Congo)
Q56733	en	Lele language
Q56735	en	Aiome language
Q56738	en	Oirata language
Q56739	en	Barupu language
Q56740	en	Zimakani language
Q56742	en	Äiwoo language
Q56742	en	Ayiwo
Q56743	en	Wutung language
Q56744	en	Senhaja De Srair
Q56744	en	Senhaja De Srair language
Q56745	en	Kibiri
Q56745	en	Kibiri-Porome language
Q56745	en	Porome language
Q56746	en	Burmeso language
Q56746	en	Taurap
Q56747	en	Ghadames
Q56747	en	Ghadames language
Q56747	en	Ghadamès language
Q56749	en	Bodéwadmimwen,
Q56749	en	Potawatomi language
Q56749	en	Pottawatomie
Q56750	en	Touo language
Q56751	en	Pawnee language
Q56754	en	Wintu language
Q5675762	en	Haruku language
Q56761	en	Angami language
Q56761	en	Angami Naga
Q56765	en	Bawm Chin
Q56765	en	Bawm language
Q56767	en	Southeastern Kolami
Q56769	en	Af-Jiddu
Q56769	en	Af-Jiiddu
Q56770	en	Bo (Papua New Guinea)
Q56770	en	Bo language
Q56772	en	Naasioi language
Q56785	en	Wambule language
Q56787	en	Sicite Senoufo
Q56787	en	Sìcìté Sénoufo
Q56787	en	Sucite language
Q56791	en	Sharwa language
Q56793	en	Roungo
Q56795	en	Omi language
Q56796	en	Babalia language
Q56796	en	Berakou
Q56796	en	Beraku language
Q56796	en	Bubalia language
Q56798	en	Hya language
Q56800	en	Zulgo-Gemzek language
Q56802	en	Gan
Q56802	en	Kaansa language
Q56804	en	Baraamu
Q56804	en	Baram language
Q56806	en	Nagovisi language
Q56806	en	Sibe
Q56807	en	Para Arara
Q56807	en	Para Arara language
Q56807	en	Pará Arára language
Q56809	en	Dirasha language
Q56811	en	Dera (Nigeria)
Q56811	en	Kanakuru language
Q56815	en	Falam Chin
Q56815	en	Falam language
Q56817	en	Karon Dori language
Q56817	en	Miyah
Q56817	en	Miyah language
Q56821	en	Beli (Sudan)
Q56821	en	Beli language
Q56823	en	Birgid language
Q56823	en	Birked
Q56825	en	Hatam
Q56825	en	Hattam language
Q56825	en	Moile
Q56825	en	Moile language
Q56825017	en	Lanima language
Q56827	en	Shakacho language
Q56827	en	Shekkacho
Q56829	en	Boiken language
Q56829	en	Boikin
Q56830	en	Ramopa language
Q5683513	en	Haveke language
Q56836	en	Baygo
Q56836	en	Beigo language
Q568377	en	Sentinel
Q568377	en	Sentinelese language
Q56838	en	Bosmun language
Q56838	en	Bosngun
Q56840	en	Sinyar language
Q5684097	en	Havu language
Q56844	en	Namouyieg
Q56844	en	Namuzi
Q56848	en	Bio
Q56848	en	Biyo
Q56848	en	Biyue
Q56848	en	Piyo language
Q56850	en	Sar language
Q56852	en	Bisu language
Q56854	en	Ergong
Q56854791	en	Ratsua dialect
Q56854791	en	Ratsua language
Q56856	en	Keiyo language
Q56858	en	Banaro language
Q56862126	en	Ruc language
Q56863	en	Jirel language
Q56865	en	Waimiri-Atroari
Q56865	en	Waimiri-Atroari language
Q56865	en	Waimiri-Atroarí language
Q56866845	en	Sach language
Q56867	en	Iau language
Q5687	en	Ariha
Q5687	en	Moon city
Q56871	en	Dungmali language
Q56872	en	Karawari language
Q56872	en	Tabriak language
Q56874	en	Markweeta
Q56874	en	Markweta language
Q56876	en	Awar language
Q56878	en	Mantsi language
Q56881	en	Kwerisa language
Q56881	en	Taogwe
Q56885	en	tareno
Q56885	en	tarëno
Q56885	en	Tiriyo
Q56885	en	Tiriyo language
Q56885	en	Tiriyó language
Q56885	en	Trio
Q56885	en	Trió
Q56889	en	Cotoname language
Q56893	en	Kabentang
Q56893	en	Kibeet
Q56893	en	Kibeit
Q56893	en	Kibet language
Q56895	en	Kendeje language
Q56900	en	Burate language
Q56902	en	Baibai language
Q56904	en	Byangsi language
Q56910	en	Gafat language
Q56921	en	Lipo language
Q56925	en	Amami languages
Q56925	en	Amami–Tokunoshima languages
Q56944	en	Ancient Tupi
Q56944	en	Classical Tupi
Q56944	en	Old Tupi
Q56944	en	tp
Q56944	en	Tupi language
Q56944	en	Tupinambá
Q56946	en	Mapoyo language
Q56946	en	Wanai
Q5695787	en	Engbrew
Q569766	en	Kesh
Q569766	en	Kish
Q569766	en	Shakhrisyabz
Q56984	en	Ebraico-Latino
Q56984	en	La‘az
Q56991	en	Wogamusin language
Q56994	en	Bwe Karen language
Q56995	en	Barapasi
Q56995	en	Baropasi language
Q5699507	en	Heiltsuk
Q5699507	en	Heiltsuk-Oowekyala language
Q56996	en	Zakhring language
Q57000	en	Pela language
Q57001	en	Tama language
Q57003	en	Akrukay language
Q57003	en	Chini
Q57004	en	Zyphe Chin
Q57004	en	Zyphe language
Q57037	en	Alagüilac language
Q5704314	en	Dehwari language
Q5710904	en	Hema language
Q5711209	en	Hemba language
Q5713	en	Merv
Q5713543	en	Hendo language
Q5713543	en	Losongomino
Q5713543	en	Songomeno
Q572380	en	Jizzax
Q57259473	en	Southern Baja Mixtec languages
Q57259564	en	Southern Muji language
Q57273661	en	Farnanto language
Q57278	en	Newcastle, New South Wales
Q57278	en	Newcastle, New South Wales, Australia
Q57333197	en	Sirasira
Q57333197	en	Som
Q57333741	en	Wapu
Q57337359	en	Garanggaba
Q57337359	en	Karrengappa
Q57337359	en	Kurengappa
Q573954	en	Ollscoil Luimnigh
Q573954	en	ul.ie
Q574	en	Democratic Republic of Timor-Leste
Q574	en	East Timor
Q574	en	Timor Leste
Q574	en	TL
Q57420736	en	Guajajára language
Q57457608	en	Tjungundji
Q57457608	en	Yangathimri language
Q574606	en	Free University of Brussels
Q574606	en	ULB
Q5748345	en	Hewa language
Q5753411	en	Higaonon language
Q5758703	en	Eastern Chatino
Q5758709	en	Highland Chinantec language
Q5762200	en	Hill Miri language
Q576368	en	Qunaitira
Q5764	en	Bokhara
Q5764	en	Bokhàra
Q5764	en	Bouchara
Q5764	en	Boukhara
Q5764	en	Buxoro
Q5765127	en	Himarimã language
Q57660014	en	Western Tunebo language
Q5766763	en	Hinduri language
Q5776	en	Beit Lahm
Q57783835	en	Wurla
Q57783910	en	Wudjubaluk
Q578326	en	jyu.fi
Q578326	en	Jyväskylän yliopisto
Q578326	en	Kasvatusopillinen korkeakoulu
Q5788	en	Mint of Petra
Q5788	en	Petra, Jordan
Q5788	en	Raqmu
Q578815	en	Mamboru language
Q578815	en	Memboro
Q57982755	en	Cabil language
Q57982755	en	Cavil
Q580	en	Litzmannstadt
Q580	en	Lodsch
Q580	en	Lodz
Q580	en	Lodž
Q580	en	Lodz'
Q580	en	Lodzh
Q580	en	Łodzi
Q580533	en	Gawadar
Q580923	en	bunaba
Q580923	en	bunapa
Q580923	en	Bunuba language
Q580923	en	punaba
Q580923	en	punupa
Q581256	en	GNU clisp
Q581256	en	GNU CLISP
Q5832	en	Aksum
Q5832	en	Mint of Axum
Q5832	en	ኣኽሱም?
Q5838	en	Cabool
Q5838	en	Cabul
Q5838	en	Caubul
Q5838	en	Kabol
Q5838	en	Kaboul
Q584295	en	Udupi, India
Q584295	en	Udupi, Karnataka
Q584983	en	lag
Q584983	en	Langi
Q584983	en	Rangi language
Q586	en	Bonn, Germany
Q586	en	Bonn, West Germany
Q586	en	Federal City of Bonn
Q58635	en	Panjabi
Q58635	en	Panjabi language
Q58635	en	Punjabi language
Q5869	en	Barantola
Q5869	en	Lasa
Q5869	en	Lassa
Q5869	en	Lhása
Q5869	en	Lhasa City
Q5869	en	Lhasa Prefecture
Q5869	en	Lhasa Prefecture-Level City
Q5869	en	Lhasa, Tibet
Q5869	en	Lhassa
Q5869	en	Lla-Ssa
Q586907	en	Rerep language
Q5869741	en	al-rānīya
Q5869741	en	Arani
Q587085	en	Geri Alimi
Q5872700	en	Hitu language
Q5873537	en	Hlersu language
Q5873572	en	Hlubi language
Q5873712	en	Hmwaveke language
Q5873715	en	East Hmongic
Q5873715	en	East Hmongic language
Q5873715	en	Qiandong Miao
Q5876347	en	Chicano
Q5876347	en	Chikano
Q5876347	en	Hodï language
Q5876347	en	Hoti
Q5876347	en	Hoti language
Q5876347	en	Jodï
Q5876347	en	Jojodö tjįwęnę
Q5876347	en	Jotí
Q5876347	en	Waruwaru
Q5876347	en	Yoana
Q5876347	en	Yuwana
Q588	en	Kattowitz
Q5880707	en	Holiya language
Q59018	en	Cocanada
Q59018	en	Coringa
Q59018	en	Kakinandiwada
Q5908646	en	Kanum language
Q5908669	en	Mangue language
Q5908675	en	Murato language
Q5908687	en	Olutec
Q5908693	en	Panche language
Q5908714	en	gipsy
Q5908753	en	Wayana language
Q5908756	en	Wichi Lhamtes Nocten
Q5912372	en	Hoti language
Q5917269	en	Hovongan language
Q592162	en	Olo language
Q5923010	en	Hozo language
Q5923277	en	Hpon language
Q5923435	en	Hrangkhol language
Q5923933	en	Aka
Q5923933	en	Angka
Q5923933	en	Gusso
Q5923933	en	Hruso language
Q5923933	en	Hrusso
Q5923933	en	Tenae
Q5924455	en	Htangan language
Q5924455	en	Leinong Naga
Q59245703	en	Maia
Q5929409	en	Santa Ana Hueytlalpan Otomi
Q593321	en	Genoa University
Q593321	en	UNIGE
Q593321	en	Universita degli Studi di Genova
Q593321	en	Università degli Studi di Genova
Q593321	en	Universita di Genova
Q593321	en	Università di Genova
Q593321	en	University of Genova
Q5946223	en	Soba language
Q5957720	en	Khuzi
Q5957720	en	Susian
Q5964576	en	Hõne language
Q5972916	en	Matlatzinca-Tlahuica languages
Q5972916	en	Matlatzincan languages
Q598	en	J-Town
Q598	en	Raishov
Q598	en	Raysha
Q598	en	Rayshe
Q598	en	Reichshof
Q598	en	Reisha
Q598	en	Řesov
Q598	en	Řešov
Q598	en	Resovia
Q598	en	Riashiv
Q598	en	Risha
Q598	en	Rzeszow
Q598	en	Žesova
Q598	en	Žešova
Q598	en	Zheshov
Q598	en	Zheshuv
Q598	en	Zhezhov
Q5983460	en	Iatmul
Q5983460	en	Iatmül language
Q5988630	en	Idi language
Q5989839	en	Iduna language
Q5991454	en	Igana language
Q599416	en	Sinop City
Q599416	en	Sinope
Q5994495	en	Kapaur
Q5994495	en	Matta
Q5995402	en	Ikaranggal
Q5995402	en	Ikarranggal language
Q5995402	en	Ogh Ikarranggal
Q5996114	en	Ikoma language
Q5996114	en	Ikoma-Nata-Isenye
Q5996885	en	Ila language
Q5996885	en	Sala
Q59975	en	Bejaia
Q59975	en	Bougie
Q59975	en	Bugia
Q5997810	en	Garig-Ilgar
Q5997810	en	Ilgar language
Q60	en	Big Apple
Q60	en	Capital of the World
Q60	en	Caput Mundi
Q60	en	Center of the Universe
Q60	en	city of New York
Q60	en	City of New York
Q60	en	Empire City
Q60	en	N. Y., N. Y.
Q60	en	New York (city)
Q60	en	New York (NY)
Q60	en	New York City (NYC)
Q60	en	New York City, New York
Q60	en	New York City, New York, United States
Q60	en	New York City, NY
Q60	en	New York City, United States
Q60	en	New York City, United States of America
Q60	en	New York City, USA
Q60	en	New York, N.Y.
Q60	en	New York, New York
Q60	en	New York, New York, USA
Q60	en	New York, NY
Q60	en	NY City
Q60	en	NY, NY
Q60	en	The City So Nice They Named It Twice
Q60	en	the five boroughs
Q6001357	en	Ilwana language
Q6001357	en	Kiwilwana
Q6005721	en	Imonda language
Q6008394	en	Imroing language
Q6013569	en	Inapang language
Q601956	en	AAU
Q601956	en	University of Aalborg
Q6025550	en	Indo-Portuguese Creole
Q6025550	en	Indo-Portuguese creoles
Q6025550	en	Indo-Portuguesic
Q6036531	en	Inoke language
Q6036531	en	Inoke-Yate
Q604444	en	Pret
Q604444	en	Pretoria
Q604444	en	Pretoria University
Q604444	en	Tuks
Q604444	en	Universiteit van Pretoria
Q604444	en	UP
Q604444	en	up.ac.za
Q604470	en	Shandong Daxue
Q604470	en	SHANDONG UNIVERSITY (Shandong)
Q604487	en	Tallinn Technical University
Q604487	en	TalTech
Q6047309	en	Central Aztec
Q6047309	en	Nahuatl del Centro
Q6047309	en	Náhuatl del Centro
Q6047309	en	Nawa
Q6047309	en	Tlaxcala–Puebla Nahuatl
Q6047324	en	Western Mexican Nahuatl
Q6047324	en	Western Nahuatl
Q6047326	en	Nawat of Tabasco
Q605483	en	Kandrzin-Cosel
Q6057507	en	Intha dialect
Q60611109	en	San Pedro Amuzgos Amuzgo language
Q6065141	en	Ipili language
Q60676411	en	SMAL-2835
Q6068356	en	Iraya language
Q6069398	en	Iresim language
Q6069398	en	Jeresiam
Q6069398	en	Yeresiam
Q60785077	en	Champhung language
Q60786086	en	Mangree language
Q60786723	en	Larong language
Q60786729	en	Drag-yab language
Q60787340	en	Guaicaro language
Q60787394	en	Fio language
Q60787395	en	Mbuk language
Q60787446	en	Menterap language
Q60787662	en	Taaw't Bato language
Q60787676	en	Komta language
Q60787677	en	Dima-Bottego language
Q60787781	en	Khangoi language
Q60787784	en	Pimpama language
Q60788006	en	Maharam language
Q6078891	en	Isanzu language
Q6078982	en	Inagta Partido language
Q6078982	en	Isarog Agta language
Q6081098	en	Isinai language
Q6085162	en	isd
Q6085162	en	Isnag language
Q6085162	en	Isneg
Q6088	en	Alexandria
Q6088	en	Lisàndria
Q6088	en	Lisondria
Q6088	en	Lisòndria
Q6088	en	Lissandria
Q6088	en	Lissàndria
Q6088	en	Lissändria
Q609024	en	Geelt
Q609024	en	Gileet
Q609024	en	Gilit
Q609024	en	Gilt
Q609301	en	Split University
Q609301	en	Sveučilište u Splitu
Q6094203	en	Itbayat language
Q6094343	en	Huaylas Ancash Quechua
Q6094713	en	Itik language
Q60956	en	Ascalon
Q60956	en	Ashqelon
Q60956	en	Mint of Ascalon
Q609808	en	Comecrudo language
Q609817	en	Blis
Q609817	en	Bliss
Q609817	en	Bliss Symbolics
Q609817	en	Bliss Symbols
Q609817	en	Blissymbolics
Q609817	en	world language
Q609817	en	World Writing
Q609817	en	zbl
Q6101006	en	Iwur language
Q6101006	en	Morop-Dintere language
Q6101049	en	Ixcatlan Mazatec
Q6101185	en	Ixtlan Zapotec
Q6101336	en	Iyo language
Q6101921	en	Izere language
Q61055662	en	O-ku dialect
Q61055662	en	O-ku-uā
Q61055662	en	Wuqiu Pu-xian Min
Q61055662	en	Wuqiu Puxian Min
Q61089	en	Bandaraya Melaka
Q61089	en	Kota Melaka
Q61089	en	Malaca
Q61089	en	Malacca City
Q61089	en	Melaka City
Q61092	en	Penang City
Q61096301	en	Mapoyo-Yabarana language
Q612	en	Dubai (city)
Q612	en	Dubai city
Q612	en	Dubai, Emirate of Dubai
Q612	en	Dubai, UAE
Q612	en	Dubai, United Arab Emirates
Q612250	en	lae, PNG
Q612250	en	Preußen-Reede
Q612665	en	Free University of Brussels
Q612665	en	VUB
Q6127418	en	Country Sign
Q6127418	en	JCSL
Q6127418	en	Konchri Sain
Q6127418	en	Konchri Sain Language
Q6127418	en	KS
Q61301	en	Campeche
Q61302	en	Chihuahua
Q61302	en	San Francisco de Cuellar
Q61306	en	Guanajuato City
Q61320	en	Ciudad de Colima
Q61320	en	Colima City
Q61355252	en	Basemah language
Q61355252	en	Besemah language
Q61355252	en	Pasemah language
Q61434	en	Nelluru
Q61434	en	Vikrama Simhapuri
Q61445	en	New Bombay
Q61445	en	New Mumbai
Q61448040	en	Gisaengchung
Q615071	en	Tarunggare language
Q615071	en	Tunggare
Q615071	en	Tunggare language
Q615071	en	Turunggare language
Q6150919	en	Jandai language
Q615154	en	University of Silesia
Q615154	en	Uniwersytet Śląski w Katowicach
Q615154	en	us.edu.pl
Q615660	en	Musi Malay
Q6157	en	Östermyra
Q6157	en	Seinajoki
Q616024	en	Cuicatec language
Q61676882	en	Gaanay
Q61676882	en	Ganai
Q61676882	en	Ganai language
Q61676882	en	Gunai
Q61676882	en	Gunai language
Q61676882	en	Gunnai
Q61676882	en	Kanai
Q61676882	en	Kannai
Q61676882	en	Kurnai language
Q61676882	en	Kurnay
Q617291	en	Shuar language
Q6176527	en	Geico language
Q6176527	en	Jeiko language
Q6176527	en	Jeikó language
Q6176820	en	Jelkung language
Q6182097	en	Jeri language
Q61855426	en	Moiso language
Q6190581	en	Infobox organization
Q6191995	en	Jiba language
Q6192674	en	jil
Q6192674	en	Jilim language
Q6192674	en	Sgi Bara
Q6192674	en	Sgi Bara language
Q61944	en	Semei
Q61944	en	Semipalatinsk
Q61951665	en	YNSL
Q61965544	en	Êzdîkî
Q61965544	en	Ezdiki language
Q61965544	en	Yazidi
Q61974839	en	Shanenawa language
Q61975960	en	Sierra Miwok languages
Q61975960	en	Sierra Miwokan languages
Q61999823	en	Unggaranggu language
Q61999823	en	Unggarrangu
Q6202435	en	Djingili
Q6202435	en	Jingulu language
Q6202716	en	Jino language
Q6202966	en	Jirajara language
Q6202966	en	Jirajaran language
Q6203123	en	Jiru language
Q6203228	en	Jita language
Q621001	en	Malange
Q62130740	en	Katuena language
Q62130740	en	Tunayana language
Q62130762	en	Tulai language
Q62130762	en	Tule
Q62130762	en	Tule language
Q621556	en	badgear NT POINT BREAK
Q62168628	en	Guus language
Q62168628	en	Segiddi
Q62168628	en	Sigdi
Q62168628	en	Sigidi
Q62168628	en	Sugudi
Q62168636	en	Hare language
Q62168697	en	Isolado do Buraco
Q62168723	en	Jarqu'i language
Q6221	en	Lioness of Italy
Q6225	en	Coventry, England, UK
Q6225	en	Coventry, England, United Kingdom
Q6225	en	Coventry, Warwickshire
Q6225	en	Coventry, West Midlands
Q6226	en	St. Albans
Q622683	en	Carolo Franciscea Graecensis
Q622683	en	Karl Franzens Universität
Q622683	en	uni-graz.at
Q62388419	en	Kene language
Q62389260	en	Xin Baerhu
Q62389453	en	Chen Baerhu
Q62389453	en	Chibchin
Q62389601	en	Retlatur language
Q62389641	en	Varnosfaderani
Q625158	en	Kaunas Antanas Sniečkus Polytechnic Institute
Q625158	en	Kaunas Polytechnic Institute
Q62603062	en	Cuba language
Q62603062	en	Tsucuba language
Q62603115	en	Ekai Chin language
Q62603115	en	Ekai language
Q626210	en	Mambwe-Lungu language
Q62663667	en	Danuwar language
Q62664215	en	Eastern Bontoc
Q62664215	en	Eastern Bontoc language
Q62664215	en	Eastern Bontok
Q62664215	en	Eastern Bontok language
Q6269820	en	Ejamat
Q6269820	en	Ejamat language
Q6269820	en	Jola-Felupe language
Q628	en	City of Bergamo
Q6285	en	Varés
Q62868	en	Köslin
Q62868	en	Kòszalëno
Q6298648	en	Jru' language
Q6298648	en	Laven
Q6302423	en	Judeo-Golpaygani language
Q6302426	en	Judeo-Hamadani language
Q6302426	en	Judeo-Hamedani dialect
Q6310993	en	Jumli language
Q6310993	en	Karnali dialect of Nepali language
Q6310993	en	Karnali Nepali language
Q63140714	en	Gabogbo
Q63140714	en	Gaɓogbo
Q63140714	en	Guébie language
Q6314963	en	Juray language
Q63170838	en	Ngen language
Q63170838	en	Ngen of Djonkro
Q6319103	en	Juwal language
Q632004	en	Catholic University of Nijmegen
Q632004	en	Radboud University Nijmegen
Q632004	en	ru.nl
Q632004	en	University of Nijmegen
Q63213931	en	Hunjara-Kaina Ke language
Q63214927	en	Iranun (Malaysia)
Q63214927	en	Iranun language
Q63214981	en	Barikewa language
Q632558	en	HIT
Q63256977	en	Mouwase language
Q63257089	en	Kalaktang Monpa language
Q63257803	en	Bontók
Q63257803	en	Central Bontoc
Q63257803	en	Central Bontoc language
Q63257803	en	Central Bontok
Q63257803	en	Central Bontok language
Q63257856	en	Kla
Q63257867	en	Yuru language
Q63257894	en	Kabarasi
Q63257894	en	Kabras
Q63257894	en	Lukabaras language
Q63259208	en	Kisa language
Q63259208	en	Olushisa language
Q63259319	en	Marama language
Q63259319	en	Olumarama language
Q63259501	en	Labwor language
Q63259501	en	Thur language
Q63259736	en	Latundê language
Q63259915	en	Olutsotso language
Q63259915	en	Tsotso language
Q63278779	en	Huautla Mazatec language
Q63283459	en	Lutachoni language
Q63283459	en	Tachoni language
Q63283476	en	Oluwanga
Q63283476	en	Oluwanga language
Q63283476	en	Wanga language
Q63283489	en	Kituba
Q63283489	en	Kituba (Democratic Republic of Congo) language
Q63283489	en	Kituba language
Q63283609	en	Lao Naga language
Q63283617	en	Noipä language
Q63283617	en	Noipx
Q63283617	en	Noipx language
Q63283693	en	Ngendelengo language
Q63283784	en	Chen-Kayu Naga
Q63283784	en	Kyan-Karyaw Naga language
Q63284284	en	Southern Nisu language
Q63308004	en	Southwestern Nisu language
Q63308082	en	Natqgu
Q63308082	en	Natügu language
Q63308144	en	Southern Bontoc
Q63308144	en	Southern Bontoc language
Q63308144	en	Southern Bontok language
Q63308194	en	Mpinda language
Q63308389	en	Panao Huánuco Quechua
Q63311016	en	Northern Bontoc
Q63311016	en	Northern Bontoc language
Q63311016	en	Northern Bontok
Q63311016	en	Northern Bontok language
Q63311769	en	Tandaganon language
Q63311956	en	Madoidja
Q63311956	en	Tjupan dialect
Q63311956	en	Tjupan language
Q63311956	en	Tjupany language
Q63313662	en	Saare
Q63313677	en	Southwestern Bontoc
Q63313677	en	Southwestern Bontoc language
Q63313677	en	Southwestern Bontok language
Q63339949	en	Ararandewára language
Q63339969	en	Birrpayi language
Q63339998	en	Kisan language
Q63340139	en	Tawandê language
Q63340189	en	Yandjibara language
Q63340714	en	Bokha language
Q63340998	en	Yangum Dey language
Q63341096	en	Yiningayi language
Q63341179	en	Yangum Gel language
Q63341181	en	Hlepho Phowa language
Q63341260	en	Phuma language
Q63341274	en	Yatay language
Q63348560	en	Dhuwaya language
Q633561	en	Ecclesiastical Schools
Q633561	en	Saragossa University
Q633561	en	Saragossa, University of
Q633561	en	Universidad de Zaragoza
Q633561	en	University of Saragossa
Q633561	en	unizar.es
Q633561	en	Zaragoza University
Q633782	en	Juraj Dobrila University of Pula
Q633782	en	Pula University
Q6343432	en	Kaang Chin
Q6343432	en	Kaang language
Q6344482	en	Kaburi language
Q6344537	en	Kabwa language
Q6344539	en	Kabwari language
Q6344767	en	Kachok
Q6344767	en	Kaco’ language
Q6345179	en	Kadar language
Q6345632	en	Kadodi language
Q6345632	en	Samvedi
Q6346151	en	Kafoa language
Q6346422	en	Kagayanen language
Q6346712	en	Kagwahiva language
Q6346712	en	Tukumanféd
Q6346712	en	Tupi-Guarani Subgroup VI
Q6347538	en	Kaian language
Q6347565	en	Kaibobo language
Q6347611	en	Kaidipang language
Q6347632	en	Kaiep language
Q6347757	en	Kaikadi language
Q6347840	en	Kaiku language
Q6348011	en	Kaimbulawa language
Q6348017	en	Kaimbe
Q6348017	en	Kaimbe language
Q6348017	en	Kaimbé language
Q6348319	en	Kais language
Q6348685	en	Kaivi language
Q6348709	en	Kaiy language
Q6348709	en	Taori-Kei
Q6348709	en	Taori-So language
Q6348863	en	Kajaman language
Q6349119	en	Kakabai language
Q6349417	en	Kaki Ae language
Q6349982	en	Kala language
Q6349982	en	Kela language
Q6349988	en	Kalaamaya language
Q6349988	en	Karlamay
Q6350038	en	Beraur
Q6350038	en	Kalabra language
Q6350515	en	Kalanadi language
Q6350643	en	Kalao language
Q6352879	en	Kalinga language
Q6353484	en	Kalanguya
Q6353484	en	Kallahan language
Q63537289	en	Jaitmatang language
Q6354305	en	Kalou language
Q6354586	en	Kaluli language
Q6356040	en	Kamarian language
Q6356107	en	Kamasa language
Q6356117	en	Kamasau language
Q6356254	en	Kambaira language
Q6356317	en	Kamberau language
Q6359001	en	Kamora
Q6359001	en	Kamoro language
Q6359692	en	Kamrupi dialect
Q6359779	en	Kamu language
Q6359866	en	Kamuru language
Q6359866	en	Kamurú language
Q6360672	en	Kanashi language
Q6361369	en	Kandawo language
Q6362363	en	Tay Khang language
Q6362384	en	Kanga language
Q6362743	en	Igom
Q6362743	en	Kanggape language
Q6362818	en	Kango (Bas-Uélé District)
Q6362818	en	Kango language
Q6363201	en	Kani
Q6363201	en	Kani language
Q6363201	en	Kanikkaran language
Q6363253	en	Kaningra language
Q6364300	en	Kanowit language
Q6364300	en	Kanowit-Tanjong Melanau
Q6364300	en	Tanjong
Q636479	en	Lingua Franca
Q6366665	en	Kapin language
Q6366667	en	Kapinawa
Q6366667	en	Kapinawa language
Q6366667	en	Kapinawá language
Q6367199	en	Kapriman language
Q6367199	en	Sare language
Q6367294	en	Kaptiau language
Q6367410	en	Kapya language
Q6367567	en	Kara (Tanzania)
Q6367567	en	Kara language
Q6368857	en	Karawa language
Q6370196	en	Karey language
Q6370438	en	Kari language
Q6371041	en	Karingani language
Q6371069	en	Karipúna
Q6371069	en	Karipuna do Amapá
Q6371069	en	Karipuna language
Q6371071	en	Karipuna language
Q637228	en	Kalenjin language
Q637228	en	Kalenjin languages
Q6372803	en	Karnai language
Q6373260	en	Karore language
Q6373349	en	Karranga language
Q6374525	en	Kasiguranin language
Q6374863	en	Kasua language
Q6375925	en	Katembri language
Q6376639	en	Kathlamet language
Q6377155	en	Kathu language
Q6377155	en	Thou-Kathu
Q6377671	en	Katkari language
Q6378400	en	Katu language
Q6378400	en	Western Katu
Q6378404	en	Katua language
Q6378699	en	Kaugel language
Q6378867	en	Bintuhan
Q6378867	en	Ka'ur language
Q6378867	en	Kaur language
Q6378867	en	Mulak language
Q6378899	en	Kaurna language
Q6378983	en	Kauwera language
Q6379993	en	Cawishana
Q6379993	en	Kaishana
Q6379993	en	Kaixána
Q6379993	en	Kawishana language
Q6380124	en	Kaxarari
Q6380124	en	Kaxarari language
Q6380124	en	Kaxararí language
Q6380372	en	Kayabí
Q6380372	en	Kayabi language
Q6380394	en	Kayagar language
Q6380673	en	Kayong language
Q6380675	en	Kayort
Q6380675	en	Kayort language
Q6380675	en	Kevat
Q6380675	en	Kewat language
Q6380723	en	Kayupulau language
Q6382110	en	Keak language
Q6382179	en	Hula language
Q6382444	en	Kebwe language
Q6382444	en	Mikebwe
Q6382520	en	Dang
Q6382520	en	Kdang
Q6382520	en	Kédang
Q6382520	en	Kedang language
Q638300	en	Timucua language
Q6383641	en	Keder
Q6383641	en	Keijar language
Q6383764	en	Kein language
Q6385426	en	Kela (Democratic Republic of Congo)
Q6385445	en	Apo Duat
Q6385445	en	Kalabit
Q6385445	en	Kelabit language
Q6385445	en	Kerabit
Q6385549	en	Kele (Democratic Republic of Congo)
Q6385549	en	Kele language
Q6386412	en	Kelo language
Q6386414	en	Kalong
Q6386414	en	Kelon language
Q6386414	en	Kelong
Q6386874	en	Kembayan language
Q638704	en	Bechar
Q638704	en	Colomb-Bechar
Q638704	en	Colomb-Béchar
Q6387179	en	Kemtuik language
Q6388752	en	Kĕnaboi
Q6388752	en	Kenaboi language
Q6388963	en	Kanayatn Dayak
Q6388963	en	Kanayatn language
Q6388963	en	Kendayan
Q6388963	en	Kendayan language
Q6389309	en	Keninjal language
Q6391529	en	Kensiu language
Q6393217	en	Kepo' language
Q6393217	en	Kepoq
Q6393846	en	Kerewe language
Q6393847	en	Kerewo language
Q639421	en	Puducherry
Q6394907	en	Kesawai language
Q6397	en	Avignoun
Q6397	en	Avinhon
Q6397914	en	Kewa language
Q6398208	en	Keyagana language
Q6399808	en	Halh Mongolian
Q6399808	en	Khalkha
Q6399833	en	Khalong Tibetan language
Q6400562	en	Purum language
Q6401095	en	Khayo language
Q6401095	en	Olukhayo
Q6401095	en	Xaayo
Q6401519	en	Kheza language
Q6401519	en	Khezha Naga
Q6401546	en	Khiamniungan Naga
Q6401849	en	Khlula language
Q6401919	en	Kho'ini dialect
Q6403030	en	Khunsari dialect
Q6403030	en	Khunsari language
Q6403501	en	Khang
Q6403501	en	Khang language
Q6403501	en	Kháng language
Q640652	en	OU
Q640652	en	The University of Oklahoma
Q6406892	en	Akani
Q6406892	en	Kilen
Q6407456	en	Sama language
Q6408020	en	Kilmeri language
Q641	en	Serenissima
Q641	en	Venetia
Q641	en	Venexia
Q641	en	Venice, Italy
Q6410160	en	Kimki language
Q6410324	en	Kinabalian language
Q6410340	en	Kinabatangan language
Q6412426	en	Kinga language
Q6412426	en	Kinga-Magoma languages
Q6413014	en	Northern Foothill Yokuts
Q6414335	en	Kintaq language
Q6414422	en	Kinuku language
Q6414512	en	Kiong language
Q6414519	en	Kiorr language
Q6414614	en	Kipea
Q6414614	en	Kipea language
Q6414614	en	Kipeá language
Q6415159	en	Kirikiri language
Q6415159	en	Kirira
Q6416310	en	Kirya-Konzel
Q6416310	en	Kirya-Konzəl language
Q6416362	en	Kis language
Q6416409	en	Kisankasa language
Q6416409	en	Ogiek
Q641720	en	Jaya language
Q641737	en	Gulay language
Q641748	en	Horo language
Q6418846	en	Kiwai language
Q642207	en	CCITT High Level Language
Q6424249	en	Koba language
Q6425639	en	Coeruna
Q6425639	en	Koeruna language
Q6425665	en	Kofei language
Q642581	en	Moronene language
Q6425997	en	Kohin language
Q6426194	en	Koi language
Q6426342	en	Koireng language
Q6426363	en	Koita language
Q6426363	en	Koitabu
Q6426388	en	Koiwat language
Q6426526	en	Kok-Nar language
Q6426526	en	Kuuk-Narr
Q6426699	en	Gugubera
Q6426699	en	Koko-Bera language
Q6426945	en	Kol (Bangladesh)
Q6426945	en	Kol language
Q6426967	en	Kola language
Q6426967	en	Marlasi
Q6426967	en	Marlasi language
Q6427122	en	Kolbila language
Q6427954	en	Koluwawa language
Q6428239	en	Komba language
Q6428241	en	Kombai language
Q6428241	en	Komboy
Q6428259	en	Kombio language
Q6428352	en	Kominimung language
Q642843	en	Candoshi
Q642843	en	Candoshi-Shapra language
Q642843	en	Candoxi
Q642843	en	Kandoshi
Q642843	en	Kandozi-Chapra
Q642843	en	Murato
Q6428450	en	Komo (Democratic Republic of Congo)
Q6428450	en	Komo language
Q642856	en	Permet
Q6428671	en	Komyandaret language
Q6428686	en	Kon Keu language
Q6429269	en	Coimbatore Tamil
Q6429269	en	Kongu Basai
Q6429269	en	Koṅku Tamiḻ
Q6429269	en	Kovai peachu
Q6429269	en	Kovai Tamil
Q6429589	en	Kono (Nigeria)
Q6429589	en	Kono language
Q6429589	en	Koonu
Q6430448	en	Konyak language
Q6430448	en	Konyak Naga
Q6430753	en	Koore language
Q6430753	en	Koorete
Q6431129	en	Kopka language
Q6431129	en	Kopkaka
Q6431365	en	Korak language
Q6432160	en	Koresh-e Rostam language
Q6432515	en	Basa-Gurmana
Q6432515	en	Koromba language
Q6432515	en	Kɔrɔmba
Q6432520	en	Koromira language
Q6432560	en	Coropo
Q6432560	en	Coropó
Q6432560	en	Koropo
Q6432598	en	Karufo Auf
Q6432598	en	Kolufaup
Q6432598	en	Korowai language
Q6432769	en	Kimyal Korupun
Q6432769	en	Korapun
Q6432769	en	Korupun language
Q6432769	en	Korupun-Sela
Q6432786	en	Korwa language
Q6432994	en	Kosadle
Q6432994	en	Kosare language
Q6432995	en	Kosarek language
Q6432995	en	Kosarek Yale
Q6433116	en	Pitta Pitta language
Q6433240	en	Kosali language
Q6433240	en	Koshali
Q6433240	en	Kosli
Q6433240	en	Sambalpuri language
Q6433240	en	spv
Q6433808	en	Kota Marudu Talantang language
Q6434822	en	Kovai language
Q6434920	en	Kowaki language
Q6435028	en	Kowiai language
Q6435722	en	Kpee language
Q6435722	en	Kpeego
Q6436747	en	Krenak language
Q6436793	en	Gbaya-Ngbongbo language
Q6436793	en	Kresh-Hofra language
Q6436902	en	Krevin
Q6436902	en	Krevin dialect
Q6436902	en	Krevinian dialect
Q6436945	en	Kri language
Q6437086	en	Kereho
Q6437086	en	Krio Dayak language
Q6438927	en	Krongo language
Q6439314	en	Krumen language
Q644	en	Sharm
Q644	en	Sharm El Sheikh
Q644	en	Sharm el-Cheikh
Q644	en	Sharm el-Sheik
Q644	en	Sharm esh Sheikh
Q6440803	en	Ksingmul language
Q6440803	en	Puoc
Q6440803	en	Xinh Mul people
Q6440952	en	Kua-nsi language
Q6441074	en	Kuamasi language
Q6441084	en	Kuan language
Q6441084	en	Kuanhua
Q6441085	en	Kuan language
Q6441341	en	Anak Dalam
Q6441341	en	Anak Dalam language
Q6441341	en	Anak Rimba
Q6441341	en	Anak Rimba language
Q6441341	en	Kubu language
Q6441341	en	Rimba
Q6441341	en	Rimba language
Q6441341	en	Rimbo
Q6441341	en	Rimbo language
Q6441572	en	Kucong language
Q6442073	en	Kuhane language
Q6442073	en	Subiya
Q6442230	en	Kui (Indonesia)
Q6442230	en	Kui language
Q6442230	en	Lerabain
Q6442398	en	Kuk language
Q6442581	en	Gugu Njunggal
Q6442581	en	Guugu Nyungkul
Q6442581	en	Kuku Ngungkal
Q6442581	en	Kuku Njunggal
Q6442581	en	Kuku Njungkul
Q6442581	en	Kuku Nyungkal dialect
Q6442581	en	Kuku Nyungkul
Q6442714	en	Kula language
Q6442714	en	Lamtoka
Q6442714	en	Lantoka
Q6442714	en	Tanglapui
Q6442715	en	Kula language
Q64427347	en	hu-formal
Q64427347	en	magyar (formal)
Q64427349	en	Kazakh (China)
Q64427349	en	kk-cn
Q64427350	en	Kazakh (Kazakhstan)
Q64427350	en	kk-kz
Q64427352	en	Kazakh (Turkey)
Q64427352	en	kk-tr
Q64427357	en	Chinese (Macau)
Q6443027	en	Curuça Kulina language
Q6443027	en	Kulina Pano
Q6443027	en	Kulino language
Q6443304	en	Kulung (Nepal)
Q6443304	en	Kulung language
Q6443722	en	Kumbewaha language
Q6444383	en	Kunduvadi language
Q6444510	en	Kung language
Q6444516	en	Gunerakan
Q6444516	en	Gungaragan
Q6444516	en	Gungarakanj
Q6444516	en	Kangarraga
Q6444516	en	Kungarakan
Q6444516	en	Kungarakany language
Q6444517	en	Kungardutyi language
Q6444526	en	Kungkari language
Q6444619	en	Kuni language
Q6444807	en	Kunja language
Q6444807	en	Lower Morehead
Q6444807	en	Peremka
Q6445233	en	Kuo language
Q6445354	en	Kupia language
Q6445867	en	Keramin
Q6445867	en	Kureinji language
Q6445968	en	Kuria language
Q6446193	en	Kurmukar language
Q6448199	en	Kusu language
Q6448337	en	Kuke
Q6448337	en	Kutang Ghale
Q6448337	en	Kutang language
Q6448417	en	Kuthant language
Q6448517	en	Kutong language
Q6448634	en	Kutu language
Q6448718	en	Thayore
Q6448719	en	Kuuk-Yak
Q6448731	en	Gunditjmara
Q6448731	en	Kuurn Kopan Noot
Q6448731	en	Kuurn Kopan Noot language
Q6448731	en	Warrnambool language
Q6448765	en	Kuvale language
Q6449056	en	Kuwani language
Q6450052	en	Kwale language
Q6450052	en	Uare
Q6450232	en	Hanga Hundi
Q6450232	en	Kwasengen language
Q6450276	en	Kwaya language
Q6450325	en	Kwerba Mamberamo language
Q6450325	en	Napok
Q6450325	en	Nogukwabai
Q6450325	en	Nopukw
Q6450325	en	Tatsewalem
Q6450328	en	Airmati language
Q6450328	en	Kwerba
Q6450328	en	Kwerba language
Q6450354	en	Kwesten language
Q6450460	en	Kwinsu language
Q6450957	en	Kyirong–Kagate languages
Q6450957	en	Yolmo languages
Q6454	en	Dampierre-les-Dunes
Q6454	en	Saint-Pierre-lès-Calais (réunie à Calais)
Q6460637	en	La'bi language
Q646718	en	Cheq Wong language
Q646718	en	Chewong
Q6467660	en	Labu language
Q6468420	en	Lachixio Zapotec
Q6470767	en	assembly program
Q6472114	en	Laghuu language
Q6473107	en	Laha (Indonesia)
Q6473107	en	Laha language
Q6473510	en	Lahuli-Spiti language
Q6473933	en	Laimbue language
Q6474196	en	Laitu Chin
Q6474196	en	Laitu language
Q6474218	en	Laiyolo language
Q6474237	en	Laizisi language
Q6474528	en	Kabba Laka
Q6474528	en	Laka (Chad)
Q6474528	en	Laka language
Q6474529	en	Laka (Nigeria)
Q6474529	en	Laka language
Q6474529	en	Lau Laka language
Q647543	en	Lanzarote Arrecife
Q647982	en	Quba
Q6480112	en	Lala-Bisa language
Q6480151	en	Lala language
Q6480154	en	Ichilala language
Q6480154	en	Lala language
Q6480326	en	Lalia language
Q6480756	en	Lama
Q6480756	en	Lama (Myanmar)
Q6480756	en	Lama Bai language
Q6480756	en	Lama language
Q6480777	en	Lamaholot language
Q6480777	en	Solor
Q6480787	en	Kawela
Q6480787	en	Lamalera language
Q6480787	en	Lebatukan
Q6480787	en	Mulan
Q6480982	en	Lamatoka
Q6480982	en	Lamatuka language
Q6481472	en	Lambichhong language
Q6481626	en	Chilambya
Q6481626	en	ChiLambya
Q6481626	en	Lambya language
Q6482727	en	Lamu-Lamu language
Q6482736	en	Lamu language
Q6485577	en	Lang'e language
Q648567	en	Qurghonteppa
Q6485678	en	Langam language
Q648619	en	F Sharp
Q648619	en	F♯
Q648619	en	FSharp
Q6487	en	Adalia
Q6487	en	ANT
Q6487	en	Attalia
Q6487	en	AYT
Q6487291	en	Lanoh language
Q648732	en	Menevia
Q648732	en	St David's
Q648732	en	St. David's
Q648732	en	St. Davids
Q648732	en	Tyddewi
Q6488084	en	Lapaguia Zapotec
Q6488084	en	Lapaguia-Guivini Zapotec
Q6488084	en	Lapaguía-Guivini Zapotec
Q648838	en	University of Andorra
Q6492774	en	Lasalimu language
Q6493203	en	Lashi language
Q6497181	en	Latu language
Q6497673	en	Labu
Q6497673	en	Laua language
Q6498258	en	Lauje language
Q6502107	en	Lautu (Lutuv) Chin
Q6502657	en	Lavi language
Q6502657	en	Swoeng
Q6503548	en	Lawa language
Q65043886	en	Uni language
Q65043887	en	Bouni language
Q65046092	en	Yaben
Q65046112	en	Taeme language
Q6505073	en	Lawu language
Q65083532	en	Maseedwola
Q65083532	en	Masidwola dialect
Q65083532	en	Mehsudi
Q65089673	en	Merildekald
Q65089673	en	Peramangk language
Q6509476	en	Lean prover
Q651133	en	National University of Uzbekistan
Q651133	en	Tashkent State University
Q651233	en	Handai
Q651233	en	Ōsaka daigaku
Q651233	en	Osaka University
Q651233	en	The University of Osaka
Q651233	en	UOsaka
Q6512694	en	Ladji Ladji
Q6512694	en	Ledji-Ledji language
Q65173045	en	Southern Kamchadal language
Q65173053	en	Eastern Itelmen
Q65173053	en	Eastern Kamchadal language
Q65173053	en	Northeast Itelmen
Q6520837	en	Lele (Guinea)
Q6520837	en	Lele language
Q6521067	en	Lembena language
Q6521165	en	Lemio language
Q6522465	en	Lengilo language
Q6522465	en	Lengilo'
Q6522465	en	Lengilo' language
Q6522465	en	Lengilu
Q6522465	en	Lengilu language
Q6522474	en	Lengola language
Q6522666	en	Lenje language
Q6528643	en	Nguluwan language
Q6528659	en	Papitalai language
Q6535860	en	Lembata
Q6535860	en	Levuka language
Q6535860	en	Lewokukun
Q6535860	en	Lewuka
Q6535860	en	Painara
Q6536321	en	Old Ukrainian language
Q6537465	en	Lewo Eleng language
Q65379	en	VaTech
Q65379	en	Virginia Polytechnic Institute & State University
Q65379	en	Virginia Polytechnic Institute and State University
Q65379	en	VPI
Q65379	en	VPISU
Q65379	en	VT
Q65379	en	vt.edu
Q6538573	en	Lhotsky/Blackhouse Tasmanian language
Q6539924	en	Liana language
Q6539924	en	Liana-Seti
Q6541128	en	Kolokwa
Q6541128	en	Kru Pidgin English
Q6541128	en	Liberian Kreyol language
Q6541128	en	Liberian Pidgin English
Q6541128	en	Liberian Vernacular English
Q65455876	en	Hoyahoya
Q65455884	en	Marrubhasha
Q65455884	en	Marvadi
Q65455884	en	Marvari
Q65455884	en	Marwadi
Q65455884	en	Marwari (Nepal)
Q65455884	en	Rajasthani
Q65455890	en	Tumshuqese language
Q6546938	en	Lihir language
Q6547311	en	Likile language
Q6547570	en	Lilau language
Q6549414	en	Limilngan language
Q6553735	en	Elinga language
Q6553735	en	Linga language
Q655542	en	Estonian Agricultural Academy
Q655542	en	Estonian Agricultural University
Q6558534	en	Lisabata-Nuniali language
Q6558753	en	Lisela language
Q6558822	en	Lish language
Q6558822	en	Lishpa language
Q656189	en	Ensenada, Baja California
Q656871	en	U of K
Q656871	en	UofK
Q656871	en	uofk.edu
Q656871	en	جامعة الخرطوم
Q657	en	CHA
Q657	en	GUM
Q657	en	Republic of Chad
Q657	en	td
Q6576	en	Erhuu
Q6576	en	Erhüü
Q6583541	en	Khamyang language
Q6583541	en	Tai Nora
Q6583551	en	Saka language
Q6583551	en	Sakan
Q6583551	en	Sakan language
Q6583558	en	Kuki
Q6583558	en	Thado
Q6583558	en	Thado Chin
Q6583560	en	Nahari language
Q6583562	en	Maleng language
Q6583582	en	Lamma
Q6583582	en	Lamma'
Q6583582	en	Lemma
Q6583582	en	Mauta
Q6583582	en	Western Pantar language
Q6583595	en	Mal Paharia language
Q6583595	en	Mar Paharia of Dumka
Q6583606	en	Lachi language
Q6583612	en	Somray language
Q6583612	en	Somray of Battambang
Q6583612	en	Somre of Siem Reap
Q6583615	en	Samre language
Q6583617	en	Chu-ng
Q6583617	en	Chung
Q6583617	en	Sa'och language
Q6583669	en	Pear language
Q6583675	en	Ngawn Chin
Q6583675	en	Ngawn language
Q6583692	en	Rengao language
Q6583710	en	Forohanon language
Q6583710	en	Porohanon
Q6583710	en	Porohanon language
Q6589401	en	Olu'bo
Q6589401	en	Olu’bo language
Q65954736	en	Seneca-Cayuga
Q65954736	en	Seneca-Cayuga languages
Q65954736	en	Seneca–Cayuga languages
Q659706	en	IIT
Q659706	en	Illinois Tech
Q661529	en	Ripon, North Yorkshire
Q663586	en	Agaria
Q663586	en	Agariya language
Q663586	en	Agharia
Q663586	en	Agoria
Q664	en	Aotearoa New Zealand
Q664	en	Dominion of New Zealand
Q664	en	nz
Q6647	en	Baddan
Q6647	en	Lalita
Q6647	en	Lalita Patan
Q6647	en	Lalitpur (Nepal)
Q6647	en	Lalitpur Metropolitan City
Q6647	en	Lalitpur, Nepal
Q6647	en	Lalitpura
Q6647	en	Manigal
Q6647	en	Nekbal
Q6647	en	Nekbal City
Q6647	en	Nepal
Q6647	en	Nepal City
Q6647	en	Patan
Q6647	en	Pātan
Q6647	en	Patan Lalitpur
Q6647	en	Patana
Q6647	en	Pātana
Q6647	en	Pāṭana
Q6647	en	Yala
Q665105	en	Delhi University
Q6652138	en	Little Swanport language
Q6653424	en	Litzlitz language
Q6653424	en	Naman
Q66568	en	Cawnpoor
Q66568	en	Cawnpore
Q66568	en	Kānpur
Q66568	en	Katampur
Q66568	en	Leather City of India
Q66568	en	Manchester of the East
Q6660653	en	Lizu language
Q6663513	en	Loarki language
Q6666374	en	Lodhi language
Q6667767	en	Llugule
Q6667767	en	Logooli language
Q6667767	en	Lugooli
Q6667767	en	Lulogooli
Q6667767	en	Maragooli
Q6667767	en	Uluragooli
Q6667811	en	Logorik language
Q6668040	en	Lohorung language
Q6668040	en	Northern Lorung language
Q6668867	en	Lola language
Q6668883	en	Lole language
Q6673049	en	Long Phuri language
Q6673049	en	Long Phuri Naga
Q667566	en	Microsoft Proprietary Alexandre Concon
Q667747	en	Fipa language
Q6678781	en	Lorang language
Q668	en	Al Hind
Q668	en	Bharat
Q668	en	Bharat Ganarajya
Q668	en	Bharata
Q668	en	Bharatvarsh
Q668	en	Hindoostan
Q668	en	Hindustan
Q668	en	Indostan
Q668	en	Republic of India
Q668	en	Tenjiku
Q668	en	Tianzhu
Q6680287	en	Lorediakarkar
Q6680287	en	Nethalp language
Q6681	en	Crotona
Q6683546	en	Losengo language
Q6683546	en	Lusengo
Q6685078	en	Lotud language
Q6686	en	Groupe Renault
Q6686	en	Renault S.A.
Q6686	en	Renault SA
Q6689636	en	Loun language
Q6693380	en	chh
Q6693380	en	Chinook
Q6693380	en	Lower Chinook language
Q6693380	en	Tsinúk
Q6693681	en	'Auni
Q6693681	en	Lower Nossob language
Q669431	en	Dakhini
Q669431	en	Daknī
Q669431	en	Deccani
Q669431	en	Deccani dialect
Q669431	en	Deccani Hindi
Q669431	en	Deccani Urdu
Q669431	en	Hyderabadi Hindi
Q669431	en	Hyderabadi Urdu
Q6695015	en	Luang language
Q6699890	en	Luhu language
Q67000681	en	Yawelmani
Q6703050	en	Lumba-Yakkha language
Q6705910	en	Lutos language
Q670649	en	Irkutsk University
Q670649	en	ISU
Q6706953	en	Lwalu language
Q6707102	en	Gwamhi-Wuri
Q6707102	en	Lyase language
Q67080260	en	Wikchamni
Q67080260	en	Wukchumni dialect
Q6708569	en	Waddar language
Q670897	en	Arizona Normal School
Q670897	en	Arizona State
Q670897	en	Arizona State College
Q670897	en	Arizona State Teachers College
Q670897	en	Arizona Territorial Normal School
Q670897	en	ASU
Q670897	en	ASU Tempe
Q670897	en	asu.edu
Q670897	en	Normal School of Arizona
Q670897	en	Tempe Normal School
Q670897	en	Tempe State Teachers College
Q670897	en	Territorial Normal School
Q671642	en	Chancellor College
Q671642	en	UNIMA
Q671642	en	unima.mw
Q672	en	Ellice Islands
Q672	en	TUV
Q672	en	tv
Q6720783	en	Ma Manda language
Q6720909	en	Ma (Democratic Republic of Congo)
Q6720909	en	Ma language
Q6722435	en	Macaguaje language
Q672420	en	Albertina
Q672420	en	Albertus-Universität Königsberg
Q6727353	en	Madhi Madhi language
Q6729600	en	Magahat language
Q6729600	en	Southern Binukidnon
Q6729706	en	Magari language
Q6729706	en	Magra Ki Boli
Q6733387	en	Konkani (individual language)
Q6735234	en	Maiadomu language
Q6735243	en	Maiani language
Q6735599	en	Maii language
Q6736761	en	Bakung
Q6736761	en	Highland Kenyah
Q6736761	en	Kenyah
Q6736761	en	Mainstream Kenyah language
Q6736761	en	Usun Apau Kenyah
Q6736872	en	Maipure language
Q6736872	en	Maypure
Q6736872	en	Maypure language
Q6737	en	Castellamare
Q6737223	en	Maiwa (Papua New Guinea)
Q6737223	en	Maiwa language
Q6737226	en	Maiwa (Indonesia)
Q6737226	en	Maiwa language
Q6737666	en	Majera language
Q6737786	en	Majhi language
Q6737795	en	Majhwar language
Q6738863	en	Makayam language
Q673895	en	Zargulla
Q673895	en	Zaysé-Zergulla
Q673895	en	Zayse-Zergulla language
Q673895	en	Zaysete
Q6739816	en	Makleu
Q6739816	en	Maklew language
Q6740482	en	Makuri language
Q6740482	en	Makuri Naga
Q6740513	en	Kimakwe
Q6740513	en	Macue language
Q6740513	en	Makwe language
Q6740516	en	Makyan language
Q6740516	en	Makyan Naga
Q6740693	en	ima
Q6740693	en	Mala Malasar language
Q6741120	en	Malagmalag
Q6741120	en	Malak-Malak language
Q6741120	en	Mullukmulluk
Q6741120	en	Mullukmulluk language
Q6741120	en	Ngolak-Wonga
Q6741120	en	Nguluk Wanggarr
Q6741120	en	Nguluwongga
Q6741212	en	Malali language
Q6741212	en	Malalí language
Q6742927	en	Male (Papua New Guinea)
Q6742927	en	Male language
Q6743201	en	Malgana language
Q6743201	en	Malkana
Q6743201	en	Malkana language
Q6743338	en	Gaktai
Q6743679	en	Malila language
Q6744350	en	Malmariv
Q6744350	en	Malmariv language
Q6744350	en	Tiale language
Q6744477	en	Malol language
Q6744946	en	Malua Bay language
Q6745346	en	Mamaa language
Q6745452	en	Mamasa language
Q6746004	en	Mamuju language
Q6746036	en	Mamusi language
Q6746851	en	Manam language
Q6746900	en	Manang language
Q6746900	en	Manangba
Q6746906	en	Manangkari language
Q6747924	en	Mandahuaca
Q6747925	en	Mandaya language
Q6747979	en	Mander language
Q6748126	en	Mandobo language
Q6748412	en	Manem language
Q6748664	en	Mangala
Q6748664	en	Mangarla language
Q6748829	en	Mangarayi language
Q6748872	en	Mambai
Q6748872	en	Mangbai language
Q6748877	en	Mangbutu language
Q6748880	en	Mangdi language
Q6749097	en	Mangole language
Q6749147	en	Mangseng language
Q6749799	en	Manipa language
Q674990	en	Baima language
Q6750551	en	Mankon language
Q6750551	en	Ngémba
Q6750551	en	Ngemba language
Q6751253	en	Manombai language
Q6753787	en	Mape language
Q6753812	en	Mapidian language
Q6754565	en	Marachi language
Q6754565	en	Olumarachi
Q6754640	en	Maragus
Q6754640	en	Maragus language
Q6754745	en	Maramba language
Q6755055	en	Maratino language
Q6755069	en	Marau language
Q6760941	en	Austronesian Mari
Q6760941	en	Hop
Q6760941	en	Mari (Madang Province)
Q6760941	en	Mari language
Q6760942	en	Mari (East Sepik Province)
Q6760942	en	Mari language
Q6762506	en	Mariate language
Q6763404	en	Marik language
Q6763970	en	Marind language
Q6764397	en	Magati-ge
Q6764397	en	Magati-ke
Q6764397	en	Maringarr language
Q6764397	en	Maringarr-Matige
Q6765544	en	Mariri language
Q6765915	en	Maritsaua
Q6765915	en	Maritsaua language
Q6765915	en	Maritsauá language
Q676778	en	Blue City
Q676778	en	Chaouen
Q676778	en	Shafshawan
Q677064	en	Sawi language
Q677161	en	Groups, Algorithms and Programming
Q6772774	en	Mara
Q6772774	en	Marra language
Q6772792	en	Maranunggu
Q6772792	en	Marranj language
Q6772812	en	Margu
Q6772812	en	Marrgu language
Q6773014	en	Berringen (Bringen, Brinken)
Q6773014	en	Marrithiyel language
Q67781377	en	Thyanngayth
Q67781377	en	Tjanngayth
Q67781584	en	Yupangathi
Q677993	en	UNISA
Q677993	en	UNISA Library
Q677993	en	unisa.ac.za
Q678	en	Friendly Islands
Q678	en	Kingdom of Tonga
Q678	en	TGA
Q678	en	to
Q678	en	Tonga Islands
Q6782426	en	Masakara language
Q6782966	en	Masela language
Q6783273	en	Masimasi language
Q6783305	en	Masiwang language
Q6786187	en	Matbat language
Q6786187	en	Me language
Q6787447	en	Matigsalug language
Q6787447	en	Matigsalug Manobo
Q6787588	en	Matipuhy language
Q6791963	en	Matukar language
Q6791974	en	Matumbi language
Q6791974	en	Matuumbi
Q6792550	en	Maung language
Q6794095	en	Mauwake language
Q6794339	en	Mawa (Nigeria)
Q6794339	en	Mawa language
Q6794377	en	Mahuayana
Q6794377	en	Mapidian
Q6794377	en	Mapidjan
Q6794377	en	Mawakwa
Q6794395	en	Mawes language
Q6794395	en	Wares
Q6794475	en	Mawe language
Q6794475	en	Mawé language
Q6794475	en	Satere-Mawe
Q6794475	en	Sateré-Mawé
Q6797580	en	Mayogo language
Q6798209	en	Mazagway language
Q6798209	en	Mazagway-Hidi
Q6799583	en	Gimbala
Q6799583	en	Mbala language
Q6799593	en	Mbali language
Q6799604	en	Mbamba Bay language
Q6799604	en	Mwera (Nyasa)
Q6799612	en	Mbangala language
Q6799620	en	Mbara (Australia)
Q6799620	en	Mbara language
Q6799620	en	Mbara-Yanga
Q6799663	en	Mbelala language
Q6799663	en	Tombelala
Q6799676	en	Mbesa language
Q6799701	en	Mbiywom language
Q6799710	en	Mbo (Democratic Republic of Congo)
Q6799710	en	Mbo language
Q6799713	en	Gbaya-Mbodomo
Q6799713	en	Mbodomo language
Q6799727	en	Mbole language
Q6799738	en	Mbompo language
Q6799756	en	Borei
Q6799756	en	Gamei
Q6799756	en	Mbore language
Q6799790	en	Mbudum language
Q6799817	en	Mbunga language
Q68003165	en	Kakkala language
Q6804364	en	Ma (Papua New Guinea)
Q6804364	en	Mebu language
Q6805227	en	Medebur language
Q6806017	en	Mediak language
Q6808589	en	Język Megam
Q6809452	en	Mehek language
Q6810592	en	Mekmek language
Q6813268	en	Melo language
Q681360	en	Open Computing Language
Q68144	en	Zug, ZG
Q6817739	en	Meohang language
Q6817777	en	Meoswar language
Q6817854	en	Mer language
Q6817854	en	Miere language
Q6817936	en	Meramera language
Q6819223	en	Merico language
Q6821190	en	Mese
Q6821190	en	Mesem language
Q6821677	en	Mäsqan
Q6821677	en	Mesqan language
Q6824218	en	Metombola language
Q6826794	en	Mfumte language
Q6826835	en	Mgbo language
Q6826835	en	Mgbolizhia
Q6827993	en	Micha language
Q6827993	en	Miqie
Q683	en	Independent State of Samoa
Q683	en	SAM
Q683	en	Western Samoa
Q683	en	ws
Q683512	en	Nyslott
Q6841428	en	Middle Frisian language
Q6844970	en	Migum language
Q6845470	en	Miji language
Q6845470	en	Sajalong
Q6845474	en	Mijikenda language
Q684979	en	Santa Cruz language
Q685	en	sb
Q685	en	SOL
Q685820	en	Restructured Extended Executor
Q685941	en	Maulmain
Q685941	en	Moulmayn
Q685941	en	Moulmein
Q686	en	Republic of Vanuatu
Q686	en	van
Q686	en	VAN
Q686	en	vu
Q686	en	vut
Q6862203	en	Mimi language
Q6862206	en	Mimi of Gaudefroy-Demombynes
Q6862206	en	Mimi-D
Q6862206	en	Mimi-Gaudefroy
Q6862207	en	Mimi-N
Q6862618	en	Min Zhuang language
Q6862618	en	Minz Zhuang
Q6863167	en	Minanibai language
Q6863278	en	Minaveha language
Q6863806	en	Minderico language
Q6863842	en	Mindiri language
Q6864697	en	Labalekan
Q6864697	en	Mingar language
Q6864697	en	West Lembata
Q686501	en	Apalachee language
Q6865237	en	Minidien language
Q6867836	en	Minkin language
Q6869641	en	Mintil language
Q6873206	en	Mirgan language
Q6873567	en	Miriti language
Q6873793	en	Mirning language
Q6873793	en	Mirniny
Q6875666	en	Misima language
Q6875666	en	Misima-Panaeati
Q6881575	en	Garuwali language
Q6881575	en	Karruwali language
Q6881575	en	Karuwali language
Q6881813	en	Mitlatongo Mixtec
Q6883573	en	Mittu language
Q6883590	en	Mituku language
Q6883668	en	Miu language
Q6885683	en	Kwansu
Q6885683	en	Mlap language
Q6886053	en	Mnong language
Q6888037	en	Modang language
Q6888794	en	New Norwegian
Q6894594	en	Moikodi language
Q6895060	en	Moji language
Q6895060	en	Muji
Q6895579	en	Moksela language
Q6895579	en	Opselan
Q6895718	en	Molbog language
Q689617	en	Universita della Svizzera italiana
Q689617	en	University of Italian Switzerland
Q689617	en	University of Lugano
Q689617	en	USI
Q6897018	en	Moma language
Q6897030	en	Momare language
Q6897079	en	Kemelom
Q6897079	en	Kemelomsch
Q6897079	en	Komolom
Q6897079	en	Mombum language
Q6897297	en	Momina language
Q6897407	en	Momogun language
Q6897407	en	Rungus
Q6897407	en	Rungus language
Q6897518	en	Momuna language
Q6897518	en	Somage language
Q6897518	en	Sumohai language
Q6898840	en	Monde
Q6898840	en	Monde language
Q6898840	en	Mondé language
Q6898840	en	Salamãi
Q6899857	en	Migani language
Q6900145	en	Makhuwa-Moniga
Q6900145	en	Moniga language
Q6901726	en	Monom language
Q6902496	en	Monsang language
Q6902496	en	Monsang Naga
Q69060	en	Hsi-ning
Q69060	en	Hsi-ning Shih
Q69060	en	Hsi-ning-fu
Q69060	en	Qingtang cheng
Q69060	en	Sining
Q69060	en	Sining-fu
Q69060	en	Xining Fu
Q69060	en	Xining Shi
Q69060	en	Xiningfu
Q690639	en	AAU
Q690639	en	Alpen-Adria University
Q690639	en	Alpen-Adria-Universität Klagenfurt
Q690639	en	Klagenfurt University
Q6906792	en	Monumbo language
Q6907057	en	Gomu
Q6909020	en	Moraid language
Q6909384	en	Morawa language
Q691	en	Independent State of Papua New Guinea
Q691	en	pg
Q691	en	PNG
Q6912123	en	Mori language
Q6912195	en	Morigi language
Q6913216	en	Morokodo language
Q6913275	en	Marori language
Q6913275	en	Moaraeri language
Q6913275	en	Morori language
Q6913299	en	Ande language
Q6913299	en	Mores language
Q6913299	en	Morouas
Q6913299	en	Morouas language
Q6915014	en	Moru language
Q6916288	en	Mosiro language
Q691686	en	Graduate Institute Geneva
Q691686	en	Graduate Institute of International and Development Studies
Q691686	en	Graduate Institute of International Development Studies of Geneva
Q6921430	en	Mount Iraya Agta language
Q6921430	en	Mt. Iraya Agta
Q6921432	en	Inagta Rinconada
Q6921432	en	Mount Iriga Agta language
Q6921432	en	Mt. Iriga Agta
Q6925030	en	Mountain Koiali language
Q6925030	en	Mountain Koiari
Q6927748	en	Moyon language
Q6927748	en	Moyon Naga
Q6928192	en	Mpalitjanh dialect
Q6928192	en	Mpalityan
Q6928276	en	Mpi language
Q6928303	en	Mpoto language
Q6928305	en	Mpotovoro
Q6928305	en	Mpotovoro language
Q6930815	en	Mubami language
Q6931290	en	Mucuchi language
Q6931290	en	Mucuchí language
Q6931290	en	Mucuchí–Marripú
Q6931494	en	Muda language
Q6931573	en	Mudbura language
Q6931573	en	Mudburra
Q6932210	en	Mugom dialect
Q6933447	en	Mukha-Dora language
Q6933720	en	Mulaha language
Q6935387	en	Mumeng language
Q6935584	en	Muna language
Q6935898	en	Mundum language
Q6936018	en	Munggui language
Q6936018	en	Natabui language
Q6938499	en	Muria language
Q6940074	en	Aisi language
Q6940074	en	Musak language
Q6940113	en	Amben
Q6940113	en	Amben language
Q6940113	en	Hember Avu language
Q6940113	en	Musar
Q6940113	en	Musar language
Q6940122	en	Musasa language
Q6943041	en	Musom language
Q6943093	en	Mussau-Emira language
Q6944445	en	Muzi language
Q6944591	en	Mvuba language
Q6944666	en	Cinamwanga
Q6944666	en	Mwanga language
Q6944666	en	Namwanga
Q6944666	en	Nyamwanga
Q6944715	en	Mwele language
Q6944725	en	Mwera (Chimwera)
Q6944725	en	Mwera language
Q6949473	en	Mzieme language
Q6949473	en	Mzieme Naga
Q695	en	Belau
Q695	en	Peeloo
Q695	en	Pelew
Q695	en	Pelew islands
Q695	en	Pellew
Q695	en	pw
Q695	en	Republic of Belau
Q695	en	Republic of Palau
Q6950137	en	français métis
Q6950137	en	Metis French
Q6956591	en	Nandi
Q6956858	en	Metan language
Q6956858	en	Nabi language
Q6957144	en	Nachering language
Q6957144	en	Nachhiring
Q695740	en	Mulgi dialect
Q695740	en	Mulgi language
Q6958174	en	Nafi language
Q6958211	en	Nafri language
Q6960109	en	Naka language
Q6960662	en	Nakara language
Q6961032	en	Naluo language
Q6961032	en	Naluo Yi
Q6962504	en	Nancowry language
Q6963443	en	Nanga Dama Dogon
Q6964416	en	Nanubae language
Q6964594	en	Naolan language
Q6965295	en	Narak language
Q6965452	en	Narau language
Q6966574	en	Nasal language
Q6966614	en	Nasarian language
Q6967931	en	Natagaimas language
Q6968399	en	Natanzi language
Q697	en	Naoero
Q697	en	nr
Q697	en	Pleasant Island
Q697	en	Republic of Nauru
Q697221	en	Stift Heiligenkreuz
Q6981095	en	Nauete language
Q6981095	en	Naueti
Q6981305	en	Nauo language
Q6982892	en	Nawathinehena language
Q6983146	en	Nayini language
Q6983667	en	Ndai language
Q6983678	en	Cindali
Q6983678	en	Ndali language
Q6983681	en	Ndambomo language
Q6983684	en	Ndamba language
Q6983725	en	Ndendeule language
Q6983726	en	Ndengereko language
Q6983774	en	Ndo language
Q6983788	en	Ndolo dialect
Q6983791	en	Ndom language
Q6983792	en	Ndombe language
Q6983793	en	Ndonde Hamba
Q6983793	en	Ndonde language
Q6983809	en	Ndra'ngith language
Q6983819	en	Drubea
Q6983819	en	Dumbea
Q6983819	en	Ndrumbea language
Q6983833	en	Nduga language
Q6983857	en	Ndunga language
Q6989781	en	Nek language
Q6989840	en	Neko language
Q6990895	en	Nemadi dialect
Q6991554	en	Nend language
Q6991742	en	Mandaic
Q6991742	en	Modern Mandaic
Q699284	en	sxu
Q699284	en	Upper Saxon German
Q6998869	en	Nete language
Q70	en	Berna
Q70	en	Berne
Q70	en	city of Bern
Q7002965	en	Neutral Huron language
Q7011254	en	New River Shasta language
Q702	en	Fed. Sts. Micronesia
Q702	en	Fed. Sts. of Micronesia
Q702	en	Federated States of Micronesia, FSM
Q702	en	fm
Q702	en	FSM
Q702	en	Micronesia
Q7021846	en	Ngadjunmaya language
Q7021846	en	Ngajumaya
Q7021846	en	Ngatjumaya
Q7021893	en	Sogap
Q7021937	en	Ngambwe language
Q7021944	en	Ngamini language
Q7021944	en	Ngamini-Yarluyandi-Karangura
Q7021977	en	Ngandi language
Q7022063	en	Ngardi language
Q7022072	en	Ngarigo language
Q7022072	en	Ngarigu
Q7022072	en	Ngarigu Language
Q7022078	en	Ngarluma language
Q7022083	en	Ngaro language
Q7022091	en	Narrinyeri
Q7022091	en	Ngarrindjeri language
Q7022217	en	Ngaygungu language
Q7022243	en	Ngbee language
Q7022266	en	Ngelima language
Q7022366	en	Kingindo
Q7022366	en	Ngindo language
Q7022396	en	Ngiti language
Q7022405	en	Ngkoth language
Q7022547	en	Angoni language
Q7022547	en	Chingoni language
Q7022547	en	Kingoni language
Q7022547	en	Kisutu language
Q7022547	en	Ngoni language
Q7022547	en	Sutu language
Q7022573	en	Ngoreme language
Q7022573	en	Ngurimi
Q7022582	en	Ngoshie language
Q7022712	en	Ngunawal language
Q7022712	en	Ngunnawal language
Q7022712	en	Nunukul language
Q7024	en	Lugano TI
Q7026	en	Algherese
Q7026	en	Alguerés
Q7026	en	Alguerès
Q7026	en	Català
Q7026	en	Catalan language
Q7026	en	Catalan-Valencian-Balearic
Q7026	en	East Iberian
Q7026	en	Valencià
Q7026	en	Valencian
Q7030	en	Hansestadt Wismar
Q7033959	en	Cantonese
Q7033959	en	Yue
Q7033959	en	yueh
Q7033959	en	zh-yue
Q7036821	en	Nila language
Q7037729	en	Nimoa language
Q7038230	en	Nindi language
Q7038710	en	Ningming Zhuang language
Q7038985	en	Aninka
Q7038985	en	Ninka language
Q7039	en	Lahr
Q7042522	en	Nkami language
Q7042580	en	Nko language
Q7042622	en	Nkore-Kiga language
Q704371	en	Mackay, Queensland
Q704371	en	Mackay, Queensland, Australia
Q7046289	en	Nocaman
Q7046289	en	Nocaman language
Q7046289	en	Nocamán language
Q7046410	en	Nocte language
Q7046410	en	Nocte Naga
Q7048122	en	Nokuku language
Q7050035	en	Murik (Papua New Guinea)
Q7050035	en	Nor language
Q7051204	en	Nori language
Q7054041	en	North Babar language
Q7056136	en	Ternate Malay
Q7058116	en	Alta, Northern
Q7058116	en	Northern Alta language
Q7058861	en	Northern Popoloca language
Q7058885	en	Northern Pwo language
Q7058885	en	Pwo Northern Karen
Q7060307	en	Northwestern Fars language
Q7060356	en	Northwestern Ojibwe
Q706327	en	Goguryeo language
Q706327	en	Koguryo
Q706327	en	Koguryoan
Q706327	en	Koguryoic
Q706327	en	Old Koguryo
Q7067553	en	Kenswei Nsei
Q7067553	en	Nsei language
Q7067577	en	Nsongo language
Q7067615	en	Northern Rengma
Q7067615	en	Northern Rengma Naga
Q7067615	en	Ntenyi language
Q7067812	en	Fatakai
Q7067812	en	Fatakai language
Q7067812	en	Naulu
Q7067812	en	Naulu language
Q7067812	en	Nuaulu language
Q7067812	en	Patakai
Q7067812	en	Patakai language
Q7068421	en	Nuenonne language
Q7068421	en	Southeast Tasmanian
Q706857	en	Artemivsk
Q706857	en	Artemovsk
Q706857	en	Artemovskiy
Q706857	en	Artyomivsk
Q706857	en	Artyomovsk
Q7068874	en	Nukna language
Q7068904	en	Nukunul
Q7068904	en	Nukunul language
Q7068910	en	Nukuria language
Q7069052	en	Numanggang language
Q7069826	en	Nungali language
Q7069841	en	Nuni language
Q7070332	en	Nusa Laut language
Q7070684	en	Nuxaa Mixtec
Q7070684	en	Southeastern Nochixtlan Mixtec
Q7070684	en	Southeastern Nochixtlán Mixtec
Q7070686	en	Southwestern Tlaxiaco Mixtec
Q7070801	en	Nyaheun language
Q7070830	en	Nyali language
Q7070837	en	Nyamal language
Q7070876	en	Nyanga-li language
Q7070879	en	Nyanga language
Q7070894	en	Gyangiya
Q7070894	en	Ngangea
Q7070894	en	Ngapore
Q7070894	en	Ngiangeya
Q7070894	en	Niporen
Q7070894	en	Nipori
Q7070894	en	Nuangeya
Q7070894	en	Nyang'i
Q7070894	en	Nyangeya
Q7070894	en	Nyangiya
Q7070894	en	Nyuangia
Q7070894	en	Poren
Q7070894	en	Upale
Q7071068	en	Nyengo language
Q7071227	en	Nyole language
Q7071227	en	Nyore
Q7071227	en	Olunyole
Q7071318	en	Nyungwe language
Q7075258	en	Obokuitai language
Q7076643	en	Ocotlan Zapotec
Q7079984	en	Ogea language
Q7082547	en	Okpe (Northwestern Edo)
Q7082547	en	Okpe language
Q7082551	en	Ivbie North-Okpela-Arhe
Q7082551	en	Ivbie-Okpela-Arhe
Q7082551	en	Okpela language
Q7083390	en	Old Anatolian Turkic
Q7083619	en	Old Catio language
Q7084314	en	Old Kazeruni dialect
Q7089905	en	Omati language
Q7089928	en	Ombo language
Q709	en	mh
Q709	en	Republic of the Marshall Islands
Q7093521	en	One language
Q7093790	en	Lingao
Q7093790	en	Ong Be language
Q7093910	en	Onim language
Q7093910	en	Onin language
Q7093968	en	Onjob language
Q7094437	en	Onobasulu language
Q7095071	en	Ontong Java language
Q7095585	en	Opao language
Q7099152	en	Opon language
Q7099152	en	Opón language
Q7099152	en	Opón-Carare language
Q710	en	ki
Q710	en	KIR
Q710	en	Republic of Kiribati
Q7102970	en	Orkon language
Q7102970	en	Orkon-Fanbak language
Q7103494	en	Ormu language
Q7103494	en	Rarankwa
Q7103752	en	Orokaiva language
Q7103758	en	Orokolo language
Q7103905	en	'Ôrôê
Q7103905	en	Orowe language
Q7105295	en	Oria
Q711	en	Mongol State
Q711	en	State of Mongolia
Q7110049	en	Otuke language
Q7110494	en	Ouma language
Q7110521	en	Oune
Q7110521	en	Ounge language
Q7114727	en	Oweina language
Q7114727	en	Owenia language
Q7116243	en	Oya'oya
Q7116243	en	Oya’oya language
Q7116251	en	Oyda language
Q7116691	en	Ozumatlan Totonac
Q7116691	en	Western Totonac
Q712	en	FIJ
Q712	en	Fijī
Q712	en	Fijī Gaṇarājya
Q712	en	fj
Q712	en	Matanitu Tugalala o Viti
Q712	en	Republic of Fiji
Q712	en	Republic of the Fiji Islands
Q712	en	Viti
Q7121294	en	blk
Q7121294	en	Pa'O language
Q7121294	en	Pa'O people
Q7121353	en	bana language
Q7121353	en	Pa Na language
Q7122582	en	Northwest English
Q7123283	en	Karen of Burma
Q7123283	en	Padaung Karen
Q7123283	en	Padaung language
Q7124354	en	Pagi language
Q7124357	en	Pagabete language
Q7124462	en	Pagu language
Q7124545	en	Pahi language
Q7124619	en	Pai Tavytera language
Q7126121	en	Pal language
Q7127118	en	Palen language
Q7127118	en	Paleni language
Q7127643	en	Paliyan language
Q7127734	en	Pallanganmiddang language
Q7128186	en	Palmela language
Q7128872	en	Palya Bareli language
Q7129739	en	Pana (Burkina Faso)
Q7129739	en	Pana language
Q7130113	en	Panasuan language
Q7130204	en	Pancana language
Q7130477	en	Northern Catanduanes Bikol
Q7130477	en	Pandan Bikol language
Q7130962	en	Pangkhu language
Q7130962	en	Pangkhua
Q7130962	en	Pankhu
Q7131211	en	Paniya language
Q7131310	en	Pankararu
Q7131310	en	Pankararu language
Q7131310	en	Pankararú language
Q7131391	en	Pannei language
Q7132487	en	Papar language
Q7132508	en	Papasena language
Q7132809	en	Papi language
Q7132812	en	Batavia Creole Portuguese
Q7132812	en	Batavia Portuguese Creole
Q7132812	en	Batavian Creole Portuguese
Q7132812	en	Batavian Portuguese Creole
Q7132812	en	Mardijker Creole
Q7132812	en	Papia Tugu language
Q7133207	en	Pardhan language
Q7133239	en	Papuma language
Q7133667	en	Jejara language
Q7133667	en	Para language
Q7133667	en	Para Naga
Q7133667	en	pzn
Q7135432	en	Pahanan Agta
Q7135433	en	Paranan language
Q7136278	en	Paravilyana language
Q7136291	en	Parawen language
Q713633	en	Marfa language
Q713643	en	Karanga language
Q713654	en	Kaba So language
Q713654	en	Kulfa
Q7136554	en	Pardhi language
Q7136678	en	Oyster Bay Tasmanian
Q7136678	en	Paredarerme language
Q7142091	en	Pasi language
Q7143168	en	Pase
Q7143168	en	Pase language
Q7143168	en	Pasé language
Q7143168	en	Passe
Q7143168	en	Passé
Q7143168	en	Passe language
Q7143168	en	Passé language
Q7144242	en	Patani language
Q7144304	en	Pataxó Hã-Ha-Hãe
Q7144304	en	Pataxo language
Q7144304	en	Pataxó language
Q7144790	en	Pathiya language
Q7148323	en	Chamba
Q7148323	en	Changsapa Boli
Q7148323	en	Lahuli
Q7148323	en	Manchad
Q7148323	en	Manchati
Q7148323	en	Patni
Q7148323	en	Pattani language
Q7148323	en	Swangla
Q714891	en	NCU
Q7155331	en	Paulohi language
Q7155331	en	Solehua
Q7155462	en	Pauri Bareli language
Q7156099	en	Pawaia language
Q7156240	en	Pawishiana
Q7156240	en	Pawishiana language
Q7156643	en	Payagua language
Q7156956	en	Paza language
Q7156956	en	Phusang
Q7160431	en	Northwestern Tasmanian
Q7160431	en	Peerapper language
Q7160903	en	Pei language
Q7162371	en	Pendau language
Q7162371	en	Umalasa
Q7162372	en	Pende language
Q7162372	en	Phende
Q7163057	en	Penja language
Q716604	en	fos
Q716604	en	Siraya language
Q716615	en	Babuza language
Q716615	en	bzg
Q716627	en	ckv
Q716627	en	Kavalan language
Q716647	en	Basay language
Q716647	en	byq
Q7166821	en	Fuliiru language
Q7166821	en	Kifulero
Q7166821	en	Kifuliiru
Q717	en	Bolivarian Republic of Venezuela
Q717	en	BR Venezuela
Q717	en	Republic of Venezuela
Q7179700	en	Magdalena Peñasco Mixtec
Q7180184	en	Phai language
Q7180184	en	Prai
Q7180184	en	Thin
Q7180427	en	Bana language
Q7180427	en	Pana language
Q7180427	en	Phana'
Q7180427	en	Phana’ language
Q7187058	en	Phola language
Q7187103	en	Pholo language
Q7187959	en	Phowa language
Q7187959	en	Puwa Yi
Q7187991	en	Phrae Pwo Karen
Q7187991	en	Phrae Pwo language
Q7188289	en	Phudagi language
Q7188289	en	Vadvali
Q7188298	en	Phukha language
Q7188361	en	Phunoi language
Q7188376	en	Phuong language
Q7188378	en	Downriver Phula
Q7188378	en	Phupha language
Q7190040	en	Piamatsina language
Q7190042	en	Piame language
Q7190661	en	Pichis Asheninka
Q7191257	en	Picurís
Q7191257	en	Picuris language
Q7193313	en	Nkutu language
Q7193332	en	Ngulu language
Q7193418	en	Keremi language
Q7193418	en	Kinyaturu language
Q7193418	en	Kiremi language
Q7193418	en	Limi language
Q7193418	en	Nyaturu language
Q7193418	en	Remi language
Q7193418	en	Rimi language
Q7193418	en	Turu language
Q7193519	en	Pijao language
Q7194026	en	Bukwen language
Q7194057	en	Doori
Q7194057	en	Dugarwa
Q7194057	en	Duguranchi
Q7194057	en	Dugurawa
Q7194057	en	Duguri language
Q7194057	en	Dukuri
Q7194057	en	Zugur
Q7194632	en	Pimenteira language
Q7194986	en	Gobu language
Q7198055	en	Piro
Q7198055	en	Piro Pueblo language
Q7199578	en	Piu language
Q720192	en	Mang language
Q7206342	en	Pochuri language
Q7206342	en	Pochuri Naga
Q7206699	en	Fedan
Q7206699	en	Podena language
Q7207578	en	Bogaya
Q7207578	en	Pogaya language
Q7208577	en	Poke language
Q7208577	en	Puki
Q7208577	en	Tofoke
Q7208577	en	Topoke
Q7208577	en	Tovoke
Q7208693	en	Kipfokomo
Q7208693	en	Pokomo language
Q721064	en	NTU
Q721064	en	Universiti Teknologi Nanyang
Q721182	en	Kwinti language
Q721937	en	Pruszkow
Q72248	en	Port-à-l'Anglais (village de Vitry-sur-Seine)
Q72248	en	Port-de-Marat
Q72248	en	Vitry
Q72256	en	Amazonian Spanish
Q72256	en	Charapa Spanish
Q72256	en	Jungle Spanish
Q72256	en	Loreto-Ucayali Spanish
Q72256	en	Peruvian Amazonian Spanish
Q72259	en	Portsmouth, England
Q72259	en	Portsmouth, Hampshire
Q7225957	en	Polonombauk language
Q7227178	en	Pom language
Q7227739	en	Pondok language
Q7227956	en	Ponosakan language
Q7228475	en	Ponyo language
Q7228475	en	Ponyo-Gongwang Naga
Q7230944	en	Port Sorell language
Q7230944	en	Port Sorell Tasmanian
Q7235814	en	Pouye language
Q7239186	en	Pre-Samnite language
Q724222	en	Azerbaijan Polytechnic Institute
Q7259044	en	Puimei language
Q7259044	en	Puimei Naga
Q7259048	en	Puiron language
Q7259163	en	Pulabu language
Q7259892	en	Punan Batu 1
Q7259892	en	Punan Batu language
Q7259894	en	Punan Merah language
Q7259895	en	Merap
Q7259895	en	Merap language
Q7259895	en	Punan Merap language
Q7259896	en	Punan Tubu language
Q7260800	en	Mogao language
Q7260800	en	Puragi language
Q7261619	en	Puruborá
Q7261619	en	Purubora language
Q7261622	en	Purukoto language
Q7261622	en	Purukotó language
Q7261687	en	Puri
Q7261687	en	Puri language
Q7261687	en	Purí language
Q726218	en	ZOOL
Q7262964	en	Northeastern Tasmanian
Q7262964	en	Pyemmairre language
Q7262966	en	Pyen language
Q7263152	en	Navarino
Q72695	en	Nung (Viet Nam)
Q727	en	A'dam
Q727	en	Amsterdam, Netherlands
Q727	en	Amsterdam, NL
Q727	en	Amsterdam, North Holland
Q727	en	Mokum
Q7271640	en	San Pedro Quiatoni Zapotec
Q7271823	en	Santa Maria Quiegolani Zapotec
Q7271823	en	Santa María Quiegolani Zapotec
Q7272651	en	Quitemoca language
Q727516	en	UKZN
Q727516	en	ukzn.ac.za
Q727694	en	Chinese
Q727694	en	Guanhua
Q727694	en	Guoyu
Q727694	en	Huayu
Q727694	en	Kuo-yü
Q727694	en	Kwanhoa
Q727694	en	Mandarin
Q727694	en	Mandarin Chinese
Q727694	en	Modern Standard Chinese language
Q727694	en	Modern Standard Mandarin
Q727694	en	MSM
Q727694	en	Putonghua
Q727694	en	Standard Beijing Mandarin
Q727694	en	Standard Mandarin
Q727694	en	Standard Mandarin Chinese
Q727694	en	Standard Northern Mandarin
Q72818	en	Hai Phong
Q7286138	en	Raji language
Q7286370	en	Rajong language
Q7286370	en	Razong
Q7288392	en	Ralte language
Q7290041	en	Rampi language
Q7292645	en	Johari
Q7292645	en	Rangas language
Q7292645	en	Rangkas
Q7292645	en	Rangkas language
Q7292878	en	Ranglong language
Q7293705	en	Raojia language
Q7294279	en	Rapoisi language
Q7294362	en	Rapting language
Q7295692	en	Rathwi Bareli language
Q7296262	en	Raute language
Q7296830	en	Ravula language
Q7296948	en	Rawat language
Q7299461	en	Razajerdi language
Q730	en	Dutch Guiana
Q730	en	Republic of Surinam
Q730	en	Republic of Suriname
Q730	en	sr
Q730	en	Surinam
Q730	en	Surrinam
Q7306882	en	Reel language
Q7310361	en	Deli language
Q7310361	en	Deli Malay language
Q7310982	en	Reli language
Q7311502	en	Rema language
Q7311553	en	Rembarrnga
Q7311553	en	Rembarunga language
Q7311570	en	Rembong language
Q7312214	en	Rempi language
Q7312239	en	Remun language
Q7313205	en	Rengma language
Q7313205	en	Southern Rengma Naga
Q7313900	en	Repanbitip language
Q7314883	en	Rerau language
Q7317113	en	Retta language
Q732131	en	Paici
Q732131	en	Paici language
Q732131	en	Paicî language
Q7322169	en	Kimaam
Q7322169	en	Riantana language
Q7322443	en	Ribun language
Q732726	en	Tariana language
Q732726	en	Tariano
Q733	en	Heart of South America
Q733	en	Republic of Paraguay
Q7333135	en	Rien language
Q7334404	en	Rimba language
Q7334628	en	Rincon Zapotec
Q7334886	en	East Rote
Q7334886	en	Rikou
Q7334886	en	Ringgou language
Q7334886	en	Rotinese
Q7334886	en	West Rote
Q7336730	en	Ritarungo
Q7336730	en	Ritharngu language
Q7336730	en	Yakuy
Q7336938	en	Far Eastern Manggarai
Q7336938	en	Riung language
Q734	en	Co-operative Republic of Guyana
Q734	en	GUY
Q734	en	gy
Q734	en	Republic of Guyana
Q735138	en	Kedainiai
Q735138	en	Kiejdany
Q735209	en	ISOTYPE
Q735209	en	Vienna Method of Pictorial Statistics
Q7356069	en	Rocorona language
Q7359417	en	Roglai language
Q736	en	Republic of Ecuador
Q736	en	Republic of Equator
Q736	en	Republic of the Equator
Q736	en	The Ecuadorian State
Q7363236	en	Iski
Q7363236	en	Romkun language
Q7365672	en	Rangpo
Q7365672	en	Rongpa language
Q7366335	en	Ron
Q7366335	en	Roon language
Q7366825	en	Mores language
Q7366825	en	Roria
Q7366825	en	Roria language
Q737784	en	Madhabic
Q737784	en	Madhābic
Q737784	en	Madhabic language
Q737784	en	Madhābic language
Q737784	en	Minaean language
Q737784	en	Minaic
Q737784	en	Minaic language
Q7377946	en	Rufiji language
Q7378127	en	Ruga language
Q7379420	en	Rumu language
Q7379867	en	Rungtu Chin
Q7379867	en	Rungtu language
Q7379873	en	Rungwa language
Q7380625	en	Arusha language
Q7380625	en	Rusa language
Q738258	en	The U
Q738258	en	U Miami (FL)
Q738258	en	U of M
Q738258	en	UM
Q7383562	en	Luduuli
Q7383562	en	Ruli
Q7383562	en	Ruruuli-Lunyala
Q7383562	en	Ruuli language
Q7383564	en	Northern Lunda
Q7383564	en	Ruund language
Q7383564	en	Ruwund
Q7383564	en	Ruwund language
Q7383564	en	Uruund
Q7383564	en	Uruund language
Q739	en	Colombiá
Q739	en	Republic of Colombia
Q739	en	The Republic of Colombia
Q7395644	en	Saam language
Q7395896	en	Sabaot language
Q7396479	en	Sabuja language
Q7396479	en	Sabujá language
Q7396535	en	Sabüm language
Q7398112	en	Sadu language
Q7398312	en	Saep language
Q7398693	en	Safeyoka language
Q7399757	en	Sahu language
Q7402721	en	Chak
Q7402721	en	Chak language
Q7402721	en	Sak (Myanmar)
Q7402721	en	Sak language
Q7403607	en	Salampasu language
Q7403694	en	Salas language
Q7404262	en	Saleman language
Q7405785	en	Salt-Yui language
Q740604	en	Lamenu language
Q7406296	en	Saluma
Q7406296	en	Saluma language
Q7406296	en	Salumá language
Q740832	en	Dzhezkazgan
Q740832	en	Zhezkazgan
Q7408387	en	Sam language
Q7408413	en	Sama language
Q7408413	en	Sinama language
Q7408415	en	Sama language
Q7408415	en	Samay language
Q7408865	en	Samarokena language
Q7408902	en	Samatao language
Q7409020	en	Samberigi language
Q7409020	en	Sau
Q7409269	en	Samei language
Q7409884	en	Samo language
Q7410037	en	Samosa language
Q7413220	en	San Agustin Mixtepec Zapotec
Q7413390	en	San Baltázar Loxicha Zapotec
Q7413392	en	Yautepec Zapotec
Q7413841	en	Estado de Mexico Otomi
Q7413841	en	Estado de México Otomi
Q7413841	en	ñätho
Q7413841	en	San Felipe Otomi
Q7414598	en	San Juan Mixtepec Zapotec
Q7418144	en	Sangtam language
Q7418144	en	Sangtam Naga
Q7418149	en	Sangu (Tanzania)
Q7418149	en	Sangu language
Q7418287	en	Sanie language
Q7418287	en	Sanyi
Q7418302	en	Sanio language
Q7418302	en	Saniyo-Hiyewe
Q7420514	en	Coatlan Zapotec
Q7420514	en	Coatlán Zapotec
Q7420514	en	Santo Domingo Coatlan Zapotec
Q7420921	en	Saparua language
Q7420922	en	Sapara language
Q7420922	en	Sapará language
Q7421168	en	Sapuan language
Q7423093	en	Sarangani language
Q7423093	en	Sarangani Manobo
Q7424256	en	Sarli language
Q7424639	en	Sartang language
Q7424699	en	Saruga language
Q7424700	en	Sarudu language
Q7427547	en	Sauri language
Q7428639	en	Sawila language
Q7428892	en	Saxwe Gbe
Q7428892	en	Saxwe language
Q743218	en	Ianovo
Q743218	en	Ionava
Q743218	en	Janau
Q743218	en	Janova
Q743218	en	Janovo
Q743218	en	Janow
Q743218	en	Janów
Q743218	en	Janow nad Wilia
Q743218	en	Janów nad Wilią
Q743218	en	Janowa
Q743218	en	Janowo
Q743218	en	Jonavos Miestelis
Q743218	en	Juonava
Q743218	en	Yanova
Q743218	en	Yanove
Q743218	en	Yonava
Q7436	en	Khotchino
Q7436	en	Krasnogvardeysk
Q7436	en	Lindemannstadt
Q7436	en	Trotsk
Q743736	en	Tataviam language
Q7439242	en	Sikaiana language
Q7442316	en	Seba language
Q7442799	en	Sebop language
Q7442898	en	Sechelt language
Q7445362	en	Sedoa language
Q7446180	en	Segai language
Q7446237	en	Seget language
Q7446815	en	Mende (Papua New Guinea)
Q7446815	en	Seim language
Q7446989	en	Seit-Kaitetu language
Q7447132	en	Sekapan language
Q7447136	en	Sekar language
Q7447500	en	Selaru language
Q7447520	en	Selayar language
Q7447917	en	Selepet language
Q7448845	en	Seluarsa
Q7448845	en	Seluwasan language
Q7449012	en	Onya Darat language
Q7449012	en	Semandang language
Q7449119	en	Semaq Beri language
Q7449713	en	Semnam language
Q7450252	en	Sene language
Q7450555	en	Sengele language
Q7450584	en	Sengo language
Q7450601	en	Sengseng language
Q7451029	en	Sensi language
Q7451223	en	Senthang Chin
Q7451223	en	Senthang language
Q7451722	en	Eastern Littoral Piru Bay
Q7451722	en	Eastern Littoral Piru Bay language
Q7451725	en	Sepa (Papua New Guinea)
Q7451725	en	Sepa language
Q7452602	en	Sera language
Q7453056	en	Sere language
Q7453056	en	swf
Q7454834	en	Serili language
Q7455488	en	Seru language
Q7455503	en	Serui-Laut language
Q7456326	en	Seta language
Q7456333	en	Setaman language
Q7456682	en	Seti language
Q7456938	en	KiSetla
Q7456938	en	Settla
Q7458126	en	Sewa Bay language
Q7462280	en	Shahrudi language
Q746723	en	Mundurukú
Q746723	en	Munduruku language
Q748085	en	UNIPG
Q748085	en	Universita degli Studi di Perugia
Q748085	en	Universitá degli Studi di Perugia
Q748085	en	Universita di Perugia
Q748085	en	Università di Perugia
Q748106	en	Glasgow Government School of Design
Q748106	en	Glasgow School of Art , GSA
Q748106	en	GSA
Q748106	en	The Glasgow School of Art
Q7488659	en	Shanjo language
Q7489783	en	Ngen (Vanuatu)
Q7489783	en	Ngen language
Q7489783	en	Shark Bay
Q7489783	en	Shark Bay language
Q749170	en	Pokkhar
Q749170	en	Poshkur
Q749170	en	Pushkar (India)
Q7492248	en	Shebaya language
Q7494785	en	Mey language
Q7494785	en	Sherdukpen language
Q7494785	en	Shertukpen
Q7495993	en	Shiaxa language
Q7497605	en	Shinji language
Q7497605	en	Yungo language
Q7499445	en	Shiwa language
Q7499445	en	Shiwe language
Q750	en	Bolivia (Plurinational State of)
Q750	en	Plurinational State of Bolivia
Q750	en	Republic of Bolivia
Q7502	en	Abanyom language
Q7506059	en	Asho Chin language
Q7506059	en	Asho language
Q7506059	en	Shö language
Q7506694	en	Sialum language
Q7506806	en	Sian language
Q7506812	en	Siane language
Q7511556	en	Highland Popoluca
Q7513400	en	Sihan language
Q7513600	en	Aikwakai
Q7513600	en	Sikaritai language
Q7514020	en	Dar Sila Daju
Q7514020	en	Sila language
Q7514021	en	Sila language
Q7514337	en	Sileibi language
Q7514337	en	Sirva language
Q7515090	en	Siliput language
Q7515533	en	Silopi language
Q7517329	en	Simaa language
Q7517427	en	Simbari language
Q7517534	en	Simeku language
Q7521268	en	Simte language
Q7521655	en	Galu
Q7521655	en	Sinagen language
Q7521813	en	Sinasina language
Q7522797	en	Singa language
Q752348	en	Ir-Rabat
Q752348	en	Victoria
Q7524158	en	Singpho dialect
Q7525035	en	Sinsauru language
Q7530937	en	Sissano language
Q7533375	en	Siyin Chin
Q7533375	en	Sizang language
Q7534244	en	Seke (Vanuatu)
Q7534244	en	Ske language
Q753604	en	ATARI BASIC
Q753868	en	Microsoft Visual FoxPro
Q754	en	Republic of Trinidad and Tobago
Q754	en	TRI
Q754	en	Trinidad & Tobago
Q754	en	tt
Q754	en	TTO
Q7542773	en	Gha-mu
Q7544418	en	Chetco language
Q7550388	en	Sochiapan Chinantec
Q7550388	en	Western Chinantec
Q755149	en	Bristol, Connecticut
Q755149	en	Bristol, CT
Q7555138	en	So (Democratic Republic of Congo)
Q7555138	en	Soko language
Q755765	en	Hawaasa/Hawassa
Q755765	en	sidaamu afoo
Q7557754	en	Soli language
Q7558834	en	Arawe
Q7558834	en	Solong language
Q7559081	en	Som language
Q7560536	en	Somra language
Q7560536	en	Tangkhul Naga (Myanmar)
Q7560736	en	Sonaga language
Q7560881	en	Sonde language
Q756126	en	METU
Q756126	en	Orta Doğu Teknik Üniversitesi
Q7561280	en	Songlai Chin
Q7561280	en	Songlai language
Q7561296	en	Songola language
Q7561296	en	Songoora
Q7561770	en	Sonia language
Q7562808	en	Sop language
Q7563215	en	Mao
Q7563215	en	Naga Maoic
Q7563215	en	Sopvoma language
Q7563340	en	Sorbung language
Q7563749	en	Sorsoganon language
Q7563752	en	Sorsogon Ayta language
Q7563811	en	Sos Kundi language
Q756651	en	Bactrian language
Q7567815	en	South Lembata language
Q7569611	en	Alta, Southern
Q7569611	en	Southern Alta language
Q7569696	en	Southern Burun language
Q7569754	en	Southern Catanduanes Bikol language
Q757	en	Saint Vincent
Q757	en	St Vincent
Q757	en	St Vincent and the Grenadines
Q757	en	St. Vincent
Q757	en	St. Vincent and the Grenadines
Q757	en	vc
Q757	en	vct
Q7570103	en	Acholi
Q7570103	en	Adhola
Q7570103	en	Adhola–Alur–Luo
Q7570103	en	Adhola–Luo
Q7570103	en	Alur
Q7570103	en	Kumam
Q7570103	en	Lango
Q7570103	en	Southern Luo language
Q7570103	en	Southern Lwoo
Q7570194	en	Southern Nicobarese language
Q7570327	en	Southern Popoloca language
Q7570552	en	Southern Tiwa language
Q7571843	en	Sowa language
Q7571845	en	Sowanda language
Q7571845	en	Wina language
Q7572120	en	So'a
Q7572120	en	So’a language
Q75809	en	Lutheran
Q75809	en	Lutheran Church
Q75809	en	Lutheran Protestantism
Q75809	en	Lutherans
Q758570	en	Auca
Q758570	en	Auishiri
Q758570	en	Auka
Q758570	en	Aushiri
Q758570	en	Huao
Q758570	en	Huaorani
Q758570	en	Sabela
Q758570	en	Ssabela
Q758570	en	Wao
Q758570	en	Wao Terero
Q758570	en	Waorani language
Q758659	en	Auckland Institute of Technology
Q758659	en	Auckland Technical Institute
Q758659	en	Auckland Technical School
Q758659	en	AUT
Q758659	en	AUT University
Q758659	en	Seddon Memorial Technical College
Q759770	en	Morom language
Q759992	en	Gor language
Q759995	en	Surbakhal language
Q760	en	Hewanorra
Q760	en	Iyonola
Q760	en	lc
Q760	en	lca
Q760	en	St Lucia
Q760	en	St. Lucia
Q760144	en	Anantapur
Q760714	en	Baugelepoor
Q760714	en	Baugelpoor
Q760714	en	Bhaugulpore
Q760714	en	Boglipore
Q760732	en	Naba language
Q761	en	Balstogė
Q761	en	Baltstogė
Q761	en	Bialystok
Q761	en	Biełastok
Q761	en	Bjalistok
Q761	en	Byalistok
Q761	en	Byelastok
Q761	en	Byelostok
Q761534	en	UGA
Q761534	en	uga.edu
Q7616385	en	Stieng language
Q763	en	Federation of Saint Christopher and Nevis
Q763	en	Federation of Saint Kitts and Nevis
Q763	en	Kitts & Nevis
Q763	en	Kitts and Nevis
Q763	en	Saint Christopher and Nevis
Q763	en	SKN
Q763	en	St Kitts & Nevis
Q763	en	St Kitts and Nevis
Q763	en	St. Kitts & Nevis
Q763	en	St. Kitts and Nevis
Q763015	en	Navoiy Shahri
Q7630429	en	Bira
Q7630429	en	Inanwatan
Q7630513	en	Asaba
Q7630513	en	Asaba language
Q7630513	en	Asabano language
Q7630513	en	Suarmin language
Q7630687	en	Simbiti dialect
Q7630687	en	Suba-Simbiti language
Q7631298	en	Subi language
Q7634386	en	Suena language
Q7634706	en	Suganga language
Q7636341	en	Sulka language
Q7636489	en	Panayan language
Q7636489	en	Sulod language
Q7636966	en	Sumariup language
Q7637021	en	Sumau language
Q7637055	en	Sumbwa language
Q7638087	en	Cumtu Chin
Q7638087	en	Cumtu language
Q7641864	en	Suoy language
Q7646993	en	Maler
Q7646993	en	Surui
Q7646993	en	Surui-Paiter
Q7646993	en	Suruí-Paíter
Q7646993	en	Surui-Sprache
Q7649752	en	Susuami language
Q7649910	en	Sutean language
Q7650407	en	Suundi language
Q7650588	en	Suwawa language
Q765418	en	Vasavi language
Q765887	en	Ozgon
Q765887	en	Uzgen
Q765887	en	Uzgend
Q766	en	Commonwealth of Jamaica
Q766	en	JA
Q7665661	en	São Paulo Kaingáng language
Q767018	en	Small Basic
Q7673105	en	Tabla language
Q7673105	en	Tanah Merah
Q7673650	en	Taabwa
Q7673650	en	Tabwa language
Q7673668	en	Tacahua-Yolotepec Mixtec
Q7674700	en	Tadyawan language
Q7675121	en	Tagabawa language
Q7675188	en	Tagbo language
Q7675188	en	Tagbu
Q7675300	en	Tagal Murut
Q7675300	en	Tagol language
Q7675300	en	Tagol Murut
Q7675351	en	Sudest language
Q7675351	en	Tagula
Q7675351	en	Tagula language
Q7675746	en	Tai Do
Q7675746	en	Tai Do language
Q7675746	en	Tai Yo language
Q7675751	en	Tai Blanc
Q7675751	en	Tai Kao
Q7675751	en	Tai Lai
Q7675751	en	Táy Khao
Q7675751	en	Thái Tráng
Q7675751	en	White Tai
Q7675753	en	Tai Hang Tong language
Q7675773	en	Red Shan
Q7675773	en	Red Tai
Q7675773	en	Shan Bamar
Q7675773	en	Shan Kalee
Q7675773	en	Shan-ni
Q7675773	en	Shanni
Q7675773	en	Tai Lai
Q7675773	en	Tai Leng
Q7675773	en	Tai Nai
Q7675784	en	Muak language
Q7675784	en	Tai Loi language
Q7675795	en	Tai Hang Tong
Q7675795	en	Tai Muong
Q7675795	en	Tai Pao language
Q7675798	en	Phake
Q7675798	en	Tai Phake language
Q7675842	en	Tai Thanh language
Q7676018	en	Taikat language
Q7676186	en	Tainae language
Q7676373	en	Tairora language
Q7676386	en	Tairuma language
Q7676870	en	Tajio language
Q7678544	en	Takua language
Q7678594	en	Takunyape language
Q7678594	en	Takunyapé language
Q7678964	en	Talaud language
Q7679471	en	Kadai language
Q7679530	en	Talinga language
Q7679530	en	Talinga-Bwisi
Q7680293	en	Talondo'
Q7680293	en	Talondo’ language
Q7680531	en	Tamagario language
Q7680531	en	Tamaraw language
Q7680531	en	Wiyagar language
Q7680671	en	Taman (Indonesia)
Q7680671	en	Taman language
Q7681065	en	Tambotalo language
Q7682361	en	Tanchangya language
Q7682361	en	Tangchangya
Q7682454	en	Tandia language
Q7682930	en	Tanggu language
Q7682992	en	Tangkhul language
Q7682992	en	Tangkhul Naga (India)
Q7682993	en	Tangko language
Q7683166	en	Tanguat language
Q7683179	en	Tangwang language
Q7684320	en	Taos language
Q7684673	en	Tapirape
Q7684673	en	Tapirape language
Q7684673	en	Tapirapé language
Q7685313	en	Caratiu
Q7685313	en	Caratiú
Q7685313	en	Tarairiu language
Q7685313	en	Tarairiú language
Q7685358	en	Taram language
Q7685430	en	Tarangan language
Q7686006	en	Tariang language
Q7687571	en	Tasmate language
Q7688634	en	Tauade language
Q7688832	en	Taupota language
Q7688978	en	Tauya language
Q7689158	en	Tavoyan dialects
Q7689158	en	tvn
Q7689206	en	Tawala language
Q7689247	en	Tawbuid language
Q7689337	en	Diebroud language
Q7689337	en	Taworta language
Q7689338	en	Laamtuk Thet
Q7689338	en	Tawr Chin
Q7689338	en	Tawr language
Q7689745	en	Tayabas Ayta language
Q769	en	gd
Q769	en	GRN
Q7690594	en	T'boli
Q7690594	en	Tagabili
Q7690594	en	Tboli language
Q7690709	en	Te'un language
Q7692059	en	Dubu language
Q7692059	en	Tebi language
Q7692089	en	Tebul Ure Dogon
Q7692795	en	Tecpatlan Totonac
Q7692927	en	San Jeronimo Tecoatl Mazatec
Q7692927	en	San Jerónimo Tecóatl Mazatec
Q7692927	en	Tecoatl Mazatec
Q7694618	en	Tefaro language
Q7694690	en	Jebel Tekeim
Q7694690	en	Tegem language
Q7694851	en	Tehit language
Q7695666	en	Tela-Masbuar
Q7695666	en	Tela’a language
Q7696150	en	Telefol language
Q7698064	en	Temein language
Q769809	en	Kaduo language
Q7698205	en	Temoq language
Q7699720	en	Tenetehara language
Q7699870	en	Tench
Q7699870	en	Tenis language
Q77	en	Eastern Republic of Uruguay
Q77	en	Oriental Republic of Uruguay
Q77	en	URU
Q77	en	uy
Q7701217	en	Tep language
Q7701797	en	Terebu language
Q7702572	en	Pa'da
Q7702572	en	Termanu language
Q7706087	en	Tetete
Q7706087	en	Tetete language
Q7706087	en	Teteté language
Q7706841	en	Tetserret language
Q7708880	en	Thachanadan language
Q7709156	en	Modern Standard Thai Sign Language
Q7709156	en	MSTSL
Q7709156	en	TSL
Q7709159	en	Thai Song language
Q7709348	en	Thakali language
Q7710314	en	Thangmi language
Q7711494	en	Thawa language
Q7737	en	Russian language
Q7737	en	Russkiy
Q7737	en	Russkiy yazyk
Q774	en	gt
Q774	en	GT
Q774	en	GTM
Q774	en	Republic of Guatemala
Q77433	en	Leganes
Q774441	en	Carnijó
Q774441	en	Fulnio
Q774441	en	Fulnio language
Q774441	en	Fulniô language
Q774441	en	Yaa:thê
Q774441	en	Yaté
Q774441	en	Yatê
Q774441	en	Yate language
Q774441	en	Yaté language
Q774441	en	Yatê-Fulniô
Q774520	en	IAU-019594
Q774520	en	UNIKIN
Q774520	en	unikin.ac.cd
Q774520	en	University of Kinshasa
Q775159	en	CLU (programming language)
Q776223	en	Université de Montpellier
Q776223	en	Université de Montpellier (2015-2021)
Q776223	en	Université de Montpellier (2022-....)
Q776223	en	University of Montpellier (1289-1969)
Q776223	en	University of Montpellier (2015-2021)
Q776965	en	Klaipeda
Q776965	en	Memel
Q776965	en	Mėmelis
Q778	en	Bahama Islands
Q778	en	Bahamas
Q778	en	Bahamas, The
Q778	en	bs
Q778	en	Commonwealth of the Bahamas
Q778	en	Commonwealth of The Bahamas
Q7786695	en	Tanglang
Q7786695	en	Tanglang-Toloza
Q7786695	en	Tholo language
Q7796015	en	Thopho language
Q779632	en	Kwere language
Q779819	en	GLSL
Q779819	en	GLslang
Q7799291	en	Turi
Q7800805	en	Tidaa Mixtec
Q7801784	en	Thie
Q7801784	en	Ti
Q7801784	en	Tii language
Q7802048	en	Diuxi-Tilantongo Mixtec
Q7803037	en	Tilung language
Q7804599	en	Timbe language
Q7806995	en	Timote language
Q7808195	en	Tingui-Boto
Q7808195	en	Tingui-Boto language
Q7808195	en	Tingui-Botó language
Q781	en	Antigua & Barbuda
Q781	en	Antigua-Barbuda
Q781	en	Antigua–Barbuda
Q7810394	en	Tiverighotto languages
Q7810394	en	Tiverikoto language
Q7810466	en	Lalung
Q7810466	en	Tiwa language
Q7811216	en	To language
Q7811403	en	Toaripi language
Q7811541	en	Tobagonian Creole English
Q7811556	en	Enggros
Q7811556	en	Enggros language
Q7811556	en	Tobati language
Q7811712	en	Tobo language
Q7812881	en	Todrah language
Q7813481	en	Tokano language
Q7818197	en	Tomadino language
Q7818692	en	Tombonuo
Q7818692	en	Tombonuwo language
Q7818911	en	Tomini language
Q7819095	en	Tommeginne language
Q7820988	en	Gitonga
Q7820988	en	Gitonga language
Q7820988	en	Tonga language
Q7820988	en	Xitonga
Q7821200	en	Tongwe language
Q782278	en	Epachtos
Q782278	en	Lepanto
Q782278	en	Naupactus
Q7824008	en	Toogee language
Q7824180	en	Toongo language
Q7824218	en	Rutooro language
Q7824218	en	Rutoro
Q7824218	en	Tooro language
Q7824977	en	Topoiyo language
Q782600	en	liu.se
Q7827518	en	Tora
Q7827518	en	Tora language
Q7827518	en	Torá language
Q7827899	en	Tosu language
Q7828387	en	Totoli language
Q7829037	en	doura
Q7829606	en	Towe language
Q7829606	en	Towei language
Q783	en	hn
Q783	en	HN
Q783	en	HND
Q783	en	HON
Q783	en	Honduran Republic
Q783	en	Republic of Honduras
Q784	en	Commonwealth of Dominica
Q784	en	dm
Q784	en	DMA
Q784	en	DOM
Q784	en	Island of Dominica
Q784	en	The Commonwealth of Dominica
Q784	en	Wai'tu kubuli
Q784	en	Wai‘tu kubuli
Q7842270	en	Trimuris language
Q7842360	en	Tring language
Q7842365	en	Tringgus language
Q7842365	en	Tringgus-Sembaan Bidayuh
Q7842493	en	Trinidad English Creole
Q7842493	en	Trinidadian Creole English
Q784502	en	Tinani language
Q7847648	en	Truka
Q7847648	en	Truka language
Q7847648	en	Truká language
Q7849438	en	Kotogut
Q7849438	en	Tsakwambo
Q7849438	en	Tsaukambo language
Q7849438	en	Tsokwambo
Q7852006	en	Tulehu language
Q7852460	en	Tuma-Irumu language
Q7852641	en	Tumleo language
Q7853636	en	Toura (Côte d'Ivoire)
Q7853636	en	Tura language
Q7854914	en	Turi language
Q7856508	en	Turumsa language
Q7856514	en	Turung language
Q7856961	en	Lebo' Vo' Kenyah
Q7856961	en	Long Wat
Q7856961	en	Tutoh language
Q7856987	en	Tutsa language
Q7856987	en	Tutsa Naga
Q7857052	en	Tutuba language
Q7857158	en	Tuwali Ifugao
Q7857158	en	Tuwali language
Q7857159	en	Tuwari language
Q7857160	en	Tuwat Amazigh language
Q7857204	en	Tuxinawa
Q7857204	en	Tuxinawa language
Q7857204	en	Tuxináwa language
Q7857217	en	Tuxa
Q7857217	en	Tuxa language
Q7857217	en	Tuxá language
Q7857412	en	Twana language
Q7857682	en	Twendi language
Q7859815	en	North Midland Tasmanian language
Q7859815	en	Tyerrernotepanner language
Q786	en	Dominicana
Q786	en	DomRep
Q786	en	RD
Q786	en	Republica Dominicana
Q786	en	República Dominicana
Q7862029	en	Tay Tac
Q7862029	en	Tay Tac language
Q7862029	en	Tày Tac language
Q7862281	en	Hamea
Q7862281	en	Haméa
Q7862281	en	Mea
Q7862281	en	Méa
Q7862281	en	Tiri
Q7862281	en	Tiri language
Q7862281	en	Tîrî language
Q7862789	en	Toli language
Q7862789	en	Tɔli language
Q787388	en	Rijeka University
Q787388	en	Sveučilište u Rijeci
Q787388	en	uniri.hr
Q7877531	en	Ufim language
Q7878123	en	Uisai language
Q7878321	en	Ukit language
Q7878623	en	Ukuriguma language
Q7878635	en	Ukwa language
Q7878769	en	Ulau-Suain language
Q7881036	en	Uma language
Q7881084	en	Umanakaina language
Q7881227	en	Uma' Lasan
Q7881227	en	Uma’ Lasan language
Q7881227	en	Western Kenyah
Q7881227	en	Western Kenyah language
Q7881346	en	Umbindhamu language
Q7881465	en	Umeda language
Q7881585	en	Umiray Dumaget Agta
Q7881585	en	Umiray Dumaget language
Q788174	en	Able Able
Q788174	en	Meriam language
Q788174	en	Meriam Mir
Q788174	en	Miriam-Mir
Q788174	en	Mœyam
Q788174	en	Mœyamau Ya
Q7881740	en	Umotina
Q7881740	en	Umotina language
Q7881740	en	Umotína language
Q7884126	en	Uneapa language
Q788423	en	Amba (Uganda)
Q788423	en	Amba language
Q7887299	en	Dohema
Q7887299	en	Endeve
Q7887299	en	Heve
Q7897776	en	Unubahe language
Q7899531	en	Ura (Vanuatu)
Q7899531	en	Ura language
Q7899602	en	Urali language
Q7899769	en	Urap language
Q7899769	en	Urapmin language
Q79	en	Arab Rep. Egypt
Q79	en	Arab Republic of Egypt
Q79	en	Misr
Q79	en	Rep. Egypt
Q79	en	Republic of Egypt
Q790	en	Ayiti
Q790	en	HAI
Q790	en	Haitian Republic
Q790	en	Hayti
Q790	en	ht
Q790	en	HT
Q790	en	Republic of Haiti
Q7900540	en	Uri language
Q7900603	en	Urigina language
Q7900609	en	Urim language
Q7900611	en	Urimo language
Q7901376	en	Uru-Pa-In language
Q7901389	en	Uruangnirin language
Q7901470	en	LSU
Q7901530	en	Urumi language
Q7901709	en	Usan language
Q7901714	en	Usarufa language
Q7902545	en	Ifo
Q7902545	en	Utaha language
Q7902577	en	Utarmbung language
Q7902619	en	Ute dialect
Q7903	en	ad-Dār al-Bayḍāʾ
Q7903	en	Anfa
Q7903	en	Bedawa
Q7903	en	Dar el-Beida
Q7903	en	White House
Q7903	en	الدار البيضاء
Q7903469	en	Utu language
Q7903995	en	Awinmul
Q7903995	en	Unwinjmil
Q7903995	en	Uwinymil language
Q7904082	en	Usu
Q7904085	en	Duduela language
Q7904085	en	Uyajitaya language
Q7904095	en	Doko-Uyanga
Q7904095	en	Uyanga language
Q7907798	en	Vaagri Booli language
Q7908480	en	Vaghri language
Q7912479	en	Valman language
Q7912479	en	Walman
Q7912582	en	Valpei language
Q7915259	en	Vanuma language
Q7915983	en	Varli language
Q7917585	en	Hayu
Q7917585	en	Vayu language
Q7917585	en	Wayu
Q7918	en	Bulgarian language
Q7918	en	Bŭlgarski
Q7918407	en	Vehes language
Q792	en	ESA
Q792	en	Republic of El Salvador
Q792	en	Salvador
Q792	en	sv
Q7928151	en	Vidunda language
Q7929052	en	Senggi language
Q7929052	en	Viid language
Q7930463	en	Soi language
Q793161	en	Äynallu
Q7932956	en	Vinza language
Q7937086	en	Viti language
Q7937210	en	Vitou language
Q794	en	ir
Q794	en	IRI
Q794	en	Islamic Rep. Iran
Q794	en	Islamic Republic of Iran
Q794	en	Persia
Q7942202	en	Voto language
Q7943647	en	Vunapu language
Q795327	en	Maale language
Q795327	en	Male (Ethiopia)
Q7958575	en	Waamwang language
Q7958576	en	Waama language
Q7958701	en	Wabo language
Q7958701	en	Woriasi language
Q7958705	en	Waboda language
Q7958930	en	Wadaginam language
Q7959249	en	Wadi Wadi language
Q7959375	en	Wae Rana language
Q7959375	en	Waerana
Q7959485	en	Wagawaga language
Q7959487	en	Wagaya language
Q7959487	en	Wakaya
Q7959489	en	Batjamalh
Q7959489	en	Wagaydy language
Q7959490	en	Wagdi language
Q7959569	en	Foran
Q7959569	en	Kamba
Q7959569	en	Wagi language
Q7959737	en	Wahau Kenyah language
Q7959888	en	Tabo
Q7959888	en	Waia language
Q7959937	en	Waigeo language
Q796	en	iq
Q796	en	Republic of Iraq
Q7960056	en	Waika language
Q7960056	en	Waiká language
Q7960056	en	Yanomam
Q7960056	en	Yanomami
Q7960056	en	Yanomámi
Q7960062	en	Ale language
Q7960062	en	Wailapa language
Q7960132	en	Waima'a
Q7960132	en	Waimoa language
Q7960241	en	Waioli language
Q7960726	en	Wajumara
Q7960726	en	Wajumará
Q7960726	en	Wajumara language
Q7960726	en	Wajumará language
Q7960726	en	Wayumara language
Q7960748	en	Wakabunga language
Q7960881	en	Mo
Q7960881	en	Wakde language
Q7961205	en	Wakona
Q7961205	en	Wakona language
Q7961205	en	Wakoná language
Q7961258	en	Walak language
Q7961277	en	Walangama language
Q7961957	en	Waling language
Q7961958	en	Walio language
Q7966909	en	Wamas language
Q7966922	en	Digul Wambon
Q7966922	en	Ketum Wambon
Q7966922	en	Wambon language
Q7966922	en	Yonggom Wambon
Q7966934	en	Agwamin language
Q7966934	en	Wamin language
Q7966946	en	Wampar language
Q7966957	en	Wampur language
Q7967057	en	Wanambre
Q7967057	en	Wanambre language
Q7967060	en	Wanap language
Q7967085	en	Wancho language
Q7967085	en	Wancho Naga
Q7967153	en	Wanda language
Q7967334	en	Chalgari
Q7967334	en	Tarino
Q7967334	en	Tarīno
Q7967334	en	Tsalgari
Q7967334	en	Vanechi
Q7967334	en	Wanechi
Q7967334	en	Waneci dialect
Q7967334	en	Wanetsi
Q7967334	en	Waṇetsi
Q7967859	en	Wangganguru dialect
Q7967859	en	Wangkangurru
Q7967860	en	Wanggamala language
Q7967891	en	Wangkumara language
Q7967891	en	wungummurra
Q7967989	en	Wanman language
Q7968184	en	Wantoat language
Q7968201	en	Waanji
Q7968201	en	Waanyi
Q7968201	en	Wanji
Q7968201	en	Wanyi language
Q7968772	en	Araicu language
Q7968772	en	Araikú
Q7968772	en	Waraiku language
Q7969260	en	Ware language
Q7969314	en	Wares language
Q7969453	en	Waritai language
Q7969851	en	Waropen language
Q7969971	en	Waray (Australia)
Q7969971	en	Warray language
Q7970852	en	Warrwa language
Q7970854	en	Warrongo
Q7971078	en	Waruna language
Q7971402	en	Wasembo language
Q797249	en	Koke language
Q7972683	en	Waskia language
Q7972892	en	Wasu language
Q7972975	en	Watakataui language
Q797302	en	B (programming language)
Q7974656	en	Wathawurrung language
Q7975070	en	Watubela language
Q7975084	en	Watut language
Q7975842	en	Wayampi language
Q7975850	en	Wayanad Chetti language
Q7979690	en	Weh language
Q7980503	en	Rawngtu Chin
Q7980503	en	Welaung language
Q7981017	en	Weliki language
Q7982165	en	Wemale language
Q7983230	en	Kiunum
Q7983230	en	Were language
Q7983284	en	Wergaia language
Q7984319	en	West Arawe language
Q7984377	en	West Banda language
Q7984377	en	West Central Banda
Q79848	en	Soton
Q79848	en	Southampton, Hampshire
Q79848	en	Southampton, UK
Q7985624	en	West Chaga
Q7985624	en	West Kilimanjaro language
Q79857	en	Iconium
Q79857	en	Mint of Iconium
Q79863	en	Chreba
Q79863	en	Cxinval
Q79863	en	Krtskhilvani
Q79863	en	Krtskhinvali
Q79863	en	Staliniri
Q79863	en	Tskhinvali
Q7987774	en	Lani language
Q7987774	en	Western Dani language
Q7988174	en	Western Popoloca language
Q7988202	en	Pwo Western Karen
Q7988202	en	Western Pwo language
Q7997684	en	Southern Lushootseed
Q7997684	en	Southern Puget Sound Salish
Q7997684	en	Southern Puget Sound Salish language
Q7997684	en	Twulshootseed
Q7997684	en	Whulshootseed dialect
Q79980	en	Banaras
Q79980	en	Benaras
Q79980	en	Benares
Q79980	en	Kashi
Q7998045	en	Wiarumus language
Q79990	en	Christchurch, New Zealand
Q79990	en	Garden City
Q7999800	en	Wik-Alken
Q7999800	en	Wik-Ngatharr dialect
Q7999800	en	Wikalkan
Q800	en	cr
Q800	en	CRC
Q800	en	CRI
Q800	en	Republic of Costa Rica
Q8000029	en	Bila’ language
Q8000029	en	Lowland Semang language
Q8000029	en	Wila' language
Q801	en	il
Q801	en	IL
Q801	en	ISR
Q801	en	State of Israel
Q801	en	Yisrael
Q802	en	Nay Sants
Q802	en	Naya Sandets
Q802	en	Neisantz
Q802	en	Neu-Sandez
Q802	en	New Sandec
Q802	en	Novi Sach
Q802	en	Novi Sansh
Q802	en	Nový Sacz
Q802	en	Nový Sadec
Q802	en	Nowy Sacz
Q802	en	Nowy Soncz
Q802	en	Sandec
Q802	en	Sandets
Q802	en	Sandz
Q802	en	Sants
Q802	en	Sanz
Q802	en	Tsants
Q802	en	Tzanz
Q802	en	Újszandec
Q8026711	en	Gidra
Q8026711	en	Jibu
Q8026711	en	Oriomo
Q8026711	en	Wipi language
Q8026955	en	Uirina language
Q8026955	en	Wirina language
Q8027044	en	Wiru language
Q8029061	en	Wogeo language
Q8029092	en	Wo'oi language
Q8029092	en	Woi language
Q8029096	en	Kamang
Q8029096	en	Woisika language
Q8029704	en	Woda language
Q8029704	en	Woda-Mo language
Q8029704	en	Wodani language
Q8029704	en	Wolani language
Q8030620	en	Wom (Papua New Guinea)
Q8030620	en	Wom language
Q8031646	en	Womo language
Q8032058	en	Wongo language
Q8034514	en	Woria language
Q8036912	en	Orlo language
Q8036912	en	Woro language
Q8039044	en	Wudhadhi dialect
Q8039044	en	Wuthathi
Q8039208	en	Wuliwuli language
Q8039305	en	Wurrugu language
Q8039349	en	Wusi language
Q8039370	en	Wutana language
Q804	en	pa
Q804	en	Republic of Panama
Q8042887	en	Santa Catarina Xanaguía
Q8042887	en	Xanaguia Zapotec
Q8042887	en	ztg
Q8042924	en	Santiago Xanica Zapotec
Q8044353	en	Xicotepec De Juarez Totonac
Q8044353	en	Xicotepec De Juárez Totonac
Q8044571	en	Asuriní of Xingú
Q8044571	en	Xingu Asurini
Q8044571	en	Xingu Asurini language
Q8044745	en	Xipinawa
Q8044745	en	Xipinawa language
Q8044745	en	Xipináwa language
Q8045299	en	Xuzhang Lalo language
Q8045299	en	Xuzhang language
Q8045635	en	Xaragure
Q8045635	en	Xaragure language
Q8045635	en	Xârâgurè language
Q8046372	en	Yaben language
Q8046383	en	Yabong language
Q8046394	en	Yabula Yabula
Q8046394	en	Yabula-Yabula language
Q8046690	en	Yagaria language
Q8046761	en	Yagwoia language
Q8046778	en	Yahadian language
Q8046792	en	Ruruhi'ip
Q8046792	en	Ruruhip
Q8046792	en	Ya'unk
Q8046792	en	Yahang language
Q8047026	en	Yaka language
Q8047041	en	Yakai language
Q8047041	en	Yakaikeke language
Q8047048	en	Kap
Q8047048	en	Yakamul language
Q8047298	en	Atamanu
Q8047298	en	Awaiya
Q8047298	en	Haruru
Q8047298	en	Jahalatane
Q8047298	en	Jalahatan
Q8047298	en	Yalahatan language
Q8047468	en	Yali language
Q8047534	en	Yalalag Zapotec
Q8047849	en	Iamalele
Q8047849	en	Yamalele language
Q8047913	en	Yamap language
Q8048022	en	Yambes language
Q8048030	en	Yamdena language
Q8048083	en	Yamna language
Q8048316	en	Yanda Dom
Q8048316	en	Yanda Dom Dogon
Q8048318	en	Yanda language
Q8048335	en	Yandruwandha language
Q80484	en	Batana
Q80484	en	Pataliputra
Q80484	en	Pātaliputra
Q80484	en	Pataliputta
Q80484	en	Pātaliputta
Q80484	en	Patan
Q80484	en	Patnā
Q8048537	en	Yang Zhuang language
Q8048561	en	Banda-Yangere
Q8048561	en	Yangere language
Q8048601	en	Yangliu language
Q8048663	en	Yangulam language
Q8048922	en	Yano language
Q8048928	en	Yanomamö language
Q8049134	en	Yaqay language
Q8049237	en	Yarawata language
Q8049590	en	Yarsun language
Q8049598	en	Yaruma language
Q8049598	en	Yarumá language
Q805	en	Rep. Yemen
Q805	en	Republic of Yemen
Q805	en	ye
Q8050300	en	Santa Ines Yatzechi Zapotec
Q8050300	en	Santa Inés Yatzechi Zapotec
Q8050328	en	Yau (Sandaun Province)
Q8050328	en	Yau language
Q8050336	en	Ulwa
Q8050336	en	Yaul language
Q8050346	en	Jaur
Q8050346	en	Yaur language
Q8050347	en	Yahuna
Q8050347	en	Yauna language
Q8050392	en	Southeastern Ixtlan Zapotec
Q8050392	en	Southeastern Ixtlán Zapotec
Q8050392	en	Yavesia Zapotec
Q8050463	en	Yawiyo language
Q8050479	en	Yawuru language
Q8050525	en	Yaygir language
Q8050525	en	Yaygir language, Australia
Q8050607	en	Yazi language
Q8050724	en	Maek
Q8050724	en	Ye-Maek language
Q805122	en	B.S.U.
Q805122	en	Ball U
Q805122	en	BSU
Q805122	en	bsu.edu
Q805122	en	cms.bsu.edu
Q805122	en	Digital Media Repository
Q805122	en	The Cardinals
Q8051324	en	Yei Zhuang language
Q8051326	en	Yei language
Q8051428	en	Yela language
Q8052020	en	Jabsch
Q8052020	en	Yabega
Q8052020	en	Yelmek language
Q8052024	en	Yelogu language
Q80522305	en	Damlanci language
Q8052531	en	Yerakai language
Q8052565	en	Yeretuar language
Q8052927	en	Yessan language
Q8052927	en	Yessan-Mayo
Q8053020	en	Yetfa language
Q8053020	en	Yetfa-Biksi
Q8053347	en	Yeyi language
Q8053734	en	Yinhawangka language
Q8053763	en	Yinwum dialect
Q8053819	en	Yir-Yoront language
Q8053828	en	Dangedl
Q8053828	en	Yirrk-Mel
Q8053828	en	Yirrk-Thangalkl dialect
Q8053831	en	Yis language
Q8053879	en	Yitha Yitha language
Q8053879	en	Yitha-Yitha
Q8054220	en	Yoba language
Q8054343	en	Yogad language
Q8054512	en	Yoidik language
Q8054817	en	Yoloxochitl Mixtec
Q8054978	en	Yong language
Q8055032	en	Yongnan languages
Q8055032	en	Yongnan Zhuang
Q8055849	en	Yorta Yorta language
Q8060437	en	Yugul language
Q8061062	en	Jumana language
Q8061062	en	Yumana language
Q8061430	en	Jupua language
Q8061430	en	Yupua language
Q8061430	en	Yupuá language
Q8061440	en	Yuki
Q8061440	en	Yuqui language
Q8062232	en	Yuyu language
Q8063756	en	Santa Maria Zacatepec Mixtec
Q8063756	en	Santa María Zacatepec Mixtec
Q8066018	en	Zanaki language
Q8066599	en	Zaramo Language
Q8068234	en	Zebak
Q8068234	en	Zebaki language
Q8068685	en	Zela language
Q8070885	en	Zhoa language
Q8071451	en	Zibusi language
Q8071960	en	Zimba language
Q8072097	en	Zimbabwean Sign Language
Q8072097	en	Zimbabwean sign languages
Q8072097	en	Zimsign
Q8072460	en	Zinza language
Q8072753	en	Sîshëë
Q8072753	en	Zire language
Q8072851	en	Zitsadegu language
Q8073148	en	Zo'é language
Q8073523	en	Zokhuo language
Q8074520	en	Yafi language
Q8074520	en	Zorop language
Q8074599	en	Zotung Chin
Q8074599	en	Zotung language
Q8078975	en	Ömie language
Q8083825	en	ǂHaba language
Q80985	en	Fes
Q80985	en	Fes, Morocco
Q80985	en	Fez, Morocco
Q80989	en	Bhojpal
Q80989	en	Bhoopal
Q80989	en	Bhupal
Q80989	en	City of Lakes
Q810	en	Giordania
Q810	en	Hashemite Kingdom of Jordan
Q810	en	HKJ
Q810	en	ISO 3166-1:JO
Q810	en	Kingdom of Jordan
Q810	en	State of Jordan
Q810	en	Yarden
Q810009	en	Basic Combined Programming Language
Q811	en	NCA
Q811	en	ni
Q811	en	NI
Q811	en	NIC
Q811	en	Republic of Nicaragua
Q81294	en	mma
Q81294	en	Wolfram Mathematica
Q813	en	kg
Q813	en	Kyrgyz Republic
Q81348	en	C minus minus
Q81398	en	Acapulco
Q81398	en	Acapulco de Juarez
Q8141	en	Israeli (Modern) Hebrew
Q8141	en	Israeli Hebrew
Q8141	en	Israeli Modern Hebrew
Q8141	en	Modern (Israeli) Hebrew
Q8141	en	Modern Israeli Hebrew
Q814984	en	Bekais
Q814984	en	Wekais
Q815352	en	Cal State
Q815352	en	California State University System
Q815352	en	calstate.edu
Q815352	en	CSU
Q815721	en	Neisse
Q815721	en	Neiße
Q81581	en	Segedin
Q81581	en	Segedín
Q81581	en	Segedo
Q81581	en	Segedyn
Q81581	en	Seghedin
Q81581	en	Seghedino
Q81581	en	Szegedin
Q816145	en	Minsk Radio Engineering Institute
Q81621	en	Fodfwans
Q81621	en	Fort de France
Q81621	en	Fort of France
Q81621	en	Fort-Royal
Q816699	en	Gemeente Culemborg
Q816699	en	Kuilenburg
Q816699	en	Kuylenburgh
Q817	en	kw
Q817	en	State of Kuwait
Q817247	en	Dvaraka
Q817247	en	Dvarika
Q817247	en	Dvarka
Q817247	en	Dwaraka
Q81788	en	Geeza
Q81788	en	Ghizeh
Q81788	en	Gizah
Q81788	en	Gizeh
Q81788	en	Jiza
Q81788	en	Jīzah
Q819	en	la
Q819	en	LAO
Q819	en	Lao PDR
Q819	en	Lao People's Democratic Republic
Q820235	en	San Cristobal
Q820235	en	San Cristobal City (Cordiality City)
Q82059	en	NASDAQ
Q82059	en	NASDAQ - All Markets
Q82059	en	Nasdaq Stock Market
Q82059	en	National Association of Securities Dealers Automated Quotations
Q820887	en	UniFI
Q820887	en	UNIFI
Q820887	en	unifi.it
Q820887	en	Universita degli studi di Firenze
Q820887	en	Università degli studi di Firenze
Q82185	en	Rochelle
Q822	en	lb
Q822	en	Lebanese Republic
Q822	en	Lubnan
Q822	en	Republic of Lebanon
Q822	en	State of Lebanon
Q822679	en	Garoe
Q822679	en	Garoowe
Q822679	en	Garove
Q822679	en	Groe
Q824594	en	Ennaḍor
Q82500	en	Sankt Pölten
Q826	en	MDV
Q826	en	mv
Q826	en	Republic of Maldives
Q82765	en	Allenstein
Q82765	en	Dajtki
Q83061	en	Van, Turkey
Q83065	en	Leicester, England
Q830842	en	chhattisgarhi
Q83178	en	Almere, Flevoland
Q83178	en	Almere, Netherlands
Q83189	en	Goiania
Q832026	en	East Gyalrongic
Q832026	en	Jiarong
Q832026	en	Jiarong languages
Q832026	en	rGyalrong
Q832026	en	Rgyalrong languages
Q83285	en	Durres
Q833	en	Federation of Malaysia
Q833	en	Malaysia Federation
Q833	en	MAS
Q833016	en	Tacuarembo
Q83317	en	Mosūl
Q83387	en	Amid
Q83387	en	Diarbekir
Q83387	en	Mint of Amid
Q83495	en	Matrix I
Q83495	en	The Matrix I
Q835960	en	Federal University of Sao Paulo
Q835960	en	Universidade de Sao Paulo
Q835960	en	Universidade de Sâo Paulo
Q835960	en	Universidade de São Paulo
Q835960	en	University of Sao Paulo
Q835960	en	USP
Q836	en	Burma
Q836	en	Republic of the Union of Myanmar
Q836	en	Union of Burma
Q836805	en	Chalmers
Q837	en	Bal-bo
Q837	en	Bal-po'i yul
Q837	en	Bal-yul
Q837	en	Balbo
Q837	en	Balpo
Q837	en	Balpo-yul
Q837	en	Federal Democratic Republic of Nepal
Q837	en	Naipál
Q837	en	Naipala
Q837	en	Naipála
Q837	en	Ne-pel
Q837	en	Necbal
Q837	en	Nehpal
Q837	en	Nei-pal
Q837	en	Nekbal
Q837	en	Nekpal
Q837	en	Népaal
Q837	en	Nepál
Q837	en	Népál
Q837	en	Nepall
Q837	en	Nepaul
Q837	en	Nercerri
Q837	en	Ni-po-lo
Q837	en	Ni-po-louo
Q837	en	Niepal
Q837	en	Nipal
Q837	en	Pa-eul-pou
Q837	en	Pa-le-pou
Q837	en	Pa-lo-pou
Q837	en	Pai-pou
Q837	en	Paï-pou
Q837	en	Palpa
Q837	en	Palpou
Q837164	en	University of Newcastle upon Tyne
Q837169	en	Early Mandarin
Q837257	en	Old Belarusian language
Q83786	en	Queen of Hills
Q83786	en	Simla
Q838165	en	Kajkavian dialect
Q838165	en	Kajkavian language
Q838165	en	Kajkavica
Q838165	en	Kajkavščina
Q838165	en	Kajkavština
Q838954	en	Sheberghān
Q838954	en	Shebirghan
Q838954	en	Shibarghan
Q838954	en	Shibirghan
Q839669	en	Lumumba University
Q839669	en	Patrice Lumumba University
Q839669	en	Peoples' Friendship University of Russia (RUDN University)
Q839669	en	Peoples’ Friendship University of Russia (RUDN University)
Q839669	en	Peoples' Friendship University of Russia named after Patrice Lumumba
Q839669	en	PFUR
Q839669	en	RUDN University
Q84	en	Augusta
Q84	en	Big Smoke
Q84	en	Kaerlud
Q84	en	Karelundein
Q84	en	LDN
Q84	en	Llan Dian
Q84	en	Llyn Dain
Q84	en	Loñ
Q84	en	Lon.
Q84	en	Loñ.
Q84	en	Lond.
Q84	en	Londini
Q84	en	Londiniensium
Q84	en	Londinio
Q84	en	Londinion
Q84	en	Londinium
Q84	en	London U.K.
Q84	en	London UK
Q84	en	London, England
Q84	en	London, UK
Q84	en	London, United Kingdom
Q84	en	Loniniensi
Q84	en	Lunden
Q84	en	Lundenburgh
Q84	en	Lundenburh
Q84	en	Lundenwic
Q84	en	the Big Smoke
Q84	en	Trinovantum
Q840543	en	IBM RPG
Q840543	en	Report Program Generator
Q841704	en	I'saka language
Q841704	en	Krisa
Q842	en	om
Q842	en	omn
Q842	en	Sultanate of Oman
Q842	en	Uman
Q842869	en	Berde
Q843	en	Hồi Quốc
Q843	en	Islamic Republic of Pakistan
Q843	en	PAK
Q843	en	pk
Q843	en	Republic of Pakistan
Q843	en	Tây Hồi
Q843138	en	Bhadgaon
Q843138	en	Bhaktapur Municipality
Q843138	en	Bhaktapur Nagarpalika
Q843138	en	Bhatgaon
Q843138	en	Khvapa
Q843138	en	Khwopa
Q844300	en	Hakuchi
Q844300	en	Hakuchi Adyghe dialect
Q844417	en	Mji Mkongwe
Q844417	en	Stone Town of Zanzibar
Q844430	en	Phuket City Municipality
Q844430	en	Phuket Town
Q844595	en	/bin/sh
Q844595	en	sh
Q845662	en	Bandar
Q845662	en	Masulipatam
Q845662	en	Masulipathnam
Q845662	en	Masulipatnam
Q845720	en	Espiritu Santo
Q845720	en	Sancti Spiritus
Q846	en	qa
Q846	en	qat
Q846	en	State of Qatar
Q847064	en	Francamglais
Q847064	en	Francanglais
Q8475	en	ICPO
Q8475	en	International Criminal Police Commission
Q8475	en	International Criminal Police Organization
Q8475	en	International Police Organization
Q8475	en	INTERPOL
Q8475	en	OIPC
Q848638	en	Hazrat-i Turkestan
Q848638	en	Turkestan
Q848638	en	Türkistan
Q848638	en	Turkiston
Q848638	en	Yasi
Q849146	en	CL
Q849751	en	YorkU
Q850247	en	Pandidakterion
Q851	en	Kingdom of Saudi Arabia
Q851	en	KSA
Q851	en	Saudi
Q851164	en	BCE
Q851164	en	Budapest University of Economic Sciences
Q851164	en	Corvinus
Q851164	en	CUB
Q851164	en	Karl Marx University of Economic Sciences
Q851164	en	Karl Marx University of Economics
Q85300	en	I. Mechnikov National University
Q85300	en	I. Mechnikov Odesa National University
Q85300	en	I. Mechnikov ONU
Q85300	en	Illya Mechnikov Odesa National University
Q85300	en	Imperial Novorossiya University
Q85300	en	Imperial Novorossiysk University
Q85300	en	Odesa I. Mechnikov National University
Q85300	en	Odesa National University
Q85300	en	University of Odessa
Q853258	en	Vallarta
Q853414	en	Cappadocian Greek (Greece)
Q853414	en	Cappadocian Greek language
Q853785	en	Soroka
Q853785	en	Soroke
Q853785	en	Soroky
Q854	en	ce
Q854	en	Ceylan
Q854	en	Ceylon
Q854	en	Democratic Socialist Republic of Sri Lanka
Q854	en	Lanka, Sri
Q854	en	lk
Q854	en	lke
Q854	en	Serendib
Q854	en	sri
Q854	en	SRI
Q854	en	Srilanka
Q854	en	Taprobane
Q854280	en	KTH
Q854280	en	KTH Kungliga Tekniska högskolan
Q854280	en	KTH Royal Institute of Technology
Q854280	en	Kungliga Tekniska högskolan
Q854280	en	Osqavia
Q854280	en	Royal Technical University
Q854280	en	Tekniska högskolan i Stockholm
Q854280	en	Teknologiska institutet (Stockholm, Sweden)
Q854333	en	Tokmak
Q85449	en	Igor Sikorsky KPI
Q85449	en	KPI
Q85449	en	Kyiv Polytechnic Institute
Q85449	en	National Technical University of Ukraine
Q85449	en	National Technical University of Ukraine "Igor Sikorsky Kyiv Polytechnic Institute"
Q85449	en	National Technical University of Ukraine «Kyiv Polytechnical Institute»
Q85449	en	NTUU KPI
Q855215	en	ancient Iberian language
Q855215	en	Iberian language
Q855215	en	xib
Q855236	en	Greenlandic
Q855236	en	Greenlandic Norse language
Q8564176	en	Foia Foia language
Q85740288	en	Ajuwa language
Q85740319	en	Akpondu language
Q85741012	en	Alovas language
Q85746016	en	BISL
Q85746016	en	French Harbour Sign Language
Q85758671	en	Beneraf language
Q85758671	en	Edwas language
Q85760309	en	Faifi language
Q85760309	en	Fayfiya
Q85760309	en	Hawlaniya
Q85760309	en	Ḫawlāniya
Q85760486	en	Fanafo language
Q85760486	en	Se
Q85767165	en	Hometwoli dialect
Q85767165	en	Humetwadi
Q85773285	en	Kadallu language
Q85773292	en	Kagare language
Q85774962	en	Kovojab language
Q85775085	en	Kulung language
Q85775941	en	Lau language
Q85776228	en	Leitre language
Q857858	en	Oneida language
Q85786287	en	Mores language
Q85787671	en	Najit language
Q85789074	en	Nigbo language
Q85789179	en	Nincut language
Q85789220	en	Nisam language
Q85789256	en	Njav language
Q85790048	en	Nyifon language
Q85798106	en	Rubaruba language
Q85798227	en	Rutan language
Q858	en	Surya
Q858	en	Syrian Arab Republic
Q85805206	en	Tarama language
Q85809562	en	Tikhir language
Q85845773	en	Dalkalaen language
Q85970302	en	Bunduliwan
Q85970302	en	Dusun language
Q85970302	en	Kadazan-Sugut-Minokok
Q860029	en	Dai Chin
Q860029	en	Dai language
Q860315	en	Batek language
Q863	en	Republic of Tajikistan
Q863	en	tj
Q863	en	TJK
Q863721	en	Tunia language
Q863726	en	Zan Gula language
Q863813	en	Binghamton University, State University of New York
Q863813	en	binghamton.edu
Q863813	en	Harpur College
Q863813	en	State University of New York at Binghamton
Q863813	en	State University of New York, Binghamton
Q863813	en	SUNY Binghamton
Q863813	en	Syracuse University Triple Cities College
Q863813	en	Triple Cities College
Q8646	en	HKSAR
Q8646	en	Hong Kong SAR
Q8646	en	Hong Kong SAR, China
Q8646	en	Hong Kong Special Administrative Region
Q8646	en	Hong Kong Special Administrative Region of the People's Republic of China
Q8646	en	Hong Kong, China
Q8646	en	Hongkong
Q865	en	China, Republic of
Q865	en	Chinese Republic
Q865	en	Chinese Taipei
Q865	en	Chunghwa Minkuo
Q865	en	Chunghwa Minkwo
Q865	en	Formosa
Q865	en	Free China
Q865	en	Nationalist China
Q865	en	Republic of China
Q865	en	Republic of China (Taiwan)
Q865	en	ROC
Q865	en	Taiwan ROC
Q865	en	The ROC
Q865	en	TPE
Q865	en	TW
Q865	en	TWN
Q867086	en	Bisaya
Q867086	en	Bisayan Declarado
Q867086	en	Bisayan Diklaradu
Q867086	en	Bisayan-Eskaya
Q867086	en	Eskaya
Q867086	en	Eskayan language
Q867086	en	Eskayano
Q867086	en	Ineskaya
Q867086	en	Iniskaya
Q867086	en	Iskaya
Q8673	en	Lagos City
Q867586	en	As Salt
Q867586	en	Saltus
Q868203	en	Oshogbo
Q868203	en	Oṣogbo
Q8684	en	Gyeongseong
Q8684	en	Hanseong
Q8684	en	Hanyang
Q8684	en	Keijō
Q8684	en	Keijou
Q8684	en	Namgyeong
Q8684	en	Seoul Special City
Q8684	en	Sŏul T'ŭkpyŏlsi
Q8684	en	Wiryeseong
Q869	en	Kingdom of Siam
Q869	en	Kingdom of Thailand
Q869	en	Prathet Thai
Q869	en	Ratcha-anachak Thai
Q869	en	Siam
Q869	en	th
Q869	en	THA
Q869	en	Thai
Q869	en	The Kingdom of Siam
Q869	en	The Kingdom of Thailand
Q8693	en	Coswig (Saxony)
Q8693	en	Coswig/Saxony
Q87	en	Al Iskandariya
Q87	en	Alexandria, Egypt
Q87	en	Iskandariyya
Q87	en	Mediterranean's Bride
Q87	en	Pearl of the Mediterranean
Q871369	en	Mozarteum Salzburg
Q871369	en	University Mozarteum Salzburg
Q874	en	TKM
Q874	en	tm
Q874	en	Turkmenia
Q875	en	Ust-Abakanskoe
Q8761579	en	Ullatan language
Q876191	en	Peekskill, New York
Q876191	en	Peekskill, NY
Q877925	en	QUB
Q877925	en	Queen's College
Q877925	en	Queen's College, Belfast
Q877925	en	Queen’s University of Belfast
Q877925	en	Queen's University, Belfast
Q877925	en	Queens University of Belfast
Q877925	en	The Queen's University Belfast
Q878	en	ae
Q878	en	Emirates
Q878	en	the Emirates
Q878	en	the U.A.E.
Q878	en	the UAE
Q878	en	the United Arab Emirates
Q878	en	U.A.E.
Q8786	en	Alemannic Alsatian
Q8786	en	Alsatian Alemannic German
Q8786	en	Alsatian dialect
Q8786	en	gsw-fr
Q88	en	Alexandria, VA
Q88	en	Alexandria, Virginia
Q88	en	City of Alexandria
Q88	en	City of Alexandria, Virginia
Q880301	en	frc
Q881	en	Socialist Republic of Viet Nam
Q881	en	Socialist Republic of Vietnam
Q881	en	SRV
Q881	en	VIE
Q881	en	Viet Nam
Q881	en	Việt Nam
Q881	en	VN
Q881	en	VNM
Q8821	en	Crnogorski
Q8821	en	Montenegrin language
Q8826	en	Palma de Mallorca
Q8826802	en	Barwe language
Q8826802	en	Chibarwe
Q8827053	en	Baras language
Q8828608	en	bacan
Q8828608	en	Bacan
Q8828608	en	bacan language
Q8828608	en	Bacan language
Q8828608	en	bacanese
Q8828608	en	Bacanese
Q8828608	en	bacanese language
Q8828608	en	Bacanese language
Q8828608	en	Bacanese Malay language
Q8828608	en	bachan
Q8828608	en	Bachan
Q8828608	en	Bachan language
Q8828608	en	bachanese language
Q8828608	en	batjan
Q8828608	en	Batjan
Q8828608	en	batjan language
Q8828608	en	Batjan language
Q8828787	en	Batuley language
Q8836490	en	Bende language
Q8836662	en	Bendi language
Q884	en	Choson
Q884	en	Daehan Minguk
Q884	en	Daehanminguk
Q884	en	Hanguk
Q884	en	Korea (South)
Q884	en	Korea Republic
Q884	en	Rep. Korea
Q884	en	Republic of Korea
Q884	en	S. Korea
Q884	en	Silla
Q8840465	en	Behoa
Q8840465	en	Behoa language
Q8840465	en	Besoa language
Q8840773	en	Bhalay language
Q8840900	en	Bhatola language
Q8841054	en	Bhatri language
Q8841168	en	Bhaya language
Q8841766	en	Bhunjia language
Q8841889	en	Bian Marind language
Q8842027	en	Biangai language
Q8842159	en	Biao Mon language
Q8842159	en	Changping Mien
Q8842355	en	Bidjara
Q8842355	en	Bidyara language
Q8842355	en	Pitjara
Q8842956	en	White Lachi language
Q8843040	en	White Gelao language
Q8843362	en	Belubaa
Q8843362	en	Bilba language
Q8843362	en	Bilbaa
Q8843664	en	Bina language
Q8844749	en	Bisorio language
Q8845514	en	Bo language
Q889	en	Affghanistan
Q889	en	Affghanisthan
Q889	en	Affghaunistan
Q889	en	Afghania
Q889	en	Afghanisthan
Q889	en	Afghaunistan
Q889	en	Afghaunistaun
Q890884	en	UEM
Q890884	en	uem.mz
Q890884	en	Universidade Eduardo Mondlane
Q8969	en	Cancoon
Q8969	en	Cancún
Q8969	en	Cancun, Mexico
Q8969	en	Cancun, Quintana Roo
Q9006723	en	Allentiac language
Q9006744	en	Cambioá
Q9006744	en	Kambiwa
Q9006744	en	Kambiwa language
Q9006744	en	Kambiwá language
Q9006747	en	Bohurá
Q9006747	en	Mura-Bohurá language
Q902	en	Bangla Desh
Q902	en	bd
Q902	en	Country of Bengal
Q902	en	Land of Bengal
Q902	en	People's Republic of Bangladesh
Q9027	en	Svenska
Q9027	en	swed1254
Q9027	en	Swedish language
Q903092	en	Debreceni Egyetem
Q9040772	en	Hmongic languages
Q9040772	en	Miao
Q9043	en	Norwegian language
Q9051	en	Lëtzebuergesch
Q9051	en	Luxembourg language
Q9051	en	Luxembourgish language
Q9051	en	Luxemburgish
Q9051	en	Luxemburgish language
Q9058	en	Slovak language
Q9058	en	Slovakian
Q9058	en	Slovakian language
Q906	en	Čelâbinsk
Q906	en	Cheliabinsk
Q9067	en	hu
Q9067	en	Hungarian language
Q9067	en	Magyar
Q9067	en	Magyar language
Q9067	en	Modern Hungarian
Q9067	en	Modern Hungarian language
Q9078	en	Latvian language
Q9078	en	Latviešu
Q9078	en	Lettish
Q9078	en	Lettish language
Q9083	en	Lietuvių
Q9083	en	Lithuanian language
Q9091	en	Belarus language
Q9091	en	Belarusan
Q9091	en	Belarusan language
Q9091	en	Belarusian language
Q9091	en	Belarussian
Q9091	en	Belarussian language
Q9091	en	Belorusian
Q9091	en	Belorusian language
Q9091	en	Belorussian
Q9091	en	Belorussian language
Q9091	en	Bielarusian
Q9091	en	Bielarusian language
Q9091	en	Bielaruskaja
Q9091	en	Bielorusian
Q9091	en	Bielorusian language
Q9091	en	Bielorussian
Q9091	en	Bielorussian language
Q9091	en	Byelorussian
Q9091	en	Byelorussian language
Q9091	en	White Russian
Q9091	en	White Russian language
Q9096758	en	Xukurú
Q9096758	en	Xukuru language
Q912	en	ml
Q912	en	Republic of Mali
Q914077	en	Colombia Kuna
Q914077	en	Colombia Kuna language
Q914077	en	Cuna
Q914077	en	Guna
Q914077	en	Guna language
Q914077	en	Kuna (Colombia)
Q914077	en	Kuna (Panama)
Q914077	en	Kuna language
Q914077	en	Panama Kuna
Q916	en	ao
Q916	en	Ngola
Q916	en	Republic of Angola
Q9168	en	Farsi language
Q9168	en	Farsic-Caucasian Tat
Q9168	en	Farsic–Caucasian Tat
Q9168	en	Iranian
Q9168	en	Iranian language
Q9168	en	Persian language
Q917	en	BHU
Q917	en	bt
Q917	en	Kingdom of Bhutan
Q9192	en	Guanhua
Q9192	en	Mandarin Chinese
Q9205	en	Cambodian language
Q9205	en	Central Khmer
Q9205	en	Khmer language
Q921	en	bn
Q921	en	BRN
Q921	en	BRU
Q921	en	Brunei Darussalam
Q921	en	Nation of Brunei, the Abode of Peace
Q921	en	Negara Brunei Darussalam
Q9211	en	Lao language
Q9211	en	Laotian
Q9211	en	Laotian language
Q921304	en	Antakarinya language
Q92161	en	Hsinking
Q92161	en	Xinjing
Q9217	en	Central Thai
Q9217	en	Siamese
Q9217	en	Siamese language
Q9217	en	Thai language
Q92212	en	Oppeln
Q9229310	en	Bolongan language
Q9229310	en	Bulungan
Q9229310	en	Bulungan language
Q9229830	en	Bualkhaw Chin language
Q9229830	en	Bwalkaw
Q9230148	en	Bukit Malay language
Q9231909	en	Kayan Busang language
Q9232446	en	Bwatoo language
Q923610	en	Pontifical Catholic University of Minas Gerais
Q923610	en	Pontificia Universidade Catolica de Minas Gerais
Q9237	en	Malay language
Q9237	en	Malay macrolanguage
Q9237	en	Malay-Indonesian
Q9237	en	Malay–Indonesian
Q924	en	Tanzania, United Republic of
Q924	en	tz
Q924	en	tza
Q924	en	United Republic of Tanganyika and Zanzibar
Q924	en	United Republic of Tanzania
Q9240	en	Bahasa
Q9240	en	bahasa Indonesia
Q9240	en	Indonesian language
Q924405	en	Carapana language
Q92561	en	City of London
Q92561	en	London, ON
Q92561	en	London, Ontario
Q926551	en	Betoi language
Q926551	en	Betoi-Jirara
Q926551	en	Betoy
Q926551	en	Jirara
Q926742	en	Chadong language
Q9270	en	Thimpu
Q9270	en	ཐིམ་ཕུ་
Q9279	en	Bandar
Q9279	en	Bandar Brunei
Q9279	en	Brunei Town
Q9279	en	BSB
Q9279	en	Seri Begawan
Q928	en	Philippine Islands
Q928	en	Republic of the Philippines
Q928	en	RP
Q928	en	The Philippines
Q9288	en	Hebrew language
Q9288	en	Ivrit
Q9288	en	Iwrit
Q929	en	CAF
Q929	en	CAR
Q929	en	Central Africa
Q929	en	cf
Q92927167	en	Modern Gaulish language
Q9296	en	Macedonian language
Q9296	en	Makedonski
Q9296	en	Slavic Macedonian
Q9296	en	Slavomacedonian
Q9299	en	Serbian language
Q9299	en	Srpski
Q930528	en	UNITN
Q930528	en	unitn.it
Q930528	en	Universita degli Studi di Trento
Q930528	en	Universitá degli Studi di Trento
Q930528	en	Università degli Studi di Trento
Q930579	en	Aequian language
Q9307	en	Galician language
Q93230	en	Pindi
Q93230	en	Rawal Pindi
Q932886	en	Chalcedon
Q932886	en	Kadikoy
Q93323	en	Chrzanow
Q93323	en	Chrzanůw
Q93323	en	Krenau
Q93323	en	Kshanov
Q93338	en	Ain-Tab
Q93338	en	Aintab
Q93338	en	Antep
Q9344891	en	Ikpeng language
Q934541	en	Hái-nâm-jî
Q934541	en	Hái-nâm-oe
Q934541	en	Hhai3 nam2 ue1
Q934541	en	Qióng yǔ
Q9347	en	Malé City
Q934738	en	Hlai language
Q93482	en	Eclipse Ceylon
Q9365	en	Dyushambe
Q9365	en	Stalinabad
Q93935237	en	Balong language
Q93936908	en	Lwal
Q93937013	en	Mpiin language
Q940486	en	Peco' Creole
Q940486	en	Pecok
Q940486	en	Petjo language
Q940486	en	Petjok
Q940919	en	Central Utah Vocational School
Q940919	en	Utah Technical College at Provo
Q940919	en	Utah Trade Technical Institute
Q940919	en	Utah Valley Community College
Q940919	en	Utah Valley State College
Q940919	en	UVU
Q940919	en	uvu.edu
Q942591	en	Dangaleat
Q942591	en	Dangaleat language
Q942591	en	Dangaléat language
Q9427	en	Timbuctoo
Q9427	en	Timbuktoo
Q9427	en	Tombouctou
Q9427	en	Tumbutu
Q943759	en	Ho Chi Minh City National University
Q943759	en	VNU-HCM
Q943759	en	VNUHCM
Q94473	en	Ternopil State Medical University
Q945	en	tg
Q945	en	Togolese Republic
Q945482	en	Cacan language
Q945482	en	Cacán language
Q945482	en	Kakán
Q945482	en	Kakán language
Q948	en	Republic of Tunisia
Q948	en	tn
Q948	en	TUN
Q948	en	Tunisian Republic
Q949746	en	Cox's Bazaar
Q949746	en	Palongkee
Q949746	en	Panowa
Q951305	en	Cape Town University
Q951305	en	South African College
Q951305	en	uct.ac.za
Q952133	en	Dobu language
Q953	en	Republic of Zambia
Q953	en	ZAM
Q953	en	Zed
Q953	en	zm
Q953421	en	Panteion University of Social and Political Sciences
Q953421	en	Panteion University School of Political Sciences
Q954	en	Republic of Zimbabwe
Q954	en	Rhodesia
Q954	en	Southern Rhodesia
Q954	en	Zimbabwe Rhodesia
Q954035	en	Bradford Institute of Technology
Q954035	en	Bradford Technical College
Q954035	en	Bradford University
Q954035	en	The University of Bradford
Q954916	en	Ayabakan
Q954916	en	Pakanha language
Q955609	en	UFerrara
Q955609	en	UNIFE
Q955609	en	unife.it
Q955609	en	Universita degli Studi di Ferrara
Q955609	en	Università degli Studi di Ferrara
Q956	en	Bākgīng
Q956	en	Beeijing
Q956	en	Bei Jing Shi
Q956	en	Běijīng
Q956	en	Beijing Shi
Q956	en	Beiping
Q956	en	BJ
Q956	en	Chi
Q956	en	Chi-ch'eng
Q956	en	Chi-ch’êng
Q956	en	Chi-cheng
Q956	en	Chung-tu
Q956	en	Chungtu
Q956	en	Ji
Q956	en	Jicheng
Q956	en	Khanbalik
Q956	en	Khanbaliq
Q956	en	Pak-kiann
Q956	en	Pe-king
Q956	en	Pei-ching
Q956	en	Pei-p'ing
Q956	en	Pei-ping
Q956	en	Peip'ing
Q956	en	Peiping
Q956	en	Pekin
Q956	en	Peking Shi
Q956	en	Poh-cin
Q956	en	Shun-t'ien
Q956	en	Shun-tien
Q956	en	Shuntian
Q956	en	Shuntian Fu
Q956	en	Shuntianfu
Q956	en	Yan-ching
Q956	en	Yanjing
Q956	en	Yanking
Q956	en	Zhongdu
Q957945	en	North Tanna language
Q958	en	Republic of South Sudan
Q958	en	Southern Sudan
Q958	en	ss
Q958	en	SSD
Q959	en	Haishenwei
Q959	en	Port-May
Q959	en	Vladyvostok
Q96	en	Mexican Republic
Q96	en	Mexican United States
Q96	en	mx
Q96	en	MXN
Q96	en	United Mexican States
Q96	en	United States of Mexico
Q96	en	US of M
Q961982	en	Southern University of Chile
Q961982	en	UACh
Q961982	en	Universidad Austral
Q961982	en	Universidad Austral de Chile
Q962	en	BEN
Q962	en	BJ
Q962	en	Dahomey
Q962	en	Republic of Benin
Q96238391	en	Duun language
Q962392	en	Desano language
Q9627356	en	Kõ'neá
Q963	en	bw
Q963	en	Lefatshe la Botswana
Q963	en	Republic of Botswana
Q963636	en	Tshwa language
Q963636	en	Tsoa
Q96391159	en	Län language
Q96391159	en	Len
Q96395137	en	Dre
Q96395137	en	Ndre language
Q96413038	en	Urequena language
Q96419475	en	Thaagurda language
Q964716	en	Chalchitec
Q965	en	bf
Q965	en	Republic of Burkina Faso
Q965	en	Republic of Upper Volta (-1984)
Q966303	en	Ughele language
Q966883	en	Pisabo language
Q967	en	bi
Q967	en	Gouvernement du Burundi
Q967	en	Republic of Burundi
Q967	en	Republika y'Uburundi
Q967031	en	Jebero language
Q967031	en	Shiwilu language
Q970	en	al-Ittiḥād al-Qumurī
Q970	en	Juzur al-Qamar
Q970	en	Juzur al-Qumur
Q970	en	km
Q970	en	Massiwa ya komori
Q970	en	ouvoimoja wakomori
Q970	en	the Comoros
Q970	en	Udzima wa Komori
Q970	en	Union des Comores
Q970	en	Union of the Comoros
Q971	en	cg
Q971	en	CGO
Q971	en	Congo
Q971	en	Congo (Brazzaville)
Q971	en	Congo Republic
Q971	en	Congo-Brazzaville
Q971	en	Rep. Congo
Q971	en	Republic of Congo
Q971	en	Republique du Congo
Q971	en	République du Congo
Q97183856	en	Guainia language
Q97208235	en	Tomun Dayak
Q973097	en	Microsoft Visual J++
Q97356879	en	Barman language
Q973685	en	Cheremis
Q973685	en	Cheremis language
Q973685	en	Mari language
Q974	en	cd
Q974	en	COD
Q974	en	Congo
Q974	en	Congo (Kinshasa)
Q974	en	Congo-Kinshasa
Q974	en	D.R.C.
Q974	en	Dem. Rep. Congo
Q974	en	Dem. Republic of Congo
Q974	en	Dem. Republic of the Congo
Q974	en	Democratic Republic of Congo
Q974	en	DR Congo
Q974	en	DRC
Q974	en	Zaire
Q974328	en	Universität Liechtenstein
Q97484838	en	Mainatari language
Q97506217	en	Parawana language
Q97506224	en	Aroaqui language
Q97514543	en	Mepuri language
Q975399	en	Martuthunira language
Q975399	en	Martuyhunira
Q97550641	en	Cararí language
Q975594	en	cython
Q97573433	en	Guiano
Q97573433	en	Guiano language
Q97573433	en	Guinau language
Q97620733	en	Woodvale
Q97657223	en	Kolong language
Q976953	en	Faita language
Q976953	en	faj
Q976953	en	Kulsab
Q976953	en	Kulsab language
Q976953	en	Kursav
Q976953	en	Kursav language
Q977	en	dj
Q977	en	Gabuuti
Q977	en	Jabuuti
Q977	en	Jībūtī
Q977	en	Republic of Djibouti
Q977255	en	Plunge
Q977781	en	Malmö University College
Q977781	en	mau.se
Q977808	en	Bella Coola
Q977808	en	Nuxalk language
Q977808	en	Nuxálk language
Q978185	en	.ts
Q978185	en	TS
Q9783	en	Remunj
Q98078043	en	Hairúya language
Q98078075	en	Mikira language
Q98078568	en	Parkatêjê dialect
Q98098861	en	Southern Kayapó language
Q98113728	en	Kỳikatêjê language
Q98113954	en	Krĩkatí language
Q98113977	en	Krikati
Q98113977	en	Pykobjê language
Q9824	en	Turmeric City
Q983	en	GEQ
Q983	en	gq
Q983	en	Republic of Equatorial Guinea
Q983540	en	Pullman, WA
Q983540	en	Pullman, Washington
Q9844	en	Hellimond
Q9844	en	Héllimond
Q98447483	en	Guariba Arára language
Q986	en	er
Q986	en	ERI
Q986	en	Ertrā
Q986	en	IRI
Q986	en	Iritriyā
Q986	en	State of Eritrea
Q9863	en	Salem, Tamil Nadu
Q986984	en	Neustadt
Q986984	en	Neustadt in Oberschlesien
Q9885	en	Cotton City
Q9885	en	Kovai
Q9885	en	Koyambuthur
Q9885	en	Koyampuththur
Q9920	en	Haarlem, North Holland
Q9920	en	Haerlem
Q992830	en	SCU
Q992830	en	University of Santa Clara
Q994	en	Tbilisi, Georgia
Q994	en	Tbilissi
Q994	en	Tiflis
Q994	en	Tpilisi
Q994	en	Tpilissi
Q994514	en	Rangpur, Bangladesh
