table	leftCategory	rightCategory
AB	P00001	X00052
AB	P00001	X00053
AB	P00001	X00054
AB	P00001	X00055
AB	P00001	X00056
AB	P00001	X00057
AB	P00001	X00058
AB	P00001	X00059
AB	P00001	X00060
AB	P00001	X00061
AB	P00001	X00062
AB	P00001	X00063
AB	P00001	X00064
AB	P00001	X00065
AB	P00001	X00066
AB	P00001	X00067
AB	P00001	X00068
AB	P00001	X00069
AB	P00001	X00070
AB	P00001	X00071
AB	P00001	X00072
AB	P00001	X00073
AB	P00001	X00074
AB	P00001	X00075
AB	P00001	X00076
AB	P00001	X00077
AB	P00001	X00078
AB	P00001	X00079
AB	P00001	X00080
AB	P00001	X00081
AB	P00001	X00082
AB	P00001	X00083
AB	P00001	X00084
AB	P00001	X00085
AB	P00001	X00086
AB	P00001	X00087
AB	P00001	X00088
AB	P00001	X00089
AB	P00001	X00090
AB	P00001	X00091
AB	P00001	X00092
AB	P00001	X00093
AB	P00001	X00094
AB	P00001	X00095
AB	P00001	X00096
AB	P00001	X00097
AB	P00001	X00098
AB	P00001	X00099
AB	P00001	X00100
AB	P00001	X00101
AB	P00001	X00102
AB	P00001	X00103
AB	P00001	X00104
AB	P00001	X00105
AB	P00001	X00106
AB	P00002	X00375
AB	P00003	X00143
AB	P00003	X00146
AB	P00003	X00164
AB	P00003	X00187
AB	P00003	X00202
AB	P00003	X00203
AB	P00003	X00229
AB	P00003	X00231
AB	P00003	X00232
AB	P00003	X00233
AB	P00004	X00150
AB	P00004	X00204
AB	P00004	X00205
AB	P00004	X00234
AB	P00004	X00236
AB	P00004	X00237
AB	P00004	X00238
AB	P00005	X00109
AB	P00005	X00114
AB	P00005	X00119
AB	P00005	X00120
AB	P00005	X00134
AB	P00005	X00136
AB	P00005	X00152
AB	P00005	X00156
AB	P00005	X00167
AB	P00005	X00178
AB	P00005	X00180
AB	P00005	X00181
AB	P00005	X00190
AB	P00005	X00193
AB	P00005	X00196
AB	P00005	X00207
AB	P00005	X00208
AB	P00005	X00210
AB	P00005	X00212
AB	P00005	X00213
AB	P00005	X00215
AB	P00005	X00216
AB	P00005	X00218
AB	P00005	X00239
AB	P00005	X00241
AB	P00005	X00244
AB	P00005	X00245
AB	P00006	X00118
AB	P00006	X00123
AB	P00006	X00138
AB	P00006	X00160
AB	P00006	X00171
AB	P00006	X00175
AB	P00006	X00201
AB	P00006	X00219
AB	P00006	X00221
AB	P00006	X00223
AB	P00006	X00224
AB	P00006	X00226
AB	P00006	X00228
AB	P00006	X00246
AB	P00006	X00249
AB	P00006	X00250
AB	P00006	X00251
AB	P00007	X00140
AB	P00007	X00144
AB	P00007	X00161
AB	P00007	X00185
AB	P00007	X00202
AB	P00007	X00203
AB	P00007	X00229
AB	P00007	X00231
AB	P00007	X00232
AB	P00007	X00233
AB	P00008	X00147
AB	P00008	X00204
AB	P00008	X00205
AB	P00008	X00234
AB	P00008	X00236
AB	P00008	X00237
AB	P00008	X00238
AB	P00009	X00110
AB	P00009	X00111
AB	P00009	X00121
AB	P00009	X00130
AB	P00009	X00139
AB	P00009	X00153
AB	P00009	X00154
AB	P00009	X00165
AB	P00009	X00178
AB	P00009	X00180
AB	P00009	X00182
AB	P00009	X00188
AB	P00009	X00191
AB	P00009	X00194
AB	P00009	X00207
AB	P00009	X00208
AB	P00009	X00210
AB	P00009	X00212
AB	P00009	X00213
AB	P00009	X00215
AB	P00009	X00216
AB	P00009	X00218
AB	P00009	X00239
AB	P00009	X00241
AB	P00009	X00244
AB	P00009	X00245
AB	P00010	X00115
AB	P00010	X00125
AB	P00010	X00157
AB	P00010	X00158
AB	P00010	X00168
AB	P00010	X00172
AB	P00010	X00197
AB	P00010	X00219
AB	P00010	X00221
AB	P00010	X00223
AB	P00010	X00224
AB	P00010	X00226
AB	P00010	X00228
AB	P00010	X00246
AB	P00010	X00249
AB	P00010	X00250
AB	P00010	X00251
AB	P00011	X00142
AB	P00011	X00163
AB	P00011	X00186
AB	P00011	X00202
AB	P00011	X00203
AB	P00011	X00229
AB	P00011	X00231
AB	P00011	X00232
AB	P00011	X00233
AB	P00012	X00149
AB	P00012	X00204
AB	P00012	X00205
AB	P00012	X00234
AB	P00012	X00236
AB	P00012	X00237
AB	P00012	X00238
AB	P00013	X00108
AB	P00013	X00113
AB	P00013	X00134
AB	P00013	X00136
AB	P00013	X00151
AB	P00013	X00155
AB	P00013	X00166
AB	P00013	X00178
AB	P00013	X00180
AB	P00013	X00195
AB	P00013	X00207
AB	P00013	X00208
AB	P00013	X00210
AB	P00013	X00212
AB	P00013	X00213
AB	P00013	X00214
AB	P00013	X00216
AB	P00013	X00217
AB	P00013	X00239
AB	P00013	X00240
AB	P00013	X00244
AB	P00013	X00245
AB	P00014	X00117
AB	P00014	X00124
AB	P00014	X00138
AB	P00014	X00159
AB	P00014	X00170
AB	P00014	X00174
AB	P00014	X00200
AB	P00014	X00219
AB	P00014	X00221
AB	P00014	X00223
AB	P00014	X00224
AB	P00014	X00225
AB	P00014	X00226
AB	P00014	X00227
AB	P00014	X00246
AB	P00014	X00249
AB	P00014	X00251
AB	P00015	X00140
AB	P00015	X00144
AB	P00015	X00161
AB	P00015	X00185
AB	P00015	X00202
AB	P00015	X00203
AB	P00015	X00229
AB	P00015	X00231
AB	P00015	X00232
AB	P00015	X00233
AB	P00016	X00147
AB	P00016	X00204
AB	P00016	X00205
AB	P00016	X00234
AB	P00016	X00236
AB	P00016	X00237
AB	P00016	X00238
AB	P00017	X00110
AB	P00017	X00111
AB	P00017	X00119
AB	P00017	X00120
AB	P00017	X00134
AB	P00017	X00136
AB	P00017	X00139
AB	P00017	X00153
AB	P00017	X00154
AB	P00017	X00165
AB	P00017	X00178
AB	P00017	X00180
AB	P00017	X00181
AB	P00017	X00188
AB	P00017	X00191
AB	P00017	X00194
AB	P00017	X00207
AB	P00017	X00208
AB	P00017	X00210
AB	P00017	X00212
AB	P00017	X00213
AB	P00017	X00215
AB	P00017	X00216
AB	P00017	X00218
AB	P00017	X00239
AB	P00017	X00241
AB	P00017	X00244
AB	P00017	X00245
AB	P00018	X00115
AB	P00018	X00123
AB	P00018	X00138
AB	P00018	X00157
AB	P00018	X00158
AB	P00018	X00168
AB	P00018	X00172
AB	P00018	X00197
AB	P00018	X00219
AB	P00018	X00221
AB	P00018	X00223
AB	P00018	X00224
AB	P00018	X00226
AB	P00018	X00228
AB	P00018	X00246
AB	P00018	X00249
AB	P00018	X00250
AB	P00018	X00251
AB	P00019	X00143
AB	P00019	X00146
AB	P00019	X00164
AB	P00019	X00187
AB	P00019	X00202
AB	P00019	X00203
AB	P00019	X00229
AB	P00019	X00231
AB	P00019	X00232
AB	P00019	X00233
AB	P00020	X00150
AB	P00020	X00204
AB	P00020	X00205
AB	P00020	X00234
AB	P00020	X00236
AB	P00020	X00237
AB	P00020	X00238
AB	P00021	X00109
AB	P00021	X00114
AB	P00021	X00119
AB	P00021	X00120
AB	P00021	X00134
AB	P00021	X00136
AB	P00021	X00152
AB	P00021	X00156
AB	P00021	X00167
AB	P00021	X00178
AB	P00021	X00180
AB	P00021	X00181
AB	P00021	X00190
AB	P00021	X00193
AB	P00021	X00196
AB	P00021	X00207
AB	P00021	X00208
AB	P00021	X00210
AB	P00021	X00212
AB	P00021	X00213
AB	P00021	X00215
AB	P00021	X00216
AB	P00021	X00218
AB	P00021	X00239
AB	P00021	X00241
AB	P00021	X00244
AB	P00021	X00245
AB	P00022	X00118
AB	P00022	X00123
AB	P00022	X00138
AB	P00022	X00160
AB	P00022	X00171
AB	P00022	X00175
AB	P00022	X00201
AB	P00022	X00219
AB	P00022	X00221
AB	P00022	X00223
AB	P00022	X00224
AB	P00022	X00226
AB	P00022	X00228
AB	P00022	X00246
AB	P00022	X00249
AB	P00022	X00250
AB	P00022	X00251
AB	P00023	X00140
AB	P00023	X00144
AB	P00023	X00161
AB	P00023	X00185
AB	P00023	X00202
AB	P00023	X00203
AB	P00023	X00229
AB	P00023	X00231
AB	P00023	X00232
AB	P00023	X00233
AB	P00024	X00147
AB	P00024	X00204
AB	P00024	X00205
AB	P00024	X00234
AB	P00024	X00236
AB	P00024	X00237
AB	P00024	X00238
AB	P00025	X00110
AB	P00025	X00111
AB	P00025	X00121
AB	P00025	X00130
AB	P00025	X00139
AB	P00025	X00153
AB	P00025	X00154
AB	P00025	X00165
AB	P00025	X00178
AB	P00025	X00180
AB	P00025	X00182
AB	P00025	X00188
AB	P00025	X00191
AB	P00025	X00194
AB	P00025	X00207
AB	P00025	X00208
AB	P00025	X00210
AB	P00025	X00212
AB	P00025	X00213
AB	P00025	X00215
AB	P00025	X00216
AB	P00025	X00218
AB	P00025	X00239
AB	P00025	X00241
AB	P00025	X00244
AB	P00025	X00245
AB	P00026	X00115
AB	P00026	X00125
AB	P00026	X00157
AB	P00026	X00158
AB	P00026	X00168
AB	P00026	X00172
AB	P00026	X00197
AB	P00026	X00219
AB	P00026	X00221
AB	P00026	X00223
AB	P00026	X00224
AB	P00026	X00226
AB	P00026	X00228
AB	P00026	X00246
AB	P00026	X00249
AB	P00026	X00250
AB	P00026	X00251
AB	P00027	X00142
AB	P00027	X00163
AB	P00027	X00186
AB	P00027	X00202
AB	P00027	X00203
AB	P00027	X00229
AB	P00027	X00231
AB	P00027	X00232
AB	P00027	X00233
AB	P00028	X00149
AB	P00028	X00204
AB	P00028	X00205
AB	P00028	X00234
AB	P00028	X00236
AB	P00028	X00237
AB	P00028	X00238
AB	P00029	X00108
AB	P00029	X00113
AB	P00029	X00134
AB	P00029	X00136
AB	P00029	X00151
AB	P00029	X00155
AB	P00029	X00166
AB	P00029	X00178
AB	P00029	X00180
AB	P00029	X00195
AB	P00029	X00207
AB	P00029	X00208
AB	P00029	X00210
AB	P00029	X00212
AB	P00029	X00213
AB	P00029	X00214
AB	P00029	X00216
AB	P00029	X00217
AB	P00029	X00239
AB	P00029	X00240
AB	P00029	X00244
AB	P00029	X00245
AB	P00030	X00117
AB	P00030	X00124
AB	P00030	X00138
AB	P00030	X00159
AB	P00030	X00170
AB	P00030	X00174
AB	P00030	X00200
AB	P00030	X00219
AB	P00030	X00221
AB	P00030	X00223
AB	P00030	X00224
AB	P00030	X00225
AB	P00030	X00226
AB	P00030	X00227
AB	P00030	X00246
AB	P00030	X00249
AB	P00030	X00251
AB	P00031	X00140
AB	P00031	X00144
AB	P00031	X00161
AB	P00031	X00185
AB	P00031	X00202
AB	P00031	X00203
AB	P00031	X00229
AB	P00031	X00231
AB	P00031	X00232
AB	P00031	X00233
AB	P00032	X00147
AB	P00032	X00204
AB	P00032	X00205
AB	P00032	X00234
AB	P00032	X00236
AB	P00032	X00237
AB	P00032	X00238
AB	P00033	X00110
AB	P00033	X00111
AB	P00033	X00119
AB	P00033	X00120
AB	P00033	X00134
AB	P00033	X00136
AB	P00033	X00139
AB	P00033	X00153
AB	P00033	X00154
AB	P00033	X00165
AB	P00033	X00178
AB	P00033	X00180
AB	P00033	X00181
AB	P00033	X00188
AB	P00033	X00191
AB	P00033	X00194
AB	P00033	X00207
AB	P00033	X00208
AB	P00033	X00210
AB	P00033	X00212
AB	P00033	X00213
AB	P00033	X00215
AB	P00033	X00216
AB	P00033	X00218
AB	P00033	X00239
AB	P00033	X00241
AB	P00033	X00244
AB	P00033	X00245
AB	P00034	X00115
AB	P00034	X00123
AB	P00034	X00138
AB	P00034	X00157
AB	P00034	X00158
AB	P00034	X00168
AB	P00034	X00172
AB	P00034	X00197
AB	P00034	X00219
AB	P00034	X00221
AB	P00034	X00223
AB	P00034	X00224
AB	P00034	X00226
AB	P00034	X00228
AB	P00034	X00246
AB	P00034	X00249
AB	P00034	X00250
AB	P00034	X00251
AB	P00035	X00143
AB	P00035	X00146
AB	P00035	X00164
AB	P00035	X00187
AB	P00035	X00202
AB	P00035	X00203
AB	P00035	X00229
AB	P00035	X00231
AB	P00035	X00232
AB	P00035	X00233
AB	P00036	X00150
AB	P00036	X00204
AB	P00036	X00205
AB	P00036	X00234
AB	P00036	X00236
AB	P00036	X00237
AB	P00036	X00238
AB	P00037	X00109
AB	P00037	X00114
AB	P00037	X00119
AB	P00037	X00120
AB	P00037	X00129
AB	P00037	X00135
AB	P00037	X00152
AB	P00037	X00156
AB	P00037	X00167
AB	P00037	X00178
AB	P00037	X00180
AB	P00037	X00181
AB	P00037	X00190
AB	P00037	X00193
AB	P00037	X00196
AB	P00037	X00207
AB	P00037	X00208
AB	P00037	X00210
AB	P00037	X00212
AB	P00037	X00213
AB	P00037	X00215
AB	P00037	X00216
AB	P00037	X00218
AB	P00037	X00239
AB	P00037	X00241
AB	P00037	X00244
AB	P00037	X00245
AB	P00038	X00118
AB	P00038	X00123
AB	P00038	X00137
AB	P00038	X00160
AB	P00038	X00171
AB	P00038	X00175
AB	P00038	X00201
AB	P00038	X00219
AB	P00038	X00221
AB	P00038	X00223
AB	P00038	X00224
AB	P00038	X00226
AB	P00038	X00228
AB	P00038	X00246
AB	P00038	X00249
AB	P00038	X00250
AB	P00038	X00251
AB	P00039	X00143
AB	P00039	X00146
AB	P00039	X00164
AB	P00039	X00187
AB	P00039	X00202
AB	P00039	X00203
AB	P00039	X00229
AB	P00039	X00231
AB	P00039	X00232
AB	P00039	X00233
AB	P00040	X00150
AB	P00040	X00204
AB	P00040	X00205
AB	P00040	X00234
AB	P00040	X00236
AB	P00040	X00237
AB	P00040	X00238
AB	P00041	X00109
AB	P00041	X00114
AB	P00041	X00119
AB	P00041	X00120
AB	P00041	X00129
AB	P00041	X00135
AB	P00041	X00152
AB	P00041	X00156
AB	P00041	X00167
AB	P00041	X00178
AB	P00041	X00180
AB	P00041	X00181
AB	P00041	X00190
AB	P00041	X00193
AB	P00041	X00196
AB	P00041	X00207
AB	P00041	X00208
AB	P00041	X00210
AB	P00041	X00212
AB	P00041	X00213
AB	P00041	X00215
AB	P00041	X00216
AB	P00041	X00218
AB	P00041	X00239
AB	P00041	X00241
AB	P00041	X00244
AB	P00041	X00245
AB	P00042	X00118
AB	P00042	X00123
AB	P00042	X00137
AB	P00042	X00160
AB	P00042	X00171
AB	P00042	X00175
AB	P00042	X00201
AB	P00042	X00219
AB	P00042	X00221
AB	P00042	X00223
AB	P00042	X00224
AB	P00042	X00226
AB	P00042	X00228
AB	P00042	X00246
AB	P00042	X00249
AB	P00042	X00250
AB	P00042	X00251
AB	P00043	X00143
AB	P00043	X00146
AB	P00043	X00164
AB	P00043	X00187
AB	P00043	X00202
AB	P00043	X00203
AB	P00043	X00229
AB	P00043	X00231
AB	P00043	X00232
AB	P00043	X00233
AB	P00044	X00150
AB	P00044	X00204
AB	P00044	X00205
AB	P00044	X00234
AB	P00044	X00236
AB	P00044	X00237
AB	P00044	X00238
AB	P00045	X00109
AB	P00045	X00114
AB	P00045	X00119
AB	P00045	X00120
AB	P00045	X00129
AB	P00045	X00135
AB	P00045	X00152
AB	P00045	X00156
AB	P00045	X00167
AB	P00045	X00178
AB	P00045	X00180
AB	P00045	X00181
AB	P00045	X00190
AB	P00045	X00193
AB	P00045	X00196
AB	P00045	X00207
AB	P00045	X00208
AB	P00045	X00210
AB	P00045	X00212
AB	P00045	X00213
AB	P00045	X00215
AB	P00045	X00216
AB	P00045	X00218
AB	P00045	X00239
AB	P00045	X00241
AB	P00045	X00244
AB	P00045	X00245
AB	P00046	X00118
AB	P00046	X00123
AB	P00046	X00137
AB	P00046	X00160
AB	P00046	X00171
AB	P00046	X00175
AB	P00046	X00201
AB	P00046	X00219
AB	P00046	X00221
AB	P00046	X00223
AB	P00046	X00224
AB	P00046	X00226
AB	P00046	X00228
AB	P00046	X00246
AB	P00046	X00249
AB	P00046	X00250
AB	P00046	X00251
AB	P00047	X00143
AB	P00047	X00146
AB	P00047	X00164
AB	P00047	X00187
AB	P00047	X00202
AB	P00047	X00203
AB	P00047	X00229
AB	P00047	X00231
AB	P00047	X00232
AB	P00047	X00233
AB	P00048	X00150
AB	P00048	X00204
AB	P00048	X00205
AB	P00048	X00234
AB	P00048	X00236
AB	P00048	X00237
AB	P00048	X00238
AB	P00049	X00109
AB	P00049	X00114
AB	P00049	X00119
AB	P00049	X00120
AB	P00049	X00129
AB	P00049	X00135
AB	P00049	X00152
AB	P00049	X00156
AB	P00049	X00167
AB	P00049	X00178
AB	P00049	X00180
AB	P00049	X00181
AB	P00049	X00190
AB	P00049	X00193
AB	P00049	X00196
AB	P00049	X00207
AB	P00049	X00208
AB	P00049	X00210
AB	P00049	X00212
AB	P00049	X00213
AB	P00049	X00215
AB	P00049	X00216
AB	P00049	X00218
AB	P00049	X00239
AB	P00049	X00241
AB	P00049	X00244
AB	P00049	X00245
AB	P00050	X00118
AB	P00050	X00123
AB	P00050	X00137
AB	P00050	X00160
AB	P00050	X00171
AB	P00050	X00175
AB	P00050	X00201
AB	P00050	X00219
AB	P00050	X00221
AB	P00050	X00223
AB	P00050	X00224
AB	P00050	X00226
AB	P00050	X00228
AB	P00050	X00246
AB	P00050	X00249
AB	P00050	X00250
AB	P00050	X00251
AB	P00051	X00143
AB	P00051	X00146
AB	P00051	X00164
AB	P00051	X00187
AB	P00051	X00202
AB	P00051	X00203
AB	P00051	X00229
AB	P00051	X00230
AB	P00051	X00232
AB	P00051	X00233
AB	P00052	X00150
AB	P00052	X00204
AB	P00052	X00205
AB	P00052	X00234
AB	P00052	X00235
AB	P00052	X00237
AB	P00052	X00238
AB	P00053	X00109
AB	P00053	X00114
AB	P00053	X00134
AB	P00053	X00136
AB	P00053	X00151
AB	P00053	X00155
AB	P00053	X00167
AB	P00053	X00178
AB	P00053	X00180
AB	P00053	X00190
AB	P00053	X00193
AB	P00053	X00196
AB	P00053	X00206
AB	P00053	X00208
AB	P00053	X00209
AB	P00053	X00211
AB	P00053	X00213
AB	P00053	X00214
AB	P00053	X00216
AB	P00053	X00217
AB	P00053	X00239
AB	P00053	X00240
AB	P00053	X00242
AB	P00053	X00243
AB	P00053	X00244
AB	P00053	X00245
AB	P00054	X00118
AB	P00054	X00124
AB	P00054	X00138
AB	P00054	X00159
AB	P00054	X00171
AB	P00054	X00175
AB	P00054	X00201
AB	P00054	X00219
AB	P00054	X00220
AB	P00054	X00222
AB	P00054	X00224
AB	P00054	X00225
AB	P00054	X00226
AB	P00054	X00227
AB	P00054	X00246
AB	P00054	X00247
AB	P00054	X00248
AB	P00054	X00249
AB	P00054	X00251
AB	P00055	X00143
AB	P00055	X00146
AB	P00055	X00164
AB	P00055	X00187
AB	P00055	X00202
AB	P00055	X00203
AB	P00055	X00229
AB	P00055	X00230
AB	P00055	X00232
AB	P00055	X00233
AB	P00056	X00150
AB	P00056	X00204
AB	P00056	X00205
AB	P00056	X00234
AB	P00056	X00235
AB	P00056	X00237
AB	P00056	X00238
AB	P00057	X00109
AB	P00057	X00114
AB	P00057	X00134
AB	P00057	X00136
AB	P00057	X00151
AB	P00057	X00155
AB	P00057	X00167
AB	P00057	X00178
AB	P00057	X00180
AB	P00057	X00190
AB	P00057	X00193
AB	P00057	X00196
AB	P00057	X00206
AB	P00057	X00208
AB	P00057	X00209
AB	P00057	X00211
AB	P00057	X00213
AB	P00057	X00214
AB	P00057	X00216
AB	P00057	X00217
AB	P00057	X00239
AB	P00057	X00240
AB	P00057	X00242
AB	P00057	X00243
AB	P00057	X00244
AB	P00057	X00245
AB	P00058	X00118
AB	P00058	X00124
AB	P00058	X00138
AB	P00058	X00159
AB	P00058	X00171
AB	P00058	X00175
AB	P00058	X00201
AB	P00058	X00219
AB	P00058	X00220
AB	P00058	X00222
AB	P00058	X00224
AB	P00058	X00225
AB	P00058	X00226
AB	P00058	X00227
AB	P00058	X00246
AB	P00058	X00247
AB	P00058	X00248
AB	P00058	X00249
AB	P00058	X00251
AB	P00059	X00143
AB	P00059	X00146
AB	P00059	X00164
AB	P00059	X00187
AB	P00059	X00202
AB	P00059	X00203
AB	P00059	X00229
AB	P00059	X00230
AB	P00059	X00232
AB	P00059	X00233
AB	P00060	X00150
AB	P00060	X00204
AB	P00060	X00205
AB	P00060	X00234
AB	P00060	X00235
AB	P00060	X00237
AB	P00060	X00238
AB	P00061	X00109
AB	P00061	X00114
AB	P00061	X00134
AB	P00061	X00136
AB	P00061	X00151
AB	P00061	X00155
AB	P00061	X00167
AB	P00061	X00178
AB	P00061	X00180
AB	P00061	X00190
AB	P00061	X00193
AB	P00061	X00196
AB	P00061	X00206
AB	P00061	X00208
AB	P00061	X00209
AB	P00061	X00211
AB	P00061	X00213
AB	P00061	X00214
AB	P00061	X00216
AB	P00061	X00217
AB	P00061	X00239
AB	P00061	X00240
AB	P00061	X00242
AB	P00061	X00243
AB	P00061	X00244
AB	P00061	X00245
AB	P00062	X00118
AB	P00062	X00124
AB	P00062	X00138
AB	P00062	X00159
AB	P00062	X00171
AB	P00062	X00175
AB	P00062	X00201
AB	P00062	X00219
AB	P00062	X00220
AB	P00062	X00222
AB	P00062	X00224
AB	P00062	X00225
AB	P00062	X00226
AB	P00062	X00227
AB	P00062	X00246
AB	P00062	X00247
AB	P00062	X00248
AB	P00062	X00249
AB	P00062	X00251
AB	P00063	X00143
AB	P00063	X00146
AB	P00063	X00164
AB	P00063	X00187
AB	P00063	X00202
AB	P00063	X00203
AB	P00063	X00229
AB	P00063	X00230
AB	P00063	X00232
AB	P00063	X00233
AB	P00064	X00150
AB	P00064	X00204
AB	P00064	X00205
AB	P00064	X00234
AB	P00064	X00235
AB	P00064	X00237
AB	P00064	X00238
AB	P00065	X00109
AB	P00065	X00114
AB	P00065	X00134
AB	P00065	X00136
AB	P00065	X00151
AB	P00065	X00155
AB	P00065	X00167
AB	P00065	X00178
AB	P00065	X00180
AB	P00065	X00190
AB	P00065	X00193
AB	P00065	X00196
AB	P00065	X00206
AB	P00065	X00208
AB	P00065	X00209
AB	P00065	X00211
AB	P00065	X00213
AB	P00065	X00214
AB	P00065	X00216
AB	P00065	X00217
AB	P00065	X00239
AB	P00065	X00240
AB	P00065	X00242
AB	P00065	X00243
AB	P00065	X00244
AB	P00065	X00245
AB	P00066	X00118
AB	P00066	X00124
AB	P00066	X00138
AB	P00066	X00159
AB	P00066	X00171
AB	P00066	X00175
AB	P00066	X00201
AB	P00066	X00219
AB	P00066	X00220
AB	P00066	X00222
AB	P00066	X00224
AB	P00066	X00225
AB	P00066	X00226
AB	P00066	X00227
AB	P00066	X00246
AB	P00066	X00247
AB	P00066	X00248
AB	P00066	X00249
AB	P00066	X00251
AB	P00067	X00141
AB	P00067	X00145
AB	P00067	X00164
AB	P00067	X00187
AB	P00067	X00202
AB	P00067	X00203
AB	P00067	X00229
AB	P00067	X00231
AB	P00067	X00232
AB	P00067	X00233
AB	P00068	X00148
AB	P00068	X00204
AB	P00068	X00205
AB	P00068	X00234
AB	P00068	X00236
AB	P00068	X00237
AB	P00068	X00238
AB	P00069	X00107
AB	P00069	X00112
AB	P00069	X00133
AB	P00069	X00152
AB	P00069	X00156
AB	P00069	X00167
AB	P00069	X00178
AB	P00069	X00180
AB	P00069	X00184
AB	P00069	X00190
AB	P00069	X00193
AB	P00069	X00196
AB	P00069	X00207
AB	P00069	X00208
AB	P00069	X00210
AB	P00069	X00212
AB	P00069	X00213
AB	P00069	X00215
AB	P00069	X00216
AB	P00069	X00218
AB	P00069	X00239
AB	P00069	X00241
AB	P00069	X00244
AB	P00069	X00245
AB	P00070	X00116
AB	P00070	X00128
AB	P00070	X00160
AB	P00070	X00171
AB	P00070	X00175
AB	P00070	X00201
AB	P00070	X00219
AB	P00070	X00221
AB	P00070	X00223
AB	P00070	X00224
AB	P00070	X00226
AB	P00070	X00228
AB	P00070	X00246
AB	P00070	X00249
AB	P00070	X00250
AB	P00070	X00251
AB	P00071	X00141
AB	P00071	X00145
AB	P00071	X00162
AB	P00071	X00202
AB	P00071	X00203
AB	P00071	X00229
AB	P00071	X00231
AB	P00071	X00232
AB	P00071	X00233
AB	P00072	X00148
AB	P00072	X00204
AB	P00072	X00205
AB	P00072	X00234
AB	P00072	X00236
AB	P00072	X00237
AB	P00072	X00238
AB	P00073	X00107
AB	P00073	X00112
AB	P00073	X00133
AB	P00073	X00152
AB	P00073	X00156
AB	P00073	X00177
AB	P00073	X00179
AB	P00073	X00184
AB	P00073	X00189
AB	P00073	X00192
AB	P00073	X00207
AB	P00073	X00208
AB	P00073	X00210
AB	P00073	X00212
AB	P00073	X00213
AB	P00073	X00215
AB	P00073	X00216
AB	P00073	X00218
AB	P00073	X00239
AB	P00073	X00241
AB	P00073	X00244
AB	P00073	X00245
AB	P00074	X00116
AB	P00074	X00128
AB	P00074	X00160
AB	P00074	X00169
AB	P00074	X00173
AB	P00074	X00176
AB	P00074	X00199
AB	P00074	X00219
AB	P00074	X00221
AB	P00074	X00223
AB	P00074	X00224
AB	P00074	X00226
AB	P00074	X00228
AB	P00074	X00246
AB	P00074	X00249
AB	P00074	X00250
AB	P00074	X00251
AB	P00075	X00141
AB	P00075	X00145
AB	P00075	X00162
AB	P00075	X00202
AB	P00075	X00203
AB	P00075	X00229
AB	P00075	X00231
AB	P00075	X00232
AB	P00075	X00233
AB	P00076	X00148
AB	P00076	X00204
AB	P00076	X00205
AB	P00076	X00234
AB	P00076	X00236
AB	P00076	X00237
AB	P00076	X00238
AB	P00077	X00107
AB	P00077	X00112
AB	P00077	X00133
AB	P00077	X00152
AB	P00077	X00156
AB	P00077	X00177
AB	P00077	X00179
AB	P00077	X00184
AB	P00077	X00189
AB	P00077	X00192
AB	P00077	X00207
AB	P00077	X00208
AB	P00077	X00210
AB	P00077	X00212
AB	P00077	X00213
AB	P00077	X00215
AB	P00077	X00216
AB	P00077	X00218
AB	P00077	X00239
AB	P00077	X00241
AB	P00077	X00244
AB	P00077	X00245
AB	P00078	X00116
AB	P00078	X00128
AB	P00078	X00160
AB	P00078	X00169
AB	P00078	X00173
AB	P00078	X00176
AB	P00078	X00199
AB	P00078	X00219
AB	P00078	X00221
AB	P00078	X00223
AB	P00078	X00224
AB	P00078	X00226
AB	P00078	X00228
AB	P00078	X00246
AB	P00078	X00249
AB	P00078	X00250
AB	P00078	X00251
AB	P00079	X00141
AB	P00079	X00145
AB	P00079	X00162
AB	P00079	X00202
AB	P00079	X00203
AB	P00079	X00229
AB	P00079	X00231
AB	P00079	X00232
AB	P00079	X00233
AB	P00080	X00148
AB	P00080	X00204
AB	P00080	X00205
AB	P00080	X00234
AB	P00080	X00236
AB	P00080	X00237
AB	P00080	X00238
AB	P00081	X00107
AB	P00081	X00112
AB	P00081	X00133
AB	P00081	X00152
AB	P00081	X00156
AB	P00081	X00177
AB	P00081	X00179
AB	P00081	X00184
AB	P00081	X00189
AB	P00081	X00192
AB	P00081	X00207
AB	P00081	X00208
AB	P00081	X00210
AB	P00081	X00212
AB	P00081	X00213
AB	P00081	X00215
AB	P00081	X00216
AB	P00081	X00218
AB	P00081	X00239
AB	P00081	X00241
AB	P00081	X00244
AB	P00081	X00245
AB	P00082	X00116
AB	P00082	X00128
AB	P00082	X00160
AB	P00082	X00169
AB	P00082	X00173
AB	P00082	X00176
AB	P00082	X00199
AB	P00082	X00219
AB	P00082	X00221
AB	P00082	X00223
AB	P00082	X00224
AB	P00082	X00226
AB	P00082	X00228
AB	P00082	X00246
AB	P00082	X00249
AB	P00082	X00250
AB	P00082	X00251
AB	P00083	X00141
AB	P00083	X00145
AB	P00083	X00164
AB	P00083	X00187
AB	P00083	X00202
AB	P00083	X00203
AB	P00083	X00229
AB	P00083	X00231
AB	P00083	X00232
AB	P00083	X00233
AB	P00084	X00148
AB	P00084	X00204
AB	P00084	X00205
AB	P00084	X00234
AB	P00084	X00236
AB	P00084	X00237
AB	P00084	X00238
AB	P00085	X00107
AB	P00085	X00112
AB	P00085	X00131
AB	P00085	X00152
AB	P00085	X00156
AB	P00085	X00167
AB	P00085	X00178
AB	P00085	X00180
AB	P00085	X00183
AB	P00085	X00190
AB	P00085	X00193
AB	P00085	X00196
AB	P00085	X00207
AB	P00085	X00208
AB	P00085	X00210
AB	P00085	X00212
AB	P00085	X00213
AB	P00085	X00215
AB	P00085	X00216
AB	P00085	X00218
AB	P00085	X00239
AB	P00085	X00241
AB	P00085	X00244
AB	P00085	X00245
AB	P00086	X00116
AB	P00086	X00126
AB	P00086	X00160
AB	P00086	X00171
AB	P00086	X00175
AB	P00086	X00201
AB	P00086	X00219
AB	P00086	X00221
AB	P00086	X00223
AB	P00086	X00224
AB	P00086	X00226
AB	P00086	X00228
AB	P00086	X00246
AB	P00086	X00249
AB	P00086	X00250
AB	P00086	X00251
AB	P00087	X00141
AB	P00087	X00145
AB	P00087	X00162
AB	P00087	X00202
AB	P00087	X00203
AB	P00087	X00229
AB	P00087	X00231
AB	P00087	X00232
AB	P00087	X00233
AB	P00088	X00148
AB	P00088	X00204
AB	P00088	X00205
AB	P00088	X00234
AB	P00088	X00236
AB	P00088	X00237
AB	P00088	X00238
AB	P00089	X00107
AB	P00089	X00112
AB	P00089	X00122
AB	P00089	X00132
AB	P00089	X00152
AB	P00089	X00156
AB	P00089	X00178
AB	P00089	X00180
AB	P00089	X00181
AB	P00089	X00189
AB	P00089	X00192
AB	P00089	X00207
AB	P00089	X00208
AB	P00089	X00210
AB	P00089	X00212
AB	P00089	X00213
AB	P00089	X00215
AB	P00089	X00216
AB	P00089	X00218
AB	P00089	X00239
AB	P00089	X00241
AB	P00089	X00244
AB	P00089	X00245
AB	P00090	X00116
AB	P00090	X00127
AB	P00090	X00160
AB	P00090	X00169
AB	P00090	X00173
AB	P00090	X00176
AB	P00090	X00198
AB	P00090	X00219
AB	P00090	X00221
AB	P00090	X00223
AB	P00090	X00224
AB	P00090	X00226
AB	P00090	X00228
AB	P00090	X00246
AB	P00090	X00249
AB	P00090	X00250
AB	P00090	X00251
AB	P00091	X00141
AB	P00091	X00145
AB	P00091	X00162
AB	P00091	X00202
AB	P00091	X00203
AB	P00091	X00229
AB	P00091	X00231
AB	P00091	X00232
AB	P00091	X00233
AB	P00092	X00148
AB	P00092	X00204
AB	P00092	X00205
AB	P00092	X00234
AB	P00092	X00236
AB	P00092	X00237
AB	P00092	X00238
AB	P00093	X00107
AB	P00093	X00112
AB	P00093	X00122
AB	P00093	X00132
AB	P00093	X00152
AB	P00093	X00156
AB	P00093	X00178
AB	P00093	X00180
AB	P00093	X00181
AB	P00093	X00189
AB	P00093	X00192
AB	P00093	X00207
AB	P00093	X00208
AB	P00093	X00210
AB	P00093	X00212
AB	P00093	X00213
AB	P00093	X00215
AB	P00093	X00216
AB	P00093	X00218
AB	P00093	X00239
AB	P00093	X00241
AB	P00093	X00244
AB	P00093	X00245
AB	P00094	X00116
AB	P00094	X00127
AB	P00094	X00160
AB	P00094	X00169
AB	P00094	X00173
AB	P00094	X00176
AB	P00094	X00198
AB	P00094	X00219
AB	P00094	X00221
AB	P00094	X00223
AB	P00094	X00224
AB	P00094	X00226
AB	P00094	X00228
AB	P00094	X00246
AB	P00094	X00249
AB	P00094	X00250
AB	P00094	X00251
AB	P00095	X00141
AB	P00095	X00145
AB	P00095	X00162
AB	P00095	X00202
AB	P00095	X00203
AB	P00095	X00229
AB	P00095	X00231
AB	P00095	X00232
AB	P00095	X00233
AB	P00096	X00148
AB	P00096	X00204
AB	P00096	X00205
AB	P00096	X00234
AB	P00096	X00236
AB	P00096	X00237
AB	P00096	X00238
AB	P00097	X00107
AB	P00097	X00112
AB	P00097	X00122
AB	P00097	X00132
AB	P00097	X00152
AB	P00097	X00156
AB	P00097	X00178
AB	P00097	X00180
AB	P00097	X00181
AB	P00097	X00189
AB	P00097	X00192
AB	P00097	X00207
AB	P00097	X00208
AB	P00097	X00210
AB	P00097	X00212
AB	P00097	X00213
AB	P00097	X00215
AB	P00097	X00216
AB	P00097	X00218
AB	P00097	X00239
AB	P00097	X00241
AB	P00097	X00244
AB	P00097	X00245
AB	P00098	X00116
AB	P00098	X00127
AB	P00098	X00160
AB	P00098	X00169
AB	P00098	X00173
AB	P00098	X00176
AB	P00098	X00198
AB	P00098	X00219
AB	P00098	X00221
AB	P00098	X00223
AB	P00098	X00224
AB	P00098	X00226
AB	P00098	X00228
AB	P00098	X00246
AB	P00098	X00249
AB	P00098	X00250
AB	P00098	X00251
AB	P00099	X00143
AB	P00099	X00146
AB	P00099	X00164
AB	P00099	X00187
AB	P00099	X00202
AB	P00099	X00203
AB	P00099	X00229
AB	P00099	X00231
AB	P00099	X00232
AB	P00099	X00233
AB	P00100	X00150
AB	P00100	X00204
AB	P00100	X00205
AB	P00100	X00234
AB	P00100	X00236
AB	P00100	X00237
AB	P00100	X00238
AB	P00101	X00109
AB	P00101	X00114
AB	P00101	X00119
AB	P00101	X00120
AB	P00101	X00134
AB	P00101	X00136
AB	P00101	X00152
AB	P00101	X00156
AB	P00101	X00167
AB	P00101	X00178
AB	P00101	X00180
AB	P00101	X00181
AB	P00101	X00190
AB	P00101	X00193
AB	P00101	X00196
AB	P00101	X00207
AB	P00101	X00208
AB	P00101	X00210
AB	P00101	X00212
AB	P00101	X00213
AB	P00101	X00215
AB	P00101	X00216
AB	P00101	X00218
AB	P00101	X00239
AB	P00101	X00241
AB	P00101	X00244
AB	P00101	X00245
AB	P00102	X00118
AB	P00102	X00123
AB	P00102	X00138
AB	P00102	X00160
AB	P00102	X00171
AB	P00102	X00175
AB	P00102	X00201
AB	P00102	X00219
AB	P00102	X00221
AB	P00102	X00223
AB	P00102	X00224
AB	P00102	X00226
AB	P00102	X00228
AB	P00102	X00246
AB	P00102	X00249
AB	P00102	X00250
AB	P00102	X00251
AB	P00103	X00140
AB	P00103	X00144
AB	P00103	X00161
AB	P00103	X00185
AB	P00103	X00202
AB	P00103	X00203
AB	P00103	X00229
AB	P00103	X00231
AB	P00103	X00232
AB	P00103	X00233
AB	P00104	X00147
AB	P00104	X00204
AB	P00104	X00205
AB	P00104	X00234
AB	P00104	X00236
AB	P00104	X00237
AB	P00104	X00238
AB	P00105	X00110
AB	P00105	X00111
AB	P00105	X00121
AB	P00105	X00130
AB	P00105	X00139
AB	P00105	X00153
AB	P00105	X00154
AB	P00105	X00165
AB	P00105	X00178
AB	P00105	X00180
AB	P00105	X00182
AB	P00105	X00188
AB	P00105	X00191
AB	P00105	X00194
AB	P00105	X00207
AB	P00105	X00208
AB	P00105	X00210
AB	P00105	X00212
AB	P00105	X00213
AB	P00105	X00215
AB	P00105	X00216
AB	P00105	X00218
AB	P00105	X00239
AB	P00105	X00241
AB	P00105	X00244
AB	P00105	X00245
AB	P00106	X00115
AB	P00106	X00125
AB	P00106	X00157
AB	P00106	X00158
AB	P00106	X00168
AB	P00106	X00172
AB	P00106	X00197
AB	P00106	X00219
AB	P00106	X00221
AB	P00106	X00223
AB	P00106	X00224
AB	P00106	X00226
AB	P00106	X00228
AB	P00106	X00246
AB	P00106	X00249
AB	P00106	X00250
AB	P00106	X00251
AB	P00107	X00142
AB	P00107	X00163
AB	P00107	X00186
AB	P00107	X00202
AB	P00107	X00203
AB	P00107	X00229
AB	P00107	X00231
AB	P00107	X00232
AB	P00107	X00233
AB	P00108	X00149
AB	P00108	X00204
AB	P00108	X00205
AB	P00108	X00234
AB	P00108	X00236
AB	P00108	X00237
AB	P00108	X00238
AB	P00109	X00108
AB	P00109	X00113
AB	P00109	X00134
AB	P00109	X00136
AB	P00109	X00151
AB	P00109	X00155
AB	P00109	X00166
AB	P00109	X00178
AB	P00109	X00180
AB	P00109	X00195
AB	P00109	X00207
AB	P00109	X00208
AB	P00109	X00210
AB	P00109	X00212
AB	P00109	X00213
AB	P00109	X00214
AB	P00109	X00216
AB	P00109	X00217
AB	P00109	X00239
AB	P00109	X00240
AB	P00109	X00244
AB	P00109	X00245
AB	P00110	X00117
AB	P00110	X00124
AB	P00110	X00138
AB	P00110	X00159
AB	P00110	X00170
AB	P00110	X00174
AB	P00110	X00200
AB	P00110	X00219
AB	P00110	X00221
AB	P00110	X00223
AB	P00110	X00224
AB	P00110	X00225
AB	P00110	X00226
AB	P00110	X00227
AB	P00110	X00246
AB	P00110	X00249
AB	P00110	X00251
AB	P00111	X00140
AB	P00111	X00144
AB	P00111	X00161
AB	P00111	X00185
AB	P00111	X00202
AB	P00111	X00203
AB	P00111	X00229
AB	P00111	X00231
AB	P00111	X00232
AB	P00111	X00233
AB	P00112	X00147
AB	P00112	X00204
AB	P00112	X00205
AB	P00112	X00234
AB	P00112	X00236
AB	P00112	X00237
AB	P00112	X00238
AB	P00113	X00110
AB	P00113	X00111
AB	P00113	X00119
AB	P00113	X00120
AB	P00113	X00134
AB	P00113	X00136
AB	P00113	X00139
AB	P00113	X00153
AB	P00113	X00154
AB	P00113	X00165
AB	P00113	X00178
AB	P00113	X00180
AB	P00113	X00181
AB	P00113	X00188
AB	P00113	X00191
AB	P00113	X00194
AB	P00113	X00207
AB	P00113	X00208
AB	P00113	X00210
AB	P00113	X00212
AB	P00113	X00213
AB	P00113	X00215
AB	P00113	X00216
AB	P00113	X00218
AB	P00113	X00239
AB	P00113	X00241
AB	P00113	X00244
AB	P00113	X00245
AB	P00114	X00115
AB	P00114	X00123
AB	P00114	X00138
AB	P00114	X00157
AB	P00114	X00158
AB	P00114	X00168
AB	P00114	X00172
AB	P00114	X00197
AB	P00114	X00219
AB	P00114	X00221
AB	P00114	X00223
AB	P00114	X00224
AB	P00114	X00226
AB	P00114	X00228
AB	P00114	X00246
AB	P00114	X00249
AB	P00114	X00250
AB	P00114	X00251
AB	P00115	X00143
AB	P00115	X00146
AB	P00115	X00164
AB	P00115	X00187
AB	P00115	X00202
AB	P00115	X00203
AB	P00115	X00229
AB	P00115	X00231
AB	P00115	X00232
AB	P00115	X00233
AB	P00116	X00150
AB	P00116	X00204
AB	P00116	X00205
AB	P00116	X00234
AB	P00116	X00236
AB	P00116	X00237
AB	P00116	X00238
AB	P00117	X00109
AB	P00117	X00114
AB	P00117	X00119
AB	P00117	X00120
AB	P00117	X00129
AB	P00117	X00135
AB	P00117	X00152
AB	P00117	X00156
AB	P00117	X00167
AB	P00117	X00178
AB	P00117	X00180
AB	P00117	X00181
AB	P00117	X00190
AB	P00117	X00193
AB	P00117	X00196
AB	P00117	X00207
AB	P00117	X00208
AB	P00117	X00210
AB	P00117	X00212
AB	P00117	X00213
AB	P00117	X00215
AB	P00117	X00216
AB	P00117	X00218
AB	P00117	X00239
AB	P00117	X00241
AB	P00117	X00244
AB	P00117	X00245
AB	P00118	X00118
AB	P00118	X00123
AB	P00118	X00137
AB	P00118	X00160
AB	P00118	X00171
AB	P00118	X00175
AB	P00118	X00201
AB	P00118	X00219
AB	P00118	X00221
AB	P00118	X00223
AB	P00118	X00224
AB	P00118	X00226
AB	P00118	X00228
AB	P00118	X00246
AB	P00118	X00249
AB	P00118	X00250
AB	P00118	X00251
AB	P00119	X00143
AB	P00119	X00146
AB	P00119	X00164
AB	P00119	X00187
AB	P00119	X00202
AB	P00119	X00203
AB	P00119	X00229
AB	P00119	X00231
AB	P00119	X00232
AB	P00119	X00233
AB	P00120	X00150
AB	P00120	X00204
AB	P00120	X00205
AB	P00120	X00234
AB	P00120	X00236
AB	P00120	X00237
AB	P00120	X00238
AB	P00121	X00109
AB	P00121	X00114
AB	P00121	X00119
AB	P00121	X00120
AB	P00121	X00129
AB	P00121	X00135
AB	P00121	X00152
AB	P00121	X00156
AB	P00121	X00167
AB	P00121	X00178
AB	P00121	X00180
AB	P00121	X00181
AB	P00121	X00190
AB	P00121	X00193
AB	P00121	X00196
AB	P00121	X00207
AB	P00121	X00208
AB	P00121	X00210
AB	P00121	X00212
AB	P00121	X00213
AB	P00121	X00215
AB	P00121	X00216
AB	P00121	X00218
AB	P00121	X00239
AB	P00121	X00241
AB	P00121	X00244
AB	P00121	X00245
AB	P00122	X00118
AB	P00122	X00123
AB	P00122	X00137
AB	P00122	X00160
AB	P00122	X00171
AB	P00122	X00175
AB	P00122	X00201
AB	P00122	X00219
AB	P00122	X00221
AB	P00122	X00223
AB	P00122	X00224
AB	P00122	X00226
AB	P00122	X00228
AB	P00122	X00246
AB	P00122	X00249
AB	P00122	X00250
AB	P00122	X00251
AB	P00123	X00143
AB	P00123	X00146
AB	P00123	X00164
AB	P00123	X00187
AB	P00123	X00202
AB	P00123	X00203
AB	P00123	X00229
AB	P00123	X00231
AB	P00123	X00232
AB	P00123	X00233
AB	P00124	X00150
AB	P00124	X00204
AB	P00124	X00205
AB	P00124	X00234
AB	P00124	X00236
AB	P00124	X00237
AB	P00124	X00238
AB	P00125	X00109
AB	P00125	X00114
AB	P00125	X00119
AB	P00125	X00120
AB	P00125	X00129
AB	P00125	X00135
AB	P00125	X00152
AB	P00125	X00156
AB	P00125	X00167
AB	P00125	X00178
AB	P00125	X00180
AB	P00125	X00181
AB	P00125	X00190
AB	P00125	X00193
AB	P00125	X00196
AB	P00125	X00207
AB	P00125	X00208
AB	P00125	X00210
AB	P00125	X00212
AB	P00125	X00213
AB	P00125	X00215
AB	P00125	X00216
AB	P00125	X00218
AB	P00125	X00239
AB	P00125	X00241
AB	P00125	X00244
AB	P00125	X00245
AB	P00126	X00118
AB	P00126	X00123
AB	P00126	X00137
AB	P00126	X00160
AB	P00126	X00171
AB	P00126	X00175
AB	P00126	X00201
AB	P00126	X00219
AB	P00126	X00221
AB	P00126	X00223
AB	P00126	X00224
AB	P00126	X00226
AB	P00126	X00228
AB	P00126	X00246
AB	P00126	X00249
AB	P00126	X00250
AB	P00126	X00251
AB	P00127	X00143
AB	P00127	X00146
AB	P00127	X00164
AB	P00127	X00187
AB	P00127	X00202
AB	P00127	X00203
AB	P00127	X00229
AB	P00127	X00231
AB	P00127	X00232
AB	P00127	X00233
AB	P00128	X00150
AB	P00128	X00204
AB	P00128	X00205
AB	P00128	X00234
AB	P00128	X00236
AB	P00128	X00237
AB	P00128	X00238
AB	P00129	X00109
AB	P00129	X00114
AB	P00129	X00119
AB	P00129	X00120
AB	P00129	X00129
AB	P00129	X00135
AB	P00129	X00152
AB	P00129	X00156
AB	P00129	X00167
AB	P00129	X00178
AB	P00129	X00180
AB	P00129	X00181
AB	P00129	X00190
AB	P00129	X00193
AB	P00129	X00196
AB	P00129	X00207
AB	P00129	X00208
AB	P00129	X00210
AB	P00129	X00212
AB	P00129	X00213
AB	P00129	X00215
AB	P00129	X00216
AB	P00129	X00218
AB	P00129	X00239
AB	P00129	X00241
AB	P00129	X00244
AB	P00129	X00245
AB	P00130	X00118
AB	P00130	X00123
AB	P00130	X00137
AB	P00130	X00160
AB	P00130	X00171
AB	P00130	X00175
AB	P00130	X00201
AB	P00130	X00219
AB	P00130	X00221
AB	P00130	X00223
AB	P00130	X00224
AB	P00130	X00226
AB	P00130	X00228
AB	P00130	X00246
AB	P00130	X00249
AB	P00130	X00250
AB	P00130	X00251
AB	P00131	X00143
AB	P00131	X00146
AB	P00131	X00164
AB	P00131	X00187
AB	P00131	X00202
AB	P00131	X00203
AB	P00131	X00229
AB	P00131	X00230
AB	P00131	X00232
AB	P00131	X00233
AB	P00132	X00150
AB	P00132	X00204
AB	P00132	X00205
AB	P00132	X00234
AB	P00132	X00235
AB	P00132	X00237
AB	P00132	X00238
AB	P00133	X00109
AB	P00133	X00114
AB	P00133	X00134
AB	P00133	X00136
AB	P00133	X00151
AB	P00133	X00155
AB	P00133	X00167
AB	P00133	X00178
AB	P00133	X00180
AB	P00133	X00190
AB	P00133	X00193
AB	P00133	X00196
AB	P00133	X00206
AB	P00133	X00208
AB	P00133	X00209
AB	P00133	X00211
AB	P00133	X00213
AB	P00133	X00214
AB	P00133	X00216
AB	P00133	X00217
AB	P00133	X00239
AB	P00133	X00240
AB	P00133	X00242
AB	P00133	X00243
AB	P00133	X00244
AB	P00133	X00245
AB	P00134	X00118
AB	P00134	X00124
AB	P00134	X00138
AB	P00134	X00159
AB	P00134	X00171
AB	P00134	X00175
AB	P00134	X00201
AB	P00134	X00219
AB	P00134	X00220
AB	P00134	X00222
AB	P00134	X00224
AB	P00134	X00225
AB	P00134	X00226
AB	P00134	X00227
AB	P00134	X00246
AB	P00134	X00247
AB	P00134	X00248
AB	P00134	X00249
AB	P00134	X00251
AB	P00135	X00143
AB	P00135	X00146
AB	P00135	X00164
AB	P00135	X00187
AB	P00135	X00202
AB	P00135	X00203
AB	P00135	X00229
AB	P00135	X00230
AB	P00135	X00232
AB	P00135	X00233
AB	P00136	X00150
AB	P00136	X00204
AB	P00136	X00205
AB	P00136	X00234
AB	P00136	X00235
AB	P00136	X00237
AB	P00136	X00238
AB	P00137	X00109
AB	P00137	X00114
AB	P00137	X00134
AB	P00137	X00136
AB	P00137	X00151
AB	P00137	X00155
AB	P00137	X00167
AB	P00137	X00178
AB	P00137	X00180
AB	P00137	X00190
AB	P00137	X00193
AB	P00137	X00196
AB	P00137	X00206
AB	P00137	X00208
AB	P00137	X00209
AB	P00137	X00211
AB	P00137	X00213
AB	P00137	X00214
AB	P00137	X00216
AB	P00137	X00217
AB	P00137	X00239
AB	P00137	X00240
AB	P00137	X00242
AB	P00137	X00243
AB	P00137	X00244
AB	P00137	X00245
AB	P00138	X00118
AB	P00138	X00124
AB	P00138	X00138
AB	P00138	X00159
AB	P00138	X00171
AB	P00138	X00175
AB	P00138	X00201
AB	P00138	X00219
AB	P00138	X00220
AB	P00138	X00222
AB	P00138	X00224
AB	P00138	X00225
AB	P00138	X00226
AB	P00138	X00227
AB	P00138	X00246
AB	P00138	X00247
AB	P00138	X00248
AB	P00138	X00249
AB	P00138	X00251
AB	P00139	X00143
AB	P00139	X00146
AB	P00139	X00164
AB	P00139	X00187
AB	P00139	X00202
AB	P00139	X00203
AB	P00139	X00229
AB	P00139	X00230
AB	P00139	X00232
AB	P00139	X00233
AB	P00140	X00150
AB	P00140	X00204
AB	P00140	X00205
AB	P00140	X00234
AB	P00140	X00235
AB	P00140	X00237
AB	P00140	X00238
AB	P00141	X00109
AB	P00141	X00114
AB	P00141	X00134
AB	P00141	X00136
AB	P00141	X00151
AB	P00141	X00155
AB	P00141	X00167
AB	P00141	X00178
AB	P00141	X00180
AB	P00141	X00190
AB	P00141	X00193
AB	P00141	X00196
AB	P00141	X00206
AB	P00141	X00208
AB	P00141	X00209
AB	P00141	X00211
AB	P00141	X00213
AB	P00141	X00214
AB	P00141	X00216
AB	P00141	X00217
AB	P00141	X00239
AB	P00141	X00240
AB	P00141	X00242
AB	P00141	X00243
AB	P00141	X00244
AB	P00141	X00245
AB	P00142	X00118
AB	P00142	X00124
AB	P00142	X00138
AB	P00142	X00159
AB	P00142	X00171
AB	P00142	X00175
AB	P00142	X00201
AB	P00142	X00219
AB	P00142	X00220
AB	P00142	X00222
AB	P00142	X00224
AB	P00142	X00225
AB	P00142	X00226
AB	P00142	X00227
AB	P00142	X00246
AB	P00142	X00247
AB	P00142	X00248
AB	P00142	X00249
AB	P00142	X00251
AB	P00143	X00143
AB	P00143	X00146
AB	P00143	X00164
AB	P00143	X00187
AB	P00143	X00202
AB	P00143	X00203
AB	P00143	X00229
AB	P00143	X00230
AB	P00143	X00232
AB	P00143	X00233
AB	P00144	X00150
AB	P00144	X00204
AB	P00144	X00205
AB	P00144	X00234
AB	P00144	X00235
AB	P00144	X00237
AB	P00144	X00238
AB	P00145	X00109
AB	P00145	X00114
AB	P00145	X00134
AB	P00145	X00136
AB	P00145	X00151
AB	P00145	X00155
AB	P00145	X00167
AB	P00145	X00178
AB	P00145	X00180
AB	P00145	X00190
AB	P00145	X00193
AB	P00145	X00196
AB	P00145	X00206
AB	P00145	X00208
AB	P00145	X00209
AB	P00145	X00211
AB	P00145	X00213
AB	P00145	X00214
AB	P00145	X00216
AB	P00145	X00217
AB	P00145	X00239
AB	P00145	X00240
AB	P00145	X00242
AB	P00145	X00243
AB	P00145	X00244
AB	P00145	X00245
AB	P00146	X00118
AB	P00146	X00124
AB	P00146	X00138
AB	P00146	X00159
AB	P00146	X00171
AB	P00146	X00175
AB	P00146	X00201
AB	P00146	X00219
AB	P00146	X00220
AB	P00146	X00222
AB	P00146	X00224
AB	P00146	X00225
AB	P00146	X00226
AB	P00146	X00227
AB	P00146	X00246
AB	P00146	X00247
AB	P00146	X00248
AB	P00146	X00249
AB	P00146	X00251
AB	P00147	X00143
AB	P00147	X00146
AB	P00147	X00164
AB	P00147	X00187
AB	P00147	X00202
AB	P00147	X00203
AB	P00147	X00229
AB	P00147	X00231
AB	P00147	X00232
AB	P00147	X00233
AB	P00148	X00150
AB	P00148	X00204
AB	P00148	X00205
AB	P00148	X00234
AB	P00148	X00236
AB	P00148	X00237
AB	P00148	X00238
AB	P00149	X00109
AB	P00149	X00114
AB	P00149	X00119
AB	P00149	X00120
AB	P00149	X00134
AB	P00149	X00136
AB	P00149	X00152
AB	P00149	X00156
AB	P00149	X00167
AB	P00149	X00178
AB	P00149	X00180
AB	P00149	X00181
AB	P00149	X00190
AB	P00149	X00193
AB	P00149	X00196
AB	P00149	X00207
AB	P00149	X00208
AB	P00149	X00210
AB	P00149	X00212
AB	P00149	X00213
AB	P00149	X00215
AB	P00149	X00216
AB	P00149	X00218
AB	P00149	X00239
AB	P00149	X00241
AB	P00149	X00244
AB	P00149	X00245
AB	P00150	X00118
AB	P00150	X00123
AB	P00150	X00138
AB	P00150	X00160
AB	P00150	X00171
AB	P00150	X00175
AB	P00150	X00201
AB	P00150	X00219
AB	P00150	X00221
AB	P00150	X00223
AB	P00150	X00224
AB	P00150	X00226
AB	P00150	X00228
AB	P00150	X00246
AB	P00150	X00249
AB	P00150	X00250
AB	P00150	X00251
AB	P00151	X00140
AB	P00151	X00144
AB	P00151	X00161
AB	P00151	X00185
AB	P00151	X00202
AB	P00151	X00203
AB	P00151	X00229
AB	P00151	X00231
AB	P00151	X00232
AB	P00151	X00233
AB	P00152	X00147
AB	P00152	X00204
AB	P00152	X00205
AB	P00152	X00234
AB	P00152	X00236
AB	P00152	X00237
AB	P00152	X00238
AB	P00153	X00110
AB	P00153	X00111
AB	P00153	X00121
AB	P00153	X00130
AB	P00153	X00139
AB	P00153	X00153
AB	P00153	X00154
AB	P00153	X00165
AB	P00153	X00178
AB	P00153	X00180
AB	P00153	X00182
AB	P00153	X00188
AB	P00153	X00191
AB	P00153	X00194
AB	P00153	X00207
AB	P00153	X00208
AB	P00153	X00210
AB	P00153	X00212
AB	P00153	X00213
AB	P00153	X00215
AB	P00153	X00216
AB	P00153	X00218
AB	P00153	X00239
AB	P00153	X00241
AB	P00153	X00244
AB	P00153	X00245
AB	P00154	X00115
AB	P00154	X00125
AB	P00154	X00157
AB	P00154	X00158
AB	P00154	X00168
AB	P00154	X00172
AB	P00154	X00197
AB	P00154	X00219
AB	P00154	X00221
AB	P00154	X00223
AB	P00154	X00224
AB	P00154	X00226
AB	P00154	X00228
AB	P00154	X00246
AB	P00154	X00249
AB	P00154	X00250
AB	P00154	X00251
AB	P00155	X00142
AB	P00155	X00163
AB	P00155	X00186
AB	P00155	X00202
AB	P00155	X00203
AB	P00155	X00229
AB	P00155	X00231
AB	P00155	X00232
AB	P00155	X00233
AB	P00156	X00149
AB	P00156	X00204
AB	P00156	X00205
AB	P00156	X00234
AB	P00156	X00236
AB	P00156	X00237
AB	P00156	X00238
AB	P00157	X00108
AB	P00157	X00113
AB	P00157	X00134
AB	P00157	X00136
AB	P00157	X00151
AB	P00157	X00155
AB	P00157	X00166
AB	P00157	X00178
AB	P00157	X00180
AB	P00157	X00195
AB	P00157	X00207
AB	P00157	X00208
AB	P00157	X00210
AB	P00157	X00212
AB	P00157	X00213
AB	P00157	X00214
AB	P00157	X00216
AB	P00157	X00217
AB	P00157	X00239
AB	P00157	X00240
AB	P00157	X00244
AB	P00157	X00245
AB	P00158	X00117
AB	P00158	X00124
AB	P00158	X00138
AB	P00158	X00159
AB	P00158	X00170
AB	P00158	X00174
AB	P00158	X00200
AB	P00158	X00219
AB	P00158	X00221
AB	P00158	X00223
AB	P00158	X00224
AB	P00158	X00225
AB	P00158	X00226
AB	P00158	X00227
AB	P00158	X00246
AB	P00158	X00249
AB	P00158	X00251
AB	P00159	X00140
AB	P00159	X00144
AB	P00159	X00161
AB	P00159	X00185
AB	P00159	X00202
AB	P00159	X00203
AB	P00159	X00229
AB	P00159	X00231
AB	P00159	X00232
AB	P00159	X00233
AB	P00160	X00147
AB	P00160	X00204
AB	P00160	X00205
AB	P00160	X00234
AB	P00160	X00236
AB	P00160	X00237
AB	P00160	X00238
AB	P00161	X00110
AB	P00161	X00111
AB	P00161	X00119
AB	P00161	X00120
AB	P00161	X00134
AB	P00161	X00136
AB	P00161	X00139
AB	P00161	X00153
AB	P00161	X00154
AB	P00161	X00165
AB	P00161	X00178
AB	P00161	X00180
AB	P00161	X00181
AB	P00161	X00188
AB	P00161	X00191
AB	P00161	X00194
AB	P00161	X00207
AB	P00161	X00208
AB	P00161	X00210
AB	P00161	X00212
AB	P00161	X00213
AB	P00161	X00215
AB	P00161	X00216
AB	P00161	X00218
AB	P00161	X00239
AB	P00161	X00241
AB	P00161	X00244
AB	P00161	X00245
AB	P00162	X00115
AB	P00162	X00123
AB	P00162	X00138
AB	P00162	X00157
AB	P00162	X00158
AB	P00162	X00168
AB	P00162	X00172
AB	P00162	X00197
AB	P00162	X00219
AB	P00162	X00221
AB	P00162	X00223
AB	P00162	X00224
AB	P00162	X00226
AB	P00162	X00228
AB	P00162	X00246
AB	P00162	X00249
AB	P00162	X00250
AB	P00162	X00251
AB	P00163	X00143
AB	P00163	X00146
AB	P00163	X00164
AB	P00163	X00187
AB	P00163	X00202
AB	P00163	X00203
AB	P00163	X00229
AB	P00163	X00231
AB	P00163	X00232
AB	P00163	X00233
AB	P00164	X00150
AB	P00164	X00204
AB	P00164	X00205
AB	P00164	X00234
AB	P00164	X00236
AB	P00164	X00237
AB	P00164	X00238
AB	P00165	X00109
AB	P00165	X00114
AB	P00165	X00119
AB	P00165	X00120
AB	P00165	X00129
AB	P00165	X00135
AB	P00165	X00152
AB	P00165	X00156
AB	P00165	X00167
AB	P00165	X00178
AB	P00165	X00180
AB	P00165	X00181
AB	P00165	X00190
AB	P00165	X00193
AB	P00165	X00196
AB	P00165	X00207
AB	P00165	X00208
AB	P00165	X00210
AB	P00165	X00212
AB	P00165	X00213
AB	P00165	X00215
AB	P00165	X00216
AB	P00165	X00218
AB	P00165	X00239
AB	P00165	X00241
AB	P00165	X00244
AB	P00165	X00245
AB	P00166	X00118
AB	P00166	X00123
AB	P00166	X00137
AB	P00166	X00160
AB	P00166	X00171
AB	P00166	X00175
AB	P00166	X00201
AB	P00166	X00219
AB	P00166	X00221
AB	P00166	X00223
AB	P00166	X00224
AB	P00166	X00226
AB	P00166	X00228
AB	P00166	X00246
AB	P00166	X00249
AB	P00166	X00250
AB	P00166	X00251
AB	P00167	X00143
AB	P00167	X00146
AB	P00167	X00164
AB	P00167	X00187
AB	P00167	X00202
AB	P00167	X00203
AB	P00167	X00229
AB	P00167	X00231
AB	P00167	X00232
AB	P00167	X00233
AB	P00168	X00150
AB	P00168	X00204
AB	P00168	X00205
AB	P00168	X00234
AB	P00168	X00236
AB	P00168	X00237
AB	P00168	X00238
AB	P00169	X00109
AB	P00169	X00114
AB	P00169	X00119
AB	P00169	X00120
AB	P00169	X00129
AB	P00169	X00135
AB	P00169	X00152
AB	P00169	X00156
AB	P00169	X00167
AB	P00169	X00178
AB	P00169	X00180
AB	P00169	X00181
AB	P00169	X00190
AB	P00169	X00193
AB	P00169	X00196
AB	P00169	X00207
AB	P00169	X00208
AB	P00169	X00210
AB	P00169	X00212
AB	P00169	X00213
AB	P00169	X00215
AB	P00169	X00216
AB	P00169	X00218
AB	P00169	X00239
AB	P00169	X00241
AB	P00169	X00244
AB	P00169	X00245
AB	P00170	X00118
AB	P00170	X00123
AB	P00170	X00137
AB	P00170	X00160
AB	P00170	X00171
AB	P00170	X00175
AB	P00170	X00201
AB	P00170	X00219
AB	P00170	X00221
AB	P00170	X00223
AB	P00170	X00224
AB	P00170	X00226
AB	P00170	X00228
AB	P00170	X00246
AB	P00170	X00249
AB	P00170	X00250
AB	P00170	X00251
AB	P00171	X00143
AB	P00171	X00146
AB	P00171	X00164
AB	P00171	X00187
AB	P00171	X00202
AB	P00171	X00203
AB	P00171	X00229
AB	P00171	X00231
AB	P00171	X00232
AB	P00171	X00233
AB	P00172	X00150
AB	P00172	X00204
AB	P00172	X00205
AB	P00172	X00234
AB	P00172	X00236
AB	P00172	X00237
AB	P00172	X00238
AB	P00173	X00109
AB	P00173	X00114
AB	P00173	X00119
AB	P00173	X00120
AB	P00173	X00129
AB	P00173	X00135
AB	P00173	X00152
AB	P00173	X00156
AB	P00173	X00167
AB	P00173	X00178
AB	P00173	X00180
AB	P00173	X00181
AB	P00173	X00190
AB	P00173	X00193
AB	P00173	X00196
AB	P00173	X00207
AB	P00173	X00208
AB	P00173	X00210
AB	P00173	X00212
AB	P00173	X00213
AB	P00173	X00215
AB	P00173	X00216
AB	P00173	X00218
AB	P00173	X00239
AB	P00173	X00241
AB	P00173	X00244
AB	P00173	X00245
AB	P00174	X00118
AB	P00174	X00123
AB	P00174	X00137
AB	P00174	X00160
AB	P00174	X00171
AB	P00174	X00175
AB	P00174	X00201
AB	P00174	X00219
AB	P00174	X00221
AB	P00174	X00223
AB	P00174	X00224
AB	P00174	X00226
AB	P00174	X00228
AB	P00174	X00246
AB	P00174	X00249
AB	P00174	X00250
AB	P00174	X00251
AB	P00175	X00143
AB	P00175	X00146
AB	P00175	X00164
AB	P00175	X00187
AB	P00175	X00202
AB	P00175	X00203
AB	P00175	X00229
AB	P00175	X00231
AB	P00175	X00232
AB	P00175	X00233
AB	P00176	X00150
AB	P00176	X00204
AB	P00176	X00205
AB	P00176	X00234
AB	P00176	X00236
AB	P00176	X00237
AB	P00176	X00238
AB	P00177	X00109
AB	P00177	X00114
AB	P00177	X00119
AB	P00177	X00120
AB	P00177	X00129
AB	P00177	X00135
AB	P00177	X00152
AB	P00177	X00156
AB	P00177	X00167
AB	P00177	X00178
AB	P00177	X00180
AB	P00177	X00181
AB	P00177	X00190
AB	P00177	X00193
AB	P00177	X00196
AB	P00177	X00207
AB	P00177	X00208
AB	P00177	X00210
AB	P00177	X00212
AB	P00177	X00213
AB	P00177	X00215
AB	P00177	X00216
AB	P00177	X00218
AB	P00177	X00239
AB	P00177	X00241
AB	P00177	X00244
AB	P00177	X00245
AB	P00178	X00118
AB	P00178	X00123
AB	P00178	X00137
AB	P00178	X00160
AB	P00178	X00171
AB	P00178	X00175
AB	P00178	X00201
AB	P00178	X00219
AB	P00178	X00221
AB	P00178	X00223
AB	P00178	X00224
AB	P00178	X00226
AB	P00178	X00228
AB	P00178	X00246
AB	P00178	X00249
AB	P00178	X00250
AB	P00178	X00251
AB	P00179	X00141
AB	P00179	X00145
AB	P00179	X00164
AB	P00179	X00187
AB	P00179	X00202
AB	P00179	X00203
AB	P00179	X00229
AB	P00179	X00231
AB	P00179	X00232
AB	P00179	X00233
AB	P00180	X00148
AB	P00180	X00204
AB	P00180	X00205
AB	P00180	X00234
AB	P00180	X00236
AB	P00180	X00237
AB	P00180	X00238
AB	P00181	X00107
AB	P00181	X00112
AB	P00181	X00131
AB	P00181	X00152
AB	P00181	X00156
AB	P00181	X00167
AB	P00181	X00178
AB	P00181	X00180
AB	P00181	X00183
AB	P00181	X00190
AB	P00181	X00193
AB	P00181	X00196
AB	P00181	X00207
AB	P00181	X00208
AB	P00181	X00210
AB	P00181	X00212
AB	P00181	X00213
AB	P00181	X00215
AB	P00181	X00216
AB	P00181	X00218
AB	P00181	X00239
AB	P00181	X00241
AB	P00181	X00244
AB	P00181	X00245
AB	P00182	X00116
AB	P00182	X00126
AB	P00182	X00160
AB	P00182	X00171
AB	P00182	X00175
AB	P00182	X00201
AB	P00182	X00219
AB	P00182	X00221
AB	P00182	X00223
AB	P00182	X00224
AB	P00182	X00226
AB	P00182	X00228
AB	P00182	X00246
AB	P00182	X00249
AB	P00182	X00250
AB	P00182	X00251
AB	P00183	X00141
AB	P00183	X00145
AB	P00183	X00162
AB	P00183	X00202
AB	P00183	X00203
AB	P00183	X00229
AB	P00183	X00231
AB	P00183	X00232
AB	P00183	X00233
AB	P00184	X00148
AB	P00184	X00204
AB	P00184	X00205
AB	P00184	X00234
AB	P00184	X00236
AB	P00184	X00237
AB	P00184	X00238
AB	P00185	X00107
AB	P00185	X00112
AB	P00185	X00122
AB	P00185	X00132
AB	P00185	X00152
AB	P00185	X00156
AB	P00185	X00178
AB	P00185	X00180
AB	P00185	X00181
AB	P00185	X00189
AB	P00185	X00192
AB	P00185	X00207
AB	P00185	X00208
AB	P00185	X00210
AB	P00185	X00212
AB	P00185	X00213
AB	P00185	X00215
AB	P00185	X00216
AB	P00185	X00218
AB	P00185	X00239
AB	P00185	X00241
AB	P00185	X00244
AB	P00185	X00245
AB	P00186	X00116
AB	P00186	X00127
AB	P00186	X00160
AB	P00186	X00169
AB	P00186	X00173
AB	P00186	X00176
AB	P00186	X00198
AB	P00186	X00219
AB	P00186	X00221
AB	P00186	X00223
AB	P00186	X00224
AB	P00186	X00226
AB	P00186	X00228
AB	P00186	X00246
AB	P00186	X00249
AB	P00186	X00250
AB	P00186	X00251
AB	P00187	X00141
AB	P00187	X00145
AB	P00187	X00162
AB	P00187	X00202
AB	P00187	X00203
AB	P00187	X00229
AB	P00187	X00231
AB	P00187	X00232
AB	P00187	X00233
AB	P00188	X00148
AB	P00188	X00204
AB	P00188	X00205
AB	P00188	X00234
AB	P00188	X00236
AB	P00188	X00237
AB	P00188	X00238
AB	P00189	X00107
AB	P00189	X00112
AB	P00189	X00122
AB	P00189	X00132
AB	P00189	X00152
AB	P00189	X00156
AB	P00189	X00178
AB	P00189	X00180
AB	P00189	X00181
AB	P00189	X00189
AB	P00189	X00192
AB	P00189	X00207
AB	P00189	X00208
AB	P00189	X00210
AB	P00189	X00212
AB	P00189	X00213
AB	P00189	X00215
AB	P00189	X00216
AB	P00189	X00218
AB	P00189	X00239
AB	P00189	X00241
AB	P00189	X00244
AB	P00189	X00245
AB	P00190	X00116
AB	P00190	X00127
AB	P00190	X00160
AB	P00190	X00169
AB	P00190	X00173
AB	P00190	X00176
AB	P00190	X00198
AB	P00190	X00219
AB	P00190	X00221
AB	P00190	X00223
AB	P00190	X00224
AB	P00190	X00226
AB	P00190	X00228
AB	P00190	X00246
AB	P00190	X00249
AB	P00190	X00250
AB	P00190	X00251
AB	P00191	X00141
AB	P00191	X00145
AB	P00191	X00162
AB	P00191	X00202
AB	P00191	X00203
AB	P00191	X00229
AB	P00191	X00231
AB	P00191	X00232
AB	P00191	X00233
AB	P00192	X00148
AB	P00192	X00204
AB	P00192	X00205
AB	P00192	X00234
AB	P00192	X00236
AB	P00192	X00237
AB	P00192	X00238
AB	P00193	X00107
AB	P00193	X00112
AB	P00193	X00122
AB	P00193	X00132
AB	P00193	X00152
AB	P00193	X00156
AB	P00193	X00178
AB	P00193	X00180
AB	P00193	X00181
AB	P00193	X00189
AB	P00193	X00192
AB	P00193	X00207
AB	P00193	X00208
AB	P00193	X00210
AB	P00193	X00212
AB	P00193	X00213
AB	P00193	X00215
AB	P00193	X00216
AB	P00193	X00218
AB	P00193	X00239
AB	P00193	X00241
AB	P00193	X00244
AB	P00193	X00245
AB	P00194	X00116
AB	P00194	X00127
AB	P00194	X00160
AB	P00194	X00169
AB	P00194	X00173
AB	P00194	X00176
AB	P00194	X00198
AB	P00194	X00219
AB	P00194	X00221
AB	P00194	X00223
AB	P00194	X00224
AB	P00194	X00226
AB	P00194	X00228
AB	P00194	X00246
AB	P00194	X00249
AB	P00194	X00250
AB	P00194	X00251
AB	P00195	X00143
AB	P00195	X00146
AB	P00195	X00164
AB	P00195	X00187
AB	P00195	X00202
AB	P00195	X00203
AB	P00195	X00229
AB	P00195	X00231
AB	P00195	X00232
AB	P00195	X00233
AB	P00196	X00150
AB	P00196	X00204
AB	P00196	X00205
AB	P00196	X00234
AB	P00196	X00236
AB	P00196	X00237
AB	P00196	X00238
AB	P00197	X00109
AB	P00197	X00114
AB	P00197	X00119
AB	P00197	X00120
AB	P00197	X00134
AB	P00197	X00136
AB	P00197	X00152
AB	P00197	X00156
AB	P00197	X00167
AB	P00197	X00178
AB	P00197	X00180
AB	P00197	X00181
AB	P00197	X00190
AB	P00197	X00193
AB	P00197	X00196
AB	P00197	X00207
AB	P00197	X00208
AB	P00197	X00210
AB	P00197	X00212
AB	P00197	X00213
AB	P00197	X00215
AB	P00197	X00216
AB	P00197	X00218
AB	P00197	X00239
AB	P00197	X00241
AB	P00197	X00244
AB	P00197	X00245
AB	P00198	X00118
AB	P00198	X00123
AB	P00198	X00138
AB	P00198	X00160
AB	P00198	X00171
AB	P00198	X00175
AB	P00198	X00201
AB	P00198	X00219
AB	P00198	X00221
AB	P00198	X00223
AB	P00198	X00224
AB	P00198	X00226
AB	P00198	X00228
AB	P00198	X00246
AB	P00198	X00249
AB	P00198	X00250
AB	P00198	X00251
AB	P00199	X00140
AB	P00199	X00144
AB	P00199	X00161
AB	P00199	X00185
AB	P00199	X00202
AB	P00199	X00203
AB	P00199	X00229
AB	P00199	X00231
AB	P00199	X00232
AB	P00199	X00233
AB	P00200	X00147
AB	P00200	X00204
AB	P00200	X00205
AB	P00200	X00234
AB	P00200	X00236
AB	P00200	X00237
AB	P00200	X00238
AB	P00201	X00110
AB	P00201	X00111
AB	P00201	X00121
AB	P00201	X00130
AB	P00201	X00139
AB	P00201	X00153
AB	P00201	X00154
AB	P00201	X00165
AB	P00201	X00178
AB	P00201	X00180
AB	P00201	X00182
AB	P00201	X00188
AB	P00201	X00191
AB	P00201	X00194
AB	P00201	X00207
AB	P00201	X00208
AB	P00201	X00210
AB	P00201	X00212
AB	P00201	X00213
AB	P00201	X00215
AB	P00201	X00216
AB	P00201	X00218
AB	P00201	X00239
AB	P00201	X00241
AB	P00201	X00244
AB	P00201	X00245
AB	P00202	X00115
AB	P00202	X00125
AB	P00202	X00157
AB	P00202	X00158
AB	P00202	X00168
AB	P00202	X00172
AB	P00202	X00197
AB	P00202	X00219
AB	P00202	X00221
AB	P00202	X00223
AB	P00202	X00224
AB	P00202	X00226
AB	P00202	X00228
AB	P00202	X00246
AB	P00202	X00249
AB	P00202	X00250
AB	P00202	X00251
AB	P00203	X00142
AB	P00203	X00163
AB	P00203	X00186
AB	P00203	X00202
AB	P00203	X00203
AB	P00203	X00229
AB	P00203	X00231
AB	P00203	X00232
AB	P00203	X00233
AB	P00204	X00149
AB	P00204	X00204
AB	P00204	X00205
AB	P00204	X00234
AB	P00204	X00236
AB	P00204	X00237
AB	P00204	X00238
AB	P00205	X00108
AB	P00205	X00113
AB	P00205	X00134
AB	P00205	X00136
AB	P00205	X00151
AB	P00205	X00155
AB	P00205	X00166
AB	P00205	X00178
AB	P00205	X00180
AB	P00205	X00195
AB	P00205	X00207
AB	P00205	X00208
AB	P00205	X00210
AB	P00205	X00212
AB	P00205	X00213
AB	P00205	X00214
AB	P00205	X00216
AB	P00205	X00217
AB	P00205	X00239
AB	P00205	X00240
AB	P00205	X00244
AB	P00205	X00245
AB	P00206	X00117
AB	P00206	X00124
AB	P00206	X00138
AB	P00206	X00159
AB	P00206	X00170
AB	P00206	X00174
AB	P00206	X00200
AB	P00206	X00219
AB	P00206	X00221
AB	P00206	X00223
AB	P00206	X00224
AB	P00206	X00225
AB	P00206	X00226
AB	P00206	X00227
AB	P00206	X00246
AB	P00206	X00249
AB	P00206	X00251
AB	P00207	X00140
AB	P00207	X00144
AB	P00207	X00161
AB	P00207	X00185
AB	P00207	X00202
AB	P00207	X00203
AB	P00207	X00229
AB	P00207	X00231
AB	P00207	X00232
AB	P00207	X00233
AB	P00208	X00147
AB	P00208	X00204
AB	P00208	X00205
AB	P00208	X00234
AB	P00208	X00236
AB	P00208	X00237
AB	P00208	X00238
AB	P00209	X00110
AB	P00209	X00111
AB	P00209	X00119
AB	P00209	X00120
AB	P00209	X00134
AB	P00209	X00136
AB	P00209	X00139
AB	P00209	X00153
AB	P00209	X00154
AB	P00209	X00165
AB	P00209	X00178
AB	P00209	X00180
AB	P00209	X00181
AB	P00209	X00188
AB	P00209	X00191
AB	P00209	X00194
AB	P00209	X00207
AB	P00209	X00208
AB	P00209	X00210
AB	P00209	X00212
AB	P00209	X00213
AB	P00209	X00215
AB	P00209	X00216
AB	P00209	X00218
AB	P00209	X00239
AB	P00209	X00241
AB	P00209	X00244
AB	P00209	X00245
AB	P00210	X00115
AB	P00210	X00123
AB	P00210	X00138
AB	P00210	X00157
AB	P00210	X00158
AB	P00210	X00168
AB	P00210	X00172
AB	P00210	X00197
AB	P00210	X00219
AB	P00210	X00221
AB	P00210	X00223
AB	P00210	X00224
AB	P00210	X00226
AB	P00210	X00228
AB	P00210	X00246
AB	P00210	X00249
AB	P00210	X00250
AB	P00210	X00251
AB	P00211	X00001
AB	P00211	X00002
AB	P00211	X00003
AB	P00211	X00004
AB	P00211	X00005
AB	P00211	X00006
AB	P00211	X00007
AB	P00211	X00008
AB	P00211	X00009
AB	P00211	X00010
AB	P00211	X00013
AB	P00211	X00014
AB	P00211	X00015
AB	P00211	X00016
AB	P00211	X00017
AB	P00211	X00018
AB	P00211	X00019
AB	P00211	X00020
AB	P00211	X00021
AB	P00211	X00022
AB	P00211	X00024
AB	P00211	X00025
AB	P00211	X00026
AB	P00211	X00027
AB	P00211	X00028
AB	P00211	X00029
AB	P00211	X00030
AB	P00211	X00031
AB	P00211	X00032
AB	P00211	X00034
AB	P00211	X00035
AB	P00211	X00036
AB	P00211	X00039
AB	P00211	X00041
AB	P00211	X00042
AB	P00211	X00043
AB	P00211	X00044
AB	P00211	X00045
AB	P00211	X00046
AB	P00211	X00047
AB	P00211	X00048
AB	P00211	X00049
AB	P00211	X00050
AB	P00211	X00051
AB	P00211	X00252
AB	P00211	X00253
AB	P00211	X00254
AB	P00211	X00255
AB	P00211	X00256
AB	P00211	X00257
AB	P00211	X00258
AB	P00211	X00259
AB	P00211	X00260
AB	P00211	X00261
AB	P00211	X00262
AB	P00211	X00263
AB	P00211	X00264
AB	P00211	X00267
AB	P00211	X00268
AB	P00211	X00269
AB	P00211	X00270
AB	P00211	X00271
AB	P00211	X00272
AB	P00211	X00273
AB	P00211	X00274
AB	P00211	X00275
AB	P00211	X00276
AB	P00211	X00277
AB	P00211	X00278
AB	P00211	X00279
AB	P00211	X00280
AB	P00211	X00281
AB	P00211	X00282
AB	P00211	X00283
AB	P00211	X00284
AB	P00211	X00285
AB	P00211	X00287
AB	P00211	X00288
AB	P00211	X00289
AB	P00211	X00290
AB	P00211	X00291
AB	P00211	X00292
AB	P00211	X00293
AB	P00211	X00294
AB	P00211	X00295
AB	P00211	X00296
AB	P00211	X00297
AB	P00211	X00298
AB	P00211	X00299
AB	P00211	X00300
AB	P00211	X00301
AB	P00211	X00302
AB	P00211	X00303
AB	P00211	X00304
AB	P00211	X00305
AB	P00211	X00306
AB	P00211	X00307
AB	P00211	X00308
AB	P00211	X00309
AB	P00211	X00310
AB	P00211	X00313
AB	P00211	X00314
AB	P00211	X00315
AB	P00211	X00317
AB	P00211	X00318
AB	P00211	X00319
AB	P00211	X00320
AB	P00211	X00321
AB	P00211	X00322
AB	P00211	X00323
AB	P00211	X00324
AB	P00211	X00325
AB	P00211	X00326
AB	P00211	X00327
AB	P00211	X00328
AB	P00211	X00329
AB	P00211	X00330
AB	P00211	X00331
AB	P00211	X00332
AB	P00211	X00333
AB	P00211	X00334
AB	P00211	X00335
AB	P00211	X00336
AB	P00211	X00337
AB	P00211	X00338
AB	P00211	X00339
AB	P00211	X00340
AB	P00211	X00341
AB	P00211	X00342
AB	P00211	X00345
AB	P00211	X00346
AB	P00211	X00355
AB	P00211	X00358
AB	P00211	X00359
AB	P00212	X00001
AB	P00212	X00002
AB	P00212	X00003
AB	P00212	X00004
AB	P00212	X00005
AB	P00212	X00006
AB	P00212	X00007
AB	P00212	X00008
AB	P00212	X00009
AB	P00212	X00010
AB	P00212	X00011
AB	P00212	X00012
AB	P00212	X00013
AB	P00212	X00014
AB	P00212	X00015
AB	P00212	X00016
AB	P00212	X00017
AB	P00212	X00018
AB	P00212	X00019
AB	P00212	X00020
AB	P00212	X00021
AB	P00212	X00022
AB	P00212	X00023
AB	P00212	X00024
AB	P00212	X00025
AB	P00212	X00026
AB	P00212	X00027
AB	P00212	X00028
AB	P00212	X00029
AB	P00212	X00030
AB	P00212	X00031
AB	P00212	X00032
AB	P00212	X00033
AB	P00212	X00034
AB	P00212	X00035
AB	P00212	X00036
AB	P00212	X00037
AB	P00212	X00038
AB	P00212	X00039
AB	P00212	X00040
AB	P00212	X00041
AB	P00212	X00042
AB	P00212	X00043
AB	P00212	X00044
AB	P00212	X00045
AB	P00212	X00046
AB	P00212	X00047
AB	P00212	X00048
AB	P00212	X00049
AB	P00212	X00050
AB	P00212	X00051
AB	P00212	X00252
AB	P00212	X00253
AB	P00212	X00254
AB	P00212	X00255
AB	P00212	X00256
AB	P00212	X00257
AB	P00212	X00258
AB	P00212	X00259
AB	P00212	X00260
AB	P00212	X00261
AB	P00212	X00262
AB	P00212	X00263
AB	P00212	X00264
AB	P00212	X00265
AB	P00212	X00266
AB	P00212	X00267
AB	P00212	X00268
AB	P00212	X00269
AB	P00212	X00270
AB	P00212	X00271
AB	P00212	X00272
AB	P00212	X00273
AB	P00212	X00274
AB	P00212	X00275
AB	P00212	X00276
AB	P00212	X00277
AB	P00212	X00278
AB	P00212	X00279
AB	P00212	X00280
AB	P00212	X00281
AB	P00212	X00282
AB	P00212	X00283
AB	P00212	X00284
AB	P00212	X00285
AB	P00212	X00286
AB	P00212	X00287
AB	P00212	X00288
AB	P00212	X00289
AB	P00212	X00290
AB	P00212	X00291
AB	P00212	X00292
AB	P00212	X00293
AB	P00212	X00294
AB	P00212	X00295
AB	P00212	X00296
AB	P00212	X00297
AB	P00212	X00298
AB	P00212	X00299
AB	P00212	X00300
AB	P00212	X00301
AB	P00212	X00302
AB	P00212	X00303
AB	P00212	X00304
AB	P00212	X00305
AB	P00212	X00306
AB	P00212	X00307
AB	P00212	X00308
AB	P00212	X00309
AB	P00212	X00310
AB	P00212	X00311
AB	P00212	X00312
AB	P00212	X00313
AB	P00212	X00314
AB	P00212	X00315
AB	P00212	X00316
AB	P00212	X00317
AB	P00212	X00318
AB	P00212	X00319
AB	P00212	X00320
AB	P00212	X00321
AB	P00212	X00322
AB	P00212	X00323
AB	P00212	X00324
AB	P00212	X00325
AB	P00212	X00326
AB	P00212	X00327
AB	P00212	X00328
AB	P00212	X00329
AB	P00212	X00330
AB	P00212	X00331
AB	P00212	X00332
AB	P00212	X00333
AB	P00212	X00334
AB	P00212	X00335
AB	P00212	X00336
AB	P00212	X00337
AB	P00212	X00338
AB	P00212	X00339
AB	P00212	X00340
AB	P00212	X00341
AB	P00212	X00342
AB	P00212	X00343
AB	P00212	X00344
AB	P00212	X00345
AB	P00212	X00346
AB	P00212	X00347
AB	P00212	X00348
AB	P00212	X00349
AB	P00212	X00350
AB	P00212	X00351
AB	P00212	X00352
AB	P00212	X00355
AB	P00212	X00356
AB	P00212	X00357
AB	P00212	X00358
AB	P00212	X00359
AB	P00212	X00362
AB	P00212	X00366
AB	P00212	X00367
AB	P00212	X00368
AB	P00212	X00369
AB	P00212	X00370
AB	P00212	X00371
AB	P00212	X00372
AB	P00212	X00373
AB	P00212	X00374
AB	P00212	X00376
AB	P00212	X00377
AB	P00213	X00252
AB	P00213	X00253
AB	P00213	X00254
AB	P00213	X00255
AB	P00213	X00256
AB	P00213	X00257
AB	P00213	X00258
AB	P00213	X00259
AB	P00213	X00260
AB	P00213	X00262
AB	P00213	X00264
AB	P00213	X00265
AB	P00213	X00266
AB	P00213	X00267
AB	P00213	X00268
AB	P00213	X00269
AB	P00213	X00270
AB	P00213	X00271
AB	P00213	X00272
AB	P00213	X00273
AB	P00213	X00274
AB	P00213	X00275
AB	P00213	X00276
AB	P00213	X00277
AB	P00213	X00278
AB	P00213	X00279
AB	P00213	X00280
AB	P00213	X00281
AB	P00213	X00282
AB	P00213	X00283
AB	P00213	X00284
AB	P00213	X00285
AB	P00213	X00286
AB	P00213	X00287
AB	P00213	X00288
AB	P00213	X00289
AB	P00213	X00290
AB	P00213	X00291
AB	P00213	X00292
AB	P00213	X00293
AB	P00213	X00294
AB	P00213	X00295
AB	P00213	X00296
AB	P00213	X00297
AB	P00213	X00298
AB	P00213	X00299
AB	P00213	X00300
AB	P00213	X00301
AB	P00213	X00302
AB	P00213	X00303
AB	P00213	X00304
AB	P00213	X00305
AB	P00213	X00306
AB	P00213	X00307
AB	P00213	X00308
AB	P00213	X00309
AB	P00213	X00310
AB	P00213	X00311
AB	P00213	X00312
AB	P00213	X00313
AB	P00213	X00315
AB	P00213	X00316
AB	P00213	X00317
AB	P00213	X00318
AB	P00213	X00319
AB	P00213	X00320
AB	P00213	X00321
AB	P00213	X00322
AB	P00213	X00323
AB	P00213	X00324
AB	P00213	X00325
AB	P00213	X00326
AB	P00213	X00327
AB	P00213	X00328
AB	P00213	X00329
AB	P00213	X00330
AB	P00213	X00331
AB	P00213	X00332
AB	P00213	X00333
AB	P00213	X00334
AB	P00213	X00335
AB	P00213	X00336
AB	P00213	X00337
AB	P00213	X00338
AB	P00213	X00339
AB	P00213	X00340
AB	P00213	X00341
AB	P00214	X00252
AB	P00214	X00253
AB	P00214	X00254
AB	P00214	X00255
AB	P00214	X00256
AB	P00214	X00257
AB	P00214	X00258
AB	P00214	X00259
AB	P00214	X00260
AB	P00214	X00262
AB	P00214	X00264
AB	P00214	X00267
AB	P00214	X00268
AB	P00214	X00269
AB	P00214	X00270
AB	P00214	X00271
AB	P00214	X00272
AB	P00214	X00273
AB	P00214	X00274
AB	P00214	X00275
AB	P00214	X00276
AB	P00214	X00277
AB	P00214	X00278
AB	P00214	X00279
AB	P00214	X00280
AB	P00214	X00281
AB	P00214	X00282
AB	P00214	X00283
AB	P00214	X00284
AB	P00214	X00285
AB	P00214	X00287
AB	P00214	X00288
AB	P00214	X00289
AB	P00214	X00290
AB	P00214	X00291
AB	P00214	X00292
AB	P00214	X00293
AB	P00214	X00294
AB	P00214	X00295
AB	P00214	X00296
AB	P00214	X00297
AB	P00214	X00298
AB	P00214	X00299
AB	P00214	X00300
AB	P00214	X00301
AB	P00214	X00302
AB	P00214	X00303
AB	P00214	X00304
AB	P00214	X00305
AB	P00214	X00306
AB	P00214	X00307
AB	P00214	X00308
AB	P00214	X00309
AB	P00214	X00310
AB	P00214	X00313
AB	P00214	X00315
AB	P00214	X00317
AB	P00214	X00318
AB	P00214	X00319
AB	P00214	X00320
AB	P00214	X00321
AB	P00214	X00322
AB	P00214	X00323
AB	P00214	X00324
AB	P00214	X00325
AB	P00214	X00326
AB	P00214	X00327
AB	P00214	X00328
AB	P00214	X00329
AB	P00214	X00330
AB	P00214	X00331
AB	P00214	X00332
AB	P00214	X00333
AB	P00214	X00334
AB	P00214	X00335
AB	P00214	X00336
AB	P00214	X00337
AB	P00214	X00338
AB	P00214	X00339
AB	P00214	X00340
AB	P00214	X00341
AB	P00215	X00001
AB	P00215	X00002
AB	P00215	X00003
AB	P00215	X00004
AB	P00215	X00005
AB	P00215	X00006
AB	P00215	X00007
AB	P00215	X00009
AB	P00215	X00010
AB	P00215	X00011
AB	P00215	X00012
AB	P00215	X00013
AB	P00215	X00014
AB	P00215	X00015
AB	P00215	X00016
AB	P00215	X00017
AB	P00215	X00018
AB	P00215	X00019
AB	P00215	X00020
AB	P00215	X00021
AB	P00215	X00022
AB	P00215	X00023
AB	P00215	X00024
AB	P00215	X00025
AB	P00215	X00026
AB	P00215	X00027
AB	P00215	X00028
AB	P00215	X00029
AB	P00215	X00030
AB	P00215	X00031
AB	P00215	X00032
AB	P00215	X00033
AB	P00215	X00034
AB	P00215	X00035
AB	P00215	X00036
AB	P00215	X00038
AB	P00215	X00039
AB	P00215	X00040
AB	P00215	X00041
AB	P00215	X00042
AB	P00215	X00043
AB	P00215	X00044
AB	P00215	X00045
AB	P00215	X00046
AB	P00215	X00047
AB	P00215	X00048
AB	P00215	X00049
AB	P00215	X00050
AB	P00215	X00051
AB	P00215	X00252
AB	P00215	X00253
AB	P00215	X00254
AB	P00215	X00255
AB	P00215	X00256
AB	P00215	X00257
AB	P00215	X00258
AB	P00215	X00259
AB	P00215	X00260
AB	P00215	X00261
AB	P00215	X00263
AB	P00215	X00264
AB	P00215	X00266
AB	P00215	X00267
AB	P00215	X00268
AB	P00215	X00270
AB	P00215	X00271
AB	P00215	X00272
AB	P00215	X00273
AB	P00215	X00274
AB	P00215	X00275
AB	P00215	X00276
AB	P00215	X00277
AB	P00215	X00278
AB	P00215	X00279
AB	P00215	X00280
AB	P00215	X00281
AB	P00215	X00282
AB	P00215	X00283
AB	P00215	X00284
AB	P00215	X00285
AB	P00215	X00286
AB	P00215	X00287
AB	P00215	X00288
AB	P00215	X00289
AB	P00215	X00290
AB	P00215	X00291
AB	P00215	X00292
AB	P00215	X00293
AB	P00215	X00294
AB	P00215	X00295
AB	P00215	X00296
AB	P00215	X00297
AB	P00215	X00298
AB	P00215	X00299
AB	P00215	X00300
AB	P00215	X00301
AB	P00215	X00302
AB	P00215	X00303
AB	P00215	X00304
AB	P00215	X00305
AB	P00215	X00306
AB	P00215	X00307
AB	P00215	X00308
AB	P00215	X00309
AB	P00215	X00310
AB	P00215	X00312
AB	P00215	X00313
AB	P00215	X00314
AB	P00215	X00315
AB	P00215	X00316
AB	P00215	X00317
AB	P00215	X00318
AB	P00215	X00319
AB	P00215	X00320
AB	P00215	X00321
AB	P00215	X00322
AB	P00215	X00323
AB	P00215	X00324
AB	P00215	X00325
AB	P00215	X00326
AB	P00215	X00327
AB	P00215	X00328
AB	P00215	X00329
AB	P00215	X00330
AB	P00215	X00331
AB	P00215	X00332
AB	P00215	X00333
AB	P00215	X00334
AB	P00215	X00335
AB	P00215	X00336
AB	P00215	X00337
AB	P00215	X00338
AB	P00215	X00339
AB	P00215	X00340
AB	P00215	X00341
AB	P00216	X00001
AB	P00216	X00002
AB	P00216	X00003
AB	P00216	X00004
AB	P00216	X00006
AB	P00216	X00007
AB	P00216	X00008
AB	P00216	X00010
AB	P00216	X00011
AB	P00216	X00013
AB	P00216	X00014
AB	P00216	X00015
AB	P00216	X00016
AB	P00216	X00017
AB	P00216	X00018
AB	P00216	X00019
AB	P00216	X00020
AB	P00216	X00021
AB	P00216	X00022
AB	P00216	X00023
AB	P00216	X00024
AB	P00216	X00025
AB	P00216	X00026
AB	P00216	X00027
AB	P00216	X00028
AB	P00216	X00029
AB	P00216	X00030
AB	P00216	X00031
AB	P00216	X00032
AB	P00216	X00033
AB	P00216	X00034
AB	P00216	X00035
AB	P00216	X00036
AB	P00216	X00038
AB	P00216	X00039
AB	P00216	X00041
AB	P00216	X00042
AB	P00216	X00043
AB	P00216	X00044
AB	P00216	X00045
AB	P00216	X00046
AB	P00216	X00047
AB	P00216	X00048
AB	P00216	X00049
AB	P00216	X00050
AB	P00216	X00051
AB	P00216	X00252
AB	P00216	X00253
AB	P00216	X00254
AB	P00216	X00255
AB	P00216	X00256
AB	P00216	X00257
AB	P00216	X00258
AB	P00216	X00259
AB	P00216	X00260
AB	P00216	X00262
AB	P00216	X00264
AB	P00216	X00266
AB	P00216	X00267
AB	P00216	X00268
AB	P00216	X00269
AB	P00216	X00270
AB	P00216	X00271
AB	P00216	X00272
AB	P00216	X00273
AB	P00216	X00274
AB	P00216	X00275
AB	P00216	X00276
AB	P00216	X00277
AB	P00216	X00278
AB	P00216	X00279
AB	P00216	X00280
AB	P00216	X00281
AB	P00216	X00282
AB	P00216	X00283
AB	P00216	X00284
AB	P00216	X00285
AB	P00216	X00286
AB	P00216	X00287
AB	P00216	X00288
AB	P00216	X00289
AB	P00216	X00290
AB	P00216	X00291
AB	P00216	X00292
AB	P00216	X00293
AB	P00216	X00294
AB	P00216	X00295
AB	P00216	X00296
AB	P00216	X00297
AB	P00216	X00298
AB	P00216	X00299
AB	P00216	X00300
AB	P00216	X00301
AB	P00216	X00302
AB	P00216	X00303
AB	P00216	X00304
AB	P00216	X00305
AB	P00216	X00306
AB	P00216	X00307
AB	P00216	X00308
AB	P00216	X00309
AB	P00216	X00310
AB	P00216	X00312
AB	P00216	X00313
AB	P00216	X00315
AB	P00216	X00317
AB	P00216	X00318
AB	P00216	X00319
AB	P00216	X00320
AB	P00216	X00321
AB	P00216	X00322
AB	P00216	X00323
AB	P00216	X00324
AB	P00216	X00325
AB	P00216	X00326
AB	P00216	X00327
AB	P00216	X00328
AB	P00216	X00329
AB	P00216	X00330
AB	P00216	X00331
AB	P00216	X00332
AB	P00216	X00333
AB	P00216	X00334
AB	P00216	X00335
AB	P00216	X00336
AB	P00216	X00337
AB	P00216	X00338
AB	P00216	X00339
AB	P00216	X00340
AB	P00216	X00341
AB	P00216	X00347
AB	P00216	X00348
AB	P00216	X00349
AB	P00216	X00350
AB	P00216	X00351
AB	P00216	X00352
AB	P00216	X00353
AB	P00216	X00354
AB	P00216	X00360
AB	P00216	X00361
AB	P00216	X00363
AB	P00216	X00364
AB	P00217	X00001
AB	P00217	X00002
AB	P00217	X00003
AB	P00217	X00004
AB	P00217	X00006
AB	P00217	X00007
AB	P00217	X00008
AB	P00217	X00010
AB	P00217	X00011
AB	P00217	X00013
AB	P00217	X00014
AB	P00217	X00015
AB	P00217	X00016
AB	P00217	X00017
AB	P00217	X00018
AB	P00217	X00019
AB	P00217	X00020
AB	P00217	X00021
AB	P00217	X00022
AB	P00217	X00023
AB	P00217	X00024
AB	P00217	X00025
AB	P00217	X00026
AB	P00217	X00027
AB	P00217	X00028
AB	P00217	X00029
AB	P00217	X00030
AB	P00217	X00031
AB	P00217	X00032
AB	P00217	X00033
AB	P00217	X00034
AB	P00217	X00035
AB	P00217	X00036
AB	P00217	X00038
AB	P00217	X00039
AB	P00217	X00041
AB	P00217	X00042
AB	P00217	X00043
AB	P00217	X00044
AB	P00217	X00045
AB	P00217	X00046
AB	P00217	X00047
AB	P00217	X00048
AB	P00217	X00049
AB	P00217	X00050
AB	P00217	X00051
AB	P00217	X00252
AB	P00217	X00253
AB	P00217	X00254
AB	P00217	X00255
AB	P00217	X00256
AB	P00217	X00257
AB	P00217	X00258
AB	P00217	X00259
AB	P00217	X00260
AB	P00217	X00262
AB	P00217	X00264
AB	P00217	X00266
AB	P00217	X00267
AB	P00217	X00268
AB	P00217	X00269
AB	P00217	X00270
AB	P00217	X00271
AB	P00217	X00272
AB	P00217	X00273
AB	P00217	X00274
AB	P00217	X00275
AB	P00217	X00276
AB	P00217	X00277
AB	P00217	X00278
AB	P00217	X00279
AB	P00217	X00280
AB	P00217	X00281
AB	P00217	X00282
AB	P00217	X00283
AB	P00217	X00284
AB	P00217	X00285
AB	P00217	X00286
AB	P00217	X00287
AB	P00217	X00288
AB	P00217	X00289
AB	P00217	X00290
AB	P00217	X00291
AB	P00217	X00292
AB	P00217	X00293
AB	P00217	X00294
AB	P00217	X00295
AB	P00217	X00296
AB	P00217	X00297
AB	P00217	X00298
AB	P00217	X00299
AB	P00217	X00300
AB	P00217	X00301
AB	P00217	X00302
AB	P00217	X00303
AB	P00217	X00304
AB	P00217	X00305
AB	P00217	X00306
AB	P00217	X00307
AB	P00217	X00308
AB	P00217	X00309
AB	P00217	X00310
AB	P00217	X00312
AB	P00217	X00313
AB	P00217	X00315
AB	P00217	X00317
AB	P00217	X00318
AB	P00217	X00319
AB	P00217	X00320
AB	P00217	X00321
AB	P00217	X00322
AB	P00217	X00323
AB	P00217	X00324
AB	P00217	X00325
AB	P00217	X00326
AB	P00217	X00327
AB	P00217	X00328
AB	P00217	X00329
AB	P00217	X00330
AB	P00217	X00331
AB	P00217	X00332
AB	P00217	X00333
AB	P00217	X00334
AB	P00217	X00335
AB	P00217	X00336
AB	P00217	X00337
AB	P00217	X00338
AB	P00217	X00339
AB	P00217	X00340
AB	P00217	X00341
AB	P00217	X00347
AB	P00217	X00348
AB	P00217	X00349
AB	P00217	X00350
AB	P00217	X00351
AB	P00217	X00352
AB	P00217	X00353
AB	P00217	X00354
AB	P00217	X00360
AB	P00217	X00361
AB	P00217	X00363
AB	P00217	X00365
AB	P00218	X00001
AB	P00218	X00002
AB	P00218	X00003
AB	P00218	X00004
AB	P00218	X00006
AB	P00218	X00007
AB	P00218	X00008
AB	P00218	X00010
AB	P00218	X00013
AB	P00218	X00014
AB	P00218	X00015
AB	P00218	X00016
AB	P00218	X00017
AB	P00218	X00018
AB	P00218	X00019
AB	P00218	X00020
AB	P00218	X00021
AB	P00218	X00022
AB	P00218	X00024
AB	P00218	X00025
AB	P00218	X00026
AB	P00218	X00027
AB	P00218	X00028
AB	P00218	X00029
AB	P00218	X00030
AB	P00218	X00031
AB	P00218	X00032
AB	P00218	X00034
AB	P00218	X00035
AB	P00218	X00036
AB	P00218	X00039
AB	P00218	X00041
AB	P00218	X00042
AB	P00218	X00043
AB	P00218	X00044
AB	P00218	X00045
AB	P00218	X00046
AB	P00218	X00047
AB	P00218	X00048
AB	P00218	X00049
AB	P00218	X00050
AB	P00218	X00051
AB	P00218	X00252
AB	P00218	X00253
AB	P00218	X00254
AB	P00218	X00255
AB	P00218	X00256
AB	P00218	X00257
AB	P00218	X00258
AB	P00218	X00259
AB	P00218	X00260
AB	P00218	X00262
AB	P00218	X00264
AB	P00218	X00267
AB	P00218	X00268
AB	P00218	X00269
AB	P00218	X00270
AB	P00218	X00271
AB	P00218	X00272
AB	P00218	X00273
AB	P00218	X00274
AB	P00218	X00275
AB	P00218	X00276
AB	P00218	X00277
AB	P00218	X00278
AB	P00218	X00279
AB	P00218	X00280
AB	P00218	X00281
AB	P00218	X00282
AB	P00218	X00283
AB	P00218	X00284
AB	P00218	X00285
AB	P00218	X00287
AB	P00218	X00288
AB	P00218	X00289
AB	P00218	X00290
AB	P00218	X00291
AB	P00218	X00292
AB	P00218	X00293
AB	P00218	X00294
AB	P00218	X00295
AB	P00218	X00296
AB	P00218	X00297
AB	P00218	X00298
AB	P00218	X00299
AB	P00218	X00300
AB	P00218	X00301
AB	P00218	X00302
AB	P00218	X00303
AB	P00218	X00304
AB	P00218	X00305
AB	P00218	X00306
AB	P00218	X00307
AB	P00218	X00308
AB	P00218	X00309
AB	P00218	X00310
AB	P00218	X00313
AB	P00218	X00315
AB	P00218	X00317
AB	P00218	X00318
AB	P00218	X00319
AB	P00218	X00320
AB	P00218	X00321
AB	P00218	X00322
AB	P00218	X00323
AB	P00218	X00324
AB	P00218	X00325
AB	P00218	X00326
AB	P00218	X00327
AB	P00218	X00328
AB	P00218	X00329
AB	P00218	X00330
AB	P00218	X00331
AB	P00218	X00332
AB	P00218	X00333
AB	P00218	X00334
AB	P00218	X00335
AB	P00218	X00336
AB	P00218	X00337
AB	P00218	X00338
AB	P00218	X00339
AB	P00218	X00340
AB	P00218	X00341
AB	P00218	X00353
AB	P00218	X00354
AB	P00219	X00001
AB	P00219	X00018
AB	P00219	X00019
AB	P00219	X00026
AB	P00219	X00027
AB	P00219	X00031
AB	P00219	X00032
AB	P00219	X00034
AB	P00219	X00048
AB	P00219	X00049
AB	P00219	X00050
AB	P00219	X00253
AB	P00219	X00254
AB	P00219	X00255
AB	P00219	X00268
AB	P00219	X00269
AB	P00219	X00271
AB	P00219	X00273
AB	P00219	X00275
AB	P00219	X00276
AB	P00219	X00278
AB	P00219	X00279
AB	P00219	X00283
AB	P00219	X00288
AB	P00219	X00291
AB	P00219	X00292
AB	P00219	X00293
AB	P00219	X00302
AB	P00219	X00303
AB	P00219	X00304
AB	P00219	X00308
AB	P00219	X00317
AB	P00219	X00331
AB	P00219	X00332
AB	P00219	X00333
AB	P00219	X00334
AB	P00219	X00335
AB	P00219	X00336
AB	P00219	X00337
AB	P00220	X00002
AB	P00220	X00003
AB	P00220	X00004
AB	P00220	X00006
AB	P00220	X00007
AB	P00220	X00008
AB	P00220	X00010
AB	P00220	X00013
AB	P00220	X00014
AB	P00220	X00015
AB	P00220	X00016
AB	P00220	X00017
AB	P00220	X00020
AB	P00220	X00021
AB	P00220	X00022
AB	P00220	X00024
AB	P00220	X00025
AB	P00220	X00028
AB	P00220	X00029
AB	P00220	X00030
AB	P00220	X00035
AB	P00220	X00036
AB	P00220	X00039
AB	P00220	X00041
AB	P00220	X00042
AB	P00220	X00043
AB	P00220	X00044
AB	P00220	X00045
AB	P00220	X00046
AB	P00220	X00047
AB	P00220	X00051
AB	P00220	X00252
AB	P00220	X00256
AB	P00220	X00257
AB	P00220	X00258
AB	P00220	X00259
AB	P00220	X00260
AB	P00220	X00262
AB	P00220	X00264
AB	P00220	X00267
AB	P00220	X00270
AB	P00220	X00272
AB	P00220	X00274
AB	P00220	X00277
AB	P00220	X00280
AB	P00220	X00281
AB	P00220	X00282
AB	P00220	X00284
AB	P00220	X00285
AB	P00220	X00287
AB	P00220	X00289
AB	P00220	X00290
AB	P00220	X00294
AB	P00220	X00295
AB	P00220	X00296
AB	P00220	X00297
AB	P00220	X00298
AB	P00220	X00299
AB	P00220	X00300
AB	P00220	X00301
AB	P00220	X00305
AB	P00220	X00306
AB	P00220	X00307
AB	P00220	X00309
AB	P00220	X00310
AB	P00220	X00313
AB	P00220	X00315
AB	P00220	X00318
AB	P00220	X00319
AB	P00220	X00320
AB	P00220	X00321
AB	P00220	X00322
AB	P00220	X00323
AB	P00220	X00324
AB	P00220	X00325
AB	P00220	X00326
AB	P00220	X00327
AB	P00220	X00328
AB	P00220	X00329
AB	P00220	X00330
AB	P00220	X00338
AB	P00220	X00339
AB	P00220	X00340
AB	P00220	X00341
AB	P00220	X00353
AB	P00220	X00354
AB	P00221	X00378
AB	P00221	X00379
AB	P00221	X00380
AB	P00221	X00381
AB	P00221	X00382
AB	P00221	X00383
AB	P00221	X00384
AB	P00221	X00385
AB	P00221	X00386
AB	P00221	X00387
AB	P00221	X00388
AB	P00221	X00389
AB	P00221	X00390
AB	P00221	X00391
AB	P00221	X00392
AB	P00221	X00393
AB	P00221	X00394
AB	P00221	X00395
AB	P00221	X00396
AB	P00221	X00397
AB	P00221	X00398
AB	P00221	X00399
AB	P00221	X00400
AB	P00221	X00401
AB	P00221	X00402
AB	P00221	X00403
AB	P00221	X00404
AB	P00221	X00405
AB	P00221	X00406
AB	P00221	X00407
AB	P00221	X00408
AB	P00221	X00409
AB	P00221	X00410
AB	P00221	X00411
AB	P00221	X00412
AB	P00221	X00413
AB	P00221	X00414
AB	P00221	X00415
AB	P00221	X00416
AB	P00221	X00417
AB	P00221	X00418
AC	P00001	S00001
AC	P00001	S00002
AC	P00001	S00003
AC	P00001	S00004
AC	P00001	S00005
AC	P00001	S00006
AC	P00001	S00007
AC	P00001	S00008
AC	P00001	S00009
AC	P00001	S00010
AC	P00001	S00011
AC	P00001	S00012
AC	P00001	S00013
AC	P00001	S00014
AC	P00001	S00015
AC	P00001	S00016
AC	P00001	S00017
AC	P00001	S00018
AC	P00001	S00019
AC	P00001	S00020
AC	P00001	S00021
AC	P00001	S00022
AC	P00001	S00023
AC	P00001	S00024
AC	P00001	S00025
AC	P00001	S00026
AC	P00001	S00027
AC	P00001	S00028
AC	P00001	S00029
AC	P00001	S00030
AC	P00001	S00031
AC	P00001	S00032
AC	P00001	S00033
AC	P00001	S00034
AC	P00001	S00035
AC	P00001	S00036
AC	P00001	S00037
AC	P00002	S00154
AC	P00003	S00155
AC	P00003	S00156
AC	P00003	S00181
AC	P00004	S00155
AC	P00004	S00156
AC	P00004	S00181
AC	P00005	S00155
AC	P00005	S00156
AC	P00005	S00181
AC	P00006	S00155
AC	P00006	S00156
AC	P00006	S00181
AC	P00007	S00157
AC	P00007	S00159
AC	P00007	S00160
AC	P00007	S00161
AC	P00007	S00162
AC	P00007	S00163
AC	P00007	S00164
AC	P00008	S00160
AC	P00008	S00161
AC	P00008	S00163
AC	P00008	S00164
AC	P00009	S00157
AC	P00009	S00159
AC	P00009	S00160
AC	P00009	S00161
AC	P00009	S00162
AC	P00009	S00163
AC	P00009	S00164
AC	P00010	S00157
AC	P00010	S00158
AC	P00010	S00159
AC	P00010	S00160
AC	P00010	S00161
AC	P00010	S00163
AC	P00010	S00164
AC	P00011	S00165
AC	P00011	S00167
AC	P00011	S00169
AC	P00011	S00170
AC	P00011	S00171
AC	P00011	S00172
AC	P00011	S00173
AC	P00011	S00174
AC	P00011	S00175
AC	P00012	S00170
AC	P00012	S00171
AC	P00012	S00172
AC	P00012	S00173
AC	P00012	S00175
AC	P00013	S00165
AC	P00013	S00167
AC	P00013	S00168
AC	P00013	S00169
AC	P00013	S00170
AC	P00013	S00171
AC	P00013	S00172
AC	P00013	S00173
AC	P00013	S00174
AC	P00013	S00175
AC	P00014	S00165
AC	P00014	S00166
AC	P00014	S00167
AC	P00014	S00169
AC	P00014	S00170
AC	P00014	S00171
AC	P00014	S00172
AC	P00014	S00173
AC	P00014	S00175
AC	P00015	S00176
AC	P00015	S00177
AC	P00015	S00178
AC	P00015	S00179
AC	P00015	S00180
AC	P00016	S00176
AC	P00016	S00177
AC	P00016	S00178
AC	P00016	S00180
AC	P00017	S00176
AC	P00017	S00177
AC	P00017	S00178
AC	P00017	S00179
AC	P00017	S00180
AC	P00018	S00176
AC	P00018	S00177
AC	P00018	S00178
AC	P00018	S00180
AC	P00019	S00206
AC	P00019	S00207
AC	P00019	S00208
AC	P00020	S00206
AC	P00020	S00207
AC	P00020	S00208
AC	P00021	S00206
AC	P00021	S00207
AC	P00021	S00208
AC	P00022	S00206
AC	P00022	S00207
AC	P00022	S00208
AC	P00023	S00182
AC	P00023	S00184
AC	P00023	S00185
AC	P00023	S00186
AC	P00023	S00187
AC	P00023	S00188
AC	P00023	S00189
AC	P00024	S00185
AC	P00024	S00186
AC	P00024	S00188
AC	P00024	S00189
AC	P00025	S00182
AC	P00025	S00184
AC	P00025	S00185
AC	P00025	S00186
AC	P00025	S00187
AC	P00025	S00188
AC	P00025	S00189
AC	P00026	S00182
AC	P00026	S00183
AC	P00026	S00184
AC	P00026	S00185
AC	P00026	S00186
AC	P00026	S00188
AC	P00026	S00189
AC	P00027	S00190
AC	P00027	S00192
AC	P00027	S00194
AC	P00027	S00195
AC	P00027	S00196
AC	P00027	S00197
AC	P00027	S00198
AC	P00027	S00199
AC	P00027	S00200
AC	P00028	S00195
AC	P00028	S00196
AC	P00028	S00197
AC	P00028	S00198
AC	P00028	S00200
AC	P00029	S00190
AC	P00029	S00192
AC	P00029	S00193
AC	P00029	S00194
AC	P00029	S00195
AC	P00029	S00196
AC	P00029	S00197
AC	P00029	S00198
AC	P00029	S00199
AC	P00029	S00200
AC	P00030	S00190
AC	P00030	S00191
AC	P00030	S00192
AC	P00030	S00194
AC	P00030	S00195
AC	P00030	S00196
AC	P00030	S00197
AC	P00030	S00198
AC	P00030	S00200
AC	P00031	S00201
AC	P00031	S00202
AC	P00031	S00203
AC	P00031	S00204
AC	P00031	S00205
AC	P00032	S00201
AC	P00032	S00202
AC	P00032	S00203
AC	P00032	S00205
AC	P00033	S00201
AC	P00033	S00202
AC	P00033	S00203
AC	P00033	S00204
AC	P00033	S00205
AC	P00034	S00201
AC	P00034	S00202
AC	P00034	S00203
AC	P00034	S00205
AC	P00035	S00211
AC	P00035	S00212
AC	P00035	S00213
AC	P00036	S00211
AC	P00036	S00212
AC	P00036	S00213
AC	P00037	S00209
AC	P00037	S00210
AC	P00037	S00211
AC	P00037	S00212
AC	P00037	S00213
AC	P00038	S00210
AC	P00038	S00211
AC	P00038	S00212
AC	P00038	S00213
AC	P00039	S00216
AC	P00039	S00217
AC	P00039	S00218
AC	P00040	S00216
AC	P00040	S00217
AC	P00040	S00218
AC	P00041	S00214
AC	P00041	S00215
AC	P00041	S00216
AC	P00041	S00217
AC	P00041	S00218
AC	P00042	S00215
AC	P00042	S00216
AC	P00042	S00217
AC	P00042	S00218
AC	P00043	S00221
AC	P00043	S00222
AC	P00043	S00223
AC	P00044	S00221
AC	P00044	S00222
AC	P00044	S00223
AC	P00045	S00219
AC	P00045	S00220
AC	P00045	S00221
AC	P00045	S00222
AC	P00045	S00223
AC	P00046	S00220
AC	P00046	S00221
AC	P00046	S00222
AC	P00046	S00223
AC	P00047	S00226
AC	P00047	S00227
AC	P00047	S00228
AC	P00048	S00226
AC	P00048	S00227
AC	P00048	S00228
AC	P00049	S00224
AC	P00049	S00225
AC	P00049	S00226
AC	P00049	S00227
AC	P00049	S00228
AC	P00050	S00225
AC	P00050	S00226
AC	P00050	S00227
AC	P00050	S00228
AC	P00051	S00229
AC	P00051	S00230
AC	P00051	S00231
AC	P00051	S00250
AC	P00051	S00251
AC	P00052	S00229
AC	P00052	S00230
AC	P00052	S00231
AC	P00052	S00250
AC	P00052	S00251
AC	P00053	S00229
AC	P00053	S00230
AC	P00053	S00231
AC	P00053	S00250
AC	P00053	S00251
AC	P00053	S00252
AC	P00054	S00229
AC	P00054	S00230
AC	P00054	S00231
AC	P00054	S00250
AC	P00054	S00251
AC	P00054	S00252
AC	P00055	S00232
AC	P00055	S00234
AC	P00055	S00235
AC	P00055	S00236
AC	P00055	S00237
AC	P00056	S00232
AC	P00056	S00234
AC	P00056	S00235
AC	P00056	S00236
AC	P00056	S00237
AC	P00057	S00232
AC	P00057	S00233
AC	P00057	S00234
AC	P00057	S00235
AC	P00057	S00236
AC	P00057	S00237
AC	P00058	S00232
AC	P00058	S00233
AC	P00058	S00234
AC	P00058	S00235
AC	P00058	S00236
AC	P00058	S00237
AC	P00059	S00239
AC	P00059	S00240
AC	P00059	S00241
AC	P00059	S00242
AC	P00059	S00243
AC	P00060	S00239
AC	P00060	S00240
AC	P00060	S00241
AC	P00060	S00242
AC	P00060	S00243
AC	P00061	S00238
AC	P00061	S00239
AC	P00061	S00240
AC	P00061	S00241
AC	P00061	S00242
AC	P00061	S00243
AC	P00062	S00238
AC	P00062	S00239
AC	P00062	S00240
AC	P00062	S00241
AC	P00062	S00242
AC	P00062	S00243
AC	P00063	S00244
AC	P00063	S00246
AC	P00063	S00247
AC	P00063	S00248
AC	P00063	S00249
AC	P00064	S00244
AC	P00064	S00246
AC	P00064	S00247
AC	P00064	S00248
AC	P00064	S00249
AC	P00065	S00244
AC	P00065	S00245
AC	P00065	S00246
AC	P00065	S00247
AC	P00065	S00248
AC	P00065	S00249
AC	P00066	S00244
AC	P00066	S00245
AC	P00066	S00246
AC	P00066	S00247
AC	P00066	S00248
AC	P00066	S00249
AC	P00067	S00253
AC	P00067	S00269
AC	P00067	S00270
AC	P00067	S00271
AC	P00067	S00272
AC	P00068	S00253
AC	P00068	S00269
AC	P00068	S00270
AC	P00068	S00272
AC	P00069	S00253
AC	P00069	S00269
AC	P00069	S00270
AC	P00069	S00271
AC	P00069	S00272
AC	P00070	S00253
AC	P00070	S00269
AC	P00070	S00270
AC	P00070	S00272
AC	P00071	S00254
AC	P00071	S00255
AC	P00071	S00256
AC	P00071	S00257
AC	P00071	S00258
AC	P00072	S00254
AC	P00072	S00255
AC	P00072	S00257
AC	P00072	S00258
AC	P00073	S00254
AC	P00073	S00255
AC	P00073	S00256
AC	P00073	S00257
AC	P00073	S00258
AC	P00074	S00254
AC	P00074	S00255
AC	P00074	S00257
AC	P00074	S00258
AC	P00075	S00259
AC	P00075	S00260
AC	P00075	S00261
AC	P00075	S00262
AC	P00075	S00263
AC	P00076	S00260
AC	P00076	S00261
AC	P00076	S00262
AC	P00076	S00263
AC	P00077	S00259
AC	P00077	S00260
AC	P00077	S00261
AC	P00077	S00262
AC	P00077	S00263
AC	P00078	S00260
AC	P00078	S00261
AC	P00078	S00262
AC	P00078	S00263
AC	P00079	S00264
AC	P00079	S00265
AC	P00079	S00266
AC	P00079	S00267
AC	P00079	S00268
AC	P00080	S00265
AC	P00080	S00266
AC	P00080	S00267
AC	P00080	S00268
AC	P00081	S00264
AC	P00081	S00265
AC	P00081	S00266
AC	P00081	S00267
AC	P00081	S00268
AC	P00082	S00265
AC	P00082	S00266
AC	P00082	S00267
AC	P00082	S00268
AC	P00083	S00273
AC	P00083	S00274
AC	P00083	S00275
AC	P00083	S00291
AC	P00083	S00292
AC	P00084	S00274
AC	P00084	S00275
AC	P00084	S00291
AC	P00084	S00292
AC	P00085	S00273
AC	P00085	S00274
AC	P00085	S00275
AC	P00085	S00291
AC	P00085	S00292
AC	P00086	S00274
AC	P00086	S00275
AC	P00086	S00291
AC	P00086	S00292
AC	P00087	S00276
AC	P00087	S00277
AC	P00087	S00278
AC	P00087	S00279
AC	P00087	S00280
AC	P00088	S00276
AC	P00088	S00277
AC	P00088	S00279
AC	P00088	S00280
AC	P00089	S00276
AC	P00089	S00277
AC	P00089	S00278
AC	P00089	S00279
AC	P00089	S00280
AC	P00090	S00276
AC	P00090	S00277
AC	P00090	S00279
AC	P00090	S00280
AC	P00091	S00281
AC	P00091	S00282
AC	P00091	S00283
AC	P00091	S00284
AC	P00091	S00285
AC	P00092	S00281
AC	P00092	S00282
AC	P00092	S00284
AC	P00092	S00285
AC	P00093	S00281
AC	P00093	S00282
AC	P00093	S00283
AC	P00093	S00284
AC	P00093	S00285
AC	P00094	S00281
AC	P00094	S00282
AC	P00094	S00284
AC	P00094	S00285
AC	P00095	S00286
AC	P00095	S00287
AC	P00095	S00288
AC	P00095	S00289
AC	P00095	S00290
AC	P00096	S00286
AC	P00096	S00287
AC	P00096	S00289
AC	P00096	S00290
AC	P00097	S00286
AC	P00097	S00287
AC	P00097	S00288
AC	P00097	S00289
AC	P00097	S00290
AC	P00098	S00286
AC	P00098	S00287
AC	P00098	S00289
AC	P00098	S00290
AC	P00099	S00293
AC	P00099	S00318
AC	P00099	S00319
AC	P00100	S00293
AC	P00100	S00318
AC	P00100	S00319
AC	P00101	S00293
AC	P00101	S00318
AC	P00101	S00319
AC	P00102	S00293
AC	P00102	S00318
AC	P00102	S00319
AC	P00103	S00294
AC	P00103	S00296
AC	P00103	S00297
AC	P00103	S00298
AC	P00103	S00299
AC	P00103	S00300
AC	P00103	S00301
AC	P00104	S00298
AC	P00104	S00299
AC	P00104	S00300
AC	P00104	S00301
AC	P00105	S00294
AC	P00105	S00296
AC	P00105	S00297
AC	P00105	S00298
AC	P00105	S00299
AC	P00105	S00300
AC	P00105	S00301
AC	P00106	S00294
AC	P00106	S00295
AC	P00106	S00296
AC	P00106	S00298
AC	P00106	S00299
AC	P00106	S00300
AC	P00106	S00301
AC	P00107	S00303
AC	P00107	S00304
AC	P00107	S00306
AC	P00107	S00307
AC	P00107	S00308
AC	P00107	S00309
AC	P00107	S00310
AC	P00107	S00311
AC	P00107	S00312
AC	P00108	S00307
AC	P00108	S00308
AC	P00108	S00309
AC	P00108	S00310
AC	P00108	S00312
AC	P00109	S00303
AC	P00109	S00304
AC	P00109	S00305
AC	P00109	S00306
AC	P00109	S00307
AC	P00109	S00308
AC	P00109	S00309
AC	P00109	S00310
AC	P00109	S00311
AC	P00109	S00312
AC	P00110	S00302
AC	P00110	S00303
AC	P00110	S00304
AC	P00110	S00306
AC	P00110	S00307
AC	P00110	S00308
AC	P00110	S00309
AC	P00110	S00310
AC	P00110	S00312
AC	P00111	S00313
AC	P00111	S00314
AC	P00111	S00315
AC	P00111	S00316
AC	P00111	S00317
AC	P00112	S00313
AC	P00112	S00314
AC	P00112	S00315
AC	P00112	S00317
AC	P00113	S00313
AC	P00113	S00314
AC	P00113	S00315
AC	P00113	S00316
AC	P00113	S00317
AC	P00114	S00313
AC	P00114	S00314
AC	P00114	S00315
AC	P00114	S00317
AC	P00115	S00320
AC	P00115	S00321
AC	P00115	S00339
AC	P00116	S00320
AC	P00116	S00321
AC	P00116	S00339
AC	P00117	S00320
AC	P00117	S00321
AC	P00117	S00337
AC	P00117	S00338
AC	P00117	S00339
AC	P00118	S00320
AC	P00118	S00321
AC	P00118	S00338
AC	P00118	S00339
AC	P00119	S00324
AC	P00119	S00325
AC	P00119	S00326
AC	P00120	S00324
AC	P00120	S00325
AC	P00120	S00326
AC	P00121	S00322
AC	P00121	S00323
AC	P00121	S00324
AC	P00121	S00325
AC	P00121	S00326
AC	P00122	S00323
AC	P00122	S00324
AC	P00122	S00325
AC	P00122	S00326
AC	P00123	S00329
AC	P00123	S00330
AC	P00123	S00331
AC	P00124	S00329
AC	P00124	S00330
AC	P00124	S00331
AC	P00125	S00327
AC	P00125	S00328
AC	P00125	S00329
AC	P00125	S00330
AC	P00125	S00331
AC	P00126	S00328
AC	P00126	S00329
AC	P00126	S00330
AC	P00126	S00331
AC	P00127	S00334
AC	P00127	S00335
AC	P00127	S00336
AC	P00128	S00334
AC	P00128	S00335
AC	P00128	S00336
AC	P00129	S00332
AC	P00129	S00333
AC	P00129	S00334
AC	P00129	S00335
AC	P00129	S00336
AC	P00130	S00333
AC	P00130	S00334
AC	P00130	S00335
AC	P00130	S00336
AC	P00131	S00341
AC	P00131	S00360
AC	P00131	S00361
AC	P00131	S00362
AC	P00131	S00363
AC	P00132	S00341
AC	P00132	S00360
AC	P00132	S00361
AC	P00132	S00362
AC	P00132	S00363
AC	P00133	S00340
AC	P00133	S00341
AC	P00133	S00360
AC	P00133	S00361
AC	P00133	S00362
AC	P00133	S00363
AC	P00134	S00340
AC	P00134	S00341
AC	P00134	S00360
AC	P00134	S00361
AC	P00134	S00362
AC	P00134	S00363
AC	P00135	S00342
AC	P00135	S00344
AC	P00135	S00345
AC	P00135	S00346
AC	P00135	S00347
AC	P00136	S00342
AC	P00136	S00344
AC	P00136	S00345
AC	P00136	S00346
AC	P00136	S00347
AC	P00137	S00342
AC	P00137	S00343
AC	P00137	S00344
AC	P00137	S00345
AC	P00137	S00346
AC	P00137	S00347
AC	P00138	S00342
AC	P00138	S00343
AC	P00138	S00344
AC	P00138	S00345
AC	P00138	S00346
AC	P00138	S00347
AC	P00139	S00348
AC	P00139	S00350
AC	P00139	S00351
AC	P00139	S00352
AC	P00139	S00353
AC	P00140	S00348
AC	P00140	S00350
AC	P00140	S00351
AC	P00140	S00352
AC	P00140	S00353
AC	P00141	S00348
AC	P00141	S00349
AC	P00141	S00350
AC	P00141	S00351
AC	P00141	S00352
AC	P00141	S00353
AC	P00142	S00348
AC	P00142	S00349
AC	P00142	S00350
AC	P00142	S00351
AC	P00142	S00352
AC	P00142	S00353
AC	P00143	S00355
AC	P00143	S00356
AC	P00143	S00357
AC	P00143	S00358
AC	P00143	S00359
AC	P00144	S00355
AC	P00144	S00356
AC	P00144	S00357
AC	P00144	S00358
AC	P00144	S00359
AC	P00145	S00354
AC	P00145	S00355
AC	P00145	S00356
AC	P00145	S00357
AC	P00145	S00358
AC	P00145	S00359
AC	P00146	S00354
AC	P00146	S00355
AC	P00146	S00356
AC	P00146	S00357
AC	P00146	S00358
AC	P00146	S00359
AC	P00147	S00388
AC	P00147	S00389
AC	P00147	S00390
AC	P00148	S00388
AC	P00148	S00389
AC	P00148	S00390
AC	P00149	S00388
AC	P00149	S00389
AC	P00149	S00390
AC	P00150	S00388
AC	P00150	S00389
AC	P00150	S00390
AC	P00151	S00365
AC	P00151	S00366
AC	P00151	S00367
AC	P00151	S00368
AC	P00151	S00369
AC	P00151	S00370
AC	P00151	S00371
AC	P00152	S00367
AC	P00152	S00368
AC	P00152	S00370
AC	P00152	S00371
AC	P00153	S00365
AC	P00153	S00366
AC	P00153	S00367
AC	P00153	S00368
AC	P00153	S00369
AC	P00153	S00370
AC	P00153	S00371
AC	P00154	S00364
AC	P00154	S00365
AC	P00154	S00366
AC	P00154	S00367
AC	P00154	S00368
AC	P00154	S00370
AC	P00154	S00371
AC	P00155	S00373
AC	P00155	S00374
AC	P00155	S00376
AC	P00155	S00377
AC	P00155	S00378
AC	P00155	S00379
AC	P00155	S00380
AC	P00155	S00381
AC	P00155	S00382
AC	P00156	S00377
AC	P00156	S00378
AC	P00156	S00379
AC	P00156	S00380
AC	P00156	S00382
AC	P00157	S00373
AC	P00157	S00374
AC	P00157	S00375
AC	P00157	S00376
AC	P00157	S00377
AC	P00157	S00378
AC	P00157	S00379
AC	P00157	S00380
AC	P00157	S00381
AC	P00157	S00382
AC	P00158	S00372
AC	P00158	S00373
AC	P00158	S00374
AC	P00158	S00376
AC	P00158	S00377
AC	P00158	S00378
AC	P00158	S00379
AC	P00158	S00380
AC	P00158	S00382
AC	P00159	S00383
AC	P00159	S00384
AC	P00159	S00385
AC	P00159	S00386
AC	P00159	S00387
AC	P00160	S00383
AC	P00160	S00384
AC	P00160	S00385
AC	P00160	S00387
AC	P00161	S00383
AC	P00161	S00384
AC	P00161	S00385
AC	P00161	S00386
AC	P00161	S00387
AC	P00162	S00383
AC	P00162	S00384
AC	P00162	S00385
AC	P00162	S00387
AC	P00163	S00392
AC	P00163	S00393
AC	P00163	S00394
AC	P00164	S00392
AC	P00164	S00393
AC	P00164	S00394
AC	P00165	S00391
AC	P00165	S00392
AC	P00165	S00393
AC	P00165	S00394
AC	P00165	S00412
AC	P00166	S00391
AC	P00166	S00392
AC	P00166	S00393
AC	P00166	S00394
AC	P00167	S00397
AC	P00167	S00398
AC	P00167	S00399
AC	P00168	S00397
AC	P00168	S00398
AC	P00168	S00399
AC	P00169	S00395
AC	P00169	S00396
AC	P00169	S00397
AC	P00169	S00398
AC	P00169	S00399
AC	P00170	S00396
AC	P00170	S00397
AC	P00170	S00398
AC	P00170	S00399
AC	P00171	S00402
AC	P00171	S00403
AC	P00171	S00404
AC	P00171	S00405
AC	P00171	S00406
AC	P00172	S00402
AC	P00172	S00403
AC	P00172	S00406
AC	P00173	S00400
AC	P00173	S00401
AC	P00173	S00402
AC	P00173	S00403
AC	P00173	S00404
AC	P00173	S00405
AC	P00173	S00406
AC	P00174	S00401
AC	P00174	S00402
AC	P00174	S00403
AC	P00174	S00406
AC	P00175	S00409
AC	P00175	S00410
AC	P00175	S00411
AC	P00176	S00409
AC	P00176	S00410
AC	P00176	S00411
AC	P00177	S00407
AC	P00177	S00408
AC	P00177	S00409
AC	P00177	S00410
AC	P00177	S00411
AC	P00178	S00408
AC	P00178	S00409
AC	P00178	S00410
AC	P00178	S00411
AC	P00179	S00413
AC	P00179	S00414
AC	P00179	S00430
AC	P00179	S00431
AC	P00179	S00432
AC	P00180	S00414
AC	P00180	S00430
AC	P00180	S00431
AC	P00180	S00432
AC	P00181	S00413
AC	P00181	S00414
AC	P00181	S00430
AC	P00181	S00431
AC	P00181	S00432
AC	P00182	S00414
AC	P00182	S00430
AC	P00182	S00431
AC	P00182	S00432
AC	P00183	S00415
AC	P00183	S00416
AC	P00183	S00417
AC	P00183	S00418
AC	P00183	S00419
AC	P00184	S00415
AC	P00184	S00416
AC	P00184	S00418
AC	P00184	S00419
AC	P00185	S00415
AC	P00185	S00416
AC	P00185	S00417
AC	P00185	S00418
AC	P00185	S00419
AC	P00186	S00415
AC	P00186	S00416
AC	P00186	S00418
AC	P00186	S00419
AC	P00187	S00420
AC	P00187	S00421
AC	P00187	S00422
AC	P00187	S00423
AC	P00187	S00424
AC	P00188	S00420
AC	P00188	S00421
AC	P00188	S00423
AC	P00188	S00424
AC	P00189	S00420
AC	P00189	S00421
AC	P00189	S00422
AC	P00189	S00423
AC	P00189	S00424
AC	P00190	S00420
AC	P00190	S00421
AC	P00190	S00423
AC	P00190	S00424
AC	P00191	S00425
AC	P00191	S00426
AC	P00191	S00427
AC	P00191	S00428
AC	P00191	S00429
AC	P00192	S00425
AC	P00192	S00426
AC	P00192	S00428
AC	P00192	S00429
AC	P00193	S00425
AC	P00193	S00426
AC	P00193	S00427
AC	P00193	S00428
AC	P00193	S00429
AC	P00194	S00425
AC	P00194	S00426
AC	P00194	S00428
AC	P00194	S00429
AC	P00195	S00433
AC	P00195	S00458
AC	P00195	S00459
AC	P00196	S00433
AC	P00196	S00458
AC	P00196	S00459
AC	P00197	S00433
AC	P00197	S00458
AC	P00197	S00459
AC	P00198	S00433
AC	P00198	S00458
AC	P00198	S00459
AC	P00199	S00434
AC	P00199	S00436
AC	P00199	S00437
AC	P00199	S00438
AC	P00199	S00439
AC	P00199	S00440
AC	P00199	S00441
AC	P00200	S00437
AC	P00200	S00439
AC	P00200	S00440
AC	P00200	S00441
AC	P00201	S00434
AC	P00201	S00436
AC	P00201	S00437
AC	P00201	S00438
AC	P00201	S00439
AC	P00201	S00440
AC	P00201	S00441
AC	P00202	S00434
AC	P00202	S00435
AC	P00202	S00436
AC	P00202	S00437
AC	P00202	S00439
AC	P00202	S00440
AC	P00202	S00441
AC	P00203	S00443
AC	P00203	S00444
AC	P00203	S00446
AC	P00203	S00447
AC	P00203	S00448
AC	P00203	S00449
AC	P00203	S00450
AC	P00203	S00451
AC	P00203	S00452
AC	P00204	S00447
AC	P00204	S00448
AC	P00204	S00449
AC	P00204	S00450
AC	P00204	S00452
AC	P00205	S00443
AC	P00205	S00444
AC	P00205	S00445
AC	P00205	S00446
AC	P00205	S00447
AC	P00205	S00448
AC	P00205	S00449
AC	P00205	S00450
AC	P00205	S00451
AC	P00205	S00452
AC	P00206	S00442
AC	P00206	S00443
AC	P00206	S00444
AC	P00206	S00446
AC	P00206	S00447
AC	P00206	S00448
AC	P00206	S00449
AC	P00206	S00450
AC	P00206	S00452
AC	P00207	S00453
AC	P00207	S00454
AC	P00207	S00455
AC	P00207	S00456
AC	P00207	S00457
AC	P00208	S00453
AC	P00208	S00454
AC	P00208	S00455
AC	P00208	S00457
AC	P00209	S00453
AC	P00209	S00454
AC	P00209	S00455
AC	P00209	S00456
AC	P00209	S00457
AC	P00210	S00453
AC	P00210	S00454
AC	P00210	S00455
AC	P00210	S00457
AC	P00211	S00038
AC	P00211	S00039
AC	P00211	S00040
AC	P00211	S00041
AC	P00211	S00042
AC	P00211	S00043
AC	P00211	S00084
AC	P00211	S00085
AC	P00211	S00086
AC	P00211	S00087
AC	P00211	S00088
AC	P00211	S00089
AC	P00211	S00090
AC	P00211	S00109
AC	P00211	S00110
AC	P00211	S00111
AC	P00211	S00112
AC	P00211	S00113
AC	P00211	S00114
AC	P00211	S00115
AC	P00211	S00116
AC	P00211	S00117
AC	P00211	S00118
AC	P00211	S00119
AC	P00211	S00120
AC	P00211	S00121
AC	P00211	S00122
AC	P00211	S00123
AC	P00211	S00124
AC	P00211	S00125
AC	P00211	S00126
AC	P00211	S00127
AC	P00211	S00128
AC	P00211	S00137
AC	P00211	S00138
AC	P00211	S00139
AC	P00211	S00140
AC	P00211	S00141
AC	P00211	S00142
AC	P00211	S00143
AC	P00211	S00144
AC	P00211	S00145
AC	P00211	S00146
AC	P00211	S00147
AC	P00211	S00148
AC	P00212	S00044
AC	P00212	S00045
AC	P00212	S00046
AC	P00212	S00047
AC	P00212	S00048
AC	P00212	S00049
AC	P00212	S00050
AC	P00212	S00051
AC	P00212	S00052
AC	P00212	S00053
AC	P00212	S00054
AC	P00212	S00055
AC	P00212	S00056
AC	P00212	S00057
AC	P00212	S00058
AC	P00212	S00059
AC	P00212	S00091
AC	P00212	S00092
AC	P00212	S00093
AC	P00212	S00094
AC	P00212	S00095
AC	P00212	S00096
AC	P00212	S00097
AC	P00212	S00098
AC	P00212	S00099
AC	P00212	S00100
AC	P00212	S00101
AC	P00212	S00102
AC	P00212	S00103
AC	P00212	S00104
AC	P00212	S00105
AC	P00212	S00106
AC	P00212	S00107
AC	P00212	S00108
AC	P00212	S00154
AC	P00212	S00460
AC	P00212	S00461
AC	P00212	S00462
AC	P00212	S00463
AC	P00212	S00464
AC	P00212	S00465
AC	P00212	S00466
AC	P00212	S00467
AC	P00212	S00468
AC	P00212	S00469
AC	P00212	S00470
AC	P00212	S00471
AC	P00212	S00472
AC	P00212	S00484
AC	P00212	S00485
AC	P00212	S00486
AC	P00212	S00487
AC	P00212	S00488
AC	P00212	S00489
AC	P00212	S00490
AC	P00212	S00491
AC	P00212	S00492
AC	P00212	S00493
AC	P00212	S00494
AC	P00212	S00495
AC	P00212	S00496
AC	P00212	S00502
AC	P00212	S00503
AC	P00212	S00504
AC	P00212	S00505
AC	P00212	S00506
AC	P00212	S00507
AC	P00212	S00508
AC	P00212	S00509
AC	P00212	S00510
AC	P00212	S00511
AC	P00212	S00512
AC	P00212	S00513
AC	P00213	S00044
AC	P00213	S00045
AC	P00213	S00046
AC	P00213	S00047
AC	P00213	S00048
AC	P00213	S00049
AC	P00213	S00050
AC	P00213	S00051
AC	P00213	S00052
AC	P00213	S00053
AC	P00213	S00054
AC	P00213	S00055
AC	P00213	S00056
AC	P00213	S00057
AC	P00213	S00058
AC	P00213	S00059
AC	P00213	S00460
AC	P00213	S00461
AC	P00213	S00462
AC	P00213	S00463
AC	P00213	S00464
AC	P00213	S00465
AC	P00213	S00466
AC	P00213	S00467
AC	P00213	S00468
AC	P00213	S00469
AC	P00213	S00470
AC	P00213	S00471
AC	P00213	S00472
AC	P00214	S00119
AC	P00214	S00120
AC	P00214	S00121
AC	P00214	S00122
AC	P00214	S00123
AC	P00214	S00124
AC	P00214	S00125
AC	P00214	S00126
AC	P00214	S00127
AC	P00214	S00128
AC	P00215	S00091
AC	P00215	S00092
AC	P00215	S00093
AC	P00215	S00094
AC	P00215	S00095
AC	P00215	S00096
AC	P00215	S00097
AC	P00215	S00098
AC	P00215	S00099
AC	P00215	S00100
AC	P00215	S00101
AC	P00215	S00102
AC	P00215	S00103
AC	P00215	S00104
AC	P00215	S00105
AC	P00215	S00106
AC	P00215	S00107
AC	P00215	S00108
AC	P00215	S00484
AC	P00215	S00485
AC	P00215	S00486
AC	P00215	S00487
AC	P00215	S00488
AC	P00215	S00489
AC	P00215	S00490
AC	P00215	S00491
AC	P00215	S00492
AC	P00215	S00493
AC	P00215	S00494
AC	P00215	S00495
AC	P00215	S00496
AC	P00216	S00070
AC	P00216	S00071
AC	P00216	S00072
AC	P00216	S00073
AC	P00216	S00074
AC	P00216	S00075
AC	P00216	S00076
AC	P00216	S00077
AC	P00216	S00078
AC	P00216	S00079
AC	P00216	S00080
AC	P00216	S00081
AC	P00216	S00082
AC	P00216	S00083
AC	P00216	S00109
AC	P00216	S00110
AC	P00216	S00111
AC	P00216	S00112
AC	P00216	S00113
AC	P00216	S00114
AC	P00216	S00115
AC	P00216	S00116
AC	P00216	S00117
AC	P00216	S00118
AC	P00216	S00154
AC	P00216	S00473
AC	P00216	S00474
AC	P00216	S00475
AC	P00216	S00476
AC	P00216	S00477
AC	P00216	S00478
AC	P00216	S00479
AC	P00216	S00480
AC	P00216	S00481
AC	P00216	S00482
AC	P00216	S00483
AC	P00216	S00497
AC	P00216	S00498
AC	P00216	S00499
AC	P00216	S00500
AC	P00216	S00501
AC	P00216	S00504
AC	P00216	S00505
AC	P00216	S00508
AC	P00216	S00509
AC	P00216	S00510
AC	P00216	S00511
AC	P00217	S00070
AC	P00217	S00071
AC	P00217	S00072
AC	P00217	S00073
AC	P00217	S00074
AC	P00217	S00075
AC	P00217	S00076
AC	P00217	S00077
AC	P00217	S00078
AC	P00217	S00079
AC	P00217	S00080
AC	P00217	S00081
AC	P00217	S00082
AC	P00217	S00083
AC	P00217	S00109
AC	P00217	S00110
AC	P00217	S00111
AC	P00217	S00112
AC	P00217	S00113
AC	P00217	S00114
AC	P00217	S00115
AC	P00217	S00116
AC	P00217	S00117
AC	P00217	S00118
AC	P00217	S00154
AC	P00217	S00473
AC	P00217	S00474
AC	P00217	S00475
AC	P00217	S00476
AC	P00217	S00477
AC	P00217	S00478
AC	P00217	S00479
AC	P00217	S00480
AC	P00217	S00481
AC	P00217	S00482
AC	P00217	S00483
AC	P00217	S00497
AC	P00217	S00498
AC	P00217	S00499
AC	P00217	S00500
AC	P00217	S00501
AC	P00217	S00504
AC	P00217	S00505
AC	P00217	S00508
AC	P00217	S00509
AC	P00217	S00510
AC	P00217	S00511
AC	P00218	S00060
AC	P00218	S00061
AC	P00218	S00062
AC	P00218	S00063
AC	P00218	S00064
AC	P00218	S00065
AC	P00218	S00066
AC	P00218	S00067
AC	P00218	S00068
AC	P00218	S00069
AC	P00218	S00129
AC	P00218	S00130
AC	P00218	S00131
AC	P00218	S00132
AC	P00218	S00133
AC	P00218	S00134
AC	P00218	S00135
AC	P00218	S00136
AC	P00218	S00149
AC	P00218	S00150
AC	P00218	S00151
AC	P00218	S00152
AC	P00218	S00153
AC	P00219	S00060
AC	P00219	S00061
AC	P00219	S00062
AC	P00219	S00065
AC	P00219	S00066
AC	P00219	S00067
AC	P00219	S00068
AC	P00219	S00069
AC	P00219	S00129
AC	P00219	S00130
AC	P00219	S00131
AC	P00219	S00132
AC	P00219	S00133
AC	P00219	S00135
AC	P00219	S00136
AC	P00219	S00149
AC	P00219	S00150
AC	P00219	S00151
AC	P00219	S00152
AC	P00219	S00153
AC	P00220	S00060
AC	P00220	S00061
AC	P00220	S00062
AC	P00220	S00063
AC	P00220	S00064
AC	P00220	S00065
AC	P00220	S00066
AC	P00220	S00067
AC	P00220	S00068
AC	P00220	S00069
AC	P00220	S00129
AC	P00220	S00130
AC	P00220	S00131
AC	P00220	S00132
AC	P00220	S00133
AC	P00220	S00134
AC	P00220	S00135
AC	P00220	S00136
AC	P00220	S00149
AC	P00220	S00150
AC	P00220	S00151
AC	P00220	S00152
AC	P00220	S00153
AC	P00221	S00514
AC	P00221	S00515
AC	P00221	S00516
AC	P00221	S00517
AC	P00221	S00518
AC	P00221	S00519
AC	P00221	S00520
AC	P00221	S00521
AC	P00221	S00522
AC	P00221	S00523
AC	P00221	S00524
AC	P00221	S00525
AC	P00221	S00526
AC	P00221	S00527
AC	P00221	S00528
AC	P00221	S00529
AC	P00221	S00530
AC	P00221	S00531
AC	P00221	S00532
AC	P00221	S00533
AC	P00221	S00534
AC	P00221	S00535
AC	P00221	S00536
AC	P00221	S00537
AC	P00221	S00538
AC	P00221	S00539
AC	P00221	S00540
AC	P00221	S00541
AC	P00221	S00542
AC	P00221	S00543
BC	X00001	S00043
BC	X00001	S00058
BC	X00001	S00066
BC	X00001	S00079
BC	X00001	S00108
BC	X00001	S00118
BC	X00001	S00127
BC	X00001	S00135
BC	X00001	S00147
BC	X00001	S00153
BC	X00001	S00467
BC	X00001	S00483
BC	X00001	S00496
BC	X00001	S00501
BC	X00002	S00043
BC	X00002	S00058
BC	X00002	S00066
BC	X00002	S00079
BC	X00002	S00108
BC	X00002	S00118
BC	X00002	S00127
BC	X00002	S00135
BC	X00002	S00147
BC	X00002	S00153
BC	X00002	S00467
BC	X00002	S00483
BC	X00002	S00496
BC	X00002	S00501
BC	X00003	S00039
BC	X00003	S00042
BC	X00003	S00047
BC	X00003	S00048
BC	X00003	S00050
BC	X00003	S00053
BC	X00003	S00061
BC	X00003	S00062
BC	X00003	S00065
BC	X00003	S00069
BC	X00003	S00072
BC	X00003	S00073
BC	X00003	S00076
BC	X00003	S00082
BC	X00003	S00085
BC	X00003	S00086
BC	X00003	S00089
BC	X00003	S00092
BC	X00003	S00093
BC	X00003	S00102
BC	X00003	S00103
BC	X00003	S00112
BC	X00003	S00113
BC	X00003	S00114
BC	X00003	S00115
BC	X00003	S00120
BC	X00003	S00121
BC	X00003	S00122
BC	X00003	S00124
BC	X00003	S00131
BC	X00003	S00132
BC	X00003	S00133
BC	X00003	S00140
BC	X00003	S00141
BC	X00003	S00142
BC	X00003	S00143
BC	X00003	S00149
BC	X00003	S00150
BC	X00003	S00151
BC	X00003	S00460
BC	X00003	S00461
BC	X00003	S00463
BC	X00003	S00464
BC	X00003	S00474
BC	X00003	S00475
BC	X00003	S00484
BC	X00003	S00485
BC	X00003	S00486
BC	X00003	S00488
BC	X00003	S00497
BC	X00003	S00498
BC	X00003	S00499
BC	X00003	S00500
BC	X00004	S00056
BC	X00004	S00068
BC	X00004	S00080
BC	X00004	S00087
BC	X00004	S00098
BC	X00004	S00110
BC	X00004	S00127
BC	X00004	S00129
BC	X00004	S00137
BC	X00004	S00153
BC	X00004	S00466
BC	X00004	S00501
BC	X00005	S00084
BC	X00005	S00091
BC	X00005	S00139
BC	X00006	S00049
BC	X00006	S00064
BC	X00006	S00075
BC	X00006	S00088
BC	X00006	S00101
BC	X00006	S00111
BC	X00006	S00119
BC	X00006	S00130
BC	X00006	S00138
BC	X00007	S00042
BC	X00007	S00047
BC	X00007	S00053
BC	X00007	S00061
BC	X00007	S00069
BC	X00007	S00072
BC	X00007	S00082
BC	X00007	S00086
BC	X00007	S00093
BC	X00007	S00103
BC	X00007	S00112
BC	X00007	S00114
BC	X00007	S00120
BC	X00007	S00122
BC	X00007	S00132
BC	X00007	S00141
BC	X00007	S00143
BC	X00007	S00149
BC	X00007	S00150
BC	X00007	S00460
BC	X00007	S00463
BC	X00007	S00474
BC	X00007	S00485
BC	X00007	S00488
BC	X00007	S00498
BC	X00007	S00500
BC	X00008	S00039
BC	X00008	S00048
BC	X00008	S00062
BC	X00008	S00073
BC	X00008	S00115
BC	X00008	S00124
BC	X00008	S00133
BC	X00008	S00151
BC	X00008	S00464
BC	X00008	S00475
BC	X00008	S00497
BC	X00009	S00090
BC	X00009	S00104
BC	X00009	S00145
BC	X00009	S00489
BC	X00010	S00041
BC	X00010	S00051
BC	X00010	S00067
BC	X00010	S00081
BC	X00010	S00097
BC	X00010	S00117
BC	X00010	S00125
BC	X00010	S00152
BC	X00010	S00465
BC	X00010	S00476
BC	X00011	S00052
BC	X00011	S00077
BC	X00011	S00100
BC	X00012	S00106
BC	X00013	S00043
BC	X00013	S00058
BC	X00013	S00066
BC	X00013	S00079
BC	X00013	S00108
BC	X00013	S00118
BC	X00013	S00127
BC	X00013	S00135
BC	X00013	S00147
BC	X00013	S00153
BC	X00013	S00468
BC	X00013	S00478
BC	X00013	S00491
BC	X00013	S00501
BC	X00014	S00042
BC	X00014	S00053
BC	X00014	S00069
BC	X00014	S00082
BC	X00014	S00103
BC	X00014	S00114
BC	X00014	S00122
BC	X00014	S00132
BC	X00014	S00143
BC	X00014	S00150
BC	X00014	S00463
BC	X00014	S00474
BC	X00014	S00488
BC	X00014	S00500
BC	X00015	S00039
BC	X00015	S00048
BC	X00015	S00050
BC	X00015	S00062
BC	X00015	S00065
BC	X00015	S00073
BC	X00015	S00076
BC	X00015	S00085
BC	X00015	S00089
BC	X00015	S00092
BC	X00015	S00102
BC	X00015	S00113
BC	X00015	S00115
BC	X00015	S00121
BC	X00015	S00124
BC	X00015	S00131
BC	X00015	S00133
BC	X00015	S00140
BC	X00015	S00142
BC	X00015	S00151
BC	X00015	S00461
BC	X00015	S00464
BC	X00015	S00475
BC	X00015	S00484
BC	X00015	S00486
BC	X00015	S00497
BC	X00015	S00499
BC	X00016	S00038
BC	X00016	S00044
BC	X00016	S00045
BC	X00016	S00060
BC	X00016	S00070
BC	X00016	S00071
BC	X00016	S00094
BC	X00016	S00095
BC	X00016	S00118
BC	X00016	S00128
BC	X00016	S00136
BC	X00016	S00148
BC	X00016	S00153
BC	X00016	S00470
BC	X00016	S00480
BC	X00016	S00493
BC	X00016	S00501
BC	X00017	S00043
BC	X00017	S00058
BC	X00017	S00066
BC	X00017	S00079
BC	X00017	S00108
BC	X00017	S00118
BC	X00017	S00127
BC	X00017	S00135
BC	X00017	S00147
BC	X00017	S00153
BC	X00017	S00472
BC	X00017	S00483
BC	X00017	S00496
BC	X00017	S00501
BC	X00018	S00039
BC	X00018	S00048
BC	X00018	S00050
BC	X00018	S00062
BC	X00018	S00065
BC	X00018	S00073
BC	X00018	S00076
BC	X00018	S00085
BC	X00018	S00089
BC	X00018	S00092
BC	X00018	S00102
BC	X00018	S00113
BC	X00018	S00115
BC	X00018	S00121
BC	X00018	S00124
BC	X00018	S00131
BC	X00018	S00133
BC	X00018	S00140
BC	X00018	S00142
BC	X00018	S00151
BC	X00018	S00461
BC	X00018	S00464
BC	X00018	S00475
BC	X00018	S00484
BC	X00018	S00486
BC	X00018	S00497
BC	X00018	S00499
BC	X00019	S00038
BC	X00019	S00045
BC	X00019	S00060
BC	X00019	S00071
BC	X00019	S00095
BC	X00019	S00109
BC	X00019	S00128
BC	X00019	S00136
BC	X00019	S00148
BC	X00019	S00153
BC	X00019	S00470
BC	X00019	S00480
BC	X00019	S00493
BC	X00019	S00501
BC	X00020	S00038
BC	X00020	S00045
BC	X00020	S00060
BC	X00020	S00071
BC	X00020	S00095
BC	X00020	S00109
BC	X00020	S00128
BC	X00020	S00136
BC	X00020	S00148
BC	X00020	S00153
BC	X00020	S00470
BC	X00020	S00480
BC	X00020	S00493
BC	X00020	S00501
BC	X00021	S00039
BC	X00021	S00048
BC	X00021	S00062
BC	X00021	S00073
BC	X00021	S00085
BC	X00021	S00092
BC	X00021	S00115
BC	X00021	S00124
BC	X00021	S00133
BC	X00021	S00140
BC	X00021	S00151
BC	X00021	S00464
BC	X00021	S00475
BC	X00021	S00484
BC	X00021	S00497
BC	X00022	S00040
BC	X00022	S00046
BC	X00022	S00063
BC	X00022	S00074
BC	X00022	S00105
BC	X00022	S00116
BC	X00022	S00126
BC	X00022	S00134
BC	X00022	S00146
BC	X00023	S00044
BC	X00023	S00070
BC	X00023	S00094
BC	X00024	S00038
BC	X00024	S00045
BC	X00024	S00060
BC	X00024	S00071
BC	X00024	S00095
BC	X00024	S00109
BC	X00024	S00128
BC	X00024	S00136
BC	X00024	S00148
BC	X00024	S00153
BC	X00024	S00471
BC	X00024	S00481
BC	X00024	S00494
BC	X00024	S00501
BC	X00025	S00056
BC	X00025	S00068
BC	X00025	S00080
BC	X00025	S00087
BC	X00025	S00098
BC	X00025	S00110
BC	X00025	S00127
BC	X00025	S00129
BC	X00025	S00137
BC	X00025	S00153
BC	X00025	S00472
BC	X00025	S00482
BC	X00025	S00495
BC	X00025	S00501
BC	X00026	S00043
BC	X00026	S00052
BC	X00026	S00057
BC	X00026	S00058
BC	X00026	S00066
BC	X00026	S00077
BC	X00026	S00079
BC	X00026	S00100
BC	X00026	S00106
BC	X00026	S00108
BC	X00026	S00118
BC	X00026	S00127
BC	X00026	S00135
BC	X00026	S00147
BC	X00026	S00153
BC	X00026	S00472
BC	X00026	S00483
BC	X00026	S00496
BC	X00026	S00501
BC	X00027	S00039
BC	X00027	S00041
BC	X00027	S00042
BC	X00027	S00043
BC	X00027	S00047
BC	X00027	S00048
BC	X00027	S00050
BC	X00027	S00051
BC	X00027	S00052
BC	X00027	S00053
BC	X00027	S00057
BC	X00027	S00058
BC	X00027	S00061
BC	X00027	S00062
BC	X00027	S00065
BC	X00027	S00066
BC	X00027	S00067
BC	X00027	S00069
BC	X00027	S00072
BC	X00027	S00073
BC	X00027	S00076
BC	X00027	S00077
BC	X00027	S00079
BC	X00027	S00081
BC	X00027	S00082
BC	X00027	S00085
BC	X00027	S00086
BC	X00027	S00089
BC	X00027	S00090
BC	X00027	S00092
BC	X00027	S00093
BC	X00027	S00097
BC	X00027	S00100
BC	X00027	S00102
BC	X00027	S00103
BC	X00027	S00104
BC	X00027	S00106
BC	X00027	S00108
BC	X00027	S00112
BC	X00027	S00113
BC	X00027	S00114
BC	X00027	S00115
BC	X00027	S00117
BC	X00027	S00118
BC	X00027	S00120
BC	X00027	S00121
BC	X00027	S00122
BC	X00027	S00124
BC	X00027	S00125
BC	X00027	S00127
BC	X00027	S00131
BC	X00027	S00132
BC	X00027	S00133
BC	X00027	S00135
BC	X00027	S00140
BC	X00027	S00141
BC	X00027	S00142
BC	X00027	S00143
BC	X00027	S00145
BC	X00027	S00147
BC	X00027	S00149
BC	X00027	S00150
BC	X00027	S00151
BC	X00027	S00152
BC	X00027	S00153
BC	X00027	S00460
BC	X00027	S00461
BC	X00027	S00462
BC	X00027	S00464
BC	X00027	S00465
BC	X00027	S00472
BC	X00027	S00473
BC	X00027	S00475
BC	X00027	S00476
BC	X00027	S00483
BC	X00027	S00484
BC	X00027	S00485
BC	X00027	S00486
BC	X00027	S00487
BC	X00027	S00489
BC	X00027	S00496
BC	X00027	S00497
BC	X00027	S00498
BC	X00027	S00499
BC	X00027	S00500
BC	X00027	S00501
BC	X00028	S00043
BC	X00028	S00052
BC	X00028	S00057
BC	X00028	S00058
BC	X00028	S00066
BC	X00028	S00077
BC	X00028	S00079
BC	X00028	S00100
BC	X00028	S00106
BC	X00028	S00108
BC	X00028	S00118
BC	X00028	S00127
BC	X00028	S00135
BC	X00028	S00147
BC	X00028	S00153
BC	X00028	S00472
BC	X00028	S00483
BC	X00028	S00496
BC	X00028	S00501
BC	X00029	S00039
BC	X00029	S00043
BC	X00029	S00048
BC	X00029	S00052
BC	X00029	S00057
BC	X00029	S00058
BC	X00029	S00062
BC	X00029	S00066
BC	X00029	S00073
BC	X00029	S00077
BC	X00029	S00079
BC	X00029	S00085
BC	X00029	S00092
BC	X00029	S00100
BC	X00029	S00106
BC	X00029	S00108
BC	X00029	S00115
BC	X00029	S00118
BC	X00029	S00124
BC	X00029	S00127
BC	X00029	S00133
BC	X00029	S00135
BC	X00029	S00140
BC	X00029	S00147
BC	X00029	S00151
BC	X00029	S00153
BC	X00029	S00464
BC	X00029	S00472
BC	X00029	S00475
BC	X00029	S00483
BC	X00029	S00484
BC	X00029	S00496
BC	X00029	S00497
BC	X00029	S00501
BC	X00030	S00039
BC	X00030	S00041
BC	X00030	S00042
BC	X00030	S00043
BC	X00030	S00047
BC	X00030	S00048
BC	X00030	S00050
BC	X00030	S00051
BC	X00030	S00052
BC	X00030	S00053
BC	X00030	S00057
BC	X00030	S00058
BC	X00030	S00061
BC	X00030	S00062
BC	X00030	S00065
BC	X00030	S00066
BC	X00030	S00067
BC	X00030	S00069
BC	X00030	S00072
BC	X00030	S00073
BC	X00030	S00076
BC	X00030	S00077
BC	X00030	S00079
BC	X00030	S00081
BC	X00030	S00082
BC	X00030	S00085
BC	X00030	S00086
BC	X00030	S00089
BC	X00030	S00090
BC	X00030	S00092
BC	X00030	S00093
BC	X00030	S00097
BC	X00030	S00100
BC	X00030	S00102
BC	X00030	S00103
BC	X00030	S00104
BC	X00030	S00106
BC	X00030	S00108
BC	X00030	S00112
BC	X00030	S00113
BC	X00030	S00114
BC	X00030	S00115
BC	X00030	S00117
BC	X00030	S00118
BC	X00030	S00120
BC	X00030	S00121
BC	X00030	S00122
BC	X00030	S00124
BC	X00030	S00125
BC	X00030	S00127
BC	X00030	S00131
BC	X00030	S00132
BC	X00030	S00133
BC	X00030	S00135
BC	X00030	S00140
BC	X00030	S00141
BC	X00030	S00142
BC	X00030	S00143
BC	X00030	S00145
BC	X00030	S00147
BC	X00030	S00149
BC	X00030	S00150
BC	X00030	S00151
BC	X00030	S00152
BC	X00030	S00153
BC	X00030	S00460
BC	X00030	S00461
BC	X00030	S00462
BC	X00030	S00464
BC	X00030	S00465
BC	X00030	S00472
BC	X00030	S00473
BC	X00030	S00475
BC	X00030	S00476
BC	X00030	S00483
BC	X00030	S00484
BC	X00030	S00485
BC	X00030	S00486
BC	X00030	S00487
BC	X00030	S00489
BC	X00030	S00496
BC	X00030	S00497
BC	X00030	S00498
BC	X00030	S00499
BC	X00030	S00500
BC	X00030	S00501
BC	X00031	S00039
BC	X00031	S00042
BC	X00031	S00047
BC	X00031	S00048
BC	X00031	S00050
BC	X00031	S00053
BC	X00031	S00061
BC	X00031	S00062
BC	X00031	S00065
BC	X00031	S00069
BC	X00031	S00072
BC	X00031	S00073
BC	X00031	S00076
BC	X00031	S00082
BC	X00031	S00085
BC	X00031	S00086
BC	X00031	S00089
BC	X00031	S00092
BC	X00031	S00093
BC	X00031	S00102
BC	X00031	S00103
BC	X00031	S00112
BC	X00031	S00113
BC	X00031	S00114
BC	X00031	S00115
BC	X00031	S00120
BC	X00031	S00121
BC	X00031	S00122
BC	X00031	S00124
BC	X00031	S00131
BC	X00031	S00132
BC	X00031	S00133
BC	X00031	S00140
BC	X00031	S00141
BC	X00031	S00142
BC	X00031	S00143
BC	X00031	S00149
BC	X00031	S00150
BC	X00031	S00151
BC	X00031	S00460
BC	X00031	S00461
BC	X00031	S00463
BC	X00031	S00464
BC	X00031	S00474
BC	X00031	S00475
BC	X00031	S00484
BC	X00031	S00485
BC	X00031	S00486
BC	X00031	S00488
BC	X00031	S00497
BC	X00031	S00498
BC	X00031	S00499
BC	X00031	S00500
BC	X00032	S00041
BC	X00032	S00051
BC	X00032	S00067
BC	X00032	S00081
BC	X00032	S00090
BC	X00032	S00097
BC	X00032	S00104
BC	X00032	S00117
BC	X00032	S00125
BC	X00032	S00145
BC	X00032	S00152
BC	X00032	S00465
BC	X00032	S00476
BC	X00032	S00489
BC	X00033	S00477
BC	X00033	S00490
BC	X00034	S00056
BC	X00034	S00068
BC	X00034	S00080
BC	X00034	S00087
BC	X00034	S00098
BC	X00034	S00110
BC	X00034	S00127
BC	X00034	S00129
BC	X00034	S00137
BC	X00034	S00153
BC	X00034	S00466
BC	X00034	S00501
BC	X00035	S00041
BC	X00035	S00051
BC	X00035	S00067
BC	X00035	S00081
BC	X00035	S00090
BC	X00035	S00097
BC	X00035	S00104
BC	X00035	S00117
BC	X00035	S00125
BC	X00035	S00145
BC	X00035	S00152
BC	X00035	S00465
BC	X00035	S00476
BC	X00035	S00489
BC	X00036	S00039
BC	X00036	S00041
BC	X00036	S00042
BC	X00036	S00047
BC	X00036	S00048
BC	X00036	S00050
BC	X00036	S00051
BC	X00036	S00053
BC	X00036	S00061
BC	X00036	S00062
BC	X00036	S00065
BC	X00036	S00067
BC	X00036	S00069
BC	X00036	S00072
BC	X00036	S00073
BC	X00036	S00076
BC	X00036	S00081
BC	X00036	S00082
BC	X00036	S00085
BC	X00036	S00086
BC	X00036	S00089
BC	X00036	S00090
BC	X00036	S00092
BC	X00036	S00093
BC	X00036	S00097
BC	X00036	S00102
BC	X00036	S00103
BC	X00036	S00104
BC	X00036	S00112
BC	X00036	S00113
BC	X00036	S00114
BC	X00036	S00115
BC	X00036	S00117
BC	X00036	S00120
BC	X00036	S00121
BC	X00036	S00122
BC	X00036	S00124
BC	X00036	S00125
BC	X00036	S00131
BC	X00036	S00132
BC	X00036	S00133
BC	X00036	S00140
BC	X00036	S00141
BC	X00036	S00142
BC	X00036	S00143
BC	X00036	S00145
BC	X00036	S00149
BC	X00036	S00150
BC	X00036	S00151
BC	X00036	S00152
BC	X00036	S00460
BC	X00036	S00461
BC	X00036	S00463
BC	X00036	S00464
BC	X00036	S00465
BC	X00036	S00474
BC	X00036	S00475
BC	X00036	S00476
BC	X00036	S00484
BC	X00036	S00485
BC	X00036	S00486
BC	X00036	S00488
BC	X00036	S00489
BC	X00036	S00497
BC	X00036	S00498
BC	X00036	S00499
BC	X00036	S00500
BC	X00037	S00466
BC	X00038	S00052
BC	X00038	S00057
BC	X00038	S00077
BC	X00038	S00100
BC	X00038	S00106
BC	X00039	S00043
BC	X00039	S00058
BC	X00039	S00066
BC	X00039	S00079
BC	X00039	S00108
BC	X00039	S00118
BC	X00039	S00127
BC	X00039	S00135
BC	X00039	S00147
BC	X00039	S00153
BC	X00039	S00478
BC	X00039	S00491
BC	X00039	S00501
BC	X00040	S00057
BC	X00040	S00106
BC	X00041	S00043
BC	X00041	S00058
BC	X00041	S00066
BC	X00041	S00079
BC	X00041	S00108
BC	X00041	S00118
BC	X00041	S00127
BC	X00041	S00135
BC	X00041	S00147
BC	X00041	S00153
BC	X00041	S00466
BC	X00041	S00478
BC	X00041	S00491
BC	X00041	S00501
BC	X00042	S00043
BC	X00042	S00052
BC	X00042	S00057
BC	X00042	S00058
BC	X00042	S00066
BC	X00042	S00077
BC	X00042	S00079
BC	X00042	S00100
BC	X00042	S00106
BC	X00042	S00108
BC	X00042	S00118
BC	X00042	S00127
BC	X00042	S00135
BC	X00042	S00147
BC	X00042	S00153
BC	X00042	S00466
BC	X00042	S00478
BC	X00042	S00491
BC	X00042	S00501
BC	X00043	S00039
BC	X00043	S00043
BC	X00043	S00048
BC	X00043	S00052
BC	X00043	S00057
BC	X00043	S00058
BC	X00043	S00062
BC	X00043	S00066
BC	X00043	S00073
BC	X00043	S00077
BC	X00043	S00079
BC	X00043	S00085
BC	X00043	S00092
BC	X00043	S00100
BC	X00043	S00106
BC	X00043	S00108
BC	X00043	S00115
BC	X00043	S00118
BC	X00043	S00124
BC	X00043	S00127
BC	X00043	S00133
BC	X00043	S00135
BC	X00043	S00140
BC	X00043	S00147
BC	X00043	S00151
BC	X00043	S00153
BC	X00043	S00464
BC	X00043	S00466
BC	X00043	S00475
BC	X00043	S00478
BC	X00043	S00484
BC	X00043	S00491
BC	X00043	S00497
BC	X00043	S00501
BC	X00044	S00039
BC	X00044	S00043
BC	X00044	S00048
BC	X00044	S00050
BC	X00044	S00052
BC	X00044	S00057
BC	X00044	S00058
BC	X00044	S00062
BC	X00044	S00065
BC	X00044	S00066
BC	X00044	S00073
BC	X00044	S00076
BC	X00044	S00077
BC	X00044	S00079
BC	X00044	S00085
BC	X00044	S00089
BC	X00044	S00092
BC	X00044	S00100
BC	X00044	S00102
BC	X00044	S00106
BC	X00044	S00108
BC	X00044	S00113
BC	X00044	S00115
BC	X00044	S00118
BC	X00044	S00121
BC	X00044	S00124
BC	X00044	S00127
BC	X00044	S00131
BC	X00044	S00133
BC	X00044	S00135
BC	X00044	S00140
BC	X00044	S00142
BC	X00044	S00147
BC	X00044	S00151
BC	X00044	S00153
BC	X00044	S00461
BC	X00044	S00464
BC	X00044	S00466
BC	X00044	S00475
BC	X00044	S00478
BC	X00044	S00484
BC	X00044	S00486
BC	X00044	S00491
BC	X00044	S00497
BC	X00044	S00499
BC	X00044	S00501
BC	X00045	S00039
BC	X00045	S00042
BC	X00045	S00043
BC	X00045	S00047
BC	X00045	S00048
BC	X00045	S00052
BC	X00045	S00053
BC	X00045	S00057
BC	X00045	S00058
BC	X00045	S00061
BC	X00045	S00062
BC	X00045	S00066
BC	X00045	S00069
BC	X00045	S00072
BC	X00045	S00073
BC	X00045	S00077
BC	X00045	S00079
BC	X00045	S00082
BC	X00045	S00085
BC	X00045	S00086
BC	X00045	S00092
BC	X00045	S00093
BC	X00045	S00100
BC	X00045	S00103
BC	X00045	S00106
BC	X00045	S00108
BC	X00045	S00112
BC	X00045	S00114
BC	X00045	S00115
BC	X00045	S00118
BC	X00045	S00120
BC	X00045	S00122
BC	X00045	S00124
BC	X00045	S00127
BC	X00045	S00132
BC	X00045	S00133
BC	X00045	S00135
BC	X00045	S00140
BC	X00045	S00141
BC	X00045	S00143
BC	X00045	S00147
BC	X00045	S00149
BC	X00045	S00150
BC	X00045	S00151
BC	X00045	S00153
BC	X00045	S00460
BC	X00045	S00463
BC	X00045	S00464
BC	X00045	S00466
BC	X00045	S00474
BC	X00045	S00475
BC	X00045	S00478
BC	X00045	S00484
BC	X00045	S00485
BC	X00045	S00488
BC	X00045	S00491
BC	X00045	S00497
BC	X00045	S00498
BC	X00045	S00500
BC	X00045	S00501
BC	X00046	S00039
BC	X00046	S00042
BC	X00046	S00043
BC	X00046	S00047
BC	X00046	S00048
BC	X00046	S00050
BC	X00046	S00052
BC	X00046	S00053
BC	X00046	S00057
BC	X00046	S00058
BC	X00046	S00061
BC	X00046	S00062
BC	X00046	S00065
BC	X00046	S00066
BC	X00046	S00069
BC	X00046	S00072
BC	X00046	S00073
BC	X00046	S00076
BC	X00046	S00077
BC	X00046	S00079
BC	X00046	S00082
BC	X00046	S00085
BC	X00046	S00086
BC	X00046	S00089
BC	X00046	S00092
BC	X00046	S00093
BC	X00046	S00100
BC	X00046	S00102
BC	X00046	S00103
BC	X00046	S00106
BC	X00046	S00108
BC	X00046	S00112
BC	X00046	S00113
BC	X00046	S00114
BC	X00046	S00115
BC	X00046	S00118
BC	X00046	S00120
BC	X00046	S00121
BC	X00046	S00122
BC	X00046	S00124
BC	X00046	S00127
BC	X00046	S00131
BC	X00046	S00132
BC	X00046	S00133
BC	X00046	S00135
BC	X00046	S00140
BC	X00046	S00141
BC	X00046	S00142
BC	X00046	S00143
BC	X00046	S00147
BC	X00046	S00149
BC	X00046	S00150
BC	X00046	S00151
BC	X00046	S00153
BC	X00046	S00460
BC	X00046	S00461
BC	X00046	S00463
BC	X00046	S00464
BC	X00046	S00466
BC	X00046	S00474
BC	X00046	S00475
BC	X00046	S00478
BC	X00046	S00484
BC	X00046	S00485
BC	X00046	S00486
BC	X00046	S00488
BC	X00046	S00491
BC	X00046	S00497
BC	X00046	S00498
BC	X00046	S00499
BC	X00046	S00500
BC	X00046	S00501
BC	X00047	S00039
BC	X00047	S00041
BC	X00047	S00042
BC	X00047	S00043
BC	X00047	S00047
BC	X00047	S00048
BC	X00047	S00050
BC	X00047	S00051
BC	X00047	S00052
BC	X00047	S00053
BC	X00047	S00057
BC	X00047	S00058
BC	X00047	S00061
BC	X00047	S00062
BC	X00047	S00065
BC	X00047	S00066
BC	X00047	S00067
BC	X00047	S00069
BC	X00047	S00072
BC	X00047	S00073
BC	X00047	S00076
BC	X00047	S00077
BC	X00047	S00079
BC	X00047	S00081
BC	X00047	S00082
BC	X00047	S00085
BC	X00047	S00086
BC	X00047	S00089
BC	X00047	S00090
BC	X00047	S00092
BC	X00047	S00093
BC	X00047	S00097
BC	X00047	S00100
BC	X00047	S00102
BC	X00047	S00103
BC	X00047	S00104
BC	X00047	S00106
BC	X00047	S00108
BC	X00047	S00112
BC	X00047	S00113
BC	X00047	S00114
BC	X00047	S00115
BC	X00047	S00117
BC	X00047	S00118
BC	X00047	S00120
BC	X00047	S00121
BC	X00047	S00122
BC	X00047	S00124
BC	X00047	S00125
BC	X00047	S00127
BC	X00047	S00131
BC	X00047	S00132
BC	X00047	S00133
BC	X00047	S00135
BC	X00047	S00140
BC	X00047	S00141
BC	X00047	S00142
BC	X00047	S00143
BC	X00047	S00145
BC	X00047	S00147
BC	X00047	S00149
BC	X00047	S00150
BC	X00047	S00151
BC	X00047	S00152
BC	X00047	S00153
BC	X00047	S00460
BC	X00047	S00461
BC	X00047	S00463
BC	X00047	S00464
BC	X00047	S00465
BC	X00047	S00466
BC	X00047	S00474
BC	X00047	S00475
BC	X00047	S00476
BC	X00047	S00478
BC	X00047	S00484
BC	X00047	S00485
BC	X00047	S00486
BC	X00047	S00488
BC	X00047	S00489
BC	X00047	S00491
BC	X00047	S00497
BC	X00047	S00498
BC	X00047	S00499
BC	X00047	S00500
BC	X00047	S00501
BC	X00048	S00042
BC	X00048	S00053
BC	X00048	S00069
BC	X00048	S00082
BC	X00048	S00103
BC	X00048	S00114
BC	X00048	S00122
BC	X00048	S00132
BC	X00048	S00143
BC	X00048	S00150
BC	X00048	S00463
BC	X00048	S00474
BC	X00048	S00488
BC	X00048	S00500
BC	X00049	S00043
BC	X00049	S00052
BC	X00049	S00057
BC	X00049	S00058
BC	X00049	S00066
BC	X00049	S00077
BC	X00049	S00079
BC	X00049	S00100
BC	X00049	S00106
BC	X00049	S00108
BC	X00049	S00118
BC	X00049	S00127
BC	X00049	S00135
BC	X00049	S00147
BC	X00049	S00153
BC	X00049	S00466
BC	X00049	S00478
BC	X00049	S00491
BC	X00049	S00501
BC	X00050	S00039
BC	X00050	S00041
BC	X00050	S00042
BC	X00050	S00043
BC	X00050	S00047
BC	X00050	S00048
BC	X00050	S00050
BC	X00050	S00051
BC	X00050	S00052
BC	X00050	S00053
BC	X00050	S00057
BC	X00050	S00058
BC	X00050	S00061
BC	X00050	S00062
BC	X00050	S00065
BC	X00050	S00066
BC	X00050	S00067
BC	X00050	S00069
BC	X00050	S00072
BC	X00050	S00073
BC	X00050	S00076
BC	X00050	S00077
BC	X00050	S00079
BC	X00050	S00081
BC	X00050	S00082
BC	X00050	S00085
BC	X00050	S00086
BC	X00050	S00089
BC	X00050	S00090
BC	X00050	S00092
BC	X00050	S00093
BC	X00050	S00097
BC	X00050	S00100
BC	X00050	S00102
BC	X00050	S00103
BC	X00050	S00104
BC	X00050	S00106
BC	X00050	S00108
BC	X00050	S00112
BC	X00050	S00113
BC	X00050	S00114
BC	X00050	S00115
BC	X00050	S00117
BC	X00050	S00118
BC	X00050	S00120
BC	X00050	S00121
BC	X00050	S00122
BC	X00050	S00124
BC	X00050	S00125
BC	X00050	S00127
BC	X00050	S00131
BC	X00050	S00132
BC	X00050	S00133
BC	X00050	S00135
BC	X00050	S00140
BC	X00050	S00141
BC	X00050	S00142
BC	X00050	S00143
BC	X00050	S00145
BC	X00050	S00147
BC	X00050	S00149
BC	X00050	S00150
BC	X00050	S00151
BC	X00050	S00152
BC	X00050	S00153
BC	X00050	S00460
BC	X00050	S00461
BC	X00050	S00463
BC	X00050	S00464
BC	X00050	S00465
BC	X00050	S00466
BC	X00050	S00474
BC	X00050	S00475
BC	X00050	S00476
BC	X00050	S00478
BC	X00050	S00484
BC	X00050	S00485
BC	X00050	S00486
BC	X00050	S00488
BC	X00050	S00489
BC	X00050	S00491
BC	X00050	S00497
BC	X00050	S00498
BC	X00050	S00499
BC	X00050	S00500
BC	X00050	S00501
BC	X00051	S00038
BC	X00051	S00044
BC	X00051	S00045
BC	X00051	S00060
BC	X00051	S00070
BC	X00051	S00071
BC	X00051	S00094
BC	X00051	S00095
BC	X00051	S00109
BC	X00051	S00128
BC	X00051	S00136
BC	X00051	S00148
BC	X00051	S00153
BC	X00051	S00469
BC	X00051	S00479
BC	X00051	S00492
BC	X00051	S00501
BC	X00052	S00024
BC	X00052	S00025
BC	X00053	S00023
BC	X00053	S00024
BC	X00053	S00025
BC	X00053	S00034
BC	X00054	S00018
BC	X00054	S00020
BC	X00054	S00028
BC	X00054	S00037
BC	X00055	S00030
BC	X00056	S00020
BC	X00056	S00037
BC	X00057	S00008
BC	X00057	S00036
BC	X00058	S00015
BC	X00058	S00017
BC	X00058	S00025
BC	X00059	S00022
BC	X00059	S00030
BC	X00060	S00013
BC	X00060	S00015
BC	X00060	S00017
BC	X00060	S00025
BC	X00060	S00031
BC	X00060	S00034
BC	X00061	S00002
BC	X00062	S00029
BC	X00063	S00021
BC	X00064	S00017
BC	X00064	S00024
BC	X00064	S00025
BC	X00065	S00001
BC	X00065	S00002
BC	X00066	S00029
BC	X00066	S00035
BC	X00067	S00019
BC	X00067	S00021
BC	X00068	S00017
BC	X00068	S00023
BC	X00068	S00024
BC	X00068	S00025
BC	X00068	S00031
BC	X00068	S00034
BC	X00069	S00015
BC	X00069	S00017
BC	X00070	S00007
BC	X00070	S00008
BC	X00070	S00018
BC	X00070	S00020
BC	X00070	S00023
BC	X00070	S00024
BC	X00070	S00025
BC	X00070	S00027
BC	X00070	S00028
BC	X00070	S00034
BC	X00070	S00036
BC	X00070	S00037
BC	X00071	S00006
BC	X00071	S00007
BC	X00071	S00008
BC	X00071	S00018
BC	X00071	S00020
BC	X00072	S00003
BC	X00072	S00004
BC	X00072	S00005
BC	X00073	S00014
BC	X00073	S00017
BC	X00073	S00023
BC	X00073	S00024
BC	X00073	S00025
BC	X00073	S00026
BC	X00073	S00027
BC	X00073	S00028
BC	X00073	S00031
BC	X00073	S00034
BC	X00073	S00036
BC	X00073	S00037
BC	X00074	S00005
BC	X00075	S00018
BC	X00075	S00020
BC	X00075	S00023
BC	X00075	S00024
BC	X00075	S00025
BC	X00075	S00034
BC	X00076	S00028
BC	X00076	S00037
BC	X00077	S00007
BC	X00077	S00008
BC	X00077	S00027
BC	X00077	S00036
BC	X00078	S00013
BC	X00078	S00015
BC	X00078	S00017
BC	X00078	S00031
BC	X00079	S00008
BC	X00079	S00020
BC	X00080	S00017
BC	X00080	S00024
BC	X00080	S00025
BC	X00080	S00036
BC	X00080	S00037
BC	X00081	S00007
BC	X00081	S00008
BC	X00081	S00018
BC	X00081	S00020
BC	X00082	S00017
BC	X00082	S00023
BC	X00082	S00024
BC	X00082	S00025
BC	X00082	S00027
BC	X00082	S00028
BC	X00082	S00031
BC	X00082	S00034
BC	X00082	S00036
BC	X00082	S00037
BC	X00083	S00017
BC	X00083	S00023
BC	X00083	S00024
BC	X00083	S00031
BC	X00084	S00018
BC	X00084	S00020
BC	X00085	S00007
BC	X00085	S00008
BC	X00086	S00004
BC	X00086	S00005
BC	X00087	S00025
BC	X00087	S00027
BC	X00087	S00028
BC	X00087	S00034
BC	X00087	S00036
BC	X00087	S00037
BC	X00088	S00016
BC	X00088	S00032
BC	X00088	S00033
BC	X00089	S00006
BC	X00089	S00007
BC	X00089	S00008
BC	X00089	S00009
BC	X00089	S00010
BC	X00089	S00011
BC	X00089	S00018
BC	X00089	S00020
BC	X00089	S00023
BC	X00089	S00024
BC	X00089	S00025
BC	X00089	S00026
BC	X00089	S00027
BC	X00089	S00028
BC	X00089	S00034
BC	X00089	S00036
BC	X00089	S00037
BC	X00090	S00006
BC	X00090	S00007
BC	X00090	S00008
BC	X00090	S00012
BC	X00090	S00013
BC	X00090	S00015
BC	X00090	S00016
BC	X00090	S00018
BC	X00090	S00020
BC	X00090	S00023
BC	X00090	S00024
BC	X00090	S00025
BC	X00090	S00026
BC	X00090	S00027
BC	X00090	S00028
BC	X00090	S00032
BC	X00090	S00033
BC	X00090	S00034
BC	X00090	S00036
BC	X00090	S00037
BC	X00091	S00016
BC	X00092	S00008
BC	X00092	S00011
BC	X00092	S00020
BC	X00092	S00024
BC	X00092	S00025
BC	X00092	S00036
BC	X00092	S00037
BC	X00093	S00016
BC	X00093	S00033
BC	X00094	S00007
BC	X00094	S00008
BC	X00094	S00010
BC	X00094	S00011
BC	X00094	S00018
BC	X00094	S00020
BC	X00094	S00023
BC	X00094	S00024
BC	X00094	S00025
BC	X00094	S00027
BC	X00094	S00028
BC	X00094	S00034
BC	X00094	S00036
BC	X00094	S00037
BC	X00095	S00008
BC	X00095	S00015
BC	X00095	S00016
BC	X00095	S00020
BC	X00095	S00024
BC	X00095	S00025
BC	X00095	S00036
BC	X00095	S00037
BC	X00096	S00015
BC	X00096	S00016
BC	X00097	S00008
BC	X00097	S00020
BC	X00097	S00024
BC	X00097	S00025
BC	X00097	S00036
BC	X00097	S00037
BC	X00098	S00007
BC	X00098	S00008
BC	X00098	S00013
BC	X00098	S00015
BC	X00098	S00016
BC	X00098	S00018
BC	X00098	S00020
BC	X00098	S00023
BC	X00098	S00024
BC	X00098	S00025
BC	X00098	S00027
BC	X00098	S00028
BC	X00098	S00033
BC	X00098	S00034
BC	X00098	S00036
BC	X00098	S00037
BC	X00099	S00013
BC	X00099	S00015
BC	X00099	S00016
BC	X00099	S00033
BC	X00100	S00006
BC	X00100	S00007
BC	X00100	S00008
BC	X00100	S00012
BC	X00100	S00013
BC	X00100	S00014
BC	X00100	S00015
BC	X00100	S00017
BC	X00100	S00018
BC	X00100	S00020
BC	X00100	S00023
BC	X00100	S00024
BC	X00100	S00025
BC	X00100	S00026
BC	X00100	S00027
BC	X00100	S00028
BC	X00100	S00031
BC	X00100	S00034
BC	X00100	S00036
BC	X00100	S00037
BC	X00101	S00012
BC	X00101	S00013
BC	X00101	S00014
BC	X00101	S00015
BC	X00101	S00017
BC	X00101	S00031
BC	X00102	S00006
BC	X00102	S00007
BC	X00102	S00008
BC	X00102	S00018
BC	X00102	S00020
BC	X00102	S00023
BC	X00102	S00024
BC	X00102	S00025
BC	X00102	S00026
BC	X00102	S00027
BC	X00102	S00028
BC	X00102	S00034
BC	X00102	S00036
BC	X00102	S00037
BC	X00103	S00017
BC	X00104	S00017
BC	X00104	S00031
BC	X00105	S00008
BC	X00105	S00015
BC	X00105	S00017
BC	X00105	S00020
BC	X00105	S00024
BC	X00105	S00025
BC	X00105	S00036
BC	X00105	S00037
BC	X00106	S00007
BC	X00106	S00008
BC	X00106	S00013
BC	X00106	S00015
BC	X00106	S00017
BC	X00106	S00018
BC	X00106	S00020
BC	X00106	S00023
BC	X00106	S00024
BC	X00106	S00025
BC	X00106	S00027
BC	X00106	S00028
BC	X00106	S00031
BC	X00106	S00034
BC	X00106	S00036
BC	X00106	S00037
BC	X00107	S00253
BC	X00107	S00258
BC	X00107	S00260
BC	X00107	S00265
BC	X00107	S00275
BC	X00107	S00280
BC	X00107	S00285
BC	X00107	S00290
BC	X00107	S00419
BC	X00107	S00424
BC	X00107	S00429
BC	X00107	S00432
BC	X00108	S00175
BC	X00108	S00200
BC	X00108	S00312
BC	X00108	S00382
BC	X00108	S00452
BC	X00109	S00156
BC	X00109	S00208
BC	X00109	S00213
BC	X00109	S00218
BC	X00109	S00223
BC	X00109	S00228
BC	X00109	S00231
BC	X00109	S00237
BC	X00109	S00243
BC	X00109	S00249
BC	X00109	S00319
BC	X00109	S00321
BC	X00109	S00326
BC	X00109	S00331
BC	X00109	S00336
BC	X00109	S00347
BC	X00109	S00353
BC	X00109	S00359
BC	X00109	S00363
BC	X00109	S00390
BC	X00109	S00394
BC	X00109	S00399
BC	X00109	S00406
BC	X00109	S00411
BC	X00109	S00459
BC	X00110	S00162
BC	X00110	S00179
BC	X00110	S00187
BC	X00110	S00204
BC	X00110	S00297
BC	X00110	S00316
BC	X00110	S00369
BC	X00110	S00386
BC	X00110	S00438
BC	X00110	S00456
BC	X00111	S00164
BC	X00111	S00180
BC	X00111	S00189
BC	X00111	S00205
BC	X00111	S00301
BC	X00111	S00317
BC	X00111	S00371
BC	X00111	S00387
BC	X00111	S00441
BC	X00111	S00457
BC	X00112	S00253
BC	X00112	S00256
BC	X00112	S00258
BC	X00112	S00259
BC	X00112	S00260
BC	X00112	S00264
BC	X00112	S00265
BC	X00112	S00271
BC	X00112	S00273
BC	X00112	S00275
BC	X00112	S00278
BC	X00112	S00280
BC	X00112	S00283
BC	X00112	S00285
BC	X00112	S00288
BC	X00112	S00290
BC	X00112	S00413
BC	X00112	S00417
BC	X00112	S00419
BC	X00112	S00422
BC	X00112	S00424
BC	X00112	S00427
BC	X00112	S00429
BC	X00112	S00432
BC	X00113	S00174
BC	X00113	S00175
BC	X00113	S00199
BC	X00113	S00200
BC	X00113	S00311
BC	X00113	S00312
BC	X00113	S00381
BC	X00113	S00382
BC	X00113	S00451
BC	X00113	S00452
BC	X00114	S00155
BC	X00114	S00156
BC	X00114	S00207
BC	X00114	S00208
BC	X00114	S00212
BC	X00114	S00213
BC	X00114	S00217
BC	X00114	S00218
BC	X00114	S00221
BC	X00114	S00223
BC	X00114	S00227
BC	X00114	S00228
BC	X00114	S00231
BC	X00114	S00232
BC	X00114	S00237
BC	X00114	S00241
BC	X00114	S00243
BC	X00114	S00244
BC	X00114	S00249
BC	X00114	S00250
BC	X00114	S00293
BC	X00114	S00319
BC	X00114	S00320
BC	X00114	S00321
BC	X00114	S00325
BC	X00114	S00326
BC	X00114	S00329
BC	X00114	S00331
BC	X00114	S00335
BC	X00114	S00336
BC	X00114	S00345
BC	X00114	S00347
BC	X00114	S00348
BC	X00114	S00353
BC	X00114	S00357
BC	X00114	S00359
BC	X00114	S00361
BC	X00114	S00363
BC	X00114	S00388
BC	X00114	S00390
BC	X00114	S00392
BC	X00114	S00394
BC	X00114	S00398
BC	X00114	S00399
BC	X00114	S00402
BC	X00114	S00406
BC	X00114	S00410
BC	X00114	S00411
BC	X00114	S00458
BC	X00114	S00459
BC	X00115	S00164
BC	X00115	S00180
BC	X00115	S00189
BC	X00115	S00205
BC	X00115	S00301
BC	X00115	S00317
BC	X00115	S00371
BC	X00115	S00387
BC	X00115	S00441
BC	X00115	S00457
BC	X00116	S00253
BC	X00116	S00258
BC	X00116	S00260
BC	X00116	S00265
BC	X00116	S00275
BC	X00116	S00280
BC	X00116	S00285
BC	X00116	S00290
BC	X00116	S00419
BC	X00116	S00424
BC	X00116	S00429
BC	X00116	S00432
BC	X00117	S00175
BC	X00117	S00200
BC	X00117	S00312
BC	X00117	S00382
BC	X00117	S00452
BC	X00118	S00156
BC	X00118	S00208
BC	X00118	S00213
BC	X00118	S00218
BC	X00118	S00223
BC	X00118	S00228
BC	X00118	S00231
BC	X00118	S00237
BC	X00118	S00243
BC	X00118	S00249
BC	X00118	S00319
BC	X00118	S00321
BC	X00118	S00326
BC	X00118	S00331
BC	X00118	S00336
BC	X00118	S00347
BC	X00118	S00353
BC	X00118	S00359
BC	X00118	S00363
BC	X00118	S00390
BC	X00118	S00394
BC	X00118	S00399
BC	X00118	S00406
BC	X00118	S00411
BC	X00118	S00459
BC	X00119	S00156
BC	X00119	S00178
BC	X00119	S00203
BC	X00119	S00208
BC	X00119	S00213
BC	X00119	S00218
BC	X00119	S00223
BC	X00119	S00228
BC	X00119	S00315
BC	X00119	S00319
BC	X00119	S00321
BC	X00119	S00326
BC	X00119	S00331
BC	X00119	S00336
BC	X00119	S00385
BC	X00119	S00390
BC	X00119	S00394
BC	X00119	S00399
BC	X00119	S00406
BC	X00119	S00411
BC	X00119	S00455
BC	X00119	S00459
BC	X00120	S00155
BC	X00120	S00156
BC	X00120	S00177
BC	X00120	S00178
BC	X00120	S00201
BC	X00120	S00203
BC	X00120	S00207
BC	X00120	S00208
BC	X00120	S00212
BC	X00120	S00213
BC	X00120	S00217
BC	X00120	S00218
BC	X00120	S00221
BC	X00120	S00223
BC	X00120	S00227
BC	X00120	S00228
BC	X00120	S00293
BC	X00120	S00314
BC	X00120	S00315
BC	X00120	S00319
BC	X00120	S00320
BC	X00120	S00321
BC	X00120	S00325
BC	X00120	S00326
BC	X00120	S00329
BC	X00120	S00331
BC	X00120	S00335
BC	X00120	S00336
BC	X00120	S00384
BC	X00120	S00385
BC	X00120	S00388
BC	X00120	S00390
BC	X00120	S00392
BC	X00120	S00394
BC	X00120	S00398
BC	X00120	S00399
BC	X00120	S00402
BC	X00120	S00406
BC	X00120	S00410
BC	X00120	S00411
BC	X00120	S00454
BC	X00120	S00455
BC	X00120	S00458
BC	X00120	S00459
BC	X00121	S00161
BC	X00121	S00186
BC	X00121	S00299
BC	X00121	S00368
BC	X00121	S00437
BC	X00122	S00277
BC	X00122	S00279
BC	X00122	S00282
BC	X00122	S00284
BC	X00122	S00287
BC	X00122	S00289
BC	X00122	S00415
BC	X00122	S00418
BC	X00122	S00420
BC	X00122	S00423
BC	X00122	S00426
BC	X00122	S00428
BC	X00123	S00156
BC	X00123	S00178
BC	X00123	S00203
BC	X00123	S00208
BC	X00123	S00213
BC	X00123	S00218
BC	X00123	S00223
BC	X00123	S00228
BC	X00123	S00315
BC	X00123	S00319
BC	X00123	S00321
BC	X00123	S00326
BC	X00123	S00331
BC	X00123	S00336
BC	X00123	S00385
BC	X00123	S00390
BC	X00123	S00394
BC	X00123	S00399
BC	X00123	S00406
BC	X00123	S00411
BC	X00123	S00455
BC	X00123	S00459
BC	X00124	S00173
BC	X00124	S00198
BC	X00124	S00231
BC	X00124	S00237
BC	X00124	S00243
BC	X00124	S00249
BC	X00124	S00310
BC	X00124	S00347
BC	X00124	S00353
BC	X00124	S00359
BC	X00124	S00363
BC	X00124	S00380
BC	X00124	S00450
BC	X00125	S00163
BC	X00125	S00188
BC	X00125	S00300
BC	X00125	S00370
BC	X00125	S00440
BC	X00126	S00274
BC	X00126	S00414
BC	X00127	S00279
BC	X00127	S00284
BC	X00127	S00289
BC	X00127	S00418
BC	X00127	S00423
BC	X00127	S00428
BC	X00128	S00257
BC	X00128	S00263
BC	X00128	S00268
BC	X00128	S00272
BC	X00129	S00210
BC	X00129	S00215
BC	X00129	S00220
BC	X00129	S00225
BC	X00129	S00323
BC	X00129	S00328
BC	X00129	S00333
BC	X00129	S00338
BC	X00129	S00391
BC	X00129	S00396
BC	X00129	S00401
BC	X00129	S00408
BC	X00130	S00163
BC	X00130	S00188
BC	X00130	S00300
BC	X00130	S00370
BC	X00130	S00440
BC	X00131	S00274
BC	X00131	S00414
BC	X00132	S00279
BC	X00132	S00284
BC	X00132	S00289
BC	X00132	S00418
BC	X00132	S00423
BC	X00132	S00428
BC	X00133	S00257
BC	X00133	S00263
BC	X00133	S00268
BC	X00133	S00272
BC	X00134	S00156
BC	X00134	S00173
BC	X00134	S00178
BC	X00134	S00198
BC	X00134	S00203
BC	X00134	S00208
BC	X00134	S00231
BC	X00134	S00237
BC	X00134	S00243
BC	X00134	S00249
BC	X00134	S00310
BC	X00134	S00315
BC	X00134	S00319
BC	X00134	S00347
BC	X00134	S00353
BC	X00134	S00359
BC	X00134	S00363
BC	X00134	S00380
BC	X00134	S00385
BC	X00134	S00390
BC	X00134	S00450
BC	X00134	S00455
BC	X00134	S00459
BC	X00135	S00209
BC	X00135	S00210
BC	X00135	S00214
BC	X00135	S00215
BC	X00135	S00219
BC	X00135	S00220
BC	X00135	S00224
BC	X00135	S00225
BC	X00135	S00322
BC	X00135	S00323
BC	X00135	S00327
BC	X00135	S00328
BC	X00135	S00332
BC	X00135	S00333
BC	X00135	S00337
BC	X00135	S00338
BC	X00135	S00391
BC	X00135	S00395
BC	X00135	S00396
BC	X00135	S00400
BC	X00135	S00401
BC	X00135	S00407
BC	X00135	S00408
BC	X00135	S00412
BC	X00136	S00155
BC	X00136	S00156
BC	X00136	S00172
BC	X00136	S00173
BC	X00136	S00177
BC	X00136	S00178
BC	X00136	S00196
BC	X00136	S00198
BC	X00136	S00201
BC	X00136	S00203
BC	X00136	S00207
BC	X00136	S00208
BC	X00136	S00231
BC	X00136	S00232
BC	X00136	S00237
BC	X00136	S00241
BC	X00136	S00243
BC	X00136	S00244
BC	X00136	S00249
BC	X00136	S00250
BC	X00136	S00293
BC	X00136	S00308
BC	X00136	S00310
BC	X00136	S00314
BC	X00136	S00315
BC	X00136	S00319
BC	X00136	S00345
BC	X00136	S00347
BC	X00136	S00348
BC	X00136	S00353
BC	X00136	S00357
BC	X00136	S00359
BC	X00136	S00361
BC	X00136	S00363
BC	X00136	S00379
BC	X00136	S00380
BC	X00136	S00384
BC	X00136	S00385
BC	X00136	S00388
BC	X00136	S00390
BC	X00136	S00448
BC	X00136	S00450
BC	X00136	S00454
BC	X00136	S00455
BC	X00136	S00458
BC	X00136	S00459
BC	X00137	S00210
BC	X00137	S00215
BC	X00137	S00220
BC	X00137	S00225
BC	X00137	S00323
BC	X00137	S00328
BC	X00137	S00333
BC	X00137	S00338
BC	X00137	S00391
BC	X00137	S00396
BC	X00137	S00401
BC	X00137	S00408
BC	X00138	S00156
BC	X00138	S00173
BC	X00138	S00178
BC	X00138	S00198
BC	X00138	S00203
BC	X00138	S00208
BC	X00138	S00231
BC	X00138	S00237
BC	X00138	S00243
BC	X00138	S00249
BC	X00138	S00310
BC	X00138	S00315
BC	X00138	S00319
BC	X00138	S00347
BC	X00138	S00353
BC	X00138	S00359
BC	X00138	S00363
BC	X00138	S00380
BC	X00138	S00385
BC	X00138	S00390
BC	X00138	S00450
BC	X00138	S00455
BC	X00138	S00459
BC	X00139	S00162
BC	X00139	S00164
BC	X00139	S00179
BC	X00139	S00180
BC	X00139	S00187
BC	X00139	S00189
BC	X00139	S00204
BC	X00139	S00205
BC	X00139	S00297
BC	X00139	S00301
BC	X00139	S00316
BC	X00139	S00317
BC	X00139	S00369
BC	X00139	S00371
BC	X00139	S00386
BC	X00139	S00387
BC	X00139	S00438
BC	X00139	S00441
BC	X00139	S00456
BC	X00139	S00457
BC	X00140	S00164
BC	X00140	S00180
BC	X00140	S00189
BC	X00140	S00205
BC	X00140	S00301
BC	X00140	S00317
BC	X00140	S00371
BC	X00140	S00387
BC	X00140	S00441
BC	X00140	S00457
BC	X00141	S00253
BC	X00141	S00258
BC	X00141	S00260
BC	X00141	S00265
BC	X00141	S00275
BC	X00141	S00280
BC	X00141	S00285
BC	X00141	S00290
BC	X00141	S00419
BC	X00141	S00424
BC	X00141	S00429
BC	X00141	S00432
BC	X00142	S00175
BC	X00142	S00200
BC	X00142	S00312
BC	X00142	S00382
BC	X00142	S00452
BC	X00143	S00156
BC	X00143	S00208
BC	X00143	S00213
BC	X00143	S00218
BC	X00143	S00223
BC	X00143	S00228
BC	X00143	S00231
BC	X00143	S00237
BC	X00143	S00243
BC	X00143	S00249
BC	X00143	S00319
BC	X00143	S00321
BC	X00143	S00326
BC	X00143	S00331
BC	X00143	S00336
BC	X00143	S00347
BC	X00143	S00353
BC	X00143	S00359
BC	X00143	S00363
BC	X00143	S00390
BC	X00143	S00394
BC	X00143	S00399
BC	X00143	S00406
BC	X00143	S00411
BC	X00143	S00459
BC	X00144	S00162
BC	X00144	S00179
BC	X00144	S00187
BC	X00144	S00204
BC	X00144	S00297
BC	X00144	S00316
BC	X00144	S00369
BC	X00144	S00386
BC	X00144	S00438
BC	X00144	S00456
BC	X00145	S00253
BC	X00145	S00256
BC	X00145	S00258
BC	X00145	S00259
BC	X00145	S00260
BC	X00145	S00264
BC	X00145	S00265
BC	X00145	S00271
BC	X00145	S00273
BC	X00145	S00275
BC	X00145	S00278
BC	X00145	S00280
BC	X00145	S00283
BC	X00145	S00285
BC	X00145	S00288
BC	X00145	S00290
BC	X00145	S00413
BC	X00145	S00417
BC	X00145	S00419
BC	X00145	S00422
BC	X00145	S00424
BC	X00145	S00427
BC	X00145	S00429
BC	X00145	S00432
BC	X00146	S00155
BC	X00146	S00156
BC	X00146	S00207
BC	X00146	S00208
BC	X00146	S00212
BC	X00146	S00213
BC	X00146	S00217
BC	X00146	S00218
BC	X00146	S00221
BC	X00146	S00223
BC	X00146	S00227
BC	X00146	S00228
BC	X00146	S00231
BC	X00146	S00232
BC	X00146	S00237
BC	X00146	S00241
BC	X00146	S00243
BC	X00146	S00244
BC	X00146	S00249
BC	X00146	S00250
BC	X00146	S00293
BC	X00146	S00319
BC	X00146	S00320
BC	X00146	S00321
BC	X00146	S00325
BC	X00146	S00326
BC	X00146	S00329
BC	X00146	S00331
BC	X00146	S00335
BC	X00146	S00336
BC	X00146	S00345
BC	X00146	S00347
BC	X00146	S00348
BC	X00146	S00353
BC	X00146	S00357
BC	X00146	S00359
BC	X00146	S00361
BC	X00146	S00363
BC	X00146	S00388
BC	X00146	S00390
BC	X00146	S00392
BC	X00146	S00394
BC	X00146	S00398
BC	X00146	S00399
BC	X00146	S00402
BC	X00146	S00406
BC	X00146	S00410
BC	X00146	S00411
BC	X00146	S00458
BC	X00146	S00459
BC	X00147	S00164
BC	X00147	S00180
BC	X00147	S00189
BC	X00147	S00205
BC	X00147	S00301
BC	X00147	S00317
BC	X00147	S00371
BC	X00147	S00387
BC	X00147	S00441
BC	X00147	S00457
BC	X00148	S00253
BC	X00148	S00258
BC	X00148	S00260
BC	X00148	S00265
BC	X00148	S00275
BC	X00148	S00280
BC	X00148	S00285
BC	X00148	S00290
BC	X00148	S00419
BC	X00148	S00424
BC	X00148	S00429
BC	X00148	S00432
BC	X00149	S00175
BC	X00149	S00200
BC	X00149	S00312
BC	X00149	S00382
BC	X00149	S00452
BC	X00150	S00156
BC	X00150	S00208
BC	X00150	S00213
BC	X00150	S00218
BC	X00150	S00223
BC	X00150	S00228
BC	X00150	S00231
BC	X00150	S00237
BC	X00150	S00243
BC	X00150	S00249
BC	X00150	S00319
BC	X00150	S00321
BC	X00150	S00326
BC	X00150	S00331
BC	X00150	S00336
BC	X00150	S00347
BC	X00150	S00353
BC	X00150	S00359
BC	X00150	S00363
BC	X00150	S00390
BC	X00150	S00394
BC	X00150	S00399
BC	X00150	S00406
BC	X00150	S00411
BC	X00150	S00459
BC	X00151	S00173
BC	X00151	S00198
BC	X00151	S00231
BC	X00151	S00237
BC	X00151	S00243
BC	X00151	S00249
BC	X00151	S00310
BC	X00151	S00347
BC	X00151	S00353
BC	X00151	S00359
BC	X00151	S00363
BC	X00151	S00380
BC	X00151	S00450
BC	X00152	S00156
BC	X00152	S00208
BC	X00152	S00213
BC	X00152	S00218
BC	X00152	S00223
BC	X00152	S00228
BC	X00152	S00257
BC	X00152	S00263
BC	X00152	S00268
BC	X00152	S00272
BC	X00152	S00274
BC	X00152	S00279
BC	X00152	S00284
BC	X00152	S00289
BC	X00152	S00319
BC	X00152	S00321
BC	X00152	S00326
BC	X00152	S00331
BC	X00152	S00336
BC	X00152	S00390
BC	X00152	S00394
BC	X00152	S00399
BC	X00152	S00406
BC	X00152	S00411
BC	X00152	S00414
BC	X00152	S00418
BC	X00152	S00423
BC	X00152	S00428
BC	X00152	S00459
BC	X00153	S00161
BC	X00153	S00177
BC	X00153	S00186
BC	X00153	S00201
BC	X00153	S00299
BC	X00153	S00314
BC	X00153	S00368
BC	X00153	S00384
BC	X00153	S00437
BC	X00153	S00454
BC	X00154	S00163
BC	X00154	S00178
BC	X00154	S00188
BC	X00154	S00203
BC	X00154	S00300
BC	X00154	S00315
BC	X00154	S00370
BC	X00154	S00385
BC	X00154	S00440
BC	X00154	S00455
BC	X00155	S00172
BC	X00155	S00173
BC	X00155	S00196
BC	X00155	S00198
BC	X00155	S00231
BC	X00155	S00232
BC	X00155	S00237
BC	X00155	S00241
BC	X00155	S00243
BC	X00155	S00244
BC	X00155	S00249
BC	X00155	S00250
BC	X00155	S00308
BC	X00155	S00310
BC	X00155	S00345
BC	X00155	S00347
BC	X00155	S00348
BC	X00155	S00353
BC	X00155	S00357
BC	X00155	S00359
BC	X00155	S00361
BC	X00155	S00363
BC	X00155	S00379
BC	X00155	S00380
BC	X00155	S00448
BC	X00155	S00450
BC	X00156	S00155
BC	X00156	S00156
BC	X00156	S00207
BC	X00156	S00208
BC	X00156	S00212
BC	X00156	S00213
BC	X00156	S00217
BC	X00156	S00218
BC	X00156	S00221
BC	X00156	S00223
BC	X00156	S00227
BC	X00156	S00228
BC	X00156	S00255
BC	X00156	S00257
BC	X00156	S00262
BC	X00156	S00263
BC	X00156	S00266
BC	X00156	S00268
BC	X00156	S00269
BC	X00156	S00272
BC	X00156	S00274
BC	X00156	S00277
BC	X00156	S00279
BC	X00156	S00282
BC	X00156	S00284
BC	X00156	S00287
BC	X00156	S00289
BC	X00156	S00292
BC	X00156	S00293
BC	X00156	S00319
BC	X00156	S00320
BC	X00156	S00321
BC	X00156	S00325
BC	X00156	S00326
BC	X00156	S00329
BC	X00156	S00331
BC	X00156	S00335
BC	X00156	S00336
BC	X00156	S00388
BC	X00156	S00390
BC	X00156	S00392
BC	X00156	S00394
BC	X00156	S00398
BC	X00156	S00399
BC	X00156	S00402
BC	X00156	S00406
BC	X00156	S00410
BC	X00156	S00411
BC	X00156	S00414
BC	X00156	S00415
BC	X00156	S00418
BC	X00156	S00420
BC	X00156	S00423
BC	X00156	S00426
BC	X00156	S00428
BC	X00156	S00431
BC	X00156	S00458
BC	X00156	S00459
BC	X00157	S00161
BC	X00157	S00177
BC	X00157	S00186
BC	X00157	S00201
BC	X00157	S00299
BC	X00157	S00314
BC	X00157	S00368
BC	X00157	S00384
BC	X00157	S00437
BC	X00157	S00454
BC	X00158	S00163
BC	X00158	S00178
BC	X00158	S00188
BC	X00158	S00203
BC	X00158	S00300
BC	X00158	S00315
BC	X00158	S00370
BC	X00158	S00385
BC	X00158	S00440
BC	X00158	S00455
BC	X00159	S00172
BC	X00159	S00173
BC	X00159	S00196
BC	X00159	S00198
BC	X00159	S00231
BC	X00159	S00232
BC	X00159	S00237
BC	X00159	S00241
BC	X00159	S00243
BC	X00159	S00244
BC	X00159	S00249
BC	X00159	S00250
BC	X00159	S00308
BC	X00159	S00310
BC	X00159	S00345
BC	X00159	S00347
BC	X00159	S00348
BC	X00159	S00353
BC	X00159	S00357
BC	X00159	S00359
BC	X00159	S00361
BC	X00159	S00363
BC	X00159	S00379
BC	X00159	S00380
BC	X00159	S00448
BC	X00159	S00450
BC	X00160	S00155
BC	X00160	S00156
BC	X00160	S00207
BC	X00160	S00208
BC	X00160	S00212
BC	X00160	S00213
BC	X00160	S00217
BC	X00160	S00218
BC	X00160	S00221
BC	X00160	S00223
BC	X00160	S00227
BC	X00160	S00228
BC	X00160	S00255
BC	X00160	S00257
BC	X00160	S00262
BC	X00160	S00263
BC	X00160	S00266
BC	X00160	S00268
BC	X00160	S00269
BC	X00160	S00272
BC	X00160	S00274
BC	X00160	S00277
BC	X00160	S00279
BC	X00160	S00282
BC	X00160	S00284
BC	X00160	S00287
BC	X00160	S00289
BC	X00160	S00292
BC	X00160	S00293
BC	X00160	S00319
BC	X00160	S00320
BC	X00160	S00321
BC	X00160	S00325
BC	X00160	S00326
BC	X00160	S00329
BC	X00160	S00331
BC	X00160	S00335
BC	X00160	S00336
BC	X00160	S00388
BC	X00160	S00390
BC	X00160	S00392
BC	X00160	S00394
BC	X00160	S00398
BC	X00160	S00399
BC	X00160	S00402
BC	X00160	S00406
BC	X00160	S00410
BC	X00160	S00411
BC	X00160	S00414
BC	X00160	S00415
BC	X00160	S00418
BC	X00160	S00420
BC	X00160	S00423
BC	X00160	S00426
BC	X00160	S00428
BC	X00160	S00431
BC	X00160	S00458
BC	X00160	S00459
BC	X00161	S00157
BC	X00161	S00159
BC	X00161	S00177
BC	X00161	S00178
BC	X00161	S00182
BC	X00161	S00184
BC	X00161	S00201
BC	X00161	S00203
BC	X00161	S00294
BC	X00161	S00296
BC	X00161	S00314
BC	X00161	S00315
BC	X00161	S00365
BC	X00161	S00366
BC	X00161	S00384
BC	X00161	S00385
BC	X00161	S00434
BC	X00161	S00436
BC	X00161	S00454
BC	X00161	S00455
BC	X00162	S00255
BC	X00162	S00257
BC	X00162	S00262
BC	X00162	S00263
BC	X00162	S00266
BC	X00162	S00268
BC	X00162	S00277
BC	X00162	S00279
BC	X00162	S00282
BC	X00162	S00284
BC	X00162	S00287
BC	X00162	S00289
BC	X00162	S00415
BC	X00162	S00418
BC	X00162	S00420
BC	X00162	S00423
BC	X00162	S00426
BC	X00162	S00428
BC	X00163	S00165
BC	X00163	S00167
BC	X00163	S00190
BC	X00163	S00192
BC	X00163	S00303
BC	X00163	S00304
BC	X00163	S00373
BC	X00163	S00374
BC	X00163	S00443
BC	X00163	S00444
BC	X00164	S00155
BC	X00164	S00156
BC	X00164	S00207
BC	X00164	S00208
BC	X00164	S00212
BC	X00164	S00213
BC	X00164	S00217
BC	X00164	S00218
BC	X00164	S00221
BC	X00164	S00223
BC	X00164	S00227
BC	X00164	S00228
BC	X00164	S00231
BC	X00164	S00232
BC	X00164	S00237
BC	X00164	S00241
BC	X00164	S00243
BC	X00164	S00244
BC	X00164	S00249
BC	X00164	S00250
BC	X00164	S00269
BC	X00164	S00272
BC	X00164	S00274
BC	X00164	S00292
BC	X00164	S00293
BC	X00164	S00319
BC	X00164	S00320
BC	X00164	S00321
BC	X00164	S00325
BC	X00164	S00326
BC	X00164	S00329
BC	X00164	S00331
BC	X00164	S00335
BC	X00164	S00336
BC	X00164	S00345
BC	X00164	S00347
BC	X00164	S00348
BC	X00164	S00353
BC	X00164	S00357
BC	X00164	S00359
BC	X00164	S00361
BC	X00164	S00363
BC	X00164	S00388
BC	X00164	S00390
BC	X00164	S00392
BC	X00164	S00394
BC	X00164	S00398
BC	X00164	S00399
BC	X00164	S00402
BC	X00164	S00406
BC	X00164	S00410
BC	X00164	S00411
BC	X00164	S00414
BC	X00164	S00431
BC	X00164	S00458
BC	X00164	S00459
BC	X00165	S00159
BC	X00165	S00178
BC	X00165	S00184
BC	X00165	S00203
BC	X00165	S00296
BC	X00165	S00315
BC	X00165	S00366
BC	X00165	S00385
BC	X00165	S00436
BC	X00165	S00455
BC	X00166	S00167
BC	X00166	S00192
BC	X00166	S00304
BC	X00166	S00374
BC	X00166	S00444
BC	X00167	S00156
BC	X00167	S00208
BC	X00167	S00213
BC	X00167	S00218
BC	X00167	S00223
BC	X00167	S00228
BC	X00167	S00231
BC	X00167	S00237
BC	X00167	S00243
BC	X00167	S00249
BC	X00167	S00272
BC	X00167	S00274
BC	X00167	S00319
BC	X00167	S00321
BC	X00167	S00326
BC	X00167	S00331
BC	X00167	S00336
BC	X00167	S00347
BC	X00167	S00353
BC	X00167	S00359
BC	X00167	S00363
BC	X00167	S00390
BC	X00167	S00394
BC	X00167	S00399
BC	X00167	S00406
BC	X00167	S00411
BC	X00167	S00414
BC	X00167	S00459
BC	X00168	S00157
BC	X00168	S00158
BC	X00168	S00159
BC	X00168	S00176
BC	X00168	S00177
BC	X00168	S00178
BC	X00168	S00182
BC	X00168	S00183
BC	X00168	S00184
BC	X00168	S00201
BC	X00168	S00202
BC	X00168	S00203
BC	X00168	S00294
BC	X00168	S00295
BC	X00168	S00296
BC	X00168	S00313
BC	X00168	S00314
BC	X00168	S00315
BC	X00168	S00364
BC	X00168	S00365
BC	X00168	S00366
BC	X00168	S00383
BC	X00168	S00384
BC	X00168	S00385
BC	X00168	S00434
BC	X00168	S00435
BC	X00168	S00436
BC	X00168	S00453
BC	X00168	S00454
BC	X00168	S00455
BC	X00169	S00254
BC	X00169	S00255
BC	X00169	S00257
BC	X00169	S00261
BC	X00169	S00262
BC	X00169	S00263
BC	X00169	S00266
BC	X00169	S00267
BC	X00169	S00268
BC	X00169	S00276
BC	X00169	S00277
BC	X00169	S00279
BC	X00169	S00281
BC	X00169	S00282
BC	X00169	S00284
BC	X00169	S00286
BC	X00169	S00287
BC	X00169	S00289
BC	X00169	S00415
BC	X00169	S00416
BC	X00169	S00418
BC	X00169	S00420
BC	X00169	S00421
BC	X00169	S00423
BC	X00169	S00425
BC	X00169	S00426
BC	X00169	S00428
BC	X00170	S00165
BC	X00170	S00166
BC	X00170	S00167
BC	X00170	S00190
BC	X00170	S00191
BC	X00170	S00192
BC	X00170	S00302
BC	X00170	S00303
BC	X00170	S00304
BC	X00170	S00372
BC	X00170	S00373
BC	X00170	S00374
BC	X00170	S00442
BC	X00170	S00443
BC	X00170	S00444
BC	X00171	S00155
BC	X00171	S00156
BC	X00171	S00181
BC	X00171	S00206
BC	X00171	S00207
BC	X00171	S00208
BC	X00171	S00211
BC	X00171	S00212
BC	X00171	S00213
BC	X00171	S00216
BC	X00171	S00217
BC	X00171	S00218
BC	X00171	S00221
BC	X00171	S00222
BC	X00171	S00223
BC	X00171	S00226
BC	X00171	S00227
BC	X00171	S00228
BC	X00171	S00229
BC	X00171	S00231
BC	X00171	S00232
BC	X00171	S00234
BC	X00171	S00237
BC	X00171	S00239
BC	X00171	S00241
BC	X00171	S00243
BC	X00171	S00244
BC	X00171	S00246
BC	X00171	S00249
BC	X00171	S00250
BC	X00171	S00269
BC	X00171	S00270
BC	X00171	S00272
BC	X00171	S00274
BC	X00171	S00291
BC	X00171	S00292
BC	X00171	S00293
BC	X00171	S00318
BC	X00171	S00319
BC	X00171	S00320
BC	X00171	S00321
BC	X00171	S00324
BC	X00171	S00325
BC	X00171	S00326
BC	X00171	S00329
BC	X00171	S00330
BC	X00171	S00331
BC	X00171	S00334
BC	X00171	S00335
BC	X00171	S00336
BC	X00171	S00339
BC	X00171	S00342
BC	X00171	S00345
BC	X00171	S00347
BC	X00171	S00348
BC	X00171	S00350
BC	X00171	S00353
BC	X00171	S00355
BC	X00171	S00357
BC	X00171	S00359
BC	X00171	S00360
BC	X00171	S00361
BC	X00171	S00363
BC	X00171	S00388
BC	X00171	S00389
BC	X00171	S00390
BC	X00171	S00392
BC	X00171	S00393
BC	X00171	S00394
BC	X00171	S00397
BC	X00171	S00398
BC	X00171	S00399
BC	X00171	S00402
BC	X00171	S00403
BC	X00171	S00406
BC	X00171	S00409
BC	X00171	S00410
BC	X00171	S00411
BC	X00171	S00414
BC	X00171	S00430
BC	X00171	S00431
BC	X00171	S00433
BC	X00171	S00458
BC	X00171	S00459
BC	X00172	S00159
BC	X00172	S00178
BC	X00172	S00184
BC	X00172	S00203
BC	X00172	S00296
BC	X00172	S00315
BC	X00172	S00366
BC	X00172	S00385
BC	X00172	S00436
BC	X00172	S00455
BC	X00173	S00257
BC	X00173	S00263
BC	X00173	S00268
BC	X00173	S00279
BC	X00173	S00284
BC	X00173	S00289
BC	X00173	S00418
BC	X00173	S00423
BC	X00173	S00428
BC	X00174	S00167
BC	X00174	S00192
BC	X00174	S00304
BC	X00174	S00374
BC	X00174	S00444
BC	X00175	S00156
BC	X00175	S00208
BC	X00175	S00213
BC	X00175	S00218
BC	X00175	S00223
BC	X00175	S00228
BC	X00175	S00231
BC	X00175	S00237
BC	X00175	S00243
BC	X00175	S00249
BC	X00175	S00272
BC	X00175	S00274
BC	X00175	S00319
BC	X00175	S00321
BC	X00175	S00326
BC	X00175	S00331
BC	X00175	S00336
BC	X00175	S00347
BC	X00175	S00353
BC	X00175	S00359
BC	X00175	S00363
BC	X00175	S00390
BC	X00175	S00394
BC	X00175	S00399
BC	X00175	S00406
BC	X00175	S00411
BC	X00175	S00414
BC	X00175	S00459
BC	X00176	S00255
BC	X00176	S00257
BC	X00176	S00262
BC	X00176	S00263
BC	X00176	S00266
BC	X00176	S00268
BC	X00176	S00277
BC	X00176	S00279
BC	X00176	S00282
BC	X00176	S00284
BC	X00176	S00287
BC	X00176	S00289
BC	X00176	S00415
BC	X00176	S00418
BC	X00176	S00420
BC	X00176	S00423
BC	X00176	S00426
BC	X00176	S00428
BC	X00177	S00257
BC	X00177	S00263
BC	X00177	S00268
BC	X00178	S00156
BC	X00178	S00163
BC	X00178	S00173
BC	X00178	S00178
BC	X00178	S00188
BC	X00178	S00198
BC	X00178	S00203
BC	X00178	S00208
BC	X00178	S00213
BC	X00178	S00218
BC	X00178	S00223
BC	X00178	S00228
BC	X00178	S00231
BC	X00178	S00237
BC	X00178	S00243
BC	X00178	S00249
BC	X00178	S00272
BC	X00178	S00274
BC	X00178	S00279
BC	X00178	S00284
BC	X00178	S00289
BC	X00178	S00300
BC	X00178	S00310
BC	X00178	S00315
BC	X00178	S00319
BC	X00178	S00321
BC	X00178	S00326
BC	X00178	S00331
BC	X00178	S00336
BC	X00178	S00347
BC	X00178	S00353
BC	X00178	S00359
BC	X00178	S00363
BC	X00178	S00370
BC	X00178	S00380
BC	X00178	S00385
BC	X00178	S00390
BC	X00178	S00394
BC	X00178	S00399
BC	X00178	S00406
BC	X00178	S00411
BC	X00178	S00414
BC	X00178	S00418
BC	X00178	S00423
BC	X00178	S00428
BC	X00178	S00440
BC	X00178	S00450
BC	X00178	S00455
BC	X00178	S00459
BC	X00179	S00255
BC	X00179	S00257
BC	X00179	S00262
BC	X00179	S00263
BC	X00179	S00266
BC	X00179	S00268
BC	X00180	S00155
BC	X00180	S00156
BC	X00180	S00161
BC	X00180	S00163
BC	X00180	S00172
BC	X00180	S00173
BC	X00180	S00177
BC	X00180	S00178
BC	X00180	S00186
BC	X00180	S00188
BC	X00180	S00196
BC	X00180	S00198
BC	X00180	S00201
BC	X00180	S00203
BC	X00180	S00207
BC	X00180	S00208
BC	X00180	S00212
BC	X00180	S00213
BC	X00180	S00217
BC	X00180	S00218
BC	X00180	S00221
BC	X00180	S00223
BC	X00180	S00227
BC	X00180	S00228
BC	X00180	S00231
BC	X00180	S00232
BC	X00180	S00237
BC	X00180	S00241
BC	X00180	S00243
BC	X00180	S00244
BC	X00180	S00249
BC	X00180	S00250
BC	X00180	S00269
BC	X00180	S00272
BC	X00180	S00274
BC	X00180	S00277
BC	X00180	S00279
BC	X00180	S00282
BC	X00180	S00284
BC	X00180	S00287
BC	X00180	S00289
BC	X00180	S00292
BC	X00180	S00293
BC	X00180	S00299
BC	X00180	S00300
BC	X00180	S00308
BC	X00180	S00310
BC	X00180	S00314
BC	X00180	S00315
BC	X00180	S00319
BC	X00180	S00320
BC	X00180	S00321
BC	X00180	S00325
BC	X00180	S00326
BC	X00180	S00329
BC	X00180	S00331
BC	X00180	S00335
BC	X00180	S00336
BC	X00180	S00345
BC	X00180	S00347
BC	X00180	S00348
BC	X00180	S00353
BC	X00180	S00357
BC	X00180	S00359
BC	X00180	S00361
BC	X00180	S00363
BC	X00180	S00368
BC	X00180	S00370
BC	X00180	S00379
BC	X00180	S00380
BC	X00180	S00384
BC	X00180	S00385
BC	X00180	S00388
BC	X00180	S00390
BC	X00180	S00392
BC	X00180	S00394
BC	X00180	S00398
BC	X00180	S00399
BC	X00180	S00402
BC	X00180	S00406
BC	X00180	S00410
BC	X00180	S00411
BC	X00180	S00414
BC	X00180	S00415
BC	X00180	S00418
BC	X00180	S00420
BC	X00180	S00423
BC	X00180	S00426
BC	X00180	S00428
BC	X00180	S00431
BC	X00180	S00437
BC	X00180	S00440
BC	X00180	S00448
BC	X00180	S00450
BC	X00180	S00454
BC	X00180	S00455
BC	X00180	S00458
BC	X00180	S00459
BC	X00181	S00155
BC	X00181	S00156
BC	X00181	S00177
BC	X00181	S00178
BC	X00181	S00201
BC	X00181	S00203
BC	X00181	S00207
BC	X00181	S00208
BC	X00181	S00212
BC	X00181	S00213
BC	X00181	S00217
BC	X00181	S00218
BC	X00181	S00221
BC	X00181	S00223
BC	X00181	S00227
BC	X00181	S00228
BC	X00181	S00277
BC	X00181	S00279
BC	X00181	S00282
BC	X00181	S00284
BC	X00181	S00287
BC	X00181	S00289
BC	X00181	S00293
BC	X00181	S00314
BC	X00181	S00315
BC	X00181	S00319
BC	X00181	S00320
BC	X00181	S00321
BC	X00181	S00325
BC	X00181	S00326
BC	X00181	S00329
BC	X00181	S00331
BC	X00181	S00335
BC	X00181	S00336
BC	X00181	S00384
BC	X00181	S00385
BC	X00181	S00388
BC	X00181	S00390
BC	X00181	S00392
BC	X00181	S00394
BC	X00181	S00398
BC	X00181	S00399
BC	X00181	S00402
BC	X00181	S00406
BC	X00181	S00410
BC	X00181	S00411
BC	X00181	S00415
BC	X00181	S00418
BC	X00181	S00420
BC	X00181	S00423
BC	X00181	S00426
BC	X00181	S00428
BC	X00181	S00454
BC	X00181	S00455
BC	X00181	S00458
BC	X00181	S00459
BC	X00182	S00161
BC	X00182	S00163
BC	X00182	S00186
BC	X00182	S00188
BC	X00182	S00299
BC	X00182	S00300
BC	X00182	S00368
BC	X00182	S00370
BC	X00182	S00437
BC	X00182	S00440
BC	X00183	S00274
BC	X00183	S00292
BC	X00183	S00414
BC	X00183	S00431
BC	X00184	S00255
BC	X00184	S00257
BC	X00184	S00262
BC	X00184	S00263
BC	X00184	S00266
BC	X00184	S00268
BC	X00184	S00269
BC	X00184	S00272
BC	X00185	S00162
BC	X00185	S00164
BC	X00185	S00177
BC	X00185	S00178
BC	X00185	S00187
BC	X00185	S00189
BC	X00185	S00201
BC	X00185	S00203
BC	X00185	S00297
BC	X00185	S00301
BC	X00185	S00314
BC	X00185	S00315
BC	X00185	S00369
BC	X00185	S00371
BC	X00185	S00384
BC	X00185	S00385
BC	X00185	S00438
BC	X00185	S00441
BC	X00185	S00454
BC	X00185	S00455
BC	X00186	S00174
BC	X00186	S00175
BC	X00186	S00199
BC	X00186	S00200
BC	X00186	S00311
BC	X00186	S00312
BC	X00186	S00381
BC	X00186	S00382
BC	X00186	S00451
BC	X00186	S00452
BC	X00187	S00155
BC	X00187	S00156
BC	X00187	S00207
BC	X00187	S00208
BC	X00187	S00212
BC	X00187	S00213
BC	X00187	S00217
BC	X00187	S00218
BC	X00187	S00221
BC	X00187	S00223
BC	X00187	S00227
BC	X00187	S00228
BC	X00187	S00231
BC	X00187	S00232
BC	X00187	S00237
BC	X00187	S00241
BC	X00187	S00243
BC	X00187	S00244
BC	X00187	S00249
BC	X00187	S00250
BC	X00187	S00269
BC	X00187	S00272
BC	X00187	S00274
BC	X00187	S00292
BC	X00187	S00293
BC	X00187	S00319
BC	X00187	S00320
BC	X00187	S00321
BC	X00187	S00325
BC	X00187	S00326
BC	X00187	S00329
BC	X00187	S00331
BC	X00187	S00335
BC	X00187	S00336
BC	X00187	S00345
BC	X00187	S00347
BC	X00187	S00348
BC	X00187	S00353
BC	X00187	S00357
BC	X00187	S00359
BC	X00187	S00361
BC	X00187	S00363
BC	X00187	S00388
BC	X00187	S00390
BC	X00187	S00392
BC	X00187	S00394
BC	X00187	S00398
BC	X00187	S00399
BC	X00187	S00404
BC	X00187	S00405
BC	X00187	S00410
BC	X00187	S00411
BC	X00187	S00414
BC	X00187	S00431
BC	X00187	S00458
BC	X00187	S00459
BC	X00188	S00164
BC	X00188	S00178
BC	X00188	S00189
BC	X00188	S00203
BC	X00188	S00301
BC	X00188	S00315
BC	X00188	S00371
BC	X00188	S00385
BC	X00188	S00441
BC	X00188	S00455
BC	X00189	S00257
BC	X00189	S00263
BC	X00189	S00268
BC	X00189	S00279
BC	X00189	S00284
BC	X00189	S00289
BC	X00189	S00418
BC	X00189	S00423
BC	X00189	S00428
BC	X00190	S00156
BC	X00190	S00208
BC	X00190	S00213
BC	X00190	S00218
BC	X00190	S00223
BC	X00190	S00228
BC	X00190	S00231
BC	X00190	S00237
BC	X00190	S00243
BC	X00190	S00249
BC	X00190	S00272
BC	X00190	S00274
BC	X00190	S00319
BC	X00190	S00321
BC	X00190	S00326
BC	X00190	S00331
BC	X00190	S00336
BC	X00190	S00347
BC	X00190	S00353
BC	X00190	S00359
BC	X00190	S00363
BC	X00190	S00390
BC	X00190	S00394
BC	X00190	S00399
BC	X00190	S00405
BC	X00190	S00411
BC	X00190	S00414
BC	X00190	S00459
BC	X00191	S00162
BC	X00191	S00164
BC	X00191	S00177
BC	X00191	S00178
BC	X00191	S00187
BC	X00191	S00189
BC	X00191	S00201
BC	X00191	S00203
BC	X00191	S00297
BC	X00191	S00301
BC	X00191	S00314
BC	X00191	S00315
BC	X00191	S00369
BC	X00191	S00371
BC	X00191	S00384
BC	X00191	S00385
BC	X00191	S00438
BC	X00191	S00441
BC	X00191	S00454
BC	X00191	S00455
BC	X00192	S00255
BC	X00192	S00257
BC	X00192	S00262
BC	X00192	S00263
BC	X00192	S00266
BC	X00192	S00268
BC	X00192	S00277
BC	X00192	S00279
BC	X00192	S00282
BC	X00192	S00284
BC	X00192	S00287
BC	X00192	S00289
BC	X00192	S00415
BC	X00192	S00418
BC	X00192	S00420
BC	X00192	S00423
BC	X00192	S00426
BC	X00192	S00428
BC	X00193	S00155
BC	X00193	S00156
BC	X00193	S00207
BC	X00193	S00208
BC	X00193	S00212
BC	X00193	S00213
BC	X00193	S00217
BC	X00193	S00218
BC	X00193	S00221
BC	X00193	S00223
BC	X00193	S00227
BC	X00193	S00228
BC	X00193	S00231
BC	X00193	S00232
BC	X00193	S00237
BC	X00193	S00241
BC	X00193	S00243
BC	X00193	S00244
BC	X00193	S00249
BC	X00193	S00250
BC	X00193	S00269
BC	X00193	S00272
BC	X00193	S00274
BC	X00193	S00292
BC	X00193	S00293
BC	X00193	S00319
BC	X00193	S00320
BC	X00193	S00321
BC	X00193	S00325
BC	X00193	S00326
BC	X00193	S00329
BC	X00193	S00331
BC	X00193	S00335
BC	X00193	S00336
BC	X00193	S00345
BC	X00193	S00347
BC	X00193	S00348
BC	X00193	S00353
BC	X00193	S00357
BC	X00193	S00359
BC	X00193	S00361
BC	X00193	S00363
BC	X00193	S00388
BC	X00193	S00390
BC	X00193	S00392
BC	X00193	S00394
BC	X00193	S00398
BC	X00193	S00399
BC	X00193	S00404
BC	X00193	S00405
BC	X00193	S00410
BC	X00193	S00411
BC	X00193	S00414
BC	X00193	S00431
BC	X00193	S00458
BC	X00193	S00459
BC	X00194	S00157
BC	X00194	S00159
BC	X00194	S00177
BC	X00194	S00178
BC	X00194	S00182
BC	X00194	S00184
BC	X00194	S00201
BC	X00194	S00203
BC	X00194	S00294
BC	X00194	S00296
BC	X00194	S00314
BC	X00194	S00315
BC	X00194	S00365
BC	X00194	S00366
BC	X00194	S00384
BC	X00194	S00385
BC	X00194	S00434
BC	X00194	S00436
BC	X00194	S00454
BC	X00194	S00455
BC	X00195	S00165
BC	X00195	S00167
BC	X00195	S00190
BC	X00195	S00192
BC	X00195	S00303
BC	X00195	S00304
BC	X00195	S00373
BC	X00195	S00374
BC	X00195	S00443
BC	X00195	S00444
BC	X00196	S00155
BC	X00196	S00156
BC	X00196	S00207
BC	X00196	S00208
BC	X00196	S00212
BC	X00196	S00213
BC	X00196	S00217
BC	X00196	S00218
BC	X00196	S00221
BC	X00196	S00223
BC	X00196	S00227
BC	X00196	S00228
BC	X00196	S00231
BC	X00196	S00232
BC	X00196	S00237
BC	X00196	S00241
BC	X00196	S00243
BC	X00196	S00244
BC	X00196	S00249
BC	X00196	S00250
BC	X00196	S00269
BC	X00196	S00272
BC	X00196	S00274
BC	X00196	S00292
BC	X00196	S00293
BC	X00196	S00319
BC	X00196	S00320
BC	X00196	S00321
BC	X00196	S00325
BC	X00196	S00326
BC	X00196	S00329
BC	X00196	S00331
BC	X00196	S00335
BC	X00196	S00336
BC	X00196	S00345
BC	X00196	S00347
BC	X00196	S00348
BC	X00196	S00353
BC	X00196	S00357
BC	X00196	S00359
BC	X00196	S00361
BC	X00196	S00363
BC	X00196	S00388
BC	X00196	S00390
BC	X00196	S00392
BC	X00196	S00394
BC	X00196	S00398
BC	X00196	S00399
BC	X00196	S00402
BC	X00196	S00406
BC	X00196	S00410
BC	X00196	S00411
BC	X00196	S00414
BC	X00196	S00431
BC	X00196	S00458
BC	X00196	S00459
BC	X00197	S00157
BC	X00197	S00159
BC	X00197	S00177
BC	X00197	S00178
BC	X00197	S00182
BC	X00197	S00184
BC	X00197	S00201
BC	X00197	S00203
BC	X00197	S00294
BC	X00197	S00296
BC	X00197	S00314
BC	X00197	S00315
BC	X00197	S00365
BC	X00197	S00366
BC	X00197	S00384
BC	X00197	S00385
BC	X00197	S00434
BC	X00197	S00436
BC	X00197	S00454
BC	X00197	S00455
BC	X00198	S00277
BC	X00198	S00279
BC	X00198	S00282
BC	X00198	S00284
BC	X00198	S00287
BC	X00198	S00289
BC	X00198	S00415
BC	X00198	S00418
BC	X00198	S00420
BC	X00198	S00423
BC	X00198	S00426
BC	X00198	S00428
BC	X00199	S00255
BC	X00199	S00257
BC	X00199	S00262
BC	X00199	S00263
BC	X00199	S00266
BC	X00199	S00268
BC	X00200	S00165
BC	X00200	S00167
BC	X00200	S00190
BC	X00200	S00192
BC	X00200	S00303
BC	X00200	S00304
BC	X00200	S00373
BC	X00200	S00374
BC	X00200	S00443
BC	X00200	S00444
BC	X00201	S00155
BC	X00201	S00156
BC	X00201	S00207
BC	X00201	S00208
BC	X00201	S00212
BC	X00201	S00213
BC	X00201	S00217
BC	X00201	S00218
BC	X00201	S00221
BC	X00201	S00223
BC	X00201	S00227
BC	X00201	S00228
BC	X00201	S00231
BC	X00201	S00232
BC	X00201	S00237
BC	X00201	S00241
BC	X00201	S00243
BC	X00201	S00244
BC	X00201	S00249
BC	X00201	S00250
BC	X00201	S00269
BC	X00201	S00272
BC	X00201	S00274
BC	X00201	S00292
BC	X00201	S00293
BC	X00201	S00319
BC	X00201	S00320
BC	X00201	S00321
BC	X00201	S00325
BC	X00201	S00326
BC	X00201	S00329
BC	X00201	S00331
BC	X00201	S00335
BC	X00201	S00336
BC	X00201	S00345
BC	X00201	S00347
BC	X00201	S00348
BC	X00201	S00353
BC	X00201	S00357
BC	X00201	S00359
BC	X00201	S00361
BC	X00201	S00363
BC	X00201	S00388
BC	X00201	S00390
BC	X00201	S00392
BC	X00201	S00394
BC	X00201	S00398
BC	X00201	S00399
BC	X00201	S00402
BC	X00201	S00406
BC	X00201	S00410
BC	X00201	S00411
BC	X00201	S00414
BC	X00201	S00431
BC	X00201	S00458
BC	X00201	S00459
BC	X00202	S00156
BC	X00202	S00163
BC	X00202	S00173
BC	X00202	S00178
BC	X00202	S00188
BC	X00202	S00198
BC	X00202	S00203
BC	X00202	S00208
BC	X00202	S00213
BC	X00202	S00218
BC	X00202	S00223
BC	X00202	S00228
BC	X00202	S00230
BC	X00202	S00236
BC	X00202	S00242
BC	X00202	S00248
BC	X00202	S00257
BC	X00202	S00263
BC	X00202	S00268
BC	X00202	S00272
BC	X00202	S00274
BC	X00202	S00279
BC	X00202	S00284
BC	X00202	S00289
BC	X00202	S00300
BC	X00202	S00310
BC	X00202	S00315
BC	X00202	S00319
BC	X00202	S00321
BC	X00202	S00326
BC	X00202	S00331
BC	X00202	S00336
BC	X00202	S00346
BC	X00202	S00352
BC	X00202	S00358
BC	X00202	S00362
BC	X00202	S00370
BC	X00202	S00380
BC	X00202	S00385
BC	X00202	S00390
BC	X00202	S00394
BC	X00202	S00399
BC	X00202	S00406
BC	X00202	S00411
BC	X00202	S00414
BC	X00202	S00418
BC	X00202	S00423
BC	X00202	S00428
BC	X00202	S00440
BC	X00202	S00450
BC	X00202	S00455
BC	X00202	S00459
BC	X00203	S00155
BC	X00203	S00156
BC	X00203	S00161
BC	X00203	S00163
BC	X00203	S00172
BC	X00203	S00173
BC	X00203	S00177
BC	X00203	S00178
BC	X00203	S00186
BC	X00203	S00188
BC	X00203	S00196
BC	X00203	S00198
BC	X00203	S00201
BC	X00203	S00203
BC	X00203	S00207
BC	X00203	S00208
BC	X00203	S00212
BC	X00203	S00213
BC	X00203	S00217
BC	X00203	S00218
BC	X00203	S00221
BC	X00203	S00223
BC	X00203	S00227
BC	X00203	S00228
BC	X00203	S00230
BC	X00203	S00235
BC	X00203	S00236
BC	X00203	S00240
BC	X00203	S00242
BC	X00203	S00247
BC	X00203	S00248
BC	X00203	S00251
BC	X00203	S00255
BC	X00203	S00257
BC	X00203	S00262
BC	X00203	S00263
BC	X00203	S00266
BC	X00203	S00268
BC	X00203	S00269
BC	X00203	S00272
BC	X00203	S00274
BC	X00203	S00277
BC	X00203	S00279
BC	X00203	S00282
BC	X00203	S00284
BC	X00203	S00287
BC	X00203	S00289
BC	X00203	S00292
BC	X00203	S00293
BC	X00203	S00299
BC	X00203	S00300
BC	X00203	S00308
BC	X00203	S00310
BC	X00203	S00314
BC	X00203	S00315
BC	X00203	S00319
BC	X00203	S00320
BC	X00203	S00321
BC	X00203	S00325
BC	X00203	S00326
BC	X00203	S00329
BC	X00203	S00331
BC	X00203	S00335
BC	X00203	S00336
BC	X00203	S00341
BC	X00203	S00344
BC	X00203	S00346
BC	X00203	S00351
BC	X00203	S00352
BC	X00203	S00356
BC	X00203	S00358
BC	X00203	S00362
BC	X00203	S00368
BC	X00203	S00370
BC	X00203	S00379
BC	X00203	S00380
BC	X00203	S00384
BC	X00203	S00385
BC	X00203	S00388
BC	X00203	S00390
BC	X00203	S00392
BC	X00203	S00394
BC	X00203	S00398
BC	X00203	S00399
BC	X00203	S00402
BC	X00203	S00406
BC	X00203	S00410
BC	X00203	S00411
BC	X00203	S00414
BC	X00203	S00415
BC	X00203	S00418
BC	X00203	S00420
BC	X00203	S00423
BC	X00203	S00426
BC	X00203	S00428
BC	X00203	S00431
BC	X00203	S00437
BC	X00203	S00440
BC	X00203	S00448
BC	X00203	S00450
BC	X00203	S00454
BC	X00203	S00455
BC	X00203	S00458
BC	X00203	S00459
BC	X00204	S00156
BC	X00204	S00163
BC	X00204	S00173
BC	X00204	S00178
BC	X00204	S00188
BC	X00204	S00198
BC	X00204	S00203
BC	X00204	S00208
BC	X00204	S00213
BC	X00204	S00218
BC	X00204	S00223
BC	X00204	S00228
BC	X00204	S00230
BC	X00204	S00236
BC	X00204	S00242
BC	X00204	S00248
BC	X00204	S00257
BC	X00204	S00263
BC	X00204	S00268
BC	X00204	S00272
BC	X00204	S00274
BC	X00204	S00279
BC	X00204	S00284
BC	X00204	S00289
BC	X00204	S00300
BC	X00204	S00310
BC	X00204	S00315
BC	X00204	S00319
BC	X00204	S00321
BC	X00204	S00326
BC	X00204	S00331
BC	X00204	S00336
BC	X00204	S00346
BC	X00204	S00352
BC	X00204	S00358
BC	X00204	S00362
BC	X00204	S00370
BC	X00204	S00380
BC	X00204	S00385
BC	X00204	S00390
BC	X00204	S00394
BC	X00204	S00399
BC	X00204	S00406
BC	X00204	S00411
BC	X00204	S00414
BC	X00204	S00418
BC	X00204	S00423
BC	X00204	S00428
BC	X00204	S00440
BC	X00204	S00450
BC	X00204	S00455
BC	X00204	S00459
BC	X00205	S00155
BC	X00205	S00156
BC	X00205	S00161
BC	X00205	S00163
BC	X00205	S00172
BC	X00205	S00173
BC	X00205	S00177
BC	X00205	S00178
BC	X00205	S00186
BC	X00205	S00188
BC	X00205	S00196
BC	X00205	S00198
BC	X00205	S00201
BC	X00205	S00203
BC	X00205	S00207
BC	X00205	S00208
BC	X00205	S00212
BC	X00205	S00213
BC	X00205	S00217
BC	X00205	S00218
BC	X00205	S00221
BC	X00205	S00223
BC	X00205	S00227
BC	X00205	S00228
BC	X00205	S00230
BC	X00205	S00235
BC	X00205	S00236
BC	X00205	S00240
BC	X00205	S00242
BC	X00205	S00247
BC	X00205	S00248
BC	X00205	S00251
BC	X00205	S00255
BC	X00205	S00257
BC	X00205	S00262
BC	X00205	S00263
BC	X00205	S00266
BC	X00205	S00268
BC	X00205	S00269
BC	X00205	S00272
BC	X00205	S00274
BC	X00205	S00277
BC	X00205	S00279
BC	X00205	S00282
BC	X00205	S00284
BC	X00205	S00287
BC	X00205	S00289
BC	X00205	S00292
BC	X00205	S00293
BC	X00205	S00299
BC	X00205	S00300
BC	X00205	S00308
BC	X00205	S00310
BC	X00205	S00314
BC	X00205	S00315
BC	X00205	S00319
BC	X00205	S00320
BC	X00205	S00321
BC	X00205	S00325
BC	X00205	S00326
BC	X00205	S00329
BC	X00205	S00331
BC	X00205	S00335
BC	X00205	S00336
BC	X00205	S00341
BC	X00205	S00344
BC	X00205	S00346
BC	X00205	S00351
BC	X00205	S00352
BC	X00205	S00356
BC	X00205	S00358
BC	X00205	S00362
BC	X00205	S00368
BC	X00205	S00370
BC	X00205	S00379
BC	X00205	S00380
BC	X00205	S00384
BC	X00205	S00385
BC	X00205	S00388
BC	X00205	S00390
BC	X00205	S00392
BC	X00205	S00394
BC	X00205	S00398
BC	X00205	S00399
BC	X00205	S00402
BC	X00205	S00406
BC	X00205	S00410
BC	X00205	S00411
BC	X00205	S00414
BC	X00205	S00415
BC	X00205	S00418
BC	X00205	S00420
BC	X00205	S00423
BC	X00205	S00426
BC	X00205	S00428
BC	X00205	S00431
BC	X00205	S00437
BC	X00205	S00440
BC	X00205	S00448
BC	X00205	S00450
BC	X00205	S00454
BC	X00205	S00455
BC	X00205	S00458
BC	X00205	S00459
BC	X00206	S00230
BC	X00206	S00233
BC	X00206	S00235
BC	X00206	S00236
BC	X00206	S00238
BC	X00206	S00240
BC	X00206	S00242
BC	X00206	S00245
BC	X00206	S00247
BC	X00206	S00248
BC	X00206	S00251
BC	X00206	S00252
BC	X00206	S00340
BC	X00206	S00341
BC	X00206	S00343
BC	X00206	S00344
BC	X00206	S00346
BC	X00206	S00349
BC	X00206	S00351
BC	X00206	S00352
BC	X00206	S00354
BC	X00206	S00356
BC	X00206	S00358
BC	X00206	S00362
BC	X00207	S00155
BC	X00207	S00156
BC	X00207	S00160
BC	X00207	S00161
BC	X00207	S00163
BC	X00207	S00168
BC	X00207	S00169
BC	X00207	S00170
BC	X00207	S00176
BC	X00207	S00177
BC	X00207	S00178
BC	X00207	S00181
BC	X00207	S00185
BC	X00207	S00186
BC	X00207	S00188
BC	X00207	S00193
BC	X00207	S00194
BC	X00207	S00195
BC	X00207	S00201
BC	X00207	S00202
BC	X00207	S00203
BC	X00207	S00206
BC	X00207	S00207
BC	X00207	S00208
BC	X00207	S00211
BC	X00207	S00212
BC	X00207	S00213
BC	X00207	S00216
BC	X00207	S00217
BC	X00207	S00218
BC	X00207	S00221
BC	X00207	S00222
BC	X00207	S00223
BC	X00207	S00226
BC	X00207	S00227
BC	X00207	S00228
BC	X00207	S00254
BC	X00207	S00255
BC	X00207	S00257
BC	X00207	S00261
BC	X00207	S00262
BC	X00207	S00263
BC	X00207	S00266
BC	X00207	S00267
BC	X00207	S00268
BC	X00207	S00269
BC	X00207	S00270
BC	X00207	S00272
BC	X00207	S00274
BC	X00207	S00276
BC	X00207	S00277
BC	X00207	S00279
BC	X00207	S00281
BC	X00207	S00282
BC	X00207	S00284
BC	X00207	S00286
BC	X00207	S00287
BC	X00207	S00289
BC	X00207	S00291
BC	X00207	S00292
BC	X00207	S00293
BC	X00207	S00298
BC	X00207	S00299
BC	X00207	S00300
BC	X00207	S00305
BC	X00207	S00306
BC	X00207	S00307
BC	X00207	S00313
BC	X00207	S00314
BC	X00207	S00315
BC	X00207	S00318
BC	X00207	S00319
BC	X00207	S00320
BC	X00207	S00321
BC	X00207	S00324
BC	X00207	S00325
BC	X00207	S00326
BC	X00207	S00329
BC	X00207	S00330
BC	X00207	S00331
BC	X00207	S00334
BC	X00207	S00335
BC	X00207	S00336
BC	X00207	S00339
BC	X00207	S00367
BC	X00207	S00368
BC	X00207	S00370
BC	X00207	S00375
BC	X00207	S00376
BC	X00207	S00377
BC	X00207	S00383
BC	X00207	S00384
BC	X00207	S00385
BC	X00207	S00388
BC	X00207	S00389
BC	X00207	S00390
BC	X00207	S00392
BC	X00207	S00393
BC	X00207	S00394
BC	X00207	S00397
BC	X00207	S00398
BC	X00207	S00399
BC	X00207	S00402
BC	X00207	S00403
BC	X00207	S00406
BC	X00207	S00409
BC	X00207	S00410
BC	X00207	S00411
BC	X00207	S00414
BC	X00207	S00415
BC	X00207	S00416
BC	X00207	S00418
BC	X00207	S00420
BC	X00207	S00421
BC	X00207	S00423
BC	X00207	S00425
BC	X00207	S00426
BC	X00207	S00428
BC	X00207	S00430
BC	X00207	S00431
BC	X00207	S00433
BC	X00207	S00437
BC	X00207	S00439
BC	X00207	S00440
BC	X00207	S00445
BC	X00207	S00446
BC	X00207	S00447
BC	X00207	S00453
BC	X00207	S00454
BC	X00207	S00455
BC	X00207	S00458
BC	X00207	S00459
BC	X00208	S00155
BC	X00208	S00156
BC	X00208	S00160
BC	X00208	S00161
BC	X00208	S00163
BC	X00208	S00171
BC	X00208	S00172
BC	X00208	S00173
BC	X00208	S00176
BC	X00208	S00177
BC	X00208	S00178
BC	X00208	S00181
BC	X00208	S00185
BC	X00208	S00186
BC	X00208	S00188
BC	X00208	S00196
BC	X00208	S00197
BC	X00208	S00198
BC	X00208	S00201
BC	X00208	S00202
BC	X00208	S00203
BC	X00208	S00206
BC	X00208	S00207
BC	X00208	S00208
BC	X00208	S00211
BC	X00208	S00212
BC	X00208	S00213
BC	X00208	S00216
BC	X00208	S00217
BC	X00208	S00218
BC	X00208	S00221
BC	X00208	S00222
BC	X00208	S00223
BC	X00208	S00226
BC	X00208	S00227
BC	X00208	S00228
BC	X00208	S00230
BC	X00208	S00233
BC	X00208	S00235
BC	X00208	S00236
BC	X00208	S00238
BC	X00208	S00240
BC	X00208	S00242
BC	X00208	S00245
BC	X00208	S00247
BC	X00208	S00248
BC	X00208	S00251
BC	X00208	S00252
BC	X00208	S00254
BC	X00208	S00255
BC	X00208	S00257
BC	X00208	S00261
BC	X00208	S00262
BC	X00208	S00263
BC	X00208	S00266
BC	X00208	S00267
BC	X00208	S00268
BC	X00208	S00269
BC	X00208	S00270
BC	X00208	S00272
BC	X00208	S00274
BC	X00208	S00276
BC	X00208	S00277
BC	X00208	S00279
BC	X00208	S00281
BC	X00208	S00282
BC	X00208	S00284
BC	X00208	S00286
BC	X00208	S00287
BC	X00208	S00289
BC	X00208	S00291
BC	X00208	S00292
BC	X00208	S00293
BC	X00208	S00298
BC	X00208	S00299
BC	X00208	S00300
BC	X00208	S00308
BC	X00208	S00309
BC	X00208	S00310
BC	X00208	S00313
BC	X00208	S00314
BC	X00208	S00315
BC	X00208	S00318
BC	X00208	S00319
BC	X00208	S00320
BC	X00208	S00321
BC	X00208	S00324
BC	X00208	S00325
BC	X00208	S00326
BC	X00208	S00329
BC	X00208	S00330
BC	X00208	S00331
BC	X00208	S00334
BC	X00208	S00335
BC	X00208	S00336
BC	X00208	S00339
BC	X00208	S00340
BC	X00208	S00341
BC	X00208	S00343
BC	X00208	S00344
BC	X00208	S00346
BC	X00208	S00349
BC	X00208	S00351
BC	X00208	S00352
BC	X00208	S00354
BC	X00208	S00356
BC	X00208	S00358
BC	X00208	S00362
BC	X00208	S00367
BC	X00208	S00368
BC	X00208	S00370
BC	X00208	S00378
BC	X00208	S00379
BC	X00208	S00380
BC	X00208	S00383
BC	X00208	S00384
BC	X00208	S00385
BC	X00208	S00388
BC	X00208	S00389
BC	X00208	S00390
BC	X00208	S00392
BC	X00208	S00393
BC	X00208	S00394
BC	X00208	S00397
BC	X00208	S00398
BC	X00208	S00399
BC	X00208	S00402
BC	X00208	S00403
BC	X00208	S00406
BC	X00208	S00409
BC	X00208	S00410
BC	X00208	S00411
BC	X00208	S00414
BC	X00208	S00415
BC	X00208	S00416
BC	X00208	S00418
BC	X00208	S00420
BC	X00208	S00421
BC	X00208	S00423
BC	X00208	S00425
BC	X00208	S00426
BC	X00208	S00428
BC	X00208	S00430
BC	X00208	S00431
BC	X00208	S00433
BC	X00208	S00437
BC	X00208	S00439
BC	X00208	S00440
BC	X00208	S00448
BC	X00208	S00449
BC	X00208	S00450
BC	X00208	S00453
BC	X00208	S00454
BC	X00208	S00455
BC	X00208	S00458
BC	X00208	S00459
BC	X00209	S00230
BC	X00209	S00236
BC	X00209	S00242
BC	X00209	S00248
BC	X00209	S00346
BC	X00209	S00352
BC	X00209	S00358
BC	X00209	S00362
BC	X00210	S00156
BC	X00210	S00163
BC	X00210	S00170
BC	X00210	S00178
BC	X00210	S00188
BC	X00210	S00195
BC	X00210	S00203
BC	X00210	S00208
BC	X00210	S00213
BC	X00210	S00218
BC	X00210	S00223
BC	X00210	S00228
BC	X00210	S00257
BC	X00210	S00263
BC	X00210	S00268
BC	X00210	S00272
BC	X00210	S00274
BC	X00210	S00279
BC	X00210	S00284
BC	X00210	S00289
BC	X00210	S00300
BC	X00210	S00307
BC	X00210	S00315
BC	X00210	S00319
BC	X00210	S00321
BC	X00210	S00326
BC	X00210	S00331
BC	X00210	S00336
BC	X00210	S00370
BC	X00210	S00377
BC	X00210	S00385
BC	X00210	S00390
BC	X00210	S00394
BC	X00210	S00399
BC	X00210	S00406
BC	X00210	S00411
BC	X00210	S00414
BC	X00210	S00418
BC	X00210	S00423
BC	X00210	S00428
BC	X00210	S00440
BC	X00210	S00447
BC	X00210	S00455
BC	X00210	S00459
BC	X00211	S00230
BC	X00211	S00235
BC	X00211	S00236
BC	X00211	S00240
BC	X00211	S00242
BC	X00211	S00247
BC	X00211	S00248
BC	X00211	S00251
BC	X00211	S00341
BC	X00211	S00344
BC	X00211	S00346
BC	X00211	S00351
BC	X00211	S00352
BC	X00211	S00356
BC	X00211	S00358
BC	X00211	S00362
BC	X00212	S00155
BC	X00212	S00156
BC	X00212	S00161
BC	X00212	S00163
BC	X00212	S00169
BC	X00212	S00170
BC	X00212	S00177
BC	X00212	S00178
BC	X00212	S00186
BC	X00212	S00188
BC	X00212	S00194
BC	X00212	S00195
BC	X00212	S00201
BC	X00212	S00203
BC	X00212	S00207
BC	X00212	S00208
BC	X00212	S00212
BC	X00212	S00213
BC	X00212	S00217
BC	X00212	S00218
BC	X00212	S00221
BC	X00212	S00223
BC	X00212	S00227
BC	X00212	S00228
BC	X00212	S00255
BC	X00212	S00257
BC	X00212	S00262
BC	X00212	S00263
BC	X00212	S00266
BC	X00212	S00268
BC	X00212	S00269
BC	X00212	S00272
BC	X00212	S00274
BC	X00212	S00277
BC	X00212	S00279
BC	X00212	S00282
BC	X00212	S00284
BC	X00212	S00287
BC	X00212	S00289
BC	X00212	S00292
BC	X00212	S00293
BC	X00212	S00299
BC	X00212	S00300
BC	X00212	S00306
BC	X00212	S00307
BC	X00212	S00314
BC	X00212	S00315
BC	X00212	S00319
BC	X00212	S00320
BC	X00212	S00321
BC	X00212	S00325
BC	X00212	S00326
BC	X00212	S00329
BC	X00212	S00331
BC	X00212	S00335
BC	X00212	S00336
BC	X00212	S00368
BC	X00212	S00370
BC	X00212	S00376
BC	X00212	S00377
BC	X00212	S00384
BC	X00212	S00385
BC	X00212	S00388
BC	X00212	S00390
BC	X00212	S00392
BC	X00212	S00394
BC	X00212	S00398
BC	X00212	S00399
BC	X00212	S00402
BC	X00212	S00406
BC	X00212	S00410
BC	X00212	S00411
BC	X00212	S00414
BC	X00212	S00415
BC	X00212	S00418
BC	X00212	S00420
BC	X00212	S00423
BC	X00212	S00426
BC	X00212	S00428
BC	X00212	S00431
BC	X00212	S00437
BC	X00212	S00440
BC	X00212	S00446
BC	X00212	S00447
BC	X00212	S00454
BC	X00212	S00455
BC	X00212	S00458
BC	X00212	S00459
BC	X00213	S00156
BC	X00213	S00163
BC	X00213	S00173
BC	X00213	S00178
BC	X00213	S00188
BC	X00213	S00198
BC	X00213	S00203
BC	X00213	S00208
BC	X00213	S00213
BC	X00213	S00218
BC	X00213	S00223
BC	X00213	S00228
BC	X00213	S00230
BC	X00213	S00236
BC	X00213	S00242
BC	X00213	S00248
BC	X00213	S00257
BC	X00213	S00263
BC	X00213	S00268
BC	X00213	S00272
BC	X00213	S00274
BC	X00213	S00279
BC	X00213	S00284
BC	X00213	S00289
BC	X00213	S00300
BC	X00213	S00310
BC	X00213	S00315
BC	X00213	S00319
BC	X00213	S00321
BC	X00213	S00326
BC	X00213	S00331
BC	X00213	S00336
BC	X00213	S00346
BC	X00213	S00352
BC	X00213	S00358
BC	X00213	S00362
BC	X00213	S00370
BC	X00213	S00380
BC	X00213	S00385
BC	X00213	S00390
BC	X00213	S00394
BC	X00213	S00399
BC	X00213	S00406
BC	X00213	S00411
BC	X00213	S00414
BC	X00213	S00418
BC	X00213	S00423
BC	X00213	S00428
BC	X00213	S00440
BC	X00213	S00450
BC	X00213	S00455
BC	X00213	S00459
BC	X00214	S00173
BC	X00214	S00198
BC	X00214	S00230
BC	X00214	S00236
BC	X00214	S00242
BC	X00214	S00248
BC	X00214	S00310
BC	X00214	S00346
BC	X00214	S00352
BC	X00214	S00358
BC	X00214	S00362
BC	X00214	S00380
BC	X00214	S00450
BC	X00215	S00156
BC	X00215	S00163
BC	X00215	S00178
BC	X00215	S00188
BC	X00215	S00203
BC	X00215	S00208
BC	X00215	S00213
BC	X00215	S00218
BC	X00215	S00223
BC	X00215	S00228
BC	X00215	S00257
BC	X00215	S00263
BC	X00215	S00268
BC	X00215	S00272
BC	X00215	S00274
BC	X00215	S00279
BC	X00215	S00284
BC	X00215	S00289
BC	X00215	S00300
BC	X00215	S00315
BC	X00215	S00319
BC	X00215	S00321
BC	X00215	S00326
BC	X00215	S00331
BC	X00215	S00336
BC	X00215	S00370
BC	X00215	S00385
BC	X00215	S00390
BC	X00215	S00394
BC	X00215	S00399
BC	X00215	S00406
BC	X00215	S00411
BC	X00215	S00414
BC	X00215	S00418
BC	X00215	S00423
BC	X00215	S00428
BC	X00215	S00440
BC	X00215	S00455
BC	X00215	S00459
BC	X00216	S00155
BC	X00216	S00156
BC	X00216	S00161
BC	X00216	S00163
BC	X00216	S00172
BC	X00216	S00173
BC	X00216	S00177
BC	X00216	S00178
BC	X00216	S00186
BC	X00216	S00188
BC	X00216	S00196
BC	X00216	S00198
BC	X00216	S00201
BC	X00216	S00203
BC	X00216	S00207
BC	X00216	S00208
BC	X00216	S00212
BC	X00216	S00213
BC	X00216	S00217
BC	X00216	S00218
BC	X00216	S00221
BC	X00216	S00223
BC	X00216	S00227
BC	X00216	S00228
BC	X00216	S00230
BC	X00216	S00235
BC	X00216	S00236
BC	X00216	S00240
BC	X00216	S00242
BC	X00216	S00247
BC	X00216	S00248
BC	X00216	S00251
BC	X00216	S00255
BC	X00216	S00257
BC	X00216	S00262
BC	X00216	S00263
BC	X00216	S00266
BC	X00216	S00268
BC	X00216	S00269
BC	X00216	S00272
BC	X00216	S00274
BC	X00216	S00277
BC	X00216	S00279
BC	X00216	S00282
BC	X00216	S00284
BC	X00216	S00287
BC	X00216	S00289
BC	X00216	S00292
BC	X00216	S00293
BC	X00216	S00299
BC	X00216	S00300
BC	X00216	S00308
BC	X00216	S00310
BC	X00216	S00314
BC	X00216	S00315
BC	X00216	S00319
BC	X00216	S00320
BC	X00216	S00321
BC	X00216	S00325
BC	X00216	S00326
BC	X00216	S00329
BC	X00216	S00331
BC	X00216	S00335
BC	X00216	S00336
BC	X00216	S00341
BC	X00216	S00344
BC	X00216	S00346
BC	X00216	S00351
BC	X00216	S00352
BC	X00216	S00356
BC	X00216	S00358
BC	X00216	S00362
BC	X00216	S00368
BC	X00216	S00370
BC	X00216	S00379
BC	X00216	S00380
BC	X00216	S00384
BC	X00216	S00385
BC	X00216	S00388
BC	X00216	S00390
BC	X00216	S00392
BC	X00216	S00394
BC	X00216	S00398
BC	X00216	S00399
BC	X00216	S00402
BC	X00216	S00406
BC	X00216	S00410
BC	X00216	S00411
BC	X00216	S00414
BC	X00216	S00415
BC	X00216	S00418
BC	X00216	S00420
BC	X00216	S00423
BC	X00216	S00426
BC	X00216	S00428
BC	X00216	S00431
BC	X00216	S00437
BC	X00216	S00440
BC	X00216	S00448
BC	X00216	S00450
BC	X00216	S00454
BC	X00216	S00455
BC	X00216	S00458
BC	X00216	S00459
BC	X00217	S00172
BC	X00217	S00173
BC	X00217	S00196
BC	X00217	S00198
BC	X00217	S00230
BC	X00217	S00235
BC	X00217	S00236
BC	X00217	S00240
BC	X00217	S00242
BC	X00217	S00247
BC	X00217	S00248
BC	X00217	S00251
BC	X00217	S00308
BC	X00217	S00310
BC	X00217	S00341
BC	X00217	S00344
BC	X00217	S00346
BC	X00217	S00351
BC	X00217	S00352
BC	X00217	S00356
BC	X00217	S00358
BC	X00217	S00362
BC	X00217	S00379
BC	X00217	S00380
BC	X00217	S00448
BC	X00217	S00450
BC	X00218	S00155
BC	X00218	S00156
BC	X00218	S00161
BC	X00218	S00163
BC	X00218	S00177
BC	X00218	S00178
BC	X00218	S00186
BC	X00218	S00188
BC	X00218	S00201
BC	X00218	S00203
BC	X00218	S00207
BC	X00218	S00208
BC	X00218	S00212
BC	X00218	S00213
BC	X00218	S00217
BC	X00218	S00218
BC	X00218	S00221
BC	X00218	S00223
BC	X00218	S00227
BC	X00218	S00228
BC	X00218	S00255
BC	X00218	S00257
BC	X00218	S00262
BC	X00218	S00263
BC	X00218	S00266
BC	X00218	S00268
BC	X00218	S00269
BC	X00218	S00272
BC	X00218	S00274
BC	X00218	S00277
BC	X00218	S00279
BC	X00218	S00282
BC	X00218	S00284
BC	X00218	S00287
BC	X00218	S00289
BC	X00218	S00292
BC	X00218	S00293
BC	X00218	S00299
BC	X00218	S00300
BC	X00218	S00314
BC	X00218	S00315
BC	X00218	S00319
BC	X00218	S00320
BC	X00218	S00321
BC	X00218	S00325
BC	X00218	S00326
BC	X00218	S00329
BC	X00218	S00331
BC	X00218	S00335
BC	X00218	S00336
BC	X00218	S00368
BC	X00218	S00370
BC	X00218	S00384
BC	X00218	S00385
BC	X00218	S00388
BC	X00218	S00390
BC	X00218	S00392
BC	X00218	S00394
BC	X00218	S00398
BC	X00218	S00399
BC	X00218	S00402
BC	X00218	S00406
BC	X00218	S00410
BC	X00218	S00411
BC	X00218	S00414
BC	X00218	S00415
BC	X00218	S00418
BC	X00218	S00420
BC	X00218	S00423
BC	X00218	S00426
BC	X00218	S00428
BC	X00218	S00431
BC	X00218	S00437
BC	X00218	S00440
BC	X00218	S00454
BC	X00218	S00455
BC	X00218	S00458
BC	X00218	S00459
BC	X00219	S00155
BC	X00219	S00156
BC	X00219	S00160
BC	X00219	S00161
BC	X00219	S00163
BC	X00219	S00171
BC	X00219	S00172
BC	X00219	S00173
BC	X00219	S00176
BC	X00219	S00177
BC	X00219	S00178
BC	X00219	S00181
BC	X00219	S00185
BC	X00219	S00186
BC	X00219	S00188
BC	X00219	S00196
BC	X00219	S00197
BC	X00219	S00198
BC	X00219	S00201
BC	X00219	S00202
BC	X00219	S00203
BC	X00219	S00206
BC	X00219	S00207
BC	X00219	S00208
BC	X00219	S00211
BC	X00219	S00212
BC	X00219	S00213
BC	X00219	S00216
BC	X00219	S00217
BC	X00219	S00218
BC	X00219	S00221
BC	X00219	S00222
BC	X00219	S00223
BC	X00219	S00226
BC	X00219	S00227
BC	X00219	S00228
BC	X00219	S00230
BC	X00219	S00233
BC	X00219	S00235
BC	X00219	S00236
BC	X00219	S00238
BC	X00219	S00240
BC	X00219	S00242
BC	X00219	S00245
BC	X00219	S00247
BC	X00219	S00248
BC	X00219	S00251
BC	X00219	S00252
BC	X00219	S00254
BC	X00219	S00255
BC	X00219	S00257
BC	X00219	S00261
BC	X00219	S00262
BC	X00219	S00263
BC	X00219	S00266
BC	X00219	S00267
BC	X00219	S00268
BC	X00219	S00269
BC	X00219	S00270
BC	X00219	S00272
BC	X00219	S00274
BC	X00219	S00276
BC	X00219	S00277
BC	X00219	S00279
BC	X00219	S00281
BC	X00219	S00282
BC	X00219	S00284
BC	X00219	S00286
BC	X00219	S00287
BC	X00219	S00289
BC	X00219	S00291
BC	X00219	S00292
BC	X00219	S00293
BC	X00219	S00298
BC	X00219	S00299
BC	X00219	S00300
BC	X00219	S00308
BC	X00219	S00309
BC	X00219	S00310
BC	X00219	S00313
BC	X00219	S00314
BC	X00219	S00315
BC	X00219	S00318
BC	X00219	S00319
BC	X00219	S00320
BC	X00219	S00321
BC	X00219	S00324
BC	X00219	S00325
BC	X00219	S00326
BC	X00219	S00329
BC	X00219	S00330
BC	X00219	S00331
BC	X00219	S00334
BC	X00219	S00335
BC	X00219	S00336
BC	X00219	S00339
BC	X00219	S00340
BC	X00219	S00341
BC	X00219	S00343
BC	X00219	S00344
BC	X00219	S00346
BC	X00219	S00349
BC	X00219	S00351
BC	X00219	S00352
BC	X00219	S00354
BC	X00219	S00356
BC	X00219	S00358
BC	X00219	S00362
BC	X00219	S00367
BC	X00219	S00368
BC	X00219	S00370
BC	X00219	S00378
BC	X00219	S00379
BC	X00219	S00380
BC	X00219	S00383
BC	X00219	S00384
BC	X00219	S00385
BC	X00219	S00388
BC	X00219	S00389
BC	X00219	S00390
BC	X00219	S00392
BC	X00219	S00393
BC	X00219	S00394
BC	X00219	S00397
BC	X00219	S00398
BC	X00219	S00399
BC	X00219	S00402
BC	X00219	S00403
BC	X00219	S00406
BC	X00219	S00409
BC	X00219	S00410
BC	X00219	S00411
BC	X00219	S00414
BC	X00219	S00415
BC	X00219	S00416
BC	X00219	S00418
BC	X00219	S00420
BC	X00219	S00421
BC	X00219	S00423
BC	X00219	S00425
BC	X00219	S00426
BC	X00219	S00428
BC	X00219	S00430
BC	X00219	S00431
BC	X00219	S00433
BC	X00219	S00437
BC	X00219	S00439
BC	X00219	S00440
BC	X00219	S00448
BC	X00219	S00449
BC	X00219	S00450
BC	X00219	S00453
BC	X00219	S00454
BC	X00219	S00455
BC	X00219	S00458
BC	X00219	S00459
BC	X00220	S00230
BC	X00220	S00236
BC	X00220	S00242
BC	X00220	S00248
BC	X00220	S00346
BC	X00220	S00352
BC	X00220	S00358
BC	X00220	S00362
BC	X00221	S00156
BC	X00221	S00163
BC	X00221	S00170
BC	X00221	S00178
BC	X00221	S00188
BC	X00221	S00195
BC	X00221	S00203
BC	X00221	S00208
BC	X00221	S00213
BC	X00221	S00218
BC	X00221	S00223
BC	X00221	S00228
BC	X00221	S00257
BC	X00221	S00263
BC	X00221	S00268
BC	X00221	S00272
BC	X00221	S00274
BC	X00221	S00279
BC	X00221	S00284
BC	X00221	S00289
BC	X00221	S00300
BC	X00221	S00307
BC	X00221	S00315
BC	X00221	S00319
BC	X00221	S00321
BC	X00221	S00326
BC	X00221	S00331
BC	X00221	S00336
BC	X00221	S00370
BC	X00221	S00377
BC	X00221	S00385
BC	X00221	S00390
BC	X00221	S00394
BC	X00221	S00399
BC	X00221	S00406
BC	X00221	S00411
BC	X00221	S00414
BC	X00221	S00418
BC	X00221	S00423
BC	X00221	S00428
BC	X00221	S00440
BC	X00221	S00447
BC	X00221	S00455
BC	X00221	S00459
BC	X00222	S00230
BC	X00222	S00235
BC	X00222	S00236
BC	X00222	S00240
BC	X00222	S00242
BC	X00222	S00247
BC	X00222	S00248
BC	X00222	S00251
BC	X00222	S00341
BC	X00222	S00344
BC	X00222	S00346
BC	X00222	S00351
BC	X00222	S00352
BC	X00222	S00356
BC	X00222	S00358
BC	X00222	S00362
BC	X00223	S00155
BC	X00223	S00156
BC	X00223	S00161
BC	X00223	S00163
BC	X00223	S00169
BC	X00223	S00170
BC	X00223	S00177
BC	X00223	S00178
BC	X00223	S00186
BC	X00223	S00188
BC	X00223	S00194
BC	X00223	S00195
BC	X00223	S00201
BC	X00223	S00203
BC	X00223	S00207
BC	X00223	S00208
BC	X00223	S00212
BC	X00223	S00213
BC	X00223	S00217
BC	X00223	S00218
BC	X00223	S00221
BC	X00223	S00223
BC	X00223	S00227
BC	X00223	S00228
BC	X00223	S00255
BC	X00223	S00257
BC	X00223	S00262
BC	X00223	S00263
BC	X00223	S00266
BC	X00223	S00268
BC	X00223	S00269
BC	X00223	S00272
BC	X00223	S00274
BC	X00223	S00277
BC	X00223	S00279
BC	X00223	S00282
BC	X00223	S00284
BC	X00223	S00287
BC	X00223	S00289
BC	X00223	S00292
BC	X00223	S00293
BC	X00223	S00299
BC	X00223	S00300
BC	X00223	S00306
BC	X00223	S00307
BC	X00223	S00314
BC	X00223	S00315
BC	X00223	S00319
BC	X00223	S00320
BC	X00223	S00321
BC	X00223	S00325
BC	X00223	S00326
BC	X00223	S00329
BC	X00223	S00331
BC	X00223	S00335
BC	X00223	S00336
BC	X00223	S00368
BC	X00223	S00370
BC	X00223	S00376
BC	X00223	S00377
BC	X00223	S00384
BC	X00223	S00385
BC	X00223	S00388
BC	X00223	S00390
BC	X00223	S00392
BC	X00223	S00394
BC	X00223	S00398
BC	X00223	S00399
BC	X00223	S00402
BC	X00223	S00406
BC	X00223	S00410
BC	X00223	S00411
BC	X00223	S00414
BC	X00223	S00415
BC	X00223	S00418
BC	X00223	S00420
BC	X00223	S00423
BC	X00223	S00426
BC	X00223	S00428
BC	X00223	S00431
BC	X00223	S00437
BC	X00223	S00440
BC	X00223	S00446
BC	X00223	S00447
BC	X00223	S00454
BC	X00223	S00455
BC	X00223	S00458
BC	X00223	S00459
BC	X00224	S00156
BC	X00224	S00163
BC	X00224	S00173
BC	X00224	S00178
BC	X00224	S00188
BC	X00224	S00198
BC	X00224	S00203
BC	X00224	S00208
BC	X00224	S00213
BC	X00224	S00218
BC	X00224	S00223
BC	X00224	S00228
BC	X00224	S00230
BC	X00224	S00236
BC	X00224	S00242
BC	X00224	S00248
BC	X00224	S00257
BC	X00224	S00263
BC	X00224	S00268
BC	X00224	S00272
BC	X00224	S00274
BC	X00224	S00279
BC	X00224	S00284
BC	X00224	S00289
BC	X00224	S00300
BC	X00224	S00310
BC	X00224	S00315
BC	X00224	S00319
BC	X00224	S00321
BC	X00224	S00326
BC	X00224	S00331
BC	X00224	S00336
BC	X00224	S00346
BC	X00224	S00352
BC	X00224	S00358
BC	X00224	S00362
BC	X00224	S00370
BC	X00224	S00380
BC	X00224	S00385
BC	X00224	S00390
BC	X00224	S00394
BC	X00224	S00399
BC	X00224	S00406
BC	X00224	S00411
BC	X00224	S00414
BC	X00224	S00418
BC	X00224	S00423
BC	X00224	S00428
BC	X00224	S00440
BC	X00224	S00450
BC	X00224	S00455
BC	X00224	S00459
BC	X00225	S00173
BC	X00225	S00198
BC	X00225	S00230
BC	X00225	S00236
BC	X00225	S00242
BC	X00225	S00248
BC	X00225	S00310
BC	X00225	S00346
BC	X00225	S00352
BC	X00225	S00358
BC	X00225	S00362
BC	X00225	S00380
BC	X00225	S00450
BC	X00226	S00155
BC	X00226	S00156
BC	X00226	S00161
BC	X00226	S00163
BC	X00226	S00172
BC	X00226	S00173
BC	X00226	S00177
BC	X00226	S00178
BC	X00226	S00186
BC	X00226	S00188
BC	X00226	S00196
BC	X00226	S00198
BC	X00226	S00201
BC	X00226	S00203
BC	X00226	S00207
BC	X00226	S00208
BC	X00226	S00212
BC	X00226	S00213
BC	X00226	S00217
BC	X00226	S00218
BC	X00226	S00221
BC	X00226	S00223
BC	X00226	S00227
BC	X00226	S00228
BC	X00226	S00230
BC	X00226	S00235
BC	X00226	S00236
BC	X00226	S00240
BC	X00226	S00242
BC	X00226	S00247
BC	X00226	S00248
BC	X00226	S00251
BC	X00226	S00255
BC	X00226	S00257
BC	X00226	S00262
BC	X00226	S00263
BC	X00226	S00266
BC	X00226	S00268
BC	X00226	S00269
BC	X00226	S00272
BC	X00226	S00274
BC	X00226	S00277
BC	X00226	S00279
BC	X00226	S00282
BC	X00226	S00284
BC	X00226	S00287
BC	X00226	S00289
BC	X00226	S00292
BC	X00226	S00293
BC	X00226	S00299
BC	X00226	S00300
BC	X00226	S00308
BC	X00226	S00310
BC	X00226	S00314
BC	X00226	S00315
BC	X00226	S00319
BC	X00226	S00320
BC	X00226	S00321
BC	X00226	S00325
BC	X00226	S00326
BC	X00226	S00329
BC	X00226	S00331
BC	X00226	S00335
BC	X00226	S00336
BC	X00226	S00341
BC	X00226	S00344
BC	X00226	S00346
BC	X00226	S00351
BC	X00226	S00352
BC	X00226	S00356
BC	X00226	S00358
BC	X00226	S00362
BC	X00226	S00368
BC	X00226	S00370
BC	X00226	S00379
BC	X00226	S00380
BC	X00226	S00384
BC	X00226	S00385
BC	X00226	S00388
BC	X00226	S00390
BC	X00226	S00392
BC	X00226	S00394
BC	X00226	S00398
BC	X00226	S00399
BC	X00226	S00402
BC	X00226	S00406
BC	X00226	S00410
BC	X00226	S00411
BC	X00226	S00414
BC	X00226	S00415
BC	X00226	S00418
BC	X00226	S00420
BC	X00226	S00423
BC	X00226	S00426
BC	X00226	S00428
BC	X00226	S00431
BC	X00226	S00437
BC	X00226	S00440
BC	X00226	S00448
BC	X00226	S00450
BC	X00226	S00454
BC	X00226	S00455
BC	X00226	S00458
BC	X00226	S00459
BC	X00227	S00172
BC	X00227	S00173
BC	X00227	S00196
BC	X00227	S00198
BC	X00227	S00230
BC	X00227	S00235
BC	X00227	S00236
BC	X00227	S00240
BC	X00227	S00242
BC	X00227	S00247
BC	X00227	S00248
BC	X00227	S00251
BC	X00227	S00308
BC	X00227	S00310
BC	X00227	S00341
BC	X00227	S00344
BC	X00227	S00346
BC	X00227	S00351
BC	X00227	S00352
BC	X00227	S00356
BC	X00227	S00358
BC	X00227	S00362
BC	X00227	S00379
BC	X00227	S00380
BC	X00227	S00448
BC	X00227	S00450
BC	X00228	S00155
BC	X00228	S00156
BC	X00228	S00161
BC	X00228	S00163
BC	X00228	S00177
BC	X00228	S00178
BC	X00228	S00186
BC	X00228	S00188
BC	X00228	S00201
BC	X00228	S00203
BC	X00228	S00207
BC	X00228	S00208
BC	X00228	S00212
BC	X00228	S00213
BC	X00228	S00217
BC	X00228	S00218
BC	X00228	S00221
BC	X00228	S00223
BC	X00228	S00227
BC	X00228	S00228
BC	X00228	S00255
BC	X00228	S00257
BC	X00228	S00262
BC	X00228	S00263
BC	X00228	S00266
BC	X00228	S00268
BC	X00228	S00269
BC	X00228	S00272
BC	X00228	S00274
BC	X00228	S00277
BC	X00228	S00279
BC	X00228	S00282
BC	X00228	S00284
BC	X00228	S00287
BC	X00228	S00289
BC	X00228	S00292
BC	X00228	S00293
BC	X00228	S00299
BC	X00228	S00300
BC	X00228	S00314
BC	X00228	S00315
BC	X00228	S00319
BC	X00228	S00320
BC	X00228	S00321
BC	X00228	S00325
BC	X00228	S00326
BC	X00228	S00329
BC	X00228	S00331
BC	X00228	S00335
BC	X00228	S00336
BC	X00228	S00368
BC	X00228	S00370
BC	X00228	S00384
BC	X00228	S00385
BC	X00228	S00388
BC	X00228	S00390
BC	X00228	S00392
BC	X00228	S00394
BC	X00228	S00398
BC	X00228	S00399
BC	X00228	S00402
BC	X00228	S00406
BC	X00228	S00410
BC	X00228	S00411
BC	X00228	S00414
BC	X00228	S00415
BC	X00228	S00418
BC	X00228	S00420
BC	X00228	S00423
BC	X00228	S00426
BC	X00228	S00428
BC	X00228	S00431
BC	X00228	S00437
BC	X00228	S00440
BC	X00228	S00454
BC	X00228	S00455
BC	X00228	S00458
BC	X00228	S00459
BC	X00229	S00155
BC	X00229	S00156
BC	X00229	S00160
BC	X00229	S00161
BC	X00229	S00163
BC	X00229	S00171
BC	X00229	S00172
BC	X00229	S00173
BC	X00229	S00176
BC	X00229	S00177
BC	X00229	S00178
BC	X00229	S00181
BC	X00229	S00185
BC	X00229	S00186
BC	X00229	S00188
BC	X00229	S00196
BC	X00229	S00197
BC	X00229	S00198
BC	X00229	S00201
BC	X00229	S00202
BC	X00229	S00203
BC	X00229	S00206
BC	X00229	S00207
BC	X00229	S00208
BC	X00229	S00211
BC	X00229	S00212
BC	X00229	S00213
BC	X00229	S00216
BC	X00229	S00217
BC	X00229	S00218
BC	X00229	S00221
BC	X00229	S00222
BC	X00229	S00223
BC	X00229	S00226
BC	X00229	S00227
BC	X00229	S00228
BC	X00229	S00229
BC	X00229	S00231
BC	X00229	S00232
BC	X00229	S00234
BC	X00229	S00237
BC	X00229	S00239
BC	X00229	S00241
BC	X00229	S00243
BC	X00229	S00244
BC	X00229	S00246
BC	X00229	S00249
BC	X00229	S00250
BC	X00229	S00254
BC	X00229	S00255
BC	X00229	S00257
BC	X00229	S00261
BC	X00229	S00262
BC	X00229	S00263
BC	X00229	S00266
BC	X00229	S00267
BC	X00229	S00268
BC	X00229	S00269
BC	X00229	S00270
BC	X00229	S00272
BC	X00229	S00274
BC	X00229	S00276
BC	X00229	S00277
BC	X00229	S00279
BC	X00229	S00281
BC	X00229	S00282
BC	X00229	S00284
BC	X00229	S00286
BC	X00229	S00287
BC	X00229	S00289
BC	X00229	S00291
BC	X00229	S00292
BC	X00229	S00293
BC	X00229	S00298
BC	X00229	S00299
BC	X00229	S00300
BC	X00229	S00308
BC	X00229	S00309
BC	X00229	S00310
BC	X00229	S00313
BC	X00229	S00314
BC	X00229	S00315
BC	X00229	S00318
BC	X00229	S00319
BC	X00229	S00320
BC	X00229	S00321
BC	X00229	S00324
BC	X00229	S00325
BC	X00229	S00326
BC	X00229	S00329
BC	X00229	S00330
BC	X00229	S00331
BC	X00229	S00334
BC	X00229	S00335
BC	X00229	S00336
BC	X00229	S00339
BC	X00229	S00342
BC	X00229	S00345
BC	X00229	S00347
BC	X00229	S00348
BC	X00229	S00350
BC	X00229	S00353
BC	X00229	S00355
BC	X00229	S00357
BC	X00229	S00359
BC	X00229	S00360
BC	X00229	S00361
BC	X00229	S00363
BC	X00229	S00367
BC	X00229	S00368
BC	X00229	S00370
BC	X00229	S00378
BC	X00229	S00379
BC	X00229	S00380
BC	X00229	S00383
BC	X00229	S00384
BC	X00229	S00385
BC	X00229	S00388
BC	X00229	S00389
BC	X00229	S00390
BC	X00229	S00392
BC	X00229	S00393
BC	X00229	S00394
BC	X00229	S00397
BC	X00229	S00398
BC	X00229	S00399
BC	X00229	S00402
BC	X00229	S00403
BC	X00229	S00406
BC	X00229	S00409
BC	X00229	S00410
BC	X00229	S00411
BC	X00229	S00414
BC	X00229	S00415
BC	X00229	S00416
BC	X00229	S00418
BC	X00229	S00420
BC	X00229	S00421
BC	X00229	S00423
BC	X00229	S00425
BC	X00229	S00426
BC	X00229	S00428
BC	X00229	S00430
BC	X00229	S00431
BC	X00229	S00433
BC	X00229	S00437
BC	X00229	S00439
BC	X00229	S00440
BC	X00229	S00448
BC	X00229	S00449
BC	X00229	S00450
BC	X00229	S00453
BC	X00229	S00454
BC	X00229	S00455
BC	X00229	S00458
BC	X00229	S00459
BC	X00230	S00231
BC	X00230	S00232
BC	X00230	S00237
BC	X00230	S00241
BC	X00230	S00243
BC	X00230	S00244
BC	X00230	S00249
BC	X00230	S00250
BC	X00230	S00345
BC	X00230	S00347
BC	X00230	S00348
BC	X00230	S00353
BC	X00230	S00357
BC	X00230	S00359
BC	X00230	S00361
BC	X00230	S00363
BC	X00231	S00155
BC	X00231	S00156
BC	X00231	S00161
BC	X00231	S00163
BC	X00231	S00169
BC	X00231	S00170
BC	X00231	S00177
BC	X00231	S00178
BC	X00231	S00186
BC	X00231	S00188
BC	X00231	S00194
BC	X00231	S00195
BC	X00231	S00201
BC	X00231	S00203
BC	X00231	S00207
BC	X00231	S00208
BC	X00231	S00212
BC	X00231	S00213
BC	X00231	S00217
BC	X00231	S00218
BC	X00231	S00221
BC	X00231	S00223
BC	X00231	S00227
BC	X00231	S00228
BC	X00231	S00255
BC	X00231	S00257
BC	X00231	S00262
BC	X00231	S00263
BC	X00231	S00266
BC	X00231	S00268
BC	X00231	S00269
BC	X00231	S00272
BC	X00231	S00274
BC	X00231	S00277
BC	X00231	S00279
BC	X00231	S00282
BC	X00231	S00284
BC	X00231	S00287
BC	X00231	S00289
BC	X00231	S00292
BC	X00231	S00293
BC	X00231	S00299
BC	X00231	S00300
BC	X00231	S00306
BC	X00231	S00307
BC	X00231	S00314
BC	X00231	S00315
BC	X00231	S00319
BC	X00231	S00320
BC	X00231	S00321
BC	X00231	S00325
BC	X00231	S00326
BC	X00231	S00329
BC	X00231	S00331
BC	X00231	S00335
BC	X00231	S00336
BC	X00231	S00368
BC	X00231	S00370
BC	X00231	S00376
BC	X00231	S00377
BC	X00231	S00384
BC	X00231	S00385
BC	X00231	S00388
BC	X00231	S00390
BC	X00231	S00392
BC	X00231	S00394
BC	X00231	S00398
BC	X00231	S00399
BC	X00231	S00402
BC	X00231	S00406
BC	X00231	S00410
BC	X00231	S00411
BC	X00231	S00414
BC	X00231	S00415
BC	X00231	S00418
BC	X00231	S00420
BC	X00231	S00423
BC	X00231	S00426
BC	X00231	S00428
BC	X00231	S00431
BC	X00231	S00437
BC	X00231	S00440
BC	X00231	S00446
BC	X00231	S00447
BC	X00231	S00454
BC	X00231	S00455
BC	X00231	S00458
BC	X00231	S00459
BC	X00232	S00156
BC	X00232	S00163
BC	X00232	S00173
BC	X00232	S00178
BC	X00232	S00188
BC	X00232	S00198
BC	X00232	S00203
BC	X00232	S00208
BC	X00232	S00213
BC	X00232	S00218
BC	X00232	S00223
BC	X00232	S00228
BC	X00232	S00231
BC	X00232	S00237
BC	X00232	S00243
BC	X00232	S00249
BC	X00232	S00257
BC	X00232	S00263
BC	X00232	S00268
BC	X00232	S00272
BC	X00232	S00274
BC	X00232	S00279
BC	X00232	S00284
BC	X00232	S00289
BC	X00232	S00300
BC	X00232	S00310
BC	X00232	S00315
BC	X00232	S00319
BC	X00232	S00321
BC	X00232	S00326
BC	X00232	S00331
BC	X00232	S00336
BC	X00232	S00347
BC	X00232	S00353
BC	X00232	S00359
BC	X00232	S00363
BC	X00232	S00370
BC	X00232	S00380
BC	X00232	S00385
BC	X00232	S00390
BC	X00232	S00394
BC	X00232	S00399
BC	X00232	S00406
BC	X00232	S00411
BC	X00232	S00414
BC	X00232	S00418
BC	X00232	S00423
BC	X00232	S00428
BC	X00232	S00440
BC	X00232	S00450
BC	X00232	S00455
BC	X00232	S00459
BC	X00233	S00155
BC	X00233	S00156
BC	X00233	S00161
BC	X00233	S00163
BC	X00233	S00172
BC	X00233	S00173
BC	X00233	S00177
BC	X00233	S00178
BC	X00233	S00186
BC	X00233	S00188
BC	X00233	S00196
BC	X00233	S00198
BC	X00233	S00201
BC	X00233	S00203
BC	X00233	S00207
BC	X00233	S00208
BC	X00233	S00212
BC	X00233	S00213
BC	X00233	S00217
BC	X00233	S00218
BC	X00233	S00221
BC	X00233	S00223
BC	X00233	S00227
BC	X00233	S00228
BC	X00233	S00231
BC	X00233	S00232
BC	X00233	S00237
BC	X00233	S00241
BC	X00233	S00243
BC	X00233	S00244
BC	X00233	S00249
BC	X00233	S00250
BC	X00233	S00255
BC	X00233	S00257
BC	X00233	S00262
BC	X00233	S00263
BC	X00233	S00266
BC	X00233	S00268
BC	X00233	S00269
BC	X00233	S00272
BC	X00233	S00274
BC	X00233	S00277
BC	X00233	S00279
BC	X00233	S00282
BC	X00233	S00284
BC	X00233	S00287
BC	X00233	S00289
BC	X00233	S00292
BC	X00233	S00293
BC	X00233	S00299
BC	X00233	S00300
BC	X00233	S00308
BC	X00233	S00310
BC	X00233	S00314
BC	X00233	S00315
BC	X00233	S00319
BC	X00233	S00320
BC	X00233	S00321
BC	X00233	S00325
BC	X00233	S00326
BC	X00233	S00329
BC	X00233	S00331
BC	X00233	S00335
BC	X00233	S00336
BC	X00233	S00345
BC	X00233	S00347
BC	X00233	S00348
BC	X00233	S00353
BC	X00233	S00357
BC	X00233	S00359
BC	X00233	S00361
BC	X00233	S00363
BC	X00233	S00368
BC	X00233	S00370
BC	X00233	S00379
BC	X00233	S00380
BC	X00233	S00384
BC	X00233	S00385
BC	X00233	S00388
BC	X00233	S00390
BC	X00233	S00392
BC	X00233	S00394
BC	X00233	S00398
BC	X00233	S00399
BC	X00233	S00402
BC	X00233	S00406
BC	X00233	S00410
BC	X00233	S00411
BC	X00233	S00414
BC	X00233	S00415
BC	X00233	S00418
BC	X00233	S00420
BC	X00233	S00423
BC	X00233	S00426
BC	X00233	S00428
BC	X00233	S00431
BC	X00233	S00437
BC	X00233	S00440
BC	X00233	S00448
BC	X00233	S00450
BC	X00233	S00454
BC	X00233	S00455
BC	X00233	S00458
BC	X00233	S00459
BC	X00234	S00155
BC	X00234	S00156
BC	X00234	S00160
BC	X00234	S00161
BC	X00234	S00163
BC	X00234	S00171
BC	X00234	S00172
BC	X00234	S00173
BC	X00234	S00176
BC	X00234	S00177
BC	X00234	S00178
BC	X00234	S00181
BC	X00234	S00185
BC	X00234	S00186
BC	X00234	S00188
BC	X00234	S00196
BC	X00234	S00197
BC	X00234	S00198
BC	X00234	S00201
BC	X00234	S00202
BC	X00234	S00203
BC	X00234	S00206
BC	X00234	S00207
BC	X00234	S00208
BC	X00234	S00211
BC	X00234	S00212
BC	X00234	S00213
BC	X00234	S00216
BC	X00234	S00217
BC	X00234	S00218
BC	X00234	S00221
BC	X00234	S00222
BC	X00234	S00223
BC	X00234	S00226
BC	X00234	S00227
BC	X00234	S00228
BC	X00234	S00229
BC	X00234	S00231
BC	X00234	S00232
BC	X00234	S00234
BC	X00234	S00237
BC	X00234	S00239
BC	X00234	S00241
BC	X00234	S00243
BC	X00234	S00244
BC	X00234	S00246
BC	X00234	S00249
BC	X00234	S00250
BC	X00234	S00254
BC	X00234	S00255
BC	X00234	S00257
BC	X00234	S00261
BC	X00234	S00262
BC	X00234	S00263
BC	X00234	S00266
BC	X00234	S00267
BC	X00234	S00268
BC	X00234	S00269
BC	X00234	S00270
BC	X00234	S00272
BC	X00234	S00274
BC	X00234	S00276
BC	X00234	S00277
BC	X00234	S00279
BC	X00234	S00281
BC	X00234	S00282
BC	X00234	S00284
BC	X00234	S00286
BC	X00234	S00287
BC	X00234	S00289
BC	X00234	S00291
BC	X00234	S00292
BC	X00234	S00293
BC	X00234	S00298
BC	X00234	S00299
BC	X00234	S00300
BC	X00234	S00308
BC	X00234	S00309
BC	X00234	S00310
BC	X00234	S00313
BC	X00234	S00314
BC	X00234	S00315
BC	X00234	S00318
BC	X00234	S00319
BC	X00234	S00320
BC	X00234	S00321
BC	X00234	S00324
BC	X00234	S00325
BC	X00234	S00326
BC	X00234	S00329
BC	X00234	S00330
BC	X00234	S00331
BC	X00234	S00334
BC	X00234	S00335
BC	X00234	S00336
BC	X00234	S00339
BC	X00234	S00342
BC	X00234	S00345
BC	X00234	S00347
BC	X00234	S00348
BC	X00234	S00350
BC	X00234	S00353
BC	X00234	S00355
BC	X00234	S00357
BC	X00234	S00359
BC	X00234	S00360
BC	X00234	S00361
BC	X00234	S00363
BC	X00234	S00367
BC	X00234	S00368
BC	X00234	S00370
BC	X00234	S00378
BC	X00234	S00379
BC	X00234	S00380
BC	X00234	S00383
BC	X00234	S00384
BC	X00234	S00385
BC	X00234	S00388
BC	X00234	S00389
BC	X00234	S00390
BC	X00234	S00392
BC	X00234	S00393
BC	X00234	S00394
BC	X00234	S00397
BC	X00234	S00398
BC	X00234	S00399
BC	X00234	S00402
BC	X00234	S00403
BC	X00234	S00406
BC	X00234	S00409
BC	X00234	S00410
BC	X00234	S00411
BC	X00234	S00414
BC	X00234	S00415
BC	X00234	S00416
BC	X00234	S00418
BC	X00234	S00420
BC	X00234	S00421
BC	X00234	S00423
BC	X00234	S00425
BC	X00234	S00426
BC	X00234	S00428
BC	X00234	S00430
BC	X00234	S00431
BC	X00234	S00433
BC	X00234	S00437
BC	X00234	S00439
BC	X00234	S00440
BC	X00234	S00448
BC	X00234	S00449
BC	X00234	S00450
BC	X00234	S00453
BC	X00234	S00454
BC	X00234	S00455
BC	X00234	S00458
BC	X00234	S00459
BC	X00235	S00231
BC	X00235	S00237
BC	X00235	S00243
BC	X00235	S00249
BC	X00235	S00347
BC	X00235	S00353
BC	X00235	S00359
BC	X00235	S00363
BC	X00236	S00156
BC	X00236	S00163
BC	X00236	S00170
BC	X00236	S00178
BC	X00236	S00188
BC	X00236	S00195
BC	X00236	S00203
BC	X00236	S00208
BC	X00236	S00213
BC	X00236	S00218
BC	X00236	S00223
BC	X00236	S00228
BC	X00236	S00257
BC	X00236	S00263
BC	X00236	S00268
BC	X00236	S00272
BC	X00236	S00274
BC	X00236	S00279
BC	X00236	S00284
BC	X00236	S00289
BC	X00236	S00300
BC	X00236	S00307
BC	X00236	S00315
BC	X00236	S00319
BC	X00236	S00321
BC	X00236	S00326
BC	X00236	S00331
BC	X00236	S00336
BC	X00236	S00370
BC	X00236	S00377
BC	X00236	S00385
BC	X00236	S00390
BC	X00236	S00394
BC	X00236	S00399
BC	X00236	S00406
BC	X00236	S00411
BC	X00236	S00414
BC	X00236	S00418
BC	X00236	S00423
BC	X00236	S00428
BC	X00236	S00440
BC	X00236	S00447
BC	X00236	S00455
BC	X00236	S00459
BC	X00237	S00156
BC	X00237	S00163
BC	X00237	S00173
BC	X00237	S00178
BC	X00237	S00188
BC	X00237	S00198
BC	X00237	S00203
BC	X00237	S00208
BC	X00237	S00213
BC	X00237	S00218
BC	X00237	S00223
BC	X00237	S00228
BC	X00237	S00231
BC	X00237	S00237
BC	X00237	S00243
BC	X00237	S00249
BC	X00237	S00257
BC	X00237	S00263
BC	X00237	S00268
BC	X00237	S00272
BC	X00237	S00274
BC	X00237	S00279
BC	X00237	S00284
BC	X00237	S00289
BC	X00237	S00300
BC	X00237	S00310
BC	X00237	S00315
BC	X00237	S00319
BC	X00237	S00321
BC	X00237	S00326
BC	X00237	S00331
BC	X00237	S00336
BC	X00237	S00347
BC	X00237	S00353
BC	X00237	S00359
BC	X00237	S00363
BC	X00237	S00370
BC	X00237	S00380
BC	X00237	S00385
BC	X00237	S00390
BC	X00237	S00394
BC	X00237	S00399
BC	X00237	S00406
BC	X00237	S00411
BC	X00237	S00414
BC	X00237	S00418
BC	X00237	S00423
BC	X00237	S00428
BC	X00237	S00440
BC	X00237	S00450
BC	X00237	S00455
BC	X00237	S00459
BC	X00238	S00155
BC	X00238	S00156
BC	X00238	S00161
BC	X00238	S00163
BC	X00238	S00172
BC	X00238	S00173
BC	X00238	S00177
BC	X00238	S00178
BC	X00238	S00186
BC	X00238	S00188
BC	X00238	S00196
BC	X00238	S00198
BC	X00238	S00201
BC	X00238	S00203
BC	X00238	S00207
BC	X00238	S00208
BC	X00238	S00212
BC	X00238	S00213
BC	X00238	S00217
BC	X00238	S00218
BC	X00238	S00221
BC	X00238	S00223
BC	X00238	S00227
BC	X00238	S00228
BC	X00238	S00231
BC	X00238	S00232
BC	X00238	S00237
BC	X00238	S00241
BC	X00238	S00243
BC	X00238	S00244
BC	X00238	S00249
BC	X00238	S00250
BC	X00238	S00255
BC	X00238	S00257
BC	X00238	S00262
BC	X00238	S00263
BC	X00238	S00266
BC	X00238	S00268
BC	X00238	S00269
BC	X00238	S00272
BC	X00238	S00274
BC	X00238	S00277
BC	X00238	S00279
BC	X00238	S00282
BC	X00238	S00284
BC	X00238	S00287
BC	X00238	S00289
BC	X00238	S00292
BC	X00238	S00293
BC	X00238	S00299
BC	X00238	S00300
BC	X00238	S00308
BC	X00238	S00310
BC	X00238	S00314
BC	X00238	S00315
BC	X00238	S00319
BC	X00238	S00320
BC	X00238	S00321
BC	X00238	S00325
BC	X00238	S00326
BC	X00238	S00329
BC	X00238	S00331
BC	X00238	S00335
BC	X00238	S00336
BC	X00238	S00345
BC	X00238	S00347
BC	X00238	S00348
BC	X00238	S00353
BC	X00238	S00357
BC	X00238	S00359
BC	X00238	S00361
BC	X00238	S00363
BC	X00238	S00368
BC	X00238	S00370
BC	X00238	S00379
BC	X00238	S00380
BC	X00238	S00384
BC	X00238	S00385
BC	X00238	S00388
BC	X00238	S00390
BC	X00238	S00392
BC	X00238	S00394
BC	X00238	S00398
BC	X00238	S00399
BC	X00238	S00402
BC	X00238	S00406
BC	X00238	S00410
BC	X00238	S00411
BC	X00238	S00414
BC	X00238	S00415
BC	X00238	S00418
BC	X00238	S00420
BC	X00238	S00423
BC	X00238	S00426
BC	X00238	S00428
BC	X00238	S00431
BC	X00238	S00437
BC	X00238	S00440
BC	X00238	S00448
BC	X00238	S00450
BC	X00238	S00454
BC	X00238	S00455
BC	X00238	S00458
BC	X00238	S00459
BC	X00239	S00155
BC	X00239	S00156
BC	X00239	S00160
BC	X00239	S00161
BC	X00239	S00163
BC	X00239	S00171
BC	X00239	S00172
BC	X00239	S00173
BC	X00239	S00176
BC	X00239	S00177
BC	X00239	S00178
BC	X00239	S00181
BC	X00239	S00185
BC	X00239	S00186
BC	X00239	S00188
BC	X00239	S00196
BC	X00239	S00197
BC	X00239	S00198
BC	X00239	S00201
BC	X00239	S00202
BC	X00239	S00203
BC	X00239	S00206
BC	X00239	S00207
BC	X00239	S00208
BC	X00239	S00211
BC	X00239	S00212
BC	X00239	S00213
BC	X00239	S00216
BC	X00239	S00217
BC	X00239	S00218
BC	X00239	S00221
BC	X00239	S00222
BC	X00239	S00223
BC	X00239	S00226
BC	X00239	S00227
BC	X00239	S00228
BC	X00239	S00229
BC	X00239	S00231
BC	X00239	S00232
BC	X00239	S00234
BC	X00239	S00237
BC	X00239	S00239
BC	X00239	S00241
BC	X00239	S00243
BC	X00239	S00244
BC	X00239	S00246
BC	X00239	S00249
BC	X00239	S00250
BC	X00239	S00254
BC	X00239	S00255
BC	X00239	S00257
BC	X00239	S00261
BC	X00239	S00262
BC	X00239	S00263
BC	X00239	S00266
BC	X00239	S00267
BC	X00239	S00268
BC	X00239	S00269
BC	X00239	S00270
BC	X00239	S00272
BC	X00239	S00274
BC	X00239	S00276
BC	X00239	S00277
BC	X00239	S00279
BC	X00239	S00281
BC	X00239	S00282
BC	X00239	S00284
BC	X00239	S00286
BC	X00239	S00287
BC	X00239	S00289
BC	X00239	S00291
BC	X00239	S00292
BC	X00239	S00293
BC	X00239	S00298
BC	X00239	S00299
BC	X00239	S00300
BC	X00239	S00308
BC	X00239	S00309
BC	X00239	S00310
BC	X00239	S00313
BC	X00239	S00314
BC	X00239	S00315
BC	X00239	S00318
BC	X00239	S00319
BC	X00239	S00320
BC	X00239	S00321
BC	X00239	S00324
BC	X00239	S00325
BC	X00239	S00326
BC	X00239	S00329
BC	X00239	S00330
BC	X00239	S00331
BC	X00239	S00334
BC	X00239	S00335
BC	X00239	S00336
BC	X00239	S00339
BC	X00239	S00342
BC	X00239	S00345
BC	X00239	S00347
BC	X00239	S00348
BC	X00239	S00350
BC	X00239	S00353
BC	X00239	S00355
BC	X00239	S00357
BC	X00239	S00359
BC	X00239	S00360
BC	X00239	S00361
BC	X00239	S00363
BC	X00239	S00367
BC	X00239	S00368
BC	X00239	S00370
BC	X00239	S00378
BC	X00239	S00379
BC	X00239	S00380
BC	X00239	S00383
BC	X00239	S00384
BC	X00239	S00385
BC	X00239	S00388
BC	X00239	S00389
BC	X00239	S00390
BC	X00239	S00392
BC	X00239	S00393
BC	X00239	S00394
BC	X00239	S00397
BC	X00239	S00398
BC	X00239	S00399
BC	X00239	S00402
BC	X00239	S00403
BC	X00239	S00406
BC	X00239	S00409
BC	X00239	S00410
BC	X00239	S00411
BC	X00239	S00414
BC	X00239	S00415
BC	X00239	S00416
BC	X00239	S00418
BC	X00239	S00420
BC	X00239	S00421
BC	X00239	S00423
BC	X00239	S00425
BC	X00239	S00426
BC	X00239	S00428
BC	X00239	S00430
BC	X00239	S00431
BC	X00239	S00433
BC	X00239	S00437
BC	X00239	S00439
BC	X00239	S00440
BC	X00239	S00448
BC	X00239	S00449
BC	X00239	S00450
BC	X00239	S00453
BC	X00239	S00454
BC	X00239	S00455
BC	X00239	S00458
BC	X00239	S00459
BC	X00240	S00171
BC	X00240	S00172
BC	X00240	S00173
BC	X00240	S00196
BC	X00240	S00197
BC	X00240	S00198
BC	X00240	S00229
BC	X00240	S00231
BC	X00240	S00232
BC	X00240	S00234
BC	X00240	S00237
BC	X00240	S00239
BC	X00240	S00241
BC	X00240	S00243
BC	X00240	S00244
BC	X00240	S00246
BC	X00240	S00249
BC	X00240	S00250
BC	X00240	S00308
BC	X00240	S00309
BC	X00240	S00310
BC	X00240	S00342
BC	X00240	S00345
BC	X00240	S00347
BC	X00240	S00348
BC	X00240	S00350
BC	X00240	S00353
BC	X00240	S00355
BC	X00240	S00357
BC	X00240	S00359
BC	X00240	S00360
BC	X00240	S00361
BC	X00240	S00363
BC	X00240	S00378
BC	X00240	S00379
BC	X00240	S00380
BC	X00240	S00448
BC	X00240	S00449
BC	X00240	S00450
BC	X00241	S00155
BC	X00241	S00156
BC	X00241	S00160
BC	X00241	S00161
BC	X00241	S00163
BC	X00241	S00176
BC	X00241	S00177
BC	X00241	S00178
BC	X00241	S00181
BC	X00241	S00185
BC	X00241	S00186
BC	X00241	S00188
BC	X00241	S00201
BC	X00241	S00202
BC	X00241	S00203
BC	X00241	S00206
BC	X00241	S00207
BC	X00241	S00208
BC	X00241	S00211
BC	X00241	S00212
BC	X00241	S00213
BC	X00241	S00216
BC	X00241	S00217
BC	X00241	S00218
BC	X00241	S00221
BC	X00241	S00222
BC	X00241	S00223
BC	X00241	S00226
BC	X00241	S00227
BC	X00241	S00228
BC	X00241	S00254
BC	X00241	S00255
BC	X00241	S00257
BC	X00241	S00261
BC	X00241	S00262
BC	X00241	S00263
BC	X00241	S00266
BC	X00241	S00267
BC	X00241	S00268
BC	X00241	S00269
BC	X00241	S00270
BC	X00241	S00272
BC	X00241	S00274
BC	X00241	S00276
BC	X00241	S00277
BC	X00241	S00279
BC	X00241	S00281
BC	X00241	S00282
BC	X00241	S00284
BC	X00241	S00286
BC	X00241	S00287
BC	X00241	S00289
BC	X00241	S00291
BC	X00241	S00292
BC	X00241	S00293
BC	X00241	S00298
BC	X00241	S00299
BC	X00241	S00300
BC	X00241	S00313
BC	X00241	S00314
BC	X00241	S00315
BC	X00241	S00318
BC	X00241	S00319
BC	X00241	S00320
BC	X00241	S00321
BC	X00241	S00324
BC	X00241	S00325
BC	X00241	S00326
BC	X00241	S00329
BC	X00241	S00330
BC	X00241	S00331
BC	X00241	S00334
BC	X00241	S00335
BC	X00241	S00336
BC	X00241	S00339
BC	X00241	S00367
BC	X00241	S00368
BC	X00241	S00370
BC	X00241	S00383
BC	X00241	S00384
BC	X00241	S00385
BC	X00241	S00388
BC	X00241	S00389
BC	X00241	S00390
BC	X00241	S00392
BC	X00241	S00393
BC	X00241	S00394
BC	X00241	S00397
BC	X00241	S00398
BC	X00241	S00399
BC	X00241	S00402
BC	X00241	S00403
BC	X00241	S00406
BC	X00241	S00409
BC	X00241	S00410
BC	X00241	S00411
BC	X00241	S00414
BC	X00241	S00415
BC	X00241	S00416
BC	X00241	S00418
BC	X00241	S00420
BC	X00241	S00421
BC	X00241	S00423
BC	X00241	S00425
BC	X00241	S00426
BC	X00241	S00428
BC	X00241	S00430
BC	X00241	S00431
BC	X00241	S00433
BC	X00241	S00437
BC	X00241	S00439
BC	X00241	S00440
BC	X00241	S00453
BC	X00241	S00454
BC	X00241	S00455
BC	X00241	S00458
BC	X00241	S00459
BC	X00242	S00231
BC	X00242	S00237
BC	X00242	S00243
BC	X00242	S00249
BC	X00242	S00347
BC	X00242	S00353
BC	X00242	S00359
BC	X00242	S00363
BC	X00243	S00231
BC	X00243	S00232
BC	X00243	S00237
BC	X00243	S00241
BC	X00243	S00243
BC	X00243	S00244
BC	X00243	S00249
BC	X00243	S00250
BC	X00243	S00345
BC	X00243	S00347
BC	X00243	S00348
BC	X00243	S00353
BC	X00243	S00357
BC	X00243	S00359
BC	X00243	S00361
BC	X00243	S00363
BC	X00244	S00156
BC	X00244	S00163
BC	X00244	S00173
BC	X00244	S00178
BC	X00244	S00188
BC	X00244	S00198
BC	X00244	S00203
BC	X00244	S00208
BC	X00244	S00213
BC	X00244	S00218
BC	X00244	S00223
BC	X00244	S00228
BC	X00244	S00231
BC	X00244	S00237
BC	X00244	S00243
BC	X00244	S00249
BC	X00244	S00257
BC	X00244	S00263
BC	X00244	S00268
BC	X00244	S00272
BC	X00244	S00274
BC	X00244	S00279
BC	X00244	S00284
BC	X00244	S00289
BC	X00244	S00300
BC	X00244	S00310
BC	X00244	S00315
BC	X00244	S00319
BC	X00244	S00321
BC	X00244	S00326
BC	X00244	S00331
BC	X00244	S00336
BC	X00244	S00347
BC	X00244	S00353
BC	X00244	S00359
BC	X00244	S00363
BC	X00244	S00370
BC	X00244	S00380
BC	X00244	S00385
BC	X00244	S00390
BC	X00244	S00394
BC	X00244	S00399
BC	X00244	S00406
BC	X00244	S00411
BC	X00244	S00414
BC	X00244	S00418
BC	X00244	S00423
BC	X00244	S00428
BC	X00244	S00440
BC	X00244	S00450
BC	X00244	S00455
BC	X00244	S00459
BC	X00245	S00155
BC	X00245	S00156
BC	X00245	S00161
BC	X00245	S00163
BC	X00245	S00172
BC	X00245	S00173
BC	X00245	S00177
BC	X00245	S00178
BC	X00245	S00186
BC	X00245	S00188
BC	X00245	S00196
BC	X00245	S00198
BC	X00245	S00201
BC	X00245	S00203
BC	X00245	S00207
BC	X00245	S00208
BC	X00245	S00212
BC	X00245	S00213
BC	X00245	S00217
BC	X00245	S00218
BC	X00245	S00221
BC	X00245	S00223
BC	X00245	S00227
BC	X00245	S00228
BC	X00245	S00231
BC	X00245	S00232
BC	X00245	S00237
BC	X00245	S00241
BC	X00245	S00243
BC	X00245	S00244
BC	X00245	S00249
BC	X00245	S00250
BC	X00245	S00255
BC	X00245	S00257
BC	X00245	S00262
BC	X00245	S00263
BC	X00245	S00266
BC	X00245	S00268
BC	X00245	S00269
BC	X00245	S00272
BC	X00245	S00274
BC	X00245	S00277
BC	X00245	S00279
BC	X00245	S00282
BC	X00245	S00284
BC	X00245	S00287
BC	X00245	S00289
BC	X00245	S00292
BC	X00245	S00293
BC	X00245	S00299
BC	X00245	S00300
BC	X00245	S00308
BC	X00245	S00310
BC	X00245	S00314
BC	X00245	S00315
BC	X00245	S00319
BC	X00245	S00320
BC	X00245	S00321
BC	X00245	S00325
BC	X00245	S00326
BC	X00245	S00329
BC	X00245	S00331
BC	X00245	S00335
BC	X00245	S00336
BC	X00245	S00345
BC	X00245	S00347
BC	X00245	S00348
BC	X00245	S00353
BC	X00245	S00357
BC	X00245	S00359
BC	X00245	S00361
BC	X00245	S00363
BC	X00245	S00368
BC	X00245	S00370
BC	X00245	S00379
BC	X00245	S00380
BC	X00245	S00384
BC	X00245	S00385
BC	X00245	S00388
BC	X00245	S00390
BC	X00245	S00392
BC	X00245	S00394
BC	X00245	S00398
BC	X00245	S00399
BC	X00245	S00402
BC	X00245	S00406
BC	X00245	S00410
BC	X00245	S00411
BC	X00245	S00414
BC	X00245	S00415
BC	X00245	S00418
BC	X00245	S00420
BC	X00245	S00423
BC	X00245	S00426
BC	X00245	S00428
BC	X00245	S00431
BC	X00245	S00437
BC	X00245	S00440
BC	X00245	S00448
BC	X00245	S00450
BC	X00245	S00454
BC	X00245	S00455
BC	X00245	S00458
BC	X00245	S00459
BC	X00246	S00155
BC	X00246	S00156
BC	X00246	S00160
BC	X00246	S00161
BC	X00246	S00163
BC	X00246	S00171
BC	X00246	S00172
BC	X00246	S00173
BC	X00246	S00176
BC	X00246	S00177
BC	X00246	S00178
BC	X00246	S00181
BC	X00246	S00185
BC	X00246	S00186
BC	X00246	S00188
BC	X00246	S00196
BC	X00246	S00197
BC	X00246	S00198
BC	X00246	S00201
BC	X00246	S00202
BC	X00246	S00203
BC	X00246	S00206
BC	X00246	S00207
BC	X00246	S00208
BC	X00246	S00211
BC	X00246	S00212
BC	X00246	S00213
BC	X00246	S00216
BC	X00246	S00217
BC	X00246	S00218
BC	X00246	S00221
BC	X00246	S00222
BC	X00246	S00223
BC	X00246	S00226
BC	X00246	S00227
BC	X00246	S00228
BC	X00246	S00229
BC	X00246	S00231
BC	X00246	S00232
BC	X00246	S00234
BC	X00246	S00237
BC	X00246	S00239
BC	X00246	S00241
BC	X00246	S00243
BC	X00246	S00244
BC	X00246	S00246
BC	X00246	S00249
BC	X00246	S00250
BC	X00246	S00254
BC	X00246	S00255
BC	X00246	S00257
BC	X00246	S00261
BC	X00246	S00262
BC	X00246	S00263
BC	X00246	S00266
BC	X00246	S00267
BC	X00246	S00268
BC	X00246	S00269
BC	X00246	S00270
BC	X00246	S00272
BC	X00246	S00274
BC	X00246	S00276
BC	X00246	S00277
BC	X00246	S00279
BC	X00246	S00281
BC	X00246	S00282
BC	X00246	S00284
BC	X00246	S00286
BC	X00246	S00287
BC	X00246	S00289
BC	X00246	S00291
BC	X00246	S00292
BC	X00246	S00293
BC	X00246	S00298
BC	X00246	S00299
BC	X00246	S00300
BC	X00246	S00308
BC	X00246	S00309
BC	X00246	S00310
BC	X00246	S00313
BC	X00246	S00314
BC	X00246	S00315
BC	X00246	S00318
BC	X00246	S00319
BC	X00246	S00320
BC	X00246	S00321
BC	X00246	S00324
BC	X00246	S00325
BC	X00246	S00326
BC	X00246	S00329
BC	X00246	S00330
BC	X00246	S00331
BC	X00246	S00334
BC	X00246	S00335
BC	X00246	S00336
BC	X00246	S00339
BC	X00246	S00342
BC	X00246	S00345
BC	X00246	S00347
BC	X00246	S00348
BC	X00246	S00350
BC	X00246	S00353
BC	X00246	S00355
BC	X00246	S00357
BC	X00246	S00359
BC	X00246	S00360
BC	X00246	S00361
BC	X00246	S00363
BC	X00246	S00367
BC	X00246	S00368
BC	X00246	S00370
BC	X00246	S00378
BC	X00246	S00379
BC	X00246	S00380
BC	X00246	S00383
BC	X00246	S00384
BC	X00246	S00385
BC	X00246	S00388
BC	X00246	S00389
BC	X00246	S00390
BC	X00246	S00392
BC	X00246	S00393
BC	X00246	S00394
BC	X00246	S00397
BC	X00246	S00398
BC	X00246	S00399
BC	X00246	S00402
BC	X00246	S00403
BC	X00246	S00406
BC	X00246	S00409
BC	X00246	S00410
BC	X00246	S00411
BC	X00246	S00414
BC	X00246	S00415
BC	X00246	S00416
BC	X00246	S00418
BC	X00246	S00420
BC	X00246	S00421
BC	X00246	S00423
BC	X00246	S00425
BC	X00246	S00426
BC	X00246	S00428
BC	X00246	S00430
BC	X00246	S00431
BC	X00246	S00433
BC	X00246	S00437
BC	X00246	S00439
BC	X00246	S00440
BC	X00246	S00448
BC	X00246	S00449
BC	X00246	S00450
BC	X00246	S00453
BC	X00246	S00454
BC	X00246	S00455
BC	X00246	S00458
BC	X00246	S00459
BC	X00247	S00231
BC	X00247	S00237
BC	X00247	S00243
BC	X00247	S00249
BC	X00247	S00347
BC	X00247	S00353
BC	X00247	S00359
BC	X00247	S00363
BC	X00248	S00231
BC	X00248	S00232
BC	X00248	S00237
BC	X00248	S00241
BC	X00248	S00243
BC	X00248	S00244
BC	X00248	S00249
BC	X00248	S00250
BC	X00248	S00345
BC	X00248	S00347
BC	X00248	S00348
BC	X00248	S00353
BC	X00248	S00357
BC	X00248	S00359
BC	X00248	S00361
BC	X00248	S00363
BC	X00249	S00156
BC	X00249	S00163
BC	X00249	S00173
BC	X00249	S00178
BC	X00249	S00188
BC	X00249	S00198
BC	X00249	S00203
BC	X00249	S00208
BC	X00249	S00213
BC	X00249	S00218
BC	X00249	S00223
BC	X00249	S00228
BC	X00249	S00231
BC	X00249	S00237
BC	X00249	S00243
BC	X00249	S00249
BC	X00249	S00257
BC	X00249	S00263
BC	X00249	S00268
BC	X00249	S00272
BC	X00249	S00274
BC	X00249	S00279
BC	X00249	S00284
BC	X00249	S00289
BC	X00249	S00300
BC	X00249	S00310
BC	X00249	S00315
BC	X00249	S00319
BC	X00249	S00321
BC	X00249	S00326
BC	X00249	S00331
BC	X00249	S00336
BC	X00249	S00347
BC	X00249	S00353
BC	X00249	S00359
BC	X00249	S00363
BC	X00249	S00370
BC	X00249	S00380
BC	X00249	S00385
BC	X00249	S00390
BC	X00249	S00394
BC	X00249	S00399
BC	X00249	S00406
BC	X00249	S00411
BC	X00249	S00414
BC	X00249	S00418
BC	X00249	S00423
BC	X00249	S00428
BC	X00249	S00440
BC	X00249	S00450
BC	X00249	S00455
BC	X00249	S00459
BC	X00250	S00156
BC	X00250	S00163
BC	X00250	S00178
BC	X00250	S00188
BC	X00250	S00203
BC	X00250	S00208
BC	X00250	S00213
BC	X00250	S00218
BC	X00250	S00223
BC	X00250	S00228
BC	X00250	S00257
BC	X00250	S00263
BC	X00250	S00268
BC	X00250	S00272
BC	X00250	S00274
BC	X00250	S00279
BC	X00250	S00284
BC	X00250	S00289
BC	X00250	S00300
BC	X00250	S00315
BC	X00250	S00319
BC	X00250	S00321
BC	X00250	S00326
BC	X00250	S00331
BC	X00250	S00336
BC	X00250	S00370
BC	X00250	S00385
BC	X00250	S00390
BC	X00250	S00394
BC	X00250	S00399
BC	X00250	S00406
BC	X00250	S00411
BC	X00250	S00414
BC	X00250	S00418
BC	X00250	S00423
BC	X00250	S00428
BC	X00250	S00440
BC	X00250	S00455
BC	X00250	S00459
BC	X00251	S00155
BC	X00251	S00156
BC	X00251	S00161
BC	X00251	S00163
BC	X00251	S00172
BC	X00251	S00173
BC	X00251	S00177
BC	X00251	S00178
BC	X00251	S00186
BC	X00251	S00188
BC	X00251	S00196
BC	X00251	S00198
BC	X00251	S00201
BC	X00251	S00203
BC	X00251	S00207
BC	X00251	S00208
BC	X00251	S00212
BC	X00251	S00213
BC	X00251	S00217
BC	X00251	S00218
BC	X00251	S00221
BC	X00251	S00223
BC	X00251	S00227
BC	X00251	S00228
BC	X00251	S00231
BC	X00251	S00232
BC	X00251	S00237
BC	X00251	S00241
BC	X00251	S00243
BC	X00251	S00244
BC	X00251	S00249
BC	X00251	S00250
BC	X00251	S00255
BC	X00251	S00257
BC	X00251	S00262
BC	X00251	S00263
BC	X00251	S00266
BC	X00251	S00268
BC	X00251	S00269
BC	X00251	S00272
BC	X00251	S00274
BC	X00251	S00277
BC	X00251	S00279
BC	X00251	S00282
BC	X00251	S00284
BC	X00251	S00287
BC	X00251	S00289
BC	X00251	S00292
BC	X00251	S00293
BC	X00251	S00299
BC	X00251	S00300
BC	X00251	S00308
BC	X00251	S00310
BC	X00251	S00314
BC	X00251	S00315
BC	X00251	S00319
BC	X00251	S00320
BC	X00251	S00321
BC	X00251	S00325
BC	X00251	S00326
BC	X00251	S00329
BC	X00251	S00331
BC	X00251	S00335
BC	X00251	S00336
BC	X00251	S00345
BC	X00251	S00347
BC	X00251	S00348
BC	X00251	S00353
BC	X00251	S00357
BC	X00251	S00359
BC	X00251	S00361
BC	X00251	S00363
BC	X00251	S00368
BC	X00251	S00370
BC	X00251	S00379
BC	X00251	S00380
BC	X00251	S00384
BC	X00251	S00385
BC	X00251	S00388
BC	X00251	S00390
BC	X00251	S00392
BC	X00251	S00394
BC	X00251	S00398
BC	X00251	S00399
BC	X00251	S00402
BC	X00251	S00406
BC	X00251	S00410
BC	X00251	S00411
BC	X00251	S00414
BC	X00251	S00415
BC	X00251	S00418
BC	X00251	S00420
BC	X00251	S00423
BC	X00251	S00426
BC	X00251	S00428
BC	X00251	S00431
BC	X00251	S00437
BC	X00251	S00440
BC	X00251	S00448
BC	X00251	S00450
BC	X00251	S00454
BC	X00251	S00455
BC	X00251	S00458
BC	X00251	S00459
BC	X00252	S00047
BC	X00252	S00050
BC	X00252	S00053
BC	X00252	S00072
BC	X00252	S00076
BC	X00252	S00082
BC	X00252	S00093
BC	X00252	S00102
BC	X00252	S00103
BC	X00252	S00112
BC	X00252	S00113
BC	X00252	S00114
BC	X00252	S00120
BC	X00252	S00121
BC	X00252	S00122
BC	X00252	S00131
BC	X00252	S00132
BC	X00252	S00141
BC	X00252	S00142
BC	X00252	S00143
BC	X00252	S00149
BC	X00252	S00150
BC	X00252	S00460
BC	X00252	S00461
BC	X00252	S00462
BC	X00252	S00473
BC	X00252	S00485
BC	X00252	S00486
BC	X00252	S00487
BC	X00252	S00498
BC	X00252	S00499
BC	X00252	S00500
BC	X00253	S00058
BC	X00253	S00079
BC	X00253	S00108
BC	X00253	S00118
BC	X00253	S00127
BC	X00253	S00135
BC	X00253	S00147
BC	X00253	S00153
BC	X00253	S00468
BC	X00253	S00478
BC	X00253	S00491
BC	X00253	S00501
BC	X00254	S00048
BC	X00254	S00050
BC	X00254	S00073
BC	X00254	S00076
BC	X00254	S00092
BC	X00254	S00102
BC	X00254	S00113
BC	X00254	S00115
BC	X00254	S00121
BC	X00254	S00124
BC	X00254	S00131
BC	X00254	S00133
BC	X00254	S00140
BC	X00254	S00142
BC	X00254	S00151
BC	X00254	S00461
BC	X00254	S00464
BC	X00254	S00475
BC	X00254	S00484
BC	X00254	S00486
BC	X00254	S00497
BC	X00254	S00499
BC	X00255	S00058
BC	X00255	S00079
BC	X00255	S00108
BC	X00255	S00118
BC	X00255	S00127
BC	X00255	S00135
BC	X00255	S00147
BC	X00255	S00153
BC	X00255	S00467
BC	X00255	S00483
BC	X00255	S00496
BC	X00255	S00501
BC	X00256	S00047
BC	X00256	S00053
BC	X00256	S00072
BC	X00256	S00082
BC	X00256	S00093
BC	X00256	S00103
BC	X00256	S00112
BC	X00256	S00114
BC	X00256	S00120
BC	X00256	S00122
BC	X00256	S00132
BC	X00256	S00141
BC	X00256	S00143
BC	X00256	S00149
BC	X00256	S00150
BC	X00256	S00460
BC	X00256	S00463
BC	X00256	S00474
BC	X00256	S00485
BC	X00256	S00488
BC	X00256	S00498
BC	X00256	S00500
BC	X00257	S00050
BC	X00257	S00076
BC	X00257	S00102
BC	X00257	S00113
BC	X00257	S00121
BC	X00257	S00131
BC	X00257	S00142
BC	X00257	S00461
BC	X00257	S00486
BC	X00257	S00499
BC	X00258	S00058
BC	X00258	S00079
BC	X00258	S00108
BC	X00258	S00118
BC	X00258	S00127
BC	X00258	S00135
BC	X00258	S00147
BC	X00258	S00153
BC	X00258	S00468
BC	X00258	S00478
BC	X00258	S00491
BC	X00258	S00501
BC	X00259	S00056
BC	X00259	S00080
BC	X00259	S00098
BC	X00259	S00110
BC	X00259	S00127
BC	X00259	S00129
BC	X00259	S00137
BC	X00259	S00153
BC	X00259	S00472
BC	X00259	S00482
BC	X00259	S00495
BC	X00259	S00501
BC	X00260	S00055
BC	X00260	S00083
BC	X00260	S00099
BC	X00260	S00117
BC	X00260	S00125
BC	X00260	S00145
BC	X00260	S00152
BC	X00260	S00465
BC	X00260	S00476
BC	X00260	S00489
BC	X00261	S00091
BC	X00261	S00139
BC	X00262	S00048
BC	X00262	S00073
BC	X00262	S00115
BC	X00262	S00124
BC	X00262	S00133
BC	X00262	S00151
BC	X00262	S00464
BC	X00262	S00475
BC	X00262	S00497
BC	X00263	S00104
BC	X00263	S00145
BC	X00263	S00489
BC	X00264	S00051
BC	X00264	S00081
BC	X00264	S00097
BC	X00264	S00117
BC	X00264	S00125
BC	X00264	S00152
BC	X00264	S00465
BC	X00264	S00476
BC	X00265	S00057
BC	X00266	S00052
BC	X00266	S00077
BC	X00266	S00100
BC	X00267	S00058
BC	X00267	S00079
BC	X00267	S00108
BC	X00267	S00118
BC	X00267	S00127
BC	X00267	S00135
BC	X00267	S00147
BC	X00267	S00153
BC	X00267	S00467
BC	X00267	S00483
BC	X00267	S00496
BC	X00267	S00501
BC	X00268	S00049
BC	X00268	S00075
BC	X00268	S00101
BC	X00268	S00111
BC	X00268	S00119
BC	X00268	S00130
BC	X00268	S00138
BC	X00269	S00048
BC	X00269	S00073
BC	X00269	S00115
BC	X00269	S00124
BC	X00269	S00133
BC	X00269	S00151
BC	X00269	S00464
BC	X00269	S00475
BC	X00269	S00497
BC	X00270	S00049
BC	X00270	S00075
BC	X00270	S00101
BC	X00270	S00111
BC	X00270	S00119
BC	X00270	S00130
BC	X00270	S00138
BC	X00271	S00044
BC	X00271	S00045
BC	X00271	S00070
BC	X00271	S00071
BC	X00271	S00094
BC	X00271	S00095
BC	X00271	S00109
BC	X00271	S00128
BC	X00271	S00136
BC	X00271	S00148
BC	X00271	S00153
BC	X00271	S00479
BC	X00271	S00492
BC	X00271	S00501
BC	X00272	S00044
BC	X00272	S00045
BC	X00272	S00070
BC	X00272	S00071
BC	X00272	S00094
BC	X00272	S00095
BC	X00272	S00109
BC	X00272	S00128
BC	X00272	S00136
BC	X00272	S00148
BC	X00272	S00153
BC	X00272	S00479
BC	X00272	S00492
BC	X00272	S00501
BC	X00273	S00047
BC	X00273	S00050
BC	X00273	S00072
BC	X00273	S00076
BC	X00273	S00093
BC	X00273	S00102
BC	X00273	S00112
BC	X00273	S00113
BC	X00273	S00120
BC	X00273	S00121
BC	X00273	S00131
BC	X00273	S00141
BC	X00273	S00142
BC	X00273	S00149
BC	X00273	S00460
BC	X00273	S00461
BC	X00273	S00485
BC	X00273	S00486
BC	X00273	S00498
BC	X00273	S00499
BC	X00274	S00044
BC	X00274	S00045
BC	X00274	S00070
BC	X00274	S00071
BC	X00274	S00094
BC	X00274	S00095
BC	X00274	S00109
BC	X00274	S00128
BC	X00274	S00136
BC	X00274	S00148
BC	X00274	S00153
BC	X00274	S00470
BC	X00274	S00480
BC	X00274	S00493
BC	X00274	S00501
BC	X00275	S00047
BC	X00275	S00053
BC	X00275	S00072
BC	X00275	S00082
BC	X00275	S00093
BC	X00275	S00103
BC	X00275	S00112
BC	X00275	S00114
BC	X00275	S00120
BC	X00275	S00122
BC	X00275	S00132
BC	X00275	S00141
BC	X00275	S00143
BC	X00275	S00149
BC	X00275	S00150
BC	X00275	S00460
BC	X00275	S00463
BC	X00275	S00474
BC	X00275	S00485
BC	X00275	S00488
BC	X00275	S00498
BC	X00275	S00500
BC	X00276	S00050
BC	X00276	S00076
BC	X00276	S00102
BC	X00276	S00113
BC	X00276	S00121
BC	X00276	S00131
BC	X00276	S00142
BC	X00276	S00461
BC	X00276	S00486
BC	X00276	S00499
BC	X00277	S00044
BC	X00277	S00045
BC	X00277	S00070
BC	X00277	S00071
BC	X00277	S00094
BC	X00277	S00095
BC	X00277	S00109
BC	X00277	S00128
BC	X00277	S00136
BC	X00277	S00148
BC	X00277	S00153
BC	X00277	S00471
BC	X00277	S00481
BC	X00277	S00494
BC	X00277	S00501
BC	X00278	S00048
BC	X00278	S00073
BC	X00278	S00092
BC	X00278	S00115
BC	X00278	S00124
BC	X00278	S00133
BC	X00278	S00140
BC	X00278	S00151
BC	X00278	S00464
BC	X00278	S00475
BC	X00278	S00484
BC	X00278	S00497
BC	X00279	S00044
BC	X00279	S00045
BC	X00279	S00070
BC	X00279	S00071
BC	X00279	S00094
BC	X00279	S00095
BC	X00279	S00118
BC	X00279	S00128
BC	X00279	S00136
BC	X00279	S00148
BC	X00279	S00153
BC	X00279	S00470
BC	X00279	S00480
BC	X00279	S00493
BC	X00279	S00501
BC	X00280	S00044
BC	X00280	S00045
BC	X00280	S00070
BC	X00280	S00071
BC	X00280	S00094
BC	X00280	S00095
BC	X00280	S00118
BC	X00280	S00128
BC	X00280	S00136
BC	X00280	S00148
BC	X00280	S00153
BC	X00280	S00470
BC	X00280	S00480
BC	X00280	S00493
BC	X00280	S00501
BC	X00281	S00044
BC	X00281	S00045
BC	X00281	S00070
BC	X00281	S00071
BC	X00281	S00094
BC	X00281	S00095
BC	X00281	S00118
BC	X00281	S00128
BC	X00281	S00136
BC	X00281	S00148
BC	X00281	S00153
BC	X00281	S00471
BC	X00281	S00481
BC	X00281	S00494
BC	X00281	S00501
BC	X00282	S00047
BC	X00282	S00050
BC	X00282	S00072
BC	X00282	S00076
BC	X00282	S00093
BC	X00282	S00102
BC	X00282	S00112
BC	X00282	S00113
BC	X00282	S00120
BC	X00282	S00121
BC	X00282	S00131
BC	X00282	S00141
BC	X00282	S00142
BC	X00282	S00149
BC	X00282	S00460
BC	X00282	S00461
BC	X00282	S00485
BC	X00282	S00486
BC	X00282	S00498
BC	X00282	S00499
BC	X00283	S00045
BC	X00283	S00071
BC	X00283	S00095
BC	X00283	S00109
BC	X00283	S00128
BC	X00283	S00136
BC	X00283	S00148
BC	X00283	S00153
BC	X00283	S00470
BC	X00283	S00480
BC	X00283	S00493
BC	X00283	S00501
BC	X00284	S00053
BC	X00284	S00082
BC	X00284	S00103
BC	X00284	S00114
BC	X00284	S00122
BC	X00284	S00132
BC	X00284	S00143
BC	X00284	S00150
BC	X00284	S00462
BC	X00284	S00473
BC	X00284	S00487
BC	X00284	S00500
BC	X00285	S00046
BC	X00285	S00074
BC	X00285	S00105
BC	X00285	S00116
BC	X00285	S00126
BC	X00285	S00134
BC	X00285	S00146
BC	X00286	S00044
BC	X00286	S00070
BC	X00286	S00094
BC	X00287	S00045
BC	X00287	S00071
BC	X00287	S00095
BC	X00287	S00109
BC	X00287	S00128
BC	X00287	S00136
BC	X00287	S00148
BC	X00287	S00153
BC	X00287	S00470
BC	X00287	S00480
BC	X00287	S00493
BC	X00287	S00501
BC	X00288	S00045
BC	X00288	S00071
BC	X00288	S00095
BC	X00288	S00109
BC	X00288	S00128
BC	X00288	S00136
BC	X00288	S00148
BC	X00288	S00153
BC	X00288	S00471
BC	X00288	S00481
BC	X00288	S00494
BC	X00288	S00501
BC	X00289	S00045
BC	X00289	S00071
BC	X00289	S00095
BC	X00289	S00109
BC	X00289	S00128
BC	X00289	S00136
BC	X00289	S00148
BC	X00289	S00153
BC	X00289	S00471
BC	X00289	S00481
BC	X00289	S00494
BC	X00289	S00501
BC	X00290	S00059
BC	X00290	S00078
BC	X00290	S00107
BC	X00290	S00118
BC	X00290	S00127
BC	X00290	S00135
BC	X00290	S00147
BC	X00290	S00153
BC	X00290	S00466
BC	X00290	S00478
BC	X00290	S00491
BC	X00290	S00501
BC	X00291	S00056
BC	X00291	S00080
BC	X00291	S00098
BC	X00291	S00110
BC	X00291	S00127
BC	X00291	S00129
BC	X00291	S00137
BC	X00291	S00153
BC	X00291	S00472
BC	X00291	S00482
BC	X00291	S00495
BC	X00291	S00501
BC	X00292	S00053
BC	X00292	S00082
BC	X00292	S00103
BC	X00292	S00114
BC	X00292	S00122
BC	X00292	S00132
BC	X00292	S00143
BC	X00292	S00150
BC	X00292	S00462
BC	X00292	S00473
BC	X00292	S00487
BC	X00292	S00500
BC	X00293	S00052
BC	X00293	S00057
BC	X00293	S00058
BC	X00293	S00077
BC	X00293	S00079
BC	X00293	S00100
BC	X00293	S00106
BC	X00293	S00108
BC	X00293	S00118
BC	X00293	S00127
BC	X00293	S00135
BC	X00293	S00147
BC	X00293	S00153
BC	X00293	S00472
BC	X00293	S00483
BC	X00293	S00496
BC	X00293	S00501
BC	X00294	S00047
BC	X00294	S00072
BC	X00294	S00093
BC	X00294	S00112
BC	X00294	S00120
BC	X00294	S00141
BC	X00294	S00149
BC	X00294	S00460
BC	X00294	S00485
BC	X00294	S00498
BC	X00295	S00048
BC	X00295	S00073
BC	X00295	S00092
BC	X00295	S00115
BC	X00295	S00124
BC	X00295	S00133
BC	X00295	S00140
BC	X00295	S00151
BC	X00295	S00464
BC	X00295	S00475
BC	X00295	S00484
BC	X00295	S00497
BC	X00296	S00051
BC	X00296	S00081
BC	X00296	S00097
BC	X00296	S00104
BC	X00296	S00117
BC	X00296	S00125
BC	X00296	S00145
BC	X00296	S00152
BC	X00296	S00465
BC	X00296	S00476
BC	X00296	S00489
BC	X00297	S00052
BC	X00297	S00057
BC	X00297	S00058
BC	X00297	S00077
BC	X00297	S00079
BC	X00297	S00100
BC	X00297	S00106
BC	X00297	S00108
BC	X00297	S00118
BC	X00297	S00127
BC	X00297	S00135
BC	X00297	S00147
BC	X00297	S00153
BC	X00297	S00472
BC	X00297	S00483
BC	X00297	S00496
BC	X00297	S00501
BC	X00298	S00052
BC	X00298	S00053
BC	X00298	S00057
BC	X00298	S00058
BC	X00298	S00077
BC	X00298	S00079
BC	X00298	S00082
BC	X00298	S00100
BC	X00298	S00103
BC	X00298	S00106
BC	X00298	S00108
BC	X00298	S00114
BC	X00298	S00118
BC	X00298	S00122
BC	X00298	S00127
BC	X00298	S00132
BC	X00298	S00135
BC	X00298	S00143
BC	X00298	S00147
BC	X00298	S00150
BC	X00298	S00153
BC	X00298	S00462
BC	X00298	S00472
BC	X00298	S00473
BC	X00298	S00483
BC	X00298	S00487
BC	X00298	S00496
BC	X00298	S00500
BC	X00298	S00501
BC	X00299	S00048
BC	X00299	S00052
BC	X00299	S00057
BC	X00299	S00058
BC	X00299	S00073
BC	X00299	S00077
BC	X00299	S00079
BC	X00299	S00092
BC	X00299	S00100
BC	X00299	S00106
BC	X00299	S00108
BC	X00299	S00115
BC	X00299	S00118
BC	X00299	S00124
BC	X00299	S00127
BC	X00299	S00133
BC	X00299	S00135
BC	X00299	S00140
BC	X00299	S00147
BC	X00299	S00151
BC	X00299	S00153
BC	X00299	S00464
BC	X00299	S00472
BC	X00299	S00475
BC	X00299	S00483
BC	X00299	S00484
BC	X00299	S00496
BC	X00299	S00497
BC	X00299	S00501
BC	X00300	S00048
BC	X00300	S00051
BC	X00300	S00052
BC	X00300	S00057
BC	X00300	S00058
BC	X00300	S00073
BC	X00300	S00077
BC	X00300	S00079
BC	X00300	S00081
BC	X00300	S00092
BC	X00300	S00097
BC	X00300	S00100
BC	X00300	S00104
BC	X00300	S00106
BC	X00300	S00108
BC	X00300	S00115
BC	X00300	S00117
BC	X00300	S00118
BC	X00300	S00124
BC	X00300	S00125
BC	X00300	S00127
BC	X00300	S00133
BC	X00300	S00135
BC	X00300	S00140
BC	X00300	S00145
BC	X00300	S00147
BC	X00300	S00151
BC	X00300	S00152
BC	X00300	S00153
BC	X00300	S00464
BC	X00300	S00465
BC	X00300	S00472
BC	X00300	S00475
BC	X00300	S00476
BC	X00300	S00483
BC	X00300	S00484
BC	X00300	S00489
BC	X00300	S00496
BC	X00300	S00497
BC	X00300	S00501
BC	X00301	S00047
BC	X00301	S00048
BC	X00301	S00050
BC	X00301	S00051
BC	X00301	S00052
BC	X00301	S00053
BC	X00301	S00057
BC	X00301	S00058
BC	X00301	S00072
BC	X00301	S00073
BC	X00301	S00076
BC	X00301	S00077
BC	X00301	S00079
BC	X00301	S00081
BC	X00301	S00082
BC	X00301	S00092
BC	X00301	S00093
BC	X00301	S00097
BC	X00301	S00100
BC	X00301	S00102
BC	X00301	S00103
BC	X00301	S00104
BC	X00301	S00106
BC	X00301	S00108
BC	X00301	S00112
BC	X00301	S00113
BC	X00301	S00114
BC	X00301	S00115
BC	X00301	S00117
BC	X00301	S00118
BC	X00301	S00120
BC	X00301	S00121
BC	X00301	S00122
BC	X00301	S00124
BC	X00301	S00125
BC	X00301	S00127
BC	X00301	S00131
BC	X00301	S00132
BC	X00301	S00133
BC	X00301	S00135
BC	X00301	S00140
BC	X00301	S00141
BC	X00301	S00142
BC	X00301	S00143
BC	X00301	S00145
BC	X00301	S00147
BC	X00301	S00149
BC	X00301	S00150
BC	X00301	S00151
BC	X00301	S00152
BC	X00301	S00153
BC	X00301	S00460
BC	X00301	S00461
BC	X00301	S00462
BC	X00301	S00464
BC	X00301	S00465
BC	X00301	S00472
BC	X00301	S00473
BC	X00301	S00475
BC	X00301	S00476
BC	X00301	S00483
BC	X00301	S00484
BC	X00301	S00485
BC	X00301	S00486
BC	X00301	S00487
BC	X00301	S00489
BC	X00301	S00496
BC	X00301	S00497
BC	X00301	S00498
BC	X00301	S00499
BC	X00301	S00500
BC	X00301	S00501
BC	X00302	S00047
BC	X00302	S00048
BC	X00302	S00050
BC	X00302	S00053
BC	X00302	S00072
BC	X00302	S00073
BC	X00302	S00076
BC	X00302	S00082
BC	X00302	S00092
BC	X00302	S00093
BC	X00302	S00102
BC	X00302	S00103
BC	X00302	S00112
BC	X00302	S00113
BC	X00302	S00114
BC	X00302	S00115
BC	X00302	S00120
BC	X00302	S00121
BC	X00302	S00122
BC	X00302	S00124
BC	X00302	S00131
BC	X00302	S00132
BC	X00302	S00133
BC	X00302	S00140
BC	X00302	S00141
BC	X00302	S00142
BC	X00302	S00143
BC	X00302	S00149
BC	X00302	S00150
BC	X00302	S00151
BC	X00302	S00460
BC	X00302	S00461
BC	X00302	S00463
BC	X00302	S00464
BC	X00302	S00474
BC	X00302	S00475
BC	X00302	S00484
BC	X00302	S00485
BC	X00302	S00486
BC	X00302	S00488
BC	X00302	S00497
BC	X00302	S00498
BC	X00302	S00499
BC	X00302	S00500
BC	X00303	S00051
BC	X00303	S00081
BC	X00303	S00097
BC	X00303	S00104
BC	X00303	S00117
BC	X00303	S00125
BC	X00303	S00145
BC	X00303	S00152
BC	X00303	S00465
BC	X00303	S00476
BC	X00303	S00489
BC	X00304	S00056
BC	X00304	S00080
BC	X00304	S00098
BC	X00304	S00110
BC	X00304	S00127
BC	X00304	S00129
BC	X00304	S00137
BC	X00304	S00153
BC	X00304	S00466
BC	X00304	S00501
BC	X00305	S00048
BC	X00305	S00050
BC	X00305	S00073
BC	X00305	S00076
BC	X00305	S00092
BC	X00305	S00102
BC	X00305	S00113
BC	X00305	S00115
BC	X00305	S00121
BC	X00305	S00124
BC	X00305	S00131
BC	X00305	S00133
BC	X00305	S00140
BC	X00305	S00142
BC	X00305	S00151
BC	X00305	S00461
BC	X00305	S00464
BC	X00305	S00475
BC	X00305	S00484
BC	X00305	S00486
BC	X00305	S00497
BC	X00305	S00499
BC	X00306	S00047
BC	X00306	S00048
BC	X00306	S00053
BC	X00306	S00072
BC	X00306	S00073
BC	X00306	S00082
BC	X00306	S00092
BC	X00306	S00093
BC	X00306	S00103
BC	X00306	S00112
BC	X00306	S00114
BC	X00306	S00115
BC	X00306	S00120
BC	X00306	S00122
BC	X00306	S00124
BC	X00306	S00132
BC	X00306	S00133
BC	X00306	S00140
BC	X00306	S00141
BC	X00306	S00143
BC	X00306	S00149
BC	X00306	S00150
BC	X00306	S00151
BC	X00306	S00460
BC	X00306	S00463
BC	X00306	S00464
BC	X00306	S00474
BC	X00306	S00475
BC	X00306	S00484
BC	X00306	S00485
BC	X00306	S00488
BC	X00306	S00497
BC	X00306	S00498
BC	X00306	S00500
BC	X00307	S00056
BC	X00307	S00080
BC	X00307	S00098
BC	X00307	S00110
BC	X00307	S00127
BC	X00307	S00129
BC	X00307	S00137
BC	X00307	S00153
BC	X00307	S00466
BC	X00307	S00501
BC	X00308	S00058
BC	X00308	S00079
BC	X00308	S00108
BC	X00308	S00118
BC	X00308	S00127
BC	X00308	S00135
BC	X00308	S00147
BC	X00308	S00153
BC	X00308	S00478
BC	X00308	S00491
BC	X00308	S00501
BC	X00309	S00047
BC	X00309	S00048
BC	X00309	S00050
BC	X00309	S00053
BC	X00309	S00072
BC	X00309	S00073
BC	X00309	S00076
BC	X00309	S00082
BC	X00309	S00092
BC	X00309	S00093
BC	X00309	S00102
BC	X00309	S00103
BC	X00309	S00112
BC	X00309	S00113
BC	X00309	S00114
BC	X00309	S00115
BC	X00309	S00120
BC	X00309	S00121
BC	X00309	S00122
BC	X00309	S00124
BC	X00309	S00131
BC	X00309	S00132
BC	X00309	S00133
BC	X00309	S00140
BC	X00309	S00141
BC	X00309	S00142
BC	X00309	S00143
BC	X00309	S00149
BC	X00309	S00150
BC	X00309	S00151
BC	X00309	S00460
BC	X00309	S00461
BC	X00309	S00463
BC	X00309	S00464
BC	X00309	S00474
BC	X00309	S00475
BC	X00309	S00484
BC	X00309	S00485
BC	X00309	S00486
BC	X00309	S00488
BC	X00309	S00497
BC	X00309	S00498
BC	X00309	S00499
BC	X00309	S00500
BC	X00310	S00047
BC	X00310	S00048
BC	X00310	S00050
BC	X00310	S00051
BC	X00310	S00053
BC	X00310	S00072
BC	X00310	S00073
BC	X00310	S00076
BC	X00310	S00081
BC	X00310	S00082
BC	X00310	S00092
BC	X00310	S00093
BC	X00310	S00097
BC	X00310	S00102
BC	X00310	S00103
BC	X00310	S00104
BC	X00310	S00112
BC	X00310	S00113
BC	X00310	S00114
BC	X00310	S00115
BC	X00310	S00117
BC	X00310	S00120
BC	X00310	S00121
BC	X00310	S00122
BC	X00310	S00124
BC	X00310	S00125
BC	X00310	S00131
BC	X00310	S00132
BC	X00310	S00133
BC	X00310	S00140
BC	X00310	S00141
BC	X00310	S00142
BC	X00310	S00143
BC	X00310	S00145
BC	X00310	S00149
BC	X00310	S00150
BC	X00310	S00151
BC	X00310	S00152
BC	X00310	S00460
BC	X00310	S00461
BC	X00310	S00463
BC	X00310	S00464
BC	X00310	S00465
BC	X00310	S00474
BC	X00310	S00475
BC	X00310	S00476
BC	X00310	S00484
BC	X00310	S00485
BC	X00310	S00486
BC	X00310	S00488
BC	X00310	S00489
BC	X00310	S00497
BC	X00310	S00498
BC	X00310	S00499
BC	X00310	S00500
BC	X00311	S00466
BC	X00312	S00052
BC	X00312	S00057
BC	X00312	S00077
BC	X00312	S00100
BC	X00312	S00106
BC	X00313	S00058
BC	X00313	S00079
BC	X00313	S00108
BC	X00313	S00118
BC	X00313	S00127
BC	X00313	S00135
BC	X00313	S00147
BC	X00313	S00153
BC	X00313	S00478
BC	X00313	S00491
BC	X00313	S00501
BC	X00314	S00092
BC	X00314	S00140
BC	X00314	S00484
BC	X00315	S00058
BC	X00315	S00079
BC	X00315	S00108
BC	X00315	S00118
BC	X00315	S00127
BC	X00315	S00135
BC	X00315	S00147
BC	X00315	S00153
BC	X00315	S00466
BC	X00315	S00478
BC	X00315	S00491
BC	X00315	S00501
BC	X00316	S00057
BC	X00316	S00106
BC	X00317	S00058
BC	X00317	S00079
BC	X00317	S00108
BC	X00317	S00118
BC	X00317	S00127
BC	X00317	S00135
BC	X00317	S00147
BC	X00317	S00153
BC	X00317	S00466
BC	X00317	S00478
BC	X00317	S00491
BC	X00317	S00501
BC	X00318	S00047
BC	X00318	S00048
BC	X00318	S00050
BC	X00318	S00051
BC	X00318	S00052
BC	X00318	S00053
BC	X00318	S00057
BC	X00318	S00058
BC	X00318	S00072
BC	X00318	S00073
BC	X00318	S00076
BC	X00318	S00077
BC	X00318	S00079
BC	X00318	S00081
BC	X00318	S00082
BC	X00318	S00092
BC	X00318	S00093
BC	X00318	S00097
BC	X00318	S00100
BC	X00318	S00102
BC	X00318	S00103
BC	X00318	S00104
BC	X00318	S00106
BC	X00318	S00108
BC	X00318	S00112
BC	X00318	S00113
BC	X00318	S00114
BC	X00318	S00115
BC	X00318	S00117
BC	X00318	S00118
BC	X00318	S00120
BC	X00318	S00121
BC	X00318	S00122
BC	X00318	S00124
BC	X00318	S00125
BC	X00318	S00127
BC	X00318	S00131
BC	X00318	S00132
BC	X00318	S00133
BC	X00318	S00135
BC	X00318	S00140
BC	X00318	S00141
BC	X00318	S00142
BC	X00318	S00143
BC	X00318	S00145
BC	X00318	S00147
BC	X00318	S00149
BC	X00318	S00150
BC	X00318	S00151
BC	X00318	S00152
BC	X00318	S00153
BC	X00318	S00460
BC	X00318	S00461
BC	X00318	S00463
BC	X00318	S00464
BC	X00318	S00465
BC	X00318	S00466
BC	X00318	S00474
BC	X00318	S00475
BC	X00318	S00476
BC	X00318	S00478
BC	X00318	S00484
BC	X00318	S00485
BC	X00318	S00486
BC	X00318	S00488
BC	X00318	S00489
BC	X00318	S00491
BC	X00318	S00497
BC	X00318	S00498
BC	X00318	S00499
BC	X00318	S00500
BC	X00318	S00501
BC	X00319	S00047
BC	X00319	S00050
BC	X00319	S00053
BC	X00319	S00072
BC	X00319	S00076
BC	X00319	S00082
BC	X00319	S00093
BC	X00319	S00102
BC	X00319	S00103
BC	X00319	S00112
BC	X00319	S00113
BC	X00319	S00114
BC	X00319	S00120
BC	X00319	S00121
BC	X00319	S00122
BC	X00319	S00131
BC	X00319	S00132
BC	X00319	S00141
BC	X00319	S00142
BC	X00319	S00143
BC	X00319	S00149
BC	X00319	S00150
BC	X00319	S00460
BC	X00319	S00461
BC	X00319	S00463
BC	X00319	S00474
BC	X00319	S00485
BC	X00319	S00486
BC	X00319	S00488
BC	X00319	S00498
BC	X00319	S00499
BC	X00319	S00500
BC	X00320	S00047
BC	X00320	S00048
BC	X00320	S00072
BC	X00320	S00073
BC	X00320	S00092
BC	X00320	S00093
BC	X00320	S00112
BC	X00320	S00115
BC	X00320	S00120
BC	X00320	S00124
BC	X00320	S00133
BC	X00320	S00140
BC	X00320	S00141
BC	X00320	S00149
BC	X00320	S00151
BC	X00320	S00460
BC	X00320	S00464
BC	X00320	S00475
BC	X00320	S00484
BC	X00320	S00485
BC	X00320	S00497
BC	X00320	S00498
BC	X00321	S00052
BC	X00321	S00057
BC	X00321	S00058
BC	X00321	S00077
BC	X00321	S00079
BC	X00321	S00100
BC	X00321	S00106
BC	X00321	S00108
BC	X00321	S00118
BC	X00321	S00127
BC	X00321	S00135
BC	X00321	S00147
BC	X00321	S00153
BC	X00321	S00466
BC	X00321	S00478
BC	X00321	S00491
BC	X00321	S00501
BC	X00322	S00047
BC	X00322	S00050
BC	X00322	S00052
BC	X00322	S00057
BC	X00322	S00058
BC	X00322	S00072
BC	X00322	S00076
BC	X00322	S00077
BC	X00322	S00079
BC	X00322	S00093
BC	X00322	S00100
BC	X00322	S00102
BC	X00322	S00106
BC	X00322	S00108
BC	X00322	S00112
BC	X00322	S00113
BC	X00322	S00118
BC	X00322	S00120
BC	X00322	S00121
BC	X00322	S00127
BC	X00322	S00131
BC	X00322	S00135
BC	X00322	S00141
BC	X00322	S00142
BC	X00322	S00147
BC	X00322	S00149
BC	X00322	S00153
BC	X00322	S00460
BC	X00322	S00461
BC	X00322	S00466
BC	X00322	S00478
BC	X00322	S00485
BC	X00322	S00486
BC	X00322	S00491
BC	X00322	S00498
BC	X00322	S00499
BC	X00322	S00501
BC	X00323	S00052
BC	X00323	S00053
BC	X00323	S00057
BC	X00323	S00058
BC	X00323	S00077
BC	X00323	S00079
BC	X00323	S00082
BC	X00323	S00100
BC	X00323	S00103
BC	X00323	S00106
BC	X00323	S00108
BC	X00323	S00114
BC	X00323	S00118
BC	X00323	S00122
BC	X00323	S00127
BC	X00323	S00132
BC	X00323	S00135
BC	X00323	S00143
BC	X00323	S00147
BC	X00323	S00150
BC	X00323	S00153
BC	X00323	S00463
BC	X00323	S00466
BC	X00323	S00474
BC	X00323	S00478
BC	X00323	S00488
BC	X00323	S00491
BC	X00323	S00500
BC	X00323	S00501
BC	X00324	S00048
BC	X00324	S00052
BC	X00324	S00057
BC	X00324	S00058
BC	X00324	S00073
BC	X00324	S00077
BC	X00324	S00079
BC	X00324	S00092
BC	X00324	S00100
BC	X00324	S00106
BC	X00324	S00108
BC	X00324	S00115
BC	X00324	S00118
BC	X00324	S00124
BC	X00324	S00127
BC	X00324	S00133
BC	X00324	S00135
BC	X00324	S00140
BC	X00324	S00147
BC	X00324	S00151
BC	X00324	S00153
BC	X00324	S00464
BC	X00324	S00466
BC	X00324	S00475
BC	X00324	S00478
BC	X00324	S00484
BC	X00324	S00491
BC	X00324	S00497
BC	X00324	S00501
BC	X00325	S00048
BC	X00325	S00050
BC	X00325	S00052
BC	X00325	S00057
BC	X00325	S00058
BC	X00325	S00073
BC	X00325	S00076
BC	X00325	S00077
BC	X00325	S00079
BC	X00325	S00092
BC	X00325	S00100
BC	X00325	S00102
BC	X00325	S00106
BC	X00325	S00108
BC	X00325	S00113
BC	X00325	S00115
BC	X00325	S00118
BC	X00325	S00121
BC	X00325	S00124
BC	X00325	S00127
BC	X00325	S00131
BC	X00325	S00133
BC	X00325	S00135
BC	X00325	S00140
BC	X00325	S00142
BC	X00325	S00147
BC	X00325	S00151
BC	X00325	S00153
BC	X00325	S00461
BC	X00325	S00464
BC	X00325	S00466
BC	X00325	S00475
BC	X00325	S00478
BC	X00325	S00484
BC	X00325	S00486
BC	X00325	S00491
BC	X00325	S00497
BC	X00325	S00499
BC	X00325	S00501
BC	X00326	S00047
BC	X00326	S00048
BC	X00326	S00052
BC	X00326	S00053
BC	X00326	S00057
BC	X00326	S00058
BC	X00326	S00072
BC	X00326	S00073
BC	X00326	S00077
BC	X00326	S00079
BC	X00326	S00082
BC	X00326	S00092
BC	X00326	S00093
BC	X00326	S00100
BC	X00326	S00103
BC	X00326	S00106
BC	X00326	S00108
BC	X00326	S00112
BC	X00326	S00114
BC	X00326	S00115
BC	X00326	S00118
BC	X00326	S00120
BC	X00326	S00122
BC	X00326	S00124
BC	X00326	S00127
BC	X00326	S00132
BC	X00326	S00133
BC	X00326	S00135
BC	X00326	S00140
BC	X00326	S00141
BC	X00326	S00143
BC	X00326	S00147
BC	X00326	S00149
BC	X00326	S00150
BC	X00326	S00151
BC	X00326	S00153
BC	X00326	S00460
BC	X00326	S00463
BC	X00326	S00464
BC	X00326	S00466
BC	X00326	S00474
BC	X00326	S00475
BC	X00326	S00478
BC	X00326	S00484
BC	X00326	S00485
BC	X00326	S00488
BC	X00326	S00491
BC	X00326	S00497
BC	X00326	S00498
BC	X00326	S00500
BC	X00326	S00501
BC	X00327	S00047
BC	X00327	S00048
BC	X00327	S00050
BC	X00327	S00052
BC	X00327	S00053
BC	X00327	S00057
BC	X00327	S00058
BC	X00327	S00072
BC	X00327	S00073
BC	X00327	S00076
BC	X00327	S00077
BC	X00327	S00079
BC	X00327	S00082
BC	X00327	S00092
BC	X00327	S00093
BC	X00327	S00100
BC	X00327	S00102
BC	X00327	S00103
BC	X00327	S00106
BC	X00327	S00108
BC	X00327	S00112
BC	X00327	S00113
BC	X00327	S00114
BC	X00327	S00115
BC	X00327	S00118
BC	X00327	S00120
BC	X00327	S00121
BC	X00327	S00122
BC	X00327	S00124
BC	X00327	S00127
BC	X00327	S00131
BC	X00327	S00132
BC	X00327	S00133
BC	X00327	S00135
BC	X00327	S00140
BC	X00327	S00141
BC	X00327	S00142
BC	X00327	S00143
BC	X00327	S00147
BC	X00327	S00149
BC	X00327	S00150
BC	X00327	S00151
BC	X00327	S00153
BC	X00327	S00460
BC	X00327	S00461
BC	X00327	S00463
BC	X00327	S00464
BC	X00327	S00466
BC	X00327	S00474
BC	X00327	S00475
BC	X00327	S00478
BC	X00327	S00484
BC	X00327	S00485
BC	X00327	S00486
BC	X00327	S00488
BC	X00327	S00491
BC	X00327	S00497
BC	X00327	S00498
BC	X00327	S00499
BC	X00327	S00500
BC	X00327	S00501
BC	X00328	S00048
BC	X00328	S00051
BC	X00328	S00052
BC	X00328	S00057
BC	X00328	S00058
BC	X00328	S00073
BC	X00328	S00077
BC	X00328	S00079
BC	X00328	S00081
BC	X00328	S00092
BC	X00328	S00097
BC	X00328	S00100
BC	X00328	S00104
BC	X00328	S00106
BC	X00328	S00108
BC	X00328	S00115
BC	X00328	S00117
BC	X00328	S00118
BC	X00328	S00124
BC	X00328	S00125
BC	X00328	S00127
BC	X00328	S00133
BC	X00328	S00135
BC	X00328	S00140
BC	X00328	S00145
BC	X00328	S00147
BC	X00328	S00151
BC	X00328	S00152
BC	X00328	S00153
BC	X00328	S00464
BC	X00328	S00465
BC	X00328	S00466
BC	X00328	S00475
BC	X00328	S00476
BC	X00328	S00478
BC	X00328	S00484
BC	X00328	S00489
BC	X00328	S00491
BC	X00328	S00497
BC	X00328	S00501
BC	X00329	S00048
BC	X00329	S00050
BC	X00329	S00051
BC	X00329	S00052
BC	X00329	S00057
BC	X00329	S00058
BC	X00329	S00073
BC	X00329	S00076
BC	X00329	S00077
BC	X00329	S00079
BC	X00329	S00081
BC	X00329	S00092
BC	X00329	S00097
BC	X00329	S00100
BC	X00329	S00102
BC	X00329	S00104
BC	X00329	S00106
BC	X00329	S00108
BC	X00329	S00113
BC	X00329	S00115
BC	X00329	S00117
BC	X00329	S00118
BC	X00329	S00121
BC	X00329	S00124
BC	X00329	S00125
BC	X00329	S00127
BC	X00329	S00131
BC	X00329	S00133
BC	X00329	S00135
BC	X00329	S00140
BC	X00329	S00142
BC	X00329	S00145
BC	X00329	S00147
BC	X00329	S00151
BC	X00329	S00152
BC	X00329	S00153
BC	X00329	S00461
BC	X00329	S00464
BC	X00329	S00465
BC	X00329	S00466
BC	X00329	S00475
BC	X00329	S00476
BC	X00329	S00478
BC	X00329	S00484
BC	X00329	S00486
BC	X00329	S00489
BC	X00329	S00491
BC	X00329	S00497
BC	X00329	S00499
BC	X00329	S00501
BC	X00330	S00048
BC	X00330	S00059
BC	X00330	S00073
BC	X00330	S00078
BC	X00330	S00092
BC	X00330	S00107
BC	X00330	S00115
BC	X00330	S00118
BC	X00330	S00124
BC	X00330	S00127
BC	X00330	S00133
BC	X00330	S00135
BC	X00330	S00140
BC	X00330	S00147
BC	X00330	S00151
BC	X00330	S00153
BC	X00330	S00464
BC	X00330	S00466
BC	X00330	S00475
BC	X00330	S00478
BC	X00330	S00484
BC	X00330	S00491
BC	X00330	S00497
BC	X00330	S00501
BC	X00331	S00044
BC	X00331	S00045
BC	X00331	S00070
BC	X00331	S00071
BC	X00331	S00094
BC	X00331	S00095
BC	X00331	S00109
BC	X00331	S00128
BC	X00331	S00136
BC	X00331	S00148
BC	X00331	S00153
BC	X00331	S00469
BC	X00331	S00479
BC	X00331	S00492
BC	X00331	S00501
BC	X00332	S00047
BC	X00332	S00050
BC	X00332	S00053
BC	X00332	S00072
BC	X00332	S00076
BC	X00332	S00082
BC	X00332	S00093
BC	X00332	S00102
BC	X00332	S00103
BC	X00332	S00112
BC	X00332	S00113
BC	X00332	S00114
BC	X00332	S00120
BC	X00332	S00121
BC	X00332	S00122
BC	X00332	S00131
BC	X00332	S00132
BC	X00332	S00141
BC	X00332	S00142
BC	X00332	S00143
BC	X00332	S00149
BC	X00332	S00150
BC	X00332	S00460
BC	X00332	S00461
BC	X00332	S00463
BC	X00332	S00474
BC	X00332	S00485
BC	X00332	S00486
BC	X00332	S00488
BC	X00332	S00498
BC	X00332	S00499
BC	X00332	S00500
BC	X00333	S00052
BC	X00333	S00057
BC	X00333	S00058
BC	X00333	S00077
BC	X00333	S00079
BC	X00333	S00100
BC	X00333	S00106
BC	X00333	S00108
BC	X00333	S00118
BC	X00333	S00127
BC	X00333	S00135
BC	X00333	S00147
BC	X00333	S00153
BC	X00333	S00466
BC	X00333	S00478
BC	X00333	S00491
BC	X00333	S00501
BC	X00334	S00048
BC	X00334	S00052
BC	X00334	S00057
BC	X00334	S00058
BC	X00334	S00073
BC	X00334	S00077
BC	X00334	S00079
BC	X00334	S00092
BC	X00334	S00100
BC	X00334	S00106
BC	X00334	S00108
BC	X00334	S00115
BC	X00334	S00118
BC	X00334	S00124
BC	X00334	S00127
BC	X00334	S00133
BC	X00334	S00135
BC	X00334	S00140
BC	X00334	S00147
BC	X00334	S00151
BC	X00334	S00153
BC	X00334	S00464
BC	X00334	S00466
BC	X00334	S00475
BC	X00334	S00478
BC	X00334	S00484
BC	X00334	S00491
BC	X00334	S00497
BC	X00334	S00501
BC	X00335	S00048
BC	X00335	S00050
BC	X00335	S00052
BC	X00335	S00057
BC	X00335	S00058
BC	X00335	S00073
BC	X00335	S00076
BC	X00335	S00077
BC	X00335	S00079
BC	X00335	S00092
BC	X00335	S00100
BC	X00335	S00102
BC	X00335	S00106
BC	X00335	S00108
BC	X00335	S00113
BC	X00335	S00115
BC	X00335	S00118
BC	X00335	S00121
BC	X00335	S00124
BC	X00335	S00127
BC	X00335	S00131
BC	X00335	S00133
BC	X00335	S00135
BC	X00335	S00140
BC	X00335	S00142
BC	X00335	S00147
BC	X00335	S00151
BC	X00335	S00153
BC	X00335	S00461
BC	X00335	S00464
BC	X00335	S00466
BC	X00335	S00475
BC	X00335	S00478
BC	X00335	S00484
BC	X00335	S00486
BC	X00335	S00491
BC	X00335	S00497
BC	X00335	S00499
BC	X00335	S00501
BC	X00336	S00047
BC	X00336	S00048
BC	X00336	S00050
BC	X00336	S00052
BC	X00336	S00053
BC	X00336	S00057
BC	X00336	S00058
BC	X00336	S00072
BC	X00336	S00073
BC	X00336	S00076
BC	X00336	S00077
BC	X00336	S00079
BC	X00336	S00082
BC	X00336	S00092
BC	X00336	S00093
BC	X00336	S00100
BC	X00336	S00102
BC	X00336	S00103
BC	X00336	S00106
BC	X00336	S00108
BC	X00336	S00112
BC	X00336	S00113
BC	X00336	S00114
BC	X00336	S00115
BC	X00336	S00118
BC	X00336	S00120
BC	X00336	S00121
BC	X00336	S00122
BC	X00336	S00124
BC	X00336	S00127
BC	X00336	S00131
BC	X00336	S00132
BC	X00336	S00133
BC	X00336	S00135
BC	X00336	S00140
BC	X00336	S00141
BC	X00336	S00142
BC	X00336	S00143
BC	X00336	S00147
BC	X00336	S00149
BC	X00336	S00150
BC	X00336	S00151
BC	X00336	S00153
BC	X00336	S00460
BC	X00336	S00461
BC	X00336	S00463
BC	X00336	S00464
BC	X00336	S00466
BC	X00336	S00474
BC	X00336	S00475
BC	X00336	S00478
BC	X00336	S00484
BC	X00336	S00485
BC	X00336	S00486
BC	X00336	S00488
BC	X00336	S00491
BC	X00336	S00497
BC	X00336	S00498
BC	X00336	S00499
BC	X00336	S00500
BC	X00336	S00501
BC	X00337	S00047
BC	X00337	S00048
BC	X00337	S00050
BC	X00337	S00051
BC	X00337	S00052
BC	X00337	S00053
BC	X00337	S00057
BC	X00337	S00058
BC	X00337	S00072
BC	X00337	S00073
BC	X00337	S00076
BC	X00337	S00077
BC	X00337	S00079
BC	X00337	S00081
BC	X00337	S00082
BC	X00337	S00092
BC	X00337	S00093
BC	X00337	S00097
BC	X00337	S00100
BC	X00337	S00102
BC	X00337	S00103
BC	X00337	S00104
BC	X00337	S00106
BC	X00337	S00108
BC	X00337	S00112
BC	X00337	S00113
BC	X00337	S00114
BC	X00337	S00115
BC	X00337	S00117
BC	X00337	S00118
BC	X00337	S00120
BC	X00337	S00121
BC	X00337	S00122
BC	X00337	S00124
BC	X00337	S00125
BC	X00337	S00127
BC	X00337	S00131
BC	X00337	S00132
BC	X00337	S00133
BC	X00337	S00135
BC	X00337	S00140
BC	X00337	S00141
BC	X00337	S00142
BC	X00337	S00143
BC	X00337	S00145
BC	X00337	S00147
BC	X00337	S00149
BC	X00337	S00150
BC	X00337	S00151
BC	X00337	S00152
BC	X00337	S00153
BC	X00337	S00460
BC	X00337	S00461
BC	X00337	S00463
BC	X00337	S00464
BC	X00337	S00465
BC	X00337	S00466
BC	X00337	S00474
BC	X00337	S00475
BC	X00337	S00476
BC	X00337	S00478
BC	X00337	S00484
BC	X00337	S00485
BC	X00337	S00486
BC	X00337	S00488
BC	X00337	S00489
BC	X00337	S00491
BC	X00337	S00497
BC	X00337	S00498
BC	X00337	S00499
BC	X00337	S00500
BC	X00337	S00501
BC	X00338	S00053
BC	X00338	S00082
BC	X00338	S00103
BC	X00338	S00114
BC	X00338	S00122
BC	X00338	S00132
BC	X00338	S00143
BC	X00338	S00150
BC	X00338	S00463
BC	X00338	S00474
BC	X00338	S00488
BC	X00338	S00500
BC	X00339	S00044
BC	X00339	S00045
BC	X00339	S00070
BC	X00339	S00071
BC	X00339	S00094
BC	X00339	S00095
BC	X00339	S00109
BC	X00339	S00128
BC	X00339	S00136
BC	X00339	S00148
BC	X00339	S00153
BC	X00339	S00469
BC	X00339	S00479
BC	X00339	S00492
BC	X00339	S00501
BC	X00340	S00044
BC	X00340	S00045
BC	X00340	S00048
BC	X00340	S00070
BC	X00340	S00071
BC	X00340	S00073
BC	X00340	S00092
BC	X00340	S00094
BC	X00340	S00095
BC	X00340	S00109
BC	X00340	S00115
BC	X00340	S00124
BC	X00340	S00128
BC	X00340	S00133
BC	X00340	S00136
BC	X00340	S00140
BC	X00340	S00148
BC	X00340	S00151
BC	X00340	S00153
BC	X00340	S00464
BC	X00340	S00469
BC	X00340	S00475
BC	X00340	S00479
BC	X00340	S00484
BC	X00340	S00492
BC	X00340	S00497
BC	X00340	S00501
BC	X00341	S00054
BC	X00341	S00082
BC	X00341	S00096
BC	X00341	S00114
BC	X00341	S00123
BC	X00341	S00132
BC	X00341	S00144
BC	X00341	S00150
BC	X00341	S00474
BC	X00341	S00500
BC	X00342	S00048
BC	X00342	S00124
BC	X00342	S00464
BC	X00343	S00057
BC	X00344	S00052
BC	X00345	S00058
BC	X00345	S00127
BC	X00345	S00468
BC	X00346	S00054
BC	X00346	S00123
BC	X00347	S00047
BC	X00347	S00048
BC	X00347	S00072
BC	X00347	S00073
BC	X00347	S00092
BC	X00347	S00093
BC	X00348	S00048
BC	X00348	S00050
BC	X00348	S00051
BC	X00348	S00073
BC	X00348	S00076
BC	X00348	S00081
BC	X00348	S00092
BC	X00348	S00097
BC	X00348	S00102
BC	X00348	S00104
BC	X00349	S00052
BC	X00349	S00057
BC	X00349	S00058
BC	X00349	S00077
BC	X00349	S00079
BC	X00349	S00100
BC	X00349	S00106
BC	X00349	S00108
BC	X00350	S00052
BC	X00350	S00053
BC	X00350	S00057
BC	X00350	S00058
BC	X00350	S00077
BC	X00350	S00079
BC	X00350	S00082
BC	X00350	S00100
BC	X00350	S00103
BC	X00350	S00106
BC	X00350	S00108
BC	X00351	S00048
BC	X00351	S00051
BC	X00351	S00073
BC	X00351	S00081
BC	X00351	S00092
BC	X00351	S00097
BC	X00351	S00104
BC	X00352	S00059
BC	X00352	S00078
BC	X00352	S00107
BC	X00353	S00073
BC	X00353	S00077
BC	X00353	S00079
BC	X00353	S00133
BC	X00353	S00135
BC	X00353	S00475
BC	X00353	S00478
BC	X00354	S00082
BC	X00354	S00132
BC	X00354	S00474
BC	X00355	S00092
BC	X00355	S00140
BC	X00355	S00484
BC	X00356	S00100
BC	X00357	S00106
BC	X00358	S00108
BC	X00358	S00147
BC	X00358	S00491
BC	X00359	S00096
BC	X00359	S00144
BC	X00360	S00504
BC	X00360	S00505
BC	X00360	S00508
BC	X00360	S00509
BC	X00360	S00510
BC	X00360	S00511
BC	X00361	S00504
BC	X00361	S00508
BC	X00361	S00509
BC	X00361	S00510
BC	X00361	S00511
BC	X00362	S00154
BC	X00363	S00154
BC	X00364	S00154
BC	X00365	S00154
BC	X00366	S00504
BC	X00366	S00505
BC	X00366	S00508
BC	X00366	S00509
BC	X00366	S00510
BC	X00366	S00511
BC	X00367	S00504
BC	X00367	S00508
BC	X00367	S00509
BC	X00367	S00510
BC	X00367	S00511
BC	X00368	S00508
BC	X00369	S00508
BC	X00369	S00509
BC	X00369	S00510
BC	X00369	S00511
BC	X00370	S00504
BC	X00370	S00506
BC	X00370	S00508
BC	X00370	S00509
BC	X00370	S00510
BC	X00370	S00511
BC	X00371	S00507
BC	X00371	S00508
BC	X00371	S00509
BC	X00371	S00511
BC	X00371	S00512
BC	X00372	S00504
BC	X00372	S00506
BC	X00372	S00508
BC	X00372	S00509
BC	X00372	S00511
BC	X00372	S00512
BC	X00373	S00504
BC	X00373	S00507
BC	X00373	S00508
BC	X00373	S00509
BC	X00373	S00511
BC	X00373	S00512
BC	X00374	S00504
BC	X00374	S00508
BC	X00374	S00509
BC	X00374	S00510
BC	X00374	S00513
BC	X00375	S00154
BC	X00376	S00503
BC	X00377	S00502
BC	X00378	S00515
BC	X00378	S00518
BC	X00378	S00520
BC	X00378	S00521
BC	X00378	S00526
BC	X00378	S00529
BC	X00379	S00538
BC	X00380	S00543
BC	X00381	S00531
BC	X00381	S00534
BC	X00381	S00539
BC	X00381	S00542
BC	X00382	S00520
BC	X00382	S00541
BC	X00382	S00542
BC	X00383	S00515
BC	X00383	S00521
BC	X00383	S00526
BC	X00383	S00529
BC	X00384	S00535
BC	X00384	S00540
BC	X00385	S00518
BC	X00385	S00520
BC	X00385	S00534
BC	X00385	S00536
BC	X00385	S00541
BC	X00385	S00542
BC	X00386	S00517
BC	X00387	S00515
BC	X00387	S00529
BC	X00387	S00541
BC	X00387	S00542
BC	X00388	S00516
BC	X00388	S00517
BC	X00389	S00515
BC	X00389	S00521
BC	X00389	S00526
BC	X00389	S00529
BC	X00389	S00534
BC	X00389	S00536
BC	X00389	S00541
BC	X00389	S00542
BC	X00390	S00538
BC	X00390	S00543
BC	X00391	S00515
BC	X00391	S00520
BC	X00391	S00529
BC	X00392	S00539
BC	X00392	S00542
BC	X00393	S00514
BC	X00393	S00515
BC	X00393	S00518
BC	X00393	S00519
BC	X00393	S00520
BC	X00393	S00521
BC	X00393	S00523
BC	X00393	S00526
BC	X00393	S00529
BC	X00394	S00533
BC	X00394	S00538
BC	X00395	S00531
BC	X00395	S00532
BC	X00395	S00534
BC	X00395	S00537
BC	X00395	S00539
BC	X00395	S00542
BC	X00396	S00515
BC	X00396	S00529
BC	X00397	S00541
BC	X00398	S00520
BC	X00398	S00540
BC	X00398	S00542
BC	X00399	S00515
BC	X00399	S00518
BC	X00399	S00520
BC	X00399	S00521
BC	X00399	S00526
BC	X00399	S00529
BC	X00399	S00534
BC	X00399	S00536
BC	X00399	S00541
BC	X00399	S00542
BC	X00400	S00540
BC	X00401	S00515
BC	X00401	S00520
BC	X00401	S00529
BC	X00401	S00541
BC	X00401	S00542
BC	X00402	S00514
BC	X00402	S00515
BC	X00402	S00522
BC	X00402	S00524
BC	X00402	S00526
BC	X00402	S00527
BC	X00403	S00518
BC	X00403	S00519
BC	X00403	S00520
BC	X00403	S00530
BC	X00403	S00532
BC	X00403	S00534
BC	X00403	S00535
BC	X00403	S00536
BC	X00403	S00540
BC	X00403	S00541
BC	X00403	S00542
BC	X00404	S00514
BC	X00404	S00515
BC	X00404	S00518
BC	X00404	S00519
BC	X00404	S00520
BC	X00404	S00522
BC	X00404	S00524
BC	X00404	S00526
BC	X00404	S00527
BC	X00404	S00530
BC	X00404	S00532
BC	X00404	S00534
BC	X00404	S00535
BC	X00404	S00536
BC	X00404	S00540
BC	X00404	S00541
BC	X00404	S00542
BC	X00405	S00515
BC	X00405	S00520
BC	X00405	S00527
BC	X00405	S00540
BC	X00405	S00541
BC	X00405	S00542
BC	X00406	S00515
BC	X00406	S00527
BC	X00407	S00515
BC	X00407	S00518
BC	X00407	S00520
BC	X00407	S00522
BC	X00407	S00526
BC	X00407	S00527
BC	X00407	S00534
BC	X00407	S00535
BC	X00407	S00536
BC	X00407	S00540
BC	X00407	S00541
BC	X00407	S00542
BC	X00408	S00515
BC	X00408	S00522
BC	X00408	S00526
BC	X00408	S00527
BC	X00409	S00518
BC	X00409	S00520
BC	X00409	S00534
BC	X00409	S00535
BC	X00409	S00536
BC	X00409	S00540
BC	X00409	S00541
BC	X00409	S00542
BC	X00410	S00521
BC	X00410	S00525
BC	X00410	S00528
BC	X00410	S00529
BC	X00411	S00520
BC	X00411	S00528
BC	X00411	S00529
BC	X00411	S00540
BC	X00411	S00541
BC	X00411	S00542
BC	X00412	S00528
BC	X00412	S00529
BC	X00413	S00518
BC	X00413	S00520
BC	X00413	S00521
BC	X00413	S00525
BC	X00413	S00528
BC	X00413	S00529
BC	X00413	S00534
BC	X00413	S00535
BC	X00413	S00536
BC	X00413	S00540
BC	X00413	S00541
BC	X00413	S00542
BC	X00414	S00520
BC	X00414	S00540
BC	X00414	S00541
BC	X00414	S00542
BC	X00415	S00514
BC	X00415	S00515
BC	X00415	S00518
BC	X00415	S00519
BC	X00415	S00520
BC	X00415	S00521
BC	X00415	S00523
BC	X00415	S00526
BC	X00415	S00529
BC	X00415	S00530
BC	X00415	S00532
BC	X00415	S00534
BC	X00415	S00535
BC	X00415	S00536
BC	X00415	S00540
BC	X00415	S00541
BC	X00415	S00542
BC	X00416	S00514
BC	X00416	S00515
BC	X00416	S00521
BC	X00416	S00523
BC	X00416	S00526
BC	X00416	S00529
BC	X00417	S00515
BC	X00417	S00520
BC	X00417	S00529
BC	X00417	S00540
BC	X00417	S00541
BC	X00417	S00542
BC	X00418	S00515
BC	X00418	S00518
BC	X00418	S00520
BC	X00418	S00521
BC	X00418	S00526
BC	X00418	S00529
BC	X00418	S00534
BC	X00418	S00535
BC	X00418	S00536
BC	X00418	S00540
BC	X00418	S00541
BC	X00418	S00542
