type	subtag	tag	preferredValue	suppressScript	macrolanguage	scope	deprecated	added	prefix	description
language	aa							2005-10-16		Afar
language	aaa							2009-07-29		Ghotuo
language	aab							2009-07-29		Alumu-Tesu
language	aac							2009-07-29		Ari
language	aad							2009-07-29		Amal
language	aae				sq			2009-07-29		Arbëreshë Albanian
language	aaf							2009-07-29		Aranadan
language	aag							2009-07-29		Ambrak
language	aah							2009-07-29		Abu' Arapesh
language	aai							2009-07-29		Arifama-Miniafia
language	aak							2009-07-29		Ankave
language	aal							2009-07-29		Afade
language	aam		aas				2015-02-12	2009-07-29		Aramanik
language	aan							2009-07-29		Anambé
language	aao				ar			2009-07-29		Algerian Saharan Arabic
language	aap							2009-07-29		Pará Arára
language	aaq							2009-07-29		Eastern Abnaki
language	aas							2009-07-29		Aasáx
language	aat				sq			2009-07-29		Arvanitika Albanian
language	aau							2009-07-29		Abau
language	aav					collection		2009-07-29		Austro-Asiatic languages
language	aaw							2009-07-29		Solong
language	aax							2009-07-29		Mandobo Atas
language	aaz							2009-07-29		Amarasi
language	ab			Cyrl				2005-10-16		Abkhazian
language	aba							2009-07-29		Abé
language	abb							2009-07-29		Bankon
language	abc							2009-07-29		Ambala Ayta
language	abd							2009-07-29		Manide
language	abe							2009-07-29		Western Abnaki
language	abf							2009-07-29		Abai Sungai
language	abg							2009-07-29		Abaga
language	abh				ar			2009-07-29		Tajiki Arabic
language	abi							2009-07-29		Abidji
language	abj							2009-07-29		Aka-Bea
language	abl							2009-07-29		Lampung Nyo
language	abm							2009-07-29		Abanyom
language	abn							2009-07-29		Abua
language	abo							2009-07-29		Abon
language	abp							2009-07-29		Abellen Ayta
language	abq							2009-07-29		Abaza
language	abr							2009-07-29		Abron
language	abs							2009-07-29		Ambonese Malay
language	abt							2009-07-29		Ambulas
language	abu							2009-07-29		Abure
language	abv				ar			2009-07-29		Baharna Arabic
language	abw							2009-07-29		Pal
language	abx							2009-07-29		Inabaknon
language	aby							2009-07-29		Aneme Wake
language	abz							2009-07-29		Abui
language	aca							2009-07-29		Achagua
language	acb							2009-07-29		Áncá
language	acd							2009-07-29		Gikyode
language	ace							2005-10-16		Achinese
language	acf							2009-07-29		Saint Lucian Creole French
language	ach							2005-10-16		Acoli
language	aci							2009-07-29		Aka-Cari
language	ack							2009-07-29		Aka-Kora
language	acl							2009-07-29		Akar-Bale
language	acm				ar			2009-07-29		Mesopotamian Arabic
language	acn							2009-07-29		Achang
language	acp							2009-07-29		Eastern Acipa
language	acq				ar			2009-07-29		Ta'izzi-Adeni Arabic
language	acr							2009-07-29		Achi
language	acs							2009-07-29		Acroá
language	act							2009-07-29		Achterhoeks
language	acu							2009-07-29		Achuar-Shiwiar
language	acv							2009-07-29		Achumawi
language	acw				ar			2009-07-29		Hijazi Arabic
language	acx				ar			2009-07-29		Omani Arabic
language	acy				ar			2009-07-29		Cypriot Arabic
language	acz							2009-07-29		Acheron
language	ada							2005-10-16		Adangme
language	adb							2009-07-29		Atauran
language	add							2009-07-29		Lidzonka | Dzodinka
language	ade							2009-07-29		Adele
language	adf				ar			2009-07-29		Dhofari Arabic
language	adg							2009-07-29		Andegerebinha
language	adh							2009-07-29		Adhola
language	adi							2009-07-29		Adi
language	adj							2009-07-29		Adioukrou
language	adl							2009-07-29		Galo
language	adn							2009-07-29		Adang
language	ado							2009-07-29		Abu
language	adp		dz				2015-02-12	2009-07-29		Adap
language	adq							2009-07-29		Adangbe
language	adr							2009-07-29		Adonara
language	ads							2009-07-29		Adamorobe Sign Language
language	adt							2009-07-29		Adnyamathanha
language	adu							2009-07-29		Aduge
language	adw							2009-07-29		Amundava
language	adx							2009-07-29		Amdo Tibetan
language	ady							2005-10-16		Adyghe | Adygei
language	adz							2009-07-29		Adzera
language	ae							2005-10-16		Avestan
language	aea							2009-07-29		Areba
language	aeb				ar			2009-07-29		Tunisian Arabic
language	aec				ar			2009-07-29		Saidi Arabic
language	aed							2009-07-29		Argentine Sign Language
language	aee							2009-07-29		Northeast Pashai | Northeast Pashayi
language	aek							2009-07-29		Haeke
language	ael							2009-07-29		Ambele
language	aem							2009-07-29		Arem
language	aen							2009-07-29		Armenian Sign Language
language	aeq							2009-07-29		Aer
language	aer							2009-07-29		Eastern Arrernte
language	aes							2009-07-29		Alsea
language	aeu							2009-07-29		Akeu
language	aew							2009-07-29		Ambakich
language	aey							2009-07-29		Amele
language	aez							2009-07-29		Aeka
language	af			Latn				2005-10-16		Afrikaans
language	afa					collection		2005-10-16		Afro-Asiatic languages
language	afb				ar			2009-07-29		Gulf Arabic
language	afd							2009-07-29		Andai
language	afe							2009-07-29		Putukwam
language	afg							2009-07-29		Afghan Sign Language
language	afh							2005-10-16		Afrihili
language	afi							2009-07-29		Akrukay | Chini
language	afk							2009-07-29		Nanubae
language	afn							2009-07-29		Defaka
language	afo							2009-07-29		Eloyi
language	afp							2009-07-29		Tapei
language	afs							2009-07-29		Afro-Seminole Creole
language	aft							2009-07-29		Afitti
language	afu							2009-07-29		Awutu
language	afz							2009-07-29		Obokuitai
language	aga							2009-07-29		Aguano
language	agb							2009-07-29		Legbo
language	agc							2009-07-29		Agatu
language	agd							2009-07-29		Agarabi
language	age							2009-07-29		Angal
language	agf							2009-07-29		Arguni
language	agg							2009-07-29		Angor
language	agh							2009-07-29		Ngelima
language	agi							2009-07-29		Agariya
language	agj							2009-07-29		Argobba
language	agk							2009-07-29		Isarog Agta
language	agl							2009-07-29		Fembe
language	agm							2009-07-29		Angaataha
language	agn							2009-07-29		Agutaynen
language	ago							2009-07-29		Tainae
language	agp						2010-03-11	2009-07-29		Paranan
language	agq							2009-07-29		Aghem
language	agr							2009-07-29		Aguaruna
language	ags							2009-07-29		Esimbi
language	agt							2009-07-29		Central Cagayan Agta
language	agu							2009-07-29		Aguacateco
language	agv							2009-07-29		Remontado Dumagat
language	agw							2009-07-29		Kahua
language	agx							2009-07-29		Aghul
language	agy							2009-07-29		Southern Alta
language	agz							2009-07-29		Mt. Iriga Agta
language	aha							2009-07-29		Ahanta
language	ahb							2009-07-29		Axamb
language	ahg							2009-07-29		Qimant
language	ahh							2009-07-29		Aghu
language	ahi							2009-07-29		Tiagbamrin Aizi
language	ahk							2009-07-29		Akha
language	ahl							2009-07-29		Igo
language	ahm							2009-07-29		Mobumrin Aizi
language	ahn							2009-07-29		Àhàn
language	aho							2009-07-29		Ahom
language	ahp							2009-07-29		Aproumu Aizi
language	ahr							2009-07-29		Ahirani
language	ahs							2009-07-29		Ashe
language	aht							2009-07-29		Ahtena
language	aia							2009-07-29		Arosi
language	aib							2009-07-29		Ainu (China)
language	aic							2009-07-29		Ainbai
language	aid							2009-07-29		Alngith
language	aie							2009-07-29		Amara
language	aif							2009-07-29		Agi
language	aig							2009-07-29		Antigua and Barbuda Creole English
language	aih							2009-07-29		Ai-Cham
language	aii				syr			2009-07-29		Assyrian Neo-Aramaic
language	aij							2009-07-29		Lishanid Noshan
language	aik							2009-07-29		Ake
language	ail							2009-07-29		Aimele
language	aim							2009-07-29		Aimol
language	ain							2005-10-16		Ainu (Japan)
language	aio							2009-07-29		Aiton
language	aip							2009-07-29		Burumakok
language	aiq							2009-07-29		Aimaq
language	air							2009-07-29		Airoran
language	ais						2019-04-16	2009-07-29		Nataoran Amis
language	ait							2009-07-29		Arikem
language	aiw							2009-07-29		Aari
language	aix							2009-07-29		Aighon
language	aiy							2009-07-29		Ali
language	aja							2009-07-29		Aja (South Sudan)
language	ajg							2009-07-29		Aja (Benin)
language	aji							2009-07-29		Ajië
language	ajn							2012-08-12		Andajin
language	ajp		apc		ar		2023-03-17	2009-07-29		South Levantine Arabic
language	ajs							2022-02-25		Algerian Jewish Sign Language
language	ajt		aeb		jrb		2022-02-25	2009-07-29		Judeo-Tunisian Arabic
language	aju				jrb			2009-07-29		Judeo-Moroccan Arabic
language	ajw							2009-07-29		Ajawa
language	ajz							2009-07-29		Amri Karbi
language	ak					macrolanguage		2005-10-16		Akan
language	akb							2009-07-29		Batak Angkola
language	akc							2009-07-29		Mpur
language	akd							2009-07-29		Ukpet-Ehom
language	ake							2009-07-29		Akawaio
language	akf							2009-07-29		Akpa
language	akg							2009-07-29		Anakalangu
language	akh							2009-07-29		Angal Heneng
language	aki							2009-07-29		Aiome
language	akj							2009-07-29		Aka-Jeru
language	akk							2005-10-16		Akkadian
language	akl							2009-07-29		Aklanon
language	akm							2009-07-29		Aka-Bo
language	ako							2009-07-29		Akurio
language	akp							2009-07-29		Siwu
language	akq							2009-07-29		Ak
language	akr							2009-07-29		Araki
language	aks							2009-07-29		Akaselem
language	akt							2009-07-29		Akolet
language	aku							2009-07-29		Akum
language	akv							2009-07-29		Akhvakh
language	akw							2009-07-29		Akwa
language	akx							2009-07-29		Aka-Kede
language	aky							2009-07-29		Aka-Kol
language	akz							2009-07-29		Alabama
language	ala							2009-07-29		Alago
language	alc							2009-07-29		Qawasqar
language	ald							2009-07-29		Alladian
language	ale							2005-10-16		Aleut
language	alf							2009-07-29		Alege
language	alg					collection		2005-10-16		Algonquian languages
language	alh							2009-07-29		Alawa
language	ali							2009-07-29		Amaimon
language	alj							2009-07-29		Alangan
language	alk							2009-07-29		Alak
language	all							2009-07-29		Allar
language	alm							2009-07-29		Amblong
language	aln				sq			2009-07-29		Gheg Albanian
language	alo							2009-07-29		Larike-Wakasihu
language	alp							2009-07-29		Alune
language	alq							2009-07-29		Algonquin
language	alr							2009-07-29		Alutor
language	als				sq			2009-07-29		Tosk Albanian
language	alt							2005-10-16		Southern Altai
language	alu							2009-07-29		'Are'are
language	alv					collection		2009-07-29		Atlantic-Congo languages
language	alw							2009-07-29		Alaba-K’abeena | Wanbasana
language	alx							2009-07-29		Amol
language	aly							2009-07-29		Alyawarr
language	alz							2009-07-29		Alur
language	am			Ethi				2005-10-16		Amharic
language	ama							2009-07-29		Amanayé
language	amb							2009-07-29		Ambo
language	amc							2009-07-29		Amahuaca
language	ame							2009-07-29		Yanesha'
language	amf							2009-07-29		Hamer-Banna
language	amg							2009-07-29		Amurdak
language	ami							2009-07-29		Amis
language	amj							2009-07-29		Amdang
language	amk							2009-07-29		Ambai
language	aml							2009-07-29		War-Jaintia
language	amm							2009-07-29		Ama (Papua New Guinea)
language	amn							2009-07-29		Amanab
language	amo							2009-07-29		Amo
language	amp							2009-07-29		Alamblak
language	amq							2009-07-29		Amahai
language	amr							2009-07-29		Amarakaeri
language	ams							2009-07-29		Southern Amami-Oshima
language	amt							2009-07-29		Amto
language	amu							2009-07-29		Guerrero Amuzgo
language	amv							2009-07-29		Ambelau
language	amw							2009-07-29		Western Neo-Aramaic
language	amx							2009-07-29		Anmatyerre
language	amy							2009-07-29		Ami
language	amz							2009-07-29		Atampaya
language	an							2005-10-16		Aragonese
language	ana							2009-07-29		Andaqui
language	anb							2009-07-29		Andoa
language	anc							2009-07-29		Ngas
language	and							2009-07-29		Ansus
language	ane							2009-07-29		Xârâcùù
language	anf							2009-07-29		Animere
language	ang							2005-10-16		Old English (ca. 450-1100)
language	anh							2009-07-29		Nend
language	ani							2009-07-29		Andi
language	anj							2009-07-29		Anor
language	ank							2009-07-29		Goemai
language	anl							2009-07-29		Anu-Hkongso Chin
language	anm							2009-07-29		Anal
language	ann							2009-07-29		Obolo
language	ano							2009-07-29		Andoque
language	anp							2006-03-08		Angika
language	anq							2009-07-29		Jarawa (India)
language	anr							2009-07-29		Andh
language	ans							2009-07-29		Anserma
language	ant							2009-07-29		Antakarinya | Antikarinya
language	anu							2009-07-29		Anuak
language	anv							2009-07-29		Denya
language	anw							2009-07-29		Anaang
language	anx							2009-07-29		Andra-Hus
language	any							2009-07-29		Anyin
language	anz							2009-07-29		Anem
language	aoa							2009-07-29		Angolar
language	aob							2009-07-29		Abom
language	aoc							2009-07-29		Pemon
language	aod							2009-07-29		Andarum
language	aoe							2009-07-29		Angal Enen
language	aof							2009-07-29		Bragat
language	aog							2009-07-29		Angoram
language	aoh						2020-03-28	2009-07-29		Arma
language	aoi							2009-07-29		Anindilyakwa
language	aoj							2009-07-29		Mufian
language	aok							2009-07-29		Arhö
language	aol							2009-07-29		Alor
language	aom							2009-07-29		Ömie
language	aon							2009-07-29		Bumbita Arapesh
language	aor							2009-07-29		Aore
language	aos							2009-07-29		Taikat
language	aot							2009-07-29		Atong (India) | A'tong
language	aou							2012-08-12		A'ou
language	aox							2009-07-29		Atorada
language	aoz							2009-07-29		Uab Meto
language	apa					collection		2005-10-16		Apache languages
language	apb							2009-07-29		Sa'a
language	apc				ar			2009-07-29		Levantine Arabic
language	apd				ar			2009-07-29		Sudanese Arabic
language	ape							2009-07-29		Bukiyip
language	apf							2010-03-11		Pahanan Agta
language	apg							2009-07-29		Ampanang
language	aph							2009-07-29		Athpariya
language	api							2009-07-29		Apiaká
language	apj							2009-07-29		Jicarilla Apache
language	apk							2009-07-29		Kiowa Apache
language	apl							2009-07-29		Lipan Apache
language	apm							2009-07-29		Mescalero-Chiricahua Apache
language	apn							2009-07-29		Apinayé
language	apo							2009-07-29		Ambul
language	app							2009-07-29		Apma
language	apq							2009-07-29		A-Pucikwar
language	apr							2009-07-29		Arop-Lokep
language	aps							2009-07-29		Arop-Sissano
language	apt							2009-07-29		Apatani
language	apu							2009-07-29		Apurinã
language	apv							2009-07-29		Alapmunte
language	apw							2009-07-29		Western Apache
language	apx							2009-07-29		Aputai
language	apy							2009-07-29		Apalaí
language	apz							2009-07-29		Safeyoka
language	aqa					collection		2009-07-29		Alacalufan languages
language	aqc							2009-07-29		Archi
language	aqd							2011-08-16		Ampari Dogon
language	aqg							2009-07-29		Arigidi
language	aqk							2021-02-20		Aninka
language	aql					collection		2009-07-29		Algic languages
language	aqm							2009-07-29		Atohwaim
language	aqn							2009-07-29		Northern Alta
language	aqp							2009-07-29		Atakapa
language	aqr							2009-07-29		Arhâ
language	aqt							2014-02-28		Angaité
language	aqz							2010-03-11		Akuntsu
language	ar			Arab		macrolanguage		2005-10-16		Arabic
language	arb				ar			2009-07-29		Standard Arabic
language	arc							2005-10-16		Official Aramaic (700-300 BCE) | Imperial Aramaic (700-300 BCE)
language	ard							2009-07-29		Arabana
language	are							2009-07-29		Western Arrarnta
language	arh							2009-07-29		Arhuaco
language	ari							2009-07-29		Arikara
language	arj							2009-07-29		Arapaso
language	ark							2009-07-29		Arikapú
language	arl							2009-07-29		Arabela
language	arn							2005-10-16		Mapudungun | Mapuche
language	aro							2009-07-29		Araona
language	arp							2005-10-16		Arapaho
language	arq				ar			2009-07-29		Algerian Arabic
language	arr							2009-07-29		Karo (Brazil)
language	ars				ar			2009-07-29		Najdi Arabic
language	art					collection		2005-10-16		Artificial languages
language	aru							2009-07-29		Aruá (Amazonas State) | Arawá
language	arv							2009-07-29		Arbore
language	arw							2005-10-16		Arawak
language	arx							2009-07-29		Aruá (Rodonia State)
language	ary				ar			2009-07-29		Moroccan Arabic
language	arz				ar			2009-07-29		Egyptian Arabic
language	as			Beng				2005-10-16		Assamese
language	asa							2009-07-29		Asu (Tanzania)
language	asb							2009-07-29		Assiniboine | Nakoda Assiniboine
language	asc							2009-07-29		Casuarina Coast Asmat
language	asd		snz				2019-04-16	2009-07-29		Asas
language	ase							2009-07-29		American Sign Language
language	asf							2009-07-29		Auslan | Australian Sign Language
language	asg							2009-07-29		Cishingini
language	ash							2009-07-29		Abishira
language	asi							2009-07-29		Buruwai
language	asj							2009-07-29		Sari
language	ask							2009-07-29		Ashkun
language	asl							2009-07-29		Asilulu
language	asn							2009-07-29		Xingú Asuriní
language	aso							2009-07-29		Dano
language	asp							2009-07-29		Algerian Sign Language
language	asq							2009-07-29		Austrian Sign Language
language	asr							2009-07-29		Asuri
language	ass							2009-07-29		Ipulo
language	ast							2005-10-16		Asturian | Asturleonese | Bable | Leonese
language	asu							2009-07-29		Tocantins Asurini
language	asv							2009-07-29		Asoa
language	asw							2009-07-29		Australian Aborigines Sign Language
language	asx							2009-07-29		Muratayak
language	asy							2009-07-29		Yaosakor Asmat
language	asz							2009-07-29		As
language	ata							2009-07-29		Pele-Ata
language	atb							2009-07-29		Zaiwa
language	atc							2009-07-29		Atsahuaca
language	atd							2009-07-29		Ata Manobo
language	ate							2009-07-29		Atemble
language	atg							2009-07-29		Ivbie North-Okpela-Arhe
language	ath					collection		2005-10-16		Athapascan languages
language	ati							2009-07-29		Attié
language	atj							2009-07-29		Atikamekw | Nehirowimowin
language	atk							2009-07-29		Ati
language	atl							2009-07-29		Mt. Iraya Agta
language	atm							2009-07-29		Ata
language	atn							2009-07-29		Ashtiani
language	ato							2009-07-29		Atong (Cameroon)
language	atp							2009-07-29		Pudtol Atta
language	atq							2009-07-29		Aralle-Tabulahan
language	atr							2009-07-29		Waimiri-Atroari
language	ats							2009-07-29		Gros Ventre
language	att							2009-07-29		Pamplona Atta
language	atu							2009-07-29		Reel
language	atv							2009-07-29		Northern Altai
language	atw							2009-07-29		Atsugewi
language	atx							2009-07-29		Arutani
language	aty							2009-07-29		Aneityum
language	atz							2009-07-29		Arta
language	aua							2009-07-29		Asumboa
language	aub							2009-07-29		Alugu
language	auc							2009-07-29		Waorani
language	aud							2009-07-29		Anuta
language	aue		ktz				2015-02-12	2009-07-29		ǂKxʼauǁʼein
language	auf					collection		2009-07-29		Arauan languages
language	aug							2009-07-29		Aguna
language	auh							2009-07-29		Aushi
language	aui							2009-07-29		Anuki
language	auj							2009-07-29		Awjilah
language	auk							2009-07-29		Heyo
language	aul							2009-07-29		Aulua
language	aum							2009-07-29		Asu (Nigeria)
language	aun							2009-07-29		Molmo One
language	auo							2009-07-29		Auyokawa
language	aup							2009-07-29		Makayam
language	auq							2009-07-29		Anus | Korur
language	aur							2009-07-29		Aruek
language	aus					collection		2005-10-16		Australian languages
language	aut							2009-07-29		Austral
language	auu							2009-07-29		Auye
language	auw							2009-07-29		Awyi
language	aux							2009-07-29		Aurá
language	auy							2009-07-29		Awiyaana
language	auz				ar			2009-07-29		Uzbeki Arabic
language	av							2005-10-16		Avaric
language	avb							2009-07-29		Avau
language	avd							2009-07-29		Alviri-Vidari
language	avi							2009-07-29		Avikam
language	avk							2009-07-29		Kotava
language	avl				ar			2009-07-29		Eastern Egyptian Bedawi Arabic
language	avm							2012-08-12		Angkamuthi
language	avn							2009-07-29		Avatime
language	avo							2009-07-29		Agavotaguerra
language	avs							2009-07-29		Aushiri
language	avt							2009-07-29		Au
language	avu							2009-07-29		Avokaya
language	avv							2009-07-29		Avá-Canoeiro
language	awa							2005-10-16		Awadhi
language	awb							2009-07-29		Awa (Papua New Guinea)
language	awc							2009-07-29		Cicipu
language	awd					collection		2009-07-29		Arawakan languages
language	awe							2009-07-29		Awetí
language	awg							2012-08-12		Anguthimri
language	awh							2009-07-29		Awbono
language	awi							2009-07-29		Aekyom
language	awk							2009-07-29		Awabakal
language	awm							2009-07-29		Arawum
language	awn							2009-07-29		Awngi
language	awo							2009-07-29		Awak
language	awr							2009-07-29		Awera
language	aws							2009-07-29		South Awyu
language	awt							2009-07-29		Araweté
language	awu							2009-07-29		Central Awyu
language	awv							2009-07-29		Jair Awyu
language	aww							2009-07-29		Awun
language	awx							2009-07-29		Awara
language	awy							2009-07-29		Edera Awyu
language	axb							2009-07-29		Abipon
language	axe							2012-08-12		Ayerrerenge
language	axg							2009-07-29		Mato Grosso Arára
language	axk							2009-07-29		Yaka (Central African Republic)
language	axl							2013-09-10		Lower Southern Aranda
language	axm							2009-07-29		Middle Armenian
language	axx							2009-07-29		Xârâgurè
language	ay			Latn		macrolanguage		2005-10-16		Aymara
language	aya							2009-07-29		Awar
language	ayb							2009-07-29		Ayizo Gbe
language	ayc				ay			2009-07-29		Southern Aymara
language	ayd							2009-07-29		Ayabadhu
language	aye							2009-07-29		Ayere
language	ayg							2009-07-29		Ginyanga
language	ayh				ar			2009-07-29		Hadrami Arabic
language	ayi							2009-07-29		Leyigha
language	ayk							2009-07-29		Akuku
language	ayl				ar			2009-07-29		Libyan Arabic
language	ayn				ar			2009-07-29		Sanaani Arabic
language	ayo							2009-07-29		Ayoreo
language	ayp				ar			2009-07-29		North Mesopotamian Arabic
language	ayq							2009-07-29		Ayi (Papua New Guinea)
language	ayr				ay			2009-07-29		Central Aymara
language	ays							2009-07-29		Sorsogon Ayta
language	ayt							2009-07-29		Magbukun Ayta
language	ayu							2009-07-29		Ayu
language	ayx		nun				2011-08-16	2009-07-29		Ayi (China)
language	ayy						2020-03-28	2009-07-29		Tayabas Ayta
language	ayz							2009-07-29		Mai Brat
language	az					macrolanguage		2005-10-16		Azerbaijani
language	aza							2009-07-29		Azha
language	azb				az			2009-07-29		South Azerbaijani
language	azc					collection		2009-07-29		Uto-Aztecan languages
language	azd							2012-08-12		Eastern Durango Nahuatl
language	azg							2009-07-29		San Pedro Amuzgos Amuzgo
language	azj				az			2009-07-29		North Azerbaijani
language	azm							2009-07-29		Ipalapa Amuzgo
language	azn							2012-08-12		Western Durango Nahuatl
language	azo							2009-07-29		Awing
language	azt							2009-07-29		Faire Atta
language	azz							2009-07-29		Highland Puebla Nahuatl
language	ba							2005-10-16		Bashkir
language	baa							2009-07-29		Babatana
language	bab							2009-07-29		Bainouk-Gunyuño
language	bac							2009-07-29		Badui
language	bad					collection		2005-10-16		Banda languages
language	bae							2009-07-29		Baré
language	baf							2009-07-29		Nubaca
language	bag							2009-07-29		Tuki
language	bah							2009-07-29		Bahamas Creole English
language	bai					collection		2005-10-16		Bamileke languages
language	baj							2009-07-29		Barakai
language	bal					macrolanguage		2005-10-16		Baluchi
language	ban							2005-10-16		Balinese
language	bao							2009-07-29		Waimaha
language	bap							2009-07-29		Bantawa
language	bar							2009-07-29		Bavarian
language	bas							2005-10-16		Basa (Cameroon)
language	bat					collection		2005-10-16		Baltic languages
language	bau							2009-07-29		Bada (Nigeria)
language	bav							2009-07-29		Vengo
language	baw							2009-07-29		Bambili-Bambui
language	bax							2009-07-29		Bamun
language	bay							2009-07-29		Batuley
language	baz						2012-08-12	2009-07-29		Tunen
language	bba							2009-07-29		Baatonum
language	bbb							2009-07-29		Barai
language	bbc							2009-07-29		Batak Toba
language	bbd							2009-07-29		Bau
language	bbe							2009-07-29		Bangba
language	bbf							2009-07-29		Baibai
language	bbg							2009-07-29		Barama
language	bbh							2009-07-29		Bugan
language	bbi							2009-07-29		Barombi
language	bbj							2009-07-29		Ghomálá'
language	bbk							2009-07-29		Babanki
language	bbl							2009-07-29		Bats
language	bbm							2009-07-29		Babango
language	bbn							2009-07-29		Uneapa
language	bbo							2009-07-29		Northern Bobo Madaré | Konabéré
language	bbp							2009-07-29		West Central Banda
language	bbq							2009-07-29		Bamali
language	bbr							2009-07-29		Girawa
language	bbs							2009-07-29		Bakpinka
language	bbt							2009-07-29		Mburku
language	bbu							2009-07-29		Kulung (Nigeria)
language	bbv							2009-07-29		Karnai
language	bbw							2009-07-29		Baba
language	bbx							2009-07-29		Bubia
language	bby							2009-07-29		Befang
language	bbz				ar		2020-03-28	2009-07-29		Babalia Creole Arabic
language	bca							2009-07-29		Central Bai
language	bcb							2009-07-29		Bainouk-Samik
language	bcc				bal			2009-07-29		Southern Balochi
language	bcd							2009-07-29		North Babar
language	bce							2009-07-29		Bamenyam
language	bcf							2009-07-29		Bamu
language	bcg							2009-07-29		Baga Pokur
language	bch							2009-07-29		Bariai
language	bci							2009-07-29		Baoulé
language	bcj							2009-07-29		Bardi
language	bck							2009-07-29		Bunuba
language	bcl				bik			2009-07-29		Central Bikol
language	bcm							2009-07-29		Bannoni
language	bcn							2009-07-29		Bali (Nigeria)
language	bco							2009-07-29		Kaluli
language	bcp							2009-07-29		Bali (Democratic Republic of Congo)
language	bcq							2009-07-29		Bench
language	bcr							2009-07-29		Babine
language	bcs							2009-07-29		Kohumono
language	bct							2009-07-29		Bendi
language	bcu							2009-07-29		Awad Bing
language	bcv							2009-07-29		Shoo-Minda-Nye
language	bcw							2009-07-29		Bana
language	bcy							2009-07-29		Bacama
language	bcz							2009-07-29		Bainouk-Gunyaamolo
language	bda							2009-07-29		Bayot
language	bdb							2009-07-29		Basap
language	bdc							2009-07-29		Emberá-Baudó
language	bdd							2009-07-29		Bunama
language	bde							2009-07-29		Bade
language	bdf							2010-03-11		Biage
language	bdg							2009-07-29		Bonggi
language	bdh							2009-07-29		Baka (South Sudan)
language	bdi							2009-07-29		Burun
language	bdj							2009-07-29		Bai (South Sudan) | Bai
language	bdk							2009-07-29		Budukh
language	bdl							2009-07-29		Indonesian Bajau
language	bdm							2009-07-29		Buduma
language	bdn							2009-07-29		Baldemu
language	bdo							2009-07-29		Morom
language	bdp							2009-07-29		Bende
language	bdq							2009-07-29		Bahnar
language	bdr							2009-07-29		West Coast Bajau
language	bds							2009-07-29		Burunge
language	bdt				gba			2009-07-29		Bokoto
language	bdu							2009-07-29		Oroko
language	bdv							2009-07-29		Bodo Parja
language	bdw							2009-07-29		Baham
language	bdx							2009-07-29		Budong-Budong
language	bdy							2009-07-29		Bandjalang
language	bdz							2009-07-29		Badeshi
language	be			Cyrl				2005-10-16		Belarusian
language	bea							2009-07-29		Beaver
language	beb							2009-07-29		Bebele
language	bec							2009-07-29		Iceve-Maci
language	bed							2009-07-29		Bedoanas
language	bee							2009-07-29		Byangsi
language	bef							2009-07-29		Benabena
language	beg							2009-07-29		Belait
language	beh							2009-07-29		Biali
language	bei							2009-07-29		Bekati'
language	bej							2005-10-16		Beja | Bedawiyet
language	bek							2009-07-29		Bebeli
language	bem							2005-10-16		Bemba (Zambia)
language	beo							2009-07-29		Beami
language	bep							2009-07-29		Besoa
language	beq							2009-07-29		Beembe
language	ber					collection		2005-10-16		Berber languages
language	bes							2009-07-29		Besme
language	bet							2009-07-29		Guiberoua Béte
language	beu							2009-07-29		Blagar
language	bev							2009-07-29		Daloa Bété
language	bew							2009-07-29		Betawi
language	bex							2009-07-29		Jur Modo
language	bey							2009-07-29		Beli (Papua New Guinea)
language	bez							2009-07-29		Bena (Tanzania)
language	bfa							2009-07-29		Bari
language	bfb							2009-07-29		Pauri Bareli
language	bfc							2009-07-29		Panyi Bai | Northern Bai
language	bfd							2009-07-29		Bafut
language	bfe							2009-07-29		Betaf | Tena
language	bff							2009-07-29		Bofi
language	bfg							2009-07-29		Busang Kayan
language	bfh							2009-07-29		Blafe
language	bfi							2009-07-29		British Sign Language
language	bfj							2009-07-29		Bafanji
language	bfk							2009-07-29		Ban Khor Sign Language
language	bfl							2009-07-29		Banda-Ndélé
language	bfm							2009-07-29		Mmen
language	bfn							2009-07-29		Bunak
language	bfo							2009-07-29		Malba Birifor
language	bfp							2009-07-29		Beba
language	bfq							2009-07-29		Badaga
language	bfr							2009-07-29		Bazigar
language	bfs							2009-07-29		Southern Bai
language	bft							2009-07-29		Balti
language	bfu							2009-07-29		Gahri
language	bfw							2009-07-29		Bondo
language	bfx							2010-03-11		Bantayanon
language	bfy							2009-07-29		Bagheli
language	bfz							2009-07-29		Mahasu Pahari
language	bg			Cyrl				2005-10-16		Bulgarian
language	bga							2009-07-29		Gwamhi-Wuri
language	bgb							2009-07-29		Bobongko
language	bgc							2009-07-29		Haryanvi
language	bgd							2009-07-29		Rathwi Bareli
language	bge							2009-07-29		Bauria
language	bgf							2009-07-29		Bangandu
language	bgg							2009-07-29		Bugun
language	bgi							2009-07-29		Giangan
language	bgj							2009-07-29		Bangolan
language	bgk							2009-07-29		Bit | Buxinhua
language	bgl							2009-07-29		Bo (Laos)
language	bgm		bcg				2016-05-30	2009-07-29		Baga Mboteni
language	bgn				bal			2009-07-29		Western Balochi
language	bgo							2009-07-29		Baga Koga
language	bgp				bal			2009-07-29		Eastern Balochi
language	bgq				raj			2009-07-29		Bagri
language	bgr							2009-07-29		Bawm Chin
language	bgs							2009-07-29		Tagabawa
language	bgt							2009-07-29		Bughotu
language	bgu							2009-07-29		Mbongno
language	bgv							2009-07-29		Warkay-Bipim
language	bgw							2009-07-29		Bhatri
language	bgx							2009-07-29		Balkan Gagauz Turkish
language	bgy							2009-07-29		Benggoi
language	bgz							2009-07-29		Banggai
language	bh					collection		2005-10-16		Bihari languages
language	bha							2009-07-29		Bharia
language	bhb							2009-07-29		Bhili
language	bhc							2009-07-29		Biga
language	bhd							2009-07-29		Bhadrawahi
language	bhe							2009-07-29		Bhaya
language	bhf							2009-07-29		Odiai
language	bhg							2009-07-29		Binandere
language	bhh							2009-07-29		Bukharic
language	bhi							2009-07-29		Bhilali
language	bhj							2009-07-29		Bahing
language	bhk				bik		2010-03-11	2009-07-29		Albay Bicolano
language	bhl							2009-07-29		Bimin
language	bhm							2009-07-29		Bathari
language	bhn							2009-07-29		Bohtan Neo-Aramaic
language	bho							2005-10-16		Bhojpuri
language	bhp							2009-07-29		Bima
language	bhq							2009-07-29		Tukang Besi South
language	bhr				mg			2009-07-29		Bara Malagasy
language	bhs							2009-07-29		Buwal
language	bht							2009-07-29		Bhattiyali
language	bhu							2009-07-29		Bhunjia
language	bhv							2009-07-29		Bahau
language	bhw							2009-07-29		Biak
language	bhx							2009-07-29		Bhalay
language	bhy							2009-07-29		Bhele
language	bhz							2009-07-29		Bada (Indonesia)
language	bi							2005-10-16		Bislama
language	bia							2009-07-29		Badimaya
language	bib							2009-07-29		Bissa | Bisa
language	bic		bir				2021-02-20	2009-07-29		Bikaru
language	bid							2009-07-29		Bidiyo
language	bie							2009-07-29		Bepour
language	bif							2009-07-29		Biafada
language	big							2009-07-29		Biangai
language	bij						2021-02-20	2009-07-29		Vaghat-Ya-Bijim-Legeri
language	bik					macrolanguage		2005-10-16		Bikol
language	bil							2009-07-29		Bile
language	bim							2009-07-29		Bimoba
language	bin							2005-10-16		Bini | Edo
language	bio							2009-07-29		Nai
language	bip							2009-07-29		Bila
language	biq							2009-07-29		Bipi
language	bir							2009-07-29		Bisorio
language	bit							2009-07-29		Berinomo
language	biu							2009-07-29		Biete
language	biv							2009-07-29		Southern Birifor
language	biw							2009-07-29		Kol (Cameroon)
language	bix							2009-07-29		Bijori
language	biy							2009-07-29		Birhor
language	biz							2009-07-29		Baloi
language	bja							2009-07-29		Budza
language	bjb							2009-07-29		Banggarla
language	bjc							2009-07-29		Bariji
language	bjd		drl				2012-08-12	2009-07-29		Bandjigali
language	bje							2009-07-29		Biao-Jiao Mien
language	bjf							2009-07-29		Barzani Jewish Neo-Aramaic
language	bjg							2009-07-29		Bidyogo
language	bjh							2009-07-29		Bahinemo
language	bji							2009-07-29		Burji
language	bjj							2009-07-29		Kanauji
language	bjk							2009-07-29		Barok
language	bjl							2009-07-29		Bulu (Papua New Guinea)
language	bjm							2009-07-29		Bajelani
language	bjn				ms			2009-07-29		Banjar
language	bjo							2009-07-29		Mid-Southern Banda
language	bjp							2013-09-10		Fanamaket
language	bjq				mg		2011-08-16	2009-07-29		Southern Betsimisaraka Malagasy
language	bjr							2009-07-29		Binumarien
language	bjs							2009-07-29		Bajan
language	bjt							2009-07-29		Balanta-Ganja
language	bju							2009-07-29		Busuu
language	bjv							2009-07-29		Bedjond
language	bjw							2009-07-29		Bakwé
language	bjx							2009-07-29		Banao Itneg
language	bjy							2009-07-29		Bayali
language	bjz							2009-07-29		Baruga
language	bka							2009-07-29		Kyak
language	bkb						2010-03-11	2009-07-29		Finallig
language	bkc							2009-07-29		Baka (Cameroon)
language	bkd							2009-07-29		Binukid | Talaandig
language	bkf							2009-07-29		Beeke
language	bkg							2009-07-29		Buraka
language	bkh							2009-07-29		Bakoko
language	bki							2009-07-29		Baki
language	bkj							2009-07-29		Pande
language	bkk							2009-07-29		Brokskat
language	bkl							2009-07-29		Berik
language	bkm							2009-07-29		Kom (Cameroon)
language	bkn							2009-07-29		Bukitan
language	bko							2009-07-29		Kwa'
language	bkp							2009-07-29		Boko (Democratic Republic of Congo)
language	bkq							2009-07-29		Bakairí
language	bkr							2009-07-29		Bakumpai
language	bks							2009-07-29		Northern Sorsoganon
language	bkt							2009-07-29		Boloki
language	bku							2009-07-29		Buhid
language	bkv							2009-07-29		Bekwarra
language	bkw							2009-07-29		Bekwel
language	bkx							2009-07-29		Baikeno
language	bky							2009-07-29		Bokyi
language	bkz							2009-07-29		Bungku
language	bla							2005-10-16		Siksika
language	blb							2009-07-29		Bilua
language	blc							2009-07-29		Bella Coola
language	bld							2009-07-29		Bolango
language	ble							2009-07-29		Balanta-Kentohe
language	blf							2009-07-29		Buol
language	blg		iba				2021-02-20	2009-07-29		Balau
language	blh							2009-07-29		Kuwaa
language	bli							2009-07-29		Bolia
language	blj							2009-07-29		Bolongan
language	blk							2009-07-29		Pa'o Karen | Pa'O
language	bll							2009-07-29		Biloxi
language	blm							2009-07-29		Beli (South Sudan)
language	bln				bik			2009-07-29		Southern Catanduanes Bikol
language	blo							2009-07-29		Anii
language	blp							2009-07-29		Blablanga
language	blq							2009-07-29		Baluan-Pam
language	blr							2009-07-29		Blang
language	bls							2009-07-29		Balaesang
language	blt							2009-07-29		Tai Dam
language	blv							2009-07-29		Kibala | Bolo
language	blw							2009-07-29		Balangao
language	blx							2009-07-29		Mag-Indi Ayta
language	bly							2009-07-29		Notre
language	blz							2009-07-29		Balantak
language	bm							2005-10-16		Bambara
language	bma							2009-07-29		Lame
language	bmb							2009-07-29		Bembe
language	bmc							2009-07-29		Biem
language	bmd							2009-07-29		Baga Manduri
language	bme							2009-07-29		Limassa
language	bmf							2009-07-29		Bom-Kim
language	bmg							2009-07-29		Bamwe
language	bmh							2009-07-29		Kein
language	bmi							2009-07-29		Bagirmi
language	bmj							2009-07-29		Bote-Majhi
language	bmk							2009-07-29		Ghayavi
language	bml							2009-07-29		Bomboli
language	bmm				mg			2009-07-29		Northern Betsimisaraka Malagasy
language	bmn							2009-07-29		Bina (Papua New Guinea)
language	bmo							2009-07-29		Bambalang
language	bmp							2009-07-29		Bulgebi
language	bmq							2009-07-29		Bomu
language	bmr							2009-07-29		Muinane
language	bms							2009-07-29		Bilma Kanuri
language	bmt							2009-07-29		Biao Mon
language	bmu							2009-07-29		Somba-Siawari
language	bmv							2009-07-29		Bum
language	bmw							2009-07-29		Bomwali
language	bmx							2009-07-29		Baimak
language	bmy						2015-02-12	2009-07-29		Bemba (Democratic Republic of Congo)
language	bmz							2009-07-29		Baramu
language	bn			Beng				2005-10-16		Bengali | Bangla
language	bna							2009-07-29		Bonerate
language	bnb							2009-07-29		Bookan
language	bnc					macrolanguage		2009-07-29		Bontok
language	bnd							2009-07-29		Banda (Indonesia)
language	bne							2009-07-29		Bintauna
language	bnf							2009-07-29		Masiwang
language	bng							2009-07-29		Benga
language	bni							2009-07-29		Bangi
language	bnj							2009-07-29		Eastern Tawbuid
language	bnk							2009-07-29		Bierebo
language	bnl							2009-07-29		Boon
language	bnm							2009-07-29		Batanga
language	bnn							2009-07-29		Bunun
language	bno							2009-07-29		Bantoanon
language	bnp							2009-07-29		Bola
language	bnq							2009-07-29		Bantik
language	bnr							2009-07-29		Butmas-Tur
language	bns							2009-07-29		Bundeli
language	bnt					collection		2005-10-16		Bantu languages
language	bnu							2009-07-29		Bentong
language	bnv							2009-07-29		Bonerif | Beneraf | Edwas
language	bnw							2009-07-29		Bisis
language	bnx							2009-07-29		Bangubangu
language	bny							2009-07-29		Bintulu
language	bnz							2009-07-29		Beezen
language	bo							2005-10-16		Tibetan
language	boa							2009-07-29		Bora
language	bob							2009-07-29		Aweer
language	boe							2009-07-29		Mundabli-Mufu
language	bof							2009-07-29		Bolon
language	bog							2009-07-29		Bamako Sign Language
language	boh							2009-07-29		Boma
language	boi							2009-07-29		Barbareño
language	boj							2009-07-29		Anjam
language	bok							2009-07-29		Bonjo
language	bol							2009-07-29		Bole
language	bom							2009-07-29		Berom
language	bon							2009-07-29		Bine
language	boo							2009-07-29		Tiemacèwè Bozo
language	bop							2009-07-29		Bonkiman
language	boq							2009-07-29		Bogaya
language	bor							2009-07-29		Borôro
language	bot							2009-07-29		Bongo
language	bou							2009-07-29		Bondei
language	bov							2009-07-29		Tuwuli
language	bow							2009-07-29		Rema
language	box							2009-07-29		Buamu
language	boy							2009-07-29		Bodo (Central African Republic)
language	boz							2009-07-29		Tiéyaxo Bozo
language	bpa							2009-07-29		Daakaka
language	bpb						2020-03-28	2009-07-29		Barbacoas
language	bpc							2022-02-25		Mbuk
language	bpd							2009-07-29		Banda-Banda
language	bpe							2021-02-20		Bauni
language	bpg							2009-07-29		Bonggo
language	bph							2009-07-29		Botlikh
language	bpi							2009-07-29		Bagupi
language	bpj							2009-07-29		Binji
language	bpk							2009-07-29		Orowe | 'Ôrôê
language	bpl							2009-07-29		Broome Pearling Lugger Pidgin
language	bpm							2009-07-29		Biyom
language	bpn							2009-07-29		Dzao Min
language	bpo							2009-07-29		Anasi
language	bpp							2009-07-29		Kaure
language	bpq							2009-07-29		Banda Malay
language	bpr							2009-07-29		Koronadal Blaan
language	bps							2009-07-29		Sarangani Blaan
language	bpt							2009-07-29		Barrow Point
language	bpu							2009-07-29		Bongu
language	bpv							2009-07-29		Bian Marind
language	bpw							2009-07-29		Bo (Papua New Guinea)
language	bpx							2009-07-29		Palya Bareli
language	bpy							2009-07-29		Bishnupriya
language	bpz							2009-07-29		Bilba
language	bqa							2009-07-29		Tchumbuli
language	bqb							2009-07-29		Bagusa
language	bqc							2009-07-29		Boko (Benin) | Boo
language	bqd							2009-07-29		Bung
language	bqf							2009-07-29		Baga Kaloum
language	bqg							2009-07-29		Bago-Kusuntu
language	bqh							2009-07-29		Baima
language	bqi							2009-07-29		Bakhtiari
language	bqj							2009-07-29		Bandial
language	bqk							2009-07-29		Banda-Mbrès
language	bql							2009-07-29		Karian | Bilakura
language	bqm							2009-07-29		Wumboko
language	bqn							2009-07-29		Bulgarian Sign Language
language	bqo							2009-07-29		Balo
language	bqp							2009-07-29		Busa
language	bqq							2009-07-29		Biritai
language	bqr							2009-07-29		Burusu
language	bqs							2009-07-29		Bosngun
language	bqt							2009-07-29		Bamukumbit
language	bqu							2009-07-29		Boguru
language	bqv							2009-07-29		Koro Wachi | Begbere-Ejar
language	bqw							2009-07-29		Buru (Nigeria)
language	bqx							2009-07-29		Baangi
language	bqy							2009-07-29		Bengkala Sign Language
language	bqz							2009-07-29		Bakaka
language	br							2005-10-16		Breton
language	bra							2005-10-16		Braj
language	brb							2009-07-29		Brao | Lave
language	brc							2009-07-29		Berbice Creole Dutch
language	brd							2009-07-29		Baraamu
language	brf							2009-07-29		Bira
language	brg							2009-07-29		Baure
language	brh							2009-07-29		Brahui
language	bri							2009-07-29		Mokpwe
language	brj							2009-07-29		Bieria
language	brk							2009-07-29		Birked
language	brl							2009-07-29		Birwa
language	brm							2009-07-29		Barambu
language	brn							2009-07-29		Boruca
language	bro							2009-07-29		Brokkat
language	brp							2009-07-29		Barapasi
language	brq							2009-07-29		Breri
language	brr							2009-07-29		Birao
language	brs							2009-07-29		Baras
language	brt							2009-07-29		Bitare
language	bru							2009-07-29		Eastern Bru
language	brv							2009-07-29		Western Bru
language	brw							2009-07-29		Bellari
language	brx							2009-07-29		Bodo (India)
language	bry							2009-07-29		Burui
language	brz							2009-07-29		Bilbil
language	bs			Latn	sh			2005-10-16		Bosnian
language	bsa							2009-07-29		Abinomn
language	bsb							2009-07-29		Brunei Bisaya
language	bsc							2009-07-29		Bassari | Oniyan
language	bse							2009-07-29		Wushi
language	bsf							2009-07-29		Bauchi
language	bsg							2009-07-29		Bashkardi
language	bsh							2009-07-29		Kati
language	bsi							2009-07-29		Bassossi
language	bsj							2009-07-29		Bangwinji
language	bsk							2009-07-29		Burushaski
language	bsl							2009-07-29		Basa-Gumna
language	bsm							2009-07-29		Busami
language	bsn							2009-07-29		Barasana-Eduria
language	bso							2009-07-29		Buso
language	bsp							2009-07-29		Baga Sitemu
language	bsq							2009-07-29		Bassa
language	bsr							2009-07-29		Bassa-Kontagora
language	bss							2009-07-29		Akoose
language	bst							2009-07-29		Basketo
language	bsu							2009-07-29		Bahonsuai
language	bsv							2009-07-29		Baga Sobané
language	bsw							2009-07-29		Baiso
language	bsx							2009-07-29		Yangkam
language	bsy							2009-07-29		Sabah Bisaya
language	bta							2009-07-29		Bata
language	btb						2010-03-11	2009-07-29		Beti (Cameroon)
language	btc							2009-07-29		Bati (Cameroon)
language	btd							2009-07-29		Batak Dairi
language	bte							2009-07-29		Gamo-Ningi
language	btf							2009-07-29		Birgit
language	btg							2009-07-29		Gagnoa Bété
language	bth							2009-07-29		Biatah Bidayuh
language	bti							2009-07-29		Burate
language	btj				ms			2009-07-29		Bacanese Malay
language	btk					collection		2005-10-16		Batak languages
language	btl						2016-05-30	2009-07-29		Bhatola
language	btm							2009-07-29		Batak Mandailing
language	btn							2009-07-29		Ratagnon
language	bto				bik			2009-07-29		Rinconada Bikol
language	btp							2009-07-29		Budibud
language	btq							2009-07-29		Batek
language	btr							2009-07-29		Baetora
language	bts							2009-07-29		Batak Simalungun
language	btt							2009-07-29		Bete-Bendi
language	btu							2009-07-29		Batu
language	btv							2009-07-29		Bateri
language	btw							2009-07-29		Butuanon
language	btx							2009-07-29		Batak Karo
language	bty							2009-07-29		Bobot
language	btz							2009-07-29		Batak Alas-Kluet
language	bua					macrolanguage		2005-10-16		Buriat
language	bub							2009-07-29		Bua
language	buc							2009-07-29		Bushi
language	bud							2009-07-29		Ntcham
language	bue							2009-07-29		Beothuk
language	buf							2009-07-29		Bushoong
language	bug							2005-10-16		Buginese
language	buh							2009-07-29		Younuo Bunu
language	bui							2009-07-29		Bongili
language	buj							2009-07-29		Basa-Gurmana
language	buk							2009-07-29		Bugawac
language	bum							2009-07-29		Bulu (Cameroon)
language	bun							2009-07-29		Sherbro
language	buo							2009-07-29		Terei
language	bup							2009-07-29		Busoa
language	buq							2009-07-29		Brem
language	bus							2009-07-29		Bokobaru
language	but							2009-07-29		Bungain
language	buu							2009-07-29		Budu
language	buv							2009-07-29		Bun
language	buw							2009-07-29		Bubi
language	bux							2009-07-29		Boghom
language	buy							2009-07-29		Bullom So
language	buz							2009-07-29		Bukwen
language	bva							2009-07-29		Barein
language	bvb							2009-07-29		Bube
language	bvc							2009-07-29		Baelelea
language	bvd							2009-07-29		Baeggu
language	bve				ms			2009-07-29		Berau Malay
language	bvf							2009-07-29		Boor
language	bvg							2009-07-29		Bonkeng
language	bvh							2009-07-29		Bure
language	bvi							2009-07-29		Belanda Viri
language	bvj							2009-07-29		Baan
language	bvk							2009-07-29		Bukat
language	bvl							2009-07-29		Bolivian Sign Language
language	bvm							2009-07-29		Bamunka
language	bvn							2009-07-29		Buna
language	bvo							2009-07-29		Bolgo
language	bvp							2013-09-10		Bumang
language	bvq							2009-07-29		Birri
language	bvr							2009-07-29		Burarra
language	bvt							2009-07-29		Bati (Indonesia)
language	bvu				ms			2009-07-29		Bukit Malay
language	bvv							2009-07-29		Baniva
language	bvw							2009-07-29		Boga
language	bvx							2009-07-29		Dibole
language	bvy							2010-03-11		Baybayanon
language	bvz							2009-07-29		Bauzi
language	bwa							2009-07-29		Bwatoo
language	bwb							2009-07-29		Namosi-Naitasiri-Serua
language	bwc							2009-07-29		Bwile
language	bwd							2009-07-29		Bwaidoka
language	bwe							2009-07-29		Bwe Karen
language	bwf							2009-07-29		Boselewa
language	bwg							2009-07-29		Barwe
language	bwh							2009-07-29		Bishuo
language	bwi							2009-07-29		Baniwa
language	bwj							2009-07-29		Láá Láá Bwamu
language	bwk							2009-07-29		Bauwaki
language	bwl							2009-07-29		Bwela
language	bwm							2009-07-29		Biwat
language	bwn							2009-07-29		Wunai Bunu
language	bwo							2009-07-29		Boro (Ethiopia) | Borna (Ethiopia)
language	bwp							2009-07-29		Mandobo Bawah
language	bwq							2009-07-29		Southern Bobo Madaré
language	bwr							2009-07-29		Bura-Pabir
language	bws							2009-07-29		Bomboma
language	bwt							2009-07-29		Bafaw-Balong
language	bwu							2009-07-29		Buli (Ghana)
language	bww							2009-07-29		Bwa
language	bwx							2009-07-29		Bu-Nao Bunu
language	bwy							2009-07-29		Cwi Bwamu
language	bwz							2009-07-29		Bwisi
language	bxa							2009-07-29		Tairaha
language	bxb							2009-07-29		Belanda Bor
language	bxc							2009-07-29		Molengue
language	bxd							2009-07-29		Pela
language	bxe							2009-07-29		Birale
language	bxf							2009-07-29		Bilur | Minigir
language	bxg							2009-07-29		Bangala
language	bxh							2009-07-29		Buhutu
language	bxi							2009-07-29		Pirlatapa
language	bxj							2009-07-29		Bayungu
language	bxk				luy			2009-07-29		Bukusu | Lubukusu
language	bxl							2009-07-29		Jalkunan
language	bxm				bua			2009-07-29		Mongolia Buriat
language	bxn							2009-07-29		Burduna
language	bxo							2009-07-29		Barikanchi
language	bxp							2009-07-29		Bebil
language	bxq							2009-07-29		Beele
language	bxr				bua			2009-07-29		Russia Buriat
language	bxs							2009-07-29		Busam
language	bxu				bua			2009-07-29		China Buriat
language	bxv							2009-07-29		Berakou
language	bxw							2009-07-29		Bankagooma
language	bxx						2015-02-12	2009-07-29		Borna (Democratic Republic of Congo)
language	bxz							2009-07-29		Binahari
language	bya							2009-07-29		Batak
language	byb							2009-07-29		Bikya
language	byc							2009-07-29		Ubaghara
language	byd							2009-07-29		Benyadu'
language	bye							2009-07-29		Pouye
language	byf							2009-07-29		Bete
language	byg							2009-07-29		Baygo
language	byh							2009-07-29		Bhujel
language	byi							2009-07-29		Buyu
language	byj							2009-07-29		Bina (Nigeria)
language	byk							2009-07-29		Biao
language	byl							2009-07-29		Bayono
language	bym							2009-07-29		Bidjara
language	byn							2005-10-16		Bilin | Blin
language	byo							2009-07-29		Biyo
language	byp							2009-07-29		Bumaji
language	byq							2009-07-29		Basay
language	byr							2009-07-29		Baruya | Yipma
language	bys							2009-07-29		Burak
language	byt							2009-07-29		Berti
language	byv							2009-07-29		Medumba
language	byw							2009-07-29		Belhariya
language	byx							2009-07-29		Qaqet
language	byy						2015-02-12	2009-07-29		Buya
language	byz							2009-07-29		Banaro
language	bza							2009-07-29		Bandi
language	bzb							2009-07-29		Andio
language	bzc				mg			2011-08-16		Southern Betsimisaraka Malagasy
language	bzd							2009-07-29		Bribri
language	bze							2009-07-29		Jenaama Bozo
language	bzf							2009-07-29		Boikin
language	bzg							2009-07-29		Babuza
language	bzh							2009-07-29		Mapos Buang
language	bzi							2009-07-29		Bisu
language	bzj							2009-07-29		Belize Kriol English
language	bzk							2009-07-29		Nicaragua Creole English
language	bzl							2009-07-29		Boano (Sulawesi)
language	bzm							2009-07-29		Bolondo
language	bzn							2009-07-29		Boano (Maluku)
language	bzo							2009-07-29		Bozaba
language	bzp							2009-07-29		Kemberano
language	bzq							2009-07-29		Buli (Indonesia)
language	bzr							2009-07-29		Biri
language	bzs							2009-07-29		Brazilian Sign Language
language	bzt							2009-07-29		Brithenig
language	bzu							2009-07-29		Burmeso
language	bzv							2009-07-29		Naami
language	bzw							2009-07-29		Basa (Nigeria)
language	bzx							2009-07-29		Kɛlɛngaxo Bozo
language	bzy							2009-07-29		Obanliku
language	bzz							2009-07-29		Evant
language	ca			Latn				2005-10-16		Catalan | Valencian
language	caa							2009-07-29		Chortí
language	cab							2009-07-29		Garifuna
language	cac							2009-07-29		Chuj
language	cad							2005-10-16		Caddo
language	cae							2009-07-29		Lehar | Laalaa
language	caf							2009-07-29		Southern Carrier
language	cag							2009-07-29		Nivaclé
language	cah							2009-07-29		Cahuarano
language	cai					collection		2005-10-16		Central American Indian languages
language	caj							2009-07-29		Chané
language	cak							2009-07-29		Kaqchikel | Cakchiquel
language	cal							2009-07-29		Carolinian
language	cam							2009-07-29		Cemuhî
language	can							2009-07-29		Chambri
language	cao							2009-07-29		Chácobo
language	cap							2009-07-29		Chipaya
language	caq							2009-07-29		Car Nicobarese
language	car							2005-10-16		Galibi Carib
language	cas							2009-07-29		Tsimané
language	cau					collection		2005-10-16		Caucasian languages
language	cav							2009-07-29		Cavineña
language	caw							2009-07-29		Callawalla
language	cax							2009-07-29		Chiquitano
language	cay							2009-07-29		Cayuga
language	caz							2009-07-29		Canichana
language	cba					collection		2009-07-29		Chibchan languages
language	cbb							2009-07-29		Cabiyarí
language	cbc							2009-07-29		Carapana
language	cbd							2009-07-29		Carijona
language	cbe						2016-05-30	2009-07-29		Chipiajes
language	cbg							2009-07-29		Chimila
language	cbh						2016-05-30	2009-07-29		Cagua
language	cbi							2009-07-29		Chachi
language	cbj							2009-07-29		Ede Cabe
language	cbk							2009-07-29		Chavacano
language	cbl							2009-07-29		Bualkhaw Chin
language	cbn							2009-07-29		Nyahkur
language	cbo							2009-07-29		Izora
language	cbq							2015-02-12		Tsucuba | Cuba
language	cbr							2009-07-29		Cashibo-Cacataibo
language	cbs							2009-07-29		Cashinahua
language	cbt							2009-07-29		Chayahuita
language	cbu							2009-07-29		Candoshi-Shapra
language	cbv							2009-07-29		Cacua
language	cbw							2010-03-11		Kinabalian
language	cby							2009-07-29		Carabayo
language	cca						2020-03-28	2009-07-29		Cauca
language	ccc							2009-07-29		Chamicuro
language	ccd							2009-07-29		Cafundo Creole
language	cce							2009-07-29		Chopi
language	ccg							2009-07-29		Samba Daka
language	cch							2009-07-29		Atsam
language	ccj							2009-07-29		Kasanga
language	ccl							2009-07-29		Cutchi-Swahili
language	ccm							2009-07-29		Malaccan Creole Malay
language	ccn					collection		2009-07-29		North Caucasian languages
language	cco							2009-07-29		Comaltepec Chinantec
language	ccp							2009-07-29		Chakma
language	ccq		rki				2012-08-12	2009-07-29		Chaungtha
language	ccr							2009-07-29		Cacaopera
language	ccs					collection		2009-07-29		South Caucasian languages
language	cda							2009-07-29		Choni
language	cdc					collection		2009-07-29		Chadic languages
language	cdd					collection		2009-07-29		Caddoan languages
language	cde							2009-07-29		Chenchu
language	cdf							2009-07-29		Chiru
language	cdg						2020-03-28	2009-07-29		Chamari
language	cdh							2009-07-29		Chambeali
language	cdi							2009-07-29		Chodri
language	cdj							2009-07-29		Churahi
language	cdm							2009-07-29		Chepang
language	cdn							2009-07-29		Chaudangsi
language	cdo				zh			2009-07-29		Min Dong Chinese
language	cdr							2009-07-29		Cinda-Regi-Tiyal
language	cds							2009-07-29		Chadian Sign Language
language	cdy							2009-07-29		Chadong
language	cdz							2009-07-29		Koda
language	ce							2005-10-16		Chechen
language	cea							2009-07-29		Lower Chehalis
language	ceb							2005-10-16		Cebuano
language	ceg							2009-07-29		Chamacoco
language	cek							2012-08-12		Eastern Khumi Chin
language	cel					collection		2005-10-16		Celtic languages
language	cen							2009-07-29		Cen
language	cet							2009-07-29		Centúúm
language	cey							2019-04-16		Ekai Chin
language	cfa							2009-07-29		Dijim-Bwilim
language	cfd							2009-07-29		Cara
language	cfg							2009-07-29		Como Karim
language	cfm							2009-07-29		Falam Chin
language	cga							2009-07-29		Changriwa
language	cgc							2009-07-29		Kagayanen
language	cgg							2009-07-29		Chiga
language	cgk							2009-07-29		Chocangacakha
language	ch			Latn				2005-10-16		Chamorro
language	chb							2005-10-16		Chibcha
language	chc							2009-07-29		Catawba
language	chd							2009-07-29		Highland Oaxaca Chontal
language	chf							2009-07-29		Tabasco Chontal
language	chg							2005-10-16		Chagatai
language	chh							2009-07-29		Chinook
language	chj							2009-07-29		Ojitlán Chinantec
language	chk							2005-10-16		Chuukese
language	chl							2009-07-29		Cahuilla
language	chm					macrolanguage		2005-10-16		Mari (Russia)
language	chn							2005-10-16		Chinook jargon
language	cho							2005-10-16		Choctaw
language	chp							2005-10-16		Chipewyan | Dene Suline
language	chq							2009-07-29		Quiotepec Chinantec
language	chr							2005-10-16		Cherokee
language	cht							2009-07-29		Cholón
language	chw							2009-07-29		Chuwabu
language	chx							2009-07-29		Chantyal
language	chy							2005-10-16		Cheyenne
language	chz							2009-07-29		Ozumacín Chinantec
language	cia							2009-07-29		Cia-Cia
language	cib							2009-07-29		Ci Gbe
language	cic							2009-07-29		Chickasaw
language	cid							2009-07-29		Chimariko
language	cie							2009-07-29		Cineni
language	cih							2009-07-29		Chinali
language	cik							2009-07-29		Chitkuli Kinnauri
language	cim							2009-07-29		Cimbrian
language	cin							2009-07-29		Cinta Larga
language	cip							2009-07-29		Chiapanec
language	cir							2009-07-29		Tiri | Haméa | Méa
language	ciw				oj			2009-07-29		Chippewa
language	ciy							2009-07-29		Chaima
language	cja							2009-07-29		Western Cham
language	cje							2009-07-29		Chru
language	cjh							2009-07-29		Upper Chehalis
language	cji							2009-07-29		Chamalal
language	cjk							2009-07-29		Chokwe
language	cjm							2009-07-29		Eastern Cham
language	cjn							2009-07-29		Chenapian
language	cjo							2009-07-29		Ashéninka Pajonal
language	cjp							2009-07-29		Cabécar
language	cjr		mom				2010-03-11	2009-07-29		Chorotega
language	cjs							2009-07-29		Shor
language	cjv							2009-07-29		Chuave
language	cjy				zh			2009-07-29		Jinyu Chinese
language	cka		cmr				2012-08-12	2009-07-29		Khumi Awa Chin
language	ckb				ku			2009-07-29		Central Kurdish
language	ckh							2009-07-29		Chak
language	ckl							2009-07-29		Cibak
language	ckm							2020-03-28		Chakavian
language	ckn							2013-09-10		Kaang Chin
language	cko							2009-07-29		Anufo
language	ckq							2009-07-29		Kajakse
language	ckr							2009-07-29		Kairak
language	cks							2009-07-29		Tayo
language	ckt							2009-07-29		Chukot
language	cku							2009-07-29		Koasati
language	ckv							2009-07-29		Kavalan
language	ckx							2009-07-29		Caka
language	cky							2009-07-29		Cakfem-Mushere
language	ckz							2009-07-29		Cakchiquel-Quiché Mixed Language
language	cla							2009-07-29		Ron
language	clc							2009-07-29		Chilcotin | Tsilhqot’in
language	cld				syr			2009-07-29		Chaldean Neo-Aramaic
language	cle							2009-07-29		Lealao Chinantec
language	clh							2009-07-29		Chilisso
language	cli							2009-07-29		Chakali
language	clj							2012-08-12		Laitu Chin
language	clk							2009-07-29		Idu-Mishmi
language	cll							2009-07-29		Chala
language	clm							2009-07-29		Klallam | Clallam
language	clo							2009-07-29		Lowland Oaxaca Chontal
language	cls				sa			2024-03-04		Classical Sanskrit
language	clt							2012-08-12		Lautu Chin
language	clu							2009-07-29		Caluyanun
language	clw							2009-07-29		Chulym
language	cly							2009-07-29		Eastern Highland Chatino
language	cma							2009-07-29		Maa
language	cmc					collection		2005-10-16		Chamic languages
language	cme							2009-07-29		Cerma
language	cmg							2009-07-29		Classical Mongolian
language	cmi							2009-07-29		Emberá-Chamí
language	cmk		xch				2010-03-11	2009-07-29		Chimakum
language	cml							2009-07-29		Campalagian
language	cmm							2009-07-29		Michigamea
language	cmn				zh			2009-07-29		Mandarin Chinese
language	cmo							2009-07-29		Central Mnong
language	cmr							2009-07-29		Mro-Khimi Chin
language	cms							2009-07-29		Messapic
language	cmt							2009-07-29		Camtho
language	cna							2009-07-29		Changthang
language	cnb							2009-07-29		Chinbon Chin
language	cnc							2009-07-29		Côông
language	cng							2009-07-29		Northern Qiang
language	cnh							2009-07-29		Hakha Chin | Haka Chin
language	cni							2009-07-29		Asháninka
language	cnk							2009-07-29		Khumi Chin
language	cnl							2009-07-29		Lalana Chinantec
language	cno							2009-07-29		Con
language	cnp				zh			2020-03-28		Northern Ping Chinese | Northern Pinghua
language	cnq							2022-02-25		Chung
language	cnr				sh			2018-01-23		Montenegrin
language	cns							2009-07-29		Central Asmat
language	cnt							2009-07-29		Tepetotutla Chinantec
language	cnu							2009-07-29		Chenoua
language	cnw							2009-07-29		Ngawn Chin
language	cnx							2009-07-29		Middle Cornish
language	co							2005-10-16		Corsican
language	coa				ms			2009-07-29		Cocos Islands Malay
language	cob							2009-07-29		Chicomuceltec
language	coc							2009-07-29		Cocopa
language	cod							2009-07-29		Cocama-Cocamilla
language	coe							2009-07-29		Koreguaje
language	cof							2009-07-29		Colorado
language	cog							2009-07-29		Chong
language	coh							2009-07-29		Chonyi-Dzihana-Kauma | Chichonyi-Chidzihana-Chikauma
language	coj							2009-07-29		Cochimi
language	cok							2009-07-29		Santa Teresa Cora
language	col							2009-07-29		Columbia-Wenatchi
language	com							2009-07-29		Comanche
language	con							2009-07-29		Cofán
language	coo							2009-07-29		Comox
language	cop							2005-10-16		Coptic
language	coq							2009-07-29		Coquille
language	cot							2009-07-29		Caquinte
language	cou							2009-07-29		Wamey
language	cov							2009-07-29		Cao Miao
language	cow							2009-07-29		Cowlitz
language	cox							2009-07-29		Nanti
language	coy		pij				2016-05-30	2009-07-29		Coyaima
language	coz							2009-07-29		Chochotec
language	cpa							2009-07-29		Palantla Chinantec
language	cpb							2009-07-29		Ucayali-Yurúa Ashéninka
language	cpc							2009-07-29		Ajyíninka Apurucayali
language	cpe					collection		2005-10-16		English-based creoles and pidgins
language	cpf					collection		2005-10-16		French-based creoles and pidgins
language	cpg							2009-07-29		Cappadocian Greek
language	cpi							2009-07-29		Chinese Pidgin English
language	cpn							2009-07-29		Cherepon
language	cpo							2013-09-10		Kpeego
language	cpp					collection		2005-10-16		Portuguese-based creoles and pidgins
language	cps							2009-07-29		Capiznon
language	cpu							2009-07-29		Pichis Ashéninka
language	cpx				zh			2009-07-29		Pu-Xian Chinese
language	cpy							2009-07-29		South Ucayali Ashéninka
language	cqd				hmn			2009-07-29		Chuanqiandian Cluster Miao
language	cqu		quh		qu		2016-05-30	2009-07-29		Chilean Quechua
language	cr					macrolanguage		2005-10-16		Cree
language	cra							2009-07-29		Chara
language	crb							2009-07-29		Island Carib
language	crc							2009-07-29		Lonwolwol
language	crd							2009-07-29		Coeur d'Alene
language	crf							2009-07-29		Caramanta
language	crg							2009-07-29		Michif
language	crh							2005-10-16		Crimean Tatar | Crimean Turkish
language	cri							2009-07-29		Sãotomense
language	crj				cr			2009-07-29		Southern East Cree
language	crk				cr			2009-07-29		Plains Cree
language	crl				cr			2009-07-29		Northern East Cree
language	crm				cr			2009-07-29		Moose Cree
language	crn							2009-07-29		El Nayar Cora
language	cro							2009-07-29		Crow
language	crp					collection		2005-10-16		Creoles and pidgins
language	crq							2009-07-29		Iyo'wujwa Chorote
language	crr							2009-07-29		Carolina Algonquian
language	crs							2009-07-29		Seselwa Creole French
language	crt							2009-07-29		Iyojwa'ja Chorote
language	crv							2009-07-29		Chaura
language	crw							2009-07-29		Chrau
language	crx							2009-07-29		Carrier
language	cry							2009-07-29		Cori
language	crz							2009-07-29		Cruzeño
language	cs			Latn				2005-10-16		Czech
language	csa							2009-07-29		Chiltepec Chinantec
language	csb							2005-10-16		Kashubian
language	csc							2009-07-29		Catalan Sign Language | Lengua de señas catalana | Llengua de Signes Catalana
language	csd							2009-07-29		Chiangmai Sign Language
language	cse							2009-07-29		Czech Sign Language
language	csf							2009-07-29		Cuba Sign Language
language	csg							2009-07-29		Chilean Sign Language
language	csh							2009-07-29		Asho Chin
language	csi							2009-07-29		Coast Miwok
language	csj							2013-09-10		Songlai Chin
language	csk							2009-07-29		Jola-Kasa
language	csl							2009-07-29		Chinese Sign Language
language	csm							2009-07-29		Central Sierra Miwok
language	csn							2009-07-29		Colombian Sign Language
language	cso							2009-07-29		Sochiapam Chinantec | Sochiapan Chinantec
language	csp				zh			2020-03-28		Southern Ping Chinese | Southern Pinghua
language	csq							2009-07-29		Croatia Sign Language
language	csr							2009-07-29		Costa Rican Sign Language
language	css							2009-07-29		Southern Ohlone
language	cst							2009-07-29		Northern Ohlone
language	csu					collection		2009-07-29		Central Sudanic languages
language	csv							2012-08-12		Sumtu Chin
language	csw				cr			2009-07-29		Swampy Cree
language	csx							2021-02-20		Cambodian Sign Language
language	csy							2009-07-29		Siyin Chin
language	csz							2009-07-29		Coos
language	cta							2009-07-29		Tataltepec Chatino
language	ctc							2009-07-29		Chetco
language	ctd							2009-07-29		Tedim Chin
language	cte							2009-07-29		Tepinapa Chinantec
language	ctg							2009-07-29		Chittagonian
language	cth							2012-08-12		Thaiphum Chin
language	ctl							2009-07-29		Tlacoatzintepec Chinantec
language	ctm							2009-07-29		Chitimacha
language	ctn							2009-07-29		Chhintange
language	cto							2009-07-29		Emberá-Catío
language	ctp							2009-07-29		Western Highland Chatino
language	cts				bik			2009-07-29		Northern Catanduanes Bikol
language	ctt							2009-07-29		Wayanad Chetti
language	ctu							2009-07-29		Chol
language	cty							2021-02-20		Moundadan Chetty
language	ctz							2009-07-29		Zacatepec Chatino
language	cu							2005-10-16		Church Slavic | Church Slavonic | Old Bulgarian | Old Church Slavonic | Old Slavonic
language	cua							2009-07-29		Cua
language	cub							2009-07-29		Cubeo
language	cuc							2009-07-29		Usila Chinantec
language	cug						2022-02-25	2009-07-29		Chungmboko | Cung
language	cuh							2009-07-29		Chuka | Gichuka
language	cui							2009-07-29		Cuiba
language	cuj							2009-07-29		Mashco Piro
language	cuk							2009-07-29		San Blas Kuna
language	cul							2009-07-29		Culina | Kulina
language	cum						2016-05-30	2009-07-29		Cumeral
language	cuo							2009-07-29		Cumanagoto
language	cup							2009-07-29		Cupeño
language	cuq							2009-07-29		Cun
language	cur							2009-07-29		Chhulung
language	cus					collection		2005-10-16		Cushitic languages
language	cut							2009-07-29		Teutila Cuicatec
language	cuu							2009-07-29		Tai Ya
language	cuv							2009-07-29		Cuvok
language	cuw							2009-07-29		Chukwa
language	cux							2009-07-29		Tepeuxila Cuicatec
language	cuy							2018-03-08		Cuitlatec
language	cv							2005-10-16		Chuvash
language	cvg							2009-07-29		Chug
language	cvn							2009-07-29		Valle Nacional Chinantec
language	cwa							2009-07-29		Kabwa
language	cwb							2009-07-29		Maindo
language	cwd				cr			2009-07-29		Woods Cree
language	cwe							2009-07-29		Kwere
language	cwg							2009-07-29		Chewong | Cheq Wong
language	cwt							2009-07-29		Kuwaataay
language	cxh							2023-03-17		Cha'ari
language	cy			Latn				2005-10-16		Welsh
language	cya							2009-07-29		Nopala Chatino
language	cyb							2009-07-29		Cayubaba
language	cyo							2009-07-29		Cuyonon
language	czh				zh			2009-07-29		Huizhou Chinese
language	czk							2009-07-29		Knaanic
language	czn							2009-07-29		Zenzontepec Chatino
language	czo				zh			2009-07-29		Min Zhong Chinese
language	czt							2009-07-29		Zotung Chin
language	da			Latn				2005-10-16		Danish
language	daa							2009-07-29		Dangaléat
language	dac							2009-07-29		Dambi
language	dad							2009-07-29		Marik
language	dae							2009-07-29		Duupa
language	daf						2013-09-10	2009-07-29		Dan
language	dag							2009-07-29		Dagbani
language	dah							2009-07-29		Gwahatike
language	dai							2009-07-29		Day
language	daj							2009-07-29		Dar Fur Daju
language	dak							2005-10-16		Dakota
language	dal							2009-07-29		Dahalo
language	dam							2009-07-29		Damakawa
language	dao							2009-07-29		Daai Chin
language	dap						2012-08-12	2009-07-29		Nisi (India)
language	daq							2009-07-29		Dandami Maria
language	dar							2005-10-16		Dargwa
language	das							2009-07-29		Daho-Doo
language	dau							2009-07-29		Dar Sila Daju
language	dav							2009-07-29		Taita | Dawida
language	daw							2009-07-29		Davawenyo
language	dax							2009-07-29		Dayi
language	day					collection		2005-10-16		Land Dayak languages
language	daz							2009-07-29		Moi-Wadea | Dao
language	dba							2009-07-29		Bangime
language	dbb							2009-07-29		Deno
language	dbd							2009-07-29		Dadiya
language	dbe							2009-07-29		Dabe
language	dbf							2009-07-29		Edopi
language	dbg							2009-07-29		Dogul Dom Dogon
language	dbi							2009-07-29		Doka
language	dbj							2009-07-29		Ida'an
language	dbl							2009-07-29		Dyirbal
language	dbm							2009-07-29		Duguri
language	dbn							2009-07-29		Duriankere
language	dbo							2009-07-29		Dulbu
language	dbp							2009-07-29		Duwai
language	dbq							2009-07-29		Daba
language	dbr							2009-07-29		Dabarre
language	dbt							2012-08-12		Ben Tey Dogon
language	dbu							2009-07-29		Bondum Dom Dogon
language	dbv							2009-07-29		Dungu
language	dbw							2012-08-12		Bankan Tey Dogon
language	dby							2009-07-29		Dibiyaso
language	dcc							2009-07-29		Deccan
language	dcr							2009-07-29		Negerhollands
language	dda							2012-08-12		Dadi Dadi
language	ddd							2009-07-29		Dongotono
language	dde							2009-07-29		Doondo
language	ddg							2009-07-29		Fataluku
language	ddi							2009-07-29		West Goodenough
language	ddj							2009-07-29		Jaru
language	ddn							2009-07-29		Dendi (Benin)
language	ddo							2009-07-29		Dido
language	ddr							2012-08-12		Dhudhuroa
language	dds							2009-07-29		Donno So Dogon
language	ddw							2009-07-29		Dawera-Daweloor
language	de			Latn				2005-10-16		German
language	dec							2009-07-29		Dagik
language	ded							2009-07-29		Dedua
language	dee							2009-07-29		Dewoin
language	def							2009-07-29		Dezfuli
language	deg							2009-07-29		Degema
language	deh							2009-07-29		Dehwari
language	dei							2009-07-29		Demisa
language	dek		sqm				2024-12-12	2009-07-29		Dek
language	del					macrolanguage		2005-10-16		Delaware
language	dem							2009-07-29		Dem
language	den					macrolanguage		2005-10-16		Slavey
language	dep							2009-07-29		Pidgin Delaware
language	deq							2009-07-29		Dendi (Central African Republic)
language	der							2009-07-29		Deori
language	des							2009-07-29		Desano
language	dev							2009-07-29		Domung
language	dez							2009-07-29		Dengese
language	dga							2009-07-29		Southern Dagaare
language	dgb							2009-07-29		Bunoge Dogon
language	dgc							2009-07-29		Casiguran Dumagat Agta
language	dgd							2009-07-29		Dagaari Dioula
language	dge							2009-07-29		Degenan
language	dgg							2009-07-29		Doga
language	dgh							2009-07-29		Dghwede
language	dgi							2009-07-29		Northern Dagara
language	dgk							2009-07-29		Dagba
language	dgl							2012-08-12		Andaandi | Dongolawi
language	dgn							2009-07-29		Dagoman
language	dgo				doi			2009-07-29		Dogri (individual language)
language	dgr							2005-10-16		Tlicho | Dogrib | Tłı̨chǫ
language	dgs							2009-07-29		Dogoso
language	dgt							2012-08-12		Ndra'ngith
language	dgu						2020-03-28	2009-07-29		Degaru
language	dgw							2012-08-12		Daungwurrung
language	dgx							2009-07-29		Doghoro
language	dgz							2009-07-29		Daga
language	dha						2011-08-16	2009-07-29		Dhanwar (India)
language	dhd				mwr			2009-07-29		Dhundari
language	dhg							2009-07-29		Dhangu-Djangu | Dhangu | Djangu
language	dhi							2009-07-29		Dhimal
language	dhl							2009-07-29		Dhalandji
language	dhm							2009-07-29		Zemba
language	dhn							2009-07-29		Dhanki
language	dho							2009-07-29		Dhodia
language	dhr							2009-07-29		Dhargari
language	dhs							2009-07-29		Dhaiso
language	dhu							2009-07-29		Dhurga
language	dhv							2009-07-29		Dehu | Drehu
language	dhw							2009-07-29		Dhanwar (Nepal)
language	dhx							2013-09-10		Dhungaloo
language	dia							2009-07-29		Dia
language	dib				din			2009-07-29		South Central Dinka
language	dic							2009-07-29		Lakota Dida
language	did							2009-07-29		Didinga
language	dif							2009-07-29		Dieri | Diyari
language	dig							2009-07-29		Digo | Chidigo
language	dih							2009-07-29		Kumiai
language	dii							2009-07-29		Dimbong
language	dij							2009-07-29		Dai
language	dik				din			2009-07-29		Southwestern Dinka
language	dil							2009-07-29		Dilling
language	dim							2009-07-29		Dime
language	din					macrolanguage		2005-10-16		Dinka
language	dio							2009-07-29		Dibo
language	dip				din			2009-07-29		Northeastern Dinka
language	diq				zza			2009-07-29		Dimli (individual language)
language	dir							2009-07-29		Dirim
language	dis							2009-07-29		Dimasa
language	dit		dif				2019-04-29	2009-07-29		Dirari
language	diu							2009-07-29		Diriku
language	diw				din			2009-07-29		Northwestern Dinka
language	dix							2009-07-29		Dixon Reef
language	diy							2009-07-29		Diuwe
language	diz							2009-07-29		Ding
language	dja							2012-08-12		Djadjawurrung
language	djb							2009-07-29		Djinba
language	djc							2009-07-29		Dar Daju Daju
language	djd							2009-07-29		Djamindjung | Ngaliwurru
language	dje							2009-07-29		Zarma
language	djf							2009-07-29		Djangun
language	dji							2009-07-29		Djinang
language	djj							2009-07-29		Djeebbana
language	djk							2009-07-29		Eastern Maroon Creole | Businenge Tongo | Nenge
language	djl						2013-09-10	2009-07-29		Djiwarli
language	djm							2009-07-29		Jamsay Dogon
language	djn							2009-07-29		Jawoyn | Djauan
language	djo							2009-07-29		Jangkang
language	djr							2009-07-29		Djambarrpuyngu
language	dju							2009-07-29		Kapriman
language	djw							2009-07-29		Djawi
language	dka							2009-07-29		Dakpakha
language	dkg							2021-02-20		Kadung
language	dkk							2009-07-29		Dakka
language	dkl						2011-08-16	2009-07-29		Kolum So Dogon
language	dkr							2009-07-29		Kuijau
language	dks				din			2009-07-29		Southeastern Dinka
language	dkx							2009-07-29		Mazagway
language	dlg							2009-07-29		Dolgan
language	dlk							2013-09-10		Dahalik
language	dlm							2009-07-29		Dalmatian
language	dln							2009-07-29		Darlong
language	dma							2009-07-29		Duma
language	dmb							2011-08-16		Mombo Dogon
language	dmc							2009-07-29		Gavak
language	dmd							2012-08-12		Madhi Madhi
language	dme							2009-07-29		Dugwor
language	dmf							2020-03-28		Medefaidrin
language	dmg							2009-07-29		Upper Kinabatangan
language	dmk							2009-07-29		Domaaki
language	dml							2009-07-29		Dameli
language	dmm							2009-07-29		Dama
language	dmn					collection		2009-07-29		Mande languages
language	dmo							2009-07-29		Kemedzung
language	dmr							2009-07-29		East Damar
language	dms							2009-07-29		Dampelas
language	dmu							2009-07-29		Dubu | Tebi
language	dmv							2009-07-29		Dumpas
language	dmw							2013-09-10		Mudburra
language	dmx							2009-07-29		Dema
language	dmy							2009-07-29		Demta | Sowari
language	dna							2009-07-29		Upper Grand Valley Dani
language	dnd							2009-07-29		Daonda
language	dne							2009-07-29		Ndendeule
language	dng							2009-07-29		Dungan
language	dni							2009-07-29		Lower Grand Valley Dani
language	dnj							2013-09-10		Dan
language	dnk							2009-07-29		Dengka
language	dnn							2009-07-29		Dzùùngoo
language	dno							2018-10-28		Ndrulo | Northern Lendu
language	dnr							2009-07-29		Danaru
language	dnt							2009-07-29		Mid Grand Valley Dani
language	dnu							2009-07-29		Danau
language	dnv							2012-08-12		Danu
language	dnw							2009-07-29		Western Dani
language	dny							2009-07-29		Dení
language	doa							2009-07-29		Dom
language	dob							2009-07-29		Dobu
language	doc							2009-07-29		Northern Dong
language	doe							2009-07-29		Doe
language	dof							2009-07-29		Domu
language	doh							2009-07-29		Dong
language	doi					macrolanguage		2005-10-16		Dogri (macrolanguage)
language	dok							2009-07-29		Dondo
language	dol							2009-07-29		Doso
language	don							2009-07-29		Toura (Papua New Guinea)
language	doo							2009-07-29		Dongo
language	dop							2009-07-29		Lukpa
language	doq							2009-07-29		Dominican Sign Language
language	dor							2009-07-29		Dori'o
language	dos							2009-07-29		Dogosé
language	dot							2009-07-29		Dass
language	dov							2009-07-29		Dombe
language	dow							2009-07-29		Doyayo
language	dox							2009-07-29		Bussa
language	doy							2009-07-29		Dompo
language	doz							2009-07-29		Dorze
language	dpp							2009-07-29		Papar
language	dra					collection		2005-10-16		Dravidian languages
language	drb							2009-07-29		Dair
language	drc							2011-08-16		Minderico
language	drd							2009-07-29		Darmiya
language	dre							2009-07-29		Dolpo
language	drg							2009-07-29		Rungus
language	drh		khk				2010-03-11	2009-07-29		Darkhat
language	dri							2009-07-29		C'Lela
language	drl							2009-07-29		Paakantyi
language	drn							2009-07-29		West Damar
language	dro							2009-07-29		Daro-Matu Melanau
language	drq							2009-07-29		Dura
language	drr		kzk				2020-03-28	2009-07-29		Dororo
language	drs							2009-07-29		Gedeo
language	drt							2009-07-29		Drents
language	dru							2009-07-29		Rukai
language	drw		prs				2010-03-11	2009-07-29		Darwazi
language	dry							2009-07-29		Darai
language	dsb			Latn				2005-10-16		Lower Sorbian
language	dse							2009-07-29		Dutch Sign Language
language	dsh							2009-07-29		Daasanach
language	dsi							2009-07-29		Disa
language	dsk							2023-03-17		Dokshi
language	dsl							2009-07-29		Danish Sign Language
language	dsn							2009-07-29		Dusner
language	dso							2009-07-29		Desiya
language	dsq							2009-07-29		Tadaksahak
language	dsz							2022-02-25		Mardin Sign Language
language	dta							2009-07-29		Daur
language	dtb							2009-07-29		Labuk-Kinabatangan Kadazan
language	dtd							2011-08-16		Ditidaht
language	dth							2012-08-12		Adithinngithigh
language	dti							2009-07-29		Ana Tinga Dogon
language	dtk							2009-07-29		Tene Kan Dogon
language	dtm							2009-07-29		Tomo Kan Dogon
language	dtn							2016-05-30		Daatsʼíin
language	dto							2012-08-12		Tommo So Dogon
language	dtp							2009-07-29		Kadazan Dusun | Central Dusun
language	dtr							2009-07-29		Lotud
language	dts							2009-07-29		Toro So Dogon
language	dtt							2009-07-29		Toro Tegu Dogon
language	dtu							2009-07-29		Tebul Ure Dogon
language	dty				ne			2012-08-12		Dotyali
language	dua							2005-10-16		Duala
language	dub							2009-07-29		Dubli
language	duc							2009-07-29		Duna
language	dud						2019-04-16	2009-07-29		Hun-Saare
language	due							2009-07-29		Umiray Dumaget Agta
language	duf							2009-07-29		Dumbea | Drubea
language	dug							2009-07-29		Duruma | Chiduruma
language	duh							2009-07-29		Dungra Bhil
language	dui							2009-07-29		Dumun
language	duj						2016-05-30	2009-07-29		Dhuwal
language	duk							2009-07-29		Uyajitaya
language	dul							2009-07-29		Alabat Island Agta
language	dum							2005-10-16		Middle Dutch (ca. 1050-1350)
language	dun							2009-07-29		Dusun Deyah
language	duo							2009-07-29		Dupaninan Agta
language	dup				ms			2009-07-29		Duano
language	duq							2009-07-29		Dusun Malang
language	dur							2009-07-29		Dii
language	dus							2009-07-29		Dumi
language	duu							2009-07-29		Drung
language	duv							2009-07-29		Duvle
language	duw							2009-07-29		Dusun Witu
language	dux							2009-07-29		Duungooma
language	duy							2009-07-29		Dicamay Agta
language	duz							2009-07-29		Duli-Gey
language	dv			Thaa				2005-10-16		Dhivehi | Divehi | Maldivian
language	dva							2009-07-29		Duau
language	dwa							2009-07-29		Diri
language	dwk							2020-03-28		Dawik Kui
language	dwl						2012-08-12	2009-07-29		Walo Kumbe Dogon
language	dwr							2009-07-29		Dawro
language	dws							2009-07-29		Dutton World Speedwords
language	dwu							2016-05-30		Dhuwal
language	dww							2009-07-29		Dawawa
language	dwy							2016-05-30		Dhuwaya
language	dwz							2018-10-28		Dewas Rai
language	dya							2009-07-29		Dyan
language	dyb							2009-07-29		Dyaberdyaber
language	dyd							2009-07-29		Dyugun
language	dyg							2009-07-29		Villa Viciosa Agta
language	dyi							2009-07-29		Djimini Senoufo
language	dyl							2026-04-09		Bhutanese Sign Language
language	dym							2009-07-29		Yanda Dom Dogon
language	dyn							2009-07-29		Dyangadi | Dhanggatti
language	dyo							2009-07-29		Jola-Fonyi
language	dyr							2023-03-17		Dyarim
language	dyu							2005-10-16		Dyula
language	dyy							2009-07-29		Djabugay | Dyaabugay
language	dz			Tibt				2005-10-16		Dzongkha
language	dza							2009-07-29		Tunzu
language	dzd							2009-07-29		Daza
language	dze							2013-09-10		Djiwarli
language	dzg							2009-07-29		Dazaga
language	dzl							2009-07-29		Dzalakha
language	dzn							2009-07-29		Dzando
language	eaa							2013-09-10		Karenggapa
language	ebc							2020-03-28		Beginci
language	ebg							2009-07-29		Ebughu
language	ebk				bnc			2010-03-11		Eastern Bontok
language	ebo							2009-07-29		Teke-Ebo
language	ebr							2009-07-29		Ebrié
language	ebu							2009-07-29		Embu | Kiembu
language	ecr							2009-07-29		Eteocretan
language	ecs							2009-07-29		Ecuadorian Sign Language
language	ecy							2009-07-29		Eteocypriot
language	ee							2005-10-16		Ewe
language	eee							2009-07-29		E
language	efa							2009-07-29		Efai
language	efe							2009-07-29		Efe
language	efi							2005-10-16		Efik
language	ega							2009-07-29		Ega
language	egl							2009-07-29		Emilian
language	egm							2022-02-25		Benamanga
language	ego							2009-07-29		Eggon
language	egx					collection		2009-07-29		Egyptian languages
language	egy							2005-10-16		Egyptian (Ancient)
language	ehs							2021-02-20		Miyakubo Sign Language
language	ehu							2009-07-29		Ehueun
language	eip							2009-07-29		Eipomek
language	eit							2009-07-29		Eitiep
language	eiv							2009-07-29		Askopan
language	eja							2009-07-29		Ejamat
language	eka							2005-10-16		Ekajuk
language	ekc						2020-03-28	2013-09-10		Eastern Karnic
language	eke							2009-07-29		Ekit
language	ekg							2009-07-29		Ekari
language	eki							2009-07-29		Eki
language	ekk				et			2009-07-29		Standard Estonian
language	ekl							2009-07-29		Kol (Bangladesh) | Kol
language	ekm							2009-07-29		Elip
language	eko							2009-07-29		Koti
language	ekp							2009-07-29		Ekpeye
language	ekr							2009-07-29		Yace
language	eky							2009-07-29		Eastern Kayah
language	el			Grek				2005-10-16		Modern Greek (1453-)
language	ele							2009-07-29		Elepi
language	elh							2009-07-29		El Hugeirat
language	eli							2009-07-29		Nding
language	elk							2009-07-29		Elkei
language	elm							2009-07-29		Eleme
language	elo							2009-07-29		El Molo
language	elp						2012-08-12	2009-07-29		Elpaputih
language	elu							2009-07-29		Elu
language	elx							2005-10-16		Elamite
language	ema							2009-07-29		Emai-Iuleha-Ora
language	emb							2009-07-29		Embaloh
language	eme							2009-07-29		Emerillon
language	emg							2009-07-29		Eastern Meohang
language	emi							2009-07-29		Mussau-Emira
language	emk				man			2009-07-29		Eastern Maninkakan
language	emm							2009-07-29		Mamulique
language	emn							2009-07-29		Eman
language	emo						2014-02-28	2009-07-29		Emok
language	emp							2009-07-29		Northern Emberá
language	emq							2021-02-20		Eastern Minyag
language	ems							2009-07-29		Pacific Gulf Yupik
language	emu							2009-07-29		Eastern Muria
language	emw							2009-07-29		Emplawas
language	emx							2010-03-11		Erromintxela
language	emy							2009-07-29		Epigraphic Mayan
language	emz							2021-02-20		Mbessa
language	en			Latn				2005-10-16		English
language	ena							2009-07-29		Apali
language	enb				kln			2009-07-29		Markweeta
language	enc							2009-07-29		En
language	end							2009-07-29		Ende
language	enf							2009-07-29		Forest Enets
language	enh							2009-07-29		Tundra Enets
language	enl							2014-02-28		Enlhet
language	enm							2005-10-16		Middle English (1100-1500)
language	enn							2009-07-29		Engenni
language	eno							2009-07-29		Enggano
language	enq							2009-07-29		Enga
language	enr							2009-07-29		Emumu | Emem
language	enu							2009-07-29		Enu
language	env							2009-07-29		Enwan (Edo State)
language	enw							2009-07-29		Enwan (Akwa Ibom State)
language	enx							2014-02-28		Enxet
language	eo			Latn				2005-10-16		Esperanto
language	eot							2009-07-29		Beti (Côte d'Ivoire)
language	epi							2009-07-29		Epie
language	era							2009-07-29		Eravallan
language	erg							2009-07-29		Sie
language	erh							2009-07-29		Eruwa
language	eri							2009-07-29		Ogea
language	erk							2009-07-29		South Efate
language	ero							2009-07-29		Horpa
language	err							2009-07-29		Erre
language	ers							2009-07-29		Ersu
language	ert							2009-07-29		Eritai
language	erw							2009-07-29		Erokwanas
language	es			Latn				2005-10-16		Spanish | Castilian
language	ese							2009-07-29		Ese Ejja
language	esg				gon			2016-05-30		Aheri Gondi
language	esh							2009-07-29		Eshtehardi
language	esi				ik			2009-07-29		North Alaskan Inupiatun
language	esk				ik			2009-07-29		Northwest Alaska Inupiatun
language	esl							2009-07-29		Egypt Sign Language
language	esm							2009-07-29		Esuma
language	esn							2009-07-29		Salvadoran Sign Language
language	eso							2009-07-29		Estonian Sign Language
language	esq							2009-07-29		Esselen
language	ess							2009-07-29		Central Siberian Yupik
language	esu							2009-07-29		Central Yupik
language	esx					collection		2009-07-29		Eskimo-Aleut languages
language	esy							2014-04-06		Eskayan
language	et			Latn		macrolanguage		2005-10-16		Estonian
language	etb							2009-07-29		Etebi
language	etc							2009-07-29		Etchemin
language	eth							2009-07-29		Ethiopian Sign Language
language	etn							2009-07-29		Eton (Vanuatu)
language	eto							2009-07-29		Eton (Cameroon)
language	etr							2009-07-29		Edolo
language	ets							2009-07-29		Yekhee
language	ett							2009-07-29		Etruscan
language	etu							2009-07-29		Ejagham
language	etx							2009-07-29		Eten
language	etz							2009-07-29		Semimi
language	eu			Latn				2005-10-16		Basque
language	eud							2023-03-17		Eudeve
language	euq					collection		2009-07-29		Basque (family)
language	eve							2009-07-29		Even
language	evh							2009-07-29		Uvbie
language	evn							2009-07-29		Evenki
language	ewo							2005-10-16		Ewondo
language	ext							2009-07-29		Extremaduran
language	eya							2009-07-29		Eyak
language	eyo				kln			2009-07-29		Keiyo
language	eza							2013-09-10		Ezaa
language	eze							2009-07-29		Uzekwe
language	fa			Arab		macrolanguage		2005-10-16		Persian
language	faa							2009-07-29		Fasu
language	fab							2009-07-29		Fa d'Ambu
language	fad							2009-07-29		Wagi
language	faf							2009-07-29		Fagani
language	fag							2009-07-29		Finongan
language	fah							2009-07-29		Baissa Fali
language	fai							2009-07-29		Faiwol
language	faj							2009-07-29		Faita
language	fak							2009-07-29		Fang (Cameroon)
language	fal							2009-07-29		South Fali
language	fam							2009-07-29		Fam
language	fan							2005-10-16		Fang (Equatorial Guinea)
language	fap							2009-07-29		Paloor
language	far							2009-07-29		Fataleka
language	fat				ak			2005-10-16		Fanti
language	fau							2009-07-29		Fayu
language	fax							2009-07-29		Fala
language	fay							2009-07-29		Southwestern Fars
language	faz							2009-07-29		Northwestern Fars
language	fbl				bik			2010-03-11		West Albay Bikol
language	fcs							2009-07-29		Quebec Sign Language
language	fer							2009-07-29		Feroge
language	ff					macrolanguage		2005-10-16		Fulah
language	ffi							2009-07-29		Foia Foia
language	ffm				ff			2009-07-29		Maasina Fulfulde
language	fgr							2009-07-29		Fongoro
language	fi			Latn				2005-10-16		Finnish
language	fia							2009-07-29		Nobiin
language	fie							2009-07-29		Fyer
language	fif							2020-06-08		Faifi
language	fil							2005-10-16		Filipino | Pilipino
language	fip							2009-07-29		Fipa
language	fir							2009-07-29		Firan
language	fit							2009-07-29		Tornedalen Finnish | Meänkieli
language	fiu					collection		2005-10-16		Finno-Ugrian languages
language	fiw							2009-07-29		Fiwaga
language	fj			Latn				2005-10-16		Fijian
language	fkk							2012-08-12		Kirya-Konzəl
language	fkv							2009-07-29		Kven Finnish
language	fla							2009-07-29		Kalispel-Pend d'Oreille
language	flh							2009-07-29		Foau
language	fli							2009-07-29		Fali
language	fll							2009-07-29		North Fali
language	fln							2009-07-29		Flinders Island
language	flr							2009-07-29		Fuliiru
language	fly							2009-07-29		Flaaitaal | Tsotsitaal
language	fmp							2009-07-29		Fe'fe'
language	fmu							2009-07-29		Far Western Muria
language	fnb							2016-05-30		Fanbak
language	fng							2009-07-29		Fanagalo
language	fni							2009-07-29		Fania
language	fo			Latn				2005-10-16		Faroese
language	fod							2009-07-29		Foodo
language	foi							2009-07-29		Foi
language	fom							2009-07-29		Foma
language	fon							2005-10-16		Fon
language	for							2009-07-29		Fore
language	fos							2009-07-29		Siraya
language	fox					collection		2009-07-29		Formosan languages
language	fpe							2009-07-29		Fernando Po Creole English
language	fqs							2009-07-29		Fas
language	fr			Latn				2005-10-16		French
language	frc							2009-07-29		Cajun French
language	frd							2009-07-29		Fordata
language	frk							2009-07-29		Frankish
language	frm							2005-10-16		Middle French (ca. 1400-1600)
language	fro							2005-10-16		Old French (842-ca. 1400)
language	frp							2009-07-29		Arpitan | Francoprovençal
language	frq							2009-07-29		Forak
language	frr			Latn				2006-03-08		Northern Frisian
language	frs			Latn				2006-03-08		Eastern Frisian
language	frt							2009-07-29		Fortsenal
language	fse							2009-07-29		Finnish Sign Language
language	fsl							2009-07-29		French Sign Language
language	fss							2009-07-29		Finland-Swedish Sign Language | finlandssvenskt teckenspråk | suomenruotsalainen viittomakieli
language	fub				ff			2009-07-29		Adamawa Fulfulde
language	fuc				ff			2009-07-29		Pulaar
language	fud							2009-07-29		East Futuna
language	fue				ff			2009-07-29		Borgu Fulfulde
language	fuf				ff			2009-07-29		Pular
language	fuh				ff			2009-07-29		Western Niger Fulfulde
language	fui				ff			2009-07-29		Bagirmi Fulfulde
language	fuj							2009-07-29		Ko
language	fum							2009-07-29		Fum
language	fun							2009-07-29		Fulniô
language	fuq				ff			2009-07-29		Central-Eastern Niger Fulfulde
language	fur							2005-10-16		Friulian
language	fut							2009-07-29		Futuna-Aniwa
language	fuu							2009-07-29		Furu
language	fuv				ff			2009-07-29		Nigerian Fulfulde
language	fuy							2009-07-29		Fuyug
language	fvr							2009-07-29		Fur
language	fwa							2009-07-29		Fwâi
language	fwe							2009-07-29		Fwe
language	fy			Latn				2005-10-16		Western Frisian
language	ga			Latn				2005-10-16		Irish
language	gaa							2005-10-16		Ga
language	gab							2009-07-29		Gabri
language	gac							2010-03-11		Mixed Great Andamanese
language	gad							2009-07-29		Gaddang
language	gae							2009-07-29		Guarequena
language	gaf							2009-07-29		Gende
language	gag							2009-07-29		Gagauz
language	gah							2009-07-29		Alekano
language	gai							2009-07-29		Borei
language	gaj							2009-07-29		Gadsup
language	gak							2009-07-29		Gamkonora
language	gal							2009-07-29		Galolen
language	gam							2009-07-29		Kandawo
language	gan				zh			2009-07-29		Gan Chinese
language	gao							2009-07-29		Gants
language	gap							2009-07-29		Gal
language	gaq							2009-07-29		Gata'
language	gar							2009-07-29		Galeya
language	gas							2009-07-29		Adiwasi Garasia
language	gat							2009-07-29		Kenati
language	gau							2009-07-29		Mudhili Gadaba
language	gav		dev				2010-03-11	2009-07-29		Gabutamon
language	gaw							2009-07-29		Nobonob
language	gax				om			2009-07-29		Borana-Arsi-Guji Oromo
language	gay							2005-10-16		Gayo
language	gaz				om			2009-07-29		West Central Oromo
language	gba					macrolanguage		2005-10-16		Gbaya (Central African Republic)
language	gbb							2009-07-29		Kaytetye
language	gbc						2012-08-12	2009-07-29		Garawa
language	gbd							2009-07-29		Karajarri
language	gbe							2009-07-29		Niksek
language	gbf							2009-07-29		Gaikundi
language	gbg							2009-07-29		Gbanziri
language	gbh							2009-07-29		Defi Gbe
language	gbi							2009-07-29		Galela
language	gbj							2009-07-29		Bodo Gadaba
language	gbk							2009-07-29		Gaddi
language	gbl							2009-07-29		Gamit
language	gbm							2009-07-29		Garhwali
language	gbn							2009-07-29		Mo'da
language	gbo				grb			2009-07-29		Northern Grebo
language	gbp				gba			2009-07-29		Gbaya-Bossangoa
language	gbq				gba			2009-07-29		Gbaya-Bozoum
language	gbr							2009-07-29		Gbagyi
language	gbs							2009-07-29		Gbesi Gbe
language	gbu							2009-07-29		Gagadu
language	gbv							2009-07-29		Gbanu
language	gbw							2013-09-10		Gabi-Gabi
language	gbx							2009-07-29		Eastern Xwla Gbe
language	gby							2009-07-29		Gbari
language	gbz							2009-07-29		Zoroastrian Dari
language	gcc							2009-07-29		Mali
language	gcd							2009-07-29		Ganggalida
language	gce							2009-07-29		Galice
language	gcf							2009-07-29		Guadeloupean Creole French
language	gcl							2009-07-29		Grenadian Creole English
language	gcn							2009-07-29		Gaina
language	gcr							2009-07-29		Guianese Creole French
language	gct							2009-07-29		Colonia Tovar German
language	gd							2005-10-16		Scottish Gaelic | Gaelic
language	gda				raj			2009-07-29		Gade Lohar
language	gdb							2009-07-29		Pottangi Ollar Gadaba
language	gdc							2009-07-29		Gugu Badhun
language	gdd							2009-07-29		Gedaged
language	gde							2009-07-29		Gude
language	gdf							2009-07-29		Guduf-Gava
language	gdg							2009-07-29		Ga'dang
language	gdh							2009-07-29		Gadjerawang | Gajirrabeng
language	gdi							2009-07-29		Gundi
language	gdj							2009-07-29		Gurdjar
language	gdk							2009-07-29		Gadang
language	gdl							2009-07-29		Dirasha
language	gdm							2009-07-29		Laal
language	gdn							2009-07-29		Umanakaina
language	gdo							2009-07-29		Ghodoberi
language	gdq							2009-07-29		Mehri
language	gdr							2009-07-29		Wipi
language	gds							2012-08-12		Ghandruk Sign Language
language	gdt							2013-09-10		Kungardutyi
language	gdu							2009-07-29		Gudu
language	gdx							2009-07-29		Godwari
language	gea							2009-07-29		Geruma
language	geb							2009-07-29		Kire
language	gec				grb			2009-07-29		Gboloo Grebo
language	ged							2009-07-29		Gade
language	gef							2020-03-28		Gerai
language	geg							2009-07-29		Gengle
language	geh							2009-07-29		Hutterite German | Hutterisch
language	gei							2009-07-29		Gebe
language	gej							2009-07-29		Gen
language	gek							2009-07-29		Ywom
language	gel							2009-07-29		ut-Ma'in
language	gem					collection		2005-10-16		Germanic languages
language	geq							2009-07-29		Geme
language	ges							2009-07-29		Geser-Gorom
language	gev							2014-02-28		Eviya
language	gew							2009-07-29		Gera
language	gex							2009-07-29		Garre
language	gey							2009-07-29		Enya
language	gez							2005-10-16		Geez
language	gfk							2009-07-29		Patpatar
language	gft							2009-07-29		Gafat
language	gfx		vaj				2015-02-12	2012-08-12		Mangetti Dune ǃXung
language	gga							2009-07-29		Gao
language	ggb							2009-07-29		Gbii
language	ggd							2009-07-29		Gugadj
language	gge							2009-07-29		Gurr-goni
language	ggg							2009-07-29		Gurgula
language	ggk							2009-07-29		Kungarakany
language	ggl							2009-07-29		Ganglau
language	ggn		gvr				2016-05-30	2009-07-29		Eastern Gurung
language	ggo						2016-05-30	2009-07-29		Southern Gondi
language	ggr						2013-09-10	2009-07-29		Aghu Tharnggalu
language	ggt							2009-07-29		Gitua
language	ggu							2009-07-29		Gagu | Gban
language	ggw							2009-07-29		Gogodala
language	gha							2009-07-29		Ghadamès
language	ghc							2009-07-29		Hiberno-Scottish Gaelic
language	ghe							2009-07-29		Southern Ghale
language	ghh							2009-07-29		Northern Ghale
language	ghk							2009-07-29		Geko Karen
language	ghl							2009-07-29		Ghulfan
language	ghn							2009-07-29		Ghanongga
language	gho							2009-07-29		Ghomara
language	ghr							2009-07-29		Ghera
language	ghs							2009-07-29		Guhu-Samane
language	ght							2009-07-29		Kuke | Kutang Ghale
language	gia							2009-07-29		Kija
language	gib							2009-07-29		Gibanawa
language	gic							2009-07-29		Gail
language	gid							2009-07-29		Gidar
language	gie							2017-02-23		Gaɓogbo | Guébie
language	gig							2009-07-29		Goaria
language	gih							2013-09-10		Githabul
language	gii							2021-02-20		Girirra
language	gil							2005-10-16		Gilbertese
language	gim							2009-07-29		Gimi (Eastern Highlands)
language	gin							2009-07-29		Hinukh
language	gio						2012-08-12	2009-07-29		Gelao
language	gip							2009-07-29		Gimi (West New Britain)
language	giq							2009-07-29		Green Gelao
language	gir							2009-07-29		Red Gelao
language	gis							2009-07-29		North Giziga
language	git							2009-07-29		Gitxsan
language	giu							2012-08-12		Mulao
language	giw							2009-07-29		White Gelao
language	gix							2009-07-29		Gilima
language	giy							2009-07-29		Giyug
language	giz							2009-07-29		South Giziga
language	gji						2021-02-20	2009-07-29		Geji
language	gjk							2009-07-29		Kachi Koli
language	gjm							2013-09-10		Gunditjmara
language	gjn							2009-07-29		Gonja
language	gjr							2016-05-30		Gurindji Kriol
language	gju				raj			2009-07-29		Gujari
language	gka							2009-07-29		Guya
language	gkd							2018-03-08		Magɨ (Madang Province)
language	gke							2009-07-29		Ndai
language	gkn							2009-07-29		Gokana
language	gko							2012-08-12		Kok-Nar
language	gkp				kpe			2009-07-29		Guinea Kpelle
language	gku							2015-02-12		ǂUngkue
language	gl			Latn				2005-10-16		Galician
language	glb							2021-02-20		Belning
language	glc							2009-07-29		Bon Gula
language	gld							2009-07-29		Nanai
language	glh							2009-07-29		Northwest Pashai | Northwest Pashayi
language	gli		kzk				2020-03-28	2009-07-29		Guliguli
language	glj							2009-07-29		Gula Iro
language	glk							2009-07-29		Gilaki
language	gll							2013-09-10		Garlali
language	glo							2009-07-29		Galambu
language	glr							2009-07-29		Glaro-Twabo
language	glu							2009-07-29		Gula (Chad)
language	glw							2009-07-29		Glavda
language	gly							2009-07-29		Gule
language	gma							2009-07-29		Gambera
language	gmb							2009-07-29		Gula'alaa
language	gmd							2009-07-29		Mághdì
language	gme					collection		2009-07-29		East Germanic languages
language	gmg							2014-02-28		Magɨyi
language	gmh							2005-10-16		Middle High German (ca. 1050-1500)
language	gml							2009-07-29		Middle Low German
language	gmm				gba			2009-07-29		Gbaya-Mbodomo
language	gmn							2009-07-29		Gimnime
language	gmq					collection		2009-07-29		North Germanic languages
language	gmr							2020-03-28		Mirning | Mirniny
language	gmu							2009-07-29		Gumalu
language	gmv							2009-07-29		Gamo
language	gmw					collection		2009-07-29		West Germanic languages
language	gmx							2009-07-29		Magoma
language	gmy							2009-07-29		Mycenaean Greek
language	gmz							2013-09-10		Mgbolizhia
language	gn			Latn		macrolanguage		2005-10-16		Guarani
language	gna							2009-07-29		Kaansa
language	gnb							2009-07-29		Gangte
language	gnc							2009-07-29		Guanche
language	gnd							2009-07-29		Zulgo-Gemzek
language	gne							2009-07-29		Ganang
language	gng							2009-07-29		Ngangam
language	gnh							2009-07-29		Lere
language	gni							2009-07-29		Gooniyandi
language	gnj							2018-03-08		Ngen
language	gnk							2009-07-29		ǁGana
language	gnl							2009-07-29		Gangulu
language	gnm							2009-07-29		Ginuman
language	gnn							2009-07-29		Gumatj
language	gno				gon			2009-07-29		Northern Gondi
language	gnq							2009-07-29		Gana
language	gnr							2009-07-29		Gureng Gureng
language	gnt							2009-07-29		Guntai
language	gnu							2009-07-29		Gnau
language	gnw				gn			2009-07-29		Western Bolivian Guaraní
language	gnz							2009-07-29		Ganzi
language	goa							2009-07-29		Guro
language	gob							2009-07-29		Playero
language	goc							2009-07-29		Gorakor
language	god							2009-07-29		Godié
language	goe							2009-07-29		Gongduk
language	gof							2009-07-29		Gofa
language	gog							2009-07-29		Gogo
language	goh							2005-10-16		Old High German (ca. 750-1050)
language	goi							2009-07-29		Gobasi
language	goj							2009-07-29		Gowlan
language	gok							2009-07-29		Gowli
language	gol							2009-07-29		Gola
language	gom				kok			2009-07-29		Goan Konkani
language	gon					macrolanguage		2005-10-16		Gondi
language	goo							2009-07-29		Gone Dau
language	gop							2009-07-29		Yeretuar
language	goq							2009-07-29		Gorap
language	gor							2005-10-16		Gorontalo
language	gos							2009-07-29		Gronings
language	got							2005-10-16		Gothic
language	gou							2009-07-29		Gavar
language	gov							2022-02-25		Goo
language	gow							2009-07-29		Gorowa
language	gox							2009-07-29		Gobu
language	goy							2009-07-29		Goundo
language	goz							2009-07-29		Gozarkhani
language	gpa							2009-07-29		Gupa-Abawa
language	gpe							2012-08-12		Ghanaian Pidgin English
language	gpn							2009-07-29		Taiap
language	gqa							2009-07-29		Ga'anda
language	gqi							2009-07-29		Guiqiong
language	gqn							2009-07-29		Guana (Brazil)
language	gqr							2009-07-29		Gor
language	gqu							2012-08-12		Qau
language	gra							2009-07-29		Rajput Garasia
language	grb					macrolanguage		2005-10-16		Grebo
language	grc							2005-10-16		Ancient Greek (to 1453)
language	grd							2009-07-29		Guruntum-Mbaaru
language	grg							2009-07-29		Madi
language	grh							2009-07-29		Gbiri-Niragu
language	gri							2009-07-29		Ghari
language	grj				grb			2009-07-29		Southern Grebo
language	grk					collection		2009-07-29		Greek languages
language	grm							2009-07-29		Kota Marudu Talantang
language	gro							2009-07-29		Groma
language	grq							2009-07-29		Gorovu
language	grr							2009-07-29		Taznatit
language	grs							2009-07-29		Gresi
language	grt							2009-07-29		Garo
language	gru							2009-07-29		Kistane
language	grv				grb			2009-07-29		Central Grebo
language	grw							2009-07-29		Gweda
language	grx							2009-07-29		Guriaso
language	gry				grb			2009-07-29		Barclayville Grebo
language	grz							2009-07-29		Guramalum
language	gse							2009-07-29		Ghanaian Sign Language
language	gsg							2009-07-29		German Sign Language
language	gsl							2009-07-29		Gusilay
language	gsm							2009-07-29		Guatemalan Sign Language
language	gsn							2009-07-29		Nema | Gusan
language	gso				gba			2009-07-29		Southwest Gbaya
language	gsp							2009-07-29		Wasembo
language	gss							2009-07-29		Greek Sign Language
language	gsw			Latn				2006-03-08		Swiss German | Alemannic | Alsatian
language	gta							2009-07-29		Guató
language	gti		nyc				2015-02-12	2009-07-29		Gbati-ri
language	gtu							2013-09-10		Aghu-Tharnggala
language	gu			Gujr				2005-10-16		Gujarati
language	gua							2009-07-29		Shiki
language	gub							2009-07-29		Guajajára
language	guc							2009-07-29		Wayuu
language	gud							2009-07-29		Yocoboué Dida
language	gue							2009-07-29		Gurindji
language	guf							2009-07-29		Gupapuyngu
language	gug				gn			2009-07-29		Paraguayan Guaraní
language	guh							2009-07-29		Guahibo
language	gui				gn			2009-07-29		Eastern Bolivian Guaraní
language	guk							2009-07-29		Gumuz
language	gul							2009-07-29		Sea Island Creole English
language	gum							2009-07-29		Guambiano
language	gun				gn			2009-07-29		Mbyá Guaraní
language	guo							2009-07-29		Guayabero
language	gup							2009-07-29		Gunwinggu
language	guq							2009-07-29		Aché
language	gur							2009-07-29		Farefare
language	gus							2009-07-29		Guinean Sign Language
language	gut							2009-07-29		Maléku Jaíka
language	guu							2009-07-29		Yanomamö
language	guv		duz				2016-05-30	2009-07-29		Gey
language	guw							2009-07-29		Gun
language	gux							2009-07-29		Gourmanchéma
language	guz							2009-07-29		Gusii | Ekegusii
language	gv			Latn				2005-10-16		Manx
language	gva							2009-07-29		Guana (Paraguay)
language	gvc							2009-07-29		Guanano
language	gve							2009-07-29		Duwet
language	gvf							2009-07-29		Golin
language	gvj							2009-07-29		Guajá
language	gvl							2009-07-29		Gulay
language	gvm							2009-07-29		Gurmana
language	gvn							2009-07-29		Kuku-Yalanji
language	gvo							2009-07-29		Gavião Do Jiparaná
language	gvp							2009-07-29		Pará Gavião
language	gvr							2009-07-29		Gurung
language	gvs							2009-07-29		Gumawana
language	gvy							2009-07-29		Guyani
language	gwa							2009-07-29		Mbato
language	gwb							2009-07-29		Gwa
language	gwc							2009-07-29		Gawri | Kalami
language	gwd							2009-07-29		Gawwada
language	gwe							2009-07-29		Gweno
language	gwf							2009-07-29		Gowro
language	gwg							2009-07-29		Moo
language	gwi							2005-10-16		Gwichʼin
language	gwj							2009-07-29		ǀGwi
language	gwm							2012-08-12		Awngthim
language	gwn							2009-07-29		Gwandara
language	gwr							2009-07-29		Gwere
language	gwt							2009-07-29		Gawar-Bati
language	gwu							2009-07-29		Guwamu
language	gww							2009-07-29		Kwini
language	gwx							2009-07-29		Gua
language	gxx							2009-07-29		Wè Southern
language	gya				gba			2009-07-29		Northwest Gbaya
language	gyb							2009-07-29		Garus
language	gyd							2009-07-29		Kayardild
language	gye							2009-07-29		Gyem
language	gyf							2009-07-29		Gungabula
language	gyg							2009-07-29		Gbayi
language	gyi							2009-07-29		Gyele
language	gyl							2009-07-29		Gayil
language	gym							2009-07-29		Ngäbere
language	gyn							2009-07-29		Guyanese Creole English
language	gyo							2018-03-08		Gyalsumdo
language	gyr							2009-07-29		Guarayu
language	gyy							2009-07-29		Gunya
language	gyz							2021-02-20		Geji | Gyaazi
language	gza							2009-07-29		Ganza
language	gzi							2009-07-29		Gazi
language	gzn							2009-07-29		Gane
language	ha							2005-10-16		Hausa
language	haa							2009-07-29		Hän
language	hab							2009-07-29		Hanoi Sign Language
language	hac							2009-07-29		Gurani
language	had							2009-07-29		Hatam
language	hae				om			2009-07-29		Eastern Oromo
language	haf							2009-07-29		Haiphong Sign Language
language	hag							2009-07-29		Hanga
language	hah							2009-07-29		Hahon
language	hai					macrolanguage		2005-10-16		Haida
language	haj							2009-07-29		Hajong
language	hak				zh			2009-07-29		Hakka Chinese
language	hal							2009-07-29		Halang
language	ham							2009-07-29		Hewa
language	han							2009-07-29		Hangaza
language	hao							2009-07-29		Hakö
language	hap							2009-07-29		Hupla
language	haq							2009-07-29		Ha
language	har							2009-07-29		Harari
language	has							2009-07-29		Haisla
language	hav							2009-07-29		Havu
language	haw							2005-10-16		Hawaiian
language	hax				hai			2009-07-29		Southern Haida
language	hay							2009-07-29		Haya
language	haz							2009-07-29		Hazaragi
language	hba							2009-07-29		Hamba
language	hbb							2009-07-29		Huba
language	hbn							2009-07-29		Heiban
language	hbo							2009-07-29		Ancient Hebrew
language	hbu							2009-07-29		Habu
language	hca							2009-07-29		Andaman Creole Hindi
language	hch							2009-07-29		Huichol
language	hdn				hai			2009-07-29		Northern Haida
language	hds							2009-07-29		Honduras Sign Language
language	hdy							2009-07-29		Hadiyya
language	he			Hebr				2005-10-16		Hebrew
language	hea				hmn			2009-07-29		Northern Qiandong Miao
language	hed							2009-07-29		Herdé
language	heg							2009-07-29		Helong
language	heh							2009-07-29		Hehe
language	hei							2009-07-29		Heiltsuk
language	hem							2009-07-29		Hemba
language	hgm							2009-07-29		Haiǁom
language	hgw							2009-07-29		Haigwai
language	hhi							2009-07-29		Hoia Hoia
language	hhr							2009-07-29		Kerak
language	hhy							2009-07-29		Hoyahoya
language	hi			Deva				2005-10-16		Hindi
language	hia							2009-07-29		Lamang
language	hib							2009-07-29		Hibito
language	hid							2009-07-29		Hidatsa
language	hif							2009-07-29		Fiji Hindi
language	hig							2009-07-29		Kamwe
language	hih							2009-07-29		Pamosu
language	hii							2009-07-29		Hinduri
language	hij							2009-07-29		Hijuk
language	hik							2009-07-29		Seit-Kaitetu
language	hil							2005-10-16		Hiligaynon
language	him					collection		2005-10-16		Himachali languages | Western Pahari languages
language	hio							2009-07-29		Tsoa
language	hir							2009-07-29		Himarimã
language	hit							2005-10-16		Hittite
language	hiw							2009-07-29		Hiw
language	hix							2009-07-29		Hixkaryána
language	hji				ms			2009-07-29		Haji
language	hka							2009-07-29		Kahe
language	hke							2009-07-29		Hunde
language	hkh							2021-02-20		Khah | Poguli
language	hkk							2009-07-29		Hunjara-Kaina Ke
language	hkn							2018-03-08		Mel-Khaonh
language	hks							2009-07-29		Hong Kong Sign Language | Heung Kong Sau Yue
language	hla							2009-07-29		Halia
language	hlb							2009-07-29		Halbi
language	hld							2009-07-29		Halang Doan
language	hle							2009-07-29		Hlersu
language	hlt							2009-07-29		Matu Chin
language	hlu							2009-07-29		Hieroglyphic Luwian
language	hma				hmn			2009-07-29		Southern Mashan Hmong | Southern Mashan Miao
language	hmb							2009-07-29		Humburi Senni Songhay
language	hmc				hmn			2009-07-29		Central Huishui Hmong | Central Huishui Miao
language	hmd				hmn			2009-07-29		Large Flowery Miao | A-hmaos | Da-Hua Miao
language	hme				hmn			2009-07-29		Eastern Huishui Hmong | Eastern Huishui Miao
language	hmf							2009-07-29		Hmong Don
language	hmg				hmn			2009-07-29		Southwestern Guiyang Hmong
language	hmh				hmn			2009-07-29		Southwestern Huishui Hmong | Southwestern Huishui Miao
language	hmi				hmn			2009-07-29		Northern Huishui Hmong | Northern Huishui Miao
language	hmj				hmn			2009-07-29		Ge | Gejia
language	hmk							2009-07-29		Maek
language	hml				hmn			2009-07-29		Luopohe Hmong | Luopohe Miao
language	hmm				hmn			2009-07-29		Central Mashan Hmong | Central Mashan Miao
language	hmn					macrolanguage		2005-10-16		Hmong | Mong
language	hmp				hmn			2009-07-29		Northern Mashan Hmong | Northern Mashan Miao
language	hmq				hmn			2009-07-29		Eastern Qiandong Miao
language	hmr							2009-07-29		Hmar
language	hms				hmn			2009-07-29		Southern Qiandong Miao
language	hmt							2009-07-29		Hamtai
language	hmu							2009-07-29		Hamap
language	hmv							2009-07-29		Hmong Dô
language	hmw				hmn			2009-07-29		Western Mashan Hmong | Western Mashan Miao
language	hmx					collection		2009-07-29		Hmong-Mien languages
language	hmy				hmn			2009-07-29		Southern Guiyang Hmong | Southern Guiyang Miao
language	hmz				hmn			2009-07-29		Hmong Shua | Sinicized Miao
language	hna							2009-07-29		Mina (Cameroon)
language	hnd				lah			2009-07-29		Southern Hindko
language	hne							2009-07-29		Chhattisgarhi
language	hng							2020-03-28		Hungu
language	hnh							2009-07-29		ǁAni
language	hni							2009-07-29		Hani
language	hnj				hmn			2009-07-29		Hmong Njua | Mong Leng | Mong Njua
language	hnm				zh			2024-12-12		Hainanese
language	hnn							2009-07-29		Hanunoo
language	hno				lah			2009-07-29		Northern Hindko
language	hns							2009-07-29		Caribbean Hindustani
language	hnu							2009-07-29		Hung
language	ho							2005-10-16		Hiri Motu
language	hoa							2009-07-29		Hoava
language	hob							2009-07-29		Mari (Madang Province)
language	hoc							2009-07-29		Ho
language	hod							2009-07-29		Holma
language	hoe							2009-07-29		Horom
language	hoh							2009-07-29		Hobyót
language	hoi							2009-07-29		Holikachuk
language	hoj				raj			2009-07-29		Hadothi | Haroti
language	hok					collection		2009-07-29		Hokan languages
language	hol							2009-07-29		Holu
language	hom							2009-07-29		Homa
language	hoo							2009-07-29		Holoholo
language	hop							2009-07-29		Hopi
language	hor							2009-07-29		Horo
language	hos							2009-07-29		Ho Chi Minh City Sign Language
language	hot							2009-07-29		Hote | Malê
language	hov							2009-07-29		Hovongan
language	how							2009-07-29		Honi
language	hoy							2009-07-29		Holiya
language	hoz							2009-07-29		Hozo
language	hpo							2009-07-29		Hpon
language	hps							2009-07-29		Hawai'i Sign Language (HSL) | Hawai'i Pidgin Sign Language
language	hr			Latn	sh			2005-10-16		Croatian
language	hra							2009-07-29		Hrangkhol
language	hrc							2013-09-10		Niwer Mil
language	hre							2009-07-29		Hre
language	hrk							2009-07-29		Haruku
language	hrm				hmn			2009-07-29		Horned Miao
language	hro							2009-07-29		Haroi
language	hrp							2013-09-10		Nhirrpi
language	hrr		jal				2012-08-12	2009-07-29		Horuru
language	hrt							2009-07-29		Hértevin
language	hru							2009-07-29		Hruso
language	hrw							2013-09-10		Warwar Feni
language	hrx							2009-07-29		Hunsrik
language	hrz							2009-07-29		Harzani
language	hsb			Latn				2005-10-16		Upper Sorbian
language	hsh							2009-07-29		Hungarian Sign Language
language	hsl							2009-07-29		Hausa Sign Language
language	hsn				zh			2009-07-29		Xiang Chinese
language	hss							2009-07-29		Harsusi
language	ht			Latn				2005-10-16		Haitian | Haitian Creole
language	hti							2009-07-29		Hoti
language	hto							2009-07-29		Minica Huitoto
language	hts							2009-07-29		Hadza
language	htu							2009-07-29		Hitu
language	htx							2009-07-29		Middle Hittite
language	hu			Latn				2005-10-16		Hungarian
language	hub							2009-07-29		Huambisa
language	huc							2009-07-29		ǂHua | ǂʼAmkhoe
language	hud							2009-07-29		Huaulu
language	hue							2009-07-29		San Francisco Del Mar Huave
language	huf							2009-07-29		Humene
language	hug							2009-07-29		Huachipaeri
language	huh							2009-07-29		Huilliche
language	hui							2009-07-29		Huli
language	huj				hmn			2009-07-29		Northern Guiyang Hmong | Northern Guiyang Miao
language	huk							2009-07-29		Hulung
language	hul							2009-07-29		Hula
language	hum							2009-07-29		Hungana
language	huo							2009-07-29		Hu
language	hup							2005-10-16		Hupa
language	huq							2009-07-29		Tsat
language	hur							2009-07-29		Halkomelem
language	hus							2009-07-29		Huastec
language	hut							2009-07-29		Humla
language	huu							2009-07-29		Murui Huitoto
language	huv							2009-07-29		San Mateo Del Mar Huave
language	huw							2009-07-29		Hukumina
language	hux							2009-07-29		Nüpode Huitoto
language	huy							2009-07-29		Hulaulá
language	huz							2009-07-29		Hunzib
language	hvc							2009-07-29		Haitian Vodoun Culture Language
language	hve							2009-07-29		San Dionisio Del Mar Huave
language	hvk							2009-07-29		Haveke
language	hvn							2009-07-29		Sabu
language	hvv							2009-07-29		Santa María Del Mar Huave
language	hwa							2009-07-29		Wané
language	hwc							2009-07-29		Hawai'i Creole English | Hawai'i Pidgin
language	hwo							2009-07-29		Hwana
language	hy			Armn				2005-10-16		Armenian
language	hya							2009-07-29		Hya
language	hyw							2018-03-08		Western Armenian
language	hyx					collection		2009-07-29		Armenian (family)
language	hz							2005-10-16		Herero
language	ia							2005-10-16		Interlingua (IALA) | Interlingua (International Auxiliary Language Association)
language	iai							2009-07-29		Iaai
language	ian							2009-07-29		Iatmul
language	iap						2016-05-30	2009-07-29		Iapama
language	iar							2009-07-29		Purari
language	iba							2005-10-16		Iban
language	ibb							2009-07-29		Ibibio
language	ibd							2009-07-29		Iwaidja
language	ibe							2009-07-29		Akpes
language	ibg							2009-07-29		Ibanag
language	ibh							2017-02-23		Bih
language	ibi		opa				2012-08-12	2009-07-29		Ibilo
language	ibl							2009-07-29		Ibaloi
language	ibm							2009-07-29		Agoi
language	ibn							2009-07-29		Ibino
language	ibr							2009-07-29		Ibuoro
language	ibu							2009-07-29		Ibu
language	iby							2009-07-29		Ibani
language	ica							2009-07-29		Ede Ica
language	ich							2009-07-29		Etkywan
language	icl							2009-07-29		Icelandic Sign Language
language	icr							2009-07-29		Islander Creole English
language	id			Latn	ms			2005-10-16		Indonesian
language	ida				luy			2009-07-29		Idakho-Isukha-Tiriki | Luidakho-Luisukha-Lutirichi
language	idb							2009-07-29		Indo-Portuguese
language	idc							2009-07-29		Idon | Ajiya
language	idd							2009-07-29		Ede Idaca
language	ide							2009-07-29		Idere
language	idi							2009-07-29		Idi
language	idr							2009-07-29		Indri
language	ids							2009-07-29		Idesa
language	idt							2009-07-29		Idaté
language	idu							2009-07-29		Idoma
language	ie							2005-10-16		Interlingue | Occidental
language	ifa							2009-07-29		Amganad Ifugao
language	ifb							2009-07-29		Batad Ifugao | Ayangan Ifugao
language	ife							2009-07-29		Ifè
language	iff							2009-07-29		Ifo
language	ifk							2009-07-29		Tuwali Ifugao
language	ifm							2009-07-29		Teke-Fuumu
language	ifu							2009-07-29		Mayoyao Ifugao
language	ify							2009-07-29		Keley-I Kallahan
language	ig							2005-10-16		Igbo
language	igb							2009-07-29		Ebira
language	ige							2009-07-29		Igede
language	igg							2009-07-29		Igana
language	igl							2009-07-29		Igala
language	igm							2009-07-29		Kanggape
language	ign							2009-07-29		Ignaciano
language	igo							2009-07-29		Isebe
language	igs							2009-07-29		Interglossa
language	igw							2009-07-29		Igwe
language	ihb							2009-07-29		Iha Based Pidgin
language	ihi							2009-07-29		Ihievbe
language	ihp							2009-07-29		Iha
language	ihw							2012-08-12		Bidhawal
language	ii							2005-10-16		Sichuan Yi | Nuosu
language	iin							2013-09-10		Thiin
language	iir					collection		2009-07-29		Indo-Iranian languages
language	ijc							2009-07-29		Izon
language	ije							2009-07-29		Biseni
language	ijj							2009-07-29		Ede Ije
language	ijn							2009-07-29		Kalabari
language	ijo					collection		2005-10-16		Ijo languages
language	ijs							2009-07-29		Southeast Ijo
language	ik					macrolanguage		2005-10-16		Inupiaq
language	ike				iu			2009-07-29		Eastern Canadian Inuktitut
language	ikh							2023-03-17		Ikhin-Arokho
language	iki							2009-07-29		Iko
language	ikk							2009-07-29		Ika
language	ikl							2009-07-29		Ikulu
language	iko							2009-07-29		Olulumo-Ikom
language	ikp							2009-07-29		Ikpeshi
language	ikr							2013-09-10		Ikaranggal
language	iks							2015-02-12		Inuit Sign Language
language	ikt				iu			2009-07-29		Inuinnaqtun | Western Canadian Inuktitut
language	ikv							2009-07-29		Iku-Gora-Ankwa
language	ikw							2009-07-29		Ikwere
language	ikx							2009-07-29		Ik
language	ikz							2009-07-29		Ikizu
language	ila							2009-07-29		Ile Ape
language	ilb							2009-07-29		Ila
language	ilg							2009-07-29		Garig-Ilgar
language	ili							2009-07-29		Ili Turki
language	ilk							2009-07-29		Ilongot
language	ill						2016-05-30	2009-07-29		Iranun
language	ilm							2016-05-30		Iranun (Malaysia)
language	ilo							2005-10-16		Iloko
language	ilp							2016-05-30		Iranun (Philippines)
language	ils							2009-07-29		International Sign
language	ilu							2009-07-29		Ili'uun
language	ilv							2009-07-29		Ilue
language	ilw		gal				2013-09-10	2009-07-29		Talur
language	ima							2009-07-29		Mala Malasar
language	ime						2015-02-12	2009-07-29		Imeraguen
language	imi							2009-07-29		Anamgura
language	iml							2009-07-29		Miluk
language	imn							2009-07-29		Imonda
language	imo							2009-07-29		Imbongu
language	imr							2009-07-29		Imroing
language	ims							2009-07-29		Marsian
language	imt							2022-02-25		Imotong
language	imy							2009-07-29		Milyan
language	in		id	Latn	ms		1989-01-01	2005-10-16		Indonesian
language	inb							2009-07-29		Inga
language	inc					collection		2005-10-16		Indic languages
language	ine					collection		2005-10-16		Indo-European languages
language	ing							2009-07-29		Degexit'an
language	inh							2005-10-16		Ingush
language	inj							2009-07-29		Jungle Inga
language	inl							2009-07-29		Indonesian Sign Language
language	inm							2009-07-29		Minaean
language	inn							2009-07-29		Isinai
language	ino							2009-07-29		Inoke-Yate
language	inp							2009-07-29		Iñapari
language	ins							2009-07-29		Indian Sign Language
language	int							2009-07-29		Intha
language	inz							2009-07-29		Ineseño
language	io							2005-10-16		Ido
language	ior							2009-07-29		Inor
language	iou							2009-07-29		Tuma-Irumu
language	iow							2009-07-29		Iowa-Oto
language	ipi							2009-07-29		Ipili
language	ipo							2009-07-29		Ipiko
language	iqu							2009-07-29		Iquito
language	iqw							2013-09-10		Ikwo
language	ira					collection		2005-10-16		Iranian languages
language	ire							2009-07-29		Iresim
language	irh							2009-07-29		Irarutu
language	iri							2009-07-29		Rigwe | Irigwe
language	irk							2009-07-29		Iraqw
language	irn							2009-07-29		Irántxe
language	iro					collection		2005-10-16		Iroquoian languages
language	irr							2009-07-29		Ir
language	iru							2009-07-29		Irula
language	irx							2009-07-29		Kamberau
language	iry							2009-07-29		Iraya
language	is			Latn				2005-10-16		Icelandic
language	isa							2009-07-29		Isabi
language	isc							2009-07-29		Isconahua
language	isd							2009-07-29		Isnag
language	ise							2009-07-29		Italian Sign Language
language	isg							2009-07-29		Irish Sign Language
language	ish							2009-07-29		Esan
language	isi							2009-07-29		Nkem-Nkum
language	isk							2010-03-11		Ishkashimi
language	ism							2009-07-29		Masimasi
language	isn							2009-07-29		Isanzu
language	iso							2009-07-29		Isoko
language	isr							2009-07-29		Israeli Sign Language
language	ist							2009-07-29		Istriot
language	isu							2009-07-29		Isu | Isu (Menchum Division)
language	isv							2024-05-15		Interslavic
language	it			Latn				2005-10-16		Italian
language	itb							2009-07-29		Binongan Itneg
language	itc					collection		2009-07-29		Italic languages
language	itd							2016-05-30		Southern Tidung
language	ite							2009-07-29		Itene
language	iti							2009-07-29		Inlaod Itneg
language	itk							2009-07-29		Judeo-Italian
language	itl							2009-07-29		Itelmen
language	itm							2009-07-29		Itu Mbon Uzo
language	ito							2009-07-29		Itonama
language	itr							2009-07-29		Iteri
language	its							2009-07-29		Isekiri
language	itt							2009-07-29		Maeng Itneg
language	itv							2009-07-29		Itawit
language	itw							2009-07-29		Ito
language	itx							2009-07-29		Itik
language	ity							2009-07-29		Moyadan Itneg
language	itz							2009-07-29		Itzá
language	iu					macrolanguage		2005-10-16		Inuktitut
language	ium							2009-07-29		Iu Mien
language	ivb							2009-07-29		Ibatan
language	ivv							2009-07-29		Ivatan
language	iw		he	Hebr			1989-01-01	2005-10-16		Hebrew
language	iwk							2009-07-29		I-Wak
language	iwm							2009-07-29		Iwam
language	iwo							2009-07-29		Iwur
language	iws							2009-07-29		Sepik Iwam
language	ixc							2009-07-29		Ixcatec
language	ixl							2009-07-29		Ixil
language	iya							2009-07-29		Iyayu
language	iyo							2009-07-29		Mesaka
language	iyx							2009-07-29		Yaka (Congo)
language	izh							2009-07-29		Ingrian
language	izi						2013-09-10	2009-07-29		Izi-Ezaa-Ikwo-Mgbo
language	izm							2023-03-17		Kizamani
language	izr							2009-07-29		Izere
language	izz							2013-09-10		Izii
language	ja			Jpan				2005-10-16		Japanese
language	jaa							2009-07-29		Jamamadí
language	jab							2009-07-29		Hyam
language	jac							2009-07-29		Popti' | Jakalteko
language	jad							2009-07-29		Jahanka
language	jae							2009-07-29		Yabem
language	jaf							2009-07-29		Jara
language	jah							2009-07-29		Jah Hut
language	jaj							2009-07-29		Zazao
language	jak				ms			2009-07-29		Jakun
language	jal							2009-07-29		Yalahatan
language	jam							2009-07-29		Jamaican Creole English
language	jan							2012-08-12		Jandai
language	jao							2009-07-29		Yanyuwa
language	jaq							2009-07-29		Yaqay
language	jar						2012-08-12	2009-07-29		Jarawa (Nigeria)
language	jas							2009-07-29		New Caledonian Javanese
language	jat				lah			2009-07-29		Jakati
language	jau							2009-07-29		Yaur
language	jax				ms			2009-07-29		Jambi Malay
language	jay							2009-07-29		Yan-nhangu | Nhangu
language	jaz							2009-07-29		Jawe
language	jbe							2009-07-29		Judeo-Berber
language	jbi							2013-09-10		Badjiri
language	jbj							2009-07-29		Arandai
language	jbk							2012-08-12		Barikewa
language	jbm							2021-02-20		Bijim
language	jbn							2009-07-29		Nafusi
language	jbo							2005-10-16		Lojban
language	jbr							2009-07-29		Jofotek-Bromnya
language	jbt							2009-07-29		Jabutí
language	jbu							2009-07-29		Jukun Takum
language	jbw							2012-08-12		Yawijibaya
language	jcs							2009-07-29		Jamaican Country Sign Language
language	jct							2009-07-29		Krymchak
language	jda							2009-07-29		Jad
language	jdg							2009-07-29		Jadgali
language	jdt							2009-07-29		Judeo-Tat
language	jeb							2009-07-29		Jebero
language	jee							2009-07-29		Jerung
language	jeg		oyb				2017-02-23	2009-07-29		Jeng
language	jeh							2009-07-29		Jeh
language	jei							2009-07-29		Yei
language	jek							2009-07-29		Jeri Kuo
language	jel							2009-07-29		Yelmek
language	jen							2009-07-29		Dza
language	jer							2009-07-29		Jere
language	jet							2009-07-29		Manem
language	jeu							2009-07-29		Jonkor Bourmataguil
language	jgb							2009-07-29		Ngbee
language	jge							2009-07-29		Judeo-Georgian
language	jgk							2012-08-12		Gwak
language	jgo							2009-07-29		Ngomba
language	jhi							2009-07-29		Jehai
language	jhs							2009-07-29		Jhankot Sign Language
language	ji		yi				1989-01-01	2005-10-16		Yiddish
language	jia							2009-07-29		Jina
language	jib							2009-07-29		Jibu
language	jic							2009-07-29		Tol
language	jid							2009-07-29		Bu (Kaduna State)
language	jie							2009-07-29		Jilbe
language	jig							2009-07-29		Jingulu | Djingili
language	jih							2009-07-29		sTodsde | Shangzhai
language	jii							2009-07-29		Jiiddu
language	jil							2009-07-29		Jilim
language	jim							2009-07-29		Jimi (Cameroon)
language	jio							2009-07-29		Jiamao
language	jiq							2009-07-29		Guanyinqiao | Lavrung
language	jit							2009-07-29		Jita
language	jiu							2009-07-29		Youle Jinuo
language	jiv							2009-07-29		Shuar
language	jiy							2009-07-29		Buyuan Jinuo
language	jje							2015-02-12		Jejueo
language	jjr							2012-08-12		Bankal
language	jka							2016-05-30		Kaera
language	jkm							2012-08-12		Mobwa Karen
language	jko							2009-07-29		Kubo
language	jkp							2012-08-12		Paku Karen
language	jkr							2012-08-12		Koro (India)
language	jks							2021-02-20		Amami Koniya Sign Language
language	jku							2009-07-29		Labir
language	jle							2009-07-29		Ngile
language	jls							2010-03-11		Jamaican Sign Language
language	jma							2009-07-29		Dima
language	jmb							2009-07-29		Zumbun
language	jmc							2009-07-29		Machame
language	jmd							2009-07-29		Yamdena
language	jmi							2009-07-29		Jimi (Nigeria)
language	jml							2009-07-29		Jumli
language	jmn							2009-07-29		Makuri Naga
language	jmr							2009-07-29		Kamara
language	jms							2009-07-29		Mashi (Nigeria)
language	jmw							2012-08-12		Mouwase
language	jmx							2009-07-29		Western Juxtlahuaca Mixtec
language	jna							2009-07-29		Jangshung
language	jnd							2009-07-29		Jandavra
language	jng							2009-07-29		Yangman
language	jni							2009-07-29		Janji
language	jnj							2009-07-29		Yemsa
language	jnl							2009-07-29		Rawat
language	jns							2009-07-29		Jaunsari
language	job							2009-07-29		Joba
language	jod							2009-07-29		Wojenaka
language	jog							2015-05-27		Jogi
language	jor							2009-07-29		Jorá
language	jos							2009-07-29		Jordanian Sign Language
language	jow							2009-07-29		Jowulu
language	jpa							2009-07-29		Jewish Palestinian Aramaic
language	jpr							2005-10-16		Judeo-Persian
language	jpx					collection		2009-07-29		Japanese (family)
language	jqr							2009-07-29		Jaqaru
language	jra							2009-07-29		Jarai
language	jrb					macrolanguage		2005-10-16		Judeo-Arabic
language	jrr							2009-07-29		Jiru
language	jrt							2009-07-29		Jakattoe
language	jru							2009-07-29		Japrería
language	jsl							2009-07-29		Japanese Sign Language
language	jua							2009-07-29		Júma
language	jub							2009-07-29		Wannu
language	juc							2009-07-29		Jurchen
language	jud							2009-07-29		Worodougou
language	juh							2009-07-29		Hõne
language	jui							2012-08-12		Ngadjuri
language	juk							2009-07-29		Wapan
language	jul							2009-07-29		Jirel
language	jum							2009-07-29		Jumjum
language	jun							2009-07-29		Juang
language	juo							2009-07-29		Jiba
language	jup							2009-07-29		Hupdë
language	jur							2009-07-29		Jurúna
language	jus							2009-07-29		Jumla Sign Language
language	jut							2009-07-29		Jutish
language	juu							2009-07-29		Ju
language	juw							2009-07-29		Wãpha
language	juy							2009-07-29		Juray
language	jv							2005-10-16		Javanese
language	jvd							2009-07-29		Javindo
language	jvn							2009-07-29		Caribbean Javanese
language	jw		jv				2001-08-13	2005-10-16		Javanese
language	jwi							2009-07-29		Jwira-Pepesa
language	jya							2009-07-29		Jiarong
language	jye				jrb			2009-07-29		Judeo-Yemeni Arabic
language	jyy							2009-07-29		Jaya
language	ka			Geor				2005-10-16		Georgian
language	kaa							2005-10-16		Kara-Kalpak | Karakalpak
language	kab							2005-10-16		Kabyle
language	kac							2005-10-16		Kachin | Jingpho
language	kad							2009-07-29		Adara
language	kae							2009-07-29		Ketangalan
language	kaf							2009-07-29		Katso
language	kag							2009-07-29		Kajaman
language	kah							2009-07-29		Kara (Central African Republic)
language	kai							2009-07-29		Karekare
language	kaj							2009-07-29		Jju
language	kak							2009-07-29		Kalanguya | Kayapa Kallahan
language	kam							2005-10-16		Kamba (Kenya)
language	kao							2009-07-29		Xaasongaxango
language	kap							2009-07-29		Bezhta
language	kaq							2009-07-29		Capanahua
language	kar					collection		2005-10-16		Karen languages
language	kav							2009-07-29		Katukína
language	kaw							2005-10-16		Kawi
language	kax							2009-07-29		Kao
language	kay							2009-07-29		Kamayurá
language	kba							2009-07-29		Kalarko
language	kbb							2009-07-29		Kaxuiâna
language	kbc							2009-07-29		Kadiwéu
language	kbd							2005-10-16		Kabardian
language	kbe							2009-07-29		Kanju
language	kbf						2015-02-12	2009-07-29		Kakauhua
language	kbg							2009-07-29		Khamba
language	kbh							2009-07-29		Camsá
language	kbi							2009-07-29		Kaptiau
language	kbj							2009-07-29		Kari
language	kbk							2009-07-29		Grass Koiari
language	kbl							2009-07-29		Kanembu
language	kbm							2009-07-29		Iwal
language	kbn							2009-07-29		Kare (Central African Republic)
language	kbo							2009-07-29		Keliko
language	kbp							2009-07-29		Kabiyè
language	kbq							2009-07-29		Kamano
language	kbr							2009-07-29		Kafa
language	kbs							2009-07-29		Kande
language	kbt							2009-07-29		Abadi
language	kbu							2009-07-29		Kabutra
language	kbv							2009-07-29		Dera (Indonesia)
language	kbw							2009-07-29		Kaiep
language	kbx							2009-07-29		Ap Ma
language	kby				kr			2009-07-29		Manga Kanuri
language	kbz							2009-07-29		Duhwa
language	kca							2009-07-29		Khanty
language	kcb							2009-07-29		Kawacha
language	kcc							2009-07-29		Lubila
language	kcd							2009-07-29		Ngkâlmpw Kanum
language	kce							2009-07-29		Kaivi
language	kcf							2009-07-29		Ukaan
language	kcg							2009-07-29		Tyap
language	kch							2009-07-29		Vono
language	kci							2009-07-29		Ngyian | Kamantan
language	kcj							2009-07-29		Kobiana
language	kck							2009-07-29		Kalanga
language	kcl							2009-07-29		Kela (Papua New Guinea) | Kala
language	kcm							2009-07-29		Gula (Central African Republic)
language	kcn							2009-07-29		Nubi
language	kco							2009-07-29		Kinalakna
language	kcp							2009-07-29		Kanga
language	kcq							2009-07-29		Kamo
language	kcr							2009-07-29		Katla
language	kcs							2009-07-29		Koenoem
language	kct							2009-07-29		Kaian
language	kcu							2009-07-29		Kami (Tanzania)
language	kcv							2009-07-29		Kete
language	kcw							2009-07-29		Kabwari
language	kcx							2009-07-29		Kachama-Ganjule
language	kcy							2009-07-29		Korandje
language	kcz							2009-07-29		Konongo
language	kda							2009-07-29		Worimi
language	kdc							2009-07-29		Kutu
language	kdd							2009-07-29		Yankunytjatjara
language	kde							2009-07-29		Makonde
language	kdf							2009-07-29		Mamusi
language	kdg							2009-07-29		Seba
language	kdh							2009-07-29		Tem
language	kdi							2009-07-29		Kumam
language	kdj							2009-07-29		Karamojong
language	kdk							2009-07-29		Numèè | Kwényi
language	kdl							2009-07-29		Tsikimba
language	kdm							2009-07-29		Kagoma
language	kdn							2009-07-29		Kunda
language	kdo					collection		2009-07-29		Kordofanian languages
language	kdp							2009-07-29		Kaningdon-Nindem
language	kdq							2009-07-29		Koch
language	kdr							2009-07-29		Karaim
language	kdt							2009-07-29		Kuy
language	kdu							2009-07-29		Kadaru
language	kdv						2012-08-12	2009-07-29		Kado
language	kdw							2009-07-29		Koneraw
language	kdx							2009-07-29		Kam
language	kdy							2009-07-29		Keder | Keijar
language	kdz							2009-07-29		Kwaja
language	kea							2009-07-29		Kabuverdianu
language	keb							2009-07-29		Kélé
language	kec							2009-07-29		Keiga
language	ked							2009-07-29		Kerewe
language	kee							2009-07-29		Eastern Keres
language	kef							2009-07-29		Kpessi
language	keg							2009-07-29		Tese
language	keh							2009-07-29		Keak
language	kei							2009-07-29		Kei
language	kej							2009-07-29		Kadar
language	kek							2009-07-29		Kekchí
language	kel							2009-07-29		Kela (Democratic Republic of Congo)
language	kem							2009-07-29		Kemak
language	ken							2009-07-29		Kenyang
language	keo							2009-07-29		Kakwa
language	kep							2009-07-29		Kaikadi
language	keq							2009-07-29		Kamar
language	ker							2009-07-29		Kera
language	kes							2009-07-29		Kugbo
language	ket							2009-07-29		Ket
language	keu							2009-07-29		Akebu
language	kev							2009-07-29		Kanikkaran
language	kew							2009-07-29		West Kewa
language	kex							2009-07-29		Kukna
language	key							2009-07-29		Kupia
language	kez							2009-07-29		Kukele
language	kfa							2009-07-29		Kodava
language	kfb							2009-07-29		Northwestern Kolami
language	kfc							2009-07-29		Konda-Dora
language	kfd							2009-07-29		Korra Koraga
language	kfe							2009-07-29		Kota (India)
language	kff							2009-07-29		Koya
language	kfg							2009-07-29		Kudiya
language	kfh							2009-07-29		Kurichiya
language	kfi							2009-07-29		Kannada Kurumba
language	kfj							2009-07-29		Kemiehua
language	kfk							2009-07-29		Kinnauri
language	kfl							2009-07-29		Kung
language	kfm							2009-07-29		Khunsari
language	kfn							2009-07-29		Kuk
language	kfo							2009-07-29		Koro (Côte d'Ivoire)
language	kfp							2009-07-29		Korwa
language	kfq							2009-07-29		Korku
language	kfr							2009-07-29		Kachhi | Kutchi
language	kfs							2009-07-29		Bilaspuri
language	kft							2009-07-29		Kanjari
language	kfu							2009-07-29		Katkari
language	kfv							2009-07-29		Kurmukar
language	kfw							2009-07-29		Kharam Naga
language	kfx							2009-07-29		Kullu Pahari
language	kfy							2009-07-29		Kumaoni
language	kfz							2009-07-29		Koromfé
language	kg					macrolanguage		2005-10-16		Kongo
language	kga							2009-07-29		Koyaga
language	kgb							2009-07-29		Kawe
language	kgc		tdf				2016-05-30	2009-07-29		Kasseng
language	kgd						2017-02-23	2009-07-29		Kataang
language	kge							2009-07-29		Komering
language	kgf							2009-07-29		Kube
language	kgg							2009-07-29		Kusunda
language	kgh		kml				2012-08-12	2009-07-29		Upper Tanudan Kalinga
language	kgi							2009-07-29		Selangor Sign Language
language	kgj							2009-07-29		Gamale Kham
language	kgk							2009-07-29		Kaiwá
language	kgl							2009-07-29		Kunggari
language	kgm		plu				2023-03-17	2009-07-29		Karipúna
language	kgn							2009-07-29		Karingani
language	kgo							2009-07-29		Krongo
language	kgp							2009-07-29		Kaingang
language	kgq							2009-07-29		Kamoro
language	kgr							2009-07-29		Abun
language	kgs							2009-07-29		Kumbainggar
language	kgt							2009-07-29		Somyev
language	kgu							2009-07-29		Kobol
language	kgv							2009-07-29		Karas
language	kgw							2009-07-29		Karon Dori
language	kgx							2009-07-29		Kamaru
language	kgy							2009-07-29		Kyerung
language	kha							2005-10-16		Khasi
language	khb							2009-07-29		Lü
language	khc							2009-07-29		Tukang Besi North
language	khd							2009-07-29		Bädi Kanum
language	khe							2009-07-29		Korowai
language	khf							2009-07-29		Khuen
language	khg							2009-07-29		Khams Tibetan
language	khh							2009-07-29		Kehu
language	khi					collection		2005-10-16		Khoisan languages
language	khj							2009-07-29		Kuturmi
language	khk				mn			2009-07-29		Halh Mongolian
language	khl							2009-07-29		Lusi
language	khn							2009-07-29		Khandesi
language	kho							2005-10-16		Khotanese | Sakan
language	khp							2009-07-29		Kapori | Kapauri
language	khq							2009-07-29		Koyra Chiini Songhay
language	khr							2009-07-29		Kharia
language	khs							2009-07-29		Kasua
language	kht							2009-07-29		Khamti
language	khu							2009-07-29		Nkhumbi
language	khv							2009-07-29		Khvarshi
language	khw							2009-07-29		Khowar
language	khx							2009-07-29		Kanu
language	khy							2009-07-29		Kele (Democratic Republic of Congo)
language	khz							2009-07-29		Keapara
language	ki							2005-10-16		Kikuyu | Gikuyu
language	kia							2009-07-29		Kim
language	kib							2009-07-29		Koalib
language	kic							2009-07-29		Kickapoo
language	kid							2009-07-29		Koshin
language	kie							2009-07-29		Kibet
language	kif							2009-07-29		Eastern Parbate Kham
language	kig							2009-07-29		Kimaama | Kimaghima
language	kih							2009-07-29		Kilmeri
language	kii							2009-07-29		Kitsai
language	kij							2009-07-29		Kilivila
language	kil							2009-07-29		Kariya
language	kim							2009-07-29		Karagas
language	kio							2009-07-29		Kiowa
language	kip							2009-07-29		Sheshi Kham
language	kiq							2009-07-29		Kosadle | Kosare
language	kis							2009-07-29		Kis
language	kit							2009-07-29		Agob
language	kiu				zza			2009-07-29		Kirmanjki (individual language)
language	kiv							2009-07-29		Kimbu
language	kiw							2009-07-29		Northeast Kiwai
language	kix							2009-07-29		Khiamniungan Naga
language	kiy							2009-07-29		Kirikiri
language	kiz							2009-07-29		Kisi
language	kj							2005-10-16		Kuanyama | Kwanyama
language	kja							2009-07-29		Mlap
language	kjb							2009-07-29		Q'anjob'al | Kanjobal
language	kjc							2009-07-29		Coastal Konjo
language	kjd							2009-07-29		Southern Kiwai
language	kje							2009-07-29		Kisar
language	kjf						2020-03-28	2009-07-29		Khalaj [Indo-Iranian]
language	kjg							2009-07-29		Khmu
language	kjh							2009-07-29		Khakas
language	kji							2009-07-29		Zabana
language	kjj							2009-07-29		Khinalugh
language	kjk							2009-07-29		Highland Konjo
language	kjl							2009-07-29		Western Parbate Kham
language	kjm							2009-07-29		Kháng
language	kjn							2009-07-29		Kunjen
language	kjo							2009-07-29		Kinnauri Pahari
language	kjp							2009-07-29		Pwo Eastern Karen
language	kjq							2009-07-29		Western Keres
language	kjr							2009-07-29		Kurudu
language	kjs							2009-07-29		East Kewa
language	kjt							2009-07-29		Phrae Pwo Karen
language	kju							2009-07-29		Kashaya
language	kjv							2015-02-12		Kaikavian Literary Language
language	kjx							2009-07-29		Ramopa
language	kjy							2009-07-29		Erave
language	kjz							2009-07-29		Bumthangkha
language	kk			Cyrl				2005-10-16		Kazakh
language	kka							2009-07-29		Kakanda
language	kkb							2009-07-29		Kwerisa
language	kkc							2009-07-29		Odoodee
language	kkd							2009-07-29		Kinuku
language	kke							2009-07-29		Kakabe
language	kkf							2009-07-29		Kalaktang Monpa
language	kkg							2009-07-29		Mabaka Valley Kalinga
language	kkh							2009-07-29		Khün
language	kki							2009-07-29		Kagulu
language	kkj							2009-07-29		Kako
language	kkk							2009-07-29		Kokota
language	kkl							2009-07-29		Kosarek Yale
language	kkm							2009-07-29		Kiong
language	kkn							2009-07-29		Kon Keu
language	kko							2009-07-29		Karko
language	kkp							2009-07-29		Gugubera | Koko-Bera
language	kkq							2009-07-29		Kaeku
language	kkr							2009-07-29		Kir-Balar
language	kks							2009-07-29		Giiwo
language	kkt							2009-07-29		Koi
language	kku							2009-07-29		Tumi
language	kkv							2009-07-29		Kangean
language	kkw							2009-07-29		Teke-Kukuya
language	kkx							2009-07-29		Kohin
language	kky							2009-07-29		Guugu Yimidhirr | Guguyimidjir
language	kkz							2009-07-29		Kaska
language	kl			Latn				2005-10-16		Kalaallisut | Greenlandic
language	kla							2009-07-29		Klamath-Modoc
language	klb							2009-07-29		Kiliwa
language	klc							2009-07-29		Kolbila
language	kld							2009-07-29		Gamilaraay
language	kle							2009-07-29		Kulung (Nepal)
language	klf							2009-07-29		Kendeje
language	klg							2009-07-29		Tagakaulo
language	klh							2009-07-29		Weliki
language	kli							2009-07-29		Kalumpang
language	klj							2009-07-29		Khalaj
language	klk							2009-07-29		Kono (Nigeria)
language	kll							2009-07-29		Kagan Kalagan
language	klm							2009-07-29		Migum
language	kln					macrolanguage		2009-07-29		Kalenjin
language	klo							2009-07-29		Kapya
language	klp							2009-07-29		Kamasa
language	klq							2009-07-29		Rumu
language	klr							2009-07-29		Khaling
language	kls							2009-07-29		Kalasha
language	klt							2009-07-29		Nukna
language	klu							2009-07-29		Klao
language	klv							2009-07-29		Maskelynes
language	klw							2009-07-29		Tado | Lindu
language	klx							2009-07-29		Koluwawa
language	kly							2009-07-29		Kalao
language	klz							2009-07-29		Kabola
language	km			Khmr				2005-10-16		Khmer | Central Khmer
language	kma							2009-07-29		Konni
language	kmb							2005-10-16		Kimbundu
language	kmc							2009-07-29		Southern Dong
language	kmd							2009-07-29		Majukayang Kalinga
language	kme							2009-07-29		Bakole
language	kmf							2009-07-29		Kare (Papua New Guinea)
language	kmg							2009-07-29		Kâte
language	kmh							2009-07-29		Kalam
language	kmi							2009-07-29		Kami (Nigeria)
language	kmj							2009-07-29		Kumarbhag Paharia
language	kmk							2009-07-29		Limos Kalinga
language	kml							2009-07-29		Tanudan Kalinga
language	kmm							2009-07-29		Kom (India)
language	kmn							2009-07-29		Awtuw
language	kmo							2009-07-29		Kwoma
language	kmp							2009-07-29		Gimme
language	kmq							2009-07-29		Kwama
language	kmr				ku			2009-07-29		Northern Kurdish
language	kms							2009-07-29		Kamasau
language	kmt							2009-07-29		Kemtuik
language	kmu							2009-07-29		Kanite
language	kmv							2009-07-29		Karipúna Creole French
language	kmw							2009-07-29		Komo (Democratic Republic of Congo)
language	kmx							2009-07-29		Waboda
language	kmy							2009-07-29		Koma
language	kmz							2009-07-29		Khorasani Turkish
language	kn			Knda				2005-10-16		Kannada
language	kna							2009-07-29		Dera (Nigeria)
language	knb							2009-07-29		Lubuagan Kalinga
language	knc				kr			2009-07-29		Central Kanuri
language	knd							2009-07-29		Konda
language	kne							2009-07-29		Kankanaey
language	knf							2009-07-29		Mankanya
language	kng				kg			2009-07-29		Koongo
language	kni							2009-07-29		Kanufi
language	knj							2009-07-29		Western Kanjobal
language	knk							2009-07-29		Kuranko
language	knl							2009-07-29		Keninjal
language	knm							2009-07-29		Kanamarí
language	knn				kok			2009-07-29		Konkani (individual language)
language	kno							2009-07-29		Kono (Sierra Leone)
language	knp							2009-07-29		Kwanja
language	knq							2009-07-29		Kintaq
language	knr							2009-07-29		Kaningra
language	kns							2009-07-29		Kensiu
language	knt							2009-07-29		Panoan Katukína
language	knu							2009-07-29		Kono (Guinea)
language	knv							2009-07-29		Tabo
language	knw							2009-07-29		Kung-Ekoka
language	knx							2009-07-29		Kendayan | Salako
language	kny							2009-07-29		Kanyok
language	knz							2009-07-29		Kalamsé
language	ko			Kore				2005-10-16		Korean
language	koa							2009-07-29		Konomala
language	koc							2009-07-29		Kpati
language	kod							2009-07-29		Kodi
language	koe							2009-07-29		Kacipo-Bale Suri
language	kof							2009-07-29		Kubi
language	kog							2009-07-29		Cogui | Kogi
language	koh							2009-07-29		Koyo
language	koi				kv			2009-07-29		Komi-Permyak
language	koj		kwv				2015-02-12	2009-07-29		Sara Dunjo
language	kok			Deva		macrolanguage		2005-10-16		Konkani (macrolanguage)
language	kol							2009-07-29		Kol (Papua New Guinea)
language	koo							2009-07-29		Konzo
language	kop							2009-07-29		Waube
language	koq							2009-07-29		Kota (Gabon)
language	kos							2005-10-16		Kosraean
language	kot							2009-07-29		Lagwan
language	kou							2009-07-29		Koke
language	kov							2009-07-29		Kudu-Camo
language	kow							2009-07-29		Kugama
language	kox						2016-05-30	2009-07-29		Coxima
language	koy							2009-07-29		Koyukon
language	koz							2009-07-29		Korak
language	kpa							2009-07-29		Kutto
language	kpb							2009-07-29		Mullu Kurumba
language	kpc							2009-07-29		Curripaco
language	kpd							2009-07-29		Koba
language	kpe					macrolanguage		2005-10-16		Kpelle
language	kpf							2009-07-29		Komba
language	kpg							2009-07-29		Kapingamarangi
language	kph							2009-07-29		Kplang
language	kpi							2009-07-29		Kofei
language	kpj							2009-07-29		Karajá
language	kpk							2009-07-29		Kpan
language	kpl							2009-07-29		Kpala
language	kpm							2009-07-29		Koho
language	kpn							2009-07-29		Kepkiriwát
language	kpo							2009-07-29		Ikposo
language	kpp						2012-08-12	2009-07-29		Paku Karen
language	kpq							2009-07-29		Korupun-Sela
language	kpr							2009-07-29		Korafe-Yegha
language	kps							2009-07-29		Tehit
language	kpt							2009-07-29		Karata
language	kpu							2009-07-29		Kafoa
language	kpv				kv			2009-07-29		Komi-Zyrian
language	kpw							2009-07-29		Kobon
language	kpx							2009-07-29		Mountain Koiali
language	kpy							2009-07-29		Koryak
language	kpz							2009-07-29		Kupsabiny
language	kqa							2009-07-29		Mum
language	kqb							2009-07-29		Kovai
language	kqc							2009-07-29		Doromu-Koki
language	kqd							2009-07-29		Koy Sanjaq Surat
language	kqe							2009-07-29		Kalagan
language	kqf							2009-07-29		Kakabai
language	kqg							2009-07-29		Khe
language	kqh							2009-07-29		Kisankasa
language	kqi							2009-07-29		Koitabu
language	kqj							2009-07-29		Koromira
language	kqk							2009-07-29		Kotafon Gbe
language	kql							2009-07-29		Kyenele
language	kqm							2009-07-29		Khisa
language	kqn							2009-07-29		Kaonde
language	kqo							2009-07-29		Eastern Krahn
language	kqp							2009-07-29		Kimré
language	kqq							2009-07-29		Krenak
language	kqr							2009-07-29		Kimaragang
language	kqs							2009-07-29		Northern Kissi
language	kqt							2009-07-29		Klias River Kadazan
language	kqu							2009-07-29		Seroa
language	kqv							2009-07-29		Okolod
language	kqw							2009-07-29		Kandas
language	kqx							2009-07-29		Mser
language	kqy							2009-07-29		Koorete
language	kqz							2009-07-29		Korana
language	kr					macrolanguage		2005-10-16		Kanuri
language	kra							2009-07-29		Kumhali
language	krb							2009-07-29		Karkin
language	krc							2005-10-16		Karachay-Balkar
language	krd							2009-07-29		Kairui-Midiki
language	kre							2009-07-29		Panará
language	krf							2009-07-29		Koro (Vanuatu)
language	krh							2009-07-29		Kurama
language	kri							2009-07-29		Krio
language	krj							2009-07-29		Kinaray-A
language	krk							2009-07-29		Kerek
language	krl							2006-03-08		Karelian
language	krm		bmf				2017-02-23	2009-07-29		Krim
language	krn							2009-07-29		Sapo
language	kro					collection		2005-10-16		Kru languages
language	krp							2009-07-29		Durop
language	krr							2009-07-29		Krung
language	krs							2009-07-29		Gbaya (Sudan)
language	krt				kr			2009-07-29		Tumari Kanuri
language	kru							2005-10-16		Kurukh
language	krv							2009-07-29		Kavet
language	krw							2009-07-29		Western Krahn
language	krx							2009-07-29		Karon
language	kry							2009-07-29		Kryts
language	krz							2009-07-29		Sota Kanum
language	ks							2005-10-16		Kashmiri
language	ksa						2023-03-17	2009-07-29		Shuwa-Zamani
language	ksb							2009-07-29		Shambala
language	ksc							2009-07-29		Southern Kalinga
language	ksd							2009-07-29		Kuanua
language	kse							2009-07-29		Kuni
language	ksf							2009-07-29		Bafia
language	ksg							2009-07-29		Kusaghe
language	ksh							2009-07-29		Kölsch
language	ksi							2009-07-29		Krisa | I'saka
language	ksj							2009-07-29		Uare
language	ksk							2009-07-29		Kansa
language	ksl							2009-07-29		Kumalu
language	ksm							2009-07-29		Kumba
language	ksn							2009-07-29		Kasiguranin
language	kso							2009-07-29		Kofa
language	ksp							2009-07-29		Kaba
language	ksq							2009-07-29		Kwaami
language	ksr							2009-07-29		Borong
language	kss							2009-07-29		Southern Kisi
language	kst							2009-07-29		Winyé
language	ksu							2009-07-29		Khamyang
language	ksv							2009-07-29		Kusu
language	ksw							2009-07-29		S'gaw Karen
language	ksx							2009-07-29		Kedang
language	ksy							2009-07-29		Kharia Thar
language	ksz							2009-07-29		Kodaku
language	kta							2009-07-29		Katua
language	ktb							2009-07-29		Kambaata
language	ktc							2009-07-29		Kholok
language	ktd							2009-07-29		Kokata | Kukatha
language	kte							2009-07-29		Nubri
language	ktf							2009-07-29		Kwami
language	ktg							2009-07-29		Kalkutung
language	kth							2009-07-29		Karanga
language	kti							2009-07-29		North Muyu
language	ktj							2009-07-29		Plapo Krumen
language	ktk							2009-07-29		Kaniet
language	ktl							2009-07-29		Koroshi
language	ktm							2009-07-29		Kurti
language	ktn							2009-07-29		Karitiâna
language	kto							2009-07-29		Kuot
language	ktp							2009-07-29		Kaduo
language	ktq							2009-07-29		Katabaga
language	ktr		dtp				2016-05-30	2009-07-29		Kota Marudu Tinagas
language	kts							2009-07-29		South Muyu
language	ktt							2009-07-29		Ketum
language	ktu							2009-07-29		Kituba (Democratic Republic of Congo)
language	ktv							2009-07-29		Eastern Katu
language	ktw							2009-07-29		Kato
language	ktx							2009-07-29		Kaxararí
language	kty							2009-07-29		Kango (Bas-Uélé District)
language	ktz							2009-07-29		Juǀʼhoan | Juǀʼhoansi
language	ku					macrolanguage		2005-10-16		Kurdish
language	kub							2009-07-29		Kutep
language	kuc							2009-07-29		Kwinsu
language	kud							2009-07-29		'Auhelawa
language	kue							2009-07-29		Kuman (Papua New Guinea)
language	kuf							2009-07-29		Western Katu
language	kug							2009-07-29		Kupa
language	kuh							2009-07-29		Kushi
language	kui							2009-07-29		Kuikúro-Kalapálo | Kalapalo
language	kuj							2009-07-29		Kuria
language	kuk							2009-07-29		Kepo'
language	kul							2009-07-29		Kulere
language	kum							2005-10-16		Kumyk
language	kun							2009-07-29		Kunama
language	kuo							2009-07-29		Kumukio
language	kup							2009-07-29		Kunimaipa
language	kuq							2009-07-29		Karipuna
language	kus							2009-07-29		Kusaal
language	kut							2005-10-16		Ktunaxa | Ksanka | Kutenai
language	kuu							2009-07-29		Upper Kuskokwim
language	kuv							2009-07-29		Kur
language	kuw							2009-07-29		Kpagua
language	kux							2009-07-29		Kukatja
language	kuy							2009-07-29		Kuuku-Ya'u
language	kuz							2009-07-29		Kunza
language	kv					macrolanguage		2005-10-16		Komi
language	kva							2009-07-29		Bagvalal
language	kvb				ms			2009-07-29		Kubu
language	kvc							2009-07-29		Kove
language	kvd							2009-07-29		Kui (Indonesia)
language	kve							2009-07-29		Kalabakan
language	kvf							2009-07-29		Kabalai
language	kvg							2009-07-29		Kuni-Boazi
language	kvh							2009-07-29		Komodo
language	kvi							2009-07-29		Kwang
language	kvj							2009-07-29		Psikye
language	kvk							2009-07-29		Korean Sign Language
language	kvl							2009-07-29		Kayaw
language	kvm							2009-07-29		Kendem
language	kvn							2009-07-29		Border Kuna
language	kvo							2009-07-29		Dobel
language	kvp							2009-07-29		Kompane
language	kvq							2009-07-29		Geba Karen
language	kvr				ms			2009-07-29		Kerinci
language	kvs		gdj				2016-05-30	2009-07-29		Kunggara
language	kvt							2009-07-29		Lahta Karen | Lahta
language	kvu							2009-07-29		Yinbaw Karen
language	kvv							2009-07-29		Kola
language	kvw							2009-07-29		Wersing
language	kvx							2009-07-29		Parkari Koli
language	kvy							2009-07-29		Yintale Karen | Yintale
language	kvz							2009-07-29		Tsakwambo | Tsaukambo
language	kw							2005-10-16		Cornish
language	kwa							2009-07-29		Dâw
language	kwb							2009-07-29		Kwa
language	kwc							2009-07-29		Likwala
language	kwd							2009-07-29		Kwaio
language	kwe							2009-07-29		Kwerba
language	kwf							2009-07-29		Kwara'ae
language	kwg							2009-07-29		Sara Kaba Deme
language	kwh							2009-07-29		Kowiai
language	kwi							2009-07-29		Awa-Cuaiquer
language	kwj							2009-07-29		Kwanga
language	kwk							2009-07-29		Kwak'wala | Kwakiutl
language	kwl							2009-07-29		Kofyar
language	kwm							2009-07-29		Kwambi
language	kwn							2009-07-29		Kwangali
language	kwo							2009-07-29		Kwomtari
language	kwp							2009-07-29		Kodia
language	kwq		yam				2015-02-12	2009-07-29		Kwak
language	kwr							2009-07-29		Kwer
language	kws							2009-07-29		Kwese
language	kwt							2009-07-29		Kwesten
language	kwu							2009-07-29		Kwakum
language	kwv							2009-07-29		Sara Kaba Náà
language	kww							2009-07-29		Kwinti
language	kwx							2009-07-29		Khirwar
language	kwy				kg			2009-07-29		San Salvador Kongo
language	kwz							2009-07-29		Kwadi
language	kxa							2009-07-29		Kairiru
language	kxb							2009-07-29		Krobu
language	kxc							2009-07-29		Konso | Khonso
language	kxd				ms			2009-07-29		Brunei
language	kxe		tvd				2015-02-12	2009-07-29		Kakihum
language	kxf							2009-07-29		Manumanaw Karen | Manumanaw
language	kxh							2009-07-29		Karo (Ethiopia)
language	kxi							2009-07-29		Keningau Murut
language	kxj							2009-07-29		Kulfa
language	kxk							2009-07-29		Zayein Karen
language	kxl		kru				2020-03-28	2009-07-29		Nepali Kurux
language	kxm							2009-07-29		Northern Khmer
language	kxn							2009-07-29		Kanowit-Tanjong Melanau
language	kxo							2009-07-29		Kanoé
language	kxp							2009-07-29		Wadiyara Koli
language	kxq							2009-07-29		Smärky Kanum
language	kxr							2009-07-29		Koro (Papua New Guinea)
language	kxs							2009-07-29		Kangjia
language	kxt							2009-07-29		Koiwat
language	kxu						2020-03-28	2009-07-29		Kui (India)
language	kxv							2009-07-29		Kuvi
language	kxw							2009-07-29		Konai
language	kxx							2009-07-29		Likuba
language	kxy							2009-07-29		Kayong
language	kxz							2009-07-29		Kerewo
language	ky							2005-10-16		Kirghiz | Kyrgyz
language	kya							2009-07-29		Kwaya
language	kyb							2009-07-29		Butbut Kalinga
language	kyc							2009-07-29		Kyaka
language	kyd							2009-07-29		Karey
language	kye							2009-07-29		Krache
language	kyf							2009-07-29		Kouya
language	kyg							2009-07-29		Keyagana
language	kyh							2009-07-29		Karok
language	kyi							2009-07-29		Kiput
language	kyj							2009-07-29		Karao
language	kyk							2009-07-29		Kamayo
language	kyl							2009-07-29		Kalapuya
language	kym							2009-07-29		Kpatili
language	kyn							2009-07-29		Northern Binukidnon
language	kyo							2009-07-29		Kelon
language	kyp							2009-07-29		Kang
language	kyq							2009-07-29		Kenga
language	kyr							2009-07-29		Kuruáya
language	kys							2009-07-29		Baram Kayan
language	kyt							2009-07-29		Kayagar
language	kyu							2009-07-29		Western Kayah
language	kyv							2009-07-29		Kayort
language	kyw							2009-07-29		Kudmali
language	kyx							2009-07-29		Rapoisi
language	kyy							2009-07-29		Kambaira
language	kyz							2009-07-29		Kayabí
language	kza							2009-07-29		Western Karaboro
language	kzb							2009-07-29		Kaibobo
language	kzc							2009-07-29		Bondoukou Kulango
language	kzd							2009-07-29		Kadai
language	kze							2009-07-29		Kosena
language	kzf							2009-07-29		Da'a Kaili
language	kzg							2009-07-29		Kikai
language	kzh						2012-08-12	2009-07-29		Kenuzi-Dongola
language	kzi							2009-07-29		Kelabit
language	kzj		dtp				2016-05-30	2009-07-29		Coastal Kadazan
language	kzk							2009-07-29		Kazukuru
language	kzl							2009-07-29		Kayeli
language	kzm							2009-07-29		Kais
language	kzn							2009-07-29		Kokola
language	kzo							2009-07-29		Kaningi
language	kzp							2009-07-29		Kaidipang
language	kzq							2009-07-29		Kaike
language	kzr							2009-07-29		Karang
language	kzs							2009-07-29		Sugut Dusun
language	kzt		dtp				2016-05-30	2009-07-29		Tambunan Dusun
language	kzu							2009-07-29		Kayupulau
language	kzv							2009-07-29		Komyandaret
language	kzw							2009-07-29		Karirí-Xocó
language	kzx							2009-07-29		Kamarian
language	kzy							2009-07-29		Kango (Tshopo District)
language	kzz							2009-07-29		Kalabra
language	la			Latn				2005-10-16		Latin
language	laa							2009-07-29		Southern Subanen
language	lab							2009-07-29		Linear A
language	lac							2009-07-29		Lacandon
language	lad							2005-10-16		Ladino
language	lae							2009-07-29		Pattani
language	laf							2009-07-29		Lafofa
language	lag							2009-07-29		Rangi
language	lah					macrolanguage		2005-10-16		Lahnda
language	lai							2009-07-29		Lambya
language	laj							2009-07-29		Lango (Uganda)
language	lak		ksp				2022-02-25	2009-07-29		Laka (Nigeria)
language	lal							2009-07-29		Lalia
language	lam							2005-10-16		Lamba
language	lan							2009-07-29		Laru
language	lap							2009-07-29		Laka (Chad)
language	laq							2009-07-29		Qabiao
language	lar							2009-07-29		Larteh
language	las							2009-07-29		Lama (Togo)
language	lau							2009-07-29		Laba
language	law							2009-07-29		Lauje
language	lax							2009-07-29		Tiwa
language	lay							2009-07-29		Lama Bai
language	laz							2009-07-29		Aribwatsa
language	lb			Latn				2005-10-16		Luxembourgish | Letzeburgesch
language	lba						2019-04-16	2009-07-29		Lui
language	lbb							2009-07-29		Label
language	lbc							2009-07-29		Lakkia
language	lbe							2009-07-29		Lak
language	lbf							2009-07-29		Tinani
language	lbg							2009-07-29		Laopang
language	lbi							2009-07-29		La'bi
language	lbj							2009-07-29		Ladakhi
language	lbk				bnc			2010-03-11		Central Bontok
language	lbl				bik			2010-03-11		Libon Bikol
language	lbm							2009-07-29		Lodhi
language	lbn							2009-07-29		Rmeet
language	lbo							2009-07-29		Laven
language	lbq							2009-07-29		Wampar
language	lbr							2009-07-29		Lohorung
language	lbs							2009-07-29		Libyan Sign Language
language	lbt							2009-07-29		Lachi
language	lbu							2009-07-29		Labu
language	lbv							2009-07-29		Lavatbura-Lamusong
language	lbw							2009-07-29		Tolaki
language	lbx							2009-07-29		Lawangan
language	lby							2009-07-29		Lamalama | Lamu-Lamu
language	lbz							2009-07-29		Lardil
language	lcc							2009-07-29		Legenyem
language	lcd							2009-07-29		Lola
language	lce				ms			2009-07-29		Loncong | Sekak
language	lcf				ms			2009-07-29		Lubu
language	lch							2009-07-29		Luchazi
language	lcl							2009-07-29		Lisela
language	lcm							2009-07-29		Tungag
language	lcp							2009-07-29		Western Lawa
language	lcq							2009-07-29		Luhu
language	lcs							2009-07-29		Lisabata-Nuniali
language	lda							2013-09-10		Kla-Dan
language	ldb							2009-07-29		Dũya
language	ldd							2009-07-29		Luri
language	ldg							2009-07-29		Lenyima
language	ldh							2009-07-29		Lamja-Dengsa-Tola
language	ldi				kg			2009-07-29		Laari
language	ldj							2009-07-29		Lemoro
language	ldk							2009-07-29		Leelau
language	ldl							2009-07-29		Kaan
language	ldm							2009-07-29		Landoma
language	ldn							2009-07-29		Láadan
language	ldo							2009-07-29		Loo
language	ldp							2009-07-29		Tso
language	ldq							2009-07-29		Lufu
language	lea							2009-07-29		Lega-Shabunda
language	leb							2009-07-29		Lala-Bisa
language	lec							2009-07-29		Leco
language	led							2009-07-29		Lendu
language	lee							2009-07-29		Lyélé
language	lef							2009-07-29		Lelemi
language	leg						2014-02-28	2009-07-29		Lengua
language	leh							2009-07-29		Lenje
language	lei							2009-07-29		Lemio
language	lej							2009-07-29		Lengola
language	lek							2009-07-29		Leipon
language	lel							2009-07-29		Lele (Democratic Republic of Congo)
language	lem							2009-07-29		Nomaande
language	len							2009-07-29		Lenca
language	leo							2009-07-29		Leti (Cameroon)
language	lep							2009-07-29		Lepcha
language	leq							2009-07-29		Lembena
language	ler							2009-07-29		Lenkau
language	les							2009-07-29		Lese
language	let							2009-07-29		Lesing-Gelimi | Amio-Gelimi
language	leu							2009-07-29		Kara (Papua New Guinea)
language	lev							2009-07-29		Lamma
language	lew							2009-07-29		Ledo Kaili
language	lex							2009-07-29		Luang
language	ley							2009-07-29		Lemolang
language	lez							2005-10-16		Lezghian
language	lfa							2009-07-29		Lefa
language	lfb							2026-04-09		Buu (Cameroon)
language	lfn							2009-07-29		Lingua Franca Nova
language	lg							2005-10-16		Ganda | Luganda
language	lga							2009-07-29		Lungga
language	lgb							2009-07-29		Laghu
language	lgg							2009-07-29		Lugbara
language	lgh							2009-07-29		Laghuu
language	lgi							2009-07-29		Lengilu
language	lgk							2009-07-29		Lingarak | Neverver
language	lgl							2009-07-29		Wala
language	lgm							2009-07-29		Lega-Mwenga
language	lgn							2009-07-29		T'apo | Opuuo
language	lgo							2022-02-25		Lango (South Sudan)
language	lgq							2009-07-29		Logba
language	lgr							2009-07-29		Lengo
language	lgs							2023-03-17		Guinea-Bissau Sign Language | Língua Gestual Guineense
language	lgt							2009-07-29		Pahi
language	lgu							2009-07-29		Longgu
language	lgz							2009-07-29		Ligenza
language	lha							2009-07-29		Laha (Viet Nam)
language	lhh							2009-07-29		Laha (Indonesia)
language	lhi							2009-07-29		Lahu Shi
language	lhl							2009-07-29		Lahul Lohar
language	lhm							2009-07-29		Lhomi
language	lhn							2009-07-29		Lahanan
language	lhp							2009-07-29		Lhokpu
language	lhs							2009-07-29		Mlahsö
language	lht							2009-07-29		Lo-Toga
language	lhu							2009-07-29		Lahu
language	li							2005-10-16		Limburgan | Limburger | Limburgish
language	lia							2009-07-29		West-Central Limba
language	lib							2009-07-29		Likum
language	lic							2009-07-29		Hlai
language	lid							2009-07-29		Nyindrou
language	lie							2009-07-29		Likila
language	lif							2009-07-29		Limbu
language	lig							2009-07-29		Ligbi
language	lih							2009-07-29		Lihir
language	lii		raq				2015-02-12	2009-07-29		Lingkhim
language	lij							2009-07-29		Ligurian
language	lik							2009-07-29		Lika
language	lil							2009-07-29		Lillooet
language	lio							2009-07-29		Liki
language	lip							2009-07-29		Sekpele
language	liq							2009-07-29		Libido
language	lir							2009-07-29		Liberian English
language	lis							2009-07-29		Lisu
language	liu							2009-07-29		Logorik
language	liv							2009-07-29		Liv
language	liw				ms			2009-07-29		Col
language	lix							2009-07-29		Liabuku
language	liy							2009-07-29		Banda-Bambari
language	liz							2009-07-29		Libinza
language	lja							2013-09-10		Golpa
language	lje							2009-07-29		Rampi
language	lji							2009-07-29		Laiyolo
language	ljl							2009-07-29		Li'o
language	ljp							2009-07-29		Lampung Api
language	ljw							2013-09-10		Yirandali
language	ljx							2013-09-10		Yuru
language	lka							2009-07-29		Lakalei
language	lkb				luy			2009-07-29		Kabras | Lukabaras
language	lkc							2009-07-29		Kucong
language	lkd							2009-07-29		Lakondê
language	lke							2009-07-29		Kenyi
language	lkh							2009-07-29		Lakha
language	lki							2009-07-29		Laki
language	lkj							2009-07-29		Remun
language	lkl							2009-07-29		Laeko-Libuat
language	lkm							2013-09-10		Kalaamaya
language	lkn							2009-07-29		Lakon | Vure
language	lko				luy			2009-07-29		Khayo | Olukhayo
language	lkr							2009-07-29		Päri
language	lks				luy			2009-07-29		Kisa | Olushisa
language	lkt							2009-07-29		Lakota
language	lku							2013-09-10		Kungkari
language	lky							2009-07-29		Lokoya
language	lla							2009-07-29		Lala-Roba
language	llb							2009-07-29		Lolo
language	llc							2009-07-29		Lele (Guinea)
language	lld							2009-07-29		Ladin
language	lle							2009-07-29		Lele (Papua New Guinea)
language	llf							2009-07-29		Hermit
language	llg							2009-07-29		Lole
language	llh							2009-07-29		Lamu
language	lli							2009-07-29		Teke-Laali
language	llj							2012-08-12		Ladji Ladji
language	llk							2009-07-29		Lelak
language	lll							2009-07-29		Lilau
language	llm							2009-07-29		Lasalimu
language	lln							2009-07-29		Lele (Chad)
language	llo		ngt				2019-04-16	2009-07-29		Khlor
language	llp							2009-07-29		North Efate
language	llq							2009-07-29		Lolak
language	lls							2009-07-29		Lithuanian Sign Language
language	llu							2009-07-29		Lau
language	llx							2009-07-29		Lauan
language	lma							2009-07-29		East Limba
language	lmb							2009-07-29		Merei
language	lmc							2009-07-29		Limilngan
language	lmd							2009-07-29		Lumun
language	lme							2009-07-29		Pévé
language	lmf							2009-07-29		South Lembata
language	lmg							2009-07-29		Lamogai
language	lmh							2009-07-29		Lambichhong
language	lmi							2009-07-29		Lombi
language	lmj							2009-07-29		West Lembata
language	lmk							2009-07-29		Lamkang
language	lml							2009-07-29		Hano
language	lmm		rmx				2014-02-28	2009-07-29		Lamam
language	lmn							2009-07-29		Lambadi
language	lmo							2009-07-29		Lombard
language	lmp							2009-07-29		Limbum
language	lmq							2009-07-29		Lamatuka
language	lmr							2009-07-29		Lamalera
language	lmu							2009-07-29		Lamenu
language	lmv							2009-07-29		Lomaiviti
language	lmw							2009-07-29		Lake Miwok
language	lmx							2009-07-29		Laimbue
language	lmy							2009-07-29		Lamboya
language	lmz						2020-03-28	2009-07-29		Lumbee
language	ln			Latn				2005-10-16		Lingala
language	lna							2009-07-29		Langbashe
language	lnb							2009-07-29		Mbalanhu
language	lnd							2009-07-29		Lundayeh | Lun Bawang
language	lng							2009-07-29		Langobardic
language	lnh							2009-07-29		Lanoh
language	lni							2009-07-29		Daantanai'
language	lnj							2009-07-29		Leningitij
language	lnl							2009-07-29		South Central Banda
language	lnm							2009-07-29		Langam
language	lnn							2009-07-29		Lorediakarkar
language	lno						2022-02-25	2009-07-29		Lango (South Sudan)
language	lns							2009-07-29		Lamnso'
language	lnu							2009-07-29		Longuda
language	lnw							2013-09-10		Lanima
language	lnz							2009-07-29		Lonzo
language	lo			Laoo				2005-10-16		Lao
language	loa							2009-07-29		Loloda
language	lob							2009-07-29		Lobi
language	loc							2009-07-29		Inonhan
language	loe							2009-07-29		Saluan
language	lof							2009-07-29		Logol
language	log							2009-07-29		Logo
language	loh							2009-07-29		Laarim | Narim
language	loi							2009-07-29		Loma (Côte d'Ivoire)
language	loj							2009-07-29		Lou
language	lok							2009-07-29		Loko
language	lol							2005-10-16		Mongo
language	lom							2009-07-29		Loma (Liberia)
language	lon							2009-07-29		Malawi Lomwe
language	loo							2009-07-29		Lombo
language	lop							2009-07-29		Lopa
language	loq							2009-07-29		Lobala
language	lor							2009-07-29		Téén
language	los							2009-07-29		Loniu
language	lot							2009-07-29		Otuho
language	lou							2009-07-29		Louisiana Creole
language	lov							2009-07-29		Lopi
language	low							2009-07-29		Tampias Lobu
language	lox							2009-07-29		Loun
language	loy							2009-07-29		Loke
language	loz							2005-10-16		Lozi
language	lpa							2009-07-29		Lelepa
language	lpe							2009-07-29		Lepki
language	lpn							2009-07-29		Long Phuri Naga
language	lpo							2009-07-29		Lipo
language	lpx							2009-07-29		Lopit
language	lqr							2022-02-25		Logir
language	lra							2009-07-29		Rara Bakati'
language	lrc							2009-07-29		Northern Luri
language	lre							2009-07-29		Laurentian
language	lrg							2009-07-29		Laragia
language	lri				luy			2009-07-29		Marachi | Olumarachi
language	lrk							2009-07-29		Loarki
language	lrl							2009-07-29		Lari
language	lrm				luy			2009-07-29		Marama | Olumarama
language	lrn							2009-07-29		Lorang
language	lro							2009-07-29		Laro
language	lrr							2009-07-29		Southern Yamphu
language	lrt							2009-07-29		Larantuka Malay
language	lrv							2009-07-29		Larevat
language	lrz							2009-07-29		Lemerig
language	lsa							2009-07-29		Lasgerdi
language	lsb							2021-02-20		Burundian Sign Language | Langue des Signes Burundaise
language	lsc							2022-02-25		Albarradas Sign Language | Lengua de señas Albarradas
language	lsd							2009-07-29		Lishana Deni
language	lse							2009-07-29		Lusengo
language	lsg						2018-03-08	2009-07-29		Lyons Sign Language
language	lsh							2009-07-29		Lish
language	lsi							2009-07-29		Lashi
language	lsl							2009-07-29		Latvian Sign Language
language	lsm				luy			2009-07-29		Saamia | Olusamia
language	lsn							2019-04-16		Tibetan Sign Language
language	lso							2009-07-29		Laos Sign Language
language	lsp							2009-07-29		Panamanian Sign Language | Lengua de Señas Panameñas
language	lsr							2009-07-29		Aruop
language	lss							2009-07-29		Lasi
language	lst							2009-07-29		Trinidad and Tobago Sign Language
language	lsv							2019-04-16		Sivia Sign Language
language	lsw							2022-02-25		Seychelles Sign Language | Lalang Siny Seselwa | Langue des Signes Seychelloise
language	lsy							2010-03-11		Mauritian Sign Language
language	lt			Latn				2005-10-16		Lithuanian
language	ltc							2009-07-29		Late Middle Chinese
language	ltg				lv			2010-03-11		Latgalian
language	lth							2017-02-23		Thur
language	lti							2009-07-29		Leti (Indonesia)
language	ltn							2009-07-29		Latundê
language	lto				luy			2009-07-29		Tsotso | Olutsotso
language	lts				luy			2009-07-29		Tachoni | Lutachoni
language	ltu							2009-07-29		Latu
language	lu							2005-10-16		Luba-Katanga
language	lua							2005-10-16		Luba-Lulua
language	luc							2009-07-29		Aringa
language	lud							2009-07-29		Ludian
language	lue							2009-07-29		Luvale
language	luf							2009-07-29		Laua
language	luh				zh			2024-12-12		Leizhou Chinese
language	lui							2005-10-16		Luiseño
language	luj							2009-07-29		Luna
language	luk							2009-07-29		Lunanakha
language	lul							2009-07-29		Olu'bo
language	lum							2009-07-29		Luimbi
language	lun							2005-10-16		Lunda
language	luo							2005-10-16		Luo (Kenya and Tanzania) | Dholuo
language	lup							2009-07-29		Lumbu
language	luq							2009-07-29		Lucumi
language	lur							2009-07-29		Laura
language	lus							2005-10-16		Lushai
language	lut							2009-07-29		Lushootseed
language	luu							2009-07-29		Lumba-Yakkha
language	luv							2009-07-29		Luwati
language	luw							2009-07-29		Luo (Cameroon)
language	luy					macrolanguage		2009-07-29		Luyia | Oluluyia
language	luz							2009-07-29		Southern Luri
language	lv			Latn		macrolanguage		2005-10-16		Latvian
language	lva							2009-07-29		Maku'a
language	lvi							2019-04-16		Lavi
language	lvk							2009-07-29		Lavukaleve
language	lvl							2023-03-17		Lwel
language	lvs				lv			2010-03-11		Standard Latvian
language	lvu							2009-07-29		Levuka
language	lwa							2009-07-29		Lwalu
language	lwe							2009-07-29		Lewo Eleng
language	lwg				luy			2009-07-29		Wanga | Oluwanga
language	lwh							2009-07-29		White Lachi
language	lwl							2009-07-29		Eastern Lawa
language	lwm							2009-07-29		Laomian
language	lwo							2009-07-29		Luwo
language	lws							2018-03-08		Malawian Sign Language
language	lwt							2009-07-29		Lewotobi
language	lwu							2013-09-10		Lawu
language	lww							2009-07-29		Lewo
language	lxm							2021-02-20		Lakurumau
language	lya							2009-07-29		Layakha
language	lyg							2009-07-29		Lyngngam
language	lyn							2009-07-29		Luyana
language	lzh				zh			2009-07-29		Literary Chinese
language	lzl							2009-07-29		Litzlitz
language	lzn							2009-07-29		Leinong Naga
language	lzz							2009-07-29		Laz
language	maa							2009-07-29		San Jerónimo Tecóatl Mazatec
language	mab							2009-07-29		Yutanduchi Mixtec
language	mad							2005-10-16		Madurese
language	mae							2009-07-29		Bo-Rukul
language	maf							2009-07-29		Mafa
language	mag							2005-10-16		Magahi
language	mai			Deva				2005-10-16		Maithili
language	maj							2009-07-29		Jalapa De Díaz Mazatec
language	mak							2005-10-16		Makasar
language	mam							2009-07-29		Mam
language	man					macrolanguage		2005-10-16		Mandingo | Manding
language	map					collection		2005-10-16		Austronesian languages
language	maq							2009-07-29		Chiquihuitlán Mazatec
language	mas							2005-10-16		Masai
language	mat							2009-07-29		San Francisco Matlatzinca
language	mau							2009-07-29		Huautla Mazatec
language	mav							2009-07-29		Sateré-Mawé
language	maw							2009-07-29		Mampruli
language	max				ms			2009-07-29		North Moluccan Malay
language	maz							2009-07-29		Central Mazahua
language	mba							2009-07-29		Higaonon
language	mbb							2009-07-29		Western Bukidnon Manobo
language	mbc							2009-07-29		Macushi
language	mbd							2009-07-29		Dibabawon Manobo
language	mbe							2009-07-29		Molale
language	mbf							2009-07-29		Baba Malay
language	mbh							2009-07-29		Mangseng
language	mbi							2009-07-29		Ilianen Manobo
language	mbj							2009-07-29		Nadëb
language	mbk							2009-07-29		Malol
language	mbl							2009-07-29		Maxakalí
language	mbm							2009-07-29		Ombamba
language	mbn							2009-07-29		Macaguán
language	mbo							2009-07-29		Mbo (Cameroon)
language	mbp							2009-07-29		Malayo
language	mbq							2009-07-29		Maisin
language	mbr							2009-07-29		Nukak Makú
language	mbs							2009-07-29		Sarangani Manobo
language	mbt							2009-07-29		Matigsalug Manobo
language	mbu							2009-07-29		Mbula-Bwazza
language	mbv							2009-07-29		Mbulungish
language	mbw							2009-07-29		Maring
language	mbx							2009-07-29		Mari (East Sepik Province)
language	mby							2009-07-29		Memoni
language	mbz							2009-07-29		Amoltepec Mixtec
language	mca							2009-07-29		Maca
language	mcb							2009-07-29		Machiguenga
language	mcc							2009-07-29		Bitur
language	mcd							2009-07-29		Sharanahua
language	mce							2009-07-29		Itundujia Mixtec
language	mcf							2009-07-29		Matsés
language	mcg							2009-07-29		Mapoyo
language	mch							2009-07-29		Maquiritari
language	mci							2009-07-29		Mese
language	mcj							2009-07-29		Mvanip
language	mck							2009-07-29		Mbunda
language	mcl							2009-07-29		Macaguaje
language	mcm							2009-07-29		Malaccan Creole Portuguese
language	mcn							2009-07-29		Masana
language	mco							2009-07-29		Coatlán Mixe
language	mcp							2009-07-29		Makaa
language	mcq							2009-07-29		Ese
language	mcr							2009-07-29		Menya
language	mcs							2009-07-29		Mambai
language	mct							2009-07-29		Mengisa
language	mcu							2009-07-29		Cameroon Mambila
language	mcv							2009-07-29		Minanibai
language	mcw							2009-07-29		Mawa (Chad)
language	mcx							2009-07-29		Mpiemo
language	mcy							2009-07-29		South Watut
language	mcz							2009-07-29		Mawan
language	mda							2009-07-29		Mada (Nigeria)
language	mdb							2009-07-29		Morigi
language	mdc							2009-07-29		Soq | Male (Papua New Guinea)
language	mdd							2009-07-29		Mbum
language	mde							2009-07-29		Maba (Chad)
language	mdf							2005-10-16		Moksha
language	mdg							2009-07-29		Massalat
language	mdh							2009-07-29		Maguindanaon
language	mdi							2009-07-29		Mamvu
language	mdj							2009-07-29		Mangbetu
language	mdk							2009-07-29		Mangbutu
language	mdl							2009-07-29		Maltese Sign Language
language	mdm							2009-07-29		Mayogo
language	mdn							2009-07-29		Mbati
language	mdp							2009-07-29		Mbala
language	mdq							2009-07-29		Mbole
language	mdr							2005-10-16		Mandar
language	mds							2009-07-29		Maria (Papua New Guinea)
language	mdt							2009-07-29		Mbere
language	mdu							2009-07-29		Mboko
language	mdv							2009-07-29		Santa Lucía Monteverde Mixtec
language	mdw							2009-07-29		Mbosi
language	mdx							2009-07-29		Dizin
language	mdy							2009-07-29		Male | Male (Ethiopia)
language	mdz							2009-07-29		Suruí Do Pará
language	mea							2009-07-29		Menka
language	meb							2009-07-29		Ikobi
language	mec							2009-07-29		Marra
language	med							2009-07-29		Melpa
language	mee							2009-07-29		Mengen
language	mef							2009-07-29		Megam
language	meg		cir				2013-09-10	2009-07-29		Mea
language	meh							2009-07-29		Southwestern Tlaxiaco Mixtec
language	mei							2009-07-29		Midob
language	mej							2009-07-29		Meyah
language	mek							2009-07-29		Mekeo
language	mel							2009-07-29		Central Melanau
language	mem							2009-07-29		Mangala
language	men			Latn				2005-10-16		Mende (Sierra Leone)
language	meo				ms			2009-07-29		Kedah Malay
language	mep							2009-07-29		Miriwoong
language	meq							2009-07-29		Merey
language	mer							2009-07-29		Meru
language	mes							2009-07-29		Masmaje
language	met							2009-07-29		Mato
language	meu							2009-07-29		Motu
language	mev							2009-07-29		Mano
language	mew							2009-07-29		Maaka
language	mey							2009-07-29		Hassaniyya
language	mez							2009-07-29		Menominee
language	mfa				ms			2009-07-29		Pattani Malay
language	mfb				ms			2009-07-29		Bangka
language	mfc							2009-07-29		Mba
language	mfd							2009-07-29		Mendankwe-Nkwen
language	mfe							2009-07-29		Morisyen
language	mff							2009-07-29		Naki
language	mfg							2009-07-29		Mogofin
language	mfh							2009-07-29		Matal
language	mfi							2009-07-29		Wandala
language	mfj							2009-07-29		Mefele
language	mfk							2009-07-29		North Mofu
language	mfl							2009-07-29		Putai
language	mfm							2009-07-29		Marghi South
language	mfn							2009-07-29		Cross River Mbembe
language	mfo							2009-07-29		Mbe
language	mfp							2009-07-29		Makassar Malay
language	mfq							2009-07-29		Moba
language	mfr							2009-07-29		Marrithiyel
language	mfs							2009-07-29		Mexican Sign Language
language	mft							2009-07-29		Mokerang
language	mfu							2009-07-29		Mbwela
language	mfv							2009-07-29		Mandjak
language	mfw							2009-07-29		Mulaha
language	mfx							2009-07-29		Melo
language	mfy							2009-07-29		Mayo
language	mfz							2009-07-29		Mabaan
language	mg			Latn		macrolanguage		2005-10-16		Malagasy
language	mga							2005-10-16		Middle Irish (900-1200)
language	mgb							2009-07-29		Mararit
language	mgc							2009-07-29		Morokodo
language	mgd							2009-07-29		Moru
language	mge							2009-07-29		Mango
language	mgf							2009-07-29		Maklew
language	mgg							2009-07-29		Mpumpong
language	mgh							2009-07-29		Makhuwa-Meetto
language	mgi							2009-07-29		Lijili
language	mgj							2009-07-29		Abureni
language	mgk							2009-07-29		Mawes
language	mgl							2009-07-29		Maleu-Kilenge
language	mgm							2009-07-29		Mambae
language	mgn							2009-07-29		Mbangi
language	mgo							2009-07-29		Meta'
language	mgp							2009-07-29		Eastern Magar
language	mgq							2009-07-29		Malila
language	mgr							2009-07-29		Mambwe-Lungu
language	mgs							2009-07-29		Manda (Tanzania)
language	mgt							2009-07-29		Mongol
language	mgu							2009-07-29		Mailu
language	mgv							2009-07-29		Matengo
language	mgw							2009-07-29		Matumbi
language	mgx						2012-08-12	2009-07-29		Omati
language	mgy							2009-07-29		Mbunga
language	mgz							2009-07-29		Mbugwe
language	mh			Latn				2005-10-16		Marshallese
language	mha							2009-07-29		Manda (India)
language	mhb							2009-07-29		Mahongwe
language	mhc							2009-07-29		Mocho
language	mhd							2009-07-29		Mbugu
language	mhe							2009-07-29		Besisi | Mah Meri
language	mhf							2009-07-29		Mamaa
language	mhg							2009-07-29		Margu
language	mhh						2014-02-28	2009-07-29		Maskoy Pidgin
language	mhi							2009-07-29		Ma'di
language	mhj							2009-07-29		Mogholi
language	mhk							2009-07-29		Mungaka
language	mhl							2009-07-29		Mauwake
language	mhm							2009-07-29		Makhuwa-Moniga
language	mhn							2009-07-29		Mòcheno
language	mho							2009-07-29		Mashi (Zambia)
language	mhp							2009-07-29		Balinese Malay
language	mhq							2009-07-29		Mandan
language	mhr				chm			2009-07-29		Eastern Mari
language	mhs							2009-07-29		Buru (Indonesia)
language	mht							2009-07-29		Mandahuaca
language	mhu							2009-07-29		Digaro-Mishmi | Darang Deng
language	mhw							2009-07-29		Mbukushu
language	mhx							2009-07-29		Maru | Lhaovo
language	mhy							2009-07-29		Ma'anyan
language	mhz							2009-07-29		Mor (Mor Islands)
language	mi							2005-10-16		Maori
language	mia							2009-07-29		Miami
language	mib							2009-07-29		Atatláhuca Mixtec
language	mic							2005-10-16		Mi'kmaq | Micmac
language	mid							2009-07-29		Mandaic
language	mie							2009-07-29		Ocotepec Mixtec
language	mif							2009-07-29		Mofu-Gudur
language	mig							2009-07-29		San Miguel El Grande Mixtec
language	mih							2009-07-29		Chayuco Mixtec
language	mii							2009-07-29		Chigmecatitlán Mixtec
language	mij							2009-07-29		Abar | Mungbam
language	mik							2009-07-29		Mikasuki
language	mil							2009-07-29		Peñoles Mixtec
language	mim							2009-07-29		Alacatlatzala Mixtec
language	min				ms			2005-10-16		Minangkabau
language	mio							2009-07-29		Pinotepa Nacional Mixtec
language	mip							2009-07-29		Apasco-Apoala Mixtec
language	miq							2009-07-29		Mískito
language	mir							2009-07-29		Isthmus Mixe
language	mis					special		2005-10-16		Uncoded languages
language	mit							2009-07-29		Southern Puebla Mixtec
language	miu							2009-07-29		Cacaloxtepec Mixtec
language	miw							2009-07-29		Akoye
language	mix							2009-07-29		Mixtepec Mixtec
language	miy							2009-07-29		Ayutla Mixtec
language	miz							2009-07-29		Coatzospan Mixtec
language	mja						2011-08-16	2009-07-29		Mahei
language	mjb							2016-05-30		Makalero
language	mjc							2009-07-29		San Juan Colorado Mixtec
language	mjd							2009-07-29		Northwest Maidu
language	mje							2009-07-29		Muskum
language	mjg							2009-07-29		Tu
language	mjh							2009-07-29		Mwera (Nyasa)
language	mji							2009-07-29		Kim Mun
language	mjj							2009-07-29		Mawak
language	mjk							2009-07-29		Matukar
language	mjl							2009-07-29		Mandeali
language	mjm							2009-07-29		Medebur
language	mjn							2009-07-29		Ma (Papua New Guinea)
language	mjo							2009-07-29		Malankuravan
language	mjp							2009-07-29		Malapandaram
language	mjq							2009-07-29		Malaryan
language	mjr							2009-07-29		Malavedan
language	mjs							2009-07-29		Miship
language	mjt							2009-07-29		Sauria Paharia
language	mju							2009-07-29		Manna-Dora
language	mjv							2009-07-29		Mannan
language	mjw							2009-07-29		Karbi
language	mjx							2009-07-29		Mahali
language	mjy							2009-07-29		Mahican
language	mjz							2009-07-29		Majhi
language	mk			Cyrl				2005-10-16		Macedonian
language	mka							2009-07-29		Mbre
language	mkb							2009-07-29		Mal Paharia
language	mkc							2009-07-29		Siliput
language	mke							2009-07-29		Mawchi
language	mkf							2009-07-29		Miya
language	mkg							2009-07-29		Mak (China)
language	mkh					collection		2005-10-16		Mon-Khmer languages
language	mki							2009-07-29		Dhatki
language	mkj							2009-07-29		Mokilese
language	mkk							2009-07-29		Byep
language	mkl							2009-07-29		Mokole
language	mkm							2009-07-29		Moklen
language	mkn							2009-07-29		Kupang Malay
language	mko							2009-07-29		Mingang Doso
language	mkp							2009-07-29		Moikodi
language	mkq							2009-07-29		Bay Miwok
language	mkr							2009-07-29		Malas
language	mks							2009-07-29		Silacayoapan Mixtec
language	mkt							2009-07-29		Vamale
language	mku				man			2009-07-29		Konyanka Maninka
language	mkv							2009-07-29		Mafea
language	mkw							2009-07-29		Kituba (Congo)
language	mkx							2009-07-29		Kinamiging Manobo
language	mky							2009-07-29		East Makian
language	mkz							2009-07-29		Makasae
language	ml			Mlym				2005-10-16		Malayalam
language	mla							2009-07-29		Malo
language	mlb							2009-07-29		Mbule
language	mlc							2009-07-29		Cao Lan
language	mld						2013-09-10	2009-07-29		Malakhel
language	mle							2009-07-29		Manambu
language	mlf							2009-07-29		Mal
language	mlh							2009-07-29		Mape
language	mli							2009-07-29		Malimpung
language	mlj							2009-07-29		Miltu
language	mlk							2009-07-29		Ilwana | Kiwilwana
language	mll							2009-07-29		Malua Bay
language	mlm							2009-07-29		Mulam
language	mln							2009-07-29		Malango
language	mlo							2009-07-29		Mlomp
language	mlp							2009-07-29		Bargam
language	mlq				man			2009-07-29		Western Maninkakan
language	mlr							2009-07-29		Vame
language	mls							2009-07-29		Masalit
language	mlu							2009-07-29		To'abaita
language	mlv							2009-07-29		Motlav | Mwotlap
language	mlw							2009-07-29		Moloko
language	mlx							2009-07-29		Malfaxal | Naha'ai
language	mlz							2009-07-29		Malaynon
language	mma							2009-07-29		Mama
language	mmb							2009-07-29		Momina
language	mmc							2009-07-29		Michoacán Mazahua
language	mmd							2009-07-29		Maonan
language	mme							2009-07-29		Mae
language	mmf							2009-07-29		Mundat
language	mmg							2009-07-29		North Ambrym
language	mmh							2009-07-29		Mehináku
language	mmi							2009-07-29		Hember Avu | Amben | Musar
language	mmj							2009-07-29		Majhwar
language	mmk							2009-07-29		Mukha-Dora
language	mml							2009-07-29		Man Met
language	mmm							2009-07-29		Maii
language	mmn							2009-07-29		Mamanwa
language	mmo							2009-07-29		Mangga Buang
language	mmp							2009-07-29		Siawi
language	mmq							2009-07-29		Musak
language	mmr				hmn			2009-07-29		Western Xiangxi Miao
language	mmt							2009-07-29		Malalamai
language	mmu							2009-07-29		Mmaala
language	mmv							2009-07-29		Miriti
language	mmw							2009-07-29		Emae
language	mmx							2009-07-29		Madak
language	mmy							2009-07-29		Migaama
language	mmz							2009-07-29		Mabaale
language	mn					macrolanguage		2005-10-16		Mongolian
language	mna							2009-07-29		Mbula
language	mnb							2009-07-29		Muna
language	mnc							2005-10-16		Manchu
language	mnd							2009-07-29		Mondé
language	mne							2009-07-29		Naba
language	mnf							2009-07-29		Mundani
language	mng							2009-07-29		Eastern Mnong
language	mnh							2009-07-29		Mono (Democratic Republic of Congo)
language	mni							2005-10-16		Manipuri
language	mnj							2009-07-29		Munji
language	mnk				man			2009-07-29		Mandinka
language	mnl							2009-07-29		Tiale
language	mnm							2009-07-29		Mapena
language	mnn							2009-07-29		Southern Mnong
language	mno					collection		2005-10-16		Manobo languages
language	mnp				zh			2009-07-29		Min Bei Chinese
language	mnq							2009-07-29		Minriq
language	mnr							2009-07-29		Mono (USA)
language	mns							2009-07-29		Mansi
language	mnt						2013-09-10	2009-07-29		Maykulan
language	mnu							2009-07-29		Mer
language	mnv							2009-07-29		Rennell-Bellona
language	mnw							2009-07-29		Mon
language	mnx							2009-07-29		Manikion
language	mny							2009-07-29		Manyawa
language	mnz							2009-07-29		Moni
language	mo		ro	Latn			2008-11-22	2005-10-16		Moldavian | Moldovan
language	moa							2009-07-29		Mwan
language	moc							2009-07-29		Mocoví
language	mod							2009-07-29		Mobilian
language	moe							2009-07-29		Innu | Montagnais
language	mof						2010-03-11	2009-07-29		Mohegan-Montauk-Narragansett
language	mog							2009-07-29		Mongondow
language	moh							2005-10-16		Mohawk | Kanien'kéha
language	moi							2009-07-29		Mboi
language	moj							2009-07-29		Monzombo
language	mok							2009-07-29		Morori
language	mom							2009-07-29		Mangue
language	moo							2009-07-29		Monom
language	mop							2009-07-29		Mopán Maya
language	moq							2009-07-29		Mor (Bomberai Peninsula)
language	mor							2009-07-29		Moro
language	mos							2005-10-16		Mossi
language	mot							2009-07-29		Barí
language	mou							2009-07-29		Mogum
language	mov							2009-07-29		Mohave
language	mow							2009-07-29		Moi (Congo)
language	mox							2009-07-29		Molima
language	moy							2009-07-29		Shekkacho
language	moz							2009-07-29		Mukulu | Gergiko
language	mpa							2009-07-29		Mpoto
language	mpb							2009-07-29		Malak Malak | Mullukmulluk
language	mpc							2009-07-29		Mangarrayi
language	mpd							2009-07-29		Machinere
language	mpe							2009-07-29		Majang
language	mpg							2009-07-29		Marba
language	mph							2009-07-29		Maung
language	mpi							2009-07-29		Mpade
language	mpj							2009-07-29		Martu Wangka | Wangkajunga
language	mpk							2009-07-29		Mbara (Chad)
language	mpl							2009-07-29		Middle Watut
language	mpm							2009-07-29		Yosondúa Mixtec
language	mpn							2009-07-29		Mindiri
language	mpo							2009-07-29		Miu
language	mpp							2009-07-29		Migabac
language	mpq							2009-07-29		Matís
language	mpr							2009-07-29		Vangunu
language	mps							2009-07-29		Dadibi
language	mpt							2009-07-29		Mian
language	mpu							2009-07-29		Makuráp
language	mpv							2009-07-29		Mungkip
language	mpw							2009-07-29		Mapidian
language	mpx							2009-07-29		Misima-Panaeati
language	mpy							2009-07-29		Mapia
language	mpz							2009-07-29		Mpi
language	mqa							2009-07-29		Maba (Indonesia)
language	mqb							2009-07-29		Mbuko
language	mqc							2009-07-29		Mangole
language	mqe							2009-07-29		Matepi
language	mqf							2009-07-29		Momuna
language	mqg				ms			2009-07-29		Kota Bangun Kutai Malay
language	mqh							2009-07-29		Tlazoyaltepec Mixtec
language	mqi							2009-07-29		Mariri
language	mqj							2009-07-29		Mamasa
language	mqk							2009-07-29		Rajah Kabunsuwan Manobo
language	mql							2009-07-29		Mbelime
language	mqm							2009-07-29		South Marquesan
language	mqn							2009-07-29		Moronene
language	mqo							2009-07-29		Modole
language	mqp							2009-07-29		Manipa
language	mqq							2009-07-29		Minokok
language	mqr							2009-07-29		Mander
language	mqs							2009-07-29		West Makian
language	mqt							2009-07-29		Mok
language	mqu							2009-07-29		Mandari
language	mqv							2009-07-29		Mosimo
language	mqw							2009-07-29		Murupi
language	mqx							2009-07-29		Mamuju
language	mqy							2009-07-29		Manggarai
language	mqz							2009-07-29		Pano
language	mr			Deva				2005-10-16		Marathi
language	mra							2009-07-29		Mlabri
language	mrb							2009-07-29		Marino
language	mrc							2009-07-29		Maricopa
language	mrd							2009-07-29		Western Magar
language	mre							2009-07-29		Martha's Vineyard Sign Language
language	mrf							2009-07-29		Elseng
language	mrg							2009-07-29		Mising
language	mrh							2009-07-29		Mara Chin
language	mrj				chm			2009-07-29		Western Mari
language	mrk							2009-07-29		Hmwaveke
language	mrl							2009-07-29		Mortlockese
language	mrm							2009-07-29		Merlav | Mwerlap
language	mrn							2009-07-29		Cheke Holo
language	mro							2009-07-29		Mru
language	mrp							2009-07-29		Morouas
language	mrq							2009-07-29		North Marquesan
language	mrr							2009-07-29		Maria (India)
language	mrs							2009-07-29		Maragus
language	mrt							2009-07-29		Marghi Central
language	mru							2009-07-29		Mono (Cameroon)
language	mrv							2009-07-29		Mangareva
language	mrw							2009-07-29		Maranao
language	mrx							2009-07-29		Maremgi | Dineor
language	mry							2009-07-29		Mandaya
language	mrz							2009-07-29		Marind
language	ms			Latn		macrolanguage		2005-10-16		Malay (macrolanguage)
language	msb							2009-07-29		Masbatenyo
language	msc				man			2009-07-29		Sankaran Maninka
language	msd							2009-07-29		Yucatec Maya Sign Language
language	mse							2009-07-29		Musey
language	msf							2009-07-29		Mekwei
language	msg							2009-07-29		Moraid
language	msh				mg			2009-07-29		Masikoro Malagasy
language	msi				ms			2009-07-29		Sabah Malay
language	msj							2009-07-29		Ma (Democratic Republic of Congo)
language	msk							2009-07-29		Mansaka
language	msl							2009-07-29		Molof | Poule
language	msm							2009-07-29		Agusan Manobo
language	msn							2009-07-29		Vurës
language	mso							2009-07-29		Mombum
language	msp							2009-07-29		Maritsauá
language	msq							2009-07-29		Caac
language	msr							2009-07-29		Mongolian Sign Language
language	mss							2009-07-29		West Masela
language	mst		mry				2010-03-11	2009-07-29		Cataelano Mandaya
language	msu							2009-07-29		Musom
language	msv							2009-07-29		Maslam
language	msw							2009-07-29		Mansoanka
language	msx							2009-07-29		Moresada
language	msy							2009-07-29		Aruamu
language	msz							2009-07-29		Momare
language	mt			Latn				2005-10-16		Maltese
language	mta							2009-07-29		Cotabato Manobo
language	mtb							2009-07-29		Anyin Morofo
language	mtc							2009-07-29		Munit
language	mtd							2009-07-29		Mualang
language	mte							2009-07-29		Mono (Solomon Islands)
language	mtf							2009-07-29		Murik (Papua New Guinea)
language	mtg							2009-07-29		Una
language	mth							2009-07-29		Munggui
language	mti							2009-07-29		Maiwa (Papua New Guinea)
language	mtj							2009-07-29		Moskona
language	mtk							2009-07-29		Mbe'
language	mtl							2009-07-29		Montol
language	mtm							2009-07-29		Mator
language	mtn							2009-07-29		Matagalpa
language	mto							2009-07-29		Totontepec Mixe
language	mtp							2009-07-29		Wichí Lhamtés Nocten
language	mtq							2009-07-29		Muong
language	mtr				mwr			2009-07-29		Mewari
language	mts							2009-07-29		Yora
language	mtt							2009-07-29		Mota
language	mtu							2009-07-29		Tututepec Mixtec
language	mtv							2009-07-29		Asaro'o
language	mtw							2009-07-29		Southern Binukidnon
language	mtx							2009-07-29		Tidaá Mixtec
language	mty							2009-07-29		Nabi
language	mua							2009-07-29		Mundang
language	mub							2009-07-29		Mubi
language	muc							2009-07-29		Ajumbu
language	mud							2009-07-29		Mednyj Aleut
language	mue							2009-07-29		Media Lengua
language	mug							2009-07-29		Musgu
language	muh							2009-07-29		Mündü
language	mui				ms			2009-07-29		Musi
language	muj							2009-07-29		Mabire
language	muk							2009-07-29		Mugom
language	mul					special		2005-10-16		Multiple languages
language	mum							2009-07-29		Maiwala
language	mun					collection		2005-10-16		Munda languages
language	muo							2009-07-29		Nyong
language	mup				raj			2009-07-29		Malvi
language	muq				hmn			2009-07-29		Eastern Xiangxi Miao
language	mur							2009-07-29		Murle
language	mus							2005-10-16		Creek
language	mut							2009-07-29		Western Muria
language	muu							2009-07-29		Yaaku
language	muv							2009-07-29		Muthuvan
language	mux							2009-07-29		Bo-Ung
language	muy							2009-07-29		Muyang
language	muz							2009-07-29		Mursi
language	mva							2009-07-29		Manam
language	mvb							2009-07-29		Mattole
language	mvd							2009-07-29		Mamboru
language	mve				mwr			2009-07-29		Marwari (Pakistan)
language	mvf				mn			2009-07-29		Peripheral Mongolian
language	mvg							2009-07-29		Yucuañe Mixtec
language	mvh							2009-07-29		Mulgi
language	mvi							2009-07-29		Miyako
language	mvk							2009-07-29		Mekmek
language	mvl							2009-07-29		Mbara (Australia)
language	mvm						2021-02-20	2009-07-29		Muya
language	mvn							2009-07-29		Minaveha
language	mvo							2009-07-29		Marovo
language	mvp							2009-07-29		Duri
language	mvq							2009-07-29		Moere
language	mvr							2009-07-29		Marau
language	mvs							2009-07-29		Massep
language	mvt							2009-07-29		Mpotovoro
language	mvu							2009-07-29		Marfa
language	mvv							2009-07-29		Tagal Murut
language	mvw							2009-07-29		Machinga
language	mvx							2009-07-29		Meoswar
language	mvy							2009-07-29		Indus Kohistani
language	mvz							2009-07-29		Mesqan
language	mwa							2009-07-29		Mwatebu
language	mwb							2009-07-29		Juwal
language	mwc							2009-07-29		Are
language	mwd						2013-09-10	2009-07-29		Mudbura
language	mwe							2009-07-29		Mwera (Chimwera)
language	mwf							2009-07-29		Murrinh-Patha
language	mwg							2009-07-29		Aiklep
language	mwh							2009-07-29		Mouk-Aria
language	mwi							2009-07-29		Labo | Ninde
language	mwj		vaj				2015-02-12	2009-07-29		Maligo
language	mwk				man			2009-07-29		Kita Maninkakan
language	mwl							2005-10-16		Mirandese
language	mwm							2009-07-29		Sar
language	mwn							2009-07-29		Nyamwanga
language	mwo							2009-07-29		Central Maewo
language	mwp							2009-07-29		Kala Lagaw Ya
language	mwq							2009-07-29		Mün Chin
language	mwr					macrolanguage		2005-10-16		Marwari
language	mws							2009-07-29		Mwimbi-Muthambi
language	mwt							2009-07-29		Moken
language	mwu							2009-07-29		Mittu
language	mwv							2009-07-29		Mentawai
language	mww				hmn			2009-07-29		Hmong Daw
language	mwx						2018-03-08	2009-07-29		Mediak
language	mwy						2018-03-08	2009-07-29		Mosiro
language	mwz							2009-07-29		Moingi
language	mxa							2009-07-29		Northwest Oaxaca Mixtec
language	mxb							2009-07-29		Tezoatlán Mixtec
language	mxc							2009-07-29		Manyika
language	mxd							2009-07-29		Modang
language	mxe							2009-07-29		Mele-Fila
language	mxf							2009-07-29		Malgbe
language	mxg							2009-07-29		Mbangala
language	mxh							2009-07-29		Mvuba
language	mxi							2009-07-29		Mozarabic
language	mxj							2009-07-29		Miju-Mishmi | Geman Deng
language	mxk							2009-07-29		Monumbo
language	mxl							2009-07-29		Maxi Gbe
language	mxm							2009-07-29		Meramera
language	mxn							2009-07-29		Moi (Indonesia)
language	mxo							2009-07-29		Mbowe
language	mxp							2009-07-29		Tlahuitoltepec Mixe
language	mxq							2009-07-29		Juquila Mixe
language	mxr							2009-07-29		Murik (Malaysia)
language	mxs							2009-07-29		Huitepec Mixtec
language	mxt							2009-07-29		Jamiltepec Mixtec
language	mxu							2009-07-29		Mada (Cameroon)
language	mxv							2009-07-29		Metlatónoc Mixtec
language	mxw							2009-07-29		Namo
language	mxx							2009-07-29		Mahou | Mawukakan
language	mxy							2009-07-29		Southeastern Nochixtlán Mixtec
language	mxz							2009-07-29		Central Masela
language	my			Mymr				2005-10-16		Burmese
language	myb							2009-07-29		Mbay
language	myc							2009-07-29		Mayeka
language	myd		aog				2019-04-16	2009-07-29		Maramba
language	mye							2009-07-29		Myene
language	myf							2009-07-29		Bambassi
language	myg							2009-07-29		Manta
language	myh							2009-07-29		Makah
language	myi						2019-04-16	2009-07-29		Mina (India)
language	myj							2009-07-29		Mangayat
language	myk							2009-07-29		Mamara Senoufo
language	myl							2009-07-29		Moma
language	mym							2009-07-29		Me'en
language	myn					collection		2005-10-16		Mayan languages
language	myo							2009-07-29		Anfillo
language	myp							2009-07-29		Pirahã
language	myq				man		2013-09-10	2009-07-29		Forest Maninka
language	myr							2009-07-29		Muniche
language	mys							2009-07-29		Mesmes
language	myt		mry				2010-03-11	2009-07-29		Sangab Mandaya
language	myu							2009-07-29		Mundurukú
language	myv							2005-10-16		Erzya
language	myw							2009-07-29		Muyuw
language	myx							2009-07-29		Masaaba
language	myy							2009-07-29		Macuna
language	myz							2009-07-29		Classical Mandaic
language	mza							2009-07-29		Santa María Zacatepec Mixtec
language	mzb							2009-07-29		Tumzabt
language	mzc							2009-07-29		Madagascar Sign Language
language	mzd							2009-07-29		Malimba
language	mze							2009-07-29		Morawa
language	mzg							2009-07-29		Monastic Sign Language
language	mzh							2009-07-29		Wichí Lhamtés Güisnay
language	mzi							2009-07-29		Ixcatlán Mazatec
language	mzj							2009-07-29		Manya
language	mzk							2009-07-29		Nigeria Mambila
language	mzl							2009-07-29		Mazatlán Mixe
language	mzm							2009-07-29		Mumuye
language	mzn							2009-07-29		Mazanderani
language	mzo							2009-07-29		Matipuhy
language	mzp							2009-07-29		Movima
language	mzq							2009-07-29		Mori Atas
language	mzr							2009-07-29		Marúbo
language	mzs							2009-07-29		Macanese
language	mzt							2009-07-29		Mintil
language	mzu							2009-07-29		Inapang
language	mzv							2009-07-29		Manza
language	mzw							2009-07-29		Deg
language	mzx							2009-07-29		Mawayana
language	mzy							2009-07-29		Mozambican Sign Language
language	mzz							2009-07-29		Maiadomu
language	na			Latn				2005-10-16		Nauru
language	naa							2009-07-29		Namla
language	nab							2009-07-29		Southern Nambikuára
language	nac							2009-07-29		Narak
language	nad		xny				2016-05-30	2009-07-29		Nijadali
language	nae							2009-07-29		Naka'ela
language	naf							2009-07-29		Nabak
language	nag							2009-07-29		Naga Pidgin
language	nah					collection		2005-10-16		Nahuatl languages
language	nai					collection		2005-10-16		North American Indian languages
language	naj							2009-07-29		Nalu
language	nak							2009-07-29		Nakanai
language	nal							2009-07-29		Nalik
language	nam							2009-07-29		Ngan'gityemerri
language	nan				zh			2009-07-29		Min Nan Chinese
language	nao							2009-07-29		Naaba
language	nap							2005-10-16		Neapolitan
language	naq							2009-07-29		Khoekhoe | Nama (Namibia)
language	nar							2009-07-29		Iguta
language	nas							2009-07-29		Naasioi
language	nat							2009-07-29		Ca̱hungwa̱rya̱ | Hungworo
language	naw							2009-07-29		Nawuri
language	nax							2009-07-29		Nakwi
language	nay							2009-07-29		Ngarrindjeri
language	naz							2009-07-29		Coatepec Nahuatl
language	nb			Latn	no			2005-10-16		Norwegian Bokmål
language	nba							2009-07-29		Nyemba
language	nbb							2009-07-29		Ndoe
language	nbc							2009-07-29		Chang Naga
language	nbd							2009-07-29		Ngbinda
language	nbe							2009-07-29		Konyak Naga
language	nbf						2011-08-16	2009-07-29		Naxi
language	nbg							2009-07-29		Nagarchal
language	nbh							2009-07-29		Ngamo
language	nbi							2009-07-29		Mao Naga
language	nbj							2009-07-29		Ngarinyman
language	nbk							2009-07-29		Nake
language	nbm							2009-07-29		Ngbaka Ma'bo
language	nbn							2009-07-29		Kuri
language	nbo							2009-07-29		Nkukoli
language	nbp							2009-07-29		Nnam
language	nbq							2009-07-29		Nggem
language	nbr							2009-07-29		Numana
language	nbs							2009-07-29		Namibian Sign Language
language	nbt							2009-07-29		Na
language	nbu							2009-07-29		Rongmei Naga
language	nbv							2009-07-29		Ngamambo
language	nbw							2009-07-29		Southern Ngbandi
language	nbx						2013-09-10	2009-07-29		Ngura
language	nby							2009-07-29		Ningera
language	nca							2009-07-29		Iyo
language	ncb							2009-07-29		Central Nicobarese
language	ncc							2009-07-29		Ponam
language	ncd							2009-07-29		Nachering
language	nce							2009-07-29		Yale
language	ncf							2009-07-29		Notsi
language	ncg							2009-07-29		Nisga'a
language	nch							2009-07-29		Central Huasteca Nahuatl
language	nci							2009-07-29		Classical Nahuatl
language	ncj							2009-07-29		Northern Puebla Nahuatl
language	nck							2009-07-29		Na-kara
language	ncl							2009-07-29		Michoacán Nahuatl
language	ncm							2009-07-29		Nambo
language	ncn							2009-07-29		Nauna
language	nco							2009-07-29		Sibe
language	ncp		kdz				2018-03-08	2009-07-29		Ndaktup
language	ncq							2017-02-23		Northern Katang
language	ncr							2009-07-29		Ncane
language	ncs							2009-07-29		Nicaraguan Sign Language
language	nct							2009-07-29		Chothe Naga
language	ncu							2009-07-29		Chumburung
language	ncx							2009-07-29		Central Puebla Nahuatl
language	ncz							2009-07-29		Natchez
language	nd			Latn				2005-10-16		North Ndebele
language	nda							2009-07-29		Ndasa
language	ndb							2009-07-29		Kenswei Nsei
language	ndc							2009-07-29		Ndau
language	ndd							2009-07-29		Nde-Nsele-Nta
language	ndf							2009-07-29		Nadruvian
language	ndg							2009-07-29		Ndengereko
language	ndh							2009-07-29		Ndali
language	ndi							2009-07-29		Samba Leko
language	ndj							2009-07-29		Ndamba
language	ndk							2009-07-29		Ndaka
language	ndl							2009-07-29		Ndolo
language	ndm							2009-07-29		Ndam
language	ndn							2009-07-29		Ngundi
language	ndp							2009-07-29		Ndo
language	ndq							2009-07-29		Ndombe
language	ndr							2009-07-29		Ndoola
language	nds			Latn				2005-10-16		Low German | Low Saxon
language	ndt							2009-07-29		Ndunga
language	ndu							2009-07-29		Dugun
language	ndv							2009-07-29		Ndut
language	ndw							2009-07-29		Ndobo
language	ndx							2009-07-29		Nduga
language	ndy							2009-07-29		Lutos
language	ndz							2009-07-29		Ndogo
language	ne			Deva		macrolanguage		2005-10-16		Nepali (macrolanguage)
language	nea							2009-07-29		Eastern Ngad'a
language	neb							2009-07-29		Toura (Côte d'Ivoire)
language	nec							2009-07-29		Nedebang
language	ned							2009-07-29		Nde-Gbite
language	nee							2009-07-29		Nêlêmwa-Nixumwak
language	nef							2009-07-29		Nefamese
language	neg							2009-07-29		Negidal
language	neh							2009-07-29		Nyenkha
language	nei							2009-07-29		Neo-Hittite
language	nej							2009-07-29		Neko
language	nek							2009-07-29		Neku
language	nem							2009-07-29		Nemi
language	nen							2009-07-29		Nengone
language	neo							2009-07-29		Ná-Meo
language	neq							2009-07-29		North Central Mixe
language	ner							2009-07-29		Yahadian
language	nes							2009-07-29		Bhoti Kinnauri
language	net							2009-07-29		Nete
language	neu							2012-08-12		Neo
language	nev							2009-07-29		Nyaheun
language	new							2005-10-16		Nepal Bhasa | Newar | Newari
language	nex							2009-07-29		Neme
language	ney							2009-07-29		Neyo
language	nez							2009-07-29		Nez Perce
language	nfa							2009-07-29		Dhao
language	nfd							2009-07-29		Ahwai
language	nfl							2009-07-29		Ayiwo | Äiwoo
language	nfr							2009-07-29		Nafaanra
language	nfu							2009-07-29		Mfumte
language	ng							2005-10-16		Ndonga
language	nga							2009-07-29		Ngbaka
language	ngb							2009-07-29		Northern Ngbandi
language	ngc							2009-07-29		Ngombe (Democratic Republic of Congo)
language	ngd							2009-07-29		Ngando (Central African Republic)
language	nge							2009-07-29		Ngemba
language	ngf					collection		2009-07-29		Trans-New Guinea languages
language	ngg							2009-07-29		Ngbaka Manza
language	ngh							2009-07-29		Nǁng
language	ngi							2009-07-29		Ngizim
language	ngj							2009-07-29		Ngie
language	ngk							2009-07-29		Dalabon
language	ngl							2009-07-29		Lomwe
language	ngm							2009-07-29		Ngatik Men's Creole
language	ngn							2009-07-29		Ngwo
language	ngo						2021-02-20	2009-07-29		Ngoni
language	ngp							2009-07-29		Ngulu
language	ngq							2009-07-29		Ngurimi | Ngoreme
language	ngr							2009-07-29		Engdewu
language	ngs							2009-07-29		Gvoko
language	ngt							2009-07-29		Kriang | Ngeq
language	ngu							2009-07-29		Guerrero Nahuatl
language	ngv							2009-07-29		Nagumi
language	ngw							2009-07-29		Ngwaba
language	ngx							2009-07-29		Nggwahyi
language	ngy							2009-07-29		Tibea
language	ngz							2009-07-29		Ngungwel
language	nha							2009-07-29		Nhanda
language	nhb							2009-07-29		Beng
language	nhc							2009-07-29		Tabasco Nahuatl
language	nhd				gn			2009-07-29		Chiripá | Ava Guaraní
language	nhe							2009-07-29		Eastern Huasteca Nahuatl
language	nhf							2009-07-29		Nhuwala
language	nhg							2009-07-29		Tetelcingo Nahuatl
language	nhh							2009-07-29		Nahari
language	nhi							2009-07-29		Zacatlán-Ahuacatlán-Tepetzintla Nahuatl
language	nhk							2009-07-29		Isthmus-Cosoleacaque Nahuatl
language	nhm							2009-07-29		Morelos Nahuatl
language	nhn							2009-07-29		Central Nahuatl
language	nho							2009-07-29		Takuu
language	nhp							2009-07-29		Isthmus-Pajapan Nahuatl
language	nhq							2009-07-29		Huaxcaleca Nahuatl
language	nhr							2009-07-29		Naro
language	nht							2009-07-29		Ometepec Nahuatl
language	nhu							2009-07-29		Noone
language	nhv							2009-07-29		Temascaltepec Nahuatl
language	nhw							2009-07-29		Western Huasteca Nahuatl
language	nhx							2009-07-29		Isthmus-Mecayapan Nahuatl
language	nhy							2009-07-29		Northern Oaxaca Nahuatl
language	nhz							2009-07-29		Santa María La Alta Nahuatl
language	nia							2005-10-16		Nias
language	nib							2009-07-29		Nakame
language	nic					collection		2005-10-16		Niger-Kordofanian languages
language	nid							2009-07-29		Ngandi
language	nie							2009-07-29		Niellim
language	nif							2009-07-29		Nek
language	nig							2009-07-29		Ngalakgan
language	nih							2009-07-29		Nyiha (Tanzania)
language	nii							2009-07-29		Nii
language	nij							2009-07-29		Ngaju
language	nik							2009-07-29		Southern Nicobarese
language	nil							2009-07-29		Nila
language	nim							2009-07-29		Nilamba
language	nin							2009-07-29		Ninzo
language	nio							2009-07-29		Nganasan
language	niq				kln			2009-07-29		Nandi
language	nir							2009-07-29		Nimboran
language	nis							2009-07-29		Nimi
language	nit							2009-07-29		Southeastern Kolami
language	niu			Latn				2005-10-16		Niuean
language	niv							2009-07-29		Gilyak
language	niw							2009-07-29		Nimo
language	nix							2009-07-29		Hema
language	niy							2009-07-29		Ngiti
language	niz							2009-07-29		Ningil
language	nja							2009-07-29		Nzanyi
language	njb							2009-07-29		Nocte Naga
language	njd							2009-07-29		Ndonde Hamba
language	njh							2009-07-29		Lotha Naga
language	nji							2009-07-29		Gudanji
language	njj							2009-07-29		Njen
language	njl							2009-07-29		Njalgulgule
language	njm							2009-07-29		Angami Naga
language	njn							2009-07-29		Liangmai Naga
language	njo							2009-07-29		Ao Naga
language	njr							2009-07-29		Njerep
language	njs							2009-07-29		Nisa
language	njt							2009-07-29		Ndyuka-Trio Pidgin
language	nju							2009-07-29		Ngadjunmaya
language	njx							2009-07-29		Kunyi
language	njy							2009-07-29		Njyem
language	njz							2012-08-12		Nyishi
language	nka							2009-07-29		Nkoya
language	nkb							2009-07-29		Khoibu Naga
language	nkc							2009-07-29		Nkongho
language	nkd							2009-07-29		Koireng
language	nke							2009-07-29		Duke
language	nkf							2009-07-29		Inpui Naga
language	nkg							2009-07-29		Nekgini
language	nkh							2009-07-29		Khezha Naga
language	nki							2009-07-29		Thangal Naga
language	nkj							2009-07-29		Nakai
language	nkk							2009-07-29		Nokuku
language	nkm							2009-07-29		Namat
language	nkn							2009-07-29		Nkangala
language	nko							2009-07-29		Nkonya
language	nkp							2009-07-29		Niuatoputapu
language	nkq							2010-04-16		Nkami
language	nkr							2009-07-29		Nukuoro
language	nks							2009-07-29		North Asmat
language	nkt							2009-07-29		Nyika (Tanzania)
language	nku							2009-07-29		Bouna Kulango
language	nkv							2009-07-29		Nyika (Malawi and Zambia)
language	nkw							2009-07-29		Nkutu
language	nkx							2009-07-29		Nkoroo
language	nkz							2009-07-29		Nkari
language	nl			Latn				2005-10-16		Dutch | Flemish
language	nla							2009-07-29		Ngombale
language	nlc							2009-07-29		Nalca
language	nle				luy			2009-07-29		East Nyala
language	nlg							2009-07-29		Gela
language	nli							2009-07-29		Grangali
language	nlj							2009-07-29		Nyali
language	nlk							2009-07-29		Ninia Yali
language	nll							2009-07-29		Nihali
language	nlm							2018-03-08		Mankiyali
language	nln						2012-08-12	2009-07-29		Durango Nahuatl
language	nlo							2009-07-29		Ngul
language	nlq							2013-09-10		Lao Naga
language	nlr						2013-09-10	2009-07-29		Ngarla
language	nlu							2009-07-29		Nchumbulu
language	nlv							2009-07-29		Orizaba Nahuatl
language	nlw							2013-09-10		Walangama
language	nlx							2009-07-29		Nahali
language	nly							2009-07-29		Nyamal
language	nlz							2009-07-29		Nalögo
language	nma							2009-07-29		Maram Naga
language	nmb							2009-07-29		Big Nambas | V'ënen Taut
language	nmc							2009-07-29		Ngam
language	nmd							2009-07-29		Ndumu
language	nme							2009-07-29		Mzieme Naga
language	nmf							2009-07-29		Tangkhul Naga (India)
language	nmg							2009-07-29		Kwasio
language	nmh							2009-07-29		Monsang Naga
language	nmi							2009-07-29		Nyam
language	nmj							2009-07-29		Ngombe (Central African Republic)
language	nmk							2009-07-29		Namakura
language	nml							2009-07-29		Ndemli
language	nmm							2009-07-29		Manangba
language	nmn							2009-07-29		ǃXóõ
language	nmo							2009-07-29		Moyon Naga
language	nmp							2009-07-29		Nimanbur
language	nmq							2009-07-29		Nambya
language	nmr							2009-07-29		Nimbari
language	nms							2009-07-29		Letemboi
language	nmt							2009-07-29		Namonuito
language	nmu							2009-07-29		Northeast Maidu
language	nmv							2009-07-29		Ngamini
language	nmw							2009-07-29		Nimoa | Rifao
language	nmx							2009-07-29		Nama (Papua New Guinea)
language	nmy							2009-07-29		Namuyi
language	nmz							2009-07-29		Nawdm
language	nn			Latn	no			2005-10-16		Norwegian Nynorsk
language	nna							2009-07-29		Nyangumarta
language	nnb							2009-07-29		Nande
language	nnc							2009-07-29		Nancere
language	nnd							2009-07-29		West Ambae
language	nne							2009-07-29		Ngandyera
language	nnf							2009-07-29		Ngaing
language	nng							2009-07-29		Maring Naga
language	nnh							2009-07-29		Ngiemboon
language	nni							2009-07-29		North Nuaulu
language	nnj							2009-07-29		Nyangatom
language	nnk							2009-07-29		Nankina
language	nnl							2009-07-29		Northern Rengma Naga
language	nnm							2009-07-29		Namia
language	nnn							2009-07-29		Ngete
language	nnp							2009-07-29		Wancho Naga
language	nnq							2009-07-29		Ngindo
language	nnr							2009-07-29		Narungga
language	nns		nbr				2019-04-16	2009-07-29		Ningye
language	nnt							2009-07-29		Nanticoke
language	nnu							2009-07-29		Dwang
language	nnv							2009-07-29		Nugunu (Australia)
language	nnw							2009-07-29		Southern Nuni
language	nnx		ngv				2015-02-12	2009-07-29		Ngong
language	nny							2009-07-29		Nyangga
language	nnz							2009-07-29		Nda'nda'
language	no			Latn		macrolanguage		2005-10-16		Norwegian
language	noa							2009-07-29		Woun Meu
language	noc							2009-07-29		Nuk
language	nod							2009-07-29		Northern Thai
language	noe							2009-07-29		Nimadi
language	nof							2009-07-29		Nomane
language	nog							2005-10-16		Nogai
language	noh							2009-07-29		Nomu
language	noi							2009-07-29		Noiri
language	noj							2010-03-11		Nonuya
language	nok							2009-07-29		Nooksack | Lhéchelesem
language	nol							2013-09-10		Nomlaki
language	nom		cbr				2023-03-17	2009-07-29		Nocamán
language	non							2005-10-16		Old Norse
language	noo						2011-08-16	2009-07-29		Nootka
language	nop							2009-07-29		Numanggang
language	noq							2009-07-29		Ngongo
language	nos							2009-07-29		Eastern Nisu
language	not							2009-07-29		Nomatsiguenga
language	nou							2009-07-29		Ewage-Notu
language	nov							2009-07-29		Novial
language	now							2009-07-29		Nyambo
language	noy							2009-07-29		Noy
language	noz							2009-07-29		Nayi
language	npa							2009-07-29		Nar Phu
language	npb							2009-07-29		Nupbikha
language	npg							2012-08-12		Ponyo-Gongwang Naga
language	nph							2009-07-29		Phom Naga
language	npi				ne			2012-08-12		Nepali (individual language)
language	npl							2009-07-29		Southeastern Puebla Nahuatl
language	npn							2009-07-29		Mondropolon
language	npo							2009-07-29		Pochuri Naga
language	nps							2009-07-29		Nipsan
language	npu							2009-07-29		Puimei Naga
language	npx							2017-02-23		Noipx
language	npy							2009-07-29		Napu
language	nqg							2009-07-29		Southern Nago
language	nqk							2009-07-29		Kura Ede Nago
language	nql							2017-02-23		Ngendelengo
language	nqm							2009-07-29		Ndom
language	nqn							2009-07-29		Nen
language	nqo			Nkoo				2006-06-05		N'Ko | N’Ko
language	nqq							2013-09-10		Kyan-Karyaw Naga
language	nqt							2021-02-20		Nteng
language	nqy							2012-08-12		Akyaung Ari Naga
language	nr			Latn				2005-10-16		South Ndebele
language	nra							2009-07-29		Ngom
language	nrb							2009-07-29		Nara
language	nrc							2009-07-29		Noric
language	nre							2009-07-29		Southern Rengma Naga
language	nrf							2015-02-12		Jèrriais | Guernésiais | Sercquiais
language	nrg							2009-07-29		Narango
language	nri							2009-07-29		Chokri Naga
language	nrk							2013-09-10		Ngarla
language	nrl							2009-07-29		Ngarluma
language	nrm							2009-07-29		Narom
language	nrn							2009-07-29		Norn
language	nrp							2009-07-29		North Picene
language	nrr							2009-07-29		Norra | Nora
language	nrt							2009-07-29		Northern Kalapuya
language	nru							2011-08-16		Narua
language	nrx							2009-07-29		Ngurmbur
language	nrz							2009-07-29		Lala
language	nsa							2009-07-29		Sangtam Naga
language	nsb							2020-03-28		Lower Nossob
language	nsc							2009-07-29		Nshi
language	nsd							2009-07-29		Southern Nisu
language	nse							2009-07-29		Nsenga
language	nsf							2012-08-12		Northwestern Nisu
language	nsg							2009-07-29		Ngasa
language	nsh							2009-07-29		Ngoshie
language	nsi							2009-07-29		Nigerian Sign Language
language	nsk							2009-07-29		Naskapi
language	nsl							2009-07-29		Norwegian Sign Language
language	nsm							2009-07-29		Sumi Naga
language	nsn							2009-07-29		Nehan
language	nso			Latn				2005-10-16		Pedi | Northern Sotho | Sepedi
language	nsp							2009-07-29		Nepalese Sign Language
language	nsq							2009-07-29		Northern Sierra Miwok
language	nsr							2009-07-29		Maritime Sign Language
language	nss							2009-07-29		Nali
language	nst							2009-07-29		Tase Naga
language	nsu							2009-07-29		Sierra Negra Nahuatl
language	nsv							2009-07-29		Southwestern Nisu
language	nsw							2009-07-29		Navut
language	nsx							2009-07-29		Nsongo
language	nsy							2009-07-29		Nasal
language	nsz							2009-07-29		Nisenan
language	ntd							2016-05-30		Northern Tidung
language	nte		eko				2024-12-12	2009-07-29		Nathembo
language	ntg							2013-09-10		Ngantangarra
language	nti							2009-07-29		Natioro
language	ntj							2009-07-29		Ngaanyatjarra
language	ntk							2009-07-29		Ikoma-Nata-Isenye
language	ntm							2009-07-29		Nateni
language	nto							2009-07-29		Ntomba
language	ntp							2009-07-29		Northern Tepehuan
language	ntr							2009-07-29		Delo
language	nts		pij				2016-05-30	2009-07-29		Natagaimas
language	ntu							2009-07-29		Natügu
language	ntw							2009-07-29		Nottoway
language	ntx							2012-08-12		Tangkhul Naga (Myanmar)
language	nty							2009-07-29		Mantsi
language	ntz							2009-07-29		Natanzi
language	nua							2009-07-29		Yuanga
language	nub					collection		2005-10-16		Nubian languages
language	nuc							2009-07-29		Nukuini
language	nud							2009-07-29		Ngala
language	nue							2009-07-29		Ngundu
language	nuf							2009-07-29		Nusu
language	nug							2009-07-29		Nungali
language	nuh							2009-07-29		Ndunda
language	nui							2009-07-29		Ngumbi
language	nuj							2009-07-29		Nyole
language	nuk							2011-08-16		Nuu-chah-nulth | Nuuchahnulth
language	nul							2009-07-29		Nusa Laut
language	num							2009-07-29		Niuafo'ou
language	nun							2009-07-29		Anong
language	nuo							2009-07-29		Nguôn
language	nup							2009-07-29		Nupe-Nupe-Tako
language	nuq							2009-07-29		Nukumanu
language	nur							2009-07-29		Nukuria
language	nus							2009-07-29		Nuer
language	nut							2009-07-29		Nung (Viet Nam)
language	nuu							2009-07-29		Ngbundu
language	nuv							2009-07-29		Northern Nuni
language	nuw							2009-07-29		Nguluwan
language	nux							2009-07-29		Mehek
language	nuy							2009-07-29		Nunggubuyu
language	nuz							2009-07-29		Tlamacazapa Nahuatl
language	nv							2005-10-16		Navajo | Navaho
language	nvh							2009-07-29		Nasarian
language	nvm							2009-07-29		Namiae
language	nvo							2012-08-12		Nyokon
language	nwa							2009-07-29		Nawathinehena
language	nwb							2009-07-29		Nyabwa
language	nwc							2005-10-16		Classical Newari | Classical Nepal Bhasa | Old Newari
language	nwe							2009-07-29		Ngwe
language	nwg							2012-08-12		Ngayawung
language	nwi							2009-07-29		Southwest Tanna
language	nwm							2009-07-29		Nyamusa-Molo
language	nwo							2012-08-12		Nauo
language	nwr							2009-07-29		Nawaru
language	nww							2022-02-25		Ndwewe
language	nwx							2009-07-29		Middle Newar
language	nwy							2009-07-29		Nottoway-Meherrin
language	nxa							2009-07-29		Nauete
language	nxd							2009-07-29		Ngando (Democratic Republic of Congo)
language	nxe							2009-07-29		Nage
language	nxg							2009-07-29		Ngad'a
language	nxi							2009-07-29		Nindi
language	nxk							2012-08-12		Koki Naga
language	nxl							2009-07-29		South Nuaulu
language	nxm							2009-07-29		Numidian
language	nxn							2009-07-29		Ngawun
language	nxo							2015-02-12		Ndambomo
language	nxq							2011-08-16		Naxi
language	nxr							2009-07-29		Ninggerum
language	nxu		bpp				2020-03-28	2009-07-29		Narau
language	nxx							2009-07-29		Nafri
language	ny			Latn				2005-10-16		Chichewa | Chewa | Nyanja
language	nyb							2009-07-29		Nyangbo
language	nyc							2009-07-29		Nyanga-li
language	nyd				luy			2009-07-29		Nyore | Olunyole
language	nye							2009-07-29		Nyengo
language	nyf							2009-07-29		Giryama | Kigiryama
language	nyg							2009-07-29		Nyindu
language	nyh							2009-07-29		Nyikina
language	nyi							2009-07-29		Ama (Sudan)
language	nyj							2009-07-29		Nyanga
language	nyk							2009-07-29		Nyaneka
language	nyl							2009-07-29		Nyeu
language	nym							2005-10-16		Nyamwezi
language	nyn							2005-10-16		Nyankole
language	nyo							2005-10-16		Nyoro
language	nyp							2009-07-29		Nyang'i
language	nyq							2009-07-29		Nayini
language	nyr							2009-07-29		Nyiha (Malawi)
language	nys							2009-07-29		Nyungar
language	nyt							2009-07-29		Nyawaygi
language	nyu							2009-07-29		Nyungwe
language	nyv							2009-07-29		Nyulnyul
language	nyw							2009-07-29		Nyaw
language	nyx							2009-07-29		Nganyaywana
language	nyy							2009-07-29		Nyakyusa-Ngonde
language	nza							2009-07-29		Tigon Mbembe
language	nzb							2009-07-29		Njebi
language	nzd							2018-03-08		Nzadi
language	nzi							2005-10-16		Nzima
language	nzk							2009-07-29		Nzakara
language	nzm							2009-07-29		Zeme Naga
language	nzr							2023-03-17		Dir-Nyamzak-Mbarimi
language	nzs							2009-07-29		New Zealand Sign Language
language	nzu							2009-07-29		Teke-Nzikou
language	nzy							2009-07-29		Nzakambay
language	nzz							2010-03-11		Nanga Dama Dogon
language	oaa							2009-07-29		Orok
language	oac							2009-07-29		Oroch
language	oak							2025-05-14		Noakhali | Noakhailla
language	oar							2009-07-29		Old Aramaic (up to 700 BCE) | Ancient Aramaic (up to 700 BCE)
language	oav							2009-07-29		Old Avar
language	obi							2009-07-29		Obispeño
language	obk				bnc			2010-03-11		Southern Bontok
language	obl							2009-07-29		Oblo
language	obm							2009-07-29		Moabite
language	obo							2009-07-29		Obo Manobo
language	obr							2009-07-29		Old Burmese
language	obt							2009-07-29		Old Breton
language	obu							2009-07-29		Obulom
language	oc							2005-10-16		Occitan (post 1500)
language	oca							2009-07-29		Ocaina
language	och							2009-07-29		Old Chinese
language	ocm							2021-02-20		Old Cham
language	oco							2009-07-29		Old Cornish
language	ocu							2009-07-29		Atzingo Matlatzinca
language	oda							2009-07-29		Odut
language	odk							2009-07-29		Od
language	odt							2009-07-29		Old Dutch
language	odu							2009-07-29		Odual
language	ofo							2009-07-29		Ofo
language	ofs							2009-07-29		Old Frisian
language	ofu							2009-07-29		Efutop
language	ogb							2009-07-29		Ogbia
language	ogc							2009-07-29		Ogbah
language	oge							2009-07-29		Old Georgian
language	ogg							2009-07-29		Ogbogolo
language	ogo							2009-07-29		Khana
language	ogu							2009-07-29		Ogbronuagum
language	oht							2009-07-29		Old Hittite
language	ohu							2009-07-29		Old Hungarian
language	oia							2009-07-29		Oirata
language	oie							2022-02-25		Okolie
language	oin							2009-07-29		Inebu One
language	oj					macrolanguage		2005-10-16		Ojibwa
language	ojb				oj			2009-07-29		Northwestern Ojibwa
language	ojc				oj			2009-07-29		Central Ojibwa
language	ojg				oj			2009-07-29		Eastern Ojibwa
language	ojp							2009-07-29		Old Japanese
language	ojs				oj			2009-07-29		Severn Ojibwa
language	ojv							2009-07-29		Ontong Java
language	ojw				oj			2009-07-29		Western Ojibwa
language	oka							2009-07-29		Okanagan
language	okb							2009-07-29		Okobo
language	okc							2021-02-20		Kobo
language	okd							2009-07-29		Okodia
language	oke							2009-07-29		Okpe (Southwestern Edo)
language	okg							2012-08-12		Koko Babangk
language	okh							2009-07-29		Koresh-e Rostam
language	oki				kln			2009-07-29		Okiek
language	okj							2009-07-29		Oko-Juwoi
language	okk							2009-07-29		Kwamtim One
language	okl							2009-07-29		Old Kentish Sign Language
language	okm							2009-07-29		Middle Korean (10th-16th cent.)
language	okn							2009-07-29		Oki-No-Erabu
language	oko							2009-07-29		Old Korean (3rd-9th cent.)
language	okr							2009-07-29		Kirike
language	oks							2009-07-29		Oko-Eni-Osayen
language	oku							2009-07-29		Oku
language	okv							2009-07-29		Orokaiva
language	okx							2009-07-29		Okpe (Northwestern Edo)
language	okz							2021-02-20		Old Khmer
language	ola							2009-07-29		Walungge
language	olb							2026-04-09		Oli-Bodiman
language	old							2009-07-29		Mochi
language	ole							2009-07-29		Olekha
language	olk							2013-09-10		Olkol
language	olm							2009-07-29		Oloma
language	olo							2009-07-29		Livvi
language	olr							2009-07-29		Olrat
language	olt							2014-02-28		Old Lithuanian
language	olu							2016-05-30		Kuvale
language	om			Latn		macrolanguage		2005-10-16		Oromo
language	oma							2009-07-29		Omaha-Ponca
language	omb							2009-07-29		East Ambae
language	omc							2009-07-29		Mochica
language	ome						2016-05-30	2009-07-29		Omejes
language	omg							2009-07-29		Omagua
language	omi							2009-07-29		Omi
language	omk							2009-07-29		Omok
language	oml							2009-07-29		Ombo
language	omn							2009-07-29		Minoan
language	omo							2009-07-29		Utarmbung
language	omp							2009-07-29		Old Manipuri
language	omq					collection		2009-07-29		Oto-Manguean languages
language	omr							2009-07-29		Old Marathi
language	omt							2009-07-29		Omotik
language	omu							2009-07-29		Omurano
language	omv					collection		2009-07-29		Omotic languages
language	omw							2009-07-29		South Tairora
language	omx							2009-07-29		Old Mon
language	omy							2021-02-20		Old Malay
language	ona							2009-07-29		Ona
language	onb							2009-07-29		Lingao
language	one							2009-07-29		Oneida
language	ong							2009-07-29		Olo
language	oni							2009-07-29		Onin
language	onj							2009-07-29		Onjob
language	onk							2009-07-29		Kabore One
language	onn							2009-07-29		Onobasulu
language	ono							2009-07-29		Onondaga
language	onp							2009-07-29		Sartang
language	onr							2009-07-29		Northern One
language	ons							2009-07-29		Ono
language	ont							2009-07-29		Ontenu
language	onu							2009-07-29		Unua
language	onw							2009-07-29		Old Nubian
language	onx							2009-07-29		Onin Based Pidgin
language	ood							2009-07-29		Tohono O'odham
language	oog							2009-07-29		Ong
language	oon							2009-07-29		Önge
language	oor							2009-07-29		Oorlams
language	oos							2009-07-29		Old Ossetic
language	opa							2009-07-29		Okpamheri
language	opk							2009-07-29		Kopkaka
language	opm							2009-07-29		Oksapmin
language	opo							2009-07-29		Opao
language	opt							2009-07-29		Opata
language	opy							2009-07-29		Ofayé
language	or			Orya		macrolanguage		2005-10-16		Oriya (macrolanguage) | Odia (macrolanguage)
language	ora							2009-07-29		Oroha
language	orc				om			2009-07-29		Orma
language	ore							2009-07-29		Orejón
language	org							2009-07-29		Oring
language	orh							2009-07-29		Oroqen
language	orn				ms			2009-07-29		Orang Kanaq
language	oro							2009-07-29		Orokolo
language	orr							2009-07-29		Oruma
language	ors				ms			2009-07-29		Orang Seletar
language	ort							2009-07-29		Adivasi Oriya
language	oru							2009-07-29		Ormuri
language	orv							2009-07-29		Old Russian
language	orw							2009-07-29		Oro Win
language	orx							2009-07-29		Oro
language	ory				or			2012-08-12		Odia (individual language) | Oriya (individual language)
language	orz							2009-07-29		Ormu
language	os							2005-10-16		Iron Ossetic | Iron | Iron Ossetian | Ossetian | Ossetic
language	osa							2005-10-16		Osage
language	osc							2009-07-29		Oscan
language	osd							2026-04-09		Digor Ossetic | Digor | Digor Ossetian
language	osi							2009-07-29		Osing
language	osn							2021-02-20		Old Sundanese
language	oso							2009-07-29		Ososo
language	osp							2009-07-29		Old Spanish
language	ost							2009-07-29		Osatu
language	osu							2009-07-29		Southern One
language	osx							2009-07-29		Old Saxon
language	ota							2005-10-16		Ottoman Turkish (1500-1928)
language	otb							2009-07-29		Old Tibetan
language	otd							2009-07-29		Ot Danum
language	ote							2009-07-29		Mezquital Otomi
language	oti							2009-07-29		Oti
language	otk							2009-07-29		Old Turkish
language	otl							2009-07-29		Tilapa Otomi
language	otm							2009-07-29		Eastern Highland Otomi
language	otn							2009-07-29		Tenango Otomi
language	oto					collection		2005-10-16		Otomian languages
language	otq							2009-07-29		Querétaro Otomi
language	otr							2009-07-29		Otoro
language	ots							2009-07-29		Estado de México Otomi
language	ott							2009-07-29		Temoaya Otomi
language	otu							2009-07-29		Otuke
language	otw				oj			2009-07-29		Ottawa
language	otx							2009-07-29		Texcatepec Otomi
language	oty							2009-07-29		Old Tamil
language	otz							2009-07-29		Ixtenco Otomi
language	oua							2009-07-29		Tagargrent
language	oub							2009-07-29		Glio-Oubi
language	oue							2009-07-29		Oune
language	oui							2009-07-29		Old Uighur
language	oum							2009-07-29		Ouma
language	oun		vaj				2015-02-12	2009-07-29		ǃOǃung
language	ovd							2016-06-16		Elfdalian | Övdalian
language	owi							2009-07-29		Owiniga
language	owl							2009-07-29		Old Welsh
language	oyb							2009-07-29		Oy
language	oyd							2009-07-29		Oyda
language	oym							2009-07-29		Wayampi
language	oyy							2009-07-29		Oya'oya
language	ozm							2009-07-29		Koonzime
language	pa			Guru				2005-10-16		Panjabi | Punjabi
language	paa					collection		2005-10-16		Papuan languages
language	pab							2009-07-29		Parecís
language	pac							2009-07-29		Pacoh
language	pad							2009-07-29		Paumarí
language	pae							2009-07-29		Pagibete
language	paf							2009-07-29		Paranawát
language	pag							2005-10-16		Pangasinan
language	pah							2009-07-29		Tenharim
language	pai							2009-07-29		Pe
language	pak							2009-07-29		Parakanã
language	pal							2005-10-16		Pahlavi
language	pam							2005-10-16		Pampanga | Kapampangan
language	pao							2009-07-29		Northern Paiute
language	pap							2005-10-16		Papiamento
language	paq							2009-07-29		Parya
language	par							2009-07-29		Panamint | Timbisha
language	pas							2009-07-29		Papasena
language	pat		kxr				2021-02-20	2009-07-29		Papitalai
language	pau							2005-10-16		Palauan
language	pav							2009-07-29		Pakaásnovos
language	paw							2009-07-29		Pawnee
language	pax							2009-07-29		Pankararé
language	pay							2009-07-29		Pech
language	paz							2009-07-29		Pankararú
language	pbb							2009-07-29		Páez
language	pbc							2009-07-29		Patamona
language	pbe							2009-07-29		Mezontla Popoloca
language	pbf							2009-07-29		Coyotepec Popoloca
language	pbg							2009-07-29		Paraujano
language	pbh							2009-07-29		E'ñapa Woromaipu
language	pbi							2009-07-29		Parkwa
language	pbl							2009-07-29		Mak (Nigeria)
language	pbm							2018-03-08		Puebla Mazatec
language	pbn							2009-07-29		Kpasam
language	pbo							2009-07-29		Papel
language	pbp							2009-07-29		Badyara
language	pbr							2009-07-29		Pangwa
language	pbs							2009-07-29		Central Pame
language	pbt				ps			2009-07-29		Southern Pashto
language	pbu				ps			2009-07-29		Northern Pashto
language	pbv							2009-07-29		Pnar
language	pby							2009-07-29		Pyu (Papua New Guinea)
language	pbz						2012-08-12	2009-07-29		Palu
language	pca							2009-07-29		Santa Inés Ahuatempan Popoloca
language	pcb							2009-07-29		Pear
language	pcc							2009-07-29		Bouyei
language	pcd							2009-07-29		Picard
language	pce							2009-07-29		Ruching Palaung
language	pcf							2009-07-29		Paliyan
language	pcg							2009-07-29		Paniya
language	pch							2009-07-29		Pardhan
language	pci							2009-07-29		Duruwa
language	pcj							2009-07-29		Parenga
language	pck							2009-07-29		Paite Chin
language	pcl							2009-07-29		Pardhi
language	pcm							2009-07-29		Nigerian Pidgin
language	pcn							2009-07-29		Piti
language	pcp							2009-07-29		Pacahuara
language	pcr		adx				2013-09-10	2009-07-29		Panang
language	pcw							2009-07-29		Pyapun
language	pda							2009-07-29		Anam
language	pdc							2009-07-29		Pennsylvania German
language	pdi							2009-07-29		Pa Di
language	pdn							2009-07-29		Podena | Fedan
language	pdo							2009-07-29		Padoe
language	pdt							2009-07-29		Plautdietsch
language	pdu							2009-07-29		Kayan
language	pea							2009-07-29		Peranakan Indonesian
language	peb							2009-07-29		Eastern Pomo
language	ped							2009-07-29		Mala (Papua New Guinea)
language	pee							2009-07-29		Taje
language	pef							2009-07-29		Northeastern Pomo
language	peg							2009-07-29		Pengo
language	peh							2009-07-29		Bonan
language	pei							2009-07-29		Chichimeca-Jonaz
language	pej							2009-07-29		Northern Pomo
language	pek							2009-07-29		Penchal
language	pel				ms			2009-07-29		Pekal
language	pem							2009-07-29		Phende
language	peo							2005-10-16		Old Persian (ca. 600-400 B.C.)
language	pep							2009-07-29		Kunja
language	peq							2009-07-29		Southern Pomo
language	pes				fa			2009-07-29		Iranian Persian
language	pev							2009-07-29		Pémono
language	pex							2009-07-29		Petats
language	pey							2009-07-29		Petjo
language	pez							2009-07-29		Eastern Penan
language	pfa							2009-07-29		Pááfang
language	pfe							2009-07-29		Pere
language	pfl							2009-07-29		Pfaelzisch
language	pga				ar			2009-07-29		Sudanese Creole Arabic
language	pgd							2015-02-12		Gāndhārī
language	pgg							2009-07-29		Pangwali
language	pgi							2009-07-29		Pagi
language	pgk							2009-07-29		Rerep
language	pgl							2011-08-16		Primitive Irish
language	pgn							2009-07-29		Paelignian
language	pgs							2009-07-29		Pangseng
language	pgu							2009-07-29		Pagu
language	pgy						2012-08-12	2009-07-29		Pongyong
language	pgz							2016-05-30		Papua New Guinean Sign Language
language	pha							2009-07-29		Pa-Hng
language	phd							2009-07-29		Phudagi
language	phg							2009-07-29		Phuong
language	phh							2009-07-29		Phukha
language	phi					collection		2005-10-16		Philippine languages
language	phj							2022-02-25		Pahari
language	phk							2009-07-29		Phake
language	phl							2009-07-29		Phalura | Palula
language	phm							2009-07-29		Phimbi
language	phn							2005-10-16		Phoenician
language	pho							2009-07-29		Phunoi
language	phq							2009-07-29		Phana'
language	phr				lah			2009-07-29		Pahari-Potwari
language	pht							2009-07-29		Phu Thai
language	phu							2009-07-29		Phuan
language	phv							2009-07-29		Pahlavani
language	phw							2009-07-29		Phangduwali
language	pi							2005-10-16		Pali
language	pia							2009-07-29		Pima Bajo
language	pib							2009-07-29		Yine
language	pic							2009-07-29		Pinji
language	pid							2009-07-29		Piaroa
language	pie							2009-07-29		Piro
language	pif							2009-07-29		Pingelapese
language	pig							2009-07-29		Pisabo
language	pih							2009-07-29		Pitcairn-Norfolk
language	pii						2022-02-25	2009-07-29		Pini
language	pij							2009-07-29		Pijao
language	pil							2009-07-29		Yom
language	pim							2009-07-29		Powhatan
language	pin							2009-07-29		Piame
language	pio							2009-07-29		Piapoco
language	pip							2009-07-29		Pero
language	pir							2009-07-29		Piratapuyo
language	pis							2009-07-29		Pijin
language	pit							2009-07-29		Pitta Pitta
language	piu							2009-07-29		Pintupi-Luritja
language	piv							2009-07-29		Pileni | Vaeakau-Taumako
language	piw							2009-07-29		Pimbwe
language	pix							2009-07-29		Piu
language	piy							2009-07-29		Piya-Kwonci
language	piz							2009-07-29		Pije
language	pjt							2009-07-29		Pitjantjatjara
language	pka							2009-07-29		Ardhamāgadhī Prākrit
language	pkb							2009-07-29		Pokomo | Kipfokomo
language	pkc							2009-07-29		Paekche
language	pkg							2009-07-29		Pak-Tong
language	pkh							2009-07-29		Pankhu
language	pkn							2009-07-29		Pakanha
language	pko				kln			2009-07-29		Pökoot
language	pkp							2009-07-29		Pukapuka
language	pkr							2009-07-29		Attapady Kurumba
language	pks							2009-07-29		Pakistan Sign Language
language	pkt							2009-07-29		Maleng
language	pku							2009-07-29		Paku
language	pl			Latn				2005-10-16		Polish
language	pla							2009-07-29		Miani
language	plb							2009-07-29		Polonombauk
language	plc							2009-07-29		Central Palawano
language	pld							2009-07-29		Polari
language	ple							2009-07-29		Palu'e
language	plf					collection		2009-07-29		Central Malayo-Polynesian languages
language	plg							2009-07-29		Pilagá
language	plh							2009-07-29		Paulohi
language	plj						2023-03-17	2009-07-29		Polci
language	plk							2009-07-29		Kohistani Shina
language	pll							2009-07-29		Shwe Palaung
language	pln							2009-07-29		Palenquero
language	plo							2009-07-29		Oluta Popoluca
language	plp						2020-03-28	2009-07-29		Palpa
language	plq							2009-07-29		Palaic
language	plr							2009-07-29		Palaka Senoufo
language	pls							2009-07-29		San Marcos Tlacoyalco Popoloca | San Marcos Tlalcoyalco Popoloca
language	plt				mg			2009-07-29		Plateau Malagasy
language	plu							2009-07-29		Palikúr
language	plv							2009-07-29		Southwest Palawano
language	plw							2009-07-29		Brooke's Point Palawano
language	ply							2009-07-29		Bolyu
language	plz							2009-07-29		Paluan
language	pma							2009-07-29		Paama
language	pmb							2009-07-29		Pambia
language	pmc		huw				2016-05-30	2009-07-29		Palumata
language	pmd							2012-08-12		Pallanganmiddang
language	pme							2009-07-29		Pwaamei
language	pmf							2009-07-29		Pamona
language	pmh							2009-07-29		Māhārāṣṭri Prākrit
language	pmi							2009-07-29		Northern Pumi
language	pmj							2009-07-29		Southern Pumi
language	pmk		crr				2023-03-17	2009-07-29		Pamlico
language	pml							2009-07-29		Lingua Franca
language	pmm							2009-07-29		Pomo
language	pmn							2009-07-29		Pam
language	pmo							2009-07-29		Pom
language	pmq							2009-07-29		Northern Pame
language	pmr							2009-07-29		Paynamar
language	pms							2009-07-29		Piemontese
language	pmt							2009-07-29		Tuamotuan
language	pmu		phr		lah		2015-02-12	2009-07-29		Mirpur Panjabi
language	pmw							2009-07-29		Plains Miwok
language	pmx							2009-07-29		Poumei Naga
language	pmy							2009-07-29		Papuan Malay
language	pmz							2009-07-29		Southern Pame
language	pna							2009-07-29		Punan Bah-Biau
language	pnb				lah			2009-07-29		Western Panjabi
language	pnc							2009-07-29		Pannei
language	pnd							2019-04-16		Mpinda
language	pne							2009-07-29		Western Penan
language	png							2009-07-29		Pangu | Pongu
language	pnh							2009-07-29		Penrhyn
language	pni							2009-07-29		Aoheng
language	pnj							2013-09-10		Pinjarup
language	pnk							2012-08-12		Paunaka
language	pnl							2013-09-10		Paleni
language	pnm							2009-07-29		Punan Batu 1
language	pnn							2009-07-29		Pinai-Hagahai
language	pno							2009-07-29		Panobo
language	pnp							2009-07-29		Pancana
language	pnq							2009-07-29		Pana (Burkina Faso)
language	pnr							2009-07-29		Panim
language	pns							2009-07-29		Ponosakan
language	pnt							2009-07-29		Pontic
language	pnu							2009-07-29		Jiongnai Bunu
language	pnv							2009-07-29		Pinigura
language	pnw							2009-07-29		Banyjima | Panytyima
language	pnx							2009-07-29		Phong-Kniang
language	pny							2009-07-29		Pinyin
language	pnz							2009-07-29		Pana (Central African Republic)
language	poc							2009-07-29		Poqomam
language	pod						2016-05-30	2009-07-29		Ponares
language	poe							2009-07-29		San Juan Atzingo Popoloca
language	pof							2009-07-29		Poke
language	pog							2009-07-29		Potiguára
language	poh							2009-07-29		Poqomchi'
language	poi							2009-07-29		Highland Popoluca
language	pok							2009-07-29		Pokangá
language	pom							2009-07-29		Southeastern Pomo
language	pon							2005-10-16		Pohnpeian
language	poo							2009-07-29		Central Pomo
language	pop							2009-07-29		Pwapwâ
language	poq							2009-07-29		Texistepec Popoluca
language	pos							2009-07-29		Sayula Popoluca
language	pot							2009-07-29		Potawatomi
language	pov							2009-07-29		Upper Guinea Crioulo
language	pow							2009-07-29		San Felipe Otlaltepec Popoloca
language	pox							2009-07-29		Polabian
language	poy							2009-07-29		Pogolo
language	poz					collection		2009-07-29		Malayo-Polynesian languages
language	ppa		bfy				2016-05-30	2009-07-29		Pao
language	ppe							2009-07-29		Papi
language	ppi							2009-07-29		Paipai
language	ppk							2009-07-29		Uma
language	ppl							2009-07-29		Pipil | Nicarao
language	ppm							2009-07-29		Papuma
language	ppn							2009-07-29		Papapana
language	ppo							2009-07-29		Folopa
language	ppp							2009-07-29		Pelende
language	ppq							2009-07-29		Pei
language	ppr		lcq				2013-09-10	2009-07-29		Piru
language	pps							2009-07-29		San Luís Temalacayuca Popoloca
language	ppt							2009-07-29		Pare
language	ppu							2009-07-29		Papora
language	pqa							2009-07-29		Pa'a
language	pqe					collection		2009-07-29		Eastern Malayo-Polynesian languages
language	pqm							2009-07-29		Malecite-Passamaquoddy
language	pqw					collection		2009-07-29		Western Malayo-Polynesian languages
language	pra					collection		2005-10-16		Prakrit languages
language	prb						2017-02-23	2009-07-29		Lua'
language	prc							2009-07-29		Parachi
language	prd							2009-07-29		Parsi-Dari
language	pre							2009-07-29		Principense
language	prf							2010-03-11		Paranan
language	prg							2009-07-29		Prussian
language	prh							2009-07-29		Porohanon
language	pri							2009-07-29		Paicî
language	prk							2009-07-29		Parauk
language	prl							2009-07-29		Peruvian Sign Language
language	prm							2009-07-29		Kibiri
language	prn							2009-07-29		Prasuni
language	pro							2005-10-16		Old Provençal (to 1500) | Old Occitan (to 1500)
language	prp		gu				2023-03-17	2009-07-29		Parsi
language	prq							2009-07-29		Ashéninka Perené
language	prr							2009-07-29		Puri
language	prs				fa			2009-07-29		Dari | Afghan Persian
language	prt							2009-07-29		Phai
language	pru							2009-07-29		Puragi
language	prw							2009-07-29		Parawen
language	prx							2009-07-29		Purik
language	pry		prt				2016-05-30	2009-07-29		Pray 3
language	prz							2009-07-29		Providencia Sign Language
language	ps			Arab		macrolanguage		2005-10-16		Pushto | Pashto
language	psa							2009-07-29		Asue Awyu
language	psc							2009-07-29		Iranian Sign Language | Persian Sign Language
language	psd							2009-07-29		Plains Indian Sign Language
language	pse				ms			2009-07-29		Central Malay
language	psg							2009-07-29		Penang Sign Language
language	psh							2009-07-29		Southwest Pashai | Southwest Pashayi
language	psi							2009-07-29		Southeast Pashai | Southeast Pashayi
language	psl							2009-07-29		Puerto Rican Sign Language
language	psm							2009-07-29		Pauserna
language	psn							2009-07-29		Panasuan
language	pso							2009-07-29		Polish Sign Language
language	psp							2009-07-29		Philippine Sign Language
language	psq							2009-07-29		Pasi
language	psr							2009-07-29		Portuguese Sign Language
language	pss							2009-07-29		Kaulong
language	pst				ps			2009-07-29		Central Pashto
language	psu							2009-07-29		Sauraseni Prākrit
language	psw							2009-07-29		Port Sandwich
language	psy							2009-07-29		Piscataway
language	pt			Latn				2005-10-16		Portuguese
language	pta							2009-07-29		Pai Tavytera
language	pth							2009-07-29		Pataxó Hã-Ha-Hãe
language	pti							2009-07-29		Pindiini | Wangkatha
language	ptn							2009-07-29		Patani
language	pto							2009-07-29		Zo'é
language	ptp							2009-07-29		Patep
language	ptq							2014-04-06		Pattapu
language	ptr							2009-07-29		Piamatsina
language	ptt							2009-07-29		Enrekang
language	ptu							2009-07-29		Bambam
language	ptv							2009-07-29		Port Vato
language	ptw							2009-07-29		Pentlatch
language	pty							2009-07-29		Pathiya
language	pua							2009-07-29		Western Highland Purepecha
language	pub							2009-07-29		Purum
language	puc							2009-07-29		Punan Merap
language	pud							2009-07-29		Punan Aput
language	pue							2009-07-29		Puelche
language	puf							2009-07-29		Punan Merah
language	pug							2009-07-29		Phuie
language	pui							2009-07-29		Puinave
language	puj							2009-07-29		Punan Tubu
language	puk						2017-02-23	2009-07-29		Pu Ko
language	pum							2009-07-29		Puma
language	puo							2009-07-29		Puoc
language	pup							2009-07-29		Pulabu
language	puq							2009-07-29		Puquina
language	pur							2009-07-29		Puruborá
language	put							2009-07-29		Putoh
language	puu							2009-07-29		Punu
language	puw							2009-07-29		Puluwatese
language	pux							2009-07-29		Puare
language	puy							2009-07-29		Purisimeño
language	puz		pub				2014-02-28	2009-07-29		Purum Naga
language	pwa							2009-07-29		Pawaia
language	pwb							2009-07-29		Panawa
language	pwg							2009-07-29		Gapapaiwa
language	pwi							2013-09-10		Patwin
language	pwm							2009-07-29		Molbog
language	pwn							2009-07-29		Paiwan
language	pwo							2009-07-29		Pwo Western Karen
language	pwr							2009-07-29		Powari
language	pww							2009-07-29		Pwo Northern Karen
language	pxm							2009-07-29		Quetzaltepec Mixe
language	pye							2009-07-29		Pye Krumen
language	pym							2009-07-29		Fyam
language	pyn							2009-07-29		Poyanáwa
language	pys							2010-03-11		Paraguayan Sign Language | Lengua de Señas del Paraguay
language	pyu							2009-07-29		Puyuma
language	pyx							2009-07-29		Pyu (Myanmar)
language	pyy							2009-07-29		Pyen
language	pze							2023-03-17		Pesse
language	pzh							2022-02-25		Pazeh
language	pzn							2009-07-29		Jejara Naga | Para Naga
language	qaa..qtz					private-use		2005-10-16		Private use
language	qu			Latn		macrolanguage		2005-10-16		Quechua
language	qua							2009-07-29		Quapaw
language	qub				qu			2009-07-29		Huallaga Huánuco Quechua
language	quc							2009-07-29		K'iche' | Quiché
language	qud				qu			2009-07-29		Calderón Highland Quichua
language	quf				qu			2009-07-29		Lambayeque Quechua
language	qug				qu			2009-07-29		Chimborazo Highland Quichua
language	quh				qu			2009-07-29		South Bolivian Quechua
language	qui							2009-07-29		Quileute
language	quk				qu			2009-07-29		Chachapoyas Quechua
language	qul				qu			2009-07-29		North Bolivian Quechua
language	qum							2009-07-29		Sipacapense
language	qun							2009-07-29		Quinault
language	qup				qu			2009-07-29		Southern Pastaza Quechua
language	quq							2009-07-29		Quinqui
language	qur				qu			2009-07-29		Yanahuanca Pasco Quechua
language	qus				qu			2009-07-29		Santiago del Estero Quichua
language	quv							2009-07-29		Sacapulteco
language	quw				qu			2009-07-29		Tena Lowland Quichua
language	qux				qu			2009-07-29		Yauyos Quechua
language	quy				qu			2009-07-29		Ayacucho Quechua
language	quz				qu			2009-07-29		Cusco Quechua
language	qva				qu			2009-07-29		Ambo-Pasco Quechua
language	qvc				qu			2009-07-29		Cajamarca Quechua
language	qve				qu			2009-07-29		Eastern Apurímac Quechua
language	qvh				qu			2009-07-29		Huamalíes-Dos de Mayo Huánuco Quechua
language	qvi				qu			2009-07-29		Imbabura Highland Quichua
language	qvj				qu			2009-07-29		Loja Highland Quichua
language	qvl				qu			2009-07-29		Cajatambo North Lima Quechua
language	qvm				qu			2009-07-29		Margos-Yarowilca-Lauricocha Quechua
language	qvn				qu			2009-07-29		North Junín Quechua
language	qvo				qu			2009-07-29		Napo Lowland Quechua
language	qvp				qu			2009-07-29		Pacaraos Quechua
language	qvs				qu			2009-07-29		San Martín Quechua
language	qvw				qu			2009-07-29		Huaylla Wanca Quechua
language	qvy							2009-07-29		Queyu
language	qvz				qu			2009-07-29		Northern Pastaza Quichua
language	qwa				qu			2009-07-29		Corongo Ancash Quechua
language	qwc				qu			2009-07-29		Classical Quechua
language	qwe					collection		2009-07-29		Quechuan (family)
language	qwh				qu			2009-07-29		Huaylas Ancash Quechua
language	qwm							2009-07-29		Kuman (Russia)
language	qws				qu			2009-07-29		Sihuas Ancash Quechua
language	qwt							2009-07-29		Kwalhioqua-Tlatskanai
language	qxa				qu			2009-07-29		Chiquián Ancash Quechua
language	qxc				qu			2009-07-29		Chincha Quechua
language	qxh				qu			2009-07-29		Panao Huánuco Quechua
language	qxl				qu			2009-07-29		Salasaca Highland Quichua
language	qxn				qu			2009-07-29		Northern Conchucos Ancash Quechua
language	qxo				qu			2009-07-29		Southern Conchucos Ancash Quechua
language	qxp				qu			2009-07-29		Puno Quechua
language	qxq							2009-07-29		Qashqa'i
language	qxr				qu			2009-07-29		Cañar Highland Quichua
language	qxs							2009-07-29		Southern Qiang
language	qxt				qu			2009-07-29		Santa Ana de Tusi Pasco Quechua
language	qxu				qu			2009-07-29		Arequipa-La Unión Quechua
language	qxw				qu			2009-07-29		Jauja Wanca Quechua
language	qya							2009-07-29		Quenya
language	qyp							2009-07-29		Quiripi
language	raa							2009-07-29		Dungmali
language	rab							2009-07-29		Camling
language	rac							2009-07-29		Rasawa
language	rad							2009-07-29		Rade
language	raf							2009-07-29		Western Meohang
language	rag				luy			2009-07-29		Logooli | Lulogooli
language	rah							2009-07-29		Rabha
language	rai							2009-07-29		Ramoaaina
language	raj					macrolanguage		2005-10-16		Rajasthani
language	rak							2009-07-29		Tulu-Bohuai
language	ral							2009-07-29		Ralte
language	ram							2009-07-29		Canela
language	ran							2009-07-29		Riantana
language	rao							2009-07-29		Rao
language	rap							2005-10-16		Rapanui
language	raq							2009-07-29		Saam
language	rar							2005-10-16		Rarotongan | Cook Islands Maori
language	ras							2009-07-29		Tegali
language	rat							2009-07-29		Razajerdi
language	rau							2009-07-29		Raute
language	rav							2009-07-29		Sampang
language	raw							2009-07-29		Rawang
language	rax							2009-07-29		Rang
language	ray							2009-07-29		Rapa
language	raz							2009-07-29		Rahambuu
language	rbb							2009-07-29		Rumai Palaung
language	rbk				bnc			2010-03-11		Northern Bontok
language	rbl				bik			2010-03-11		Miraya Bikol
language	rbp							2012-08-12		Barababaraba
language	rcf							2009-07-29		Réunion Creole French
language	rdb							2009-07-29		Rudbari
language	rea							2009-07-29		Rerau
language	reb							2009-07-29		Rembong
language	ree							2009-07-29		Rejang Kayan
language	reg							2009-07-29		Kara (Tanzania)
language	rei							2009-07-29		Reli
language	rej							2009-07-29		Rejang
language	rel							2009-07-29		Rendille
language	rem							2009-07-29		Remo
language	ren							2009-07-29		Rengao
language	rer							2009-07-29		Rer Bare
language	res							2009-07-29		Reshe
language	ret							2009-07-29		Retta
language	rey							2009-07-29		Reyesano
language	rga							2009-07-29		Roria
language	rge							2009-07-29		Romano-Greek
language	rgk							2009-07-29		Rangkas
language	rgn							2009-07-29		Romagnol
language	rgr							2009-07-29		Resígaro
language	rgs							2009-07-29		Southern Roglai
language	rgu							2009-07-29		Ringgou
language	rhg							2009-07-29		Rohingya
language	rhp							2009-07-29		Yahang
language	ria							2009-07-29		Riang (India)
language	rib							2022-02-25		Bribri Sign Language
language	rie						2017-02-23	2009-07-29		Rien
language	rif							2009-07-29		Tarifit
language	ril							2009-07-29		Riang Lang | Riang (Myanmar)
language	rim							2009-07-29		Nyaturu
language	rin							2009-07-29		Nungu
language	rir							2009-07-29		Ribun
language	rit							2009-07-29		Ritharrngu
language	riu							2009-07-29		Riung
language	rjg							2009-07-29		Rajong
language	rji							2009-07-29		Raji
language	rjs							2009-07-29		Rajbanshi
language	rka							2009-07-29		Kraol
language	rkb							2009-07-29		Rikbaktsa
language	rkh							2009-07-29		Rakahanga-Manihiki
language	rki							2009-07-29		Rakhine
language	rkm							2009-07-29		Marka
language	rkt							2009-07-29		Rangpuri | Kamta
language	rkw							2013-09-10		Arakwal
language	rm			Latn				2005-10-16		Romansh
language	rma							2009-07-29		Rama
language	rmb							2009-07-29		Rembarrnga
language	rmc				rom			2009-07-29		Carpathian Romani
language	rmd							2009-07-29		Traveller Danish
language	rme							2009-07-29		Angloromani
language	rmf				rom			2009-07-29		Kalo Finnish Romani
language	rmg							2009-07-29		Traveller Norwegian
language	rmh							2009-07-29		Murkim
language	rmi							2009-07-29		Lomavren
language	rmk							2009-07-29		Romkun
language	rml				rom			2009-07-29		Baltic Romani
language	rmm							2009-07-29		Roma
language	rmn				rom			2009-07-29		Balkan Romani
language	rmo				rom			2009-07-29		Sinte Romani
language	rmp							2009-07-29		Rempi
language	rmq							2010-03-11		Caló
language	rmr						2010-03-11	2009-07-29		Caló
language	rms							2009-07-29		Romanian Sign Language
language	rmt							2009-07-29		Domari
language	rmu							2009-07-29		Tavringer Romani
language	rmv							2009-07-29		Romanova
language	rmw				rom			2009-07-29		Welsh Romani
language	rmx							2009-07-29		Romam
language	rmy				rom			2009-07-29		Vlax Romani
language	rmz							2009-07-29		Marma
language	rn			Latn				2005-10-16		Rundi
language	rna						2016-05-30	2009-07-29		Runa
language	rnb							2022-02-25		Brunca Sign Language
language	rnd							2009-07-29		Ruund
language	rng							2009-07-29		Ronga
language	rnl							2009-07-29		Ranglong
language	rnn							2009-07-29		Roon
language	rnp							2009-07-29		Rongpo
language	rnr							2012-08-20		Nari Nari
language	rnw							2009-07-29		Rungwa
language	ro			Latn				2005-10-16		Romanian | Moldavian | Moldovan
language	roa					collection		2005-10-16		Romance languages
language	rob							2009-07-29		Tae'
language	roc							2009-07-29		Cacgia Roglai
language	rod							2009-07-29		Rogo
language	roe							2009-07-29		Ronji
language	rof							2009-07-29		Rombo
language	rog							2009-07-29		Northern Roglai
language	rol							2009-07-29		Romblomanon
language	rom					macrolanguage		2005-10-16		Romany
language	roo							2009-07-29		Rotokas
language	rop							2009-07-29		Kriol
language	ror							2009-07-29		Rongga
language	rou							2009-07-29		Runga
language	row							2009-07-29		Dela-Oenale
language	rpn							2009-07-29		Repanbitip
language	rpt							2009-07-29		Rapting
language	rri							2009-07-29		Ririo
language	rrm							2024-03-04		Moriori
language	rro							2009-07-29		Waima
language	rrt							2012-08-12		Arritinngithigh
language	rsb							2009-07-29		Romano-Serbian
language	rsi						2017-02-23	2009-07-29		Rennellese Sign Language
language	rsk							2022-02-25		Ruthenian | Rusnak
language	rsl							2009-07-29		Russian Sign Language
language	rsm							2016-05-30		Miriwoong Sign Language
language	rsn							2022-02-25		Rwandan Sign Language
language	rsw							2023-03-17		Rishiwa
language	rtc							2012-08-12		Rungtu Chin
language	rth							2009-07-29		Ratahan
language	rtm							2009-07-29		Rotuman
language	rts							2015-02-12		Yurats
language	rtw							2009-07-29		Rathawi
language	ru			Cyrl				2005-10-16		Russian
language	rub							2009-07-29		Gungu
language	ruc							2009-07-29		Ruuli
language	rue							2009-07-29		Rusyn
language	ruf							2009-07-29		Luguru
language	rug							2009-07-29		Roviana
language	ruh							2009-07-29		Ruga
language	rui							2009-07-29		Rufiji
language	ruk							2009-07-29		Che
language	ruo							2009-07-29		Istro Romanian
language	rup							2005-10-16		Macedo-Romanian | Aromanian | Arumanian
language	ruq							2009-07-29		Megleno Romanian
language	rut							2009-07-29		Rutul
language	ruu							2009-07-29		Lanas Lobu
language	ruy							2009-07-29		Mala (Nigeria)
language	ruz							2009-07-29		Ruma
language	rw			Latn				2005-10-16		Kinyarwanda
language	rwa							2009-07-29		Rawo
language	rwk							2009-07-29		Rwa
language	rwl							2021-02-20		Ruwila
language	rwm							2009-07-29		Amba (Uganda)
language	rwo							2009-07-29		Rawa
language	rwr				mwr			2009-07-29		Marwari (India)
language	rxd							2013-09-10		Ngardi
language	rxw							2013-09-10		Karuwali | Garuwali
language	ryn							2009-07-29		Northern Amami-Oshima
language	rys							2009-07-29		Yaeyama
language	ryu							2009-07-29		Central Okinawan
language	rzh							2016-05-30		Rāziḥī
language	sa					macrolanguage		2005-10-16		Sanskrit
language	saa							2009-07-29		Saba
language	sab							2009-07-29		Buglere
language	sac							2009-07-29		Meskwaki
language	sad							2005-10-16		Sandawe
language	sae							2009-07-29		Sabanê
language	saf							2009-07-29		Safaliba
language	sah							2005-10-16		Yakut
language	sai					collection		2005-10-16		South American Indian languages
language	saj							2009-07-29		Sahu
language	sak							2009-07-29		Sake
language	sal					collection		2005-10-16		Salishan languages
language	sam							2005-10-16		Samaritan Aramaic
language	sao							2009-07-29		Sause
language	sap						2014-02-28	2009-07-29		Sanapaná
language	saq							2009-07-29		Samburu
language	sar							2009-07-29		Saraveca
language	sas							2005-10-16		Sasak
language	sat							2005-10-16		Santali
language	sau							2009-07-29		Saleman
language	sav							2009-07-29		Saafi-Saafi
language	saw							2009-07-29		Sawi
language	sax							2009-07-29		Sa
language	say							2009-07-29		Saya
language	saz							2009-07-29		Saurashtra
language	sba							2009-07-29		Ngambay
language	sbb							2009-07-29		Simbo
language	sbc							2009-07-29		Kele (Papua New Guinea)
language	sbd							2009-07-29		Southern Samo
language	sbe							2009-07-29		Saliba
language	sbf							2009-07-29		Chabu | Shabo
language	sbg							2009-07-29		Seget
language	sbh							2009-07-29		Sori-Harengan
language	sbi							2009-07-29		Seti
language	sbj							2009-07-29		Surbakhal
language	sbk							2009-07-29		Safwa
language	sbl							2009-07-29		Botolan Sambal
language	sbm							2009-07-29		Sagala
language	sbn							2009-07-29		Sindhi Bhil
language	sbo							2009-07-29		Sabüm
language	sbp							2009-07-29		Sangu (Tanzania)
language	sbq							2009-07-29		Sileibi
language	sbr							2009-07-29		Sembakung Murut
language	sbs							2009-07-29		Subiya
language	sbt							2009-07-29		Kimki
language	sbu							2009-07-29		Stod Bhoti
language	sbv							2009-07-29		Sabine
language	sbw							2009-07-29		Simba
language	sbx							2009-07-29		Seberuang
language	sby							2009-07-29		Soli
language	sbz							2009-07-29		Sara Kaba
language	sc					macrolanguage		2005-10-16		Sardinian
language	sca		hle				2012-08-12	2009-07-29		Sansu
language	scb							2009-07-29		Chut
language	sce							2009-07-29		Dongxiang
language	scf							2009-07-29		San Miguel Creole French
language	scg							2009-07-29		Sanggau
language	sch							2009-07-29		Sakachep
language	sci							2009-07-29		Sri Lankan Creole Malay
language	sck							2009-07-29		Sadri
language	scl							2009-07-29		Shina
language	scn							2005-10-16		Sicilian
language	sco							2005-10-16		Scots
language	scp							2009-07-29		Hyolmo | Helambu Sherpa
language	scq							2009-07-29		Sa'och
language	scs				den			2009-07-29		North Slavey
language	sct							2017-02-23		Southern Katang
language	scu							2009-07-29		Shumcho
language	scv							2009-07-29		Sheni
language	scw							2009-07-29		Sha
language	scx							2009-07-29		Sicel
language	scz							2026-04-09		Shaetlan
language	sd							2005-10-16		Sindhi
language	sda							2009-07-29		Toraja-Sa'dan
language	sdb							2009-07-29		Shabak
language	sdc				sc			2009-07-29		Sassarese Sardinian
language	sde							2009-07-29		Surubu
language	sdf							2009-07-29		Sarli
language	sdg							2009-07-29		Savi
language	sdh				ku			2009-07-29		Southern Kurdish
language	sdj							2009-07-29		Suundi
language	sdk							2009-07-29		Sos Kundi
language	sdl							2009-07-29		Saudi Arabian Sign Language
language	sdm						2020-03-28	2009-07-29		Semandang
language	sdn				sc			2009-07-29		Gallurese Sardinian
language	sdo							2009-07-29		Bukar-Sadung Bidayuh
language	sdp							2009-07-29		Sherdukpen
language	sdq							2020-03-28		Semandang
language	sdr							2009-07-29		Oraon Sadri
language	sds							2009-07-29		Sened
language	sdt							2009-07-29		Shuadit
language	sdu							2009-07-29		Sarudu
language	sdv					collection		2009-07-29		Eastern Sudanic languages
language	sdx							2009-07-29		Sibu Melanau
language	sdz							2009-07-29		Sallands
language	se							2005-10-16		Northern Sami
language	sea							2009-07-29		Semai
language	seb							2009-07-29		Shempire Senoufo
language	sec							2009-07-29		Sechelt | She shashishalhem
language	sed							2009-07-29		Sedang
language	see							2009-07-29		Seneca
language	sef							2009-07-29		Cebaara Senoufo
language	seg							2009-07-29		Segeju
language	seh							2009-07-29		Sena
language	sei							2009-07-29		Seri
language	sej							2009-07-29		Sene
language	sek							2009-07-29		Sekani
language	sel							2005-10-16		Selkup
language	sem					collection		2005-10-16		Semitic languages
language	sen							2009-07-29		Nanerigé Sénoufo
language	seo							2009-07-29		Suarmin
language	sep							2009-07-29		Sìcìté Sénoufo
language	seq							2009-07-29		Senara Sénoufo
language	ser							2009-07-29		Serrano
language	ses							2009-07-29		Koyraboro Senni Songhai
language	set							2009-07-29		Sentani
language	seu							2009-07-29		Serui-Laut
language	sev							2009-07-29		Nyarafolo Senoufo
language	sew							2009-07-29		Sewa Bay
language	sey							2009-07-29		Secoya
language	sez							2009-07-29		Senthang Chin
language	sfb							2009-07-29		Langue des signes de Belgique Francophone | French Belgian Sign Language
language	sfe							2012-08-12		Eastern Subanen
language	sfm				hmn			2009-07-29		Small Flowery Miao
language	sfs							2009-07-29		South African Sign Language
language	sfw							2009-07-29		Sehwi
language	sg			Latn				2005-10-16		Sango
language	sga							2005-10-16		Old Irish (to 900)
language	sgb							2009-07-29		Mag-antsi Ayta
language	sgc				kln			2009-07-29		Kipsigis
language	sgd							2010-03-11		Surigaonon
language	sge							2009-07-29		Segai
language	sgg							2009-07-29		Swiss-German Sign Language
language	sgh							2009-07-29		Shughni
language	sgi							2009-07-29		Suga
language	sgj							2012-08-12		Surgujia
language	sgk							2009-07-29		Sangkong
language	sgl						2010-03-11	2009-07-29		Sanglechi-Ishkashimi
language	sgm							2009-07-29		Singa
language	sgn					collection		2005-10-16		Sign languages
language	sgo						2015-02-12	2009-07-29		Songa
language	sgp							2009-07-29		Singpho
language	sgr							2009-07-29		Sangisari
language	sgs							2010-07-26		Samogitian
language	sgt							2009-07-29		Brokpake
language	sgu							2009-07-29		Salas
language	sgw							2009-07-29		Sebat Bet Gurage
language	sgx							2009-07-29		Sierra Leone Sign Language
language	sgy							2010-03-11		Sanglechi
language	sgz							2009-07-29		Sursurunga
language	sh					macrolanguage		2005-10-16		Serbo-Croatian
language	sha							2009-07-29		Shall-Zwall
language	shb							2009-07-29		Ninam
language	shc							2009-07-29		Sonde
language	shd							2010-03-11		Kundal Shahi
language	she							2009-07-29		Sheko
language	shg							2009-07-29		Shua
language	shh							2009-07-29		Shoshoni
language	shi							2009-07-29		Tachelhit
language	shj							2009-07-29		Shatt
language	shk							2009-07-29		Shilluk
language	shl							2009-07-29		Shendu
language	shm							2009-07-29		Shahrudi
language	shn							2005-10-16		Shan
language	sho							2009-07-29		Shanga
language	shp							2009-07-29		Shipibo-Conibo
language	shq							2009-07-29		Sala
language	shr							2009-07-29		Shi
language	shs							2009-07-29		Shuswap | Secwepemctsín
language	sht							2009-07-29		Shasta
language	shu				ar			2009-07-29		Chadian Arabic
language	shv							2009-07-29		Shehri
language	shw							2009-07-29		Shwai
language	shx							2009-07-29		She
language	shy							2009-07-29		Tachawit
language	shz							2009-07-29		Syenara Senoufo
language	si			Sinh				2005-10-16		Sinhala | Sinhalese
language	sia							2009-07-29		Akkala Sami
language	sib							2009-07-29		Sebop
language	sid							2005-10-16		Sidamo
language	sie							2009-07-29		Simaa
language	sif							2009-07-29		Siamou
language	sig							2009-07-29		Paasaal
language	sih							2009-07-29		Zire | Sîshëë
language	sii							2009-07-29		Shom Peng
language	sij							2009-07-29		Numbami
language	sik							2009-07-29		Sikiana
language	sil							2009-07-29		Tumulung Sisaala
language	sim							2009-07-29		Mende (Papua New Guinea)
language	sio					collection		2005-10-16		Siouan languages
language	sip							2009-07-29		Sikkimese
language	siq							2009-07-29		Sonia
language	sir							2009-07-29		Siri
language	sis							2009-07-29		Siuslaw
language	sit					collection		2005-10-16		Sino-Tibetan languages
language	siu							2009-07-29		Sinagen
language	siv							2009-07-29		Sumariup
language	siw							2009-07-29		Siwai
language	six							2009-07-29		Sumau
language	siy							2009-07-29		Sivandi
language	siz							2009-07-29		Siwi
language	sja							2009-07-29		Epena
language	sjb							2009-07-29		Sajau Basap
language	sjc				zh			2024-12-12		Shaojiang Chinese
language	sjd							2009-07-29		Kildin Sami
language	sje							2009-07-29		Pite Sami
language	sjg							2009-07-29		Assangori
language	sjk							2009-07-29		Kemi Sami
language	sjl							2009-07-29		Sajalong | Miji
language	sjm							2009-07-29		Mapun
language	sjn							2009-07-29		Sindarin
language	sjo							2009-07-29		Xibe
language	sjp							2009-07-29		Surjapuri
language	sjr							2009-07-29		Siar-Lak
language	sjs							2009-07-29		Senhaja De Srair
language	sjt							2009-07-29		Ter Sami
language	sju							2009-07-29		Ume Sami
language	sjw							2009-07-29		Shawnee
language	sk			Latn				2005-10-16		Slovak
language	ska							2009-07-29		Skagit
language	skb							2009-07-29		Saek
language	skc							2009-07-29		Ma Manda
language	skd							2009-07-29		Southern Sierra Miwok
language	ske							2009-07-29		Seke (Vanuatu)
language	skf							2009-07-29		Sakirabiá
language	skg				mg			2009-07-29		Sakalava Malagasy
language	skh							2009-07-29		Sikule
language	ski							2009-07-29		Sika
language	skj							2009-07-29		Seke (Nepal)
language	skk		oyb				2017-02-23	2009-07-29		Sok
language	skm							2009-07-29		Kutong
language	skn							2009-07-29		Kolibugan Subanon
language	sko							2009-07-29		Seko Tengah
language	skp							2009-07-29		Sekapan
language	skq							2009-07-29		Sininkere
language	skr				lah			2009-07-29		Saraiki | Seraiki
language	sks							2009-07-29		Maia
language	skt							2009-07-29		Sakata
language	sku							2009-07-29		Sakao
language	skv							2009-07-29		Skou
language	skw							2009-07-29		Skepi Creole Dutch
language	skx							2009-07-29		Seko Padang
language	sky							2009-07-29		Sikaiana
language	skz							2009-07-29		Sekar
language	sl			Latn				2005-10-16		Slovenian
language	sla					collection		2005-10-16		Slavic languages
language	slc							2009-07-29		Sáliba
language	sld							2009-07-29		Sissala
language	sle							2009-07-29		Sholaga
language	slf							2009-07-29		Swiss-Italian Sign Language
language	slg							2009-07-29		Selungai Murut
language	slh							2009-07-29		Southern Puget Sound Salish
language	sli							2009-07-29		Lower Silesian
language	slj							2009-07-29		Salumá
language	sll							2009-07-29		Salt-Yui
language	slm							2009-07-29		Pangutaran Sama
language	sln							2009-07-29		Salinan
language	slp							2009-07-29		Lamaholot
language	slq						2023-03-17	2009-07-29		Salchuq
language	slr							2009-07-29		Salar
language	sls							2009-07-29		Singapore Sign Language
language	slt							2009-07-29		Sila
language	slu							2009-07-29		Selaru
language	slw							2009-07-29		Sialum
language	slx							2009-07-29		Salampasu
language	sly							2009-07-29		Selayar
language	slz							2009-07-29		Ma'ya
language	sm			Latn				2005-10-16		Samoan
language	sma							2005-10-16		Southern Sami
language	smb							2009-07-29		Simbari
language	smc							2009-07-29		Som
language	smd		kmb				2022-02-25	2009-07-29		Sama
language	smf							2009-07-29		Auwe
language	smg							2009-07-29		Simbali
language	smh							2009-07-29		Samei
language	smi					collection		2005-10-16		Sami languages
language	smj							2005-10-16		Lule Sami
language	smk							2009-07-29		Bolinao
language	sml							2009-07-29		Central Sama
language	smm							2009-07-29		Musasa
language	smn							2005-10-16		Inari Sami
language	smp							2009-07-29		Samaritan
language	smq							2009-07-29		Samo
language	smr							2009-07-29		Simeulue
language	sms							2005-10-16		Skolt Sami
language	smt							2009-07-29		Simte
language	smu							2009-07-29		Somray
language	smv							2009-07-29		Samvedi
language	smw							2009-07-29		Sumbawa
language	smx							2009-07-29		Samba
language	smy							2009-07-29		Semnani
language	smz							2009-07-29		Simeku
language	sn							2005-10-16		Shona
language	snb		iba				2022-02-25	2009-07-29		Sebuyau
language	snc							2009-07-29		Sinaugoro
language	sne							2009-07-29		Bau Bidayuh
language	snf							2009-07-29		Noon
language	sng							2009-07-29		Sanga (Democratic Republic of Congo)
language	snh						2017-02-23	2009-07-29		Shinabo
language	sni							2009-07-29		Sensi
language	snj							2009-07-29		Riverain Sango
language	snk							2005-10-16		Soninke
language	snl							2009-07-29		Sangil
language	snm							2009-07-29		Southern Ma'di
language	snn							2009-07-29		Siona
language	sno							2009-07-29		Snohomish
language	snp							2009-07-29		Siane
language	snq							2009-07-29		Sangu (Gabon)
language	snr							2009-07-29		Sihan
language	sns							2009-07-29		South West Bay | Nahavaq
language	snu							2009-07-29		Senggi | Viid
language	snv							2009-07-29		Sa'ban
language	snw							2009-07-29		Selee
language	snx							2009-07-29		Sam
language	sny							2009-07-29		Saniyo-Hiyewe
language	snz							2009-07-29		Kou
language	so			Latn				2005-10-16		Somali
language	soa							2009-07-29		Thai Song
language	sob							2009-07-29		Sobei
language	soc							2009-07-29		So (Democratic Republic of Congo)
language	sod							2009-07-29		Songoora
language	soe							2009-07-29		Songomeno
language	sog							2005-10-16		Sogdian
language	soh							2009-07-29		Aka
language	soi							2009-07-29		Sonha
language	soj							2009-07-29		Soi
language	sok							2009-07-29		Sokoro
language	sol							2009-07-29		Solos
language	son					collection		2005-10-16		Songhai languages
language	soo							2009-07-29		Songo
language	sop							2009-07-29		Songe
language	soq							2009-07-29		Kanasi
language	sor							2009-07-29		Somrai
language	sos							2009-07-29		Seeku
language	sou							2009-07-29		Southern Thai
language	sov							2009-07-29		Sonsorol
language	sow							2009-07-29		Sowanda
language	sox							2009-07-29		Swo
language	soy							2009-07-29		Miyobe
language	soz							2009-07-29		Temi
language	spb							2009-07-29		Sepa (Indonesia)
language	spc							2009-07-29		Sapé
language	spd							2009-07-29		Saep
language	spe							2009-07-29		Sepa (Papua New Guinea)
language	spg							2009-07-29		Sian
language	spi							2009-07-29		Saponi
language	spk							2009-07-29		Sengo
language	spl							2009-07-29		Selepet
language	spm							2009-07-29		Akukem
language	spn							2014-02-28		Sanapaná
language	spo							2009-07-29		Spokane
language	spp							2009-07-29		Supyire Senoufo
language	spq							2009-07-29		Loreto-Ucayali Spanish
language	spr							2009-07-29		Saparua
language	sps							2009-07-29		Saposa
language	spt							2009-07-29		Spiti Bhoti
language	spu							2009-07-29		Sapuan
language	spv				or			2012-08-12		Sambalpuri | Kosli
language	spx							2009-07-29		South Picene
language	spy				kln			2009-07-29		Sabaot
language	sq			Latn		macrolanguage		2005-10-16		Albanian
language	sqa							2009-07-29		Shama-Sambuga
language	sqh							2009-07-29		Shau
language	sqj					collection		2009-07-29		Albanian languages
language	sqk							2012-08-12		Albanian Sign Language
language	sqm							2009-07-29		Suma
language	sqn							2009-07-29		Susquehannock
language	sqo							2009-07-29		Sorkhei
language	sqq							2009-07-29		Sou
language	sqr							2009-07-29		Siculo Arabic
language	sqs							2009-07-29		Sri Lankan Sign Language
language	sqt							2009-07-29		Soqotri
language	squ							2009-07-29		Squamish | Sḵwx̱wú7mesh sníchim
language	sqx							2021-02-20		Kufr Qassem Sign Language (KQSL)
language	sr				sh			2005-10-16		Serbian
language	sra							2009-07-29		Saruga
language	srb							2009-07-29		Sora
language	src				sc			2009-07-29		Logudorese Sardinian
language	sre							2009-07-29		Sara
language	srf							2009-07-29		Nafi
language	srg							2009-07-29		Sulod
language	srh							2009-07-29		Sarikoli
language	sri							2009-07-29		Siriano
language	srk							2009-07-29		Serudung Murut
language	srl							2009-07-29		Isirawa
language	srm							2009-07-29		Saramaccan
language	srn							2005-10-16		Sranan Tongo
language	sro				sc			2009-07-29		Campidanese Sardinian
language	srq							2009-07-29		Sirionó
language	srr							2005-10-16		Serer
language	srs							2009-07-29		Tsuut'ina | Sarsi
language	srt							2009-07-29		Sauri
language	sru							2009-07-29		Suruí
language	srv							2009-07-29		Southern Sorsoganon
language	srw							2009-07-29		Serua
language	srx							2009-07-29		Sirmauri
language	sry							2009-07-29		Sera
language	srz							2009-07-29		Shahmirzadi
language	ss			Latn				2005-10-16		Swati
language	ssa					collection		2005-10-16		Nilo-Saharan languages
language	ssb							2009-07-29		Southern Sama
language	ssc							2009-07-29		Suba-Simbiti
language	ssd							2009-07-29		Siroi
language	sse							2009-07-29		Balangingi | Bangingih Sama
language	ssf							2009-07-29		Thao
language	ssg							2009-07-29		Seimat
language	ssh				ar			2009-07-29		Shihhi Arabic
language	ssi							2009-07-29		Sansi
language	ssj							2009-07-29		Sausi
language	ssk							2009-07-29		Sunam
language	ssl							2009-07-29		Western Sisaala
language	ssm							2009-07-29		Semnam
language	ssn							2009-07-29		Waata
language	sso							2009-07-29		Sissano
language	ssp							2009-07-29		Spanish Sign Language
language	ssq							2009-07-29		So'a
language	ssr							2009-07-29		Swiss-French Sign Language
language	sss							2009-07-29		Sô
language	sst							2009-07-29		Sinasina
language	ssu							2009-07-29		Susuami
language	ssv							2009-07-29		Shark Bay
language	ssx							2009-07-29		Samberigi
language	ssy							2009-07-29		Saho
language	ssz							2009-07-29		Sengseng
language	st			Latn				2005-10-16		Southern Sotho
language	sta							2009-07-29		Settla
language	stb							2009-07-29		Northern Subanen
language	std							2009-07-29		Sentinel
language	ste							2009-07-29		Liana-Seti
language	stf							2009-07-29		Seta
language	stg							2009-07-29		Trieng
language	sth							2009-07-29		Shelta
language	sti							2009-07-29		Bulo Stieng
language	stj							2009-07-29		Matya Samo
language	stk							2009-07-29		Arammba
language	stl							2009-07-29		Stellingwerfs
language	stm							2009-07-29		Setaman
language	stn							2009-07-29		Owa
language	sto							2009-07-29		Stoney
language	stp							2009-07-29		Southeastern Tepehuan
language	stq							2009-07-29		Saterfriesisch
language	str							2009-07-29		Straits Salish
language	sts							2009-07-29		Shumashti
language	stt							2009-07-29		Budeh Stieng
language	stu							2009-07-29		Samtao
language	stv							2009-07-29		Silt'e
language	stw							2009-07-29		Satawalese
language	sty							2013-09-10		Siberian Tatar
language	su							2005-10-16		Sundanese
language	sua							2009-07-29		Sulka
language	sub							2009-07-29		Suku
language	suc							2009-07-29		Western Subanon
language	sue							2009-07-29		Suena
language	sug							2009-07-29		Suganga
language	sui							2009-07-29		Suki
language	suj							2009-07-29		Shubi
language	suk							2005-10-16		Sukuma
language	sul						2010-03-11	2009-07-29		Surigaonon
language	sum						2010-03-11	2009-07-29		Sumo-Mayangna
language	suo							2021-02-20		Bouni
language	suq							2009-07-29		Tirmaga-Chai Suri | Suri
language	sur							2009-07-29		Mwaghavul
language	sus							2005-10-16		Susu
language	sut							2009-07-29		Subtiaba
language	suv							2009-07-29		Puroik
language	suw							2009-07-29		Sumbwa
language	sux							2005-10-16		Sumerian
language	suy							2009-07-29		Suyá
language	suz							2009-07-29		Sunwar
language	sv			Latn				2005-10-16		Swedish
language	sva							2009-07-29		Svan
language	svb							2009-07-29		Ulau-Suain
language	svc							2009-07-29		Vincentian Creole English
language	sve							2009-07-29		Serili
language	svk							2009-07-29		Slovakian Sign Language
language	svm							2013-09-10		Slavomolisano
language	svr						2016-05-30	2009-07-29		Savara
language	svs							2009-07-29		Savosavo
language	svx							2009-07-29		Skalvian
language	sw			Latn		macrolanguage		2005-10-16		Swahili (macrolanguage)
language	swb							2009-07-29		Maore Comorian
language	swc				sw			2009-07-29		Congo Swahili
language	swf							2009-07-29		Sere
language	swg							2009-07-29		Swabian
language	swh				sw			2009-07-29		Swahili (individual language) | Kiswahili
language	swi							2009-07-29		Sui
language	swj							2009-07-29		Sira
language	swk							2009-07-29		Malawi Sena
language	swl							2009-07-29		Swedish Sign Language
language	swm							2009-07-29		Samosa
language	swn							2009-07-29		Sawknah
language	swo							2009-07-29		Shanenawa
language	swp							2009-07-29		Suau
language	swq							2009-07-29		Sharwa
language	swr							2009-07-29		Saweru
language	sws							2009-07-29		Seluwasan
language	swt							2009-07-29		Sawila
language	swu							2009-07-29		Suwawa
language	swv				mwr			2009-07-29		Shekhawati
language	sww							2009-07-29		Sowa
language	swx							2009-07-29		Suruahá
language	swy							2009-07-29		Sarua
language	sxb							2009-07-29		Suba
language	sxc							2009-07-29		Sicanian
language	sxe							2009-07-29		Sighu
language	sxg							2009-07-29		Shuhi | Shixing
language	sxk							2009-07-29		Southern Kalapuya
language	sxl							2009-07-29		Selian
language	sxm							2009-07-29		Samre
language	sxn							2009-07-29		Sangir
language	sxo							2009-07-29		Sorothaptic
language	sxr							2009-07-29		Saaroa
language	sxs							2009-07-29		Sasaru
language	sxu							2009-07-29		Upper Saxon
language	sxw							2009-07-29		Saxwe Gbe
language	sya							2009-07-29		Siang
language	syb							2009-07-29		Central Subanen
language	syc							2007-04-03		Classical Syriac
language	syd					collection		2009-07-29		Samoyedic languages
language	syi							2009-07-29		Seki
language	syk							2009-07-29		Sukur
language	syl							2009-07-29		Sylheti
language	sym							2009-07-29		Maya Samo
language	syn							2009-07-29		Senaya
language	syo							2009-07-29		Suoy
language	syr					macrolanguage		2005-10-16		Syriac
language	sys							2009-07-29		Sinyar
language	syw							2009-07-29		Kagate
language	syx							2015-02-12		Samay
language	syy							2009-07-29		Al-Sayyid Bedouin Sign Language
language	sza							2009-07-29		Semelai
language	szb							2009-07-29		Ngalum
language	szc							2009-07-29		Semaq Beri
language	szd		umi				2023-03-17	2009-07-29		Seru
language	sze							2009-07-29		Seze
language	szg							2009-07-29		Sengele
language	szl							2009-07-29		Silesian
language	szn							2009-07-29		Sula
language	szp							2009-07-29		Suabo
language	szs							2017-02-23		Solomon Islands Sign Language
language	szv							2009-07-29		Isubu | Isu (Fako Division)
language	szw							2009-07-29		Sawai
language	szy							2019-04-16		Sakizaya
language	ta			Taml				2005-10-16		Tamil
language	taa							2009-07-29		Lower Tanana
language	tab							2009-07-29		Tabassaran
language	tac							2009-07-29		Lowland Tarahumara
language	tad							2009-07-29		Tause
language	tae							2009-07-29		Tariana
language	taf							2009-07-29		Tapirapé
language	tag							2009-07-29		Tagoi
language	tai					collection		2005-10-16		Tai languages
language	taj							2009-07-29		Eastern Tamang
language	tak							2009-07-29		Tala
language	tal							2009-07-29		Tal
language	tan							2009-07-29		Tangale
language	tao							2009-07-29		Yami
language	tap							2009-07-29		Taabwa
language	taq				tmh			2009-07-29		Tamasheq
language	tar							2009-07-29		Central Tarahumara
language	tas							2009-07-29		Tay Boi
language	tau							2009-07-29		Upper Tanana
language	tav							2009-07-29		Tatuyo
language	taw							2009-07-29		Tai
language	tax							2009-07-29		Tamki
language	tay							2009-07-29		Atayal
language	taz							2009-07-29		Tocho
language	tba							2009-07-29		Aikanã
language	tbb						2020-03-28	2009-07-29		Tapeba
language	tbc							2009-07-29		Takia
language	tbd							2009-07-29		Kaki Ae
language	tbe							2009-07-29		Tanimbili
language	tbf							2009-07-29		Mandara
language	tbg							2009-07-29		North Tairora
language	tbh							2009-07-29		Dharawal | Thurawal
language	tbi							2009-07-29		Gaam
language	tbj							2009-07-29		Tiang
language	tbk							2009-07-29		Calamian Tagbanwa
language	tbl							2009-07-29		Tboli
language	tbm							2009-07-29		Tagbu
language	tbn							2009-07-29		Barro Negro Tunebo
language	tbo							2009-07-29		Tawala
language	tbp							2009-07-29		Taworta | Diebroud
language	tbq					collection		2009-07-29		Tibeto-Burman languages
language	tbr							2009-07-29		Tumtum
language	tbs							2009-07-29		Tanguat
language	tbt							2009-07-29		Tembo (Kitembo)
language	tbu							2009-07-29		Tubar
language	tbv							2009-07-29		Tobo
language	tbw							2009-07-29		Tagbanwa
language	tbx							2009-07-29		Kapin
language	tby							2009-07-29		Tabaru
language	tbz							2009-07-29		Ditammari
language	tca							2009-07-29		Ticuna
language	tcb							2009-07-29		Tanacross
language	tcc							2009-07-29		Datooga
language	tcd							2009-07-29		Tafi
language	tce							2009-07-29		Southern Tutchone
language	tcf							2009-07-29		Malinaltepec Me'phaa | Malinaltepec Tlapanec
language	tcg							2009-07-29		Tamagario
language	tch							2009-07-29		Turks And Caicos Creole English
language	tci							2009-07-29		Wára
language	tck							2009-07-29		Tchitchege
language	tcl							2009-07-29		Taman (Myanmar)
language	tcm							2009-07-29		Tanahmerah
language	tcn							2009-07-29		Tichurong
language	tco							2009-07-29		Taungyo
language	tcp							2009-07-29		Tawr Chin
language	tcq							2009-07-29		Kaiy
language	tcs							2009-07-29		Torres Strait Creole | Yumplatok
language	tct							2009-07-29		T'en
language	tcu							2009-07-29		Southeastern Tarahumara
language	tcw							2009-07-29		Tecpatlán Totonac
language	tcx							2009-07-29		Toda
language	tcy							2009-07-29		Tulu
language	tcz							2009-07-29		Thado Chin
language	tda							2009-07-29		Tagdal
language	tdb							2009-07-29		Panchpargania
language	tdc							2009-07-29		Emberá-Tadó
language	tdd							2009-07-29		Tai Nüa
language	tde							2010-03-11		Tiranige Diga Dogon
language	tdf							2009-07-29		Talieng
language	tdg							2009-07-29		Western Tamang
language	tdh							2009-07-29		Thulung
language	tdi							2009-07-29		Tomadino
language	tdj							2009-07-29		Tajio
language	tdk							2009-07-29		Tambas
language	tdl							2009-07-29		Sur
language	tdm							2016-05-30		Taruma
language	tdn							2009-07-29		Tondano
language	tdo							2009-07-29		Teme
language	tdq							2009-07-29		Tita
language	tdr							2009-07-29		Todrah
language	tds							2009-07-29		Doutai
language	tdt							2009-07-29		Tetun Dili
language	tdu		dtp				2016-05-30	2009-07-29		Tempasuk Dusun
language	tdv							2009-07-29		Toro
language	tdx				mg			2009-07-29		Tandroy-Mahafaly Malagasy
language	tdy							2009-07-29		Tadyawan
language	te			Telu				2005-10-16		Telugu
language	tea							2009-07-29		Temiar
language	teb							2009-07-29		Tetete
language	tec				kln			2009-07-29		Terik
language	ted							2009-07-29		Tepo Krumen
language	tee							2009-07-29		Huehuetla Tepehua
language	tef							2009-07-29		Teressa
language	teg							2009-07-29		Teke-Tege
language	teh							2009-07-29		Tehuelche
language	tei							2009-07-29		Torricelli
language	tek							2009-07-29		Ibali Teke
language	tem			Latn				2005-10-16		Timne
language	ten							2009-07-29		Tama (Colombia)
language	teo							2009-07-29		Teso
language	tep							2009-07-29		Tepecano
language	teq							2009-07-29		Temein
language	ter							2005-10-16		Tereno
language	tes							2009-07-29		Tengger
language	tet							2005-10-16		Tetum
language	teu							2009-07-29		Soo
language	tev							2009-07-29		Teor
language	tew							2009-07-29		Tewa (USA)
language	tex							2009-07-29		Tennet
language	tey							2009-07-29		Tulishi
language	tez							2018-03-08		Tetserret
language	tfi							2009-07-29		Tofin Gbe
language	tfn							2009-07-29		Tanaina
language	tfo							2009-07-29		Tefaro
language	tfr							2009-07-29		Teribe
language	tft							2009-07-29		Ternate
language	tg							2005-10-16		Tajik
language	tga							2009-07-29		Sagalla
language	tgb							2009-07-29		Tobilung
language	tgc							2009-07-29		Tigak
language	tgd							2009-07-29		Ciwogai
language	tge							2009-07-29		Eastern Gorkha Tamang
language	tgf							2009-07-29		Chalikha
language	tgg						2013-09-10	2009-07-29		Tangga
language	tgh							2009-07-29		Tobagonian Creole English
language	tgi							2009-07-29		Lawunuia
language	tgj							2012-08-12		Tagin
language	tgn							2010-03-11		Tandaganon
language	tgo							2009-07-29		Sudest
language	tgp							2009-07-29		Tangoa
language	tgq							2009-07-29		Tring
language	tgr							2009-07-29		Tareng
language	tgs							2009-07-29		Nume
language	tgt							2009-07-29		Central Tagbanwa
language	tgu							2009-07-29		Tanggu
language	tgv							2009-07-29		Tingui-Boto
language	tgw							2009-07-29		Tagwana Senoufo
language	tgx							2009-07-29		Tagish
language	tgy							2009-07-29		Togoyo
language	tgz							2012-08-12		Tagalaka
language	th			Thai				2005-10-16		Thai
language	thc		tpo				2016-05-30	2009-07-29		Tai Hang Tong
language	thd							2009-07-29		Kuuk Thaayorre | Thayore
language	the							2009-07-29		Chitwania Tharu
language	thf							2009-07-29		Thangmi
language	thh							2009-07-29		Northern Tarahumara
language	thi							2009-07-29		Tai Long
language	thk							2009-07-29		Tharaka | Kitharaka
language	thl							2009-07-29		Dangaura Tharu
language	thm							2009-07-29		Aheu
language	thn							2009-07-29		Thachanadan
language	thp							2009-07-29		Thompson | Nłeʔkepmxcín | Thompson River Salish
language	thq							2009-07-29		Kochila Tharu
language	thr							2009-07-29		Rana Tharu
language	ths							2009-07-29		Thakali
language	tht							2009-07-29		Tahltan | Tāłtān
language	thu							2009-07-29		Thuri
language	thv				tmh			2009-07-29		Tahaggart Tamahaq
language	thw		ola				2020-06-08	2009-07-29		Thudam
language	thx		oyb				2015-02-12	2009-07-29		The
language	thy							2009-07-29		Tha
language	thz				tmh			2009-07-29		Tayart Tamajeq
language	ti			Ethi				2005-10-16		Tigrinya
language	tia							2009-07-29		Tidikelt Tamazight
language	tic							2009-07-29		Tira
language	tid						2016-05-30	2009-07-29		Tidong
language	tie		ras				2011-08-16	2009-07-29		Tingal
language	tif							2009-07-29		Tifal
language	tig							2005-10-16		Tigre
language	tih							2009-07-29		Timugon Murut
language	tii							2009-07-29		Tiene
language	tij							2009-07-29		Tilung
language	tik							2009-07-29		Tikar
language	til							2009-07-29		Tillamook
language	tim							2009-07-29		Timbe
language	tin							2009-07-29		Tindi
language	tio							2009-07-29		Teop
language	tip							2009-07-29		Trimuris
language	tiq							2009-07-29		Tiéfo
language	tis							2009-07-29		Masadiit Itneg
language	tit							2009-07-29		Tinigua
language	tiu							2009-07-29		Adasen
language	tiv							2005-10-16		Tiv
language	tiw							2009-07-29		Tiwi
language	tix							2009-07-29		Southern Tiwa
language	tiy							2009-07-29		Tiruray
language	tiz							2009-07-29		Tai Hongjin
language	tja							2009-07-29		Tajuasohn
language	tjg							2009-07-29		Tunjung
language	tji							2009-07-29		Northern Tujia
language	tjj							2019-04-16		Tjungundji
language	tjl							2012-08-12		Tai Laing
language	tjm							2009-07-29		Timucua
language	tjn							2009-07-29		Tonjon
language	tjo							2009-07-29		Temacine Tamazight
language	tjp							2019-04-16		Tjupany
language	tjs							2009-07-29		Southern Tujia
language	tju							2009-07-29		Tjurruru
language	tjw							2013-09-10		Djabwurrung
language	tk							2005-10-16		Turkmen
language	tka							2009-07-29		Truká
language	tkb							2009-07-29		Buksa
language	tkd							2009-07-29		Tukudede
language	tke							2009-07-29		Takwane
language	tkf							2009-07-29		Tukumanféd
language	tkg				mg			2011-08-16		Tesaka Malagasy
language	tkk		twm				2011-08-16	2009-07-29		Takpa
language	tkl			Latn				2005-10-16		Tokelau
language	tkm							2009-07-29		Takelma
language	tkn							2009-07-29		Toku-No-Shima
language	tkp							2009-07-29		Tikopia
language	tkq							2009-07-29		Tee
language	tkr							2009-07-29		Tsakhur
language	tks							2009-07-29		Takestani
language	tkt							2009-07-29		Kathoriya Tharu
language	tku							2009-07-29		Upper Necaxa Totonac
language	tkv							2014-02-28		Mur Pano
language	tkw							2009-07-29		Teanu
language	tkx							2009-07-29		Tangko
language	tkz							2009-07-29		Takua
language	tl			Latn				2005-10-16		Tagalog
language	tla							2009-07-29		Southwestern Tepehuan
language	tlb							2009-07-29		Tobelo
language	tlc							2009-07-29		Yecuatla Totonac
language	tld							2009-07-29		Talaud
language	tlf							2009-07-29		Telefol
language	tlg							2009-07-29		Tofanma
language	tlh							2005-10-16		Klingon | tlhIngan Hol
language	tli							2005-10-16		Tlingit
language	tlj							2009-07-29		Talinga-Bwisi
language	tlk							2009-07-29		Taloki
language	tll							2009-07-29		Tetela
language	tlm							2009-07-29		Tolomako
language	tln							2009-07-29		Talondo'
language	tlo							2009-07-29		Talodi
language	tlp							2009-07-29		Filomena Mata-Coahuitlán Totonac
language	tlq							2009-07-29		Tai Loi
language	tlr							2009-07-29		Talise
language	tls							2009-07-29		Tambotalo
language	tlt							2009-07-29		Sou Nama | Teluti
language	tlu							2009-07-29		Tulehu
language	tlv							2009-07-29		Taliabu
language	tlw		weo				2012-08-12	2009-07-29		South Wemale
language	tlx							2009-07-29		Khehek
language	tly							2009-07-29		Talysh
language	tma							2009-07-29		Tama (Chad)
language	tmb							2009-07-29		Katbol | Avava
language	tmc							2009-07-29		Tumak
language	tmd							2009-07-29		Haruai
language	tme							2009-07-29		Tremembé
language	tmf							2009-07-29		Toba-Maskoy
language	tmg							2009-07-29		Ternateño
language	tmh			Latn		macrolanguage		2005-10-16		Tamashek
language	tmi							2009-07-29		Tutuba
language	tmj							2009-07-29		Samarokena
language	tmk		tdg				2023-03-17	2009-07-29		Northwestern Tamang
language	tml							2009-07-29		Tamnim Citak
language	tmm							2009-07-29		Tai Thanh
language	tmn							2009-07-29		Taman (Indonesia)
language	tmo							2009-07-29		Temoq
language	tmp		tyj				2016-05-30	2009-07-29		Tai Mène
language	tmq							2009-07-29		Tumleo
language	tmr							2009-07-29		Jewish Babylonian Aramaic (ca. 200-1200 CE)
language	tms							2009-07-29		Tima
language	tmt							2009-07-29		Tasmate
language	tmu							2009-07-29		Iau
language	tmv							2009-07-29		Tembo (Motembo)
language	tmw				ms			2009-07-29		Temuan
language	tmy							2009-07-29		Tami
language	tmz							2009-07-29		Tamanaku
language	tn			Latn				2005-10-16		Tswana
language	tna							2009-07-29		Tacana
language	tnb							2009-07-29		Western Tunebo
language	tnc							2009-07-29		Tanimuca-Retuarã
language	tnd							2009-07-29		Angosturas Tunebo
language	tne		kak				2016-05-30	2009-07-29		Tinoc Kallahan
language	tnf		prs				2010-03-11	2009-07-29		Tangshewi
language	tng							2009-07-29		Tobanga
language	tnh							2009-07-29		Maiani
language	tni							2009-07-29		Tandia
language	tnk							2009-07-29		Kwamera
language	tnl							2009-07-29		Lenakel
language	tnm							2009-07-29		Tabla
language	tnn							2009-07-29		North Tanna
language	tno							2009-07-29		Toromono
language	tnp							2009-07-29		Whitesands
language	tnq							2009-07-29		Taino
language	tnr							2009-07-29		Ménik
language	tns							2009-07-29		Tenis
language	tnt							2009-07-29		Tontemboan
language	tnu							2009-07-29		Tay Khang
language	tnv							2009-07-29		Tangchangya
language	tnw							2009-07-29		Tonsawang
language	tnx							2009-07-29		Tanema
language	tny							2009-07-29		Tongwe
language	tnz							2009-07-29		Ten'edn
language	to			Latn				2005-10-16		Tonga (Tonga Islands)
language	tob							2009-07-29		Toba
language	toc							2009-07-29		Coyutla Totonac
language	tod							2009-07-29		Toma
language	toe						2016-05-30	2009-07-29		Tomedes
language	tof							2009-07-29		Gizrra
language	tog							2005-10-16		Tonga (Nyasa)
language	toh							2009-07-29		Gitonga
language	toi							2009-07-29		Tonga (Zambia)
language	toj							2009-07-29		Tojolabal
language	tok							2022-02-25		Toki Pona
language	tol							2009-07-29		Tolowa
language	tom							2009-07-29		Tombulu
language	too							2009-07-29		Xicotepec De Juárez Totonac
language	top							2009-07-29		Papantla Totonac
language	toq							2009-07-29		Toposa
language	tor							2009-07-29		Togbo-Vara Banda
language	tos							2009-07-29		Highland Totonac
language	tou							2009-07-29		Tho
language	tov							2009-07-29		Upper Taromi
language	tow							2009-07-29		Jemez
language	tox							2009-07-29		Tobian
language	toy							2009-07-29		Topoiyo
language	toz							2009-07-29		To
language	tpa							2009-07-29		Taupota
language	tpc							2009-07-29		Azoyú Me'phaa | Azoyú Tlapanec
language	tpe							2009-07-29		Tippera
language	tpf							2009-07-29		Tarpia
language	tpg							2009-07-29		Kula
language	tpi			Latn				2005-10-16		Tok Pisin
language	tpj							2009-07-29		Tapieté
language	tpk							2009-07-29		Tupinikin
language	tpl							2009-07-29		Tlacoapa Me'phaa | Tlacoapa Tlapanec
language	tpm							2009-07-29		Tampulma
language	tpn							2009-07-29		Tupinambá
language	tpo							2009-07-29		Tai Pao
language	tpp							2009-07-29		Pisaflores Tepehua
language	tpq							2009-07-29		Tukpa
language	tpr							2009-07-29		Tuparí
language	tpt							2009-07-29		Tlachichilco Tepehua
language	tpu							2009-07-29		Tampuan
language	tpv							2009-07-29		Tanapag
language	tpw		tpn				2023-03-17	2009-07-29		Tupí
language	tpx							2009-07-29		Acatepec Me'phaa | Acatepec Tlapanec
language	tpy							2009-07-29		Trumai
language	tpz							2009-07-29		Tinputz
language	tqb							2009-07-29		Tembé
language	tql							2009-07-29		Lehali
language	tqm							2009-07-29		Turumsa
language	tqn							2009-07-29		Tenino
language	tqo							2009-07-29		Toaripi
language	tqp							2009-07-29		Tomoip
language	tqq							2009-07-29		Tunni
language	tqr							2009-07-29		Torona
language	tqt							2009-07-29		Western Totonac
language	tqu							2009-07-29		Touo
language	tqw							2009-07-29		Tonkawa
language	tr			Latn				2005-10-16		Turkish
language	tra							2009-07-29		Tirahi
language	trb							2009-07-29		Terebu
language	trc							2009-07-29		Copala Triqui
language	trd							2009-07-29		Turi
language	tre							2009-07-29		East Tarangan
language	trf							2009-07-29		Trinidadian Creole English
language	trg							2009-07-29		Lishán Didán
language	trh							2009-07-29		Turaka
language	tri							2009-07-29		Trió
language	trj							2009-07-29		Toram
language	trk					collection		2009-07-29		Turkic languages
language	trl							2009-07-29		Traveller Scottish
language	trm							2009-07-29		Tregami
language	trn							2009-07-29		Trinitario
language	tro							2009-07-29		Tarao Naga
language	trp							2009-07-29		Kok Borok
language	trq							2009-07-29		San Martín Itunyoso Triqui
language	trr							2009-07-29		Taushiro
language	trs							2009-07-29		Chicahuaxtla Triqui
language	trt							2009-07-29		Tunggare
language	tru							2009-07-29		Turoyo | Surayt
language	trv							2009-07-29		Sediq | Seediq | Taroko
language	trw							2009-07-29		Torwali
language	trx							2009-07-29		Tringgus-Sembaan Bidayuh
language	try							2009-07-29		Turung
language	trz							2009-07-29		Torá
language	ts			Latn				2005-10-16		Tsonga
language	tsa							2009-07-29		Tsaangi
language	tsb							2009-07-29		Tsamai
language	tsc							2009-07-29		Tswa
language	tsd							2009-07-29		Tsakonian
language	tse							2009-07-29		Tunisian Sign Language
language	tsf		taj				2015-02-12	2009-07-29		Southwestern Tamang
language	tsg							2009-07-29		Tausug
language	tsh							2009-07-29		Tsuvan
language	tsi							2005-10-16		Tsimshian
language	tsj							2009-07-29		Tshangla
language	tsk							2009-07-29		Tseku
language	tsl							2009-07-29		Ts'ün-Lao
language	tsm							2009-07-29		Turkish Sign Language | Türk İşaret Dili
language	tsp							2009-07-29		Northern Toussian
language	tsq							2009-07-29		Thai Sign Language
language	tsr							2009-07-29		Akei
language	tss							2009-07-29		Taiwan Sign Language
language	tst							2011-08-16		Tondi Songway Kiini
language	tsu							2009-07-29		Tsou
language	tsv							2009-07-29		Tsogo
language	tsw							2009-07-29		Tsishingini
language	tsx							2009-07-29		Mubami
language	tsy							2009-07-29		Tebul Sign Language
language	tsz							2009-07-29		Purepecha
language	tt							2005-10-16		Tatar
language	tta							2009-07-29		Tutelo
language	ttb							2009-07-29		Gaa
language	ttc							2009-07-29		Tektiteko
language	ttd							2009-07-29		Tauade
language	tte							2009-07-29		Bwanabwana
language	ttf							2009-07-29		Tuotomb
language	ttg							2009-07-29		Tutong
language	tth							2009-07-29		Upper Ta'oih
language	tti							2009-07-29		Tobati
language	ttj							2009-07-29		Tooro
language	ttk							2009-07-29		Totoro
language	ttl							2009-07-29		Totela
language	ttm							2009-07-29		Northern Tutchone
language	ttn							2009-07-29		Towei
language	tto							2009-07-29		Lower Ta'oih
language	ttp							2009-07-29		Tombelala
language	ttq				tmh			2009-07-29		Tawallammat Tamajaq
language	ttr							2009-07-29		Tera
language	tts							2009-07-29		Northeastern Thai
language	ttt							2009-07-29		Muslim Tat
language	ttu							2009-07-29		Torau
language	ttv							2009-07-29		Titan
language	ttw							2009-07-29		Long Wat
language	tty							2009-07-29		Sikaritai
language	ttz							2009-07-29		Tsum
language	tua							2009-07-29		Wiarumus
language	tub							2009-07-29		Tübatulabal
language	tuc							2009-07-29		Mutu
language	tud							2009-07-29		Tuxá
language	tue							2009-07-29		Tuyuca
language	tuf							2009-07-29		Central Tunebo
language	tug							2009-07-29		Tunia
language	tuh							2009-07-29		Taulil
language	tui							2009-07-29		Tupuri
language	tuj							2009-07-29		Tugutil
language	tul							2009-07-29		Tula
language	tum							2005-10-16		Tumbuka
language	tun							2009-07-29		Tunica
language	tuo							2009-07-29		Tucano
language	tup					collection		2005-10-16		Tupi languages
language	tuq							2009-07-29		Tedaga
language	tus							2009-07-29		Tuscarora
language	tut					collection		2005-10-16		Altaic languages
language	tuu							2009-07-29		Tututni
language	tuv							2009-07-29		Turkana
language	tuw					collection		2009-07-29		Tungus languages
language	tux							2009-07-29		Tuxináwa
language	tuy				kln			2009-07-29		Tugen
language	tuz							2009-07-29		Turka
language	tva							2009-07-29		Vaghua
language	tvd							2009-07-29		Tsuvadi
language	tve							2009-07-29		Te'un
language	tvg							2026-05-05		Tugunese | Batavian Portuguese Creole | Mardijker Creole
language	tvi							2023-03-17		Tulai
language	tvk							2009-07-29		Southeast Ambrym
language	tvl			Latn				2005-10-16		Tuvalu
language	tvm							2009-07-29		Tela-Masbuar
language	tvn							2009-07-29		Tavoyan
language	tvo							2009-07-29		Tidore
language	tvs							2009-07-29		Taveta
language	tvt							2009-07-29		Tutsa Naga
language	tvu							2012-08-12		Tunen
language	tvw							2009-07-29		Sedoa
language	tvx							2019-04-16		Taivoan
language	tvy							2009-07-29		Timor Pidgin
language	tw				ak			2005-10-16		Twi
language	twa							2009-07-29		Twana
language	twb							2009-07-29		Western Tawbuid
language	twc							2009-07-29		Teshenawa
language	twd							2009-07-29		Twents
language	twe							2009-07-29		Tewa (Indonesia)
language	twf							2009-07-29		Northern Tiwa
language	twg							2009-07-29		Tereweng
language	twh							2009-07-29		Tai Dón
language	twl							2009-07-29		Tawara
language	twm							2009-07-29		Tawang Monpa
language	twn							2009-07-29		Twendi
language	two							2009-07-29		Tswapong
language	twp							2009-07-29		Ere
language	twq							2009-07-29		Tasawaq
language	twr							2009-07-29		Southwestern Tarahumara
language	twt							2009-07-29		Turiwára
language	twu							2009-07-29		Termanu
language	tww							2009-07-29		Tuwari
language	twx							2009-07-29		Tewe
language	twy							2009-07-29		Tawoyan
language	txa							2009-07-29		Tombonuo
language	txb							2009-07-29		Tokharian B
language	txc							2009-07-29		Tsetsaut
language	txe							2009-07-29		Totoli
language	txg							2009-07-29		Tangut
language	txh							2009-07-29		Thracian
language	txi							2009-07-29		Ikpeng
language	txj							2015-02-12		Tarjumo
language	txm							2009-07-29		Tomini
language	txn							2009-07-29		West Tarangan
language	txo							2009-07-29		Toto
language	txq							2009-07-29		Tii
language	txr							2009-07-29		Tartessian
language	txs							2009-07-29		Tonsea
language	txt							2009-07-29		Citak
language	txu							2009-07-29		Kayapó
language	txx							2009-07-29		Tatana
language	txy				mg			2009-07-29		Tanosy Malagasy
language	ty							2005-10-16		Tahitian
language	tya							2009-07-29		Tauya
language	tye							2009-07-29		Kyanga
language	tyh							2009-07-29		O'du
language	tyi							2009-07-29		Teke-Tsaayi
language	tyj							2009-07-29		Tai Do | Tai Yo
language	tyl							2009-07-29		Thu Lao
language	tyn							2009-07-29		Kombai
language	typ							2009-07-29		Thaypan
language	tyr							2009-07-29		Tai Daeng
language	tys							2009-07-29		Tày Sa Pa
language	tyt							2009-07-29		Tày Tac
language	tyu							2009-07-29		Kua
language	tyv							2005-10-16		Tuvinian
language	tyx							2009-07-29		Teke-Tyee
language	tyy							2021-02-20		Tiyaa
language	tyz							2009-07-29		Tày
language	tza							2009-07-29		Tanzanian Sign Language
language	tzh							2009-07-29		Tzeltal
language	tzj							2009-07-29		Tz'utujil
language	tzl							2013-09-10		Talossan
language	tzm							2009-07-29		Central Atlas Tamazight
language	tzn							2009-07-29		Tugun
language	tzo							2009-07-29		Tzotzil
language	tzx							2009-07-29		Tabriak
language	uam							2009-07-29		Uamué
language	uan							2009-07-29		Kuan
language	uar							2009-07-29		Tairuma
language	uba							2009-07-29		Ubang
language	ubi							2009-07-29		Ubi
language	ubl				bik			2010-03-11		Buhi'non Bikol
language	ubr							2009-07-29		Ubir
language	ubu							2009-07-29		Umbu-Ungu
language	uby							2009-07-29		Ubykh
language	uda							2009-07-29		Uda
language	ude							2009-07-29		Udihe
language	udg							2009-07-29		Muduga
language	udi							2009-07-29		Udi
language	udj							2009-07-29		Ujir
language	udl							2009-07-29		Wuzlam
language	udm							2005-10-16		Udmurt
language	udu							2009-07-29		Uduk
language	ues							2009-07-29		Kioko
language	ufi							2009-07-29		Ufim
language	ug							2005-10-16		Uighur | Uyghur
language	uga							2005-10-16		Ugaritic
language	ugb							2009-07-29		Kuku-Ugbanh
language	uge							2009-07-29		Ughele
language	ugh							2022-02-25		Kubachi
language	ugn							2009-07-29		Ugandan Sign Language
language	ugo							2009-07-29		Ugong
language	ugy							2009-07-29		Uruguayan Sign Language
language	uha							2009-07-29		Uhami
language	uhn							2009-07-29		Damal
language	uis							2009-07-29		Uisai
language	uiv							2009-07-29		Iyive
language	uji							2009-07-29		Tanjijili
language	uk			Cyrl				2005-10-16		Ukrainian
language	uka							2009-07-29		Kaburi
language	ukg							2009-07-29		Ukuriguma
language	ukh							2009-07-29		Ukhwejo
language	uki							2020-03-28		Kui (India)
language	ukk							2017-02-23		Muak Sa-aak
language	ukl							2009-07-29		Ukrainian Sign Language
language	ukp							2009-07-29		Ukpe-Bayobiri
language	ukq							2009-07-29		Ukwa
language	uks							2009-07-29		Urubú-Kaapor Sign Language | Kaapor Sign Language
language	uku							2009-07-29		Ukue
language	ukv							2020-03-28		Kuku
language	ukw							2009-07-29		Ukwuani-Aboh-Ndoni
language	uky							2012-08-12		Kuuk-Yak
language	ula							2009-07-29		Fungwa
language	ulb							2009-07-29		Ulukwumi
language	ulc							2009-07-29		Ulch
language	ule							2013-09-10		Lule
language	ulf							2009-07-29		Usku | Afra
language	uli							2009-07-29		Ulithian
language	ulk							2009-07-29		Meriam Mir
language	ull							2009-07-29		Ullatan
language	ulm							2009-07-29		Ulumanda'
language	uln							2009-07-29		Unserdeutsch
language	ulu							2009-07-29		Uma' Lung
language	ulw							2010-03-11		Ulwa
language	uly							2023-03-17		Buli
language	uma							2009-07-29		Umatilla
language	umb							2005-10-16		Umbundu
language	umc							2009-07-29		Marrucinian
language	umd							2009-07-29		Umbindhamu
language	umg							2009-07-29		Morrobalama | Umbuygamu
language	umi							2009-07-29		Ukit
language	umm							2009-07-29		Umon
language	umn							2009-07-29		Makyan Naga
language	umo							2009-07-29		Umotína
language	ump							2009-07-29		Umpila
language	umr							2009-07-29		Umbugarla
language	ums							2009-07-29		Pendau
language	umu				del			2009-07-29		Munsee
language	una							2009-07-29		North Watut
language	und					special		2005-10-16		Undetermined
language	une							2009-07-29		Uneme
language	ung							2009-07-29		Ngarinyin
language	uni							2021-02-20		Uni
language	unk							2009-07-29		Enawené-Nawé
language	unm				del			2009-07-29		Unami
language	unn							2013-09-10		Kurnai
language	unp						2012-08-12	2009-07-29		Worora
language	unr							2009-07-29		Mundari
language	unu							2013-09-10		Unubahe
language	unx							2009-07-29		Munda
language	unz							2009-07-29		Unde Kaili
language	uok		ema				2015-02-12	2009-07-29		Uokha
language	uon							2022-02-25		Kulon
language	upi							2009-07-29		Umeda
language	upv							2009-07-29		Uripiv-Wala-Rano-Atchin
language	ur			Arab				2005-10-16		Urdu
language	ura							2009-07-29		Urarina
language	urb							2009-07-29		Urubú-Kaapor | Kaapor
language	urc							2009-07-29		Urningangg
language	ure							2009-07-29		Uru
language	urf							2009-07-29		Uradhi
language	urg							2009-07-29		Urigina
language	urh							2009-07-29		Urhobo
language	uri							2009-07-29		Urim
language	urj					collection		2009-07-29		Uralic languages
language	urk				ms			2009-07-29		Urak Lawoi'
language	url							2009-07-29		Urali
language	urm							2009-07-29		Urapmin
language	urn							2009-07-29		Uruangnirin
language	uro							2009-07-29		Ura (Papua New Guinea)
language	urp							2009-07-29		Uru-Pa-In
language	urr							2009-07-29		Lehalurup | Löyöp
language	urt							2009-07-29		Urat
language	uru							2009-07-29		Urumi
language	urv							2009-07-29		Uruava
language	urw							2009-07-29		Sop
language	urx							2009-07-29		Urimo
language	ury							2009-07-29		Orya
language	urz							2009-07-29		Uru-Eu-Wau-Wau
language	usa							2009-07-29		Usarufa
language	ush							2009-07-29		Ushojo
language	usi							2009-07-29		Usui
language	usk							2009-07-29		Usaghade
language	usp							2009-07-29		Uspanteco
language	uss							2019-04-16		us-Saare
language	usu							2009-07-29		Uya
language	uta							2009-07-29		Otank
language	ute							2009-07-29		Ute-Southern Paiute
language	uth							2019-04-16		ut-Hun
language	utp							2009-07-29		Amba (Solomon Islands)
language	utr							2009-07-29		Etulo
language	utu							2009-07-29		Utu
language	uum							2009-07-29		Urum
language	uun						2022-02-25	2009-07-29		Kulon-Pazeh
language	uur							2009-07-29		Ura (Vanuatu)
language	uuu							2009-07-29		U
language	uve							2009-07-29		West Uvean | Fagauvea
language	uvh							2009-07-29		Uri
language	uvl							2009-07-29		Lote
language	uwa							2009-07-29		Kuku-Uwanh
language	uya							2009-07-29		Doko-Uyanga
language	uz					macrolanguage		2005-10-16		Uzbek
language	uzn				uz			2009-07-29		Northern Uzbek
language	uzs				uz			2009-07-29		Southern Uzbek
language	vaa							2009-07-29		Vaagri Booli
language	vae							2009-07-29		Vale
language	vaf							2009-07-29		Vafsi
language	vag							2009-07-29		Vagla
language	vah							2009-07-29		Varhadi-Nagpuri
language	vai							2005-10-16		Vai
language	vaj							2009-07-29		Sekele | Northwestern ǃKung | Vasekele
language	val							2009-07-29		Vehes
language	vam							2009-07-29		Vanimo
language	van							2009-07-29		Valman
language	vao							2009-07-29		Vao
language	vap							2009-07-29		Vaiphei
language	var							2009-07-29		Huarijio
language	vas							2009-07-29		Vasavi
language	vau							2009-07-29		Vanuma
language	vav							2009-07-29		Varli
language	vay							2009-07-29		Wayu
language	vbb							2009-07-29		Southeast Babar
language	vbk				bnc			2010-03-11		Southwestern Bontok
language	ve			Latn				2005-10-16		Venda
language	vec							2009-07-29		Venetian
language	ved							2009-07-29		Veddah
language	vel							2009-07-29		Veluws
language	vem							2009-07-29		Vemgo-Mabas
language	veo							2009-07-29		Ventureño
language	vep							2009-07-29		Veps
language	ver							2009-07-29		Mom Jango
language	vgr							2009-07-29		Vaghri
language	vgt							2009-07-29		Vlaamse Gebarentaal | Flemish Sign Language
language	vi			Latn				2005-10-16		Vietnamese
language	vic							2009-07-29		Virgin Islands Creole English
language	vid							2009-07-29		Vidunda
language	vif							2009-07-29		Vili
language	vig							2009-07-29		Viemo
language	vil							2009-07-29		Vilela
language	vin							2009-07-29		Vinza
language	vis							2009-07-29		Vishavan
language	vit							2009-07-29		Viti
language	viv							2009-07-29		Iduna
language	vjk							2023-03-17		Bajjika
language	vka							2009-07-29		Kariyarra
language	vki						2021-02-20	2009-07-29		Ija-Zuba
language	vkj							2009-07-29		Kujarge
language	vkk				ms			2009-07-29		Kaur
language	vkl							2009-07-29		Kulisusu
language	vkm							2009-07-29		Kamakan
language	vkn							2021-02-20		Koro Nulu
language	vko							2009-07-29		Kodeoha
language	vkp							2009-07-29		Korlai Creole Portuguese
language	vkt				ms			2009-07-29		Tenggarong Kutai Malay
language	vku							2009-07-29		Kurrama
language	vkz							2021-02-20		Koro Zuba
language	vlp							2009-07-29		Valpei
language	vls							2009-07-29		Vlaams
language	vma							2009-07-29		Martuyhunira
language	vmb							2009-07-29		Barbaram
language	vmc							2009-07-29		Juxtlahuaca Mixtec
language	vmd							2009-07-29		Mudu Koraga
language	vme							2009-07-29		East Masela
language	vmf							2009-07-29		Mainfränkisch
language	vmg							2009-07-29		Lungalunga
language	vmh							2009-07-29		Maraghei
language	vmi							2009-07-29		Miwa
language	vmj							2009-07-29		Ixtayutla Mixtec
language	vmk							2009-07-29		Makhuwa-Shirima
language	vml							2009-07-29		Malgana
language	vmm							2009-07-29		Mitlatongo Mixtec
language	vmp							2009-07-29		Soyaltepec Mazatec
language	vmq							2009-07-29		Soyaltepec Mixtec
language	vmr							2009-07-29		Marenje
language	vms							2009-07-29		Moksela
language	vmu							2009-07-29		Muluridyi
language	vmv							2009-07-29		Valley Maidu
language	vmw							2009-07-29		Makhuwa
language	vmx							2009-07-29		Tamazola Mixtec
language	vmy							2009-07-29		Ayautla Mazatec
language	vmz							2009-07-29		Mazatlán Mazatec
language	vnk							2009-07-29		Vano | Lovono
language	vnm							2009-07-29		Vinmavis | Neve'ei
language	vnp							2009-07-29		Vunapu
language	vo							2005-10-16		Volapük
language	vor							2009-07-29		Voro
language	vot							2005-10-16		Votic
language	vra							2009-07-29		Vera'a
language	vro				et			2009-07-29		Võro
language	vrs							2009-07-29		Varisi
language	vrt							2009-07-29		Burmbar | Banam Bay
language	vsi							2009-07-29		Moldova Sign Language
language	vsl							2009-07-29		Venezuelan Sign Language
language	vsn				sa			2024-03-04		Vedic Sanskrit
language	vsv							2009-07-29		Valencian Sign Language | Llengua de signes valenciana
language	vto							2009-07-29		Vitou
language	vum							2009-07-29		Vumbu
language	vun							2009-07-29		Vunjo
language	vut							2009-07-29		Vute
language	vwa							2009-07-29		Awa (China)
language	wa							2005-10-16		Walloon
language	waa							2009-07-29		Walla Walla
language	wab							2009-07-29		Yote | Wab
language	wac							2009-07-29		Wasco-Wishram
language	wad							2009-07-29		Wamesa | Wondama
language	wae							2009-07-29		Walser
language	waf							2009-07-29		Wakoná
language	wag							2009-07-29		Wa'ema
language	wah							2009-07-29		Watubela
language	wai							2009-07-29		Wares
language	waj							2009-07-29		Waffa
language	wak					collection		2005-10-16		Wakashan languages
language	wal							2005-10-16		Wolaytta | Wolaitta
language	wam							2009-07-29		Wampanoag
language	wan							2009-07-29		Wan
language	wao							2009-07-29		Wappo
language	wap							2009-07-29		Wapishana
language	waq							2009-07-29		Wagiman
language	war							2005-10-16		Waray (Philippines)
language	was							2005-10-16		Washo
language	wat							2009-07-29		Kaninuwa
language	wau							2009-07-29		Waurá
language	wav							2009-07-29		Waka
language	waw							2009-07-29		Waiwai
language	wax							2009-07-29		Watam | Marangis
language	way							2009-07-29		Wayana
language	waz							2009-07-29		Wampur
language	wba							2009-07-29		Warao
language	wbb							2009-07-29		Wabo
language	wbe							2009-07-29		Waritai
language	wbf							2009-07-29		Wara
language	wbh							2009-07-29		Wanda
language	wbi							2009-07-29		Vwanji
language	wbj							2009-07-29		Alagwa
language	wbk							2009-07-29		Waigali
language	wbl							2009-07-29		Wakhi
language	wbm							2009-07-29		Wa
language	wbp							2009-07-29		Warlpiri
language	wbq							2009-07-29		Waddar
language	wbr				raj			2009-07-29		Wagdi
language	wbs							2017-02-23		West Bengal Sign Language
language	wbt							2009-07-29		Warnman
language	wbv							2009-07-29		Wajarri
language	wbw							2009-07-29		Woi
language	wca							2009-07-29		Yanomámi
language	wci							2009-07-29		Waci Gbe
language	wdd							2009-07-29		Wandji
language	wdg							2009-07-29		Wadaginam
language	wdj							2009-07-29		Wadjiginy
language	wdk							2013-09-10		Wadikali
language	wdt							2022-02-25		Wendat
language	wdu							2009-07-29		Wadjigu
language	wdy							2013-09-10		Wadjabangayi
language	wea							2009-07-29		Wewaw
language	wec							2009-07-29		Wè Western
language	wed							2009-07-29		Wedau
language	weg							2013-09-10		Wergaia
language	weh							2009-07-29		Weh
language	wei							2009-07-29		Kiunum
language	wem							2009-07-29		Weme Gbe
language	wen					collection		2005-10-16		Sorbian languages
language	weo							2009-07-29		Wemale
language	wep							2009-07-29		Westphalien
language	wer							2009-07-29		Weri
language	wes							2009-07-29		Cameroon Pidgin
language	wet							2009-07-29		Perai
language	weu							2009-07-29		Rawngtu Chin
language	wew							2009-07-29		Wejewa
language	wfg							2009-07-29		Yafi | Zorop
language	wga							2009-07-29		Wagaya
language	wgb							2010-03-11		Wagawaga
language	wgg							2009-07-29		Wangkangurru | Wangganguru
language	wgi							2009-07-29		Wahgi
language	wgo							2009-07-29		Waigeo
language	wgu							2012-08-12		Wirangu
language	wgw						2010-03-11	2009-07-29		Wagawaga
language	wgy							2009-07-29		Warrgamay
language	wha							2009-07-29		Sou Upaa | Manusela
language	whg							2009-07-29		North Wahgi
language	whk							2009-07-29		Wahau Kenyah
language	whu							2009-07-29		Wahau Kayan
language	wib							2009-07-29		Southern Toussian
language	wic							2009-07-29		Wichita
language	wie							2009-07-29		Wik-Epa
language	wif							2009-07-29		Wik-Keyangan
language	wig							2009-07-29		Wik Ngathan
language	wih							2009-07-29		Wik-Me'anha
language	wii							2009-07-29		Minidien
language	wij							2009-07-29		Wik-Iiyanh
language	wik							2009-07-29		Wikalkan
language	wil							2009-07-29		Wilawila
language	wim							2009-07-29		Wik-Mungkan
language	win							2009-07-29		Ho-Chunk
language	wir							2009-07-29		Wiraféd
language	wit						2013-09-10	2009-07-29		Wintu
language	wiu							2009-07-29		Wiru
language	wiv							2009-07-29		Vitu
language	wiw						2012-08-12	2009-07-29		Wirangu
language	wiy							2009-07-29		Wiyot
language	wja							2009-07-29		Waja
language	wji							2009-07-29		Warji
language	wka							2009-07-29		Kw'adza
language	wkb							2009-07-29		Kumbaran
language	wkd							2009-07-29		Wakde | Mo
language	wkl							2009-07-29		Kalanadi
language	wkr							2019-04-16		Keerray-Woorroong
language	wku							2009-07-29		Kunduvadi
language	wkw							2009-07-29		Wakawaka
language	wky							2013-09-10		Wangkayutyuru
language	wla							2009-07-29		Walio
language	wlc							2009-07-29		Mwali Comorian
language	wle							2009-07-29		Wolane
language	wlg							2009-07-29		Kunbarlang
language	wlh							2020-03-28		Welaun
language	wli							2009-07-29		Waioli
language	wlk							2009-07-29		Wailaki
language	wll							2009-07-29		Wali (Sudan)
language	wlm							2009-07-29		Middle Welsh
language	wlo							2009-07-29		Wolio
language	wlr							2009-07-29		Wailapa
language	wls							2009-07-29		Wallisian
language	wlu							2009-07-29		Wuliwuli
language	wlv							2009-07-29		Wichí Lhamtés Vejoz
language	wlw							2009-07-29		Walak
language	wlx							2009-07-29		Wali (Ghana)
language	wly							2009-07-29		Waling
language	wma							2009-07-29		Mawa (Nigeria)
language	wmb							2009-07-29		Wambaya
language	wmc							2009-07-29		Wamas
language	wmd							2009-07-29		Mamaindé
language	wme							2009-07-29		Wambule
language	wmg							2021-02-20		Western Minyag
language	wmh							2009-07-29		Waima'a
language	wmi							2009-07-29		Wamin
language	wmm							2009-07-29		Maiwa (Indonesia)
language	wmn							2009-07-29		Waamwang
language	wmo							2009-07-29		Wom (Papua New Guinea)
language	wms							2009-07-29		Wambon
language	wmt							2009-07-29		Walmajarri
language	wmw							2009-07-29		Mwani
language	wmx							2009-07-29		Womo
language	wnb							2009-07-29		Mokati
language	wnc							2009-07-29		Wantoat
language	wnd							2009-07-29		Wandarang
language	wne							2009-07-29		Waneci
language	wng							2009-07-29		Wanggom
language	wni							2009-07-29		Ndzwani Comorian
language	wnk							2009-07-29		Wanukaka
language	wnm							2009-07-29		Wanggamala
language	wnn							2013-09-10		Wunumara
language	wno							2009-07-29		Wano
language	wnp							2009-07-29		Wanap
language	wnu							2009-07-29		Usan
language	wnw							2013-09-10		Wintu
language	wny							2012-08-12		Wanyi | Waanyi
language	wo							2005-10-16		Wolof
language	woa							2009-07-29		Kuwema | Tyaraity
language	wob							2009-07-29		Wè Northern
language	woc							2009-07-29		Wogeo
language	wod							2009-07-29		Wolani
language	woe							2009-07-29		Woleaian
language	wof							2009-07-29		Gambian Wolof
language	wog							2009-07-29		Wogamusin
language	woi							2009-07-29		Kamang
language	wok							2009-07-29		Longto
language	wom							2009-07-29		Wom (Nigeria)
language	won							2009-07-29		Wongo
language	woo							2009-07-29		Manombai
language	wor							2009-07-29		Woria
language	wos							2009-07-29		Hanga Hundi
language	wow							2009-07-29		Wawonii
language	woy							2009-07-29		Weyto
language	wpc							2009-07-29		Maco
language	wra						2021-02-20	2009-07-29		Warapu
language	wrb							2009-07-29		Waluwarra | Warluwara
language	wrd						2022-02-25	2009-07-29		Warduji
language	wrg							2009-07-29		Warungu | Gudjal
language	wrh							2009-07-29		Wiradjuri
language	wri							2009-07-29		Wariyangga
language	wrk							2012-08-12		Garrwa
language	wrl							2009-07-29		Warlmanpa
language	wrm							2009-07-29		Warumungu
language	wrn							2009-07-29		Warnang
language	wro							2012-08-12		Worrorra
language	wrp							2009-07-29		Waropen
language	wrr							2009-07-29		Wardaman
language	wrs							2009-07-29		Waris
language	wru							2009-07-29		Waru
language	wrv							2009-07-29		Waruna
language	wrw							2009-07-29		Gugu Warra
language	wrx							2009-07-29		Wae Rana
language	wry				mwr			2009-07-29		Merwari
language	wrz							2009-07-29		Waray (Australia)
language	wsa							2009-07-29		Warembori
language	wsg				gon			2016-05-30		Adilabad Gondi
language	wsi							2009-07-29		Wusi
language	wsk							2009-07-29		Waskia
language	wsr							2009-07-29		Owenia
language	wss							2009-07-29		Wasa
language	wsu							2009-07-29		Wasu
language	wsv							2009-07-29		Wotapuri-Katarqalai
language	wtb							2023-03-17		Matambwe
language	wtf							2009-07-29		Watiwa
language	wth							2013-09-10		Wathawurrung
language	wti							2009-07-29		Berta
language	wtk							2009-07-29		Watakataui
language	wtm							2009-07-29		Mewati
language	wtw							2009-07-29		Wotu
language	wua							2009-07-29		Wikngenchera
language	wub							2009-07-29		Wunambal
language	wud							2009-07-29		Wudu
language	wuh							2009-07-29		Wutunhua
language	wul							2009-07-29		Silimo
language	wum							2009-07-29		Wumbvu
language	wun							2009-07-29		Bungu
language	wur							2009-07-29		Wurrugu
language	wut							2009-07-29		Wutung
language	wuu				zh			2009-07-29		Wu Chinese
language	wuv							2009-07-29		Wuvulu-Aua
language	wux							2009-07-29		Wulna
language	wuy							2009-07-29		Wauyai
language	wwa							2009-07-29		Waama
language	wwb							2012-08-12		Wakabunga
language	wwo							2009-07-29		Wetamut | Dorig
language	wwr							2009-07-29		Warrwa
language	www							2009-07-29		Wawa
language	wxa							2009-07-29		Waxianghua
language	wxw							2013-09-10		Wardandi
language	wya						2022-02-25	2009-07-29		Wyandot
language	wyb							2009-07-29		Wangaaybuwan-Ngiyambaa
language	wyi							2013-09-10		Woiwurrung
language	wym							2009-07-29		Wymysorys
language	wyn							2022-02-25		Wyandot
language	wyr							2009-07-29		Wayoró
language	wyy							2009-07-29		Western Fijian
language	xaa							2009-07-29		Andalusian Arabic
language	xab							2009-07-29		Sambe
language	xac							2009-07-29		Kachari
language	xad							2009-07-29		Adai
language	xae							2009-07-29		Aequian
language	xag							2009-07-29		Aghwan
language	xai							2009-07-29		Kaimbé
language	xaj							2014-02-28		Ararandewára
language	xak							2016-05-30		Máku
language	xal							2005-10-16		Kalmyk | Oirat
language	xam							2009-07-29		ǀXam
language	xan							2009-07-29		Xamtanga
language	xao							2009-07-29		Khao
language	xap							2009-07-29		Apalachee
language	xaq							2009-07-29		Aquitanian
language	xar							2009-07-29		Karami
language	xas							2009-07-29		Kamas
language	xat							2009-07-29		Katawixi
language	xau							2009-07-29		Kauwera
language	xav							2009-07-29		Xavánte
language	xaw							2009-07-29		Kawaiisu
language	xay							2009-07-29		Kayan Mahakam
language	xba		cax				2016-05-30	2009-07-29		Kamba (Brazil)
language	xbb							2010-03-11		Lower Burdekin
language	xbc							2009-07-29		Bactrian
language	xbd							2013-09-10		Bindal
language	xbe							2013-09-10		Bigambal
language	xbg							2013-09-10		Bunganditj
language	xbi							2009-07-29		Kombio
language	xbj							2013-09-10		Birrpayi
language	xbm							2009-07-29		Middle Breton
language	xbn							2010-03-11		Kenaboi
language	xbo							2009-07-29		Bolgarian
language	xbp							2013-09-10		Bibbulman
language	xbr							2009-07-29		Kambera
language	xbw							2009-07-29		Kambiwá
language	xbx						2016-05-30	2009-07-29		Kabixí
language	xby							2013-09-10		Batjala | Batyala
language	xcb							2009-07-29		Cumbric
language	xcc							2009-07-29		Camunic
language	xce							2009-07-29		Celtiberian
language	xcg							2009-07-29		Cisalpine Gaulish
language	xch							2009-07-29		Chemakum | Chimakum
language	xcl							2009-07-29		Classical Armenian
language	xcm							2009-07-29		Comecrudo
language	xcn							2009-07-29		Cotoname
language	xco							2009-07-29		Chorasmian
language	xcr							2009-07-29		Carian
language	xct							2009-07-29		Classical Tibetan
language	xcu							2009-07-29		Curonian
language	xcv							2009-07-29		Chuvantsy
language	xcw							2009-07-29		Coahuilteco
language	xcy							2009-07-29		Cayuse
language	xda							2013-09-10		Darkinyung
language	xdc							2009-07-29		Dacian
language	xdk							2013-09-10		Dharuk
language	xdm							2009-07-29		Edomite
language	xdo							2017-02-23		Kwandu
language	xdq							2022-02-25		Kaitag
language	xdy							2009-07-29		Malayic Dayak
language	xeb							2009-07-29		Eblan
language	xed							2009-07-29		Hdi
language	xeg							2009-07-29		ǁXegwi
language	xel							2009-07-29		Kelo
language	xem							2009-07-29		Kembayan
language	xep							2009-07-29		Epi-Olmec
language	xer							2009-07-29		Xerénte
language	xes							2009-07-29		Kesawai
language	xet							2009-07-29		Xetá
language	xeu							2009-07-29		Keoru-Ahia
language	xfa							2009-07-29		Faliscan
language	xga							2009-07-29		Galatian
language	xgb							2012-08-12		Gbin
language	xgd							2013-09-10		Gudang
language	xgf							2009-07-29		Gabrielino-Fernandeño
language	xgg							2013-09-10		Goreng
language	xgi							2013-09-10		Garingbal
language	xgl							2009-07-29		Galindan
language	xgm							2013-09-10		Dharumbal | Guwinmal
language	xgn					collection		2009-07-29		Mongolian languages
language	xgr							2009-07-29		Garza
language	xgu							2012-08-12		Unggumi
language	xgw							2013-09-10		Guwa
language	xh			Latn				2005-10-16		Xhosa
language	xha							2009-07-29		Harami
language	xhc							2009-07-29		Hunnic
language	xhd							2009-07-29		Hadrami
language	xhe				lah			2009-07-29		Khetrani
language	xhm							2022-02-25		Middle Khmer (1400 to 1850 CE)
language	xhr							2009-07-29		Hernican
language	xht							2009-07-29		Hattic
language	xhu							2009-07-29		Hurrian
language	xhv							2009-07-29		Khua
language	xia		acn				2013-09-10	2009-07-29		Xiandao
language	xib							2009-07-29		Iberian
language	xii							2009-07-29		Xiri
language	xil							2009-07-29		Illyrian
language	xin							2009-07-29		Xinca
language	xip						2016-05-30	2009-07-29		Xipináwa
language	xir							2009-07-29		Xiriâna
language	xis							2014-02-28		Kisan
language	xiv							2009-07-29		Indus Valley Language
language	xiy							2009-07-29		Xipaya
language	xjb							2013-09-10		Minjungbal
language	xjt							2013-09-10		Jaitmatang
language	xka							2009-07-29		Kalkoti
language	xkb							2009-07-29		Northern Nago
language	xkc							2009-07-29		Kho'ini
language	xkd							2009-07-29		Mendalam Kayan
language	xke							2009-07-29		Kereho
language	xkf							2009-07-29		Khengkha
language	xkg							2009-07-29		Kagoro
language	xkh		waw				2016-05-30	2009-07-29		Karahawyana
language	xki							2009-07-29		Kenyan Sign Language
language	xkj							2009-07-29		Kajali
language	xkk							2009-07-29		Kachok | Kaco'
language	xkl							2009-07-29		Mainstream Kenyah
language	xkn							2009-07-29		Kayan River Kayan
language	xko							2009-07-29		Kiorr
language	xkp							2009-07-29		Kabatei
language	xkq							2009-07-29		Koroni
language	xkr							2009-07-29		Xakriabá
language	xks							2009-07-29		Kumbewaha
language	xkt							2009-07-29		Kantosi
language	xku							2009-07-29		Kaamba
language	xkv							2009-07-29		Kgalagadi
language	xkw							2009-07-29		Kembra
language	xkx							2009-07-29		Karore
language	xky							2009-07-29		Uma' Lasan
language	xkz							2009-07-29		Kurtokha
language	xla							2009-07-29		Kamula
language	xlb							2009-07-29		Loup B
language	xlc							2009-07-29		Lycian
language	xld							2009-07-29		Lydian
language	xle							2009-07-29		Lemnian
language	xlg							2009-07-29		Ligurian (Ancient)
language	xli							2009-07-29		Liburnian
language	xln							2009-07-29		Alanic
language	xlo							2009-07-29		Loup A
language	xlp							2009-07-29		Lepontic
language	xls							2009-07-29		Lusitanian
language	xlu							2009-07-29		Cuneiform Luwian
language	xly							2009-07-29		Elymian
language	xma							2009-07-29		Mushungulu
language	xmb							2009-07-29		Mbonga
language	xmc							2009-07-29		Makhuwa-Marrevone
language	xmd							2009-07-29		Mbudum
language	xme							2009-07-29		Median
language	xmf							2009-07-29		Mingrelian
language	xmg							2009-07-29		Mengaka
language	xmh							2009-07-29		Kugu-Muminh
language	xmj							2009-07-29		Majera
language	xmk							2009-07-29		Ancient Macedonian
language	xml							2009-07-29		Malaysian Sign Language
language	xmm				ms			2009-07-29		Manado Malay
language	xmn							2009-07-29		Manichaean Middle Persian
language	xmo							2009-07-29		Morerebi
language	xmp							2009-07-29		Kuku-Mu'inh
language	xmq							2009-07-29		Kuku-Mangk
language	xmr							2009-07-29		Meroitic
language	xms							2009-07-29		Moroccan Sign Language
language	xmt							2009-07-29		Matbat
language	xmu							2009-07-29		Kamu
language	xmv				mg			2009-07-29		Antankarana Malagasy | Tankarana Malagasy
language	xmw				mg			2009-07-29		Tsimihety Malagasy
language	xmx							2009-07-29		Salawati | Maden
language	xmy							2009-07-29		Mayaguduna
language	xmz							2009-07-29		Mori Bawah
language	xna							2009-07-29		Ancient North Arabian
language	xnb							2009-07-29		Kanakanabu
language	xnd					collection		2009-07-29		Na-Dene languages
language	xng							2009-07-29		Middle Mongolian
language	xnh							2009-07-29		Kuanhua
language	xni							2013-09-10		Ngarigu
language	xnj							2021-02-20		Ngoni (Tanzania)
language	xnk							2013-09-10		Nganakarti
language	xnm							2020-03-28		Ngumbarl
language	xnn							2009-07-29		Northern Kankanay
language	xno							2009-07-29		Anglo-Norman
language	xnq							2021-02-20		Ngoni (Mozambique)
language	xnr				doi			2009-07-29		Kangri
language	xns							2009-07-29		Kanashi
language	xnt							2010-03-11		Narragansett
language	xnu							2013-09-10		Nukunul
language	xny							2013-09-10		Nyiyaparli
language	xnz							2012-08-12		Kenzi | Mattoki
language	xoc							2009-07-29		O'chi'chi'
language	xod							2009-07-29		Kokoda
language	xog							2009-07-29		Soga
language	xoi							2009-07-29		Kominimung
language	xok							2009-07-29		Xokleng
language	xom							2009-07-29		Komo (Sudan)
language	xon							2009-07-29		Konkomba
language	xoo							2009-07-29		Xukurú
language	xop							2009-07-29		Kopar
language	xor							2009-07-29		Korubo
language	xow							2009-07-29		Kowaki
language	xpa							2013-09-10		Pirriya
language	xpb							2020-03-28		Northeastern Tasmanian | Pyemmairrener
language	xpc							2009-07-29		Pecheneg
language	xpd							2020-03-28		Oyster Bay Tasmanian
language	xpe				kpe			2009-07-29		Liberia Kpelle
language	xpf							2020-03-28		Southeast Tasmanian | Nuenonne
language	xpg							2009-07-29		Phrygian
language	xph							2020-03-28		North Midlands Tasmanian | Tyerrenoterpanner
language	xpi							2009-07-29		Pictish
language	xpj							2012-08-12		Mpalitjanh
language	xpk							2009-07-29		Kulina Pano
language	xpl							2020-03-28		Port Sorell Tasmanian
language	xpm							2009-07-29		Pumpokol
language	xpn							2009-07-29		Kapinawá
language	xpo							2009-07-29		Pochutec
language	xpp							2009-07-29		Puyo-Paekche
language	xpq							2010-03-11		Mohegan-Pequot
language	xpr							2009-07-29		Parthian
language	xps							2009-07-29		Pisidian
language	xpt							2013-09-10		Punthamara
language	xpu							2009-07-29		Punic
language	xpv							2020-03-28		Northern Tasmanian | Tommeginne
language	xpw							2020-03-28		Northwestern Tasmanian | Peerapper
language	xpx							2020-03-28		Southwestern Tasmanian | Toogee
language	xpy							2009-07-29		Puyo
language	xpz							2020-03-28		Bruny Island Tasmanian
language	xqa							2009-07-29		Karakhanid
language	xqt							2009-07-29		Qatabanian
language	xra							2009-07-29		Krahô
language	xrb							2009-07-29		Eastern Karaboro
language	xrd							2013-09-10		Gundungurra
language	xre							2009-07-29		Kreye
language	xrg							2013-09-10		Minang
language	xri							2009-07-29		Krikati-Timbira
language	xrm							2009-07-29		Armazic
language	xrn							2009-07-29		Arin
language	xrq		dmw				2020-03-28	2013-09-10		Karranga
language	xrr							2009-07-29		Raetic
language	xrt							2009-07-29		Aranama-Tamique
language	xru							2009-07-29		Marriammu
language	xrw							2009-07-29		Karawa
language	xsa							2009-07-29		Sabaean
language	xsb							2009-07-29		Sambal
language	xsc							2009-07-29		Scythian
language	xsd							2009-07-29		Sidetic
language	xse							2009-07-29		Sempan
language	xsh							2009-07-29		Shamang
language	xsi							2009-07-29		Sio
language	xsj							2009-07-29		Subi
language	xsl				den			2009-07-29		South Slavey
language	xsm							2009-07-29		Kasem
language	xsn							2009-07-29		Sanga (Nigeria)
language	xso							2009-07-29		Solano
language	xsp							2009-07-29		Silopi
language	xsq							2009-07-29		Makhuwa-Saka
language	xsr							2009-07-29		Sherpa
language	xss		zko				2023-03-17	2009-07-29		Assan
language	xsu							2009-07-29		Sanumá
language	xsv							2009-07-29		Sudovian
language	xsy							2009-07-29		Saisiyat
language	xta							2009-07-29		Alcozauca Mixtec
language	xtb							2009-07-29		Chazumba Mixtec
language	xtc							2009-07-29		Katcha-Kadugli-Miri
language	xtd							2009-07-29		Diuxi-Tilantongo Mixtec
language	xte							2009-07-29		Ketengban
language	xtg							2009-07-29		Transalpine Gaulish
language	xth							2013-09-10		Yitha Yitha
language	xti							2009-07-29		Sinicahua Mixtec
language	xtj							2009-07-29		San Juan Teita Mixtec
language	xtl							2009-07-29		Tijaltepec Mixtec
language	xtm							2009-07-29		Magdalena Peñasco Mixtec
language	xtn							2009-07-29		Northern Tlaxiaco Mixtec
language	xto							2009-07-29		Tokharian A
language	xtp							2009-07-29		San Miguel Piedras Mixtec
language	xtq							2009-07-29		Tumshuqese
language	xtr							2009-07-29		Early Tripuri
language	xts							2009-07-29		Sindihui Mixtec
language	xtt							2009-07-29		Tacahua Mixtec
language	xtu							2009-07-29		Cuyamecalco Mixtec
language	xtv							2013-09-10		Thawa
language	xtw							2009-07-29		Tawandê
language	xty							2009-07-29		Yoloxochitl Mixtec
language	xtz						2020-03-28	2009-07-29		Tasmanian
language	xua							2009-07-29		Alu Kurumba
language	xub							2009-07-29		Betta Kurumba
language	xud							2012-08-12		Umiida
language	xug							2009-07-29		Kunigami
language	xuj							2009-07-29		Jennu Kurumba
language	xul							2013-09-10		Ngunawal | Nunukul
language	xum							2009-07-29		Umbrian
language	xun							2012-08-12		Unggaranggu
language	xuo							2009-07-29		Kuo
language	xup							2009-07-29		Upper Umpqua
language	xur							2009-07-29		Urartian
language	xut							2009-07-29		Kuthant
language	xuu							2009-07-29		Kxoe | Khwedam
language	xve							2009-07-29		Venetic
language	xvi							2009-07-29		Kamviri
language	xvn							2009-07-29		Vandalic
language	xvo							2009-07-29		Volscian
language	xvs							2009-07-29		Vestinian
language	xwa							2009-07-29		Kwaza
language	xwc							2009-07-29		Woccon
language	xwd							2013-09-10		Wadi Wadi
language	xwe							2009-07-29		Xwela Gbe
language	xwg							2009-07-29		Kwegu
language	xwj							2013-09-10		Wajuk
language	xwk							2013-09-10		Wangkumara
language	xwl							2009-07-29		Western Xwla Gbe
language	xwo							2009-07-29		Written Oirat
language	xwr							2009-07-29		Kwerba Mamberamo
language	xwt							2013-09-10		Wotjobaluk
language	xww							2013-09-10		Wemba Wemba
language	xxb							2009-07-29		Boro (Ghana)
language	xxk							2009-07-29		Ke'o
language	xxm							2013-09-10		Minkin
language	xxr							2009-07-29		Koropó
language	xxt							2009-07-29		Tambora
language	xya							2013-09-10		Yaygir
language	xyb							2013-09-10		Yandjibara
language	xyj							2013-09-10		Mayi-Yapi
language	xyk							2013-09-10		Mayi-Kulan
language	xyl							2009-07-29		Yalakalore
language	xyt							2013-09-10		Mayi-Thakurti
language	xyy							2012-08-12		Yorta Yorta
language	xzh							2009-07-29		Zhang-Zhung
language	xzm							2009-07-29		Zemgalian
language	xzp							2009-07-29		Ancient Zapotec
language	yaa							2009-07-29		Yaminahua
language	yab							2009-07-29		Yuhup
language	yac							2009-07-29		Pass Valley Yali
language	yad							2009-07-29		Yagua
language	yae							2009-07-29		Pumé
language	yaf							2009-07-29		Yaka (Democratic Republic of Congo)
language	yag							2009-07-29		Yámana
language	yah							2009-07-29		Yazgulyam
language	yai							2009-07-29		Yagnobi
language	yaj							2009-07-29		Banda-Yangere
language	yak							2009-07-29		Yakama
language	yal							2009-07-29		Yalunka
language	yam							2009-07-29		Yamba
language	yan							2010-03-11		Mayangna
language	yao							2005-10-16		Yao
language	yap							2005-10-16		Yapese
language	yaq							2009-07-29		Yaqui
language	yar							2009-07-29		Yabarana
language	yas							2009-07-29		Nugunu (Cameroon)
language	yat							2009-07-29		Yambeta
language	yau							2009-07-29		Yuwana
language	yav							2009-07-29		Yangben
language	yaw							2009-07-29		Yawalapití
language	yax							2009-07-29		Yauma
language	yay							2009-07-29		Agwagwune
language	yaz							2009-07-29		Lokaa
language	yba							2009-07-29		Yala
language	ybb							2009-07-29		Yemba
language	ybd		rki				2012-08-12	2009-07-29		Yangbye
language	ybe							2009-07-29		West Yugur
language	ybh							2009-07-29		Yakha
language	ybi							2009-07-29		Yamphu
language	ybj							2009-07-29		Hasha
language	ybk							2009-07-29		Bokha
language	ybl							2009-07-29		Yukuben
language	ybm							2009-07-29		Yaben
language	ybn							2009-07-29		Yabaâna
language	ybo							2009-07-29		Yabong
language	ybx							2009-07-29		Yawiyo
language	yby							2009-07-29		Yaweyuha
language	ych							2009-07-29		Chesu
language	ycl							2009-07-29		Lolopo
language	ycn							2009-07-29		Yucuna
language	ycp							2009-07-29		Chepya
language	ycr							2023-03-17		Yilan Creole
language	yda							2013-09-10		Yanda
language	ydd				yi			2009-07-29		Eastern Yiddish
language	yde							2009-07-29		Yangum Dey
language	ydg							2009-07-29		Yidgha
language	ydk							2009-07-29		Yoidik
language	yds						2015-02-12	2009-07-29		Yiddish Sign Language
language	yea							2009-07-29		Ravula
language	yec							2009-07-29		Yeniche
language	yee							2009-07-29		Yimas
language	yei							2009-07-29		Yeni
language	yej							2009-07-29		Yevanic
language	yel							2009-07-29		Yela
language	yen						2012-08-12	2009-07-29		Yendang
language	yer							2009-07-29		Tarok
language	yes							2009-07-29		Nyankpa
language	yet							2009-07-29		Yetfa
language	yeu							2009-07-29		Yerukula
language	yev							2009-07-29		Yapunda
language	yey							2009-07-29		Yeyi
language	yga							2012-08-12		Malyangapa
language	ygi							2013-09-10		Yiningayi
language	ygl							2009-07-29		Yangum Gel
language	ygm							2009-07-29		Yagomi
language	ygp							2009-07-29		Gepo
language	ygr							2009-07-29		Yagaria
language	ygs							2014-02-28		Yolŋu Sign Language
language	ygu							2013-09-10		Yugul
language	ygw							2009-07-29		Yagwoia
language	yha							2009-07-29		Baha Buyang
language	yhd				jrb			2009-07-29		Judeo-Iraqi Arabic
language	yhl							2009-07-29		Hlepho Phowa
language	yhs							2015-04-17		Yan-nhaŋu Sign Language
language	yi			Hebr		macrolanguage		2005-10-16		Yiddish
language	yia							2009-07-29		Yinggarda
language	yif							2009-07-29		Ache
language	yig							2009-07-29		Wusa Nasu
language	yih				yi			2009-07-29		Western Yiddish
language	yii							2009-07-29		Yidiny
language	yij							2009-07-29		Yindjibarndi
language	yik							2009-07-29		Dongshanba Lalo
language	yil							2009-07-29		Yindjilandji
language	yim							2009-07-29		Yimchungru Naga
language	yin							2009-07-29		Riang Lai | Yinchia
language	yip							2009-07-29		Pholo
language	yiq							2009-07-29		Miqie
language	yir							2009-07-29		North Awyu
language	yis							2009-07-29		Yis
language	yit							2009-07-29		Eastern Lalu
language	yiu							2009-07-29		Awu
language	yiv							2009-07-29		Northern Nisu
language	yix							2009-07-29		Axi Yi
language	yiy						2013-09-10	2009-07-29		Yir Yoront
language	yiz							2009-07-29		Azhe
language	yka							2009-07-29		Yakan
language	ykg							2009-07-29		Northern Yukaghir
language	ykh							2023-03-17		Khamnigan Mongol
language	yki							2009-07-29		Yoke
language	ykk							2009-07-29		Yakaikeke
language	ykl							2009-07-29		Khlula
language	ykm							2009-07-29		Kap
language	ykn							2012-08-12		Kua-nsi
language	yko							2009-07-29		Iyasa | Yasa
language	ykr							2009-07-29		Yekora
language	ykt							2009-07-29		Kathu
language	yku							2012-08-12		Kuamasi
language	yky							2009-07-29		Yakoma
language	yla							2009-07-29		Yaul
language	ylb							2010-03-11		Yaleba
language	yle							2009-07-29		Yele
language	ylg							2009-07-29		Yelogu
language	yli							2009-07-29		Angguruk Yali
language	yll							2009-07-29		Yil
language	ylm							2009-07-29		Limi
language	yln							2009-07-29		Langnian Buyang
language	ylo							2009-07-29		Naluo Yi
language	ylr							2009-07-29		Yalarnnga
language	ylu							2009-07-29		Aribwaung
language	yly							2009-07-29		Nyâlayu | Nyelâyu
language	yma		lrr				2012-08-12	2009-07-29		Yamphe
language	ymb							2009-07-29		Yambes
language	ymc							2009-07-29		Southern Muji
language	ymd							2009-07-29		Muda
language	yme							2009-07-29		Yameo
language	ymg							2009-07-29		Yamongeri
language	ymh							2009-07-29		Mili
language	ymi							2009-07-29		Moji
language	ymk							2009-07-29		Makwe
language	yml							2009-07-29		Iamalele
language	ymm							2009-07-29		Maay
language	ymn							2009-07-29		Yamna | Sunum
language	ymo							2009-07-29		Yangum Mon
language	ymp							2009-07-29		Yamap
language	ymq							2009-07-29		Qila Muji
language	ymr							2009-07-29		Malasar
language	yms							2009-07-29		Mysian
language	ymt		mtm				2015-02-12	2009-07-29		Mator-Taygi-Karagas
language	ymx							2009-07-29		Northern Muji
language	ymz							2009-07-29		Muzi
language	yna							2009-07-29		Aluo
language	ynb							2025-02-06		Yamben
language	ynd							2009-07-29		Yandruwandha
language	yne							2009-07-29		Lang'e
language	yng							2009-07-29		Yango
language	ynh						2015-02-12	2009-07-29		Yangho
language	ynk							2009-07-29		Naukan Yupik
language	ynl							2009-07-29		Yangulam
language	ynn							2009-07-29		Yana
language	yno							2009-07-29		Yong
language	ynq							2012-08-12		Yendang
language	yns							2009-07-29		Yansi
language	ynu							2009-07-29		Yahuna
language	yo							2005-10-16		Yoruba
language	yob							2009-07-29		Yoba
language	yog							2009-07-29		Yogad
language	yoi							2009-07-29		Yonaguni
language	yok							2009-07-29		Yokuts
language	yol		enm				2026-04-09	2009-07-29		Yola
language	yom							2009-07-29		Yombe
language	yon							2009-07-29		Yongkom
language	yos		zom				2013-09-10	2009-07-29		Yos
language	yot							2012-08-12		Yotti
language	yox							2009-07-29		Yoron
language	yoy							2009-07-29		Yoy
language	ypa							2009-07-29		Phala
language	ypb							2009-07-29		Labo Phowa
language	ypg							2009-07-29		Phola
language	yph							2009-07-29		Phupha
language	ypk					collection		2005-10-16		Yupik languages
language	ypm							2009-07-29		Phuma
language	ypn							2009-07-29		Ani Phowa
language	ypo							2009-07-29		Alo Phola
language	ypp							2009-07-29		Phupa
language	ypz							2009-07-29		Phuza
language	yra							2009-07-29		Yerakai
language	yrb							2009-07-29		Yareba
language	yre							2009-07-29		Yaouré
language	yri						2016-05-30	2009-07-29		Yarí
language	yrk							2009-07-29		Nenets
language	yrl							2009-07-29		Nhengatu
language	yrm							2013-09-10		Yirrk-Mel
language	yrn							2009-07-29		Yerong
language	yro							2016-05-30		Yaroamë
language	yrs							2009-07-29		Yarsun
language	yrw							2009-07-29		Yarawata
language	yry							2013-09-10		Yarluyandi
language	ysc							2009-07-29		Yassic
language	ysd							2009-07-29		Samatao
language	ysg							2012-08-12		Sonaga
language	ysl							2009-07-29		Yugoslavian Sign Language
language	ysm							2021-02-20		Myanmar Sign Language
language	ysn							2009-07-29		Sani
language	yso							2009-07-29		Nisi (China)
language	ysp							2009-07-29		Southern Lolopo
language	ysr							2009-07-29		Sirenik Yupik
language	yss							2009-07-29		Yessan-Mayo
language	ysy							2009-07-29		Sanie
language	yta							2009-07-29		Talu
language	ytl							2009-07-29		Tanglang
language	ytp							2009-07-29		Thopho
language	ytw							2010-03-11		Yout Wam
language	yty							2013-09-10		Yatay
language	yua							2009-07-29		Yucateco | Yucatec Maya
language	yub							2009-07-29		Yugambal
language	yuc							2009-07-29		Yuchi
language	yud				jrb			2009-07-29		Judeo-Tripolitanian Arabic
language	yue				zh			2009-07-29		Yue Chinese | Cantonese
language	yuf							2009-07-29		Havasupai-Walapai-Yavapai
language	yug							2009-07-29		Yug
language	yui							2009-07-29		Yurutí
language	yuj							2009-07-29		Karkar-Yuri
language	yuk							2009-07-29		Yuki
language	yul							2009-07-29		Yulu
language	yum							2009-07-29		Quechan
language	yun							2009-07-29		Bena (Nigeria)
language	yup							2009-07-29		Yukpa
language	yuq							2009-07-29		Yuqui
language	yur							2009-07-29		Yurok
language	yut							2009-07-29		Yopno
language	yuu		yug				2014-02-28	2009-07-29		Yugh
language	yuw							2009-07-29		Yau (Morobe Province)
language	yux							2009-07-29		Southern Yukaghir
language	yuy							2009-07-29		East Yugur
language	yuz							2009-07-29		Yuracare
language	yva							2009-07-29		Yawa
language	yvt							2009-07-29		Yavitero
language	ywa							2009-07-29		Kalou
language	ywg							2013-09-10		Yinhawangka
language	ywl							2009-07-29		Western Lalu
language	ywn							2009-07-29		Yawanawa
language	ywq							2009-07-29		Wuding-Luquan Yi
language	ywr							2009-07-29		Yawuru
language	ywt							2009-07-29		Xishanba Lalo | Central Lalo
language	ywu							2009-07-29		Wumeng Nasu
language	yww							2009-07-29		Yawarawarga
language	yxa							2013-09-10		Mayawali
language	yxg							2012-08-12		Yagara
language	yxl							2013-09-10		Yardliyawarra
language	yxm							2013-09-10		Yinwum
language	yxu							2013-09-10		Yuyu
language	yxy							2012-08-12		Yabula Yabula
language	yyr							2013-09-03		Yir Yoront
language	yyu							2009-07-29		Yau (Sandaun Province)
language	yyz							2009-07-29		Ayizi
language	yzg							2009-07-29		E'ma Buyang
language	yzk							2009-07-29		Zokhuo
language	za					macrolanguage		2005-10-16		Zhuang | Chuang
language	zaa				zap			2009-07-29		Sierra de Juárez Zapotec
language	zab				zap			2009-07-29		Western Tlacolula Valley Zapotec | San Juan Guelavía Zapotec
language	zac				zap			2009-07-29		Ocotlán Zapotec
language	zad				zap			2009-07-29		Cajonos Zapotec
language	zae				zap			2009-07-29		Yareni Zapotec
language	zaf				zap			2009-07-29		Ayoquesco Zapotec
language	zag							2009-07-29		Zaghawa
language	zah							2009-07-29		Zangwal
language	zai				zap			2009-07-29		Isthmus Zapotec
language	zaj							2009-07-29		Zaramo
language	zak							2009-07-29		Zanaki
language	zal							2009-07-29		Zauzou
language	zam				zap			2009-07-29		Miahuatlán Zapotec
language	zao				zap			2009-07-29		Ozolotepec Zapotec
language	zap					macrolanguage		2005-10-16		Zapotec
language	zaq				zap			2009-07-29		Aloápam Zapotec
language	zar				zap			2009-07-29		Rincón Zapotec
language	zas				zap			2009-07-29		Santo Domingo Albarradas Zapotec
language	zat				zap			2009-07-29		Tabaa Zapotec
language	zau							2009-07-29		Zangskari
language	zav				zap			2009-07-29		Yatzachi Zapotec
language	zaw				zap			2009-07-29		Mitla Zapotec
language	zax				zap			2009-07-29		Xadani Zapotec
language	zay							2009-07-29		Zayse-Zergulla | Zaysete
language	zaz							2009-07-29		Zari
language	zba							2020-03-28		Balaibalan
language	zbc							2009-07-29		Central Berawan
language	zbe							2009-07-29		East Berawan
language	zbl			Blis				2007-08-21		Blissymbols | Bliss | Blissymbolics
language	zbt							2009-07-29		Batui
language	zbu							2021-02-20		Bu (Bauchi State)
language	zbw							2009-07-29		West Berawan
language	zca				zap			2009-07-29		Coatecas Altas Zapotec
language	zcd				zap			2022-02-25		Las Delicias Zapotec
language	zch				za			2009-07-29		Central Hongshuihe Zhuang
language	zdj							2009-07-29		Ngazidja Comorian
language	zea							2009-07-29		Zeeuws
language	zeg							2009-07-29		Zenag
language	zeh				za			2009-07-29		Eastern Hongshuihe Zhuang
language	zem							2023-03-17		Zeem
language	zen							2005-10-16		Zenaga
language	zga							2009-07-29		Kinga
language	zgb				za			2009-07-29		Guibei Zhuang
language	zgh							2013-01-25		Standard Moroccan Tamazight
language	zgm				za			2009-07-29		Minz Zhuang
language	zgn				za			2009-07-29		Guibian Zhuang
language	zgr							2009-07-29		Magori
language	zh					macrolanguage		2005-10-16		Chinese
language	zhb							2009-07-29		Zhaba
language	zhd				za			2009-07-29		Dai Zhuang
language	zhi							2009-07-29		Zhire
language	zhk							2026-05-05		Kurdish Sign Language
language	zhn				za			2009-07-29		Nong Zhuang
language	zhw							2009-07-29		Zhoa
language	zhx					collection		2009-07-29		Chinese (family)
language	zia							2009-07-29		Zia
language	zib							2009-07-29		Zimbabwe Sign Language
language	zik							2009-07-29		Zimakani
language	zil							2011-08-16		Zialo
language	zim							2009-07-29		Mesme
language	zin							2009-07-29		Zinza
language	zir		scv				2020-03-28	2009-07-29		Ziriya
language	ziw							2009-07-29		Zigula
language	ziz							2009-07-29		Zizilivakan
language	zka							2009-07-29		Kaimbulawa
language	zkb		kjh				2023-03-17	2009-07-29		Koibal
language	zkd							2012-08-12		Kadu
language	zkg							2009-07-29		Koguryo
language	zkh							2009-07-29		Khorezmian
language	zkk							2009-07-29		Karankawa
language	zkn							2012-08-12		Kanan
language	zko							2009-07-29		Kott
language	zkp							2009-07-29		São Paulo Kaingáng
language	zkr							2009-07-29		Zakhring
language	zkt							2009-07-29		Kitan
language	zku							2009-07-29		Kaurna
language	zkv							2009-07-29		Krevinian
language	zkz							2009-07-29		Khazar
language	zla							2021-02-20		Zula
language	zle					collection		2009-07-29		East Slavic languages
language	zlj				za			2009-07-29		Liujiang Zhuang
language	zlm				ms			2009-07-29		Malay (individual language)
language	zln				za			2009-07-29		Lianshan Zhuang
language	zlq				za			2009-07-29		Liuqian Zhuang
language	zls					collection		2009-07-29		South Slavic languages
language	zlu							2023-03-17		Zul
language	zlw					collection		2009-07-29		West Slavic languages
language	zma							2009-07-29		Manda (Australia)
language	zmb							2009-07-29		Zimba
language	zmc							2009-07-29		Margany
language	zmd							2009-07-29		Maridan
language	zme							2009-07-29		Mangerr
language	zmf							2009-07-29		Mfinu
language	zmg							2009-07-29		Marti Ke
language	zmh							2009-07-29		Makolkol
language	zmi				ms			2009-07-29		Negeri Sembilan Malay
language	zmj							2009-07-29		Maridjabin
language	zmk							2009-07-29		Mandandanyi
language	zml							2009-07-29		Matngala
language	zmm							2009-07-29		Marimanindji | Marramaninyshi
language	zmn							2009-07-29		Mbangwe
language	zmo							2009-07-29		Molo
language	zmp							2009-07-29		Mbuun
language	zmq							2009-07-29		Mituku
language	zmr							2009-07-29		Maranunggu
language	zms							2009-07-29		Mbesa
language	zmt							2009-07-29		Maringarr
language	zmu							2009-07-29		Muruwari
language	zmv							2009-07-29		Mbariman-Gudhinma
language	zmw							2009-07-29		Mbo (Democratic Republic of Congo)
language	zmx							2009-07-29		Bomitaba
language	zmy							2009-07-29		Mariyedi
language	zmz							2009-07-29		Mbandja
language	zna							2009-07-29		Zan Gula
language	znd					collection		2005-10-16		Zande languages
language	zne							2009-07-29		Zande (individual language)
language	zng							2009-07-29		Mang
language	znk							2009-07-29		Manangkari
language	zns							2009-07-29		Mangas
language	zoc							2009-07-29		Copainalá Zoque
language	zoh							2009-07-29		Chimalapa Zoque
language	zom							2009-07-29		Zou
language	zoo				zap			2009-07-29		Asunción Mixtepec Zapotec
language	zoq							2009-07-29		Tabasco Zoque
language	zor							2009-07-29		Rayón Zoque
language	zos							2009-07-29		Francisco León Zoque
language	zpa				zap			2009-07-29		Lachiguiri Zapotec
language	zpb				zap			2009-07-29		Yautepec Zapotec
language	zpc				zap			2009-07-29		Choapan Zapotec
language	zpd				zap			2009-07-29		Southeastern Ixtlán Zapotec
language	zpe				zap			2009-07-29		Petapa Zapotec
language	zpf				zap			2009-07-29		San Pedro Quiatoni Zapotec
language	zpg				zap			2009-07-29		Guevea De Humboldt Zapotec
language	zph				zap			2009-07-29		Totomachapan Zapotec
language	zpi				zap			2009-07-29		Santa María Quiegolani Zapotec
language	zpj				zap			2009-07-29		Quiavicuzas Zapotec
language	zpk				zap			2009-07-29		Tlacolulita Zapotec
language	zpl				zap			2009-07-29		Lachixío Zapotec
language	zpm				zap			2009-07-29		Mixtepec Zapotec
language	zpn				zap			2009-07-29		Santa Inés Yatzechi Zapotec
language	zpo				zap			2009-07-29		Amatlán Zapotec
language	zpp				zap			2009-07-29		El Alto Zapotec
language	zpq				zap			2009-07-29		Zoogocho Zapotec
language	zpr				zap			2009-07-29		Santiago Xanica Zapotec
language	zps				zap			2009-07-29		Coatlán Zapotec
language	zpt				zap			2009-07-29		San Vicente Coatlán Zapotec
language	zpu				zap			2009-07-29		Yalálag Zapotec
language	zpv				zap			2009-07-29		Chichicapan Zapotec
language	zpw				zap			2009-07-29		Zaniza Zapotec
language	zpx				zap			2009-07-29		San Baltazar Loxicha Zapotec
language	zpy				zap			2009-07-29		Mazaltepec Zapotec
language	zpz				zap			2009-07-29		Texmelucan Zapotec
language	zqe				za			2009-07-29		Qiubei Zhuang
language	zra							2009-07-29		Kara (Korea)
language	zrg							2009-07-29		Mirgan
language	zrn							2009-07-29		Zerenkel
language	zro							2009-07-29		Záparo
language	zrp							2009-07-29		Zarphatic
language	zrs							2009-07-29		Mairasi
language	zsa							2009-07-29		Sarasira
language	zsk							2009-07-29		Kaskean
language	zsl							2009-07-29		Zambian Sign Language
language	zsm				ms			2009-07-29		Standard Malay
language	zsr				zap			2009-07-29		Southern Rincon Zapotec
language	zsu							2009-07-29		Sukurum
language	zte				zap			2009-07-29		Elotepec Zapotec
language	ztg				zap			2009-07-29		Xanaguía Zapotec
language	ztl				zap			2009-07-29		Lapaguía-Guivini Zapotec
language	ztm				zap			2009-07-29		San Agustín Mixtepec Zapotec
language	ztn				zap			2009-07-29		Santa Catarina Albarradas Zapotec
language	ztp				zap			2009-07-29		Loxicha Zapotec
language	ztq				zap			2009-07-29		Quioquitani-Quierí Zapotec
language	zts				zap			2009-07-29		Tilquiapan Zapotec
language	ztt				zap			2009-07-29		Tejalapan Zapotec
language	ztu				zap			2009-07-29		Güilá Zapotec
language	ztx				zap			2009-07-29		Zaachila Zapotec
language	zty				zap			2009-07-29		Yatee Zapotec
language	zu			Latn				2005-10-16		Zulu
language	zua						2023-03-17	2009-07-29		Zeem
language	zuh							2009-07-29		Tokano
language	zum							2009-07-29		Kumzari
language	zun							2005-10-16		Zuni
language	zuy							2009-07-29		Zumaya
language	zwa							2009-07-29		Zay
language	zxx					special		2006-03-08		No linguistic content | Not applicable
language	zyb				za			2009-07-29		Yongbei Zhuang
language	zyg				za			2009-07-29		Yang Zhuang
language	zyj				za			2009-07-29		Youjiang Zhuang
language	zyn				za			2009-07-29		Yongnan Zhuang
language	zyp							2009-07-29		Zyphe Chin
language	zza					macrolanguage		2006-08-24		Zaza | Dimili | Dimli (macrolanguage) | Kirdki | Kirmanjki (macrolanguage) | Zazaki
language	zzj				za			2009-07-29		Zuojiang Zhuang
extlang	aao		aao		ar			2009-07-29	ar	Algerian Saharan Arabic
extlang	abh		abh		ar			2009-07-29	ar	Tajiki Arabic
extlang	abv		abv		ar			2009-07-29	ar	Baharna Arabic
extlang	acm		acm		ar			2009-07-29	ar	Mesopotamian Arabic
extlang	acq		acq		ar			2009-07-29	ar	Ta'izzi-Adeni Arabic
extlang	acw		acw		ar			2009-07-29	ar	Hijazi Arabic
extlang	acx		acx		ar			2009-07-29	ar	Omani Arabic
extlang	acy		acy		ar			2009-07-29	ar	Cypriot Arabic
extlang	adf		adf		ar			2009-07-29	ar	Dhofari Arabic
extlang	ads		ads					2009-07-29	sgn	Adamorobe Sign Language
extlang	aeb		aeb		ar			2009-07-29	ar	Tunisian Arabic
extlang	aec		aec		ar			2009-07-29	ar	Saidi Arabic
extlang	aed		aed					2009-07-29	sgn	Argentine Sign Language
extlang	aen		aen					2009-07-29	sgn	Armenian Sign Language
extlang	afb		afb		ar			2009-07-29	ar	Gulf Arabic
extlang	afg		afg					2009-07-29	sgn	Afghan Sign Language
extlang	ajp		ajp		ar		2023-03-17	2009-07-29	ar	South Levantine Arabic
extlang	ajs		ajs					2022-02-25	sgn	Algerian Jewish Sign Language
extlang	apc		apc		ar			2009-07-29	ar	Levantine Arabic
extlang	apd		apd		ar			2009-07-29	ar	Sudanese Arabic
extlang	arb		arb		ar			2009-07-29	ar	Standard Arabic
extlang	arq		arq		ar			2009-07-29	ar	Algerian Arabic
extlang	ars		ars		ar			2009-07-29	ar	Najdi Arabic
extlang	ary		ary		ar			2009-07-29	ar	Moroccan Arabic
extlang	arz		arz		ar			2009-07-29	ar	Egyptian Arabic
extlang	ase		ase					2009-07-29	sgn	American Sign Language
extlang	asf		asf					2009-07-29	sgn	Auslan | Australian Sign Language
extlang	asp		asp					2009-07-29	sgn	Algerian Sign Language
extlang	asq		asq					2009-07-29	sgn	Austrian Sign Language
extlang	asw		asw					2009-07-29	sgn	Australian Aborigines Sign Language
extlang	auz		auz		ar			2009-07-29	ar	Uzbeki Arabic
extlang	avl		avl		ar			2009-07-29	ar	Eastern Egyptian Bedawi Arabic
extlang	ayh		ayh		ar			2009-07-29	ar	Hadrami Arabic
extlang	ayl		ayl		ar			2009-07-29	ar	Libyan Arabic
extlang	ayn		ayn		ar			2009-07-29	ar	Sanaani Arabic
extlang	ayp		ayp		ar			2009-07-29	ar	North Mesopotamian Arabic
extlang	bbz		bbz		ar		2020-03-28	2009-07-29	ar	Babalia Creole Arabic
extlang	bfi		bfi					2009-07-29	sgn	British Sign Language
extlang	bfk		bfk					2009-07-29	sgn	Ban Khor Sign Language
extlang	bjn		bjn		ms			2009-07-29	ms	Banjar
extlang	bog		bog					2009-07-29	sgn	Bamako Sign Language
extlang	bqn		bqn					2009-07-29	sgn	Bulgarian Sign Language
extlang	bqy		bqy					2009-07-29	sgn	Bengkala Sign Language
extlang	btj		btj		ms			2009-07-29	ms	Bacanese Malay
extlang	bve		bve		ms			2009-07-29	ms	Berau Malay
extlang	bvl		bvl					2009-07-29	sgn	Bolivian Sign Language
extlang	bvu		bvu		ms			2009-07-29	ms	Bukit Malay
extlang	bzs		bzs					2009-07-29	sgn	Brazilian Sign Language
extlang	cdo		cdo		zh			2009-07-29	zh	Min Dong Chinese
extlang	cds		cds					2009-07-29	sgn	Chadian Sign Language
extlang	cjy		cjy		zh			2009-07-29	zh	Jinyu Chinese
extlang	cmn		cmn		zh			2009-07-29	zh	Mandarin Chinese
extlang	cnp		cnp		zh			2020-03-28	zh	Northern Ping Chinese | Northern Pinghua
extlang	coa		coa		ms			2009-07-29	ms	Cocos Islands Malay
extlang	cpx		cpx		zh			2009-07-29	zh	Pu-Xian Chinese
extlang	csc		csc					2009-07-29	sgn	Catalan Sign Language | Lengua de señas catalana | Llengua de Signes Catalana
extlang	csd		csd					2009-07-29	sgn	Chiangmai Sign Language
extlang	cse		cse					2009-07-29	sgn	Czech Sign Language
extlang	csf		csf					2009-07-29	sgn	Cuba Sign Language
extlang	csg		csg					2009-07-29	sgn	Chilean Sign Language
extlang	csl		csl					2009-07-29	sgn	Chinese Sign Language
extlang	csn		csn					2009-07-29	sgn	Colombian Sign Language
extlang	csp		csp		zh			2020-03-28	zh	Southern Ping Chinese | Southern Pinghua
extlang	csq		csq					2009-07-29	sgn	Croatia Sign Language
extlang	csr		csr					2009-07-29	sgn	Costa Rican Sign Language
extlang	csx		csx					2021-02-20	sgn	Cambodian Sign Language
extlang	czh		czh		zh			2009-07-29	zh	Huizhou Chinese
extlang	czo		czo		zh			2009-07-29	zh	Min Zhong Chinese
extlang	doq		doq					2009-07-29	sgn	Dominican Sign Language
extlang	dse		dse					2009-07-29	sgn	Dutch Sign Language
extlang	dsl		dsl					2009-07-29	sgn	Danish Sign Language
extlang	dsz		dsz					2022-02-25	sgn	Mardin Sign Language
extlang	dup		dup		ms			2009-07-29	ms	Duano
extlang	dyl		dyl					2026-04-09	sgn	Bhutanese Sign Language
extlang	ecs		ecs					2009-07-29	sgn	Ecuadorian Sign Language
extlang	ehs		ehs					2021-02-20	sgn	Miyakubo Sign Language
extlang	esl		esl					2009-07-29	sgn	Egypt Sign Language
extlang	esn		esn					2009-07-29	sgn	Salvadoran Sign Language
extlang	eso		eso					2009-07-29	sgn	Estonian Sign Language
extlang	eth		eth					2009-07-29	sgn	Ethiopian Sign Language
extlang	fcs		fcs					2009-07-29	sgn	Quebec Sign Language
extlang	fse		fse					2009-07-29	sgn	Finnish Sign Language
extlang	fsl		fsl					2009-07-29	sgn	French Sign Language
extlang	fss		fss					2009-07-29	sgn	Finland-Swedish Sign Language | finlandssvenskt teckenspråk | suomenruotsalainen viittomakieli
extlang	gan		gan		zh			2009-07-29	zh	Gan Chinese
extlang	gds		gds					2012-08-12	sgn	Ghandruk Sign Language
extlang	gom		gom		kok			2009-07-29	kok	Goan Konkani
extlang	gse		gse					2009-07-29	sgn	Ghanaian Sign Language
extlang	gsg		gsg					2009-07-29	sgn	German Sign Language
extlang	gsm		gsm					2009-07-29	sgn	Guatemalan Sign Language
extlang	gss		gss					2009-07-29	sgn	Greek Sign Language
extlang	gus		gus					2009-07-29	sgn	Guinean Sign Language
extlang	hab		hab					2009-07-29	sgn	Hanoi Sign Language
extlang	haf		haf					2009-07-29	sgn	Haiphong Sign Language
extlang	hak		hak		zh			2009-07-29	zh	Hakka Chinese
extlang	hds		hds					2009-07-29	sgn	Honduras Sign Language
extlang	hji		hji		ms			2009-07-29	ms	Haji
extlang	hks		hks					2009-07-29	sgn	Hong Kong Sign Language | Heung Kong Sau Yue
extlang	hnm		hnm		zh			2024-12-12	zh	Hainanese
extlang	hos		hos					2009-07-29	sgn	Ho Chi Minh City Sign Language
extlang	hps		hps					2009-07-29	sgn	Hawai'i Sign Language (HSL) | Hawai'i Pidgin Sign Language
extlang	hsh		hsh					2009-07-29	sgn	Hungarian Sign Language
extlang	hsl		hsl					2009-07-29	sgn	Hausa Sign Language
extlang	hsn		hsn		zh			2009-07-29	zh	Xiang Chinese
extlang	icl		icl					2009-07-29	sgn	Icelandic Sign Language
extlang	iks		iks					2015-02-12	sgn	Inuit Sign Language
extlang	ils		ils					2009-07-29	sgn	International Sign
extlang	inl		inl					2009-07-29	sgn	Indonesian Sign Language
extlang	ins		ins					2009-07-29	sgn	Indian Sign Language
extlang	ise		ise					2009-07-29	sgn	Italian Sign Language
extlang	isg		isg					2009-07-29	sgn	Irish Sign Language
extlang	isr		isr					2009-07-29	sgn	Israeli Sign Language
extlang	jak		jak		ms			2009-07-29	ms	Jakun
extlang	jax		jax		ms			2009-07-29	ms	Jambi Malay
extlang	jcs		jcs					2009-07-29	sgn	Jamaican Country Sign Language
extlang	jhs		jhs					2009-07-29	sgn	Jhankot Sign Language
extlang	jks		jks					2021-02-20	sgn	Amami Koniya Sign Language
extlang	jls		jls					2010-03-11	sgn	Jamaican Sign Language
extlang	jos		jos					2009-07-29	sgn	Jordanian Sign Language
extlang	jsl		jsl					2009-07-29	sgn	Japanese Sign Language
extlang	jus		jus					2009-07-29	sgn	Jumla Sign Language
extlang	kgi		kgi					2009-07-29	sgn	Selangor Sign Language
extlang	knn		knn		kok			2009-07-29	kok	Konkani (individual language)
extlang	kvb		kvb		ms			2009-07-29	ms	Kubu
extlang	kvk		kvk					2009-07-29	sgn	Korean Sign Language
extlang	kvr		kvr		ms			2009-07-29	ms	Kerinci
extlang	kxd		kxd		ms			2009-07-29	ms	Brunei
extlang	lbs		lbs					2009-07-29	sgn	Libyan Sign Language
extlang	lce		lce		ms			2009-07-29	ms	Loncong | Sekak
extlang	lcf		lcf		ms			2009-07-29	ms	Lubu
extlang	lgs		lgs					2023-03-17	sgn	Guinea-Bissau Sign Language | Língua Gestual Guineense
extlang	liw		liw		ms			2009-07-29	ms	Col
extlang	lls		lls					2009-07-29	sgn	Lithuanian Sign Language
extlang	lsb		lsb					2021-02-20	sgn	Burundian Sign Language | Langue des Signes Burundaise
extlang	lsc		lsc					2022-02-25	sgn	Albarradas Sign Language | Lengua de señas Albarradas
extlang	lsg		lsg				2018-03-08	2009-07-29	sgn	Lyons Sign Language
extlang	lsl		lsl					2009-07-29	sgn	Latvian Sign Language
extlang	lsn		lsn					2019-04-16	sgn	Tibetan Sign Language
extlang	lso		lso					2009-07-29	sgn	Laos Sign Language
extlang	lsp		lsp					2009-07-29	sgn	Panamanian Sign Language | Lengua de Señas Panameñas
extlang	lst		lst					2009-07-29	sgn	Trinidad and Tobago Sign Language
extlang	lsv		lsv					2019-04-16	sgn	Sivia Sign Language
extlang	lsw		lsw					2022-02-25	sgn	Seychelles Sign Language | Lalang Siny Seselwa | Langue des Signes Seychelloise
extlang	lsy		lsy					2010-03-11	sgn	Mauritian Sign Language
extlang	ltg		ltg		lv			2010-03-11	lv	Latgalian
extlang	luh		luh		zh			2024-12-12	zh	Leizhou Chinese
extlang	lvs		lvs		lv			2010-03-11	lv	Standard Latvian
extlang	lws		lws					2018-03-08	sgn	Malawian Sign Language
extlang	lzh		lzh		zh			2009-07-29	zh	Literary Chinese
extlang	max		max		ms			2009-07-29	ms	North Moluccan Malay
extlang	mdl		mdl					2009-07-29	sgn	Maltese Sign Language
extlang	meo		meo		ms			2009-07-29	ms	Kedah Malay
extlang	mfa		mfa		ms			2009-07-29	ms	Pattani Malay
extlang	mfb		mfb		ms			2009-07-29	ms	Bangka
extlang	mfs		mfs					2009-07-29	sgn	Mexican Sign Language
extlang	min		min		ms			2009-07-29	ms	Minangkabau
extlang	mnp		mnp		zh			2009-07-29	zh	Min Bei Chinese
extlang	mqg		mqg		ms			2009-07-29	ms	Kota Bangun Kutai Malay
extlang	mre		mre					2009-07-29	sgn	Martha's Vineyard Sign Language
extlang	msd		msd					2009-07-29	sgn	Yucatec Maya Sign Language
extlang	msi		msi		ms			2009-07-29	ms	Sabah Malay
extlang	msr		msr					2009-07-29	sgn	Mongolian Sign Language
extlang	mui		mui		ms			2009-07-29	ms	Musi
extlang	mzc		mzc					2009-07-29	sgn	Madagascar Sign Language
extlang	mzg		mzg					2009-07-29	sgn	Monastic Sign Language
extlang	mzy		mzy					2009-07-29	sgn	Mozambican Sign Language
extlang	nan		nan		zh			2009-07-29	zh	Min Nan Chinese
extlang	nbs		nbs					2009-07-29	sgn	Namibian Sign Language
extlang	ncs		ncs					2009-07-29	sgn	Nicaraguan Sign Language
extlang	nsi		nsi					2009-07-29	sgn	Nigerian Sign Language
extlang	nsl		nsl					2009-07-29	sgn	Norwegian Sign Language
extlang	nsp		nsp					2009-07-29	sgn	Nepalese Sign Language
extlang	nsr		nsr					2009-07-29	sgn	Maritime Sign Language
extlang	nzs		nzs					2009-07-29	sgn	New Zealand Sign Language
extlang	okl		okl					2009-07-29	sgn	Old Kentish Sign Language
extlang	orn		orn		ms			2009-07-29	ms	Orang Kanaq
extlang	ors		ors		ms			2009-07-29	ms	Orang Seletar
extlang	pel		pel		ms			2009-07-29	ms	Pekal
extlang	pga		pga		ar			2009-07-29	ar	Sudanese Creole Arabic
extlang	pgz		pgz					2016-05-30	sgn	Papua New Guinean Sign Language
extlang	pks		pks					2009-07-29	sgn	Pakistan Sign Language
extlang	prl		prl					2009-07-29	sgn	Peruvian Sign Language
extlang	prz		prz					2009-07-29	sgn	Providencia Sign Language
extlang	psc		psc					2009-07-29	sgn	Iranian Sign Language | Persian Sign Language
extlang	psd		psd					2009-07-29	sgn	Plains Indian Sign Language
extlang	pse		pse		ms			2009-07-29	ms	Central Malay
extlang	psg		psg					2009-07-29	sgn	Penang Sign Language
extlang	psl		psl					2009-07-29	sgn	Puerto Rican Sign Language
extlang	pso		pso					2009-07-29	sgn	Polish Sign Language
extlang	psp		psp					2009-07-29	sgn	Philippine Sign Language
extlang	psr		psr					2009-07-29	sgn	Portuguese Sign Language
extlang	pys		pys					2010-03-11	sgn	Paraguayan Sign Language | Lengua de Señas del Paraguay
extlang	rib		rib					2022-02-25	sgn	Bribri Sign Language
extlang	rms		rms					2009-07-29	sgn	Romanian Sign Language
extlang	rnb		rnb					2022-02-25	sgn	Brunca Sign Language
extlang	rsi		rsi				2017-02-23	2009-07-29	sgn	Rennellese Sign Language
extlang	rsl		rsl					2009-07-29	sgn	Russian Sign Language
extlang	rsm		rsm					2016-05-30	sgn	Miriwoong Sign Language
extlang	rsn		rsn					2022-02-25	sgn	Rwandan Sign Language
extlang	sdl		sdl					2009-07-29	sgn	Saudi Arabian Sign Language
extlang	sfb		sfb					2009-07-29	sgn	Langue des signes de Belgique Francophone | French Belgian Sign Language
extlang	sfs		sfs					2009-07-29	sgn	South African Sign Language
extlang	sgg		sgg					2009-07-29	sgn	Swiss-German Sign Language
extlang	sgx		sgx					2009-07-29	sgn	Sierra Leone Sign Language
extlang	shu		shu		ar			2009-07-29	ar	Chadian Arabic
extlang	sjc		sjc		zh			2024-12-12	zh	Shaojiang Chinese
extlang	slf		slf					2009-07-29	sgn	Swiss-Italian Sign Language
extlang	sls		sls					2009-07-29	sgn	Singapore Sign Language
extlang	sqk		sqk					2012-08-12	sgn	Albanian Sign Language
extlang	sqs		sqs					2009-07-29	sgn	Sri Lankan Sign Language
extlang	sqx		sqx					2021-02-20	sgn	Kufr Qassem Sign Language (KQSL)
extlang	ssh		ssh		ar			2009-07-29	ar	Shihhi Arabic
extlang	ssp		ssp					2009-07-29	sgn	Spanish Sign Language
extlang	ssr		ssr					2009-07-29	sgn	Swiss-French Sign Language
extlang	svk		svk					2009-07-29	sgn	Slovakian Sign Language
extlang	swc		swc		sw			2009-07-29	sw	Congo Swahili
extlang	swh		swh		sw			2009-07-29	sw	Swahili (individual language) | Kiswahili
extlang	swl		swl					2009-07-29	sgn	Swedish Sign Language
extlang	syy		syy					2009-07-29	sgn	Al-Sayyid Bedouin Sign Language
extlang	szs		szs					2017-02-23	sgn	Solomon Islands Sign Language
extlang	tmw		tmw		ms			2009-07-29	ms	Temuan
extlang	tse		tse					2009-07-29	sgn	Tunisian Sign Language
extlang	tsm		tsm					2009-07-29	sgn	Turkish Sign Language | Türk İşaret Dili
extlang	tsq		tsq					2009-07-29	sgn	Thai Sign Language
extlang	tss		tss					2009-07-29	sgn	Taiwan Sign Language
extlang	tsy		tsy					2009-07-29	sgn	Tebul Sign Language
extlang	tza		tza					2009-07-29	sgn	Tanzanian Sign Language
extlang	ugn		ugn					2009-07-29	sgn	Ugandan Sign Language
extlang	ugy		ugy					2009-07-29	sgn	Uruguayan Sign Language
extlang	ukl		ukl					2009-07-29	sgn	Ukrainian Sign Language
extlang	uks		uks					2009-07-29	sgn	Urubú-Kaapor Sign Language | Kaapor Sign Language
extlang	urk		urk		ms			2009-07-29	ms	Urak Lawoi'
extlang	uzn		uzn		uz			2009-07-29	uz	Northern Uzbek
extlang	uzs		uzs		uz			2009-07-29	uz	Southern Uzbek
extlang	vgt		vgt					2009-07-29	sgn	Vlaamse Gebarentaal | Flemish Sign Language
extlang	vkk		vkk		ms			2009-07-29	ms	Kaur
extlang	vkt		vkt		ms			2009-07-29	ms	Tenggarong Kutai Malay
extlang	vsi		vsi					2009-07-29	sgn	Moldova Sign Language
extlang	vsl		vsl					2009-07-29	sgn	Venezuelan Sign Language
extlang	vsv		vsv					2009-07-29	sgn	Valencian Sign Language | Llengua de signes valenciana
extlang	wbs		wbs					2017-02-23	sgn	West Bengal Sign Language
extlang	wuu		wuu		zh			2009-07-29	zh	Wu Chinese
extlang	xki		xki					2009-07-29	sgn	Kenyan Sign Language
extlang	xml		xml					2009-07-29	sgn	Malaysian Sign Language
extlang	xmm		xmm		ms			2009-07-29	ms	Manado Malay
extlang	xms		xms					2009-07-29	sgn	Moroccan Sign Language
extlang	yds		yds				2015-02-12	2009-07-29	sgn	Yiddish Sign Language
extlang	ygs		ygs					2014-02-28	sgn	Yolŋu Sign Language
extlang	yhs		yhs					2015-04-17	sgn	Yan-nhaŋu Sign Language
extlang	ysl		ysl					2009-07-29	sgn	Yugoslavian Sign Language
extlang	ysm		ysm					2021-02-20	sgn	Myanmar Sign Language
extlang	yue		yue		zh			2009-07-29	zh	Yue Chinese | Cantonese
extlang	zhk		zhk					2026-05-05	sgn	Kurdish Sign Language
extlang	zib		zib					2009-07-29	sgn	Zimbabwe Sign Language
extlang	zlm		zlm		ms			2009-07-29	ms	Malay (individual language)
extlang	zmi		zmi		ms			2009-07-29	ms	Negeri Sembilan Malay
extlang	zsl		zsl					2009-07-29	sgn	Zambian Sign Language
extlang	zsm		zsm		ms			2009-07-29	ms	Standard Malay
script	Adlm							2014-12-11		Adlam
script	Afak							2011-01-07		Afaka
script	Aghb							2012-11-01		Caucasian Albanian
script	Ahom							2013-12-02		Ahom | Tai Ahom
script	Arab							2005-10-16		Arabic
script	Aran							2014-12-11		Arabic (Nastaliq variant)
script	Armi							2007-12-05		Imperial Aramaic
script	Armn							2005-10-16		Armenian
script	Avst							2007-07-28		Avestan
script	Bali							2005-10-16		Balinese
script	Bamu							2009-07-30		Bamum
script	Bass							2010-04-10		Bassa Vah
script	Batk							2005-10-16		Batak
script	Beng							2005-10-16		Bengali | Bangla
script	Berf							2025-02-06		Beria Erfe
script	Bhks							2015-07-24		Bhaiksuki
script	Blis							2005-10-16		Blissymbols
script	Bopo							2005-10-16		Bopomofo
script	Brah							2005-10-16		Brahmi
script	Brai							2005-10-16		Braille
script	Bugi							2005-10-16		Buginese
script	Buhd							2005-10-16		Buhid
script	Cakm							2007-12-05		Chakma
script	Cans							2005-10-16		Unified Canadian Aboriginal Syllabics
script	Cari							2006-07-21		Carian
script	Cham							2005-10-16		Cham
script	Cher							2005-10-16		Cherokee
script	Chis							2023-10-16		Chisoi
script	Chrs							2019-09-11		Chorasmian
script	Cirt							2005-10-16		Cirth
script	Copt							2005-10-16		Coptic
script	Cpmn							2017-08-13		Cypro-Minoan
script	Cprt							2005-10-16		Cypriot syllabary
script	Cyrl							2005-10-16		Cyrillic
script	Cyrs							2005-10-16		Cyrillic (Old Church Slavonic variant)
script	Deva							2005-10-16		Devanagari | Nagari
script	Diak							2019-09-11		Dives Akuru
script	Dogr							2017-01-13		Dogra
script	Dsrt							2005-10-16		Deseret | Mormon
script	Dupl							2010-08-16		Duployan shorthand | Duployan stenography
script	Egyd							2005-10-16		Egyptian demotic
script	Egyh							2005-10-16		Egyptian hieratic
script	Egyp							2005-10-16		Egyptian hieroglyphs
script	Elba							2010-08-16		Elbasan
script	Elym							2018-10-28		Elymaic
script	Ethi							2005-10-16		Ethiopic | Geʻez | Ge'ez
script	Gara							2023-10-16		Garay
script	Geok							2005-10-16		Khutsuri (Asomtavruli and Nuskhuri)
script	Geor							2005-10-16		Georgian (Mkhedruli and Mtavruli)
script	Glag							2005-10-16		Glagolitic
script	Gong							2017-01-13		Gunjala Gondi
script	Gonm							2017-01-13		Masaram Gondi
script	Goth							2005-10-16		Gothic
script	Gran							2009-12-09		Grantha
script	Grek							2005-10-16		Greek
script	Gujr							2005-10-16		Gujarati
script	Gukh							2023-10-16		Gurung Khema
script	Guru							2005-10-16		Gurmukhi
script	Hanb							2016-02-08		Han with Bopomofo (alias for Han + Bopomofo)
script	Hang							2005-10-16		Hangul | Hangŭl | Hangeul
script	Hani							2005-10-16		Han | Hanzi | Kanji | Hanja
script	Hano							2005-10-16		Hanunoo | Hanunóo
script	Hans							2005-10-16		Han (Simplified variant)
script	Hant							2005-10-16		Han (Traditional variant)
script	Hatr							2013-12-02		Hatran
script	Hebr							2005-10-16		Hebrew
script	Hira							2005-10-16		Hiragana
script	Hluw							2011-12-28		Anatolian Hieroglyphs | Luwian Hieroglyphs | Hittite Hieroglyphs
script	Hmng							2005-10-16		Pahawh Hmong
script	Hmnp							2017-08-13		Nyiakeng Puachue Hmong
script	Hntl							2025-05-14		Han (Traditional variant) with Latin (alias for Hant + Latn)
script	Hrkt							2005-10-16		Japanese syllabaries (alias for Hiragana + Katakana)
script	Hung							2005-10-16		Old Hungarian | Hungarian Runic
script	Inds							2005-10-16		Indus | Harappan
script	Ital							2005-10-16		Old Italic (Etruscan, Oscan, etc.)
script	Jamo							2016-02-08		Jamo (alias for Jamo subset of Hangul)
script	Java							2005-10-16		Javanese
script	Jpan							2006-07-21		Japanese (alias for Han + Hiragana + Katakana)
script	Jurc							2011-01-07		Jurchen
script	Kali							2005-10-16		Kayah Li
script	Kana							2005-10-16		Katakana
script	Kawi							2021-12-24		Kawi
script	Khar							2005-10-16		Kharoshthi
script	Khmr							2005-10-16		Khmer
script	Khoj							2011-08-16		Khojki
script	Kitl							2014-12-11		Khitan large script
script	Kits							2014-12-11		Khitan small script
script	Knda							2005-10-16		Kannada
script	Kore							2007-07-05		Korean (alias for Hangul + Han)
script	Kpel							2010-04-10		Kpelle
script	Krai							2023-10-16		Kirat Rai
script	Kthi							2007-12-05		Kaithi
script	Lana							2006-07-21		Tai Tham | Lanna
script	Laoo							2005-10-16		Lao
script	Latf							2005-10-16		Latin (Fraktur variant)
script	Latg							2005-10-16		Latin (Gaelic variant)
script	Latn							2005-10-16		Latin
script	Leke							2015-07-24		Leke
script	Lepc							2005-10-16		Lepcha | Róng
script	Limb							2005-10-16		Limbu
script	Lina							2005-10-16		Linear A
script	Linb							2005-10-16		Linear B
script	Lisu							2009-03-13		Lisu | Fraser
script	Loma							2010-04-10		Loma
script	Lyci							2006-07-21		Lycian
script	Lydi							2006-07-21		Lydian
script	Mahj							2012-11-01		Mahajani
script	Maka							2017-01-13		Makasar
script	Mand							2005-10-16		Mandaic | Mandaean
script	Mani							2007-07-28		Manichaean
script	Marc							2014-12-11		Marchen
script	Maya							2005-10-16		Mayan hieroglyphs
script	Medf							2017-01-13		Medefaidrin | Oberi Okaime | Oberi Ɔkaimɛ
script	Mend							2010-04-10		Mende Kikakui
script	Merc							2009-12-09		Meroitic Cursive
script	Mero							2005-10-16		Meroitic Hieroglyphs
script	Mlym							2005-10-16		Malayalam
script	Modi							2013-12-02		Modi | Moḍī
script	Mong							2005-10-16		Mongolian
script	Moon							2007-01-26		Moon | Moon code | Moon script | Moon type
script	Mroo							2011-01-07		Mro | Mru
script	Mtei							2007-01-26		Meitei Mayek | Meithei | Meetei
script	Mult							2013-12-02		Multani
script	Mymr							2005-10-16		Myanmar | Burmese
script	Nagm							2021-12-24		Nag Mundari
script	Nand							2018-10-28		Nandinagari
script	Narb							2010-04-10		Old North Arabian | Ancient North Arabian
script	Nbat							2010-04-10		Nabataean
script	Newa							2016-01-04		Newa | Newar | Newari | Nepāla lipi
script	Nkdb							2017-08-13		Naxi Dongba | na²¹ɕi³³ to³³ba²¹ | Nakhi Tomba
script	Nkgb							2009-03-13		Naxi Geba | na²¹ɕi³³ gʌ²¹ba²¹ | 'Na-'Khi ²Ggŏ-¹baw | Nakhi Geba
script	Nkoo							2005-10-16		N’Ko | N'Ko
script	Nshu							2011-01-07		Nüshu
script	Ogam							2005-10-16		Ogham
script	Olck							2006-07-21		Ol Chiki | Ol Cemet' | Ol | Santali
script	Onao							2023-10-16		Ol Onal
script	Orkh							2009-07-30		Old Turkic | Orkhon Runic
script	Orya							2005-10-16		Oriya | Odia
script	Osge							2014-12-11		Osage
script	Osma							2005-10-16		Osmanya
script	Ougr							2021-02-12		Old Uyghur
script	Palm							2010-04-10		Palmyrene
script	Pauc							2013-12-02		Pau Cin Hau
script	Pcun							2021-02-12		Proto-Cuneiform
script	Pelm							2021-02-12		Proto-Elamite
script	Perm							2005-10-16		Old Permic
script	Phag							2005-10-16		Phags-pa
script	Phli							2007-12-05		Inscriptional Pahlavi
script	Phlp							2007-12-05		Psalter Pahlavi
script	Phlv							2007-07-28		Book Pahlavi
script	Phnx							2005-10-16		Phoenician
script	Piqd							2016-01-04		Klingon (KLI pIqaD)
script	Plrd							2005-10-16		Miao | Pollard
script	Prti							2007-12-05		Inscriptional Parthian
script	Psin							2021-02-12		Proto-Sinaitic
script	Qaaa..Qabx							2005-10-16		Private use
script	Ranj							2021-02-12		Ranjana
script	Rjng							2006-10-17		Rejang | Redjang | Kaganga
script	Rohg							2017-12-13		Hanifi Rohingya
script	Roro							2005-10-16		Rongorongo
script	Runr							2005-10-16		Runic
script	Samr							2007-07-28		Samaritan
script	Sara							2005-10-16		Sarati
script	Sarb							2009-07-30		Old South Arabian
script	Saur							2006-07-21		Saurashtra
script	Seal							2025-05-14		Seal | Small Seal
script	Sgnw							2006-10-17		SignWriting
script	Shaw							2005-10-16		Shavian | Shaw
script	Shrd							2011-01-07		Sharada | Śāradā
script	Shui							2017-08-13		Shuishu
script	Sidd							2013-12-02		Siddham | Siddhaṃ | Siddhamātṛkā
script	Sidt							2023-10-16		Sidetic
script	Sind							2010-08-16		Khudawadi | Sindhi
script	Sinh							2005-10-16		Sinhala
script	Sogd							2017-12-13		Sogdian
script	Sogo							2017-12-13		Old Sogdian
script	Sora							2011-01-07		Sora Sompeng
script	Soyo							2017-01-13		Soyombo
script	Sund							2006-07-21		Sundanese
script	Sunu							2021-12-24		Sunuwar
script	Sylo							2005-10-16		Syloti Nagri
script	Syrc							2005-10-16		Syriac
script	Syre							2005-10-16		Syriac (Estrangelo variant)
script	Syrj							2005-10-16		Syriac (Western variant)
script	Syrn							2005-10-16		Syriac (Eastern variant)
script	Tagb							2005-10-16		Tagbanwa
script	Takr							2011-01-07		Takri | Ṭākrī | Ṭāṅkrī
script	Tale							2005-10-16		Tai Le
script	Talu							2005-10-16		New Tai Lue
script	Taml							2005-10-16		Tamil
script	Tang							2011-01-07		Tangut
script	Tavt							2007-12-05		Tai Viet
script	Tayo							2023-10-16		Tai Yo
script	Telu							2005-10-16		Telugu
script	Teng							2005-10-16		Tengwar
script	Tfng							2005-10-16		Tifinagh | Berber
script	Tglg							2005-10-16		Tagalog | Baybayin | Alibata
script	Thaa							2005-10-16		Thaana
script	Thai							2005-10-16		Thai
script	Tibt							2005-10-16		Tibetan
script	Tirh							2011-08-16		Tirhuta
script	Tnsa							2021-03-05		Tangsa
script	Todr							2023-10-16		Todhri
script	Tols							2023-10-16		Tolong Siki
script	Toto							2020-05-12		Toto
script	Tutg							2023-10-16		Tulu-Tigalari
script	Ugar							2005-10-16		Ugaritic
script	Vaii							2005-10-16		Vai
script	Visp							2005-10-16		Visible Speech
script	Vith							2021-03-05		Vithkuqi
script	Wara							2009-12-09		Warang Citi | Varang Kshiti
script	Wcho							2017-08-13		Wancho
script	Wole							2011-01-07		Woleai
script	Xpeo							2005-10-16		Old Persian
script	Xsux							2005-10-16		Sumero-Akkadian cuneiform
script	Yezi							2019-09-11		Yezidi
script	Yiii							2005-10-16		Yi
script	Zanb							2017-01-13		Zanabazar Square | Zanabazarin Dörböljin Useg | Xewtee Dörböljin Bicig | Horizontal Square Script
script	Zinh							2009-04-03		Code for inherited script
script	Zmth							2007-12-05		Mathematical notation
script	Zsye							2016-01-04		Symbols (Emoji variant)
script	Zsym							2007-12-05		Symbols
script	Zxxx							2005-10-16		Code for unwritten documents
script	Zyyy							2005-10-16		Code for undetermined script
script	Zzzz							2005-10-16		Code for uncoded script
region	001							2005-10-16		World
region	002							2005-10-16		Africa
region	003							2010-08-16		North America
region	005							2005-10-16		South America
region	009							2005-10-16		Oceania
region	011							2005-10-16		Western Africa
region	013							2005-10-16		Central America
region	014							2005-10-16		Eastern Africa
region	015							2005-10-16		Northern Africa
region	017							2005-10-16		Middle Africa
region	018							2005-10-16		Southern Africa
region	019							2005-10-16		Americas
region	021							2005-10-16		Northern America
region	029							2005-10-16		Caribbean
region	030							2005-10-16		Eastern Asia
region	034							2005-10-16		Southern Asia
region	035							2005-10-16		South-Eastern Asia
region	039							2005-10-16		Southern Europe
region	053							2005-10-16		Australia and New Zealand
region	054							2005-10-16		Melanesia
region	057							2005-10-16		Micronesia
region	061							2005-10-16		Polynesia
region	142							2005-10-16		Asia
region	143							2005-10-16		Central Asia
region	145							2005-10-16		Western Asia
region	150							2005-10-16		Europe
region	151							2005-10-16		Eastern Europe
region	154							2005-10-16		Northern Europe
region	155							2005-10-16		Western Europe
region	202							2017-04-18		Sub-Saharan Africa
region	419							2005-10-16		Latin America and the Caribbean
region	AA							2005-10-16		Private use
region	AC							2009-07-29		Ascension Island
region	AD							2005-10-16		Andorra
region	AE							2005-10-16		United Arab Emirates
region	AF							2005-10-16		Afghanistan
region	AG							2005-10-16		Antigua and Barbuda
region	AI							2005-10-16		Anguilla
region	AL							2005-10-16		Albania
region	AM							2005-10-16		Armenia
region	AN						2011-01-07	2005-10-16		Netherlands Antilles
region	AO							2005-10-16		Angola
region	AQ							2005-10-16		Antarctica
region	AR							2005-10-16		Argentina
region	AS							2005-10-16		American Samoa
region	AT							2005-10-16		Austria
region	AU							2005-10-16		Australia
region	AW							2005-10-16		Aruba
region	AX							2005-10-16		Åland Islands
region	AZ							2005-10-16		Azerbaijan
region	BA							2005-10-16		Bosnia and Herzegovina
region	BB							2005-10-16		Barbados
region	BD							2005-10-16		Bangladesh
region	BE							2005-10-16		Belgium
region	BF							2005-10-16		Burkina Faso
region	BG							2005-10-16		Bulgaria
region	BH							2005-10-16		Bahrain
region	BI							2005-10-16		Burundi
region	BJ							2005-10-16		Benin
region	BL							2007-11-02		Saint Barthélemy
region	BM							2005-10-16		Bermuda
region	BN							2005-10-16		Brunei Darussalam
region	BO							2005-10-16		Bolivia
region	BQ							2011-01-07		Bonaire, Sint Eustatius and Saba
region	BR							2005-10-16		Brazil
region	BS							2005-10-16		Bahamas
region	BT							2005-10-16		Bhutan
region	BU		MM				1989-12-05	2005-10-16		Burma
region	BV							2005-10-16		Bouvet Island
region	BW							2005-10-16		Botswana
region	BY							2005-10-16		Belarus
region	BZ							2005-10-16		Belize
region	CA							2005-10-16		Canada
region	CC							2005-10-16		Cocos (Keeling) Islands
region	CD							2005-10-16		The Democratic Republic of the Congo
region	CF							2005-10-16		Central African Republic
region	CG							2005-10-16		Congo
region	CH							2005-10-16		Switzerland
region	CI							2005-10-16		Côte d'Ivoire
region	CK							2005-10-16		Cook Islands
region	CL							2005-10-16		Chile
region	CM							2005-10-16		Cameroon
region	CN							2005-10-16		China
region	CO							2005-10-16		Colombia
region	CP							2009-07-29		Clipperton Island
region	CQ							2023-02-07		Sark
region	CR							2005-10-16		Costa Rica
region	CS						2006-10-05	2005-10-16		Serbia and Montenegro
region	CU							2005-10-16		Cuba
region	CV							2005-10-16		Cabo Verde | Cape Verde
region	CW							2011-01-07		Curaçao
region	CX							2005-10-16		Christmas Island
region	CY							2005-10-16		Cyprus
region	CZ							2005-10-16		Czechia | Czech Republic
region	DD		DE				1990-10-30	2005-10-16		German Democratic Republic
region	DE							2005-10-16		Germany
region	DG							2009-07-29		Diego Garcia
region	DJ							2005-10-16		Djibouti
region	DK							2005-10-16		Denmark
region	DM							2005-10-16		Dominica
region	DO							2005-10-16		Dominican Republic
region	DZ							2005-10-16		Algeria
region	EA							2009-07-29		Ceuta, Melilla
region	EC							2005-10-16		Ecuador
region	EE							2005-10-16		Estonia
region	EG							2005-10-16		Egypt
region	EH							2005-10-16		Western Sahara
region	ER							2005-10-16		Eritrea
region	ES							2005-10-16		Spain
region	ET							2005-10-16		Ethiopia
region	EU							2009-07-29		European Union
region	EZ							2016-07-14		Eurozone
region	FI							2005-10-16		Finland
region	FJ							2005-10-16		Fiji
region	FK							2005-10-16		Falkland Islands (Malvinas)
region	FM							2005-10-16		Federated States of Micronesia
region	FO							2005-10-16		Faroe Islands
region	FR							2005-10-16		France
region	FX		FR				1997-07-14	2005-10-16		Metropolitan France
region	GA							2005-10-16		Gabon
region	GB							2005-10-16		United Kingdom
region	GD							2005-10-16		Grenada
region	GE							2005-10-16		Georgia
region	GF							2005-10-16		French Guiana
region	GG							2006-03-29		Guernsey
region	GH							2005-10-16		Ghana
region	GI							2005-10-16		Gibraltar
region	GL							2005-10-16		Greenland
region	GM							2005-10-16		Gambia
region	GN							2005-10-16		Guinea
region	GP							2005-10-16		Guadeloupe
region	GQ							2005-10-16		Equatorial Guinea
region	GR							2005-10-16		Greece
region	GS							2005-10-16		South Georgia and the South Sandwich Islands
region	GT							2005-10-16		Guatemala
region	GU							2005-10-16		Guam
region	GW							2005-10-16		Guinea-Bissau
region	GY							2005-10-16		Guyana
region	HK							2005-10-16		Hong Kong
region	HM							2005-10-16		Heard Island and McDonald Islands
region	HN							2005-10-16		Honduras
region	HR							2005-10-16		Croatia
region	HT							2005-10-16		Haiti
region	HU							2005-10-16		Hungary
region	IC							2009-07-29		Canary Islands
region	ID							2005-10-16		Indonesia
region	IE							2005-10-16		Ireland
region	IL							2005-10-16		Israel
region	IM							2006-03-29		Isle of Man
region	IN							2005-10-16		India
region	IO							2005-10-16		British Indian Ocean Territory
region	IQ							2005-10-16		Iraq
region	IR							2005-10-16		Islamic Republic of Iran
region	IS							2005-10-16		Iceland
region	IT							2005-10-16		Italy
region	JE							2006-03-29		Jersey
region	JM							2005-10-16		Jamaica
region	JO							2005-10-16		Jordan
region	JP							2005-10-16		Japan
region	KE							2005-10-16		Kenya
region	KG							2005-10-16		Kyrgyzstan
region	KH							2005-10-16		Cambodia
region	KI							2005-10-16		Kiribati
region	KM							2005-10-16		Comoros
region	KN							2005-10-16		Saint Kitts and Nevis
region	KP							2005-10-16		Democratic People's Republic of Korea
region	KR							2005-10-16		Republic of Korea
region	KW							2005-10-16		Kuwait
region	KY							2005-10-16		Cayman Islands
region	KZ							2005-10-16		Kazakhstan
region	LA							2005-10-16		Lao People's Democratic Republic
region	LB							2005-10-16		Lebanon
region	LC							2005-10-16		Saint Lucia
region	LI							2005-10-16		Liechtenstein
region	LK							2005-10-16		Sri Lanka
region	LR							2005-10-16		Liberia
region	LS							2005-10-16		Lesotho
region	LT							2005-10-16		Lithuania
region	LU							2005-10-16		Luxembourg
region	LV							2005-10-16		Latvia
region	LY							2005-10-16		Libya
region	MA							2005-10-16		Morocco
region	MC							2005-10-16		Monaco
region	MD							2005-10-16		Moldova
region	ME							2006-10-05		Montenegro
region	MF							2007-11-02		Saint Martin (French part)
region	MG							2005-10-16		Madagascar
region	MH							2005-10-16		Marshall Islands
region	MK							2005-10-16		North Macedonia
region	ML							2005-10-16		Mali
region	MM							2005-10-16		Myanmar
region	MN							2005-10-16		Mongolia
region	MO							2005-10-16		Macao
region	MP							2005-10-16		Northern Mariana Islands
region	MQ							2005-10-16		Martinique
region	MR							2005-10-16		Mauritania
region	MS							2005-10-16		Montserrat
region	MT							2005-10-16		Malta
region	MU							2005-10-16		Mauritius
region	MV							2005-10-16		Maldives
region	MW							2005-10-16		Malawi
region	MX							2005-10-16		Mexico
region	MY							2005-10-16		Malaysia
region	MZ							2005-10-16		Mozambique
region	NA							2005-10-16		Namibia
region	NC							2005-10-16		New Caledonia
region	NE							2005-10-16		Niger
region	NF							2005-10-16		Norfolk Island
region	NG							2005-10-16		Nigeria
region	NI							2005-10-16		Nicaragua
region	NL							2005-10-16		Netherlands
region	NO							2005-10-16		Norway
region	NP							2005-10-16		Nepal
region	NR							2005-10-16		Nauru
region	NT						1993-07-12	2005-10-16		Neutral Zone
region	NU							2005-10-16		Niue
region	NZ							2005-10-16		New Zealand
region	OM							2005-10-16		Oman
region	PA							2005-10-16		Panama
region	PE							2005-10-16		Peru
region	PF							2005-10-16		French Polynesia
region	PG							2005-10-16		Papua New Guinea
region	PH							2005-10-16		Philippines
region	PK							2005-10-16		Pakistan
region	PL							2005-10-16		Poland
region	PM							2005-10-16		Saint Pierre and Miquelon
region	PN							2005-10-16		Pitcairn
region	PR							2005-10-16		Puerto Rico
region	PS							2005-10-16		State of Palestine
region	PT							2005-10-16		Portugal
region	PW							2005-10-16		Palau
region	PY							2005-10-16		Paraguay
region	QA							2005-10-16		Qatar
region	QM..QZ							2005-10-16		Private use
region	RE							2005-10-16		Réunion
region	RO							2005-10-16		Romania
region	RS							2006-10-05		Serbia
region	RU							2005-10-16		Russian Federation
region	RW							2005-10-16		Rwanda
region	SA							2005-10-16		Saudi Arabia
region	SB							2005-10-16		Solomon Islands
region	SC							2005-10-16		Seychelles
region	SD							2005-10-16		Sudan
region	SE							2005-10-16		Sweden
region	SG							2005-10-16		Singapore
region	SH							2005-10-16		Saint Helena, Ascension and Tristan da Cunha
region	SI							2005-10-16		Slovenia
region	SJ							2005-10-16		Svalbard and Jan Mayen
region	SK							2005-10-16		Slovakia
region	SL							2005-10-16		Sierra Leone
region	SM							2005-10-16		San Marino
region	SN							2005-10-16		Senegal
region	SO							2005-10-16		Somalia
region	SR							2005-10-16		Suriname
region	SS							2011-08-25		South Sudan
region	ST							2005-10-16		Sao Tome and Principe
region	SU						1992-08-30	2005-10-16		Union of Soviet Socialist Republics
region	SV							2005-10-16		El Salvador
region	SX							2011-01-07		Sint Maarten (Dutch part)
region	SY							2005-10-16		Syrian Arab Republic
region	SZ							2005-10-16		Eswatini | eSwatini | Swaziland
region	TA							2009-07-29		Tristan da Cunha
region	TC							2005-10-16		Turks and Caicos Islands
region	TD							2005-10-16		Chad
region	TF							2005-10-16		French Southern Territories
region	TG							2005-10-16		Togo
region	TH							2005-10-16		Thailand
region	TJ							2005-10-16		Tajikistan
region	TK							2005-10-16		Tokelau
region	TL							2005-10-16		Timor-Leste
region	TM							2005-10-16		Turkmenistan
region	TN							2005-10-16		Tunisia
region	TO							2005-10-16		Tonga
region	TP		TL				2002-05-20	2005-10-16		East Timor
region	TR							2005-10-16		Türkiye | Turkey
region	TT							2005-10-16		Trinidad and Tobago
region	TV							2005-10-16		Tuvalu
region	TW							2005-10-16		Taiwan, Province of China
region	TZ							2005-10-16		United Republic of Tanzania
region	UA							2005-10-16		Ukraine
region	UG							2005-10-16		Uganda
region	UM							2005-10-16		United States Minor Outlying Islands
region	UN							2016-07-14		United Nations
region	US							2005-10-16		United States
region	UY							2005-10-16		Uruguay
region	UZ							2005-10-16		Uzbekistan
region	VA							2005-10-16		Holy See (Vatican City State)
region	VC							2005-10-16		Saint Vincent and the Grenadines
region	VE							2005-10-16		Venezuela
region	VG							2005-10-16		British Virgin Islands
region	VI							2005-10-16		U.S. Virgin Islands
region	VN							2005-10-16		Viet Nam
region	VU							2005-10-16		Vanuatu
region	WF							2005-10-16		Wallis and Futuna
region	WS							2005-10-16		Samoa
region	XA..XZ							2005-10-16		Private use
region	YD		YE				1990-08-14	2005-10-16		Democratic Yemen
region	YE							2005-10-16		Yemen
region	YT							2005-10-16		Mayotte
region	YU						2003-07-23	2005-10-16		Yugoslavia
region	ZA							2005-10-16		South Africa
region	ZM							2005-10-16		Zambia
region	ZR		CD				1997-07-14	2005-10-16		Zaire
region	ZW							2005-10-16		Zimbabwe
region	ZZ							2005-10-16		Private use
variant	1606nict							2007-03-20	frm	Late Middle French (to 1606)
variant	1694acad							2007-03-20	fr	Early Modern French
variant	1901							2005-10-16	de	Traditional German orthography
variant	1959acad							2008-09-30	be	"Academic" ("governmental") variant of Belarusian as codified in 1959
variant	1994							2007-07-28	sl-rozaj | sl-rozaj-biske | sl-rozaj-njiva | sl-rozaj-osojs | sl-rozaj-solba	Standardized Resian orthography
variant	1996							2005-10-16	de	German orthography of 1996
variant	abl1943							2015-05-06	pt-BR	Orthographic formulation of 1943 - Official in Brazil (Formulário Ortográfico de 1943 - Oficial no Brasil)
variant	akhmimic							2025-07-14	cop	Akhmimic dialect of Coptic
variant	akuapem							2017-06-05	tw	Akuapem Twi
variant	alalc97							2009-12-09		ALA-LC Romanization, 1997 edition
variant	aluku							2009-09-05	djk	Aluku dialect | Boni dialect
variant	anpezo							2024-03-04	lld	Anpezo standard of Ladin
variant	ao1990							2015-05-06	pt | gl	Portuguese Language Orthographic Agreement of 1990 (Acordo Ortográfico da Língua Portuguesa de 1990)
variant	aranes							2018-04-22	oc	Aranese
variant	arevela						2018-03-24	2006-09-18	hy	Eastern Armenian
variant	arevmda						2018-03-24	2006-09-18	hy	Western Armenian
variant	arkaika							2020-12-17	eo	Arcaicam Esperantom | Arkaika Esperanto
variant	asante							2017-06-05	tw	Asante Twi | Ashanti Twi
variant	auvern							2018-04-22	oc	Auvergnat
variant	baku1926							2007-04-18	az | ba | crh | kk | krc | ky | sah | tk | tt | uz	Unified Turkic Latin Alphabet (Historical)
variant	balanka							2014-02-15	blo	The Balanka dialect of Anii
variant	barla							2013-12-10	kea	The Barlavento dialect group of Kabuverdianu
variant	basiceng							2015-12-29	en	Basic English
variant	bauddha							2010-07-28	sa	Buddhist Hybrid Sanskrit
variant	bciav							2023-05-11	zbl	BCI Blissymbolics AV
variant	bcizbl							2023-05-11	zbl	BCI Blissymbolics
variant	biscayan							2010-04-13	eu	Biscayan dialect of Basque
variant	biske							2007-07-05	sl-rozaj	The San Giorgio dialect of Resian | The Bila dialect of Resian
variant	blasl							2023-07-31	ase | sgn-ase	Black American Sign Language dialect
variant	bohairic							2025-07-14	cop	Bohairic dialect of Coptic
variant	bohoric							2012-06-27	sl	Slovene in Bohorič alphabet
variant	boont							2006-09-18	en	Boontling
variant	bornholm							2019-03-27	da	Bornholmsk
variant	cisaup							2018-04-22	oc	Cisalpine
variant	colb1945							2015-05-06	pt	Portuguese-Brazilian Orthographic Convention of 1945 (Convenção Ortográfica Luso-Brasileira de 1945)
variant	cornu							2015-12-07	en	Cornu-English | Cornish English | Anglo-Cornish
variant	creiss							2018-04-22	oc	Occitan variants of the Croissant area
variant	dajnko							2012-06-27	sl	Slovene in Dajnko alphabet
variant	ekavsk							2013-12-02	sr | sr-Latn | sr-Cyrl	Serbian with Ekavian pronunciation
variant	emodeng							2012-02-05	en	Early Modern English (1500-1700)
variant	fascia							2024-03-04	lld	Fascia standard of Ladin
variant	fayyumic							2025-07-14	cop	Fayyumic dialect of Coptic
variant	fodom							2024-03-04	lld	Fodom standard of Ladin
variant	fonipa							2006-12-11		International Phonetic Alphabet
variant	fonkirsh							2018-04-22		Kirshenbaum Phonetic Alphabet
variant	fonnapa							2016-06-24		North American Phonetic Alphabet | Americanist Phonetic Notation
variant	fonupa							2006-12-11		Uralic Phonetic Alphabet
variant	fonxsamp							2010-10-23		X-SAMPA transcription
variant	gallo							2021-08-05	fr	Gallo
variant	gascon							2018-04-22	oc	Gascon
variant	gherd							2024-03-04	lld	Gherdëina standard of Ladin
variant	grclass							2018-04-22	oc | oc-aranes | oc-auvern | oc-cisaup | oc-creiss | oc-gascon | oc-lemosin | oc-lengadoc | oc-nicard | oc-provenc | oc-vivaraup	Classical Occitan orthography
variant	grital							2018-04-22	oc | oc-cisaup | oc-nicard | oc-provenc	Italian-inspired Occitan orthography
variant	grmistr							2018-04-22	oc | oc-aranes | oc-auvern | oc-cisaup | oc-creiss | oc-gascon | oc-lemosin | oc-lengadoc | oc-nicard | oc-provenc | oc-vivaraup	Mistralian or Mistralian-inspired Occitan orthography
variant	hanoi							2025-03-10	vi	The Hà Nội variant of Vietnamese
variant	hepburn							2009-10-01	ja-Latn	Hepburn romanization
variant	heploc		alalc97				2010-02-07	2009-10-01	ja-Latn-hepburn	Hepburn romanization, Library of Congress method
variant	hognorsk							2010-01-02	nn	Norwegian in Høgnorsk (High Norwegian) orthography
variant	hsistemo							2017-03-14	eo	Standard H-system orthographic fallback for spelling Esperanto
variant	huett							2025-03-10	vi	The Huế (province Thừa Thiên) variant of Vietnamese
variant	ijekavsk							2013-12-02	sr | sr-Latn | sr-Cyrl	Serbian with Ijekavian pronunciation
variant	itihasa							2010-07-28	sa	Epic Sanskrit
variant	ivanchov							2017-12-13	bg	Bulgarian in 1899 orthography
variant	jauer							2010-06-29	rm	Jauer dialect of Romansh
variant	jyutping							2010-10-23	yue	Jyutping Cantonese Romanization
variant	kkcor							2008-10-14	kw	Common Cornish orthography of Revived Cornish
variant	kleinsch							2024-07-20	kl | kl-tunumiit	Kleinschmidt orthography | Allattaasitaamut
variant	kociewie							2014-11-27	pl	The Kociewie dialect of Polish
variant	kscor							2012-06-27	kw	Standard Cornish orthography of Revived Cornish | Kernowek Standard
variant	laukika						2024-06-08	2010-07-28	sa	Classical Sanskrit
variant	leidentr							2025-02-06	egy	Ancient Egyptian in Leiden Unified Transliteration
variant	lemosin							2018-04-22	oc	Limousin
variant	lengadoc							2018-04-22	oc	Languedocien
variant	lipaw							2007-08-11	sl-rozaj	The Lipovaz dialect of Resian | The Lipovec dialect of Resian
variant	ltg1929							2022-08-05	ltg	The Latgalian language orthography codified in 1929
variant	ltg2007							2022-06-23	ltg	The Latgalian language orthography codified in the language law in 2007
variant	luna1918							2010-10-10	ru	Post-1917 Russian orthography
variant	lycopol							2025-07-14	cop	Lycopolitan alias Subakhmimic dialect of Coptic
variant	mdcegyp							2025-02-06	egy	Ancient Egyptian hieroglyphs encoded in Manuel de Codage
variant	mdctrans							2025-02-06	egy	Ancient Egyptian transliteration encoded in Manuel de Codage
variant	mesokem							2025-07-14	cop	Mesokemic alias Oxyrhynchite dialect of Coptic
variant	metelko							2012-06-27	sl	Slovene in Metelko alphabet
variant	moderat							2026-04-21	nb	The moderate (conservative, i.e. Danish-like) spelling variant of Bokmål
variant	monoton							2006-12-11	el	Monotonic Greek
variant	ndyuka							2009-09-05	djk	Ndyuka dialect | Aukan dialect
variant	nedis							2005-10-16	sl	Natisone dialect | Nadiza dialect
variant	newfound							2015-11-25	en-CA	Newfoundland English
variant	nicard							2018-04-22	oc	Niçard
variant	njiva							2007-07-05	sl-rozaj	The Gniva dialect of Resian | The Njiva dialect of Resian
variant	nulik							2012-01-28	vo	Volapük nulik | Volapük perevidöl | Volapük nulädik | de Jong's Volapük | New Volapük | Revised Volapük | Modern Volapük
variant	osojs							2007-07-05	sl-rozaj	The Oseacco dialect of Resian | The Osojane dialect of Resian
variant	oxendict							2015-04-17	en	Oxford English Dictionary spelling
variant	pahawh2							2017-01-13	mww | hnj	Pahawh Hmong Second Stage Reduced orthography
variant	pahawh3							2017-01-13	mww | hnj	Pahawh Hmong Third Stage Reduced orthography
variant	pahawh4							2017-01-13	mww | hnj	Pahawh Hmong Final Version orthography
variant	pamaka							2009-09-05	djk	Pamaka dialect
variant	peano							2020-03-12	la	Latino Sine Flexione | Interlingua de API | Interlingua de Peano
variant	pehoeji							2024-03-04	nan-Latn	Hokkien Vernacular Romanization System | Pe̍h-ōe-jī orthography/romanization
variant	petr1708							2010-10-10	ru	Petrine orthography
variant	pinyin							2008-10-14	zh-Latn | bo-Latn	Pinyin romanization
variant	polyton							2006-12-11	el	Polytonic Greek
variant	provenc							2018-04-22	oc	Provençal
variant	puter							2010-06-29	rm	Puter idiom of Romansh
variant	radikalt							2026-04-21	nb	Radical (i.e. Nynorsk-like) spelling variant of Bokmål
variant	rigik							2012-01-28	vo	Volapük rigik | Schleyer's Volapük | Original Volapük | Classic Volapük
variant	rozaj							2005-10-16	sl	Resian | Resianic | Rezijan
variant	rumgr							2010-06-29	rm	Rumantsch Grischun
variant	sahidic							2025-07-14	cop	Sahidic dialect of Coptic
variant	saigon							2025-03-10	vi	The Sài Gòn variant of Vietnamese
variant	scotland							2007-08-31	en	Scottish Standard English
variant	scouse							2006-09-18	en	Scouse
variant	simple							2015-12-29		Simplified form
variant	slepe							2026-04-09	dsb	Sorbian dialect of Schleife
variant	solba							2007-07-05	sl-rozaj	The Stolvizza dialect of Resian | The Solbica dialect of Resian
variant	sotav							2013-12-10	kea	The Sotavento dialect group of Kabuverdianu
variant	spanglis							2017-02-23	en | es	Spanglish
variant	stadi							2026-04-09	fi	The "Stadin slangi" dialect of Finnish
variant	surmiran							2010-06-29	rm	Surmiran idiom of Romansh
variant	sursilv							2010-06-29	rm	Sursilvan idiom of Romansh
variant	sutsilv							2010-06-29	rm	Sutsilvan idiom of Romansh
variant	synnejyl							2021-07-17	da	Synnejysk | South Jutish
variant	taglish							2026-04-09	en | tl | fil	Tagalog-English code-switching
variant	tailo							2024-03-04	nan-Latn	Taiwanese Hokkien Romanization System for Hokkien languages | Tâi-lô orthography/romanization
variant	tarask							2007-04-27	be	Belarusian in Taraskievica orthography
variant	tongyong							2020-06-08	zh-Latn	Tongyong Pinyin romanization
variant	tunumiit							2020-07-16	kl	Tunumiisiut | East Greenlandic | Østgrønlandsk
variant	uccor							2008-10-14	kw	Unified Cornish orthography of Revived Cornish
variant	ucrcor							2008-10-14	kw	Unified Cornish Revised orthography of Revived Cornish
variant	ulster							2010-04-10	sco	Ulster dialect of Scots
variant	unifon							2013-10-02	en | hup | kyh | tol | yur	Unifon phonetic alphabet
variant	vaidika						2024-06-08	2010-07-28	sa	Vedic Sanskrit
variant	valbadia							2024-03-04	lld	Val Badia standard of Ladin
variant	valencia							2007-03-06	ca	Valencian
variant	vallader							2010-06-29	rm	Vallader idiom of Romansh
variant	vecdruka							2020-09-26	lv	Latvian orthography used before 1920s ("vecā druka")
variant	viennese							2025-06-22	de	The Viennese dialect of German
variant	vivaraup							2018-04-22	oc	Vivaro-Alpine
variant	wadegile							2008-10-03	zh-Latn	Wade-Giles romanization
variant	xsistemo							2017-03-14	eo	Standard X-system orthographic fallback for spelling Esperanto
grandfathered		art-lojban	jbo				2003-09-02	2001-11-11		Lojban
grandfathered		cel-gaulish					2015-03-29	2001-05-25		Gaulish
grandfathered		en-GB-oed	en-GB-oxendict				2015-04-17	2003-07-09		English, Oxford English Dictionary spelling
grandfathered		i-ami	ami				2009-07-29	1999-05-25		Amis
grandfathered		i-bnn	bnn				2009-07-29	1999-05-25		Bunun
grandfathered		i-default						1998-03-10		Default Language
grandfathered		i-enochian					2015-03-29	2002-07-03		Enochian
grandfathered		i-hak	hak				2000-01-10	1999-01-31		Hakka
grandfathered		i-klingon	tlh				2004-02-24	1999-05-26		Klingon
grandfathered		i-lux	lb				1998-09-09	1997-09-19		Luxembourgish
grandfathered		i-mingo						1997-09-19		Mingo
grandfathered		i-navajo	nv				2000-02-18	1997-09-19		Navajo
grandfathered		i-pwn	pwn				2009-07-29	1999-05-25		Paiwan
grandfathered		i-tao	tao				2009-07-29	1999-05-25		Tao
grandfathered		i-tay	tay				2009-07-29	1999-05-25		Tayal
grandfathered		i-tsu	tsu				2009-07-29	1999-05-25		Tsou
grandfathered		no-bok	nb				2000-02-18	1995-08-23		Norwegian Bokmal
grandfathered		no-nyn	nn				2000-02-18	1995-08-23		Norwegian Nynorsk
grandfathered		sgn-BE-FR	sfb				2009-07-29	2001-11-11		Belgian-French Sign Language
grandfathered		sgn-BE-NL	vgt				2009-07-29	2001-11-11		Belgian-Flemish Sign Language
grandfathered		sgn-CH-DE	sgg				2009-07-29	2001-11-11		Swiss German Sign Language
grandfathered		zh-guoyu	cmn				2005-07-15	1999-12-18		Mandarin or Standard Chinese
grandfathered		zh-hakka	hak				2009-07-29	1999-12-18		Hakka
grandfathered		zh-min					2009-07-29	1999-12-18		Min, Fuzhou, Hokkien, Amoy, or Taiwanese
grandfathered		zh-min-nan	nan				2009-07-29	2001-03-26		Minnan, Hokkien, Amoy, Taiwanese, Southern Min, Southern Fujian, Hoklo, Southern Fukien, Ho-lo
grandfathered		zh-xiang	hsn				2009-07-29	1999-12-18		Xiang or Hunanese
redundant		az-Arab						2003-05-30		Azerbaijani in Arabic script
redundant		az-Cyrl						2003-05-30		Azerbaijani in Cyrillic script
redundant		az-Latn						2003-05-30		Azerbaijani in Latin script
redundant		be-Latn						2005-01-06		Belarusian in Latin script
redundant		bs-Cyrl						2005-02-17		Bosnian in Cyrillic script
redundant		bs-Latn						2005-02-17		Bosnian in Latin script
redundant		de-1901						2001-07-17		German, traditional orthography
redundant		de-1996						2001-07-17		German, orthography of 1996
redundant		de-AT-1901						2001-07-17		German, Austrian variant, traditional orthography
redundant		de-AT-1996						2001-07-17		German, Austrian variant, orthography of 1996
redundant		de-CH-1901						2001-07-17		German, Swiss variant, traditional orthography
redundant		de-CH-1996						2001-07-17		German, Swiss variant, orthography of 1996
redundant		de-DE-1901						2001-07-17		German, German variant, traditional orthography
redundant		de-DE-1996						2001-07-17		German, German variant, orthography of 1996
redundant		en-boont						2003-02-14		Boontling
redundant		en-scouse						2000-05-25		Scouse
redundant		es-419						2005-07-15		Latin American Spanish
redundant		iu-Cans						2005-02-17		Inuktitut in Canadian Aboriginal Syllabic script
redundant		iu-Latn						2005-02-17		Inuktitut in Latin script
redundant		mn-Cyrl						2005-02-17		Mongolian in Cyrillic script
redundant		mn-Mong						2005-02-17		Mongolian in Mongolian script
redundant		sgn-BR	bzs				2009-07-29	2001-11-11		Brazilian Sign Language
redundant		sgn-CO	csn				2009-07-29	2001-11-11		Colombian Sign Language
redundant		sgn-DE	gsg				2009-07-29	2001-11-11		German Sign Language
redundant		sgn-DK	dsl				2009-07-29	2001-11-11		Danish Sign Language
redundant		sgn-ES	ssp				2009-07-29	2001-11-11		Spanish Sign Language
redundant		sgn-FR	fsl				2009-07-29	2001-11-11		French Sign Language
redundant		sgn-GB	bfi				2009-07-29	2001-03-02		British Sign Language
redundant		sgn-GR	gss				2009-07-29	2001-11-11		Greek Sign Language
redundant		sgn-IE	isg				2009-07-29	2001-03-02		Irish Sign Language
redundant		sgn-IT	ise				2009-07-29	2001-11-11		Italian Sign Language
redundant		sgn-JP	jsl				2009-07-29	2001-11-11		Japanese Sign Language
redundant		sgn-MX	mfs				2009-07-29	2001-11-11		Mexican Sign Language
redundant		sgn-NI	ncs				2009-07-29	2001-03-02		Nicaraguan Sign Language
redundant		sgn-NL	dse				2009-07-29	2001-11-11		Dutch Sign Language
redundant		sgn-NO	nsl				2009-07-29	2001-11-11		Norwegian Sign Language
redundant		sgn-PT	psr				2009-07-29	2001-11-11		Portuguese Sign Language
redundant		sgn-SE	swl				2009-07-29	2001-11-11		Swedish Sign Language
redundant		sgn-US	ase				2009-07-29	2001-03-02		American Sign Language
redundant		sgn-ZA	sfs				2009-07-29	2001-11-11		South African Sign Language
redundant		sl-nedis						2004-06-01		Natisone dialect, Nadiza dialect
redundant		sl-rozaj						2003-10-09		Resian, Resianic, Rezijan
redundant		sr-Cyrl						2003-05-30		Serbian in Cyrillic script
redundant		sr-Latn						2003-05-30		Serbian in Latin script
redundant		tg-Arab						2005-02-17		Tajik in Arabic script
redundant		tg-Cyrl						2005-02-17		Tajik in Cyrillic script
redundant		uz-Cyrl						2003-05-30		Uzbek in Cyrillic script
redundant		uz-Latn						2003-05-30		Uzbek in Latin script
redundant		yi-Latn						2003-01-07		Yiddish, in Latin script
redundant		zh-cmn	cmn				2009-07-29	2005-07-15		Mandarin Chinese
redundant		zh-cmn-Hans	cmn-Hans				2009-07-29	2005-07-15		Mandarin Chinese (Simplified)
redundant		zh-cmn-Hant	cmn-Hant				2009-07-29	2005-07-15		Mandarin Chinese (Traditional)
redundant		zh-gan	gan				2009-07-29	1999-12-18		Kan or Gan
redundant		zh-Hans						2003-05-30		simplified Chinese
redundant		zh-Hans-CN						2005-04-13		PRC Mainland Chinese in simplified script
redundant		zh-Hans-HK						2005-04-11		Hong Kong Chinese in simplified script
redundant		zh-Hans-MO						2005-04-11		Macao Chinese in simplified script
redundant		zh-Hans-SG						2005-04-11		Singapore Chinese in simplified script
redundant		zh-Hans-TW						2005-04-11		Taiwan Chinese in simplified script
redundant		zh-Hant						2003-05-30		traditional Chinese
redundant		zh-Hant-CN						2005-04-13		PRC Mainland Chinese in traditional script
redundant		zh-Hant-HK						2005-04-11		Hong Kong Chinese in traditional script
redundant		zh-Hant-MO						2005-04-11		Macao Chinese in traditional script
redundant		zh-Hant-SG						2005-04-11		Singapore Chinese in traditional script
redundant		zh-Hant-TW						2005-04-11		Taiwan Chinese in traditional script
redundant		zh-wuu	wuu				2009-07-29	1999-12-18		Shanghaiese or Wu
redundant		zh-yue	yue				2009-07-29	1999-12-18		Cantonese
